1812.788945 177.512024
1813.201082 193.510064
1813.613219 208.102288
1814.025356 193.489372
1814.437493 206.089266
1814.849630 182.064035
1815.261767 185.812508
1815.673904 200.138671
1816.086041 204.883885
1816.498178 198.429215
1816.910315 184.523486
1817.322452 203.118310
1817.734589 178.960048
1818.146726 183.987811
1818.558863 195.675481
1818.971000 183.800387
1819.383137 203.497060
1819.795274 188.263352
1820.207411 194.093251
1820.619548 181.733548
1821.031685 179.684923
1821.443822 186.180125
1821.855959 192.637972
1822.268096 198.390134
1822.680233 189.730666
1823.092370 196.597838
1823.504507 179.034907
1823.916644 181.500063
1824.328781 185.731619
1824.740918 176.983880
1825.153055 179.405226
1825.565193 177.183264
1825.977330 182.457172
1826.389467 189.034664
1826.801604 180.687543
1827.213741 179.009437
1827.625878 182.123357
1828.038015 205.821229
1828.450152 199.408592
1828.862289 194.832237
1829.274426 195.503745
1829.686563 189.154409
1830.098700 187.276945
1830.510837 172.462669
1830.922974 171.749954
1831.335111 178.556753
1831.747248 201.251629
1832.159385 185.908684
1832.571522 177.959604
1832.983659 188.142982
1833.395796 195.452780
1833.807933 186.995246
1834.220070 171.686078
1834.632207 174.941811
1835.044344 194.710841
1835.456481 183.649242
1835.868618 194.965493
1836.280755 182.990820
1836.692892 174.881613
1837.105029 182.680224
1837.517166 176.837089
1837.929303 183.584916
1838.341440 161.790729
1838.753577 175.406154
1839.165714 172.362215
1839.577851 187.599776
1839.989988 188.621987
1840.402125 196.859921
1840.814262 181.797298
1841.226399 186.706567
1841.638536 188.619585
1842.050673 182.110747
1842.462810 182.605564
1842.874947 193.965200
1843.287084 189.291468
1843.699221 180.415828
1844.111358 188.681209
1844.523495 185.137448
1844.935632 180.822450
1845.347769 187.971746
1845.759906 172.498398
1846.172043 173.577403
1846.584180 190.790607
1846.996317 183.138162
1847.408454 183.561823
1847.820591 165.069130
1848.232728 185.491278
1848.644865 181.655661
1849.057002 178.133442
1849.469139 194.662102
1849.881276 205.769613
1850.293413 200.439235
1850.705550 181.006596
1851.117688 183.185800
1851.529825 178.971507
1851.941962 187.636455
1852.354099 190.986912
1852.766236 175.528626
1853.178373 172.968646
1853.590510 188.772556
1854.002647 186.236645
1854.414784 175.901222
1854.826921 176.482433
1855.239058 186.089102
1855.651195 185.699293
1856.063332 173.268583
1856.475469 175.358466
1856.887606 188.377142
1857.299743 182.854537
1857.711880 186.939852
1858.124017 192.931555
1858.536154 190.963344
1858.948291 183.206291
1859.360428 189.363650
1859.772565 188.327778
1860.184702 183.652820
1860.596839 187.434970
1861.008976 167.878683
1861.421113 170.068320
1861.833250 182.729087
1862.245387 167.273003
1862.657524 163.501912
1863.069661 182.225463
1863.481798 186.452090
1863.893935 181.240857
1864.306072 182.980061
1864.718209 198.598400
1865.130346 189.506488
1865.542483 192.460256
1865.954620 191.582109
1866.366757 185.449295
1866.778894 181.549977
1867.191031 177.522483
1867.603168 187.356683
1868.015305 187.673184
1868.427442 179.198037
1868.839579 192.444343
1869.251716 185.961026
1869.663853 189.311483
1870.075990 186.005136
1870.488127 185.308583
1870.900264 182.199692
1871.312401 180.781518
1871.724538 186.250806
1872.136675 173.662021
1872.548812 182.231993
1872.960949 180.811391
1873.373086 191.128800
1873.785223 189.696539
1874.197360 171.763965
1874.609497 182.255937
1875.021634 188.389702
1875.433771 187.828182
1875.845908 183.370721
1876.258046 178.870227
1876.670183 188.925477
1877.082320 182.134441
1877.494457 183.079766
1877.906594 197.933672
1878.318731 192.491506
1878.730868 183.692301
1879.143005 186.988441
1879.555142 188.176733
1879.967279 210.816266
1880.379416 193.748903
1880.791553 188.875663
1881.203690 196.630839
1881.615827 201.785578
1882.027964 205.858058
1882.440101 193.930297
1882.852238 200.998779
1883.264375 199.867656
1883.676512 207.225292
1884.088649 208.582569
1884.500786 218.640171
1884.912923 206.152892
1885.325060 202.674182
1885.737197 202.525765
1886.149334 205.568303
1886.561471 219.648771
1886.973608 219.893891
1887.385745 216.798686
1887.797882 215.663560
1888.210019 224.661948
1888.622156 223.174668
1889.034293 224.000798
1889.446430 225.857846
1889.858567 226.783606
1890.270704 223.753878
1890.682841 235.298685
1891.094978 242.408699
1891.507115 240.433558
1891.919252 237.274277
1892.331389 243.966685
1892.743526 235.504098
1893.155663 232.837057
1893.567800 236.168274
1893.979937 230.429748
1894.392074 241.277502
1894.804211 238.416833
1895.216348 255.169221
1895.628485 232.972114
1896.040622 234.022798
1896.452759 237.648023
1896.864896 239.515354
1897.277033 238.886130
1897.689170 230.968225
1898.101307 236.294074
1898.513444 234.057475
1898.925581 229.830372
1899.337718 225.638147
1899.749855 231.606906
1900.161992 230.488694
1900.574129 228.489959
1900.986266 231.100179
1901.398403 242.714116
1901.810541 237.788535
1902.222678 233.879709
1902.634815 247.670498
1903.046952 242.671708
1903.459089 250.813516
1903.871226 262.293446
1904.283363 253.972121
1904.695500 259.079647
1905.107637 266.738847
1905.519774 266.728439
1905.931911 266.377511
1906.344048 271.790154
1906.756185 276.905962
1907.168322 277.378587
1907.580459 283.071852
1907.992596 287.352448
1908.404733 277.570764
1908.816870 293.724477
1909.229007 295.030963
1909.641144 281.792638
1910.053281 287.013854
1910.465418 280.537817
1910.877555 286.886178
1911.289692 281.076770
1911.701829 287.972264
1912.113966 286.328586
1912.526103 278.313678
1912.938240 269.744782
1913.350377 273.258093
1913.762514 268.015385
1914.174651 250.478725
1914.586788 248.343056
1914.998925 240.996254
1915.411062 241.965448
1915.823199 238.900066
1916.235336 234.860637
1916.647473 228.004974
1917.059610 231.055169
1917.471747 227.443654
1917.883884 233.597285
1918.296021 231.723324
1918.708158 226.787234
1919.120295 218.601366
1919.532432 214.029790
1919.944569 212.707966
1920.356706 207.246985
1920.768843 205.870818
1921.180980 208.704666
1921.593117 208.022800
1922.005254 199.915644
1922.417391 188.915169
1922.829528 201.149848
1923.241665 197.817330
1923.653802 203.783963
1924.065939 202.830306
1924.478076 188.014204
1924.890213 191.179915
1925.302350 198.851450
1925.714487 199.791021
1926.126624 201.836743
1926.538761 199.412595
1926.950898 185.896750
1927.363036 172.702034
1927.775173 148.816714
1928.187310 124.776846
1928.599447 135.058151
1929.011584 147.151618
1929.423721 174.937958
1929.835858 185.867051
1930.247995 182.893343
1930.660132 183.028425
1931.072269 185.412991
1931.484406 177.027965
1931.896543 177.393680
1932.308680 183.441728
1932.720817 183.810045
1933.132954 179.530050
1933.545091 175.124981
1933.957228 172.852979
1934.369365 166.309163
1934.781502 169.548658
1935.193639 176.043810
1935.605776 166.429734
1936.017913 171.378609
1936.430050 169.010831
1936.842187 172.056422
1937.254324 167.936604
1937.666461 166.610678
1938.078598 165.798909
1938.490735 162.686540
1938.902872 161.572356
1939.315009 162.211113
1939.727146 163.045074
1940.139283 165.794880
1940.551420 163.635643
1940.963557 166.132573
1941.375694 157.557046
1941.787831 160.087303
1942.199968 159.525883
1942.612105 160.360470
1943.024242 159.868780
1943.436379 159.714808
1943.848516 165.405121
1944.260653 161.361664
1944.672790 156.445640
1945.084927 157.177520
1945.497064 153.457770
1945.909201 155.637774
1946.321338 157.676191
1946.733475 157.238969
1947.145612 156.215257
1947.557749 155.991655
1947.969886 157.592650
1948.382023 158.622717
1948.794160 156.864797
1949.206297 158.822900
1949.618434 153.633059
1950.030571 157.494922
1950.442708 154.419983
1950.854845 149.189459
1951.266982 154.520238
1951.679119 159.388349
1952.091256 156.003139
1952.503394 146.695856
1952.915531 139.443704
1953.327668 139.264887
1953.739805 149.535033
1954.151942 149.794739
1954.564079 150.676214
1954.976216 158.076183
1955.388353 153.578991
1955.800490 156.392498
1956.212627 150.761481
1956.624764 149.086328
1957.036901 157.777997
1957.449038 160.122631
1957.861175 152.927449
1958.273312 147.170633
1958.685449 147.574053
1959.097586 141.002441
1959.509723 109.957942
1959.921860 79.157261
1960.333997 80.018444
1960.746134 102.158255
1961.158271 123.564259
1961.570408 139.986410
1961.982545 148.167549
1962.394682 153.546040
1962.806819 157.132760
1963.218956 155.220743
1963.631093 155.090890
1964.043230 150.777319
1964.455367 145.732968
1964.867504 147.969442
1965.279641 148.249088
1965.691778 146.971175
1966.103915 151.938240
1966.516052 142.423968
1966.928189 150.319931
1967.340326 144.395257
1967.752463 150.121298
1968.164600 152.424050
1968.576737 149.399601
1968.988874 146.451338
1969.401011 146.182900
1969.813148 147.462840
1970.225285 146.098157
1970.637422 146.429495
1971.049559 147.265133
1971.461696 143.208640
1971.873833 147.198005
1972.285970 153.644468
1972.698107 148.836079
1973.110244 146.256558
1973.522381 144.104726
1973.934518 147.042607
1974.346655 147.438971
1974.758792 147.018287
1975.170929 142.257936
1975.583066 147.050988
1975.995203 146.075414
1976.407340 140.511076
1976.819477 134.372332
1977.231614 143.835037
1977.643751 142.512713
1978.055889 143.993438
1978.468026 142.285583
1978.880163 144.789044
1979.292300 140.210613
1979.704437 137.375088
1980.116574 141.182884
1980.528711 142.523947
1980.940848 139.969521
1981.352985 146.254732
1981.765122 144.658040
1982.177259 142.978383
1982.589396 145.882036
1983.001533 147.706233
1983.413670 143.963164
1983.825807 146.400847
1984.237944 149.257588
1984.650081 150.310123
1985.062218 148.273183
1985.474355 142.332971
1985.886492 144.433287
1986.298629 147.262306
1986.710766 151.084237
1987.122903 149.468306
1987.535040 144.324300
1987.947177 148.467612
1988.359314 146.253756
1988.771451 141.805453
1989.183588 144.284644
1989.595725 145.158537
1990.007862 143.239040
1990.419999 149.650650
1990.832136 144.168752
1991.244273 139.433096
1991.656410 143.542806
1992.068547 144.547828
1992.480684 144.028141
1992.892821 138.803046
1993.304958 146.396219
1993.717095 143.158926
1994.129232 137.268054
1994.541369 135.150924
1994.953506 139.706262
1995.365643 138.724984
1995.777780 145.341207
1996.189917 146.227335
1996.602054 147.546506
1997.014191 145.240177
1997.426328 150.332966
1997.838465 147.043732
1998.250602 153.083848
1998.662739 145.961899
1999.074876 143.427864
1999.487013 148.230173
1999.899150 149.527202
2000.311287 143.108061
2000.723424 142.715950
2001.135561 145.879634
2001.547698 147.250647
2001.959835 141.222115
2002.371972 148.397681
2002.784109 140.572199
2003.196247 143.173813
2003.608384 143.144390
2004.020521 146.713871
2004.432658 147.474099
2004.844795 134.963250
2005.256932 142.507835
2005.669069 146.794735
2006.081206 148.325624
2006.493343 150.900592
2006.905480 138.558927
2007.317617 141.854016
2007.729754 146.822107
2008.141891 150.010511
2008.554028 143.447855
2008.966165 139.263787
2009.378302 139.960964
2009.790439 139.763083
2010.202576 138.511865
2010.614713 140.130749
2011.026850 139.836616
2011.438987 142.296367
2011.851124 141.816511
2012.263261 145.466957
2012.675398 142.822534
2013.087535 135.448936
2013.499672 138.802721
2013.911809 144.093467
2014.323946 148.252591
2014.736083 141.920644
2015.148220 139.128004
2015.560357 138.571362
2015.972494 141.393551
2016.384631 144.146559
2016.796768 135.224132
2017.208905 141.815010
2017.621042 136.694223
2018.033179 135.476858
2018.445316 139.812247
2018.857453 140.864056
2019.269590 142.501154
2019.681727 138.659107
2020.093864 141.883239
2020.506001 136.281521
2020.918138 134.402681
2021.330275 138.488396
2021.742412 129.427885
2022.154549 140.901611
2022.566686 141.134871
2022.978823 138.863119
2023.390960 137.693091
2023.803097 139.049742
2024.215234 134.099941
2024.627371 142.467252
2025.039508 138.248181
2025.451645 134.795242
2025.863782 139.457615
2026.275919 134.325745
2026.688056 136.047385
2027.100193 134.656707
2027.512330 139.671610
2027.924467 133.377443
2028.336604 130.809306
2028.748742 134.331950
2029.160879 140.227151
2029.573016 140.077157
2029.985153 135.641488
2030.397290 135.815151
2030.809427 142.527650
2031.221564 134.459926
2031.633701 135.684122
2032.045838 138.318337
2032.457975 142.308877
2032.870112 143.941797
2033.282249 144.267430
2033.694386 133.803781
2034.106523 128.685821
2034.518660 132.161703
2034.930797 141.083730
2035.342934 139.618118
2035.755071 140.803733
2036.167208 137.836204
2036.579345 136.635277
2036.991482 134.368454
2037.403619 142.055151
2037.815756 138.432627
2038.227893 139.529848
2038.640030 137.852767
2039.052167 140.211713
2039.464304 137.386072
2039.876441 137.255293
2040.288578 137.827197
2040.700715 135.192657
2041.112852 134.531033
2041.524989 139.806342
2041.937126 141.738624
2042.349263 133.663069
2042.761400 137.283641
2043.173537 138.605039
2043.585674 137.843610
2043.997811 137.043150
2044.409948 136.822650
2044.822085 134.795642
2045.234222 138.357768
2045.646359 141.863649
2046.058496 134.960548
2046.470633 138.067838
2046.882770 134.936479
2047.294907 137.590759
2047.707044 129.633498
2048.119181 137.540470
2048.531318 139.416958
2048.943455 140.018860
2049.355592 139.013413
2049.767729 139.927988
2050.179866 136.838188
2050.592003 141.569115
2051.004140 143.654244
2051.416277 142.221482
2051.828414 141.168923
2052.240551 145.269550
2052.652688 138.550020
2053.064825 131.687302
2053.476962 132.063200
2053.889100 137.061690
2054.301237 137.589609
2054.713374 130.492304
2055.125511 133.953950
2055.537648 139.551590
2055.949785 139.015465
2056.361922 135.900169
2056.774059 141.791842
2057.186196 139.855981
2057.598333 135.776170
2058.010470 139.123926
2058.422607 136.652791
2058.834744 137.624711
2059.246881 136.253274
2059.659018 136.100327
2060.071155 137.571194
2060.483292 139.667832
2060.895429 139.141565
2061.307566 143.514808
2061.719703 140.020962
2062.131840 141.404685
2062.543977 140.869235
2062.956114 138.798467
2063.368251 137.589534
2063.780388 137.062065
2064.192525 139.803890
2064.604662 145.198294
2065.016799 138.162838
2065.428936 144.149187
2065.841073 141.428604
2066.253210 141.240104
2066.665347 144.132799
2067.077484 144.831678
2067.489621 146.433674
2067.901758 146.214049
2068.313895 144.576976
2068.726032 145.450644
2069.138169 142.459521
2069.550306 136.379699
2069.962443 141.653007
2070.374580 145.666915
2070.786717 142.049721
2071.198854 139.111991
2071.610991 138.746826
2072.023128 141.589506
2072.435265 140.181840
2072.847402 143.179943
2073.259539 137.666795
2073.671676 139.080316
2074.083813 145.463229
2074.495950 148.640174
2074.908087 145.207626
2075.320224 140.230378
2075.732361 139.702560
2076.144498 143.790727
2076.556635 145.595359
2076.968772 146.104162
2077.380909 142.642091
2077.793046 144.517429
2078.205183 142.204244
2078.617320 144.223120
2079.029457 140.814817
2079.441595 139.200536
2079.853732 141.218712
2080.265869 135.637810
2080.678006 137.031366
2081.090143 139.311174
2081.502280 138.817157
2081.914417 135.871596
2082.326554 142.072214
2082.738691 140.994309
2083.150828 143.989185
2083.562965 141.891521
2083.975102 140.151616
2084.387239 140.264680
2084.799376 140.381623
2085.211513 140.477925
2085.623650 136.328834
2086.035787 139.027074
2086.447924 138.534258
2086.860061 139.135535
2087.272198 141.664941
2087.684335 138.983439
2088.096472 138.117252
2088.508609 134.891343
2088.920746 135.444382
2089.332883 137.090488
2089.745020 141.389673
2090.157157 140.326454
2090.569294 135.214475
2090.981431 138.302324
2091.393568 140.407093
2091.805705 140.041303
2092.217842 135.545963
2092.629979 133.906737
2093.042116 135.863439
2093.454253 143.379126
2093.866390 140.914896
2094.278527 142.494924
2094.690664 138.376207
2095.102801 134.424273
2095.514938 129.085538
2095.927075 137.394829
2096.339212 142.431149
2096.751349 132.859332
2097.163486 135.507457
2097.575623 135.467450
2097.987760 136.480879
2098.399897 138.560654
2098.812034 140.474897
2099.224171 133.727370
2099.636308 134.525203
2100.048445 137.087660
2100.460582 134.495179
2100.872719 137.680531
2101.284856 138.831293
2101.696993 138.836297
2102.109130 132.108486
2102.521267 137.140127
2102.933404 134.825916
2103.345541 137.120587
2103.757678 137.063166
2104.169815 132.745666
2104.581953 136.952578
2104.994090 126.885668
2105.406227 133.585082
2105.818364 136.376121
2106.230501 134.564534
2106.642638 129.622039
2107.054775 130.891170
2107.466912 129.618311
2107.879049 131.363570
2108.291186 134.242028
2108.703323 134.126312
2109.115460 136.465317
2109.527597 134.686756
2109.939734 132.089046
2110.351871 130.245759
2110.764008 131.112171
2111.176145 131.758133
2111.588282 132.120370
2112.000419 134.879509
2112.412556 131.837121
2112.824693 131.236670
2113.236830 133.798527
2113.648967 128.980680
2114.061104 129.738431
2114.473241 131.582544
2114.885378 130.249937
2115.297515 125.673707
2115.709652 128.223204
2116.121789 131.149801
2116.533926 130.628262
2116.946063 129.655841
2117.358200 134.174650
2117.770337 129.946621
2118.182474 130.694339
2118.594611 127.090306
2119.006748 127.808650
2119.418885 128.293535
2119.831022 124.617619
2120.243159 126.029414
2120.655296 129.290676
2121.067433 133.745309
2121.479570 126.030840
2121.891707 123.439610
2122.303844 127.532531
2122.715981 128.618818
2123.128118 127.466854
2123.540255 123.241778
2123.952392 125.100152
2124.364529 124.860237
2124.776666 129.273187
2125.188803 128.082643
2125.600940 124.426568
2126.013077 123.014748
2126.425214 125.813193
2126.837351 114.513105
2127.249488 99.263184
2127.661625 92.726099
2128.073762 94.598559
2128.485899 104.559310
2128.898036 117.728855
2129.310173 123.501709
2129.722310 120.429047
2130.134448 125.857778
2130.546585 121.164305
2130.958722 118.679134
2131.370859 118.223823
2131.782996 122.686037
2132.195133 123.791189
2132.607270 126.608574
2133.019407 125.242465
2133.431544 123.419569
2133.843681 122.907588
2134.255818 120.843501
2134.667955 125.758574
2135.080092 126.724591
2135.492229 124.834717
2135.904366 125.749317
2136.316503 124.196335
2136.728640 119.695640
2137.140777 117.915654
2137.552914 116.246755
2137.965051 102.998421
2138.377188 85.496364
2138.789325 69.210672
2139.201462 68.479442
2139.613599 87.954639
2140.025736 109.268069
2140.437873 122.223896
2140.850010 125.837537
2141.262147 123.878208
2141.674284 124.839971
2142.086421 124.059652
2142.498558 127.866471
2142.910695 127.669065
2143.322832 127.340104
2143.734969 126.861749
2144.147106 121.445603
2144.559243 119.009546
2144.971380 118.853598
2145.383517 121.862609
2145.795654 123.408360
2146.207791 124.227685
2146.619928 127.009817
2147.032065 126.897753
2147.444202 124.526822
2147.856339 122.398334
2148.268476 124.565303
2148.680613 122.096495
2149.092750 122.135476
2149.504887 123.753034
2149.917024 121.178642
2150.329161 123.357270
2150.741298 123.417092
2151.153435 122.780562
2151.565572 124.948657
2151.977709 126.146107
2152.389846 124.144569
2152.801983 122.882143
2153.214120 120.945432
2153.626257 121.261432
2154.038394 121.157600
2154.450531 120.401375
2154.862668 121.302090
2155.274805 122.904135
2155.686943 123.218760
2156.099080 122.735752
2156.511217 123.994050
2156.923354 120.976006
2157.335491 124.077041
2157.747628 119.269753
2158.159765 118.806810
2158.571902 117.422562
2158.984039 120.637888
2159.396176 116.354515
2159.808313 116.395273
2160.220450 118.439094
2160.632587 118.789146
2161.044724 122.870734
2161.456861 123.639293
2161.868998 122.561964
2162.281135 123.309832
2162.693272 123.508840
2163.105409 122.684261
2163.517546 124.175844
2163.929683 122.565292
2164.341820 121.770386
2164.753957 120.997898
2165.166094 123.570164
2165.578231 120.345531
2165.990368 119.401207
2166.402505 123.649652
2166.814642 119.952044
2167.226779 122.477472
2167.638916 124.119199
2168.051053 121.404721
2168.463190 118.562692
2168.875327 122.556084
2169.287464 120.606713
2169.699601 119.519250
2170.111738 120.295766
2170.523875 121.350928
2170.936012 121.279847
2171.348149 118.629119
2171.760286 118.475948
2172.172423 121.015087
2172.584560 120.204644
2172.996697 122.774432
2173.408834 118.929333
2173.820971 118.702728
2174.233108 117.372898
2174.645245 116.876279
2175.057382 118.296881
2175.469519 117.849026
2175.881656 119.091811
2176.293793 119.992076
2176.705930 117.779896
2177.118067 117.622996
2177.530204 121.771387
2177.942341 120.901322
2178.354478 115.617431
2178.766615 117.286329
2179.178752 115.617381
2179.590889 119.513596
2180.003026 120.932597
2180.415163 119.996979
2180.827301 119.840906
2181.239438 121.150094
2181.651575 119.285865
2182.063712 117.453637
2182.475849 121.497620
2182.887986 120.566531
2183.300123 117.347328
2183.712260 115.132196
2184.124397 114.878119
2184.536534 113.262037
2184.948671 113.718700
2185.360808 116.527502
2185.772945 120.690905
2186.185082 117.971373
2186.597219 116.881058
2187.009356 120.177798
2187.421493 116.658907
2187.833630 115.236854
2188.245767 115.791419
2188.657904 118.502694
2189.070041 121.501097
2189.482178 117.518363
2189.894315 113.627252
2190.306452 109.059679
2190.718589 109.435102
2191.130726 114.880146
2191.542863 120.027454
2191.955000 119.697967
2192.367137 116.983514
2192.779274 118.346345
2193.191411 115.170126
2193.603548 114.076008
2194.015685 115.778283
2194.427822 118.040127
2194.839959 117.582965
2195.252096 115.154488
2195.664233 114.129300
2196.076370 114.030472
2196.488507 114.159424
2196.900644 115.878613
2197.312781 115.420349
2197.724918 113.245174
2198.137055 113.292186
2198.549192 109.181826
2198.961329 110.854328
2199.373466 115.191668
2199.785603 115.477970
2200.197740 112.459075
2200.609877 113.253406
2201.022014 113.922837
2201.434151 112.621855
2201.846288 112.405283
2202.258425 111.692718
2202.670562 114.987156
2203.082699 118.137630
2203.494836 116.752231
2203.906973 111.653211
2204.319110 111.136176
2204.731247 111.266730
2205.143384 112.337529
2205.555521 114.535748
2205.967658 112.797069
2206.379796 112.921192
2206.791933 111.306011
2207.204070 108.927199
2207.616207 111.637023
2208.028344 112.718031
2208.440481 112.734419
2208.852618 109.118201
2209.264755 115.068220
2209.676892 115.092114
2210.089029 112.196742
2210.501166 112.109348
2210.913303 113.747297
2211.325440 112.492877
2211.737577 115.686611
2212.149714 114.873215
2212.561851 116.045020
2212.973988 116.095360
2213.386125 114.916700
2213.798262 116.552572
2214.210399 113.817628
2214.622536 111.133374
2215.034673 111.931207
2215.446810 114.171759
2215.858947 113.810623
2216.271084 111.115235
2216.683221 114.152719
2217.095358 113.064005
2217.507495 113.482137
2217.919632 115.300429
2218.331769 115.380693
2218.743906 116.237648
2219.156043 115.783437
2219.568180 116.492725
2219.980317 116.456696
2220.392454 114.185670
2220.804591 109.186430
2221.216728 109.361669
2221.628865 112.765719
2222.041002 116.826139
2222.453139 109.739844
2222.865276 106.955260
2223.277413 112.242153
2223.689550 116.468230
2224.101687 115.076101
2224.513824 117.662303
2224.925961 116.252359
2225.338098 113.813074
2225.750235 111.579603
2226.162372 111.997960
2226.574509 115.894776
2226.986646 112.613273
2227.398783 112.539014
2227.810920 110.758051
2228.223057 112.142099
2228.635194 117.713318
2229.047331 116.572213
2229.459468 115.723865
2229.871605 111.737353
2230.283742 111.585057
2230.695879 111.580454
2231.108016 113.133911
2231.520154 111.981722
2231.932291 112.011696
2232.344428 110.096452
2232.756565 107.307514
2233.168702 114.313371
2233.580839 114.059195
2233.992976 112.822314
2234.405113 110.866863
2234.817250 110.264385
2235.229387 111.037023
2235.641524 112.961949
2236.053661 111.401211
2236.465798 110.152521
2236.877935 106.375075
2237.290072 110.523365
2237.702209 109.501830
2238.114346 108.791742
2238.526483 108.004092
2238.938620 107.800480
2239.350757 112.474062
2239.762894 112.625007
2240.175031 108.631690
2240.587168 110.033602
2240.999305 113.006835
2241.411442 111.343215
2241.823579 110.647864
2242.235716 110.216171
2242.647853 109.191809
2243.059990 111.098521
2243.472127 111.627866
2243.884264 113.198437
2244.296401 112.370680
2244.708538 106.788553
2245.120675 110.898288
2245.532812 110.309546
2245.944949 110.632552
2246.357086 111.917446
2246.769223 113.124103
2247.181360 112.014148
2247.593497 114.535873
2248.005634 113.249878
2248.417771 111.770454
2248.829908 108.312136
2249.242045 110.353180
2249.654182 110.813545
2250.066319 111.218992
2250.478456 112.114052
2250.890593 114.987381
2251.302730 112.583699
2251.714867 112.777978
2252.127004 113.649795
2252.539141 114.820624
2252.951278 113.132535
2253.363415 113.420488
2253.775552 110.870265
2254.187689 107.170306
2254.599826 109.625378
2255.011963 113.713070
2255.424100 110.243668
2255.836237 112.499182
2256.248374 112.735945
2256.660511 114.466418
2257.072649 110.969844
2257.484786 113.663631
2257.896923 111.382046
2258.309060 113.544787
2258.721197 111.304460
2259.133334 109.913231
2259.545471 111.810511
2259.957608 114.259754
2260.369745 114.696100
2260.781882 111.277413
2261.194019 115.758392
2261.606156 113.001030
2262.018293 111.448899
2262.430430 112.039468
2262.842567 114.724648
2263.254704 114.698552
2263.666841 111.137652
2264.078978 111.990929
2264.491115 113.334495
2264.903252 113.106714
2265.315389 111.121615
2265.727526 112.615299
2266.139663 112.421596
2266.551800 112.954518
2266.963937 110.051316
2267.376074 108.519801
2267.788211 110.963364
2268.200348 112.655581
2268.612485 112.596960
2269.024622 108.384669
2269.436759 111.123541
2269.848896 110.820075
2270.261033 111.988477
2270.673170 110.574155
2271.085307 111.545251
2271.497444 113.511610
2271.909581 116.232844
2272.321718 116.289013
2272.733855 117.329589
2273.145992 113.063355
2273.558129 115.293173
2273.970266 115.754339
2274.382403 114.682489
2274.794540 113.828161
2275.206677 115.763296
2275.618814 114.640356
2276.030951 115.674401
2276.443088 113.286207
2276.855225 112.434981
2277.267362 116.058105
2277.679499 114.887627
2278.091636 117.692426
2278.503773 112.928548
2278.915910 115.986148
2279.328047 114.064324
2279.740184 114.359458
2280.152321 111.314142
2280.564458 108.855893
2280.976595 113.298691
2281.388732 117.227258
2281.800869 117.123000
2282.213007 114.572051
2282.625144 119.053606
2283.037281 117.582714
2283.449418 118.851246
2283.861555 115.444944
2284.273692 117.778345
2284.685829 115.675201
2285.097966 113.012690
2285.510103 113.978456
2285.922240 112.041795
2286.334377 116.732865
2286.746514 116.902500
2287.158651 115.856645
2287.570788 117.360113
2287.982925 116.637865
2288.395062 113.427344
2288.807199 117.342199
2289.219336 118.486656
2289.631473 116.675070
2290.043610 117.302117
2290.455747 115.004369
2290.867884 113.320859
2291.280021 117.655297
2291.692158 116.766492
2292.104295 118.340415
2292.516432 118.382449
2292.928569 117.980605
2293.340706 117.589095
2293.752843 117.731683
2294.164980 119.907884
2294.577117 119.226518
2294.989254 119.051179
2295.401391 119.191290
2295.813528 117.091900
2296.225665 117.343450
2296.637802 116.887988
2297.049939 113.002306
2297.462076 118.018410
2297.874213 117.052044
2298.286350 116.549320
2298.698487 111.286370
2299.110624 103.809515
2299.522761 83.353665
2299.934898 57.544068
2300.347035 46.220211
2300.759172 48.411749
2301.171309 66.178792
2301.583446 93.837981
2301.995583 109.718702
2302.407720 119.721761
2302.819857 120.933397
2303.231994 123.016324
2303.644131 120.697635
2304.056268 120.501680
2304.468405 120.158032
2304.880542 113.560799
2305.292679 92.279569
2305.704816 71.432234
2306.116953 56.067922
2306.529090 49.574522
2306.941227 69.161207
2307.353364 90.147553
2307.765502 106.720649
2308.177639 116.728087
2308.589776 119.382942
2309.001913 115.058512
2309.414050 115.961604
2309.826187 120.732338
2310.238324 117.108739
2310.650461 117.725953
2311.062598 118.358054
2311.474735 119.667768
2311.886872 117.029351
2312.299009 119.644650
2312.711146 116.896070
2313.123283 117.091049
2313.535420 120.345531
2313.947557 120.924965
2314.359694 116.964224
2314.771831 119.004342
2315.183968 119.036067
2315.596105 119.208279
2316.008242 116.390269
2316.420379 114.964463
2316.832516 113.750975
2317.244653 116.838849
2317.656790 114.884174
2318.068927 121.283750
2318.481064 118.368688
2318.893201 114.138057
2319.305338 116.385515
2319.717475 118.668050
2320.129612 119.420973
2320.541749 119.963878
2320.953886 120.245426
2321.366023 120.670989
2321.778160 120.951361
2322.190297 118.844490
2322.602434 118.592365
2323.014571 119.273130
2323.426708 121.581036
2323.838845 120.858913
2324.250982 120.159083
2324.663119 114.986780
2325.075256 114.141810
2325.487393 117.900867
2325.899530 121.342322
2326.311667 122.674803
2326.723804 122.031493
2327.135941 123.379187
2327.548078 121.734708
2327.960215 120.351361
2328.372352 117.917680
2328.784489 119.051955
2329.196626 117.846424
2329.608763 120.559250
2330.020900 123.558730
2330.433037 124.199788
2330.845174 123.382240
2331.257311 122.893827
2331.669448 123.113727
2332.081585 121.827832
2332.493722 122.182238
2332.905859 121.134732
2333.317997 120.234993
2333.730134 116.955492
2334.142271 118.024090
2334.554408 116.996900
2334.966545 115.989726
2335.378682 114.063723
2335.790819 114.180891
2336.202956 114.185470
2336.615093 115.031116
2337.027230 114.275716
2337.439367 114.534497
2337.851504 117.104710
2338.263641 115.611276
2338.675778 114.367139
2339.087915 112.683704
2339.500052 114.890229
2339.912189 114.672681
2340.324326 115.407039
2340.736463 113.943903
2341.148600 113.540308
2341.560737 117.145718
2341.972874 118.363659
2342.385011 118.247667
2342.797148 112.773825
2343.209285 115.513823
2343.621422 114.690671
2344.033559 113.162183
2344.445696 114.153920
2344.857833 116.678247
2345.269970 114.931587
2345.682107 113.106639
2346.094244 108.176829
2346.506381 107.776236
2346.918518 103.889403
2347.330655 103.717892
2347.742792 107.036199
2348.154929 110.493466
2348.567066 111.114584
2348.979203 111.190694
2349.391340 113.642514
2349.803477 112.896573
2350.215614 115.880815
2350.627751 118.285522
2351.039888 115.271756
2351.452025 115.721838
2351.864162 116.073517
2352.276299 115.494008
2352.688436 114.598923
2353.100573 114.538100
2353.512710 116.689956
2353.924847 116.447714
2354.336984 114.752420
2354.749121 113.813225
2355.161258 114.497968
2355.573395 115.427655
2355.985532 113.288633
2356.397669 109.271397
2356.809806 112.700417
2357.221943 114.700578
2357.634080 115.509695
2358.046217 113.336271
2358.458355 109.319635
2358.870492 113.876900
2359.282629 111.647882
2359.694766 112.784709
2360.106903 111.477972
2360.519040 114.390808
2360.931177 114.060696
2361.343314 109.973954
2361.755451 114.919027
2362.167588 112.120282
2362.579725 111.922400
2362.991862 110.189625
2363.403999 111.769428
2363.816136 114.855326
2364.228273 115.351845
2364.640410 115.075100
2365.052547 113.735188
2365.464684 112.207626
2365.876821 112.850411
2366.288958 110.487662
2366.701095 109.483315
2367.113232 110.480956
2367.525369 109.883908
2367.937506 108.279185
2368.349643 110.943974
2368.761780 114.894207
2369.173917 114.146614
2369.586054 111.955501
2369.998191 110.882600
2370.410328 115.526458
2370.822465 112.858993
2371.234602 111.536068
2371.646739 111.414172
2372.058876 112.187335
2372.471013 113.267066
2372.883150 110.534874
2373.295287 108.663315
2373.707424 113.407378
2374.119561 114.169732
2374.531698 113.537356
2374.943835 108.760542
2375.355972 110.013085
2375.768109 110.406197
2376.180246 112.865548
2376.592383 111.954625
2377.004520 109.884433
2377.416657 111.304560
2377.828794 113.355136
2378.240931 111.985825
2378.653068 111.943166
2379.065205 112.412238
2379.477342 113.296865
2379.889479 112.496230
2380.301616 112.341157
2380.713753 114.668628
2381.125890 112.604916
2381.538027 112.411263
2381.950164 112.740524
2382.362301 112.353567
2382.774438 112.654405
2383.186575 110.360586
2383.598712 113.911903
2384.010850 111.028191
2384.422987 110.057120
2384.835124 108.178005
2385.247261 109.478912
2385.659398 112.924219
2386.071535 113.374552
2386.483672 114.465617
2386.895809 113.146896
2387.307946 112.621429
2387.720083 111.084560
2388.132220 111.918872
2388.544357 114.308192
2388.956494 111.083985
2389.368631 111.048557
2389.780768 110.343948
2390.192905 110.239090
2390.605042 111.644554
2391.017179 112.838101
2391.429316 112.753934
2391.841453 110.121146
2392.253590 113.313753
2392.665727 113.089476
2393.077864 109.635486
2393.490001 111.031393
2393.902138 113.435750
2394.314275 115.983671
2394.726412 111.760897
2395.138549 110.364364
2395.550686 111.484953
2395.962823 111.607800
2396.374960 109.096333
2396.787097 111.295352
2397.199234 112.188111
2397.611371 112.089607
2398.023508 108.214759
2398.435645 112.655131
2398.847782 111.850668
2399.259919 112.336378
2399.672056 111.773181
2400.084193 113.605585
2400.496330 114.371167
2400.908467 115.228547
2401.320604 111.525860
2401.732741 110.971571
2402.144878 111.497763
2402.557015 112.068416
2402.969152 109.233017
2403.381289 113.911853
2403.793426 112.488099
2404.205563 111.714210
2404.617700 109.842400
2405.029837 112.377636
2405.441974 113.534979
2405.854111 113.922686
2406.266248 114.384378
2406.678385 114.280520
2407.090522 113.839495
2407.502659 112.504562
2407.914796 114.176763
2408.326933 112.357745
2408.739070 112.324118
2409.151208 113.963419
2409.563345 112.114602
2409.975482 114.420531
2410.387619 115.276635
2410.799756 115.004595
2411.211893 115.692966
2411.624030 115.693391
2412.036167 114.023341
2412.448304 112.491426
2412.860441 115.770927
2413.272578 117.179320
2413.684715 115.745332
2414.096852 112.390671
2414.508989 115.363679
2414.921126 116.920364
2415.333263 115.946542
2415.745400 118.121142
2416.157537 115.672324
2416.569674 114.525014
2416.981811 114.132703
2417.393948 118.015182
2417.806085 118.141157
2418.218222 118.793825
2418.630359 116.469331
2419.042496 118.397436
2419.454633 119.310685
2419.866770 118.112184
2420.278907 116.381637
2420.691044 117.769663
2421.103181 116.622903
2421.515318 113.935672
2421.927455 114.153545
2422.339592 116.589327
2422.751729 117.254254
2423.163866 120.478361
2423.576003 121.095976
2423.988140 114.343195
2424.400277 116.780753
2424.812414 120.417388
2425.224551 117.285954
2425.636688 117.774241
2426.048825 118.931309
2426.460962 118.082811
2426.873099 114.769533
2427.285236 115.054384
2427.697373 114.619714
2428.109510 115.256169
2428.521647 114.747090
2428.933784 115.230824
2429.345921 116.576742
2429.758058 116.399601
2430.170195 118.089466
2430.582332 118.190046
2430.994469 116.868798
2431.406606 115.501163
2431.818743 113.849678
2432.230880 114.894432
2432.643017 114.918726
2433.055154 114.935290
2433.467291 117.899966
2433.879428 114.899261
2434.291565 116.176699
2434.703703 113.077641
2435.115840 114.178289
2435.527977 113.957514
2435.940114 113.651822
2436.352251 117.799136
2436.764388 114.120018
2437.176525 114.347899
2437.588662 113.608637
2438.000799 112.220636
2438.412936 113.926615
2438.825073 114.713288
2439.237210 115.953197
2439.649347 114.964913
2440.061484 112.997302
2440.473621 111.851944
2440.885758 113.134661
2441.297895 110.438748
2441.710032 111.442619
2442.122169 112.395650
2442.534306 111.850718
2442.946443 110.019691
2443.358580 110.787700
2443.770717 110.798684
2444.182854 114.196879
2444.594991 114.390658
2445.007128 113.862589
2445.419265 113.515038
2445.831402 115.315266
2446.243539 112.044822
2446.655676 112.128613
2447.067813 110.818499
2447.479950 112.446841
2447.892087 109.911430
2448.304224 109.738943
2448.716361 112.744152
2449.128498 112.969230
2449.540635 109.935524
2449.952772 112.410287
2450.364909 111.735151
2450.777046 110.877071
2451.189183 111.600745
2451.601320 113.116797
2452.013457 109.633985
2452.425594 108.010397
2452.837731 110.885202
2453.249868 112.908332
2453.662005 113.784302
2454.074142 113.259335
2454.486279 114.264257
2454.898416 112.681952
2455.310553 111.536319
2455.722690 106.758529
2456.134827 106.723851
2456.546964 109.003059
2456.959101 111.668924
2457.371238 111.336685
2457.783375 111.328729
2458.195512 108.804877
2458.607649 106.731908
2459.019786 108.354420
2459.431923 109.314481
2459.844061 110.373822
2460.256198 110.385030
2460.668335 112.353992
2461.080472 114.699928
2461.492609 113.177971
2461.904746 110.700456
2462.316883 110.762255
2462.729020 111.780888
2463.141157 113.980332
2463.553294 111.830802
2463.965431 112.828919
2464.377568 112.033338
2464.789705 110.230308
2465.201842 108.922796
2465.613979 110.778392
2466.026116 110.633728
2466.438253 111.037973
2466.850390 110.248372
2467.262527 113.270744
2467.674664 111.612454
2468.086801 113.576762
2468.498938 110.628123
2468.911075 110.127276
2469.323212 110.252100
2469.735349 112.010870
2470.147486 114.042056
2470.559623 111.152514
2470.971760 108.084506
2471.383897 110.793554
2471.796034 113.180097
2472.208171 112.460777
2472.620308 109.619523
2473.032445 111.921074
2473.444582 110.873168
2473.856719 107.971716
2474.268856 109.704616
2474.680993 111.105302
2475.093130 110.026696
2475.505267 113.484739
2475.917404 114.831107
2476.329541 113.167112
2476.741678 111.884870
2477.153815 113.312552
2477.565952 112.886089
2477.978089 112.418769
2478.390226 112.764167
2478.802363 111.000393
2479.214500 108.132544
2479.626637 108.925623
2480.038774 111.286345
2480.450911 111.544675
2480.863048 108.222340
2481.275185 108.761418
2481.687322 111.125818
2482.099459 109.745948
2482.511596 106.858934
2482.923733 109.020448
2483.335870 110.180843
2483.748007 109.947709
2484.160144 113.680019
2484.572281 114.340017
2484.984418 110.517035
2485.396556 110.889931
2485.808693 111.582805
2486.220830 111.142156
2486.632967 107.823323
2487.045104 108.560108
2487.457241 110.514383
2487.869378 110.872017
2488.281515 109.720253
2488.693652 109.183978
2489.105789 107.557488
2489.517926 107.693921
2489.930063 110.363563
2490.342200 107.271085
2490.754337 108.935931
2491.166474 108.960150
2491.578611 107.414724
2491.990748 108.161317
2492.402885 109.080596
2492.815022 108.073972
2493.227159 107.534820
2493.639296 107.310792
2494.051433 109.616471
2494.463570 108.921344
2494.875707 109.780376
2495.287844 108.954846
2495.699981 107.979923
2496.112118 106.439151
2496.524255 103.451506
2496.936392 107.261803
2497.348529 108.912988
2497.760666 107.014132
2498.172803 110.976500
2498.584940 109.730436
2498.997077 109.888411
2499.409214 109.348733
2499.821351 107.183116
2500.233488 107.739407
2500.645625 109.338275
2501.057762 110.668280
2501.469899 112.289891
2501.882036 114.537149
2502.294173 110.415204
2502.706310 108.257218
2503.118447 106.728105
2503.530584 110.344123
2503.942721 107.476774
2504.354858 108.332277
2504.766995 111.059941
2505.179132 109.519844
2505.591269 110.848348
2506.003406 111.898581
2506.415543 109.742396
2506.827680 107.406918
2507.239817 106.232186
2507.651954 109.256360
2508.064091 110.392161
2508.476228 109.103614
2508.888365 108.272580
2509.300502 107.759248
2509.712639 108.181032
2510.124776 109.887936
2510.536913 111.319897
2510.949051 111.616257
2511.361188 109.025977
2511.773325 109.413860
2512.185462 109.029055
2512.597599 110.233961
2513.009736 108.558532
2513.421873 108.352643
2513.834010 106.457665
2514.246147 107.760624
2514.658284 108.649329
2515.070421 106.721625
2515.482558 108.853866
2515.894695 109.709945
2516.306832 110.088545
2516.718969 107.019086
2517.131106 107.798779
2517.543243 106.100907
2517.955380 102.608337
2518.367517 106.879150
2518.779654 106.492743
2519.191791 106.148070
2519.603928 107.196777
2520.016065 106.694503
2520.428202 110.074634
2520.840339 106.562799
2521.252476 104.980118
2521.664613 102.474056
2522.076750 101.407510
2522.488887 104.139952
2522.901024 105.002711
2523.313161 107.747288
2523.725298 108.143703
2524.137435 106.332291
2524.549572 106.344100
2524.961709 104.601743
2525.373846 105.638791
2525.785983 107.600222
2526.198120 106.932217
2526.610257 109.228413
2527.022394 107.423631
2527.434531 107.023264
2527.846668 107.355102
2528.258805 104.663042
2528.670942 104.986623
2529.083079 104.934782
2529.495216 105.046921
2529.907353 107.921126
2530.319490 105.707821
2530.731627 107.857426
2531.143764 104.625262
2531.555901 105.568710
2531.968038 104.622385
2532.380175 106.174716
2532.792312 105.511440
2533.204449 105.302624
2533.616586 104.929528
2534.028723 105.068038
2534.440860 104.553080
2534.852997 106.397042
2535.265134 106.606658
2535.677271 107.843389
2536.089409 108.240404
2536.501546 108.689686
2536.913683 106.739564
2537.325820 106.906847
2537.737957 107.640704
2538.150094 109.372377
2538.562231 108.434733
2538.974368 108.283814
2539.386505 105.848482
2539.798642 105.780528
2540.210779 106.837091
2540.622916 105.198867
2541.035053 105.967351
2541.447190 107.238234
2541.859327 108.951193
2542.271464 106.753875
2542.683601 106.441252
2543.095738 106.885630
2543.507875 107.011229
2543.920012 106.117771
2544.332149 104.339035
2544.744286 106.933693
2545.156423 106.052844
2545.568560 104.665594
2545.980697 104.555381
2546.392834 105.323966
2546.804971 104.540520
2547.217108 106.098681
2547.629245 107.552183
2548.041382 106.910750
2548.453519 108.204351
2548.865656 106.176267
2549.277793 105.132714
2549.689930 105.389618
2550.102067 103.005277
2550.514204 104.238230
2550.926341 105.332123
2551.338478 105.631385
2551.750615 105.519721
2552.162752 104.791394
2552.574889 104.573971
2552.987026 103.124822
2553.399163 103.330285
2553.811300 102.673339
2554.223437 102.852205
2554.635574 102.535054
2555.047711 101.569263
2555.459848 102.462546
2555.871985 101.235223
2556.284122 103.084690
2556.696259 103.741636
2557.108396 105.727436
2557.520533 104.671849
2557.932670 103.956606
2558.344807 104.183386
2558.756944 103.145663
2559.169081 103.126148
2559.581218 103.570951
2559.993355 102.596978
2560.405492 104.318494
2560.817629 103.865935
2561.229766 103.832533
2561.641904 102.334195
2562.054041 103.839539
2562.466178 104.615204
2562.878315 102.366320
2563.290452 103.555038
2563.702589 106.481759
2564.114726 105.980537
2564.526863 101.939707
2564.939000 101.089407
2565.351137 100.373564
2565.763274 103.357306
2566.175411 103.517058
2566.587548 101.665339
2566.999685 102.221805
2567.411822 102.587345
2567.823959 102.167412
2568.236096 104.542346
2568.648233 101.541816
2569.060370 101.136595
2569.472507 105.503308
2569.884644 104.228722
2570.296781 102.651696
2570.708918 101.854789
2571.121055 102.250028
2571.533192 101.824941
2571.945329 102.500952
2572.357466 104.469713
2572.769603 107.272937
2573.181740 106.078690
2573.593877 104.426204
2574.006014 102.614217
2574.418151 98.732163
2574.830288 98.961945
2575.242425 99.716894
2575.654562 100.026764
2576.066699 101.977712
2576.478836 101.265197
2576.890973 98.759809
2577.303110 99.443602
2577.715247 99.751771
2578.127384 98.595354
2578.539521 100.236581
2578.951658 103.434217
2579.363795 102.726881
2579.775932 101.614123
2580.188069 102.571758
2580.600206 99.456737
2581.012343 103.721120
2581.424480 101.654981
2581.836617 103.355480
2582.248754 103.171234
2582.660891 101.466081
2583.073028 101.637642
2583.485165 100.173631
2583.897302 100.806858
2584.309439 98.799666
2584.721576 99.480081
2585.133713 97.144053
2585.545850 96.759348
2585.957987 97.759966
2586.370124 100.607875
2586.782262 100.021160
2587.194399 97.848862
2587.606536 100.258148
2588.018673 100.593889
2588.430810 97.706924
2588.842947 99.318353
2589.255084 102.443757
2589.667221 101.939206
2590.079358 99.269364
2590.491495 98.520295
2590.903632 97.844609
2591.315769 102.759157
2591.727906 103.300961
2592.140043 102.986037
2592.552180 98.952362
2592.964317 97.716782
2593.376454 99.770686
2593.788591 98.882732
2594.200728 100.368210
2594.612865 100.069548
2595.025002 101.306004
2595.437139 99.394638
2595.849276 97.668319
2596.261413 98.687752
2596.673550 100.780387
2597.085687 103.165929
2597.497824 102.399622
2597.909961 99.841092
2598.322098 98.785029
2598.734235 99.974973
2599.146372 100.422028
2599.558509 98.830541
2599.970646 95.464446
2600.382783 98.794987
2600.794920 101.644197
2601.207057 99.909947
2601.619194 100.985650
2602.031331 98.492172
2602.443468 99.525392
2602.855605 98.482314
2603.267742 97.163468
2603.679879 96.878242
2604.092016 97.848286
2604.504153 99.112940
2604.916290 100.587009
2605.328427 98.622175
2605.740564 95.595274
2606.152701 95.889533
2606.564838 98.080796
2606.976975 99.058596
2607.389112 98.195962
2607.801249 98.618447
2608.213386 100.323600
2608.625523 97.341810
2609.037660 97.840505
2609.449797 99.824754
2609.861934 99.677287
2610.274071 98.472607
2610.686208 97.909285
2611.098345 102.172867
2611.510482 101.162565
2611.922619 101.354242
2612.334757 99.138585
2612.746894 99.377199
2613.159031 101.450669
2613.571168 101.559905
2613.983305 100.115485
2614.395442 99.738861
2614.807579 100.146234
2615.219716 100.533116
2615.631853 101.073770
2616.043990 102.686799
2616.456127 101.099090
2616.868264 99.096351
2617.280401 100.304535
2617.692538 99.344348
2618.104675 100.533341
2618.516812 99.747343
2618.928949 99.777066
2619.341086 99.857205
2619.753223 100.382497
2620.165360 98.965548
2620.577497 98.566431
2620.989634 97.795244
2621.401771 96.287724
2621.813908 97.696366
2622.226045 98.508435
2622.638182 99.663451
2623.050319 98.266068
2623.462456 98.399173
2623.874593 98.474909
2624.286730 98.521721
2624.698867 99.088870
2625.111004 100.251593
2625.523141 100.111106
2625.935278 99.953681
2626.347415 96.854348
2626.759552 98.823435
2627.171689 99.755574
2627.583826 99.536801
2627.995963 99.093324
2628.408100 100.916120
2628.820237 101.222188
2629.232374 98.362119
2629.644511 98.785230
2630.056648 98.679896
2630.468785 99.744365
2630.880922 98.682298
2631.293059 98.203768
2631.705196 97.946164
2632.117333 99.006655
2632.529470 97.885241
2632.941607 98.133538
2633.353744 99.994739
2633.765881 99.060273
2634.178018 96.244139
2634.590155 95.553241
2635.002292 95.320031
2635.414429 94.072492
2635.826566 98.654926
2636.238703 98.674317
2636.650840 95.318780
2637.062977 97.243482
2637.475115 96.904213
2637.887252 97.665341
2638.299389 98.453191
2638.711526 98.240197
2639.123663 96.881144
2639.535800 94.511790
2639.947937 94.761488
2640.360074 96.213515
2640.772211 95.373874
2641.184348 95.176442
2641.596485 94.298796
2642.008622 94.859716
2642.420759 94.360770
2642.832896 94.413062
2643.245033 95.093952
2643.657170 93.374713
2644.069307 93.219740
2644.481444 93.343839
2644.893581 92.958008
2645.305718 92.580508
2645.717855 96.055965
2646.129992 94.926544
2646.542129 95.357111
2646.954266 94.404530
2647.366403 95.338546
2647.778540 93.491130
2648.190677 92.813318
2648.602814 92.818122
2649.014951 95.099631
2649.427088 91.817453
2649.839225 93.541120
2650.251362 93.752488
2650.663499 93.681206
2651.075636 90.680226
2651.487773 90.238876
2651.899910 89.609627
2652.312047 92.115840
2652.724184 90.847208
2653.136321 91.047492
2653.548458 92.726249
2653.960595 92.023416
2654.372732 91.837944
2654.784869 92.219997
2655.197006 91.390064
2655.609143 90.742400
2656.021280 90.714753
2656.433417 89.822496
2656.845554 90.684404
2657.257691 90.950841
2657.669828 89.632320
2658.081965 89.513225
2658.494102 89.123016
2658.906239 88.856354
2659.318376 87.434977
2659.730513 87.066460
2660.142650 88.685043
2660.554787 90.135344
2660.966924 91.755554
2661.379061 90.751608
2661.791198 89.630093
2662.203335 91.526222
2662.615472 90.743026
2663.027610 88.821902
2663.439747 89.195798
2663.851884 91.381157
2664.264021 92.206111
2664.676158 92.969742
2665.088295 91.647593
2665.500432 92.297259
2665.912569 92.416853
2666.324706 92.344296
2666.736843 92.944272
2667.148980 91.013640
2667.561117 89.811487
2667.973254 90.688558
2668.385391 90.092810
2668.797528 92.660397
2669.209665 92.513530
2669.621802 91.994168
2670.033939 91.667359
2670.446076 89.660167
2670.858213 89.406265
2671.270350 89.914919
2671.682487 92.500870
2672.094624 91.777096
2672.506761 91.909701
2672.918898 91.039561
2673.331035 90.802523
2673.743172 93.560210
2674.155309 91.636760
2674.567446 93.110979
2674.979583 91.164985
2675.391720 91.797812
2675.803857 91.223607
2676.215994 91.652672
2676.628131 90.378512
2677.040268 89.645280
2677.452405 91.043989
2677.864542 90.554526
2678.276679 91.327439
2678.688816 92.038703
2679.100953 91.858410
2679.513090 91.048843
2679.925227 90.901852
2680.337364 91.861288
2680.749501 91.602182
2681.161638 90.655631
2681.573775 87.907377
2681.985912 86.614976
2682.398049 88.956083
2682.810186 89.616857
2683.222323 90.168895
2683.634460 89.499164
2684.046597 91.367421
2684.458734 91.471854
2684.870871 89.918322
2685.283008 91.063305
2685.695145 91.339749
2686.107282 91.848302
2686.519419 89.362706
2686.931556 90.830470
2687.343693 92.511904
2687.755830 92.031673
2688.167968 92.274490
2688.580105 90.909783
2688.992242 91.184451
2689.404379 89.451201
2689.816516 90.936279
2690.228653 92.926332
2690.640790 93.843610
2691.052927 92.724147
2691.465064 91.798513
2691.877201 92.474474
2692.289338 92.469645
2692.701475 93.728644
2693.113612 92.859780
2693.525749 91.356012
2693.937886 91.843849
2694.350023 92.758099
2694.762160 92.150392
2695.174297 91.467525
2695.586434 91.195284
2695.998571 92.763979
2696.410708 91.044115
2696.822845 91.411031
2697.234982 92.180316
2697.647119 93.872433
2698.059256 91.574560
2698.471393 94.788910
2698.883530 94.810602
2699.295667 92.606254
2699.707804 91.918258
2700.119941 93.144781
2700.532078 93.144731
2700.944215 91.462521
2701.356352 92.929735
2701.768489 91.945605
2702.180626 93.288820
2702.592763 90.652204
2703.004900 89.643128
2703.417037 91.646567
2703.829174 90.536212
2704.241311 89.929180
2704.653448 91.910277
2705.065585 94.478113
2705.477722 96.307514
2705.889859 92.174261
2706.301996 90.875055
2706.714133 93.364230
2707.126270 95.220127
2707.538407 94.939154
2707.950544 92.526215
2708.362681 93.514299
2708.774818 92.011457
2709.186955 91.609963
2709.599092 95.293910
2710.011229 94.838099
2710.423366 91.923562
2710.835503 92.298810
2711.247640 93.800526
2711.659777 94.009141
2712.071914 94.724684
2712.484051 93.794696
2712.896188 92.566372
2713.308325 92.975672
2713.720463 92.815895
2714.132600 96.794325
2714.544737 93.745032
2714.956874 95.091925
2715.369011 93.365481
2715.781148 94.472784
2716.193285 96.970765
2716.605422 95.096604
2717.017559 95.681093
2717.429696 96.630771
2717.841833 95.163382
2718.253970 96.634649
2718.666107 96.739632
2719.078244 95.257331
2719.490381 95.815699
2719.902518 95.477756
2720.314655 95.152523
2720.726792 96.326379
2721.138929 97.302203
2721.551066 96.633198
2721.963203 98.377832
2722.375340 98.762862
2722.787477 97.528258
2723.199614 96.525512
2723.611751 96.666249
2724.023888 93.886244
2724.436025 96.115812
2724.848162 95.674312
2725.260299 96.842639
2725.672436 96.346595
2726.084573 97.194868
2726.496710 97.681955
2726.908847 96.783292
2727.320984 97.524505
2727.733121 96.503044
2728.145258 97.826419
2728.557395 99.020516
2728.969532 98.476360
2729.381669 96.075080
2729.793806 94.741572
2730.205943 96.442697
2730.618080 96.128497
2731.030217 98.531528
2731.442354 99.873017
2731.854491 98.133212
2732.266628 98.923990
2732.678765 97.836077
2733.090902 95.101508
2733.503039 96.555436
2733.915176 96.795151
2734.327313 96.632297
2734.739450 97.786813
2735.151587 96.259701
2735.563724 97.298225
2735.975861 98.801568
2736.387998 98.583595
2736.800135 99.644987
2737.212272 99.658647
2737.624409 99.015412
2738.036546 98.041940
2738.448683 97.388397
2738.860820 96.589588
2739.272958 96.174834
2739.685095 98.990943
2740.097232 99.731530
2740.509369 97.131243
2740.921506 95.645114
2741.333643 95.180746
2741.745780 96.362708
2742.157917 96.206159
2742.570054 96.395759
2742.982191 100.639175
2743.394328 99.991211
2743.806465 98.177798
2744.218602 97.638745
2744.630739 92.929010
2745.042876 91.658552
2745.455013 93.997757
2745.867150 98.189907
2746.279287 102.131909
2746.691424 101.781756
2747.103561 101.617501
2747.515698 98.993170
2747.927835 96.469993
2748.339972 94.389993
2748.752109 97.166145
2749.164246 96.516255
2749.576383 97.234049
2749.988520 99.294909
2750.400657 101.429077
2750.812794 101.571340
2751.224931 100.264978
2751.637068 98.376731
2752.049205 99.893008
2752.461342 102.317031
2752.873479 101.641195
2753.285616 101.393874
2753.697753 99.540279
2754.109890 99.634603
2754.522027 97.604468
2754.934164 100.838859
2755.346301 100.426406
2755.758438 99.385681
2756.170575 98.981285
2756.582712 98.400875
2756.994849 100.947345
2757.406986 99.638456
2757.819123 101.101867
2758.231260 99.933065
2758.643397 98.778699
2759.055534 98.522321
2759.467671 97.954671
2759.879808 100.819018
2760.291945 102.346780
2760.704082 100.685812
2761.116219 101.675647
2761.528356 98.323764
2761.940493 99.640583
2762.352630 100.007799
2762.764767 98.617697
2763.176904 99.184071
2763.589041 99.933090
2764.001178 98.703590
2764.413316 98.869772
2764.825453 99.434620
2765.237590 99.835212
2765.649727 99.354431
2766.061864 99.443377
2766.474001 101.094086
2766.886138 102.054898
2767.298275 102.717048
2767.710412 103.008454
2768.122549 101.808478
2768.534686 100.824172
2768.946823 102.046992
2769.358960 102.556346
2769.771097 102.082070
2770.183234 102.591924
2770.595371 102.912353
2771.007508 100.196274
2771.419645 101.261994
2771.831782 103.151343
2772.243919 101.138646
2772.656056 100.772156
2773.068193 101.815633
2773.480330 102.933420
2773.892467 104.208556
2774.304604 104.861299
2774.716741 104.669597
2775.128878 104.688737
2775.541015 103.703030
2775.953152 105.028031
2776.365289 104.694717
2776.777426 103.897560
2777.189563 104.691614
2777.601700 105.632661
2778.013837 105.506311
2778.425974 108.838329
2778.838111 109.979684
2779.250248 109.101687
2779.662385 108.490978
2780.074522 109.462949
2780.486659 110.549611
2780.898796 111.119463
2781.310933 110.282624
2781.723070 112.944435
2782.135207 112.250785
2782.547344 112.860394
2782.959481 115.309611
2783.371618 116.427848
2783.783755 117.680542
2784.195892 115.408365
2784.608029 115.340911
2785.020166 116.923792
2785.432303 118.599521
2785.844440 120.308952
2786.256577 120.281055
2786.668714 123.861845
2787.080851 127.463252
2787.492988 124.286056
2787.905125 125.184444
2788.317262 126.892474
2788.729399 126.097143
2789.141536 126.963930
2789.553673 129.680710
2789.965811 130.633041
2790.377948 132.378425
2790.790085 132.558468
2791.202222 131.678195
2791.614359 133.736352
2792.026496 137.247863
2792.438633 138.838174
2792.850770 143.301139
2793.262907 142.607539
2793.675044 141.331677
2794.087181 144.981297
2794.499318 147.599523
2794.911455 147.632474
2795.323592 146.362967
2795.735729 148.005595
2796.147866 150.254904
2796.560003 152.488201
2796.972140 153.561978
2797.384277 155.240334
2797.796414 157.150949
2798.208551 156.970606
2798.620688 158.568023
2799.032825 157.386311
2799.444962 159.930279
2799.857099 159.755690
2800.269236 159.410341
2800.681373 162.689317
2801.093510 173.501568
2801.505647 182.427048
2801.917784 194.232662
2802.329921 175.977557
2802.742058 162.828503
2803.154195 159.272932
2803.566332 162.212189
2803.978469 160.507362
2804.390606 164.802168
2804.802743 163.938708
2805.214880 170.889647
2805.627017 160.901499
2806.039154 154.261733
2806.451291 148.126341
2806.863428 149.166591
2807.275565 147.183894
2807.687702 145.769171
2808.099839 143.860232
2808.511976 141.404234
2808.924113 143.310471
2809.336250 138.109946
2809.748387 136.313446
2810.160524 135.253431
2810.572661 134.760965
2810.984798 134.787586
2811.396935 132.230108
2811.809072 128.094552
2812.221209 128.162806
2812.633346 126.576673
2813.045483 124.911327
2813.457620 122.759821
2813.869757 121.167358
2814.281894 121.070781
2814.694031 120.768817
2815.106169 118.327655
2815.518306 115.997982
2815.930443 116.099763
2816.342580 113.690502
2816.754717 110.593646
2817.166854 112.296071
2817.578991 110.401844
2817.991128 110.559719
2818.403265 107.685264
2818.815402 106.221403
2819.227539 107.945520
2819.639676 106.775142
2820.051813 107.218719
2820.463950 105.121981
2820.876087 104.664968
2821.288224 102.315205
2821.700361 104.885668
2822.112498 105.552397
2822.524635 104.908562
2822.936772 103.743613
2823.348909 104.163320
2823.761046 104.105274
2824.173183 103.680838
2824.585320 102.151525
2824.997457 103.457360
2825.409594 103.025743
2825.821731 101.048250
2826.233868 100.827775
2826.646005 100.763474
2827.058142 98.521270
2827.470279 98.702764
2827.882416 100.004597
2828.294553 101.474338
2828.706690 103.069828
2829.118827 102.175544
2829.530964 98.758108
2829.943101 98.703940
2830.355238 99.207815
2830.767375 100.600545
2831.179512 101.664664
2831.591649 99.309871
2832.003786 99.067679
2832.415923 98.752354
2832.828060 98.496050
2833.240197 98.626178
2833.652334 101.072994
2834.064471 97.682105
2834.476608 98.165913
2834.888745 100.243261
2835.300882 100.969062
2835.713019 101.175150
2836.125156 99.720947
2836.537293 98.220832
2836.949430 95.299465
2837.361567 97.979415
2837.773704 99.626747
2838.185841 99.482232
2838.597978 99.449106
2839.010115 96.642505
2839.422252 98.156731
2839.834389 97.759641
2840.246526 96.917974
2840.658664 96.656241
2841.070801 97.302679
2841.482938 97.668069
2841.895075 98.886660
2842.307212 99.365915
2842.719349 99.502949
2843.131486 97.787038
2843.543623 96.281344
2843.955760 95.530598
2844.367897 95.357661
2844.780034 96.470594
2845.192171 96.651988
2845.604308 96.260252
2846.016445 95.855381
2846.428582 95.401546
2846.840719 94.815706
2847.252856 96.632172
2847.664993 96.485556
2848.077130 96.673705
2848.489267 95.050192
2848.901404 95.749747
2849.313541 94.609968
2849.725678 94.683351
2850.137815 95.115294
2850.549952 96.342617
2850.962089 94.936602
2851.374226 92.007604
2851.786363 93.949319
2852.198500 94.509613
2852.610637 94.136617
2853.022774 95.803164
2853.434911 95.310298
2853.847048 94.776225
2854.259185 94.403029
2854.671322 95.067406
2855.083459 93.228422
2855.495596 93.205204
2855.907733 91.242172
2856.319870 91.830338
2856.732007 92.112912
2857.144144 91.001831
2857.556281 92.195428
2857.968418 92.761001
2858.380555 91.024499
2858.792692 89.326677
2859.204829 90.544443
2859.616966 91.020921
2860.029103 90.299724
2860.441240 90.112401
2860.853377 91.735713
2861.265514 90.344360
2861.677651 91.603033
2862.089788 90.247007
2862.501925 87.440831
2862.914062 87.849180
2863.326199 89.980571
2863.738336 91.168964
2864.150473 90.665189
2864.562610 90.297347
2864.974747 89.913167
2865.386884 89.775984
2865.799022 90.082252
2866.211159 91.079042
2866.623296 89.627191
2867.035433 87.886810
2867.447570 87.347583
2867.859707 89.044503
2868.271844 88.716443
2868.683981 89.540297
2869.096118 88.719621
2869.508255 89.374490
2869.920392 88.824354
2870.332529 89.491733
2870.744666 87.343830
2871.156803 86.425476
2871.568940 87.618422
2871.981077 88.866863
2872.393214 88.518086
2872.805351 87.524898
2873.217488 87.526124
2873.629625 88.362563
2874.041762 89.629017
2874.453899 86.865900
2874.866036 89.564791
2875.278173 89.069173
2875.690310 88.982930
2876.102447 87.190308
2876.514584 87.340402
2876.926721 87.446511
2877.338858 87.455918
2877.750995 90.143375
2878.163132 84.378052
2878.575269 83.010567
2878.987406 86.229596
2879.399543 86.842557
2879.811680 85.958256
2880.223817 85.901636
2880.635954 86.828996
2881.048091 87.982311
2881.460228 88.890331
2881.872365 87.694182
2882.284502 86.201498
2882.696639 87.146473
2883.108776 85.780364
2883.520913 86.966180
2883.933050 86.236852
2884.345187 87.084324
2884.757324 85.035374
2885.169461 84.092676
2885.581598 83.159310
2885.993735 83.251108
2886.405872 82.600918
2886.818009 85.288399
2887.230146 86.885316
2887.642283 87.330569
2888.054420 86.197220
2888.466557 85.825125
2888.878694 85.395334
2889.290831 84.270542
2889.702968 84.426791
2890.115105 85.846192
2890.527242 86.031414
2890.939379 84.629627
2891.351517 83.591578
2891.763654 85.340666
2892.175791 84.529322
2892.587928 85.686940
2893.000065 84.446607
2893.412202 83.867597
2893.824339 83.238548
2894.236476 84.778370
2894.648613 85.730700
2895.060750 85.915972
2895.472887 83.551472
2895.885024 81.999365
2896.297161 82.382044
2896.709298 83.895770
2897.121435 84.897914
2897.533572 82.136449
2897.945709 82.289796
2898.357846 81.631799
2898.769983 83.098637
2899.182120 84.547186
2899.594257 84.051943
2900.006394 82.870907
2900.418531 83.749454
2900.830668 80.799914
2901.242805 83.324416
2901.654942 81.208488
2902.067079 82.005495
2902.479216 80.976779
2902.891353 81.865109
2903.303490 83.165365
2903.715627 83.769745
2904.127764 83.590828
2904.539901 82.352270
2904.952038 83.653002
2905.364175 82.256569
2905.776312 81.796930
2906.188449 81.313396
2906.600586 80.673163
2907.012723 80.141342
2907.424860 81.093722
2907.836997 81.580984
2908.249134 81.135430
2908.661271 80.235917
2909.073408 79.361673
2909.485545 79.469133
2909.897682 80.688976
2910.309819 79.660410
2910.721956 77.530346
2911.134093 77.857505
2911.546230 79.487348
2911.958367 80.483888
2912.370504 81.021765
2912.782641 82.143179
2913.194778 80.861138
2913.606915 82.824595
2914.019052 82.480872
2914.431189 80.800865
2914.843326 81.392334
2915.255463 81.367639
2915.667600 79.497881
2916.079737 80.473805
2916.491874 83.000334
2916.904012 80.868143
2917.316149 79.480793
2917.728286 78.786017
2918.140423 81.235660
2918.552560 81.357206
2918.964697 82.555456
2919.376834 81.698302
2919.788971 81.262556
2920.201108 82.335657
2920.613245 80.750325
2921.025382 82.020207
2921.437519 81.433066
2921.849656 81.100778
2922.261793 83.232519
2922.673930 83.469381
2923.086067 81.810891
2923.498204 81.738333
2923.910341 81.291779
2924.322478 83.235721
2924.734615 83.605089
2925.146752 80.716698
2925.558889 82.656912
2925.971026 82.937585
2926.383163 83.241826
2926.795300 84.182397
2927.207437 83.901624
2927.619574 83.131864
2928.031711 83.151204
2928.443848 82.706151
2928.855985 83.190060
2929.268122 83.367926
2929.680259 83.155983
2930.092396 82.734749
2930.504533 81.331786
2930.916670 84.820403
2931.328807 85.235707
2931.740944 84.347328
2932.153081 84.764309
2932.565218 84.477081
2932.977355 85.398211
2933.389492 83.617574
2933.801629 83.456071
2934.213766 81.420731
2934.625903 82.892549
2935.038040 85.300959
2935.450177 83.239774
2935.862314 84.065254
2936.274451 83.795765
2936.686588 85.727122
2937.098725 84.392889
2937.510862 81.584887
2937.922999 81.942771
2938.335136 81.626470
2938.747273 84.202913
2939.159410 85.693195
2939.571547 82.797649
2939.983684 83.429225
2940.395821 82.774630
2940.807958 82.954623
2941.220095 81.515106
2941.632232 81.869037
2942.044370 83.599109
2942.456507 83.743499
2942.868644 85.287824
2943.280781 85.974568
2943.692918 85.083462
2944.105055 84.560772
2944.517192 83.896295
2944.929329 83.681525
2945.341466 85.196176
2945.753603 83.890991
2946.165740 83.642269
2946.577877 84.567102
2946.990014 85.020312
2947.402151 84.052794
2947.814288 83.914459
2948.226425 82.929979
2948.638562 85.377970
2949.050699 83.742798
2949.462836 83.352889
2949.874973 84.760706
2950.287110 84.994691
2950.699247 86.937257
2951.111384 85.679459
2951.523521 84.267039
2951.935658 83.028807
2952.347795 83.544366
2952.759932 84.543208
2953.172069 84.212421
2953.584206 83.801069
2953.996343 85.119440
2954.408480 84.245022
2954.820617 82.892924
2955.232754 83.039791
2955.644891 84.094102
2956.057028 82.689463
2956.469165 83.246455
2956.881302 82.063391
2957.293439 85.218844
2957.705576 84.165734
2958.117713 86.859696
2958.529850 87.097184
2958.941987 92.170858
2959.354124 89.865079
2959.766261 82.888471
2960.178398 69.325913
2960.590535 71.510271
2961.002672 77.847247
2961.414809 87.424869
2961.826946 94.643269
2962.239083 88.934166
2962.651220 84.406575
2963.063357 77.235312
2963.475494 76.927092
2963.887631 75.951043
2964.299768 80.538557
2964.711905 85.930458
2965.124042 87.892715
2965.536179 86.329200
2965.948316 84.280024
2966.360453 81.347498
2966.772590 81.900837
2967.184727 83.317886
2967.596865 83.893268
2968.009002 83.298921
2968.421139 83.431426
2968.833276 83.451442
2969.245413 84.001879
2969.657550 86.658411
2970.069687 85.493612
2970.481824 84.037257
2970.893961 85.311392
2971.306098 83.481491
2971.718235 86.120759
2972.130372 85.875540
2972.542509 84.280600
2972.954646 82.158617
2973.366783 81.102604
2973.778920 80.670036
2974.191057 80.674114
2974.603194 80.557222
2975.015331 82.821192
2975.427468 82.469338
2975.839605 82.989501
2976.251742 81.719619
2976.663879 81.792226
2977.076016 81.993160
2977.488153 81.598522
2977.900290 79.036490
2978.312427 79.535861
2978.724564 81.951628
2979.136701 82.626288
2979.548838 84.174366
2979.960975 82.659514
2980.373112 81.967040
2980.785249 80.351458
2981.197386 80.357863
2981.609523 81.770634
2982.021660 81.506800
2982.433797 82.227697
2982.845934 81.655593
2983.258071 82.161794
2983.670208 80.603859
2984.082345 80.581791
2984.494482 82.053558
2984.906619 82.226270
2985.318756 82.577199
2985.730893 82.491531
2986.143030 80.726756
2986.555167 81.055617
2986.967304 83.302224
2987.379441 82.852867
2987.791578 80.787479
2988.203715 81.605503
2988.615852 80.326914
2989.027989 79.198494
2989.440126 79.462278
2989.852263 81.314722
2990.264400 78.746710
2990.676537 78.769879
2991.088674 79.672144
2991.500811 80.268668
2991.912948 77.012235
2992.325085 76.343654
2992.737223 76.037812
2993.149360 78.944192
2993.561497 79.648826
2993.973634 79.340832
2994.385771 78.114009
2994.797908 77.518136
2995.210045 77.784747
2995.622182 78.281817
2996.034319 78.040400
2996.446456 75.825919
2996.858593 74.808086
2997.270730 74.948923
2997.682867 76.509361
2998.095004 77.555340
2998.507141 77.431417
2998.919278 78.215489
2999.331415 77.898788
2999.743552 77.674610
3000.155689 76.341578
3000.567826 76.045343
3000.979963 74.441871
3001.392100 74.491811
3001.804237 74.120891
3002.216374 76.568533
3002.628511 75.738750
3003.040648 74.737205
3003.452785 73.924886
3003.864922 74.937739
3004.277059 74.901210
3004.689196 74.593641
3005.101333 75.528208
3005.513470 75.175253
3005.925607 76.598031
3006.337744 77.189926
3006.749881 78.294577
3007.162018 75.138098
3007.574155 74.698775
3007.986292 73.703035
3008.398429 75.202149
3008.810566 75.446568
3009.222703 74.803283
3009.634840 73.430319
3010.046977 73.108814
3010.459114 73.788453
3010.871251 74.204608
3011.283388 75.761393
3011.695525 73.886305
3012.107662 72.756459
3012.519799 72.194764
3012.931936 72.957719
3013.344073 69.954437
3013.756210 72.629233
3014.168347 72.447339
3014.580484 71.699696
3014.992621 72.522148
3015.404758 71.568767
3015.816895 73.430644
3016.229032 72.668414
3016.641169 72.723483
3017.053306 72.321139
3017.465443 73.068707
3017.877580 72.377534
3018.289718 70.558716
3018.701855 71.110579
3019.113992 71.266577
3019.526129 69.961292
3019.938266 70.571301
3020.350403 72.222085
3020.762540 70.046810
3021.174677 71.604345
3021.586814 70.624743
3021.998951 69.611615
3022.411088 69.965420
3022.823225 68.584800
3023.235362 69.488367
3023.647499 70.893882
3024.059636 70.802810
3024.471773 71.422276
3024.883910 69.553919
3025.296047 69.562901
3025.708184 71.668671
3026.120321 71.971311
3026.532458 71.805505
3026.944595 73.600278
3027.356732 72.533182
3027.768869 70.985755
3028.181006 70.688194
3028.593143 70.994937
3029.005280 70.587389
3029.417417 69.370974
3029.829554 69.574285
3030.241691 69.956688
3030.653828 71.595889
3031.065965 71.545424
3031.478102 70.815920
3031.890239 71.025236
3032.302376 71.563238
3032.714513 71.082056
3033.126650 71.161919
3033.538787 71.528035
3033.950924 69.513162
3034.363061 68.033913
3034.775198 70.730927
3035.187335 71.423076
3035.599472 72.730463
3036.011609 72.699989
3036.423746 72.838975
3036.835883 70.484007
3037.248020 70.182768
3037.660157 72.734792
3038.072294 71.804729
3038.484431 72.234270
3038.896568 70.549333
3039.308705 69.956263
3039.720842 68.985293
3040.132979 70.121494
3040.545116 69.160157
3040.957253 70.380475
3041.369390 70.878344
3041.781527 69.062554
3042.193664 69.724604
3042.605801 72.139194
3043.017938 70.379774
3043.430076 69.736163
3043.842213 69.360315
3044.254350 71.764122
3044.666487 70.892105
3045.078624 71.078003
3045.490761 70.922354
3045.902898 70.817296
3046.315035 71.975214
3046.727172 71.019281
3047.139309 71.011275
3047.551446 71.089137
3047.963583 69.596403
3048.375720 68.920942
3048.787857 69.778972
3049.199994 71.180109
3049.612131 70.890254
3050.024268 71.626588
3050.436405 72.031634
3050.848542 71.751512
3051.260679 69.727582
3051.672816 70.721045
3052.084953 70.735531
3052.497090 69.656926
3052.909227 70.226778
3053.321364 71.011050
3053.733501 72.650975
3054.145638 70.880196
3054.557775 68.924194
3054.969912 70.191625
3055.382049 69.356162
3055.794186 70.425660
3056.206323 70.427462
3056.618460 68.430528
3057.030597 68.816959
3057.442734 69.429470
3057.854871 71.136149
3058.267008 72.206273
3058.679145 73.360688
3059.091282 72.331472
3059.503419 70.364036
3059.915556 70.096374
3060.327693 69.594451
3060.739830 69.549415
3061.151967 69.252230
3061.564104 71.457954
3061.976241 70.383927
3062.388378 69.958715
3062.800515 70.635902
3063.212652 71.457954
3063.624789 69.278225
3064.036926 68.149580
3064.449063 70.110911
3064.861200 71.790368
3065.273337 73.337220
3065.685474 73.581714
3066.097611 73.117070
3066.509748 73.793031
3066.921885 75.317541
3067.334022 75.072396
3067.746159 76.547016
3068.158296 75.699994
3068.570433 77.184947
3068.982571 78.659867
3069.394708 75.238403
3069.806845 74.106630
3070.218982 73.348128
3070.631119 71.659764
3071.043256 71.625812
3071.455393 72.817608
3071.867530 73.877598
3072.279667 71.991052
3072.691804 70.983728
3073.103941 69.016818
3073.516078 69.161107
3073.928215 71.114482
3074.340352 70.279995
3074.752489 70.091270
3075.164626 70.060371
3075.576763 70.292029
3075.988900 70.386554
3076.401037 69.834541
3076.813174 70.092396
3077.225311 71.136424
3077.637448 71.940862
3078.049585 71.721989
3078.461722 70.227028
3078.873859 70.000298
3079.285996 70.039754
3079.698133 70.718868
3080.110270 69.428870
3080.522407 69.774644
3080.934544 70.839113
3081.346681 69.364519
3081.758818 71.501314
3082.170955 71.127142
3082.583092 71.895051
3082.995229 72.398550
3083.407366 71.404036
3083.819503 70.598848
3084.231640 69.312102
3084.643777 68.996352
3085.055914 69.516139
3085.468051 68.884188
3085.880188 69.783901
3086.292325 69.534378
3086.704462 69.312377
3087.116599 70.068827
3087.528736 67.638400
3087.940873 67.873011
3088.353010 71.380468
3088.765147 71.894600
3089.177284 71.098019
3089.589421 69.430421
3090.001558 68.320891
3090.413695 68.540115
3090.825832 70.841665
3091.237969 70.660772
3091.650106 70.945573
3092.062243 69.053197
3092.474380 69.119274
3092.886517 69.736213
3093.298654 66.852476
3093.710791 67.801854
3094.122929 69.605260
3094.535066 70.021290
3094.947203 69.825885
3095.359340 70.765630
3095.771477 67.887497
3096.183614 69.016292
3096.595751 68.323093
3097.007888 67.675429
3097.420025 68.152707
3097.832162 68.972533
3098.244299 69.894164
3098.656436 70.098426
3099.068573 68.164092
3099.480710 69.781900
3099.892847 69.323736
3100.304984 68.420620
3100.717121 67.891100
3101.129258 67.982973
3101.541395 68.672845
3101.953532 70.361209
3102.365669 68.936454
3102.777806 71.379942
3103.189943 70.303639
3103.602080 69.167988
3104.014217 70.466393
3104.426354 71.008723
3104.838491 72.128011
3105.250628 70.908043
3105.662765 69.334270
3106.074902 69.823433
3106.487039 70.071655
3106.899176 73.233512
3107.311313 71.609449
3107.723450 69.632481
3108.135587 70.279319
3108.547724 71.634694
3108.959861 72.535509
3109.371998 70.158799
3109.784135 70.910145
3110.196272 70.501195
3110.608409 72.979536
3111.020546 72.628057
3111.432683 71.825095
3111.844820 73.073636
3112.256957 73.017066
3112.669094 70.702255
3113.081231 73.184724
3113.493368 72.686228
3113.905505 73.589645
3114.317642 70.529443
3114.729779 72.141446
3115.141916 72.581570
3115.554053 73.850352
3115.966190 74.583909
3116.378327 73.755251
3116.790464 72.637265
3117.202601 73.579837
3117.614738 72.686103
3118.026875 74.123543
3118.439012 73.088472
3118.851149 72.492775
3119.263286 72.389943
3119.675424 72.520097
3120.087561 72.180277
3120.499698 74.070151
3120.911835 75.567314
3121.323972 74.477574
3121.736109 74.420779
3122.148246 74.535946
3122.560383 74.310292
3122.972520 75.768373
3123.384657 74.855299
3123.796794 75.700419
3124.208931 74.531217
3124.621068 73.633580
3125.033205 74.611906
3125.445342 74.773909
3125.857479 72.765817
3126.269616 75.035792
3126.681753 75.275657
3127.093890 75.921720
3127.506027 74.844415
3127.918164 72.985866
3128.330301 74.480552
3128.742438 74.578679
3129.154575 74.565919
3129.566712 74.658968
3129.978849 76.655327
3130.390986 77.063450
3130.803123 77.793454
3131.215260 76.681522
3131.627397 76.614244
3132.039534 74.749015
3132.451671 76.228513
3132.863808 78.889249
3133.275945 77.932189
3133.688082 74.310592
3134.100219 73.332716
3134.512356 74.568722
3134.924493 74.878692
3135.336630 74.942893
3135.748767 75.356997
3136.160904 76.974855
3136.573041 77.946351
3136.985178 75.066742
3137.397315 76.183177
3137.809452 75.734972
3138.221589 74.449677
3138.633726 73.166334
3139.045863 75.668869
3139.458000 75.637319
3139.870137 72.168768
3140.282274 73.484737
3140.694411 75.582976
3141.106548 75.218962
3141.518685 74.442622
3141.930822 74.716038
3142.342959 71.916268
3142.755096 74.112059
3143.167233 72.219083
3143.579370 70.401591
3143.991507 71.054209
3144.403644 71.107726
3144.815781 72.557952
3145.227919 72.360520
3145.640056 73.653621
3146.052193 71.674601
3146.464330 72.091982
3146.876467 70.355730
3147.288604 69.163109
3147.700741 70.826628
3148.112878 72.859341
3148.525015 72.417740
3148.937152 72.586775
3149.349289 70.898335
3149.761426 71.016279
3150.173563 71.874334
3150.585700 72.796916
3150.997837 72.363698
3151.409974 73.436298
3151.822111 72.389318
3152.234248 72.761563
3152.646385 72.723333
3153.058522 73.007884
3153.470659 74.121192
3153.882796 72.734166
3154.294933 72.385590
3154.707070 72.415013
3155.119207 72.953290
3155.531344 73.927413
3155.943481 73.873645
3156.355618 72.221785
3156.767755 71.382619
3157.179892 71.382219
3157.592029 71.855044
3158.004166 69.470928
3158.416303 67.341614
3158.828440 68.974134
3159.240577 69.610389
3159.652714 70.907643
3160.064851 71.101772
3160.476988 72.438582
3160.889125 71.104249
3161.301262 70.370166
3161.713399 71.569518
3162.125536 70.654442
3162.537673 72.354891
3162.949810 73.889007
3163.361947 75.589631
3163.774084 71.133096
3164.186221 71.528110
3164.598358 72.781554
3165.010495 70.571951
3165.422632 70.427762
3165.834769 71.278162
3166.246906 74.726572
3166.659043 83.428999
3167.071180 90.906380
3167.483317 82.386297
3167.895454 74.471319
3168.307591 60.494683
3168.719728 60.550603
3169.131865 66.750821
3169.544002 74.169630
3169.956139 77.284125
3170.368277 78.747161
3170.780414 78.035121
3171.192551 73.852829
3171.604688 71.176656
3172.016825 70.126673
3172.428962 69.178196
3172.841099 69.710818
3173.253236 70.941394
3173.665373 72.868273
3174.077510 74.311267
3174.489647 74.146587
3174.901784 73.025372
3175.313921 73.260934
3175.726058 74.374067
3176.138195 73.784650
3176.550332 72.625480
3176.962469 72.738720
3177.374606 70.152394
3177.786743 72.129962
3178.198880 72.601561
3178.611017 73.292359
3179.023154 73.793632
3179.435291 74.020787
3179.847428 73.201662
3180.259565 72.455846
3180.671702 71.391126
3181.083839 71.228998
3181.495976 74.362233
3181.908113 74.099574
3182.320250 74.599421
3182.732387 73.337870
3183.144524 72.051075
3183.556661 72.799568
3183.968798 72.408683
3184.380935 74.063821
3184.793072 73.364141
3185.205209 74.559189
3185.617346 74.571349
3186.029483 75.390874
3186.441620 75.750434
3186.853757 75.438411
3187.265894 74.185693
3187.678031 73.519915
3188.090168 75.259094
3188.502305 75.373460
3188.914442 73.239567
3189.326579 75.268276
3189.738716 75.042572
3190.150853 76.014869
3190.562990 76.713623
3190.975127 73.906171
3191.387264 73.371272
3191.799401 71.498186
3192.211538 72.934700
3192.623675 73.482610
3193.035812 74.640904
3193.447949 74.228552
3193.860086 74.309441
3194.272223 73.985359
3194.684360 75.310010
3195.096497 75.272029
3195.508634 74.308515
3195.920772 73.471676
3196.332909 73.338070
3196.745046 71.953072
3197.157183 71.779209
3197.569320 71.718986
3197.981457 72.984290
3198.393594 73.021770
3198.805731 72.900223
3199.217868 74.052112
3199.630005 72.716302
3200.042142 71.801652
3200.454279 72.062859
3200.866416 71.474818
3201.278553 73.672235
3201.690690 75.286466
3202.102827 73.007884
3202.514964 73.238116
3202.927101 73.536828
3203.339238 75.427628
3203.751375 75.440813
3204.163512 72.704418
3204.575649 72.936552
3204.987786 71.856195
3205.399923 71.648305
3205.812060 72.098938
3206.224197 72.617449
3206.636334 72.755658
3207.048471 71.074000
3207.460608 70.620465
3207.872745 72.150754
3208.284882 72.908505
3208.697019 72.194388
3209.109156 71.863751
3209.521293 71.915092
3209.933430 71.911939
3210.345567 70.988006
3210.757704 71.646203
3211.169841 70.993636
3211.581978 72.236071
3211.994115 72.412787
3212.406252 71.170651
3212.818389 72.226239
3213.230526 71.921272
3213.642663 71.473617
3214.054800 69.625351
3214.466937 69.796962
3214.879074 68.420845
3215.291211 71.443318
3215.703348 72.093483
3216.115485 72.185706
3216.527622 72.209500
3216.939759 72.136092
3217.351896 73.700058
3217.764033 73.579937
3218.176170 73.016290
3218.588307 72.954141
3219.000444 71.695468
3219.412581 71.444719
3219.824718 69.017919
3220.236855 70.237886
3220.648992 71.986999
3221.061130 72.401277
3221.473267 72.444562
3221.885404 71.864752
3222.297541 70.966990
3222.709678 70.455409
3223.121815 69.864240
3223.533952 70.182492
3223.946089 70.314672
3224.358226 68.587677
3224.770363 69.052446
3225.182500 69.794585
3225.594637 70.263056
3226.006774 70.074907
3226.418911 69.740867
3226.831048 69.770966
3227.243185 70.628646
3227.655322 71.614854
3228.067459 71.255118
3228.479596 71.019957
3228.891733 70.570500
3229.303870 70.223525
3229.716007 69.666333
3230.128144 70.280820
3230.540281 70.622466
3230.952418 69.226910
3231.364555 69.108365
3231.776692 69.024899
3232.188829 67.782539
3232.600966 68.189712
3233.013103 66.537401
3233.425240 67.455504
3233.837377 70.100102
3234.249514 70.547907
3234.661651 70.487760
3235.073788 70.014784
3235.485925 68.807802
3235.898062 68.788712
3236.310199 69.230062
3236.722336 68.316062
3237.134473 67.889624
3237.546610 67.406791
3237.958747 67.489356
3238.370884 68.927722
3238.783021 69.255958
3239.195158 68.322717
3239.607295 66.843244
3240.019432 66.167233
3240.431569 67.593689
3240.843706 67.865930
3241.255843 68.268199
3241.667980 67.959830
3242.080117 67.458357
3242.492254 67.116661
3242.904391 66.606731
3243.316528 67.037398
3243.728665 69.201740
3244.140802 67.062468
3244.552939 67.713584
3244.965076 68.361198
3245.377213 69.282078
3245.789350 69.438803
3246.201487 68.683328
3246.613625 67.422403
3247.025762 68.723535
3247.437899 68.355593
3247.850036 68.624206
3248.262173 66.821101
3248.674310 66.627798
3249.086447 65.918035
3249.498584 68.310858
3249.910721 69.710968
3250.322858 68.302827
3250.734995 67.161371
3251.147132 68.730766
3251.559269 68.434406
3251.971406 68.643272
3252.383543 68.233822
3252.795680 68.393899
3253.207817 66.965341
3253.619954 68.742926
3254.032091 69.720101
3254.444228 68.974059
3254.856365 67.835806
3255.268502 69.721402
3255.680639 70.201082
3256.092776 69.604334
3256.504913 67.992631
3256.917050 67.442294
3257.329187 66.841718
3257.741324 67.605348
3258.153461 67.523834
3258.565598 68.974484
3258.977735 70.331961
3259.389872 69.957414
3259.802009 68.805600
3260.214146 69.140266
3260.626283 70.741161
3261.038420 70.412275
3261.450557 69.146546
3261.862694 68.414665
3262.274831 66.899939
3262.686968 68.249309
3263.099105 68.362149
3263.511242 68.876807
3263.923379 70.030247
3264.335516 67.650884
3264.747653 67.844388
3265.159790 67.225847
3265.571927 65.510837
3265.984064 65.849706
3266.396201 65.224560
3266.808338 66.970695
3267.220475 67.248115
3267.632612 70.282947
3268.044749 68.074245
3268.456886 67.090615
3268.869023 67.110431
3269.281160 68.072469
3269.693297 68.733944
3270.105434 68.701368
3270.517571 69.586470
3270.929708 69.983910
3271.341845 68.868025
3271.753983 68.400854
3272.166120 67.515402
3272.578257 68.913661
3272.990394 70.521486
3273.402531 69.295539
3273.814668 67.350821
3274.226805 68.623056
3274.638942 67.767752
3275.051079 67.672527
3275.463216 67.143832
3275.875353 68.105070
3276.287490 67.901433
3276.699627 66.210317
3277.111764 66.858681
3277.523901 66.790852
3277.936038 68.531558
3278.348175 69.120350
3278.760312 67.168577
3279.172449 66.939971
3279.584586 70.525414
3279.996723 69.797512
3280.408860 68.663137
3280.820997 68.997302
3281.233134 68.842380
3281.645271 68.934277
3282.057408 67.191795
3282.469545 68.767170
3282.881682 69.485815
3283.293819 69.181323
3283.705956 67.648157
3284.118093 67.153890
3284.530230 67.753566
3284.942367 66.664077
3285.354504 66.459239
3285.766641 66.873543
3286.178778 67.004772
3286.590915 67.311415
3287.003052 68.318564
3287.415189 68.195642
3287.827326 69.525121
3288.239463 68.541891
3288.651600 67.645880
3289.063737 68.575518
3289.475874 68.698165
3289.888011 68.414890
3290.300148 68.081376
3290.712285 67.349370
3291.124422 66.966191
3291.536559 67.190094
3291.948696 67.257347
3292.360833 67.257222
3292.772970 67.133024
3293.185107 67.980246
3293.597244 67.525285
3294.009381 68.735370
3294.421518 68.883712
3294.833655 69.455065
3295.245792 68.174099
3295.657929 68.092685
3296.070066 66.057946
3296.482203 64.927399
3296.894340 65.175571
3297.306478 63.583758
3297.718615 65.342529
3298.130752 66.754498
3298.542889 66.470974
3298.955026 65.703014
3299.367163 66.233560
3299.779300 67.136927
3300.191437 65.390316
3300.603574 65.647721
3301.015711 63.511851
3301.427848 64.979541
3301.839985 66.272316
3302.252122 65.228563
3302.664259 64.970583
3303.076396 64.501436
3303.488533 65.235569
3303.900670 66.258355
3304.312807 65.740219
3304.724944 64.946164
3305.137081 64.706549
3305.549218 63.523861
3305.961355 65.104890
3306.373492 65.773370
3306.785629 64.311611
3307.197766 64.355471
3307.609903 63.845516
3308.022040 64.352818
3308.434177 65.788557
3308.846314 65.056827
3309.258451 64.061387
3309.670588 63.173608
3310.082725 63.220295
3310.494862 64.371508
3310.906999 66.394688
3311.319136 64.024583
3311.731273 62.986685
3312.143410 63.107631
3312.555547 63.056390
3312.967684 63.785544
3313.379821 63.227476
3313.791958 61.892292
3314.204095 62.251001
3314.616232 62.657299
3315.028369 64.003792
3315.440506 63.940466
3315.852643 62.934544
3316.264780 62.567753
3316.676917 61.252484
3317.089054 59.714740
3317.501191 60.153713
3317.913328 60.948919
3318.325465 61.651351
3318.737602 61.620501
3319.149739 60.860523
3319.561876 61.657531
3319.974013 62.789829
3320.386150 63.367162
3320.798287 63.457158
3321.210424 63.001171
3321.622561 61.798768
3322.034698 62.003955
3322.446835 62.587543
3322.858973 62.703460
3323.271110 62.085270
3323.683247 61.340104
3324.095384 60.521930
3324.507521 61.586224
3324.919658 61.686679
3325.331795 62.104085
3325.743932 61.298246
3326.156069 61.142547
3326.568206 61.642669
3326.980343 61.311206
3327.392480 61.788234
3327.804617 61.340879
3328.216754 61.013044
3328.628891 61.167967
3329.041028 61.704918
3329.453165 61.378534
3329.865302 61.670691
3330.277439 61.934550
3330.689576 63.205909
3331.101713 61.120179
3331.513850 60.806681
3331.925987 61.052726
3332.338124 60.331429
3332.750261 61.797392
3333.162398 61.569060
3333.574535 62.580788
3333.986672 62.391638
3334.398809 62.515886
3334.810946 62.507530
3335.223083 64.225718
3335.635220 63.970866
3336.047357 64.204626
3336.459494 63.526263
3336.871631 62.537654
3337.283768 62.485387
3337.695905 62.888432
3338.108042 63.993834
3338.520179 63.906314
3338.932316 64.006794
3339.344453 62.319406
3339.756590 62.026523
3340.168727 62.914753
3340.580864 62.449509
3340.993001 63.212664
3341.405138 62.603056
3341.817275 62.187751
3342.229412 61.213453
3342.641549 61.406757
3343.053686 63.094145
3343.465823 61.719104
3343.877960 62.444405
3344.290097 63.699325
3344.702234 63.233055
3345.114371 64.020605
3345.526508 63.976845
3345.938645 62.685021
3346.350782 63.690793
3346.762919 63.770382
3347.175056 64.006694
3347.587193 62.243320
3347.999331 62.225706
3348.411468 63.825951
3348.823605 62.667106
3349.235742 61.622453
3349.647879 61.280206
3350.060016 62.956261
3350.472153 62.681443
3350.884290 63.683738
3351.296427 61.649574
3351.708564 61.028657
3352.120701 62.079590
3352.532838 60.677753
3352.944975 59.179340
3353.357112 59.918051
3353.769249 60.831901
3354.181386 60.546750
3354.593523 60.142504
3355.005660 59.476951
3355.417797 59.262306
3355.829934 59.060996
3356.242071 58.922761
3356.654208 60.887895
3357.066345 60.942639
3357.478482 60.507443
3357.890619 60.593412
3358.302756 59.734881
3358.714893 59.725198
3359.127030 60.708628
3359.539167 61.059782
3359.951304 61.078847
3360.363441 60.653059
3360.775578 60.507268
3361.187715 60.977316
3361.599852 60.728794
3362.011989 61.150854
3362.424126 60.452225
3362.836263 60.934582
3363.248400 61.509338
3363.660537 59.085816
3364.072674 57.786685
3364.484811 60.001092
3364.896948 60.244960
3365.309085 59.825027
3365.721222 59.831958
3366.133359 60.304733
3366.545496 61.097061
3366.957633 62.023721
3367.369770 60.934357
3367.781907 59.867836
3368.194044 60.267703
3368.606181 60.455677
3369.018318 59.942320
3369.430455 60.597640
3369.842592 60.696193
3370.254729 60.149560
3370.666866 60.443818
3371.079003 60.793921
3371.491140 60.013827
3371.903277 59.399014
3372.315414 60.440440
3372.727551 60.267828
3373.139688 61.198992
3373.551826 61.369677
3373.963963 61.898747
3374.376100 60.366582
3374.788237 59.713314
3375.200374 60.780960
3375.612511 61.300948
3376.024648 61.828091
3376.436785 61.990820
3376.848922 61.107594
3377.261059 60.387148
3377.673196 59.818572
3378.085333 59.271513
3378.497470 59.944422
3378.909607 60.184312
3379.321744 59.453733
3379.733881 60.471390
3380.146018 61.558552
3380.558155 60.344114
3380.970292 59.449229
3381.382429 58.968873
3381.794566 60.198849
3382.206703 59.457085
3382.618840 57.972558
3383.030977 61.029983
3383.443114 61.593054
3383.855251 59.912647
3384.267388 60.395955
3384.679525 60.967058
3385.091662 60.385947
3385.503799 59.703906
3385.915936 59.216069
3386.328073 59.798531
3386.740210 59.355229
3387.152347 59.216069
3387.564484 60.006646
3387.976621 59.440247
3388.388758 59.525364
3388.800895 60.665319
3389.213032 61.524200
3389.625169 61.136092
3390.037306 60.610350
3390.449443 60.096217
3390.861580 59.356556
3391.273717 58.437251
3391.685854 58.840521
3392.097991 59.510002
3392.510128 60.090363
3392.922265 60.101321
3393.334402 59.790325
3393.746539 60.162770
3394.158676 60.481873
3394.570813 59.781718
3394.982950 59.104756
3395.395087 59.420706
3395.807224 60.768826
3396.219361 60.847188
3396.631498 59.238212
3397.043635 59.844317
3397.455772 58.535379
3397.867909 59.492363
3398.280046 59.217045
3398.692184 59.262056
3399.104321 59.778315
3399.516458 60.331554
3399.928595 61.455220
3400.340732 60.966107
3400.752869 60.152287
3401.165006 59.797555
3401.577143 60.426679
3401.989280 61.432027
3402.401417 60.838506
3402.813554 61.494977
3403.225691 60.674101
3403.637828 60.593186
3404.049965 61.560729
3404.462102 61.446338
3404.874239 61.339979
3405.286376 60.013326
3405.698513 61.146725
3406.110650 59.835460
3406.522787 60.927101
3406.934924 61.206398
3407.347061 61.302274
3407.759198 61.676821
3408.171335 60.446170
3408.583472 60.596514
3408.995609 61.901799
3409.407746 61.176099
3409.819883 62.714069
3410.232020 62.304219
3410.644157 60.712106
3411.056294 61.359719
3411.468431 61.414513
3411.880568 62.683620
3412.292705 61.305326
3412.704842 61.943908
3413.116979 62.475204
3413.529116 61.271374
3413.941253 61.538987
3414.353390 62.225756
3414.765527 62.566527
3415.177664 62.114693
3415.589801 61.713450
3416.001938 63.084287
3416.414075 62.974400
3416.826212 63.275689
3417.238349 62.698932
3417.650486 62.780722
3418.062623 63.307189
3418.474760 63.651362
3418.886897 64.026159
3419.299034 62.967820
3419.711171 63.570598
3420.123308 64.561809
3420.535445 64.150958
3420.947582 64.419046
3421.359719 64.648978
3421.771856 64.505039
3422.183993 63.993108
3422.596130 64.540342
3423.008267 64.304155
3423.420404 63.647284
3423.832541 64.910886
3424.244679 64.214284
3424.656816 65.469079
3425.068953 65.023801
3425.481090 63.378846
3425.893227 63.084938
3426.305364 62.304519
3426.717501 62.712042
3427.129638 63.771683
3427.541775 63.097198
3427.953912 65.326216
3428.366049 64.802800
3428.778186 64.856718
3429.190323 64.883064
3429.602460 64.241405
3430.014597 65.102563
3430.426734 65.770043
3430.838871 63.109257
3431.251008 60.868380
3431.663145 61.814930
3432.075282 62.167135
3432.487419 61.824838
3432.899556 62.345551
3433.311693 60.514049
3433.723830 60.177532
3434.135967 60.118810
3434.548104 58.881654
3434.960241 59.082213
3435.372378 59.110210
3435.784515 60.546750
3436.196652 60.838556
3436.608789 58.936197
3437.020926 58.135937
3437.433063 58.652747
3437.845200 58.905423
3438.257337 60.105675
3438.669474 60.653584
3439.081611 60.877137
3439.493748 59.809415
3439.905885 59.390908
3440.318022 60.123814
3440.730159 60.426829
3441.142296 61.089505
3441.554433 60.255043
3441.966570 58.740642
3442.378707 58.613341
3442.790844 59.445376
3443.202981 59.119593
3443.615118 58.457417
3444.027255 58.276549
3444.439392 57.710375
3444.851529 57.795167
3445.263666 57.094261
3445.675803 58.332844
3446.087940 59.169357
3446.500077 59.256126
3446.912214 59.114539
3447.324351 59.335614
3447.736488 58.883155
3448.148625 58.813175
3448.560762 58.818078
3448.972899 58.551667
3449.385037 60.692890
3449.797174 62.872945
3450.209311 61.490373
3450.621448 59.516933
3451.033585 59.763904
3451.445722 58.261287
3451.857859 57.288991
3452.269996 57.288415
3452.682133 55.254927
3453.094270 58.192657
3453.506407 57.488174
3453.918544 58.487591
3454.330681 58.943003
3454.742818 58.473705
3455.154955 58.912804
3455.567092 59.359908
3455.979229 59.126798
3456.391366 57.682603
3456.803503 57.281084
3457.215640 57.585376
3457.627777 59.172009
3458.039914 60.287119
3458.452051 60.629115
3458.864188 60.166348
3459.276325 59.149992
3459.688462 58.889235
3460.100599 58.797837
3460.512736 58.314879
3460.924873 57.245056
3461.337010 57.185809
3461.749147 58.320133
3462.161284 59.752545
3462.573421 58.716148
3462.985558 58.819179
3463.397695 58.739241
3463.809832 58.149523
3464.221969 58.972476
3464.634106 58.440429
3465.046243 58.318082
3465.458380 58.737865
3465.870517 58.348831
3466.282654 58.373826
3466.694791 58.939149
3467.106928 59.471247
3467.519065 59.279044
3467.931202 59.658470
3468.343339 58.530025
3468.755476 58.534053
3469.167613 60.293349
3469.579750 60.576773
3469.991887 58.392941
3470.404024 58.303295
3470.816161 57.575143
3471.228298 58.612465
3471.640435 58.847702
3472.052572 59.065950
3472.464709 57.938055
3472.876846 59.084315
3473.288983 58.602457
3473.701120 58.466299
3474.113257 57.851161
3474.525394 59.283798
3474.937532 59.449629
3475.349669 58.565178
3475.761806 57.574342
3476.173943 59.106883
3476.586080 61.068413
3476.998217 59.757924
3477.410354 57.671094
3477.822491 55.828082
3478.234628 55.644611
3478.646765 56.776009
3479.058902 58.483088
3479.471039 59.728776
3479.883176 59.931462
3480.295313 57.609970
3480.707450 56.522483
3481.119587 56.225222
3481.531724 56.709481
3481.943861 57.884863
3482.355998 58.235391
3482.768135 57.340757
3483.180272 57.340431
3483.592409 57.652229
3484.004546 58.227635
3484.416683 58.618120
3484.828820 57.613973
3485.240957 57.572641
3485.653094 57.013647
3486.065231 57.462728
3486.477368 57.032237
3486.889505 56.781613
3487.301642 58.173042
3487.713779 58.929442
3488.125916 58.139815
3488.538053 56.897155
3488.950190 58.343802
3489.362327 56.387526
3489.774464 57.798595
3490.186601 59.123496
3490.598738 58.464323
3491.010875 57.344109
3491.423012 57.444839
3491.835149 58.140166
3492.247286 58.225083
3492.659423 58.636534
3493.071560 56.760521
3493.483697 56.719914
3493.895834 56.987476
3494.307971 56.480449
3494.720108 57.169396
3495.132245 56.581479
3495.544382 57.510391
3495.956519 57.131265
3496.368656 56.431736
3496.780793 56.673327
3497.192930 56.680283
3497.605067 57.057732
3498.017204 57.053229
3498.429341 56.604948
3498.841478 56.682259
3499.253615 55.904192
3499.665752 56.731173
3500.077890 57.612872
3500.490027 56.144808
3500.902164 55.897187
3501.314301 56.826299
3501.726438 57.321391
3502.138575 57.208552
3502.550712 57.010019
3502.962849 56.201003
3503.374986 56.492334
3503.787123 57.724011
3504.199260 58.026050
3504.611397 57.224965
3505.023534 56.014830
3505.435671 55.015763
3505.847808 54.914607
3506.259945 55.543331
3506.672082 56.333808
3507.084219 55.443177
3507.496356 56.156517
3507.908493 57.419194
3508.320630 55.746667
3508.732767 54.164087
3509.144904 54.562878
3509.557041 54.629806
3509.969178 54.986439
3510.381315 55.355857
3510.793452 55.583713
3511.205589 54.803044
3511.617726 55.241592
3512.029863 55.799259
3512.442000 55.817724
3512.854137 54.043691
3513.266274 55.188249
3513.678411 53.898752
3514.090548 54.397772
3514.502685 54.331520
3514.914822 54.564480
3515.326959 54.879680
3515.739096 55.434345
3516.151233 55.318052
3516.563370 54.196713
3516.975507 53.255716
3517.387644 54.303222
3517.799781 54.228463
3518.211918 53.690812
3518.624055 54.659605
3519.036192 54.455143
3519.448329 55.068479
3519.860466 55.092699
3520.272603 54.195937
3520.684740 52.244940
3521.096877 52.860653
3521.509014 54.855285
3521.921151 53.685207
3522.333288 53.679503
3522.745425 53.843583
3523.157562 52.485981
3523.569699 52.585660
3523.981836 53.687709
3524.393973 53.652907
3524.806110 51.881577
3525.218247 51.914227
3525.630385 51.451761
3526.042522 51.188001
3526.454659 50.990520
3526.866796 51.677740
3527.278933 51.556268
3527.691070 52.093019
3528.103207 52.001497
3528.515344 52.748139
3528.927481 52.915547
3529.339618 52.379321
3529.751755 51.654997
3530.163892 52.613157
3530.576029 51.883528
3530.988166 51.325510
3531.400303 49.807081
3531.812440 50.045245
3532.224577 50.377283
3532.636714 50.764165
3533.048851 51.678015
3533.460988 52.156820
3533.873125 52.349923
3534.285262 51.656648
3534.697399 51.375025
3535.109536 49.841033
3535.521673 50.055203
3535.933810 50.820585
3536.345947 51.122024
3536.758084 50.833795
3537.170221 51.435798
3537.582358 51.380379
3537.994495 50.879206
3538.406632 50.401728
3538.818769 50.402628
3539.230906 51.514085
3539.643043 50.987768
3540.055180 51.993315
3540.467317 51.958663
3540.879454 50.673769
3541.291591 50.692984
3541.703728 51.241419
3542.115865 50.459499
3542.528002 50.372855
3542.940139 50.110872
3543.352276 50.970079
3543.764413 51.819327
3544.176550 51.262561
3544.588687 51.400620
3545.000824 51.084945
3545.412961 50.652652
3545.825098 50.758361
3546.237235 50.470958
3546.649372 49.936259
3547.061509 49.211309
3547.473646 49.384346
3547.885783 49.570493
3548.297920 50.304976
3548.710057 50.450867
3549.122194 51.160129
3549.534331 49.658989
3549.946468 49.556607
3550.358605 49.826972
3550.770742 51.008684
3551.182880 51.900416
3551.595017 51.810220
3552.007154 51.314702
3552.419291 50.752756
3552.831428 50.518495
3553.243565 50.501582
3553.655702 51.297763
3554.067839 51.003605
3554.479976 51.585992
3554.892113 52.034248
3555.304250 51.903219
3555.716387 50.476962
3556.128524 50.260741
3556.540661 50.710473
3556.952798 50.908355
3557.364935 50.865896
3557.777072 50.727011
3558.189209 51.147945
3558.601346 51.454938
3559.013483 52.266257
3559.425620 52.493937
3559.837757 51.877123
3560.249894 50.686654
3560.662031 51.212971
3561.074168 50.721131
3561.486305 51.282676
3561.898442 51.723026
3562.310579 52.630796
3562.722716 52.988905
3563.134853 51.729456
3563.546990 51.387860
3563.959127 49.500288
3564.371264 49.731796
3564.783401 49.908311
3565.195538 50.315334
3565.607675 50.621752
3566.019812 51.127528
3566.431949 52.227176
3566.844086 51.415357
3567.256223 51.138562
3567.668360 50.982263
3568.080497 51.723651
3568.492634 51.410628
3568.904771 51.413330
3569.316908 51.469124
3569.729045 51.942350
3570.141182 52.543251
3570.553319 53.001290
3570.965456 53.249361
3571.377593 52.675406
3571.789730 52.533819
3572.201867 52.556537
3572.614004 52.269009
3573.026141 51.645189
3573.438278 52.576853
3573.850415 51.702034
3574.262552 51.101933
3574.674689 50.776125
3575.086826 51.272669
3575.498963 51.510282
3575.911100 52.491435
3576.323238 52.847593
3576.735375 51.878099
3577.147512 51.773191
3577.559649 52.220270
3577.971786 52.717289
3578.383923 52.750115
3578.796060 51.883953
3579.208197 52.493987
3579.620334 51.479733
3580.032471 52.694321
3580.444608 52.325078
3580.856745 52.015883
3581.268882 51.730282
3581.681019 52.310166
3582.093156 52.586010
3582.505293 52.943794
3582.917430 53.264148
3583.329567 53.058885
3583.741704 52.321551
3584.153841 52.461887
3584.565978 52.211188
3584.978115 52.469893
3585.390252 53.606770
3585.802389 54.054100
3586.214526 53.389222
3586.626663 52.432288
3587.038800 51.867090
3587.450937 52.289300
3587.863074 51.976277
3588.275211 52.249268
3588.687348 52.389805
3589.099485 51.913327
3589.511622 51.584816
3589.923759 51.923610
3590.335896 51.904395
3590.748033 52.818320
3591.160170 52.326004
3591.572307 52.066748
3591.984444 52.037475
3592.396581 51.511433
3592.808718 50.878106
3593.220855 50.427773
3593.632992 50.252609
3594.045129 50.896070
3594.457266 51.493769
3594.869403 52.029969
3595.281540 51.441978
3595.693677 52.054314
3596.105814 51.741015
3596.517951 51.329764
3596.930088 50.386641
3597.342225 49.999083
3597.754362 49.888120
3598.166499 50.614496
3598.578636 50.392095
3598.990773 50.612720
3599.402910 51.244121
3599.815047 50.889815
3600.227184 50.455370
3600.639321 50.361496
3601.051458 50.069089
3601.463595 50.459624
3601.875733 50.383763
3602.287870 49.680155
3602.700007 50.710948
3603.112144 51.373899
3603.524281 50.903050
3603.936418 52.271686
3604.348555 50.296069
3604.760692 50.735367
3605.172829 50.769620
3605.584966 50.853811
3605.997103 50.078271
3606.409240 50.088930
3606.821377 50.271900
3607.233514 50.484393
3607.645651 50.606365
3608.057788 50.368752
3608.469925 50.204822
3608.882062 49.390000
3609.294199 49.981770
3609.706336 50.884861
3610.118473 51.107763
3610.530610 51.870868
3610.942747 50.899673
3611.354884 50.784181
3611.767021 50.572338
3612.179158 50.419592
3612.591295 49.902557
3613.003432 50.486245
3613.415569 50.850083
3613.827706 51.582239
3614.239843 51.116945
3614.651980 50.142922
3615.064117 49.884793
3615.476254 49.917319
3615.888391 49.169200
3616.300528 49.998108
3616.712665 50.019224
3617.124802 50.661184
3617.536939 49.792094
3617.949076 51.188652
3618.361213 51.474529
3618.773350 50.980962
3619.185487 51.173365
3619.597624 50.261642
3620.009761 50.698113
3620.421898 49.903057
3620.834035 50.976859
3621.246172 50.826440
3621.658309 50.106343
3622.070446 49.392552
3622.482583 50.294743
3622.894720 49.552804
3623.306857 49.731771
3623.718994 49.458480
3624.131131 50.095210
3624.543268 50.315334
3624.955405 51.209218
3625.367542 50.687104
3625.779679 51.008084
3626.191816 50.228766
3626.603953 49.904533
3627.016091 50.291215
3627.428228 50.456071
3627.840365 50.538686
3628.252502 50.817057
3628.664639 51.334918
3629.076776 49.650682
3629.488913 49.238980
3629.901050 49.405137
3630.313187 48.981276
3630.725324 49.011350
3631.137461 49.944965
3631.549598 50.291215
3631.961735 50.490248
3632.373872 51.204039
3632.786009 50.446063
3633.198146 49.725141
3633.610283 49.820066
3634.022420 50.352539
3634.434557 49.855019
3634.846694 50.163789
3635.258831 49.721738
3635.670968 50.126284
3636.083105 49.455752
3636.495242 47.574560
3636.907379 46.892319
3637.319516 46.955669
3637.731653 47.719575
3638.143790 49.244935
3638.555927 51.668357
3638.968064 50.303125
3639.380201 49.872908
3639.792338 48.183894
3640.204475 46.942459
3640.616612 48.701754
3641.028749 51.603606
3641.440886 52.057666
3641.853023 52.291251
3642.265160 50.777301
3642.677297 47.995169
3643.089434 46.712426
3643.501571 47.135912
3643.913708 47.129582
3644.325845 48.812592
3644.737982 49.251891
3645.150119 49.365681
3645.562256 48.834635
3645.974393 49.952922
3646.386530 50.148152
3646.798667 50.009642
3647.210804 49.085934
3647.622941 48.646435
3648.035078 48.951753
3648.447215 48.835786
3648.859352 49.094391
3649.271489 49.392903
3649.683626 49.137750
3650.095763 48.313772
3650.507900 48.781117
3650.920037 48.562719
3651.332174 48.605053
3651.744311 48.324205
3652.156448 48.365763
3652.568586 48.322779
3652.980723 49.203402
3653.392860 49.117009
3653.804997 48.806963
3654.217134 49.243759
3654.629271 48.065149
3655.041408 47.660779
3655.453545 45.713234
3655.865682 47.148447
3656.277819 47.379155
3656.689956 49.429131
3657.102093 52.915797
3657.514230 52.092569
3657.926367 51.760806
3658.338504 49.053058
3658.750641 47.580490
3659.162778 45.298530
3659.574915 45.938538
3659.987052 47.344603
3660.399189 47.339724
3660.811326 47.146596
3661.223463 48.687068
3661.635600 47.460595
3662.047737 48.377122
3662.459874 48.028220
3662.872011 46.468958
3663.284148 46.380538
3663.696285 47.868493
3664.108422 47.336321
3664.520559 48.456535
3664.932696 48.230456
3665.344833 47.992192
3665.756970 48.483656
3666.169107 49.118810
3666.581244 48.570425
3666.993381 48.974696
3667.405518 49.155814
3667.817655 47.822907
3668.229792 47.697533
3668.641929 48.287176
3669.054066 47.124028
3669.466203 47.110617
3669.878340 48.187221
3670.290477 48.489436
3670.702614 48.540727
3671.114751 47.849578
3671.526888 48.679687
3671.939025 47.845400
3672.351162 47.371349
3672.763299 47.642164
3673.175436 46.759689
3673.587573 46.801922
3673.999710 47.225008
3674.411847 48.074507
3674.823984 48.938242
3675.236121 46.571515
3675.648258 44.702082
3676.060395 45.232628
3676.472532 47.760107
3676.884669 48.113613
3677.296806 52.416000
3677.708944 52.084988
3678.121081 48.088443
3678.533218 47.218928
3678.945355 44.559319
3679.357492 44.860883
3679.769629 46.493178
3680.181766 47.237493
3680.593903 47.851080
3681.006040 48.170458
3681.418177 47.185952
3681.830314 46.739323
3682.242451 45.858399
3682.654588 45.878565
3683.066725 48.055417
3683.478862 50.496578
3683.890999 50.075544
3684.303136 49.481072
3684.715273 48.267110
3685.127410 47.047492
3685.539547 46.137470
3685.951684 46.178178
3686.363821 46.802323
3686.775958 47.564452
3687.188095 47.507507
3687.600232 45.622812
3688.012369 44.857605
3688.424506 44.122547
3688.836643 46.755235
3689.248780 48.659346
3689.660917 49.522205
3690.073054 49.879489
3690.485191 47.562601
3690.897328 43.496125
3691.309465 43.162886
3691.721602 43.508310
3692.133739 45.594139
3692.545876 48.290203
3692.958013 48.236811
3693.370150 47.968998
3693.782287 46.993549
3694.194424 45.876113
3694.606561 46.150706
3695.018698 46.908507
3695.430835 47.145495
3695.842972 47.132935
3696.255109 46.774200
3696.667246 47.718850
3697.079383 47.278350
3697.491520 47.418537
3697.903657 46.608894
3698.315794 46.377311
3698.727931 46.906906
3699.140068 46.865698
3699.552205 47.429445
3699.964342 45.375316
3700.376479 45.122866
3700.788616 45.776709
3701.200753 45.790020
3701.612890 45.858399
3702.025027 45.279490
3702.437164 43.157882
3702.849301 43.926842
3703.261439 44.942698
3703.673576 48.370266
3704.085713 48.419130
3704.497850 47.618570
3704.909987 45.948996
3705.322124 44.115792
3705.734261 43.803544
3706.146398 43.778925
3706.558535 44.524166
3706.970672 46.576969
3707.382809 45.737703
3707.794946 47.023698
3708.207083 45.689665
3708.619220 46.960924
3709.031357 46.509741
3709.443494 46.639093
3709.855631 47.234466
3710.267768 46.780005
3710.679905 45.943266
3711.092042 45.952574
3711.504179 46.333251
3711.916316 46.235923
3712.328453 47.302344
3712.740590 47.459219
3713.152727 46.628360
3713.564864 46.405933
3713.977001 46.202247
3714.389138 45.629292
3714.801275 45.861552
3715.213412 47.782250
3715.625549 48.849246
3716.037686 47.642139
3716.449823 45.737903
3716.861960 45.607625
3717.274097 45.939138
3717.686234 45.411069
3718.098371 45.073727
3718.510508 45.185265
3718.922645 45.951323
3719.334782 46.152958
3719.746919 47.187979
3720.159056 48.264282
3720.571193 49.894375
3720.983330 45.984749
3721.395467 46.293644
3721.807604 44.612936
3722.219741 44.666379
3722.631878 45.158144
3723.044015 45.338712
3723.456152 45.127995
3723.868289 45.406190
3724.280426 45.028166
3724.692563 45.961931
3725.104700 45.656614
3725.516837 45.530789
3725.928974 44.800410
3726.341111 45.484352
3726.753248 45.804982
3727.165385 46.857717
3727.577522 47.498500
3727.989659 47.029028
3728.401796 48.344896
3728.813934 49.809008
3729.226071 50.607241
3729.638208 52.262253
3730.050345 52.233681
3730.462482 53.869278
3730.874619 54.621875
3731.286756 56.062768
3731.698893 56.257773
3732.111030 54.878228
3732.523167 55.029298
3732.935304 53.871205
3733.347441 56.147435
3733.759578 56.379869
3734.171715 53.722812
3734.583852 53.012824
3734.995989 50.971930
3735.408126 48.453808
3735.820263 46.741074
3736.232400 44.846021
3736.644537 44.782296
3737.056674 44.454210
3737.468811 45.330180
3737.880948 45.819468
3738.293085 44.964540
3738.705222 44.726251
3739.117359 44.726676
3739.529496 44.594221
3739.941633 44.260607
3740.353770 43.552345
3740.765907 43.267419
3741.178044 44.614713
3741.590181 45.289097
3742.002318 46.578996
3742.414455 46.542992
3742.826592 47.265315
3743.238729 46.594283
3743.650866 46.593082
3744.063003 45.594540
3744.475140 45.942316
3744.887277 46.436608
3745.299414 46.810279
3745.711551 45.372138
3746.123688 45.673477
3746.535825 45.790470
3746.947962 46.483095
3747.360099 46.502860
3747.772236 46.591305
3748.184373 46.437909
3748.596510 45.512725
3749.008647 46.200696
3749.420784 46.400854
3749.832921 46.549822
3750.245058 46.862821
3750.657195 46.663838
3751.069332 45.946644
3751.481469 44.551963
3751.893606 44.119145
3752.305743 45.149812
3752.717880 44.160978
3753.130017 45.802129
3753.542154 45.390778
3753.954292 44.809067
3754.366429 45.332482
3754.778566 46.249709
3755.190703 46.679150
3755.602840 48.023892
3756.014977 48.207187
3756.427114 48.406195
3756.839251 46.892244
3757.251388 46.293644
3757.663525 45.920098
3758.075662 45.301382
3758.487799 46.261994
3758.899936 47.438327
3759.312073 47.217677
3759.724210 46.517297
3760.136347 46.728839
3760.548484 45.936686
3760.960621 45.853620
3761.372758 46.435382
3761.784895 44.455611
3762.197032 44.952931
3762.609169 44.960962
3763.021306 44.337718
3763.433443 44.549761
3763.845580 44.830183
3764.257717 44.575456
3764.669854 44.438648
3765.081991 45.131072
3765.494128 45.572998
3765.906265 46.438509
3766.318402 46.747930
3766.730539 46.870177
3767.142676 45.355775
3767.554813 44.306618
3767.966950 44.325333
3768.379087 44.259556
3768.791224 45.046030
3769.203361 44.982279
3769.615498 44.452934
3770.027635 44.413403
3770.439772 44.706886
3770.851909 44.883851
3771.264046 44.383104
3771.676183 44.575982
3772.088320 44.403120
3772.500457 43.464725
3772.912594 43.814778
3773.324731 44.328561
3773.736868 44.451883
3774.149005 43.970752
3774.561142 44.240216
3774.973279 44.195755
3775.385416 43.833143
3775.797553 44.246871
3776.209690 43.870973
3776.621827 43.238546
3777.033964 43.007463
3777.446101 43.282331
3777.858238 43.131511
3778.270375 43.219781
3778.682512 43.163662
3779.094649 41.436041
3779.506787 40.914077
3779.918924 40.839343
3780.331061 40.569829
3780.743198 41.702578
3781.155335 43.650573
3781.567472 45.526035
3781.979609 45.718788
3782.391746 45.676855
3782.803883 41.594542
3783.216020 39.120580
3783.628157 39.331172
3784.040294 40.522642
3784.452431 43.469679
3784.864568 45.127419
3785.276705 43.356990
3785.688842 42.399455
3786.100979 42.251563
3786.513116 42.279635
3786.925253 42.370407
3787.337390 42.956722
3787.749527 42.191015
3788.161664 41.844515
3788.573801 41.493237
3788.985938 42.270203
3789.398075 42.169223
3789.810212 42.988398
3790.222349 43.554271
3790.634486 41.246641
3791.046623 41.871712
3791.458760 41.549131
3791.870897 40.634456
3792.283034 40.673211
3792.695171 40.194156
3793.107308 41.099775
3793.519445 40.927438
3793.931582 41.028618
3794.343719 40.536203
3794.755856 40.517213
3795.167993 42.226418
3795.580130 41.903787
3795.992267 41.030445
3796.404404 40.741390
3796.816541 40.127854
3797.228678 40.087246
3797.640815 41.233781
3798.052952 41.146787
3798.465089 41.801982
3798.877226 41.845891
3799.289363 40.956586
3799.701500 39.738370
3800.113637 40.133858
3800.525774 40.299915
3800.937911 40.107037
3801.350048 39.298821
3801.762185 39.086978
3802.174322 39.431151
3802.586459 40.111716
3802.998596 38.729670
3803.410733 38.688612
3803.822870 38.774305
3804.235007 38.215487
3804.647145 38.692941
3805.059282 38.043826
3805.471419 39.743299
3805.883556 40.944426
3806.295693 40.243846
3806.707830 39.864495
3807.119967 39.793488
3807.532104 37.389707
3807.944241 38.716184
3808.356378 38.875535
3808.768515 40.330740
3809.180652 41.545103
3809.592789 40.584641
3810.004926 40.259933
3810.417063 40.549038
3810.829200 40.123600
3811.241337 39.348961
3811.653474 39.723758
3812.065611 40.848450
3812.477748 39.754082
3812.889885 40.714269
3813.302022 40.781697
3813.714159 40.789654
3814.126296 39.149878
3814.538433 38.575973
3814.950570 38.328326
3815.362707 37.861156
3815.774844 39.428224
3816.186981 40.387435
3816.599118 39.818158
3817.011255 38.856971
3817.423392 39.551296
3817.835529 38.160293
3818.247666 38.526959
3818.659803 40.964567
3819.071940 42.176354
3819.484077 40.186675
3819.896214 35.336053
3820.308351 37.270587
3820.720488 38.644427
3821.132625 39.951864
3821.544762 39.017123
3821.956899 39.879732
3822.369036 43.705717
3822.781173 42.540117
3823.193310 38.386222
3823.605447 37.996588
3824.017584 35.576969
3824.429721 34.971764
3824.841858 36.583993
3825.253995 38.059938
3825.666132 39.995749
3826.078269 41.867584
3826.490406 39.603137
3826.902543 38.696869
3827.314680 39.172746
3827.726817 39.614171
3828.138954 41.363784
3828.551091 42.971709
3828.963228 42.296949
3829.375365 42.350216
3829.787502 41.309291
3830.199640 41.786920
3830.611777 41.073854
3831.023914 40.481309
3831.436051 39.301874
3831.848188 38.417547
3832.260325 38.749085
3832.672462 39.872901
3833.084599 40.116395
3833.496736 44.928036
3833.908873 46.861695
3834.321010 44.527919
3834.733147 42.665416
3835.145284 39.724484
3835.557421 36.656200
3835.969558 37.385028
3836.381695 39.175748
3836.793832 39.706294
3837.205969 39.537160
3837.618106 39.364848
3838.030243 39.100639
3838.442380 37.626019
3838.854517 39.614822
3839.266654 40.094302
3839.678791 39.977084
3840.090928 40.438700
3840.503065 41.717565
3840.915202 41.134627
3841.327339 40.338145
3841.739476 40.819277
3842.151613 39.858790
3842.563750 39.211977
3842.975887 39.658331
3843.388024 40.885405
3843.800161 41.418753
3844.212298 39.759912
3844.624435 39.262717
3845.036572 38.365356
3845.448709 38.514124
3845.860846 39.783405
3846.272983 39.924718
3846.685120 39.839225
3847.097257 40.882502
3847.509394 39.574690
3847.921531 39.661609
3848.333668 39.452718
3848.745805 40.250376
3849.157942 39.577492
3849.570079 38.148259
3849.982216 38.264175
3850.394353 40.017241
3850.806490 39.880958
3851.218627 40.600804
3851.630764 40.593698
3852.042901 39.448340
3852.455038 38.251115
3852.867175 37.900887
3853.279312 36.778997
3853.691449 38.274183
3854.103586 40.132357
3854.515723 41.023689
3854.927860 40.001103
3855.339998 40.184248
3855.752135 40.250526
3856.164272 39.829767
3856.576409 40.281701
3856.988546 40.277923
3857.400683 40.542683
3857.812820 40.871694
3858.224957 40.074912
3858.637094 40.617817
3859.049231 40.762682
3859.461368 41.298908
3859.873505 41.574126
3860.285642 41.615359
3860.697779 41.513553
3861.109916 40.914077
3861.522053 41.191923
3861.934190 40.631353
3862.346327 40.442778
3862.758464 41.509500
3863.170601 41.038651
3863.582738 40.922434
3863.994875 40.626099
3864.407012 40.301967
3864.819149 40.341648
3865.231286 40.245997
3865.643423 39.773423
3866.055560 40.206391
3866.467697 40.503001
3866.879834 40.829010
3867.291971 40.634330
3867.704108 40.496121
3868.116245 41.129298
3868.528382 41.297106
3868.940519 41.294229
3869.352656 41.190497
3869.764793 41.433890
3870.176930 41.769931
3870.589067 42.652431
3871.001204 42.636569
3871.413341 42.660513
3871.825478 43.008714
3872.237615 42.990724
3872.649752 44.712015
3873.061889 45.109180
3873.474026 44.669131
3873.886163 43.167315
3874.298300 41.290526
3874.710437 40.299315
3875.122574 41.453855
3875.534711 43.423067
3875.946848 42.658161
3876.358985 44.751946
3876.771122 42.553002
3877.183259 39.926519
3877.595396 40.653596
3878.007533 40.719398
3878.419670 40.915528
3878.831807 42.053106
3879.243944 41.410021
3879.656081 37.765555
3880.068218 36.744945
3880.480355 36.238494
3880.892493 36.326038
3881.304630 37.120668
3881.716767 39.080123
3882.128904 40.228033
3882.541041 40.774617
3882.953178 40.420661
3883.365315 40.621670
3883.777452 40.990388
3884.189589 40.262510
3884.601726 39.479389
3885.013863 39.809927
3885.426000 40.117070
3885.838137 39.778702
3886.250274 40.436674
3886.662411 41.086689
3887.074548 41.404466
3887.486685 41.941817
3887.898822 40.737988
3888.310959 41.585660
3888.723096 40.450485
3889.135233 40.950957
3889.547370 40.824581
3889.959507 39.697637
3890.371644 39.659407
3890.783781 39.672793
3891.195918 39.797016
3891.608055 39.742573
3892.020192 40.203664
3892.432329 40.756377
3892.844466 41.512877
3893.256603 39.228841
3893.668740 38.405563
3894.080877 38.423177
3894.493014 37.570700
3894.905151 46.349664
3895.317288 53.483697
3895.729425 49.985523
3896.141562 48.371718
3896.553699 41.475798
3896.965836 34.011452
3897.377973 31.717132
3897.790110 35.380038
3898.202247 36.994493
3898.614384 37.745239
3899.026521 38.343188
3899.438658 38.377365
3899.850795 38.713432
3900.262932 39.333374
3900.675069 41.166127
3901.087206 37.295707
3901.499343 36.158430
3901.911480 35.966153
3902.323617 36.418386
3902.735754 37.333012
3903.147891 38.859973
3903.560028 39.329721
3903.972165 38.728719
3904.384302 37.919652
3904.796439 37.093672
3905.208576 36.445483
3905.620713 37.471372
3906.032850 37.975647
3906.444988 38.207831
3906.857125 39.295569
3907.269262 39.452818
3907.681399 37.761001
3908.093536 37.119818
3908.505673 37.013558
3908.917810 36.470378
3909.329947 35.709049
3909.742084 36.686849
3910.154221 37.821474
3910.566358 37.857628
3910.978495 38.168024
3911.390632 37.026194
3911.802769 36.293287
3912.214906 36.308249
3912.627043 36.811949
3913.039180 36.866642
3913.451317 37.559266
3913.863454 37.527641
3914.275591 37.341894
3914.687728 36.226509
3915.099865 37.741211
3915.512002 34.560338
3915.924139 32.190608
3916.336276 34.399460
3916.748413 37.426636
3917.160550 38.645928
3917.572687 40.161105
3917.984824 40.993941
3918.396961 37.586863
3918.809098 33.078337
3919.221235 32.585997
3919.633372 31.631940
3920.045509 34.100423
3920.457646 36.366670
3920.869783 36.281077
3921.281920 35.461427
3921.694057 35.044697
3922.106194 35.221712
3922.518331 34.896554
3922.930468 35.137095
3923.342605 35.167394
3923.754742 36.247476
3924.166879 35.307505
3924.579016 37.283147
3924.991153 36.380556
3925.403290 37.255075
3925.815427 35.354417
3926.227564 34.238758
3926.639701 33.851475
3927.051838 34.040100
3927.463975 35.201446
3927.876112 35.648401
3928.288249 36.703362
3928.700386 36.013315
3929.112523 33.572454
3929.524660 30.598045
3929.936797 31.728366
3930.348934 32.697085
3930.761071 37.383052
3931.173208 39.577467
3931.585346 40.577110
3931.997483 36.446133
3932.409620 32.383561
3932.821757 30.370264
3933.233894 29.625473
3933.646031 32.619873
3934.058168 33.735709
3934.470305 34.709181
3934.882442 35.380763
3935.294579 35.824165
3935.706716 35.608519
3936.118853 35.396876
3936.530990 34.516303
3936.943127 34.884144
3937.355264 35.575293
3937.767401 35.447842
3938.179538 34.267455
3938.591675 33.234511
3939.003812 33.609458
3939.415949 33.609483
3939.828086 33.702782
3940.240223 35.116904
3940.652360 35.993174
3941.064497 35.956795
3941.476634 37.107958
3941.888771 36.198637
3942.300908 36.395018
3942.713045 35.087681
3943.125182 33.567400
3943.537319 34.730272
3943.949456 35.435257
3944.361593 35.167244
3944.773730 35.289441
3945.185867 33.822052
3945.598004 31.385519
3946.010141 29.900091
3946.422278 33.587716
3946.834415 37.208013
3947.246552 40.413755
3947.658689 39.600661
3948.070826 35.824015
3948.482963 35.235298
3948.895100 31.845184
3949.307237 29.142440
3949.719374 29.718247
3950.131511 34.175407
3950.543648 37.175112
3950.955785 36.599205
3951.367922 35.459801
3951.780059 34.879566
3952.192196 35.325995
3952.604333 34.168127
3953.016470 32.340777
3953.428607 34.305536
3953.840744 34.734926
3954.252881 35.053329
3954.665018 36.558948
3955.077155 39.129812
3955.489292 38.440540
3955.901429 38.399333
3956.313566 37.417779
3956.725703 36.001356
3957.137841 35.313335
3957.549978 34.543549
3957.962115 34.816291
3958.374252 35.343684
3958.786389 35.630411
3959.198526 37.396487
3959.610663 37.858829
3960.022800 40.036706
3960.434937 39.992872
3960.847074 39.777551
3961.259211 38.079104
3961.671348 36.676816
3962.083485 36.090952
3962.495622 35.422897
3962.907759 36.064681
3963.319896 35.906781
3963.732033 34.817316
3964.144170 33.905168
3964.556307 36.016092
3964.968444 36.694931
3965.380581 37.808914
3965.792718 38.874585
3966.204855 39.236897
3966.616992 35.992273
3967.029129 34.695495
3967.441266 34.798276
3967.853403 34.796075
3968.265540 36.725930
3968.677677 38.712381
3969.089814 38.854018
3969.501951 37.889979
3969.914088 38.504641
3970.326225 38.732697
3970.738362 37.875092
3971.150499 38.474868
3971.562636 38.254768
3971.974773 38.993954
3972.386910 39.436055
3972.799047 38.004494
3973.211184 37.375295
3973.623321 37.052039
3974.035458 38.180459
3974.447595 38.582603
3974.859732 37.806938
3975.271869 35.548546
3975.684006 34.051809
3976.096143 34.066871
3976.508280 35.943260
3976.920417 39.032160
3977.332554 36.384710
3977.744691 42.382967
3978.156828 39.615147
3978.568965 37.101253
3978.981102 32.933597
3979.393239 30.056841
3979.805376 27.873259
3980.217513 32.625253
3980.629650 37.021790
3981.041787 40.561272
3981.453924 40.086596
3981.866061 37.638679
3982.278199 34.345692
3982.690336 33.741838
3983.102473 33.547860
3983.514610 32.585796
3983.926747 33.049189
3984.338884 34.370512
3984.751021 32.110194
3985.163158 31.241530
3985.575295 33.144314
3985.987432 35.619778
3986.399569 36.531926
3986.811706 36.996420
3987.223843 36.203816
3987.635980 32.477010
3988.048117 31.411740
3988.460254 32.338325
3988.872391 34.000243
3989.284528 34.857799
3989.696665 35.188561
3990.108802 34.868132
3990.520939 33.740462
3990.933076 33.407999
3991.345213 32.840298
3991.757350 33.557142
3992.169487 34.666672
3992.581624 35.046448
3992.993761 33.517586
3993.405898 31.764270
3993.818035 32.205845
3994.230172 31.654308
3994.642309 33.206614
3995.054446 34.447473
3995.466583 34.942716
3995.878720 33.781620
3996.290857 32.879029
3996.702994 31.051680
3997.115131 30.596644
3997.527268 31.967181
3997.939405 32.966248
3998.351542 33.436897
3998.763679 33.495868
3999.175816 33.634503
3999.587953 34.246514
4000.000090 35.194666
4000.412227 34.520131
4000.824364 34.796875
4001.236501 32.385087
4001.648638 30.157295
4002.060775 32.919861
4002.472912 36.371049
4002.885049 39.470107
4003.297186 36.229587
4003.709323 34.042952
4004.121460 29.271042
4004.533597 24.811230
4004.945734 24.920542
4005.357871 28.285561
4005.770008 30.508899
4006.182145 31.147556
4006.594282 32.015419
4007.006419 32.107242
4007.418556 32.021849
4007.830694 32.796589
4008.242831 33.176340
4008.654968 32.126482
4009.067105 30.659168
4009.479242 32.196012
4009.891379 32.594203
4010.303516 33.285927
4010.715653 33.117043
4011.127790 33.885502
4011.539927 31.993852
4011.952064 31.483797
4012.364201 29.691701
4012.776338 28.559353
4013.188475 30.182215
4013.600612 30.364585
4014.012749 30.587111
4014.424886 30.884372
4014.837023 30.824199
4015.249160 29.953133
4015.661297 28.115050
4016.073434 25.940801
4016.485571 22.897537
4016.897708 28.168318
4017.309845 31.635242
4017.721982 34.233178
4018.134119 39.998801
4018.546256 41.869610
4018.958393 36.001881
4019.370530 29.754701
4019.782667 29.567678
4020.194804 29.734085
4020.606941 30.734728
4021.019078 31.439387
4021.431215 30.375794
4021.843352 30.825500
4022.255489 30.628869
4022.667626 31.342936
4023.079763 31.675800
4023.491900 30.895381
4023.904037 31.122611
4024.316174 31.479769
4024.728311 30.647109
4025.140448 31.025984
4025.552585 30.774510
4025.964722 30.966987
4026.376859 29.664654
4026.788996 29.065129
4027.201133 31.326097
4027.613270 33.191602
4028.025407 32.695534
4028.437544 33.352029
4028.849681 30.929633
4029.261818 30.674330
4029.673955 29.370846
4030.086092 30.178312
4030.498229 30.003423
4030.910366 30.424507
4031.322503 30.828903
4031.734640 29.225406
4032.146777 27.934832
4032.558914 29.055121
4032.971052 29.692502
4033.383189 30.600397
4033.795326 32.527425
4034.207463 36.351658
4034.619600 32.947784
4035.031737 32.176697
4035.443874 30.600146
4035.856011 27.589934
4036.268148 27.077778
4036.680285 29.137586
4037.092422 29.372598
4037.504559 29.778545
4037.916696 30.098449
4038.328833 30.283771
4038.740970 30.511076
4039.153107 30.617185
4039.565244 30.657717
4039.977381 31.095514
4040.389518 31.203950
4040.801655 30.634674
4041.213792 31.510018
4041.625929 31.974111
4042.038066 30.983576
4042.450203 30.631246
4042.862340 29.840319
4043.274477 29.670284
4043.686614 29.682343
4044.098751 30.278842
4044.510888 30.274638
4044.923025 29.707839
4045.335162 28.958069
4045.747299 29.551189
4046.159436 29.159929
4046.571573 29.773691
4046.983710 31.357697
4047.395847 31.500886
4047.807984 32.114222
4048.220121 31.689110
4048.632258 30.031696
4049.044395 29.338946
4049.456532 29.990713
4049.868669 28.980487
4050.280806 27.749786
4050.692943 27.431408
4051.105080 27.647254
4051.517217 29.648567
4051.929354 31.481395
4052.341491 34.515527
4052.753628 36.702937
4053.165765 34.784916
4053.577902 31.250437
4053.990039 29.444880
4054.402176 28.257088
4054.814313 29.061676
4055.226450 30.865857
4055.638587 31.921845
4056.050724 31.132043
4056.462861 30.344269
4056.874998 30.257600
4057.287135 29.771164
4057.699272 29.840969
4058.111409 30.202631
4058.523547 30.944344
4058.935684 30.333685
4059.347821 29.968896
4059.759958 30.422180
4060.172095 30.237084
4060.584232 30.272487
4060.996369 29.617792
4061.408506 29.749197
4061.820643 30.222997
4062.232780 30.355803
4062.644917 31.061863
4063.057054 31.198146
4063.469191 31.132193
4063.881328 32.422167
4064.293465 31.365053
4064.705602 31.947991
4065.117739 31.956497
4065.529876 31.570266
4065.942013 31.233949
4066.354150 30.597194
4066.766287 29.953258
4067.178424 30.999488
4067.590561 30.894555
4068.002698 31.797371
4068.414835 32.127808
4068.826972 32.013568
4069.239109 30.998287
4069.651246 31.041622
4070.063383 30.390030
4070.475520 29.812572
4070.887657 30.569022
4071.299794 31.133495
4071.711931 31.106873
4072.124068 33.367817
4072.536205 34.539771
4072.948342 35.056356
4073.360479 35.068791
4073.772616 33.947426
4074.184753 32.086250
4074.596890 32.664034
4075.009027 33.104083
4075.421164 33.071307
4075.833301 33.108786
4076.245438 33.229807
4076.657575 33.040332
4077.069712 33.593546
4077.481849 33.435796
4077.893986 32.854410
4078.306123 33.363613
4078.718260 34.168302
4079.130397 34.534717
4079.542534 33.566124
4079.954671 33.719746
4080.366808 34.185140
4080.778945 35.519248
4081.191082 35.590430
4081.603219 35.595534
4082.015356 35.001187
4082.427493 34.430760
4082.839630 33.737485
4083.251767 33.395739
4083.663905 32.905300
4084.076042 33.303115
4084.488179 33.867563
4084.900316 34.433962
4085.312453 34.979895
4085.724590 33.606906
4086.136727 34.051184
4086.548864 33.601552
4086.961001 34.179360
4087.373138 34.070874
4087.785275 34.434238
4088.197412 34.465763
4088.609549 34.430485
4089.021686 33.953631
4089.433823 33.712765
4089.845960 35.028634
4090.258097 34.608050
4090.670234 36.045691
4091.082371 36.682571
4091.494508 35.630061
4091.906645 34.928430
4092.318782 35.833698
4092.730919 35.308931
4093.143056 35.484396
4093.555193 35.373307
4093.967330 36.599380
4094.379467 37.039454
4094.791604 37.164028
4095.203741 37.442749
4095.615878 36.942252
4096.028015 36.042864
4096.440152 36.088800
4096.852289 35.913286
4097.264426 36.917282
4097.676563 36.705414
4098.088700 37.256651
4098.500837 37.733730
4098.912974 37.409197
4099.325111 37.460038
4099.737248 37.360559
4100.149385 37.572277
4100.561522 37.677285
4100.973659 37.819047
4101.385796 37.165979
4101.797933 37.054891
4102.210070 36.927740
4102.622207 37.108484
4103.034344 37.733229
4103.446481 37.659646
4103.858618 37.634876
4104.270755 37.827104
4104.682892 39.193212
4105.095029 40.316028
4105.507166 40.226157
4105.919303 38.840207
4106.331440 39.264969
4106.743577 39.245329
4107.155714 38.758893
4107.567851 38.042700
4107.979988 38.011225
4108.392125 37.610332
4108.804262 37.414126
4109.216400 36.746422
4109.628537 36.855183
4110.040674 37.419706
4110.452811 36.549741
4110.864948 36.445933
4111.277085 37.228179
4111.689222 37.864959
4112.101359 38.741304
4112.513496 37.210865
4112.925633 37.298560
4113.337770 36.537881
4113.749907 35.957446
4114.162044 35.514645
4114.574181 35.892344
4114.986318 35.322292
4115.398455 35.985318
4115.810592 36.391515
4116.222729 34.906862
4116.634866 34.692693
4117.047003 35.280409
4117.459140 36.125454
4117.871277 35.771723
4118.283414 36.143944
4118.695551 36.550391
4119.107688 36.734087
4119.519825 37.449604
4119.931962 36.827311
4120.344099 36.740192
4120.756236 36.480411
4121.168373 36.855333
4121.580510 36.193333
4121.992647 34.848491
4122.404784 34.801554
4122.816921 33.564573
4123.229058 33.390059
4123.641195 33.754423
4124.053332 32.967749
4124.465469 32.719477
4124.877606 33.305142
4125.289743 32.768091
4125.701880 32.383086
4126.114017 33.029348
4126.526154 31.925923
4126.938291 31.730668
4127.350428 32.947859
4127.762565 33.567500
4128.174702 33.045686
4128.586839 33.277495
4128.998976 33.874869
4129.411113 33.510130
4129.823250 32.377907
4130.235387 32.651298
4130.647524 32.989016
4131.059661 32.496901
4131.471798 32.681347
4131.883935 32.571460
4132.296072 32.485817
4132.708209 31.704598
4133.120346 31.911812
4133.532483 32.355439
4133.944620 32.131961
4134.356757 32.521145
4134.768895 32.126382
4135.181032 31.609047
4135.593169 30.684939
4136.005306 30.945270
4136.417443 31.493055
4136.829580 31.957448
4137.241717 32.799341
4137.653854 32.333722
4138.065991 31.582926
4138.478128 31.198521
4138.890265 31.910010
4139.302402 31.497233
4139.714539 31.328024
4140.126676 30.433089
4140.538813 30.302736
4140.950950 30.792549
4141.363087 31.213858
4141.775224 31.877835
4142.187361 31.462080
4142.599498 31.252414
4143.011635 30.677057
4143.423772 30.488533
4143.835909 30.838035
4144.248046 30.015208
4144.660183 30.614032
4145.072320 29.828960
4145.484457 30.175635
4145.896594 30.470018
4146.308731 30.667950
4146.720868 30.498216
4147.133005 30.333835
4147.545142 29.652044
4147.957279 29.410278
4148.369416 29.280975
4148.781553 30.000571
4149.193690 29.937946
4149.605827 29.887256
4150.017964 30.052287
4150.430101 30.050235
4150.842238 28.850659
4151.254375 29.449784
4151.666512 29.563399
4152.078649 29.930165
4152.490786 30.150565
4152.902923 29.363866
4153.315060 29.088873
4153.727197 28.517520
4154.139334 29.051443
4154.551471 30.296431
4154.963608 31.126289
4155.375745 30.759698
4155.787882 30.620963
4156.200019 30.411422
4156.612156 30.081360
4157.024293 30.487983
4157.436430 30.487157
4157.848567 30.404491
4158.260704 28.991521
4158.672841 28.921990
4159.084978 29.263286
4159.497115 27.545399
4159.909253 26.426411
4160.321390 26.946949
4160.733527 27.657788
4161.145664 29.283327
4161.557801 29.209318
4161.969938 31.109776
4162.382075 31.529384
4162.794212 30.407068
4163.206349 28.118503
4163.618486 27.029539
4164.030623 23.289423
4164.442760 24.729490
4164.854897 26.191174
4165.267034 30.217618
4165.679171 34.884945
4166.091308 36.424191
4166.503445 33.047813
4166.915582 26.664099
4167.327719 21.050997
4167.739856 22.427939
4168.151993 24.884488
4168.564130 26.064099
4168.976267 27.559034
4169.388404 29.091825
4169.800541 29.758954
4170.212678 30.584959
4170.624815 32.213276
4171.036952 35.865598
4171.449089 35.118055
4171.861226 32.408156
4172.273363 29.170212
4172.685500 27.600117
4173.097637 25.819655
4173.509774 26.877444
4173.921911 28.926219
4174.334048 29.434722
4174.746185 28.786858
4175.158322 28.604363
4175.570459 28.358794
4175.982596 28.494126
4176.394733 30.988730
4176.806870 30.953026
4177.219007 30.946496
4177.631144 32.001458
4178.043281 30.787620
4178.455418 29.389386
4178.867555 28.555450
4179.279692 29.145993
4179.691829 29.576510
4180.103966 29.632379
4180.516103 30.265631
4180.928240 29.751098
4181.340377 29.731282
4181.752514 30.199178
4182.164651 30.255999
4182.576788 30.331784
4182.988925 30.673480
4183.401062 30.037725
4183.813199 29.906296
4184.225336 30.427860
4184.637473 31.225568
4185.049610 30.746162
4185.461748 29.882477
4185.873885 29.933943
4186.286022 29.419710
4186.698159 29.453537
4187.110296 29.712267
4187.522433 28.901649
4187.934570 29.428017
4188.346707 29.552791
4188.758844 29.385408
4189.170981 29.220902
4189.583118 29.257957
4189.995255 28.700114
4190.407392 28.359920
4190.819529 29.579462
4191.231666 29.137962
4191.643803 24.244455
4192.055940 19.137480
4192.468077 18.313276
4192.880214 22.667605
4193.292351 24.212805
4193.704488 26.145989
4194.116625 31.510068
4194.528762 33.086043
4194.940899 27.378091
4195.353036 20.370407
4195.765173 19.360056
4196.177310 15.002174
4196.589447 17.449941
4197.001584 21.827013
4197.413721 27.173754
4197.825858 33.103607
4198.237995 37.215794
4198.650132 33.809117
4199.062269 30.471544
4199.474406 27.290121
4199.886543 24.956220
4200.298680 23.915219
4200.710817 25.559799
4201.122954 27.064317
4201.535091 26.892456
4201.947228 27.860749
4202.359365 27.655111
4202.771502 26.478027
4203.183639 28.015772
4203.595776 28.285561
4204.007913 28.720481
4204.420050 28.934851
4204.832187 28.832519
4205.244324 26.978799
4205.656461 27.130169
4206.068598 26.731228
4206.480735 26.046685
4206.892872 25.953736
4207.305009 26.937216
4207.717146 27.300855
4208.129283 27.752012
4208.541420 27.947392
4208.953557 27.936309
4209.365694 27.862025
4209.777831 27.623360
4210.189968 27.369484
4210.602106 26.596646
4211.014243 24.737847
4211.426380 24.221112
4211.838517 25.714671
4212.250654 27.362278
4212.662791 29.957762
4213.074928 31.059811
4213.487065 30.976470
4213.899202 29.025197
4214.311339 26.410498
4214.723476 25.320909
4215.135613 25.565578
4215.547750 25.130858
4215.959887 26.726474
4216.372024 28.349061
4216.784161 28.033811
4217.196298 27.103323
4217.608435 27.234727
4218.020572 27.772754
4218.432709 27.776031
4218.844846 25.407803
4219.256983 23.719239
4219.669120 22.261482
4220.081257 20.972635
4220.493394 24.936379
4220.905531 30.885723
4221.317668 41.006951
4221.729805 37.629147
4222.141942 34.344817
4222.554079 31.969107
4222.966216 25.398646
4223.378353 20.374411
4223.790490 22.947927
4224.202627 25.269318
4224.614764 26.909469
4225.026901 28.144749
4225.439038 28.989394
4225.851175 28.357893
4226.263312 28.271900
4226.675449 28.540713
4227.087586 28.939404
4227.499723 26.968091
4227.911860 25.050920
4228.323997 25.052646
4228.736134 27.312564
4229.148271 29.477556
4229.560408 32.627404
4229.972545 33.877496
4230.384682 32.661507
4230.796819 28.464177
4231.208956 26.402067
4231.621093 25.786228
4232.033230 27.032166
4232.445367 29.244071
4232.857504 29.072485
4233.269641 29.387360
4233.681778 30.417201
4234.093915 30.042204
4234.506052 27.826922
4234.918189 25.003282
4235.330326 22.178467
4235.742463 21.814653
4236.154601 23.184164
4236.566738 33.641008
4236.978875 39.307453
4237.391012 35.727538
4237.803149 29.130906
4238.215286 27.815713
4238.627423 23.200602
4239.039560 19.617735
4239.451697 23.516928
4239.863834 27.081981
4240.275971 28.213879
4240.688108 29.067931
4241.100245 29.344676
4241.512382 29.440176
4241.924519 29.643012
4242.336656 29.467998
4242.748793 29.203989
4243.160930 28.572688
4243.573067 28.922866
4243.985204 28.939754
4244.397341 29.018517
4244.809478 28.630009
4245.221615 28.433528
4245.633752 28.808926
4246.045889 27.668796
4246.458026 26.222224
4246.870163 26.709886
4247.282300 26.782343
4247.694437 28.918438
4248.106574 30.131850
4248.518711 32.888462
4248.930848 31.644925
4249.342985 27.996056
4249.755122 26.105506
4250.167259 26.381100
4250.579396 26.152469
4250.991533 28.379510
4251.403670 29.779521
4251.815807 29.033604
4252.227944 26.813418
4252.640081 24.914862
4253.052218 22.928937
4253.464355 20.741877
4253.876492 26.118116
4254.288629 33.084217
4254.700766 34.444421
4255.112903 35.604040
4255.525040 32.808198
4255.937177 30.516730
4256.349314 25.512936
4256.761451 24.727463
4257.173588 25.147597
4257.585725 24.970106
4257.997862 26.520235
4258.409999 27.751287
4258.822136 27.854669
4259.234273 27.918519
4259.646410 28.633862
4260.058547 28.834171
4260.470684 28.697487
4260.882821 28.729788
4261.294959 28.214279
4261.707096 28.486245
4262.119233 28.275227
4262.531370 28.547493
4262.943507 27.864727
4263.355644 27.275584
4263.767781 28.162113
4264.179918 28.284710
4264.592055 28.632135
4265.004192 27.871557
4265.416329 28.545267
4265.828466 27.662792
4266.240603 27.334681
4266.652740 26.825052
4267.064877 26.275766
4267.477014 25.978931
4267.889151 25.861888
4268.301288 25.832365
4268.713425 28.640817
4269.125562 30.825250
4269.537699 29.874396
4269.949836 28.639491
4270.361973 27.869431
4270.774110 27.448296
4271.186247 26.919052
4271.598384 26.798106
4272.010521 27.581227
4272.422658 26.549909
4272.834795 24.456999
4273.246932 23.385424
4273.659069 26.253098
4274.071206 28.388742
4274.483343 31.275057
4274.895480 30.535395
4275.307617 30.988129
4275.719754 27.099295
4276.131891 24.897698
4276.544028 24.755035
4276.956165 24.785534
4277.368302 25.967297
4277.780439 27.164196
4278.192576 28.922391
4278.604713 28.940705
4279.016850 29.183648
4279.428987 29.343550
4279.841124 28.525976
4280.253261 28.417440
4280.665398 28.522549
4281.077535 28.710373
4281.489672 28.888264
4281.901809 28.141646
4282.313946 28.016647
4282.726083 28.423745
4283.138220 28.754733
4283.550357 28.599234
4283.962494 28.774348
4284.374631 28.965100
4284.786768 29.275796
4285.198905 29.169687
4285.611042 28.993697
4286.023179 29.025648
4286.435316 29.398794
4286.847454 29.418134
4287.259591 28.835972
4287.671728 28.758110
4288.083865 28.548494
4288.496002 29.418709
4288.908139 29.239893
4289.320276 28.850158
4289.732413 28.070840
4290.144550 28.506211
4290.556687 29.037257
4290.968824 30.230628
4291.380961 31.374060
4291.793098 32.182877
4292.205235 31.940910
4292.617372 30.760023
4293.029509 30.708908
4293.441646 30.163000
4293.853783 28.894944
4294.265920 29.400770
4294.678057 28.680374
4295.090194 29.082968
4295.502331 27.973513
4295.914468 28.097086
4296.326605 30.137755
4296.738742 32.706092
4297.150879 32.879404
4297.563016 31.980767
4297.975153 31.170574
4298.387290 30.721243
4298.799427 30.346020
4299.211564 30.587612
4299.623701 30.753793
4300.035838 30.968689
4300.447975 30.735404
4300.860112 30.556137
4301.272249 32.204744
4301.684386 32.046043
4302.096523 32.197689
4302.508660 32.846278
4302.920797 32.971352
4303.332934 32.127708
4303.745071 30.726221
4304.157208 31.051354
4304.569345 30.743660
4304.981482 31.620806
4305.393619 31.579473
4305.805756 31.443616
4306.217893 31.727090
4306.630030 31.472989
4307.042167 31.565187
4307.454304 31.813384
4307.866441 32.605287
4308.278578 32.487844
4308.690715 32.705066
4309.102852 32.861690
4309.514989 31.507992
4309.927126 32.003284
4310.339263 31.950317
4310.751400 31.452422
4311.163537 32.262915
4311.575674 31.955972
4311.987811 32.105541
4312.399949 32.358216
4312.812086 32.571760
4313.224223 32.926667
4313.636360 31.696191
4314.048497 32.130485
4314.460634 32.454392
4314.872771 32.441907
4315.284908 32.631933
4315.697045 33.310471
4316.109182 33.002302
4316.521319 33.552363
4316.933456 33.900039
4317.345593 34.596091
4317.757730 34.818993
4318.169867 34.736978
4318.582004 33.781670
4318.994141 34.177259
4319.406278 33.208390
4319.818415 33.554415
4320.230552 35.034564
4320.642689 35.237575
4321.054826 36.252705
4321.466963 35.984767
4321.879100 35.021654
4322.291237 34.361830
4322.703374 34.536819
4323.115511 36.244699
4323.527648 35.902252
4323.939785 35.912510
4324.351922 35.949164
4324.764059 35.686031
4325.176196 35.746028
4325.588333 35.843455
4326.000470 35.277757
4326.412607 35.703820
4326.824744 35.785059
4327.236881 36.109591
4327.649018 36.421164
4328.061155 36.110717
4328.473292 35.542041
4328.885429 36.002231
4329.297566 36.340625
4329.709703 36.389188
4330.121840 37.279344
4330.533977 36.052972
4330.946114 36.211647
4331.358251 36.180047
4331.770388 35.466006
4332.182525 36.103737
4332.594662 35.957796
4333.006799 36.937498
4333.418936 38.277136
4333.831073 39.502032
4334.243210 38.777483
4334.655347 39.353815
4335.067484 38.246311
4335.479621 37.260079
4335.891758 36.417210
4336.303895 37.404218
4336.716032 36.467200
4337.128169 39.252685
4337.540307 39.140170
4337.952444 38.534490
4338.364581 40.329514
4338.776718 40.265188
4339.188855 38.865628
4339.600992 38.612552
4340.013129 38.882116
4340.425266 38.256895
4340.837403 38.396055
4341.249540 40.048816
4341.661677 41.877316
4342.073814 42.318016
4342.485951 41.957055
4342.898088 43.028229
4343.310225 42.556580
4343.722362 41.665148
4344.134499 42.169823
4344.546636 41.979873
4344.958773 41.910543
4345.370910 42.756989
4345.783047 41.914321
4346.195184 41.279017
4346.607321 40.525919
4347.019458 43.005962
4347.431595 43.854234
4347.843732 43.249655
4348.255869 42.563711
4348.668006 40.786451
4349.080143 39.744174
4349.492280 40.113292
4349.904417 39.014170
4350.316554 39.039691
4350.728691 41.154818
4351.140828 39.166766
4351.552965 37.653991
4351.965102 37.315823
4352.377239 38.702248
4352.789376 38.244110
4353.201513 36.839020
4353.613650 38.192068
4354.025787 37.717317
4354.437924 38.162895
4354.850061 38.516926
4355.262198 39.130913
4355.674335 38.464459
4356.086472 37.589215
4356.498609 35.700567
4356.910746 36.519892
4357.322883 37.864583
4357.735020 37.989107
4358.147157 39.200493
4358.559294 38.214036
4358.971431 36.922736
4359.383568 37.457486
4359.795705 37.257552
4360.207842 37.701229
4360.619979 38.285542
4361.032116 37.496767
4361.444253 38.820392
4361.856390 37.538850
4362.268527 35.992849
4362.680664 35.542792
4363.092802 36.502553
4363.504939 37.631148
4363.917076 36.586345
4364.329213 35.532459
4364.741350 35.038367
4365.153487 35.536212
4365.565624 35.729565
4365.977761 36.246475
4366.389898 36.914430
4366.802035 35.881911
4367.214172 35.298048
4367.626309 34.164874
4368.038446 34.455955
4368.450583 34.184940
4368.862720 34.975467
4369.274857 35.475764
4369.686994 35.740574
4370.099131 35.810454
4370.511268 35.675447
4370.923405 34.793072
4371.335542 34.379644
4371.747679 33.256253
4372.159816 33.337142
4372.571953 33.285752
4372.984090 33.325633
4373.396227 33.189000
4373.808364 33.081189
4374.220501 32.477085
4374.632638 31.833425
4375.044775 32.135564
4375.456912 32.291313
4375.869049 32.262690
4376.281186 32.736766
4376.693323 32.586122
4377.105460 32.890338
4377.517597 32.486968
4377.929734 31.640221
4378.341871 30.849319
4378.754008 30.551533
4379.166145 31.208754
4379.578282 31.799072
4379.990419 31.309759
4380.402556 31.670921
4380.814693 31.542694
4381.226830 31.789315
4381.638967 31.667843
4382.051104 31.392225
4382.463241 30.996661
4382.875378 31.151334
4383.287515 31.624809
4383.699652 31.045400
4384.111789 31.682630
4384.523926 31.309534
4384.936063 31.260971
4385.348200 31.511619
4385.760337 30.445999
4386.172474 30.595117
4386.584611 30.449852
4386.996748 30.109032
4387.408885 30.231329
4387.821022 30.527789
4388.233160 30.518632
4388.645297 30.496039
4389.057434 30.074129
4389.469571 29.544909
4389.881708 29.680892
4390.293845 30.158846
4390.705982 30.256799
4391.118119 30.448201
4391.530256 29.584766
4391.942393 29.322983
4392.354530 30.052637
4392.766667 30.442772
4393.178804 30.221946
4393.590941 30.356403
4394.003078 29.887406
4394.415215 29.549513
4394.827352 29.653746
4395.239489 29.773841
4395.651626 29.347703
4396.063763 29.725953
4396.475900 29.000803
4396.888037 28.957018
4397.300174 29.017341
4397.712311 29.294961
4398.124448 29.569829
4398.536585 28.736894
4398.948722 29.303593
4399.360859 28.967426
4399.772996 28.300547
4400.185133 27.431233
4400.597270 26.229680
4401.009407 26.312170
4401.421544 24.644423
4401.833681 25.476558
4402.245818 28.838024
4402.657955 31.892046
4403.070092 32.268044
4403.482229 32.453466
4403.894366 30.878868
4404.306503 25.507707
4404.718640 16.809108
4405.130777 13.426249
4405.542914 22.478104
4405.955051 31.881513
4406.367188 31.246634
4406.779325 35.306529
4407.191462 32.051573
4407.603599 21.378057
4408.015736 14.495448
4408.427873 16.497736
4408.840010 20.511870
4409.252147 19.983200
4409.664284 21.267069
4410.076421 21.280729
4410.488558 25.048668
4410.900695 28.806549
4411.312832 32.063607
4411.724969 36.033781
4412.137106 39.485194
4412.549243 32.758634
4412.961380 28.770971
4413.373517 24.746754
4413.785655 21.543238
4414.197792 20.180457
4414.609929 23.963332
4415.022066 28.128211
4415.434203 27.783312
4415.846340 26.569199
4416.258477 25.323586
4416.670614 25.857985
4417.082751 25.091352
4417.494888 27.136099
4417.907025 29.417734
4418.319162 30.506898
4418.731299 28.246304
4419.143436 27.260147
4419.555573 25.805894
4419.967710 25.185627
4420.379847 24.878708
4420.791984 26.166004
4421.204121 27.050531
4421.616258 27.353746
4422.028395 27.492657
4422.440532 27.078053
4422.852669 27.219115
4423.264806 27.830400
4423.676943 28.260516
4424.089080 28.089980
4424.501217 27.872583
4424.913354 27.459480
4425.325491 27.547700
4425.737628 27.092764
4426.149765 26.592593
4426.561902 26.830356
4426.974039 27.025036
4427.386176 26.717642
4427.798313 26.515907
4428.210450 26.061897
4428.622587 26.197980
4429.034724 25.868318
4429.446861 25.867217
4429.858998 26.111236
4430.271135 25.892462
4430.683272 26.352702
4431.095409 26.893031
4431.507546 26.647036
4431.919683 26.156672
4432.331820 25.664732
4432.743957 25.736889
4433.156094 25.737940
4433.568231 25.789155
4433.980368 20.329650
4434.392505 15.548883
4434.804642 17.202295
4435.216779 17.786058
4435.628916 15.429463
4436.041053 26.170633
4436.453190 34.186266
4436.865327 33.443252
4437.277464 24.023905
4437.689601 17.385014
4438.101738 16.406588
4438.513875 12.389552
4438.926013 11.805839
4439.338150 17.612795
4439.750287 21.581693
4440.162424 24.949314
4440.574561 29.177943
4440.986698 30.574301
4441.398835 31.175378
4441.810972 28.612395
4442.223109 23.596466
4442.635246 24.608619
4443.047383 23.839059
4443.459520 23.553507
4443.871657 24.733443
4444.283794 25.597528
4444.695931 27.101697
4445.108068 25.846151
4445.520205 24.507514
4445.932342 23.825773
4446.344479 24.049275
4446.756616 25.161958
4447.168753 27.057862
4447.580890 29.403372
4447.993027 29.118922
4448.405164 27.416621
4448.817301 26.140009
4449.229438 25.049269
4449.641575 24.748055
4450.053712 24.606267
4450.465849 24.651979
4450.877986 25.954887
4451.290123 25.624775
4451.702260 25.637310
4452.114397 25.867518
4452.526534 25.850404
4452.938671 25.339974
4453.350808 26.266584
4453.762945 27.089012
4454.175082 25.475882
4454.587219 24.098189
4454.999356 22.514408
4455.411493 24.235323
4455.823630 24.299524
4456.235767 25.944178
4456.647904 27.560335
4457.060041 29.177218
4457.472178 27.631016
4457.884315 23.925502
4458.296452 22.270840
4458.708589 22.200934
4459.120726 22.233410
4459.532863 24.050101
4459.945000 26.585437
4460.357137 27.125290
4460.769274 26.677010
4461.181411 26.148866
4461.593548 26.888152
4462.005685 26.881622
4462.417822 26.033374
4462.829959 26.007479
4463.242096 24.940332
4463.654233 23.231202
4464.066370 21.997123
4464.478508 21.519519
4464.890645 24.088006
4465.302782 29.619243
4465.714919 32.316358
4466.127056 34.586483
4466.539193 34.859975
4466.951330 29.229684
4467.363467 19.346871
4467.775604 18.476355
4468.187741 18.269291
4468.599878 19.851121
4469.012015 24.346036
4469.424152 29.339522
4469.836289 27.859072
4470.248426 26.364312
4470.660563 26.470446
4471.072700 27.710605
4471.484837 29.225906
4471.896974 26.610732
4472.309111 24.829644
4472.721248 23.720565
4473.133385 22.186548
4473.545522 22.017439
4473.957659 27.388499
4474.369796 31.436385
4474.781933 32.801543
4475.194070 33.633352
4475.606207 31.339433
4476.018344 27.832026
4476.430481 24.134343
4476.842618 23.689615
4477.254755 24.983767
4477.666892 27.614904
4478.079029 27.723490
4478.491166 27.941588
4478.903303 27.902432
4479.315440 28.474160
4479.727577 28.852836
4480.139714 25.723704
4480.551851 23.092592
4480.963988 20.361976
4481.376125 15.221248
4481.788262 12.771555
4482.200399 22.276895
4482.612536 29.211770
4483.024673 31.162643
4483.436810 31.066692
4483.848947 24.805976
4484.261084 21.035160
4484.673221 17.135442
4485.085358 20.175052
4485.497495 23.288822
4485.909632 26.116240
4486.321769 27.050381
4486.733906 29.486838
4487.146043 29.153099
4487.558180 28.446438
4487.970317 28.667739
4488.382454 28.774298
4488.794591 29.302492
4489.206728 29.110865
4489.618866 28.861668
4490.031003 28.426147
4490.443140 28.325492
4490.855277 28.597958
4491.267414 28.735893
4491.679551 29.048491
4492.091688 29.975876
4492.503825 26.513755
4492.915962 24.959372
4493.328099 22.338794
4493.740236 22.428165
4494.152373 22.053618
4494.564510 26.314672
4494.976647 30.788396
4495.388784 30.560115
4495.800921 30.218619
4496.213058 28.874528
4496.625195 28.970854
4497.037332 27.499137
4497.449469 27.590209
4497.861606 28.896820
4498.273743 29.209844
4498.685880 29.615916
4499.098017 29.476130
4499.510154 27.592136
4499.922291 23.482126
4500.334428 20.627461
4500.746565 20.444091
4501.158702 17.888114
4501.570839 18.897739
4501.982976 27.532038
4502.395113 43.408081
4502.807250 42.487425
4503.219387 42.125338
4503.631524 40.686021
4504.043661 31.633391
4504.455798 25.503979
4504.867935 27.051807
4505.280072 28.845955
4505.692209 29.541482
4506.104346 29.378603
4506.516483 29.674287
4506.928620 29.789303
4507.340757 30.132626
4507.752894 30.161048
4508.165031 31.027611
4508.577168 31.665792
4508.989305 31.408638
4509.401442 30.837885
4509.813579 30.027542
4510.225716 30.447275
4510.637853 30.540349
4511.049990 30.240086
4511.462127 29.866890
4511.874264 30.318848
4512.286401 30.595993
4512.698538 30.613382
4513.110675 30.398987
4513.522812 30.097773
4513.934949 29.946928
4514.347086 30.014632
4514.759223 31.477267
4515.171361 29.870668
4515.583498 28.667939
4515.995635 27.651257
4516.407772 28.601361
4516.819909 31.198996
4517.232046 32.474033
4517.644183 33.457863
4518.056320 32.415186
4518.468457 31.341985
4518.880594 30.007301
4519.292731 28.663210
4519.704868 30.192999
4520.117005 30.962484
4520.529142 32.878554
4520.941279 33.860658
4521.353416 33.220750
4521.765553 31.945539
4522.177690 28.953666
4522.589827 30.196651
4523.001964 30.238334
4523.414101 33.633653
4523.826238 36.041738
4524.238375 38.992228
4524.650512 33.796557
4525.062649 30.330958
4525.474786 28.093333
4525.886923 27.167899
4526.299060 24.632188
4526.711197 26.150817
4527.123334 29.047965
4527.535471 30.919550
4527.947608 30.302010
4528.359745 30.035298
4528.771882 29.978253
4529.184019 29.880225
4529.596156 29.684120
4530.008293 29.052944
4530.420430 29.554692
4530.832567 29.314952
4531.244704 28.971930
4531.656841 28.421518
4532.068978 27.849790
4532.481115 28.445012
4532.893252 28.750329
4533.305389 29.114643
4533.717526 29.437775
4534.129663 29.602430
4534.541800 28.890590
4534.953937 28.365449
4535.366074 27.685385
4535.778211 26.507150
4536.190348 26.440397
4536.602485 26.543329
4537.014622 27.527034
4537.426759 28.270949
4537.838896 29.061126
4538.251033 29.084469
4538.663170 28.584573
4539.075307 28.958644
4539.487444 29.160254
4539.899581 29.931941
4540.311718 29.315903
4540.723856 28.583022
4541.135993 29.836816
4541.548130 31.581750
4541.960267 32.170267
4542.372404 33.324107
4542.784541 34.164649
4543.196678 33.622319
4543.608815 32.377581
4544.020952 30.288149
4544.433089 29.238066
4544.845226 29.755301
4545.257363 29.516337
4545.669500 29.034755
4546.081637 27.999909
4546.493774 27.144355
4546.905911 27.200025
4547.318048 26.965914
4547.730185 31.087383
4548.142322 34.700449
4548.554459 36.655550
4548.966596 33.558968
4549.378733 33.417506
4549.790870 31.239203
4550.203007 25.196535
4550.615144 25.985211
4551.027281 29.054245
4551.439418 31.039345
4551.851555 31.238653
4552.263692 31.618604
4552.675829 31.038319
4553.087966 31.221539
4553.500103 30.485180
4553.912240 30.401539
4554.324377 29.732083
4554.736514 29.937996
4555.148651 29.466147
4555.560788 29.776593
4555.972925 30.447801
4556.385062 30.227751
4556.797199 30.510650
4557.209336 30.902912
4557.621473 30.751517
4558.033610 30.225800
4558.445747 30.701001
4558.857884 30.394283
4559.270021 31.004667
4559.682158 31.455950
4560.094295 31.052831
4560.506432 30.742309
4560.918569 31.147305
4561.330706 31.193367
4561.742843 30.976420
4562.154980 30.957305
4562.567117 30.697999
4562.979254 30.668551
4563.391391 31.310960
4563.803528 31.392875
4564.215665 31.183534
4564.627802 31.163969
4565.039939 30.319049
4565.452076 30.466490
4565.864214 30.236558
4566.276351 30.609529
4566.688488 30.448626
4567.100625 30.735979
4567.512762 29.844797
4567.924899 29.145343
4568.337036 28.591503
4568.749173 29.180520
4569.161310 29.727830
4569.573447 31.179781
4569.985584 32.201316
4570.397721 33.531697
4570.809858 32.277602
4571.221995 30.093395
4571.634132 29.554492
4572.046269 29.788953
4572.458406 29.359162
4572.870543 28.722207
4573.282680 27.798649
4573.694817 28.532181
4574.106954 28.665737
4574.519091 29.866840
4574.931228 30.955003
4575.343365 32.114197
4575.755502 33.069855
4576.167639 30.926480
4576.579776 29.331916
4576.991913 30.116713
4577.404050 29.589320
4577.816187 29.573332
4578.228324 31.081453
4578.640461 31.506390
4579.052598 31.488651
4579.464735 31.398204
4579.876872 30.974368
4580.289009 30.653714
4580.701146 30.974919
4581.113283 30.712386
4581.525420 31.035742
4581.937557 30.985652
4582.349694 30.386577
4582.761831 30.187294
4583.173968 30.009728
4583.586105 29.777094
4583.998242 29.949505
4584.410379 30.581982
4584.822516 30.792874
4585.234653 30.343493
4585.646790 30.049485
4586.058927 29.909273
4586.471064 30.037250
4586.883201 29.845948
4587.295338 30.173383
4587.707475 30.825425
4588.119612 31.347464
4588.531749 31.594760
4588.943886 30.851221
4589.356023 30.632072
4589.768160 29.749897
4590.180297 30.103427
4590.592434 30.056390
4591.004571 30.176936
4591.416709 29.600328
4591.828846 29.920132
4592.240983 29.407000
4592.653120 28.493075
4593.065257 28.911132
4593.477394 29.411604
4593.889531 28.942307
4594.301668 29.644363
4594.713805 29.986485
4595.125942 29.878499
4595.538079 28.808200
4595.950216 29.159929
4596.362353 29.502726
4596.774490 29.253203
4597.186627 28.693960
4597.598764 28.553348
4598.010901 28.040141
4598.423038 27.474317
4598.835175 27.145907
4599.247312 27.663842
4599.659449 27.921372
4600.071586 27.976440
4600.483723 27.870431
4600.895860 28.545192
4601.307997 28.129262
4601.720134 28.465929
4602.132271 27.553605
4602.544408 27.380042
4602.956545 26.676735
4603.368682 26.870213
4603.780819 27.063917
4604.192956 27.398832
4604.605093 29.446882
4605.017230 29.846223
4605.429367 29.139013
4605.841504 28.330596
4606.253641 26.879545
4606.665778 27.089512
4607.077915 27.141878
4607.490052 27.133622
4607.902189 26.895633
4608.314326 27.439665
4608.726463 27.296126
4609.138600 28.132489
4609.550737 27.884893
4609.962874 27.162895
4610.375011 27.447896
4610.787148 27.160393
4611.199285 26.680613
4611.611422 26.213217
4612.023559 27.440841
4612.435696 27.738827
4612.847833 27.705651
4613.259970 27.431733
4613.672107 27.050331
4614.084244 26.720069
4614.496381 27.719387
4614.908518 27.792745
4615.320655 27.417722
4615.732792 27.859473
4616.144929 27.841608
4616.557067 27.292323
4616.969204 27.295776
4617.381341 27.684384
4617.793478 28.327519
4618.205615 28.556425
4618.617752 28.429700
4619.029889 27.930729
4619.442026 27.623886
4619.854163 28.020951
4620.266300 27.537717
4620.678437 27.478195
4621.090574 27.642125
4621.502711 27.652058
4621.914848 27.083983
4622.326985 27.082531
4622.739122 27.409040
4623.151259 28.007140
4623.563396 28.176024
4623.975533 28.373806
4624.387670 28.194263
4624.799807 28.924542
4625.211944 28.824488
4625.624081 28.639892
4626.036218 28.958995
4626.448355 29.229509
4626.860492 29.930465
4627.272629 29.580288
4627.684766 29.067606
4628.096903 29.627875
4628.509040 29.862086
4628.921177 29.341999
4629.333314 29.290783
4629.745451 29.201462
4630.157588 27.400108
4630.569725 27.919620
4630.981862 28.041617
4631.393999 28.144574
4631.806136 28.117527
4632.218273 28.567584
4632.630410 28.617149
4633.042547 28.370253
4633.454684 28.642319
4633.866821 27.884017
4634.278958 29.182422
4634.691095 29.436323
4635.103232 29.835890
4635.515369 30.500167
4635.927506 30.871562
4636.339643 31.213283
4636.751780 29.907822
4637.163917 29.626724
4637.576054 29.004556
4637.988191 28.506361
4638.400328 28.632461
4638.812465 29.425440
4639.224602 29.954009
4639.636739 29.377927
4640.048876 28.550321
4640.461013 28.148277
4640.873150 28.506161
4641.285287 28.744375
4641.697424 28.346659
4642.109562 28.779903
4642.521699 28.806699
4642.933836 28.823913
4643.345973 28.573814
4643.758110 28.512666
4644.170247 28.995674
4644.582384 29.123775
4644.994521 28.396599
4645.406658 27.788616
4645.818795 27.316292
4646.230932 26.550584
4646.643069 25.670737
4647.055206 25.672288
4647.467343 26.186696
4647.879480 26.366939
4648.291617 26.667527
4648.703754 26.524739
4649.115891 26.639855
4649.528028 26.625669
4649.940165 26.776914
4650.352302 27.214586
4650.764439 26.817371
4651.176576 26.931862
4651.588713 27.185363
4652.000850 27.034168
4652.412987 27.024485
4652.825124 27.138976
4653.237261 27.511472
4653.649398 26.921479
4654.061535 26.098826
4654.473672 26.565471
4654.885809 27.226295
4655.297946 27.336308
4655.710083 26.758700
4656.122220 26.719944
4656.534357 27.127317
4656.946494 27.044626
4657.358631 26.767156
4657.770768 26.816696
4658.182905 26.644234
4658.595042 26.883023
4659.007179 26.866185
4659.419316 26.507400
4659.831453 26.091045
4660.243590 25.346279
4660.655727 26.271913
4661.067864 26.682364
4661.480001 26.283748
4661.892138 26.364187
4662.304275 26.729451
4662.716412 27.225220
4663.128549 26.389757
4663.540686 25.880778
4663.952823 25.341726
4664.364960 25.464098
4664.777097 25.319208
4665.189234 25.797637
4665.601371 26.522938
4666.013508 27.309812
4666.425645 26.968166
4666.837782 26.926483
4667.249920 26.752069
4667.662057 26.406645
4668.074194 27.275885
4668.486331 26.603927
4668.898468 26.007028
4669.310605 25.628403
4669.722742 25.510885
4670.134879 25.735788
4670.547016 26.032849
4670.959153 26.534547
4671.371290 26.095724
4671.783427 26.602551
4672.195564 25.696232
4672.607701 26.197154
4673.019838 26.044583
4673.431975 25.542960
4673.844112 24.942059
4674.256249 25.651897
4674.668386 25.593025
4675.080523 23.002845
4675.492660 22.580861
4675.904797 24.281760
4676.316934 22.895510
4676.729071 25.146521
4677.141208 30.487707
4677.553345 41.086189
4677.965482 41.230929
4678.377619 29.605758
4678.789756 15.016986
4679.201893 11.652868
4679.614030 15.847145
4680.026167 18.215823
4680.438304 33.021992
4680.850441 51.120673
4681.262578 54.359917
4681.674715 44.410426
4682.086852 37.725073
4682.498989 22.664477
4682.911126 15.770259
4683.323263 14.526747
4683.735400 12.375116
4684.147537 13.648050
4684.559674 20.105222
4684.971811 14.514513
4685.383948 22.064701
4685.796085 33.977350
4686.208222 42.022682
4686.620359 43.008814
4687.032496 31.443190
4687.444633 30.075180
4687.856770 25.658752
4688.268907 24.830545
4688.681044 21.865168
4689.093181 26.272714
4689.505318 29.863487
4689.917455 29.712793
4690.329592 27.732397
4690.741729 23.341714
4691.153866 21.762562
4691.566003 19.845416
4691.978140 18.581989
4692.390277 23.105177
4692.802415 26.847270
4693.214552 29.495295
4693.626689 28.374681
4694.038826 30.683813
4694.450963 24.551549
4694.863100 21.842500
4695.275237 21.661832
4695.687374 22.698604
4696.099511 22.391986
4696.511648 22.084367
4696.923785 21.608089
4697.335922 20.747156
4697.748059 22.505351
4698.160196 23.572622
4698.572333 25.155853
4698.984470 26.086141
4699.396607 28.242576
4699.808744 27.118060
4700.220881 25.405176
4700.633018 24.230194
4701.045155 23.632545
4701.457292 23.505744
4701.869429 23.600795
4702.281566 23.560688
4702.693703 23.741907
4703.105840 23.335434
4703.517977 22.507728
4703.930114 22.459039
4704.342251 22.978476
4704.754388 24.654155
4705.166525 25.527498
4705.578662 24.904003
4705.990799 24.864947
4706.402936 24.340807
4706.815073 22.304967
4707.227210 22.163980
4707.639347 24.692235
4708.051484 24.361323
4708.463621 23.181737
4708.875758 21.710395
4709.287895 20.472338
4709.700032 24.659334
4710.112169 24.391847
4710.524306 24.393824
4710.936443 28.958594
4711.348580 29.394190
4711.760717 33.134031
4712.172854 31.891821
4712.584991 34.894753
4712.997128 26.088768
4713.409265 28.422644
4713.821402 29.643813
4714.233539 13.917464
4714.645676 1.056063
4715.057813 12.834705
4715.469950 19.724020
4715.882087 26.993786
4716.294224 26.904690
4716.706361 27.095392
4717.118498 24.888891
4717.530635 24.985468
4717.942772 23.294527
4718.354910 24.139572
4718.767047 24.886965
4719.179184 24.694988
4719.591321 24.696539
4720.003458 24.505913
4720.415595 23.859250
4720.827732 22.942247
4721.239869 22.763406
4721.652006 23.617433
4722.064143 23.758195
4722.476280 24.176451
4722.888417 23.402588
4723.300554 22.587391
4723.712691 21.647746
4724.124828 21.320186
4724.536965 21.124280
4724.949102 22.616139
4725.361239 25.801540
4725.773376 26.636177
4726.185513 25.311677
4726.597650 24.793316
4727.009787 24.075671
4727.421924 20.530635
4727.834061 19.590239
4728.246198 20.920043
4728.658335 22.871466
4729.070472 22.954982
4729.482609 23.286746
4729.894746 23.327703
4730.306883 23.050633
4730.719020 23.317370
4731.131157 23.214463
4731.543294 22.208615
4731.955431 22.234486
4732.367568 21.626479
4732.779705 19.309616
4733.191842 19.815968
4733.603979 22.733557
4734.016116 26.014709
4734.428253 29.942925
4734.840390 30.489909
4735.252527 28.393671
4735.664664 26.075157
4736.076801 21.034284
4736.488938 19.352075
4736.901075 23.205706
4737.313212 23.440818
4737.725349 23.437540
4738.137486 22.469322
4738.549623 20.988398
4738.961760 20.703922
4739.373897 20.895374
4739.786034 20.849913
4740.198171 23.754191
4740.610308 24.940232
4741.022445 22.878997
4741.434582 20.838053
4741.846719 20.127240
4742.258856 20.641898
4742.670993 18.869267
4743.083130 20.545521
4743.495268 28.073267
4743.907405 35.118255
4744.319542 33.654995
4744.731679 28.686654
4745.143816 24.415466
4745.555953 17.447439
4745.968090 17.286536
4746.380227 8.703403
4746.792364 13.777053
4747.204501 16.524782
4747.616638 19.910818
4748.028775 23.565091
4748.440912 25.687050
4748.853049 24.307956
4749.265186 23.779687
4749.677323 24.003589
4750.089460 23.594114
4750.501597 24.050451
4750.913734 20.835526
4751.325871 19.504996
4751.738008 19.311042
4752.150145 15.550159
4752.562282 11.835688
4752.974419 16.594663
4753.386556 23.615231
4753.798693 29.990438
4754.210830 33.795206
4754.622967 35.427525
4755.035104 35.963826
4755.447241 29.124876
4755.859378 18.706087
4756.271515 16.873259
4756.683652 19.571249
4757.095789 23.142131
4757.507926 22.694051
4757.920063 22.030774
4758.332200 22.357709
4758.744337 22.421109
4759.156474 23.321398
4759.568611 21.318434
4759.980748 20.135821
4760.392885 17.948687
4760.805022 17.941356
4761.217159 16.967909
4761.629296 14.871271
4762.041433 14.920134
4762.453570 16.399983
4762.865707 14.099083
4763.277844 29.110015
4763.689981 33.282674
4764.102118 26.209039
4764.514255 24.992624
4764.926392 17.790111
4765.338529 19.097373
4765.750666 16.373562
4766.162803 17.592029
4766.574940 20.117682
4766.987077 22.682291
4767.399214 22.905593
4767.811351 23.230426
4768.223488 22.688621
4768.635625 22.457963
4769.047763 22.279171
4769.459900 21.381384
4769.872037 21.717701
4770.284174 22.431167
4770.696311 22.008031
4771.108448 22.319478
4771.520585 22.338393
4771.932722 22.627948
4772.344859 22.000951
4772.756996 21.903148
4773.169133 19.883296
4773.581270 19.517081
4773.993407 19.529240
4774.405544 17.719730
4774.817681 18.160204
4775.229818 17.658306
4775.641955 22.483984
4776.054092 23.309414
4776.466229 29.802289
4776.878366 32.157106
4777.290503 29.969571
4777.702640 23.604998
4778.114777 19.409620
4778.526914 20.717333
4778.939051 21.151952
4779.351188 21.521721
4779.763325 22.054018
4780.175462 23.427132
4780.587599 22.618315
4780.999736 22.060248
4781.411873 21.206971
4781.824010 20.587405
4782.236147 19.866132
4782.648284 20.612575
4783.060421 21.614494
4783.472558 23.971889
4783.884695 27.439464
4784.296832 29.325611
4784.708969 29.277948
4785.121106 25.289559
4785.533243 23.374315
4785.945380 20.534287
4786.357517 19.082386
4786.769654 17.098512
4787.181791 19.093395
4787.593928 22.097602
4788.006065 22.566624
4788.418202 22.754523
4788.830339 23.154716
4789.242476 22.628574
4789.654613 22.323306
4790.066750 22.569252
4790.478887 22.244544
4790.891024 21.723255
4791.303161 21.025302
4791.715298 21.655277
4792.127435 22.708912
4792.539572 23.351572
4792.951709 22.636280
4793.363846 24.164892
4793.775983 24.070717
4794.188121 23.356901
4794.600258 23.830527
4795.012395 22.753423
4795.424532 23.310615
4795.836669 23.714760
4796.248806 23.808710
4796.660943 23.906312
4797.073080 23.998460
4797.485217 24.094636
4797.897354 24.508214
4798.309491 21.907802
4798.721628 20.741227
4799.133765 20.961952
4799.545902 21.731587
4799.958039 24.079174
4800.370176 24.708173
4800.782313 25.902195
4801.194450 25.662455
4801.606587 24.679225
4802.018724 22.525192
4802.430861 21.582669
4802.842998 20.375261
4803.255135 20.204726
4803.667272 22.088845
4804.079409 23.059515
4804.491546 25.044290
4804.903683 25.255507
4805.315820 24.093460
4805.727957 23.187492
4806.140094 18.250676
4806.552231 13.787386
4806.964368 14.126830
4807.376505 17.462176
4807.788642 27.904208
4808.200779 30.136003
4808.612916 32.309352
4809.025053 31.845059
4809.437190 30.158771
4809.849327 26.221674
4810.261464 24.724786
4810.673601 23.669875
4811.085738 21.172794
4811.497875 23.281967
4811.910012 25.498500
4812.322149 25.777096
4812.734286 25.897692
4813.146423 25.313628
4813.558560 25.986637
4813.970697 25.927165
4814.382834 25.942777
4814.794971 25.827661
4815.207108 24.985368
4815.619245 25.310951
4816.031382 25.849028
4816.443519 27.139802
4816.855656 27.054759
4817.267793 27.011825
4817.679930 27.222042
4818.092067 27.154864
4818.504204 27.129944
4818.916341 26.657169
4819.328478 27.265476
4819.740616 27.544798
4820.152753 27.208456
4820.564890 28.043193
4820.977027 28.511790
4821.389164 28.152930
4821.801301 28.752256
4822.213438 28.984690
4822.625575 29.203989
4823.037712 29.524543
4823.449849 28.622052
4823.861986 28.584022
4824.274123 29.290733
4824.686260 29.390437
4825.098397 29.883278
4825.510534 29.776944
4825.922671 28.765416
4826.334808 27.461382
4826.746945 26.116415
4827.159082 26.534572
4827.571219 25.945054
4827.983356 28.293992
4828.395493 29.902618
4828.807630 33.439449
4829.219767 33.903642
4829.631904 31.905957
4830.044041 31.213133
4830.456178 30.163100
4830.868315 29.606558
4831.280452 29.648642
4831.692589 30.767554
4832.104726 31.528383
4832.516863 29.549413
4832.929000 28.855688
4833.341137 27.271781
4833.753274 28.193888
4834.165411 29.160480
4834.577548 33.087920
4834.989685 37.064799
4835.401822 37.636277
4835.813959 40.158803
4836.226096 35.841829
4836.638233 36.724354
4837.050370 37.725999
4837.462507 35.963976
4837.874644 35.038042
4838.286781 35.683303
4838.698918 37.542628
4839.111055 36.956113
4839.523192 36.391815
4839.935329 35.407485
4840.347466 36.594901
4840.759603 36.704764
4841.171740 36.421839
4841.583877 37.379924
4841.996014 37.471297
4842.408151 37.979375
4842.820288 37.277418
4843.232425 37.026844
4843.644562 36.742043
4844.056699 37.670104
4844.468836 37.072405
4844.880974 37.979074
4845.293111 38.464184
4845.705248 38.937034
4846.117385 39.394547
4846.529522 40.690050
4846.941659 40.870693
4847.353796 40.234688
4847.765933 40.326286
4848.178070 40.303993
4848.590207 40.816625
4849.002344 41.125995
4849.414481 42.294622
4849.826618 42.865400
4850.238755 43.362795
4850.650892 44.227280
4851.063029 44.086769
4851.475166 44.152446
4851.887303 45.320472
4852.299440 45.527487
4852.711577 45.730272
4853.123714 46.407134
4853.535851 45.999336
4853.947988 46.772324
4854.360125 46.979713
4854.772262 47.150949
4855.184399 47.104638
4855.596536 46.654205
4856.008673 46.380313
4856.420810 45.606674
4856.832947 46.086280
4857.245084 45.018032
4857.657221 45.591587
4858.069358 45.734801
4858.481495 48.424359
4858.893632 50.909681
4859.305769 50.065536
4859.717906 50.859816
4860.130043 51.876147
4860.542180 51.533000
4860.954317 48.751444
4861.366454 48.371668
4861.778591 50.259815
4862.190728 50.702266
4862.602865 51.308747
4863.015002 49.780035
4863.427139 50.470007
4863.839276 51.287906
4864.251413 52.110408
4864.663550 53.160641
4865.075687 54.587573
4865.487824 60.878788
4865.899961 60.289771
4866.312098 57.229994
4866.724235 57.727714
4867.136372 56.068347
4867.548509 55.395564
4867.960646 54.277052
4868.372783 52.981024
4868.784920 52.269359
4869.197057 50.043669
4869.609194 51.697956
4870.021331 51.736186
4870.433469 52.053063
4870.845606 51.658124
4871.257743 50.462951
4871.669880 48.734756
4872.082017 45.823646
4872.494154 44.392586
4872.906291 43.658579
4873.318428 43.916309
4873.730565 45.773382
4874.142702 46.873404
4874.554839 50.556250
4874.966976 48.710436
4875.379113 47.861238
4875.791250 44.968718
4876.203387 43.010290
4876.615524 42.131393
4877.027661 41.739532
4877.439798 41.927906
4877.851935 43.315882
4878.264072 42.283939
4878.676209 39.531756
4879.088346 37.893832
4879.500483 37.601250
4879.912620 40.476405
4880.324757 41.446199
4880.736894 40.187351
4881.149031 39.010793
4881.561168 38.269630
4881.973305 36.842873
4882.385442 32.336599
4882.797579 32.705867
4883.209716 32.794662
4883.621853 31.780308
4884.033990 34.854821
4884.446127 40.520740
4884.858264 43.949835
4885.270401 42.066041
4885.682538 42.032539
4886.094675 39.758210
4886.506812 37.397238
4886.918949 29.587518
4887.331086 31.437636
4887.743223 31.822341
4888.155360 34.482151
4888.567497 34.792972
4888.979634 35.341182
4889.391771 35.551098
4889.803908 34.283618
4890.216045 34.181988
4890.628182 33.119345
4891.040319 32.661356
4891.452456 31.394026
4891.864593 32.910004
4892.276730 34.168402
4892.688867 33.902391
4893.101004 34.320547
4893.513141 34.738704
4893.925278 36.072287
4894.337415 34.395782
4894.749552 33.024795
4895.161689 31.468685
4895.573826 30.364384
4895.985964 27.713357
4896.398101 29.040559
4896.810238 30.081160
4897.222375 31.561209
4897.634512 32.909453
4898.046649 34.400111
4898.458786 34.554358
4898.870923 33.625871
4899.283060 31.677776
4899.695197 31.748933
4900.107334 30.957255
4900.519471 30.894805
4900.931608 31.140800
4901.343745 31.538691
4901.755882 31.664190
4902.168019 31.504514
4902.580156 30.317297
4902.992293 30.283620
4903.404430 31.267376
4903.816567 31.634267
4904.228704 31.441088
4904.640841 30.206534
4905.052978 29.678966
4905.465115 29.611362
4905.877252 30.294129
4906.289389 30.285372
4906.701526 29.491792
4907.113663 29.533075
4907.525800 29.780797
4907.937937 30.081885
4908.350074 29.837992
4908.762211 29.701809
4909.174348 29.484762
4909.586485 29.504903
4909.998622 29.432045
4910.410759 28.886112
4910.822896 28.310380
4911.235033 29.708814
4911.647170 29.527821
4912.059307 29.159504
4912.471444 28.531831
4912.883581 28.435254
4913.295718 28.352038
4913.707855 28.551171
4914.119992 27.427855
4914.532129 27.672950
4914.944266 28.835247
4915.356403 29.454263
4915.768540 29.114768
4916.180677 29.115644
4916.592814 28.750629
4917.004951 27.350219
4917.417088 27.586831
4917.829225 24.420570
4918.241362 22.188625
4918.653499 21.067160
4919.065636 20.199722
4919.477773 21.142645
4919.889910 22.885277
4920.302047 28.420618
4920.714184 31.830397
4921.126322 31.489902
4921.538459 26.929060
4921.950596 25.490744
4922.362733 19.837059
4922.774870 17.726285
4923.187007 16.450348
4923.599144 21.701939
4924.011281 26.447027
4924.423418 30.861854
4924.835555 31.266200
4925.247692 34.508046
4925.659829 34.706454
4926.071966 31.344462
4926.484103 26.908243
4926.896240 25.828412
4927.308377 24.273553
4927.720514 23.752815
4928.132651 24.650127
4928.544788 26.595095
4928.956925 27.841934
4929.369062 27.151411
4929.781199 26.593994
4930.193336 25.861838
4930.605473 26.286875
4931.017610 27.518427
4931.429747 28.025304
4931.841884 26.044383
4932.254021 27.103923
4932.666158 26.269461
4933.078295 26.265408
4933.490432 27.076351
4933.902569 27.581352
4934.314706 27.477695
4934.726843 26.665325
4935.138980 25.334520
4935.551117 24.939231
4935.963254 25.435000
4936.375391 25.597503
4936.787528 26.452582
4937.199665 24.583900
4937.611802 24.680376
4938.023939 24.264521
4938.436076 24.675572
4938.848213 24.518147
4939.260350 24.915362
4939.672487 25.254156
4940.084624 25.003958
4940.496761 24.180730
4940.908898 24.051727
4941.321035 24.302376
4941.733172 24.519498
4942.145309 25.776896
4942.557446 25.217977
4942.969583 25.081719
4943.381720 25.687900
4943.793857 25.030429
4944.205994 25.024524
4944.618131 25.075064
4945.030268 25.067683
4945.442405 24.307931
4945.854542 25.298166
4946.266679 23.530939
4946.678817 22.343948
4947.090954 20.803201
4947.503091 21.314857
4947.915228 20.003466
4948.327365 19.053663
4948.739502 20.901754
4949.151639 22.243468
4949.563776 23.148786
4949.975913 23.493284
4950.388050 25.748073
4950.800187 24.546595
4951.212324 22.659623
4951.624461 23.189869
4952.036598 23.978144
4952.448735 23.925027
4952.860872 25.389514
4953.273009 24.960523
4953.685146 26.134054
4954.097283 26.184669
4954.509420 25.444232
4954.921557 24.622155
4955.333694 24.788737
4955.745831 24.411188
4956.157968 23.773206
4956.570105 25.159431
4956.982242 25.925539
4957.394379 26.226903
4957.806516 23.737378
4958.218653 24.739923
4958.630790 23.062868
4959.042927 23.048982
4959.455064 22.624470
4959.867201 24.398703
4960.279338 24.456048
4960.691475 23.278239
4961.103612 35.559930
4961.515749 40.382406
4961.927886 44.126250
4962.340023 26.637854
4962.752160 18.467148
4963.164297 10.955465
4963.576434 17.130563
4963.988571 26.030722
4964.400708 30.604525
4964.812845 33.168258
4965.224982 36.284705
4965.637119 33.690423
4966.049256 31.217987
4966.461393 28.128911
4966.873530 27.758743
4967.285667 25.972926
4967.697804 25.533703
4968.109941 25.753777
4968.522078 24.727188
4968.934215 22.833311
4969.346352 22.359310
4969.758489 21.892790
4970.170626 20.189264
4970.582763 19.567996
4970.994900 17.278405
4971.407037 18.780171
4971.819175 25.314129
4972.231312 25.256033
4972.643449 28.759386
4973.055586 28.398700
4973.467723 25.358189
4973.879860 21.429347
4974.291997 18.179695
4974.704134 17.995223
4975.116271 20.119058
4975.528408 21.707668
4975.940545 21.795538
4976.352682 22.225954
4976.764819 24.042870
4977.176956 22.663501
4977.589093 22.535775
4978.001230 21.566681
4978.413367 22.736384
4978.825504 24.090333
4979.237641 21.713147
4979.649778 18.242595
4980.061915 17.675920
4980.474052 17.654103
4980.886189 18.403773
4981.298326 20.312687
4981.710463 26.085541
4982.122600 32.218030
4982.534737 38.906710
4982.946874 38.423827
4983.359011 31.837703
4983.771148 28.874728
4984.183285 20.006619
4984.595422 10.813827
4985.007559 6.506261
4985.419696 16.251966
4985.831833 23.701725
4986.243970 25.130183
4986.656107 24.622955
4987.068244 24.665940
4987.480381 23.887998
4987.892518 23.864929
4988.304655 22.810968
4988.716792 24.456749
4989.128929 26.078835
4989.541066 25.577162
4989.953203 24.791364
4990.365340 23.568244
4990.777477 22.750020
4991.189614 23.250342
4991.601751 23.688589
4992.013888 23.569895
4992.426025 23.984849
4992.838162 24.069341
4993.250299 23.046880
4993.662436 19.628369
4994.074573 18.397618
4994.486710 24.235723
4994.898847 24.003464
4995.310984 23.803005
4995.723121 21.302522
4996.135258 22.849499
4996.547395 25.218578
4996.959532 24.700092
4997.371670 20.865525
4997.783807 33.206439
4998.195944 43.847729
4998.608081 48.201808
4999.020218 46.500183
4999.432355 37.481029
4999.844492 29.356335
5000.256629 20.447368
5000.668766 12.693093
5001.080903 3.011238
5001.493040 5.911339
5001.905177 17.664111
5002.317314 21.068361
5002.729451 24.104269
5003.141588 28.822036
5003.553725 29.875947
5003.965862 32.559576
5004.377999 33.887279
5004.790136 31.519951
5005.202273 22.461841
5005.614410 22.137934
5006.026547 28.668264
5006.438684 41.144685
5006.850821 43.523372
5007.262958 42.605844
5007.675095 34.582755
5008.087232 36.220404
5008.499369 33.485510
5008.911506 29.998094
5009.323643 34.709881
5009.735780 41.113460
5010.147917 47.908750
5010.560054 52.963435
5010.972191 56.846690
5011.384328 60.347341
5011.796465 60.310337
5012.208602 64.925748
5012.620739 60.928552
5013.032876 58.519091
5013.445013 54.061606
5013.857150 49.825846
5014.269287 46.490400
5014.681424 43.618948
5015.093561 39.700940
5015.505698 37.368040
5015.917835 33.747118
5016.329972 31.968732
5016.742109 28.754157
5017.154246 28.633662
5017.566383 28.420267
5017.978520 27.594738
5018.390657 28.654879
5018.802794 26.530468
5019.214931 26.183443
5019.627068 26.025868
5020.039205 25.772692
5020.451342 25.347931
5020.863479 26.029771
5021.275616 26.855426
5021.687753 28.141997
5022.099890 26.651139
5022.512028 25.596328
5022.924165 24.567086
5023.336302 22.183696
5023.748439 22.591219
5024.160576 22.198983
5024.572713 24.101767
5024.984850 26.022966
5025.396987 28.276904
5025.809124 28.467055
5026.221261 30.925029
5026.633398 29.898065
5027.045535 28.415739
5027.457672 24.557654
5027.869809 22.823178
5028.281946 20.454674
5028.694083 19.701627
5029.106220 16.603319
5029.518357 15.533621
5029.930494 9.743478
5030.342631 4.056042
5030.754768 5.399107
5031.166905 19.148538
5031.579042 19.656967
5031.991179 20.113053
5032.403316 28.696662
5032.815453 22.870365
5033.227590 23.083710
5033.639727 18.618343
5034.051864 14.919684
5034.464001 10.833368
5034.876138 7.731082
5035.288275 11.675110
5035.700412 14.219529
5036.112549 17.188459
5036.524686 16.658688
5036.936823 14.729258
5037.348960 19.016058
5037.761097 23.084710
5038.173234 29.298914
5038.585371 31.615427
5038.997508 38.891773
5039.409645 34.812963
5039.821782 28.624379
5040.233919 27.703049
5040.646056 24.479542
5041.058193 21.774946
5041.470330 21.678695
5041.882467 20.988948
5042.294604 22.218248
5042.706741 20.465433
5043.118878 21.474108
5043.531015 20.634467
5043.943152 19.631171
5044.355289 19.651162
5044.767426 20.655258
5045.179563 20.601816
5045.591700 20.905582
5046.003837 20.772877
5046.415974 22.482408
5046.828111 23.277713
5047.240248 26.912096
5047.652385 26.449204
5048.064523 27.094916
5048.476660 25.309925
5048.888797 23.894603
5049.300934 20.929701
5049.713071 21.352236
5050.125208 23.416173
5050.537345 23.032094
5050.949482 24.418894
5051.361619 22.780119
5051.773756 23.435989
5052.185893 21.861240
5052.598030 18.888507
5053.010167 19.171632
5053.422304 19.094445
5053.834441 19.781015
5054.246578 18.414506
5054.658715 21.538334
5055.070852 25.414133
5055.482989 24.868800
5055.895126 27.036170
5056.307263 26.222799
5056.719400 23.552156
5057.131537 16.717635
5057.543674 13.897548
5057.955811 15.211040
5058.367948 16.914241
5058.780085 17.174497
5059.192222 19.841938
5059.604359 22.877096
5060.016496 27.347341
5060.428633 25.029503
5060.840770 25.017894
5061.252907 23.215014
5061.665044 19.536646
5062.077181 17.120780
5062.489318 18.226532
5062.901455 20.466859
5063.313592 17.894769
5063.725729 15.508951
5064.137866 15.552661
5064.550003 17.962748
5064.962140 16.383545
5065.374277 19.533193
5065.786414 31.218187
5066.198551 43.702189
5066.610688 51.518789
5067.022825 58.676516
5067.434962 43.185654
5067.847099 35.681802
5068.259236 25.716598
5068.671373 21.090053
5069.083510 5.326400
5069.495647 5.026487
5069.907784 4.324455
5070.319921 15.806412
5070.732058 16.112130
5071.144195 19.752818
5071.556332 21.339901
5071.968469 21.830641
5072.380606 20.964153
5072.792743 21.088802
5073.204881 22.056870
5073.617018 21.059354
5074.029155 21.592977
5074.441292 19.158321
5074.853429 14.569681
5075.265566 14.423440
5075.677703 20.553653
5076.089840 22.073558
5076.501977 25.803917
5076.914114 28.981212
5077.326251 35.732467
5077.738388 32.911405
5078.150525 26.140834
5078.562662 18.379103
5078.974799 18.262536
5079.386936 16.191468
5079.799073 9.452097
5080.211210 13.965502
5080.623347 17.407908
5081.035484 22.242768
5081.447621 23.831002
5081.859758 23.404589
5082.271895 22.607657
5082.684032 20.671746
5083.096169 19.815117
5083.508306 18.607234
5083.920443 17.848732
5084.332580 16.351470
5084.744717 14.603108
5085.156854 15.899411
5085.568991 18.584041
5085.981128 17.345808
5086.393265 33.882675
5086.805402 39.155858
5087.217539 41.249994
5087.629676 52.020237
5088.041813 46.085229
5088.453950 42.962452
5088.866087 22.546884
5089.278224 4.317875
5089.690361 6.808300
5090.102498 2.370130
5090.514635 -1.863578
5090.926772 10.273674
5091.338909 18.339121
5091.751046 23.498013
5092.163183 20.142827
5092.575320 17.989144
5092.987457 18.351306
5093.399594 18.120523
5093.811731 19.192273
5094.223868 20.155587
5094.636005 20.125713
5095.048142 20.377588
5095.460279 22.107235
5095.872416 21.053174
5096.284553 18.680692
5096.696690 19.208411
5097.108827 18.984758
5097.520964 17.833145
5097.933101 18.876823
5098.345238 21.324064
5098.757376 20.999657
5099.169513 16.346140
5099.581650 13.481668
5099.993787 11.000000
5100.405924 13.658809
5100.818061 16.064317
5101.230198 22.836964
5101.642335 26.985179
5102.054472 37.835611
5102.466609 36.009237
5102.878746 28.388843
5103.290883 27.875435
5103.703020 22.029273
5104.115157 18.428717
5104.527294 16.947142
5104.939431 14.793909
5105.351568 17.757510
5105.763705 22.011659
5106.175842 17.257338
5106.587979 17.994498
5107.000116 15.768157
5107.412253 15.302513
5107.824390 16.214211
5108.236527 13.183482
5108.648664 14.091402
5109.060801 12.276588
5109.472938 8.545028
5109.885075 10.524648
5110.297212 14.428319
5110.709349 11.776766
5111.121486 27.725241
5111.533623 21.430999
5111.945760 10.919536
5112.357897 3.104913
5112.770034 -6.440083
5113.182171 -12.760797
5113.594308 -13.781081
5114.006445 -9.538791
5114.418582 -9.803151
5114.830719 2.294420
5115.242856 11.800585
5115.654993 19.444773
5116.067130 27.638247
5116.479267 25.711669
5116.891404 20.554028
5117.303541 15.213117
5117.715678 4.244617
5118.127815 7.810145
5118.539952 13.840503
5118.952089 12.086787
5119.364226 16.917944
5119.776363 23.317095
5120.188500 26.073656
5120.600637 35.470660
5121.012774 31.987397
5121.424911 26.332612
5121.837048 12.605073
5122.249185 6.319538
5122.661322 9.444116
5123.073459 13.890343
5123.485596 23.344116
5123.897733 21.785055
5124.309871 27.786340
5124.722008 24.822189
5125.134145 20.704848
5125.546282 11.388683
5125.958419 15.778165
5126.370556 22.148993
5126.782693 26.411324
5127.194830 22.795556
5127.606967 22.297761
5128.019104 16.807431
5128.431241 14.383108
5128.843378 12.511799
5129.255515 10.444960
5129.667652 14.023123
5130.079789 17.810402
5130.491926 23.038048
5130.904063 13.354968
5131.316200 17.603087
5131.728337 12.371363
5132.140474 2.294845
5132.552611 -2.378036
5132.964748 -12.759921
5133.376885 -1.243511
5133.789022 6.374506
5134.201159 14.311977
5134.613296 19.714162
5135.025433 24.609670
5135.437570 21.569559
5135.849707 15.835611
5136.261844 11.631826
5136.673981 14.792633
5137.086118 15.824602
5137.498255 18.663604
5137.910392 25.829813
5138.322529 24.691110
5138.734666 24.047649
5139.146803 24.238125
5139.558940 26.898210
5139.971077 24.124535
5140.383214 15.155571
5140.795351 14.743569
5141.207488 17.605289
5141.619625 25.337722
5142.031762 29.445956
5142.443899 31.990224
5142.856036 27.555707
5143.268173 22.714642
5143.680310 19.778863
5144.092447 21.627304
5144.504584 24.745803
5144.916721 24.551674
5145.328858 26.888377
5145.740995 25.334245
5146.153132 26.100878
5146.565269 25.824834
5146.977406 25.887208
5147.389543 25.560299
5147.801680 22.689522
5148.213817 20.636143
5148.625954 24.696289
5149.038091 22.667730
5149.450229 22.542856
5149.862366 23.096295
5150.274503 23.046905
5150.686640 23.090840
5151.098777 21.801668
5151.510914 22.373021
5151.923051 17.924693
5152.335188 20.844809
5152.747325 20.368631
5153.159462 21.996097
5153.571599 23.449900
5153.983736 20.582976
5154.395873 23.067822
5154.808010 24.358771
5155.220147 27.454251
5155.632284 25.994368
5156.044421 27.851817
5156.456558 25.628278
5156.868695 23.975867
5157.280832 24.949815
5157.692969 23.024913
5158.105106 22.970820
5158.517243 21.162210
5158.929380 16.787040
5159.341517 17.518220
5159.753654 14.778222
5160.165791 16.736550
5160.577928 21.967224
5160.990065 26.403668
5161.402202 25.558698
5161.814339 25.457367
5162.226476 24.338905
5162.638613 24.580397
5163.050750 22.621118
5163.462887 21.562978
5163.875024 23.009100
5164.287161 26.706783
5164.699298 26.942220
5165.111435 26.500420
5165.523572 25.009087
5165.935709 22.811218
5166.347846 13.117505
5166.759983 9.011573
5167.172120 4.487034
5167.584257 32.589900
5167.996394 48.895808
5168.408531 66.977951
5168.820668 71.432809
5169.232805 109.591401
5169.644942 112.783508
5170.057079 76.796689
5170.469216 29.751223
5170.881353 -22.430041
5171.293490 -8.951951
5171.705627 -28.908980
5172.117764 -8.279017
5172.529901 19.324378
5172.942038 40.647491
5173.354175 41.107481
5173.766312 30.661620
5174.178449 41.186944
5174.590586 46.751407
5175.002724 37.934789
5175.414861 32.851282
5175.826998 36.853056
5176.239135 29.895938
5176.651272 21.576639
5177.063409 24.156185
5177.475546 24.753684
5177.887683 21.239147
5178.299820 17.308954
5178.711957 22.362538
5179.124094 25.118323
5179.536231 22.689197
5179.948368 19.536896
5180.360505 21.889212
5180.772642 19.469318
5181.184779 26.904966
5181.596916 34.758094
5182.009053 43.509111
5182.421190 46.729440
5182.833327 40.123075
5183.245464 22.624020
5183.657601 18.641686
5184.069738 16.627739
5184.481875 16.978267
5184.894012 18.899741
5185.306149 18.429768
5185.718286 27.730195
5186.130423 34.674278
5186.542560 28.883835
5186.954697 27.885693
5187.366834 21.385362
