1817.852823 73.110711
1818.266207 67.289539
1818.679591 70.519404
1819.092975 67.106801
1819.506359 68.258253
1819.919743 67.102476
1820.333127 66.773931
1820.746511 67.473079
1821.159895 67.531328
1821.573279 73.479933
1821.986663 70.885124
1822.400047 71.985887
1822.813431 71.451105
1823.226815 70.675786
1823.640199 70.915802
1824.053583 70.830082
1824.466967 67.884032
1824.880351 66.151468
1825.293735 67.442079
1825.707119 65.045157
1826.120503 65.945237
1826.533887 68.050671
1826.947271 67.878312
1827.360655 66.954086
1827.774039 69.445033
1828.187423 65.932753
1828.600807 67.545126
1829.014191 69.008623
1829.427575 67.015466
1829.840959 69.057724
1830.254343 66.663189
1830.667727 65.877809
1831.081111 69.202324
1831.494495 67.095393
1831.907879 65.718045
1832.321263 65.041787
1832.734647 67.156987
1833.148031 68.728628
1833.561415 67.901141
1833.974799 63.768675
1834.388183 68.701768
1834.801567 70.737525
1835.214951 67.167593
1835.628335 69.392503
1836.041719 70.555682
1836.455103 64.564302
1836.868487 66.893907
1837.281871 68.233482
1837.695255 71.566256
1838.108639 70.944286
1838.522023 66.309193
1838.935407 68.962823
1839.348791 67.897343
1839.762175 65.207902
1840.175559 69.750868
1840.588943 68.619163
1841.002327 71.138460
1841.415711 71.285398
1841.829095 68.912567
1842.242479 67.076555
1842.655863 67.656092
1843.069247 68.267318
1843.482631 70.845976
1843.896015 68.769382
1844.309399 69.472448
1844.722783 69.108315
1845.136167 70.471319
1845.549551 72.011382
1845.962935 69.158976
1846.376319 71.636425
1846.789703 67.963820
1847.203087 70.193595
1847.616471 70.958213
1848.029855 70.734351
1848.443239 70.443154
1848.856623 69.087051
1849.270007 70.434184
1849.683391 71.177504
1850.096775 70.510207
1850.510159 72.767688
1850.923543 70.768374
1851.336927 71.669814
1851.750311 71.873350
1852.163695 71.157117
1852.577079 70.005221
1852.990463 73.033532
1853.403847 71.618675
1853.817231 69.704223
1854.230615 68.869580
1854.643999 68.702812
1855.057383 70.744905
1855.470767 67.453843
1855.884151 66.849293
1856.297535 67.232089
1856.710919 69.841296
1857.124303 69.416239
1857.537687 69.104170
1857.951071 70.865107
1858.364455 67.604178
1858.777839 71.857162
1859.191223 67.566598
1859.604607 68.486762
1860.017991 69.288314
1860.431375 70.432824
1860.844759 68.918271
1861.258143 69.593018
1861.671527 70.914917
1862.084911 69.272963
1862.498295 68.350798
1862.911679 68.968757
1863.325063 68.325947
1863.738447 67.254051
1864.151831 68.094659
1864.565215 68.855858
1864.978600 70.399955
1865.391984 71.835261
1865.805368 69.692110
1866.218752 68.670538
1866.632136 69.190735
1867.045520 68.988529
1867.458904 68.109422
1867.872288 67.936488
1868.285672 69.478275
1868.699056 69.234280
1869.112440 66.041771
1869.525824 68.715461
1869.939208 67.483449
1870.352592 67.842549
1870.765976 66.295539
1871.179360 65.785365
1871.592744 64.993847
1872.006128 64.565971
1872.419512 67.530737
1872.832896 68.086434
1873.246280 69.087793
1873.659664 69.736984
1874.073048 67.035063
1874.486432 67.019905
1874.899816 69.891063
1875.313200 71.345620
1875.726584 66.296617
1876.139968 70.140823
1876.553352 71.937797
1876.966736 73.126528
1877.380120 70.960066
1877.793504 72.660962
1878.206888 70.417524
1878.620272 72.410568
1879.033656 72.342405
1879.447040 72.350146
1879.860424 71.042952
1880.273808 71.306517
1880.687192 71.508555
1881.100576 70.172647
1881.513960 69.815413
1881.927344 72.038004
1882.340728 73.953660
1882.754112 73.970585
1883.167496 74.069175
1883.580880 75.041933
1883.994264 77.456636
1884.407648 78.597751
1884.821032 76.563728
1885.234416 77.003606
1885.647800 78.704367
1886.061184 79.656422
1886.474568 79.206296
1886.887952 81.235004
1887.301336 79.171479
1887.714720 77.371170
1888.128104 80.630825
1888.541488 83.684907
1888.954872 81.725642
1889.368256 82.396235
1889.781640 82.538329
1890.195024 81.616407
1890.608408 79.578606
1891.021792 80.603342
1891.435176 82.515494
1891.848560 86.976146
1892.261944 85.909443
1892.675328 87.138527
1893.088712 86.462352
1893.502096 86.589900
1893.915480 87.638201
1894.328864 89.089489
1894.742248 87.543122
1895.155632 87.242492
1895.569016 88.877379
1895.982400 87.014072
1896.395784 89.994204
1896.809168 89.761728
1897.222552 88.834257
1897.635936 90.738701
1898.049320 89.803615
1898.462704 89.834529
1898.876088 90.850191
1899.289472 90.292705
1899.702856 91.839143
1900.116240 92.597633
1900.529624 92.434637
1900.943008 93.369153
1901.356392 94.963620
1901.769776 97.224321
1902.183160 94.449174
1902.596544 97.781571
1903.009928 97.622747
1903.423312 97.846830
1903.836696 98.669865
1904.250080 98.469721
1904.663464 97.868550
1905.076848 100.057222
1905.490232 100.320673
1905.903616 100.369462
1906.317000 99.397103
1906.730384 101.450202
1907.143768 100.741717
1907.557152 99.864601
1907.970536 100.380139
1908.383920 100.682895
1908.797304 98.948441
1909.210688 100.031320
1909.624072 99.434833
1910.037456 99.455386
1910.450840 96.793713
1910.864224 97.696528
1911.277608 95.980851
1911.690992 94.716482
1912.104376 94.639150
1912.517760 93.352139
1912.931144 95.194017
1913.344528 92.286005
1913.757912 91.526880
1914.171296 89.899407
1914.584680 89.277711
1914.998064 88.528214
1915.411448 88.198848
1915.824832 87.593021
1916.238216 86.773741
1916.651600 85.154493
1917.064984 85.045577
1917.478368 82.890591
1917.891752 83.208858
1918.305136 82.864113
1918.718520 83.688172
1919.131904 82.093402
1919.545288 80.116540
1919.958672 79.280454
1920.372056 78.617630
1920.785440 78.417624
1921.198824 79.909610
1921.612208 79.314670
1922.025592 77.735484
1922.438976 75.058494
1922.852360 74.014684
1923.265744 74.171067
1923.679128 75.083652
1924.092512 74.231436
1924.505896 74.513207
1924.919280 73.587419
1925.332664 73.095161
1925.746048 72.443978
1926.159432 74.245081
1926.572816 72.142107
1926.986200 72.211198
1927.399584 73.846780
1927.812968 71.688247
1928.226352 71.340087
1928.639736 72.679778
1929.053120 71.051852
1929.466504 70.230066
1929.879888 70.101730
1930.293272 68.648512
1930.706656 66.904617
1931.120040 68.398665
1931.533424 67.997418
1931.946808 68.348562
1932.360192 68.152176
1932.773576 67.443357
1933.186960 66.384028
1933.600344 65.186899
1934.013728 68.122932
1934.427112 67.008129
1934.840496 64.982769
1935.253880 65.856138
1935.667264 65.449024
1936.080648 65.669783
1936.494032 66.047337
1936.907416 64.206458
1937.320800 64.884569
1937.734184 64.203067
1938.147568 64.475439
1938.560952 64.009086
1938.974336 64.203370
1939.387720 64.706865
1939.801104 64.444865
1940.214488 64.496684
1940.627872 62.603916
1941.041256 63.810881
1941.454640 63.497593
1941.868024 62.708981
1942.281408 61.570127
1942.694792 61.811092
1943.108176 62.346380
1943.521560 62.778970
1943.934944 62.163691
1944.348328 61.015763
1944.761712 60.950841
1945.175096 61.686962
1945.588480 60.372808
1946.001864 59.517587
1946.415248 58.784830
1946.828632 59.139966
1947.242016 58.194705
1947.655400 58.373157
1948.068784 58.989104
1948.482168 58.707697
1948.895552 61.583082
1949.308936 61.975933
1949.722320 60.059370
1950.135704 60.090740
1950.549088 58.121715
1950.962472 59.200653
1951.375856 60.008127
1951.789240 58.417933
1952.202624 57.756261
1952.616008 55.923843
1953.029392 57.100746
1953.442776 58.589762
1953.856160 56.101538
1954.269544 57.452387
1954.682928 58.309746
1955.096312 57.867803
1955.509696 57.888665
1955.923080 58.983430
1956.336464 57.126066
1956.749848 57.431690
1957.163232 57.276266
1957.576616 58.236550
1957.990000 56.589418
1958.403384 56.842359
1958.816768 55.415523
1959.230153 55.638659
1959.643537 55.144815
1960.056921 56.187396
1960.470305 56.448139
1960.883689 56.550898
1961.297073 54.953934
1961.710457 55.820349
1962.123841 55.489216
1962.537225 55.170113
1962.950609 55.159002
1963.363993 55.278830
1963.777377 53.745572
1964.190761 53.230090
1964.604145 55.869319
1965.017529 55.255621
1965.430913 55.832554
1965.844297 54.912862
1966.257681 54.904848
1966.671065 55.481925
1967.084449 55.378633
1967.497833 55.073521
1967.911217 55.769210
1968.324601 55.311904
1968.737985 55.416277
1969.151369 57.003652
1969.564753 56.531138
1969.978137 54.929726
1970.391521 55.696762
1970.804905 57.034161
1971.218289 56.937686
1971.631673 56.130087
1972.045057 56.737299
1972.458441 56.090427
1972.871825 56.744119
1973.285209 55.335425
1973.698593 54.856858
1974.111977 55.769339
1974.525361 55.003967
1974.938745 54.879663
1975.352129 54.340126
1975.765513 54.351525
1976.178897 55.072044
1976.592281 56.028587
1977.005665 55.424052
1977.419049 55.473595
1977.832433 54.538564
1978.245817 55.438840
1978.659201 54.630135
1979.072585 53.067721
1979.485969 56.319598
1979.899353 53.737460
1980.312737 53.242117
1980.726121 53.721386
1981.139505 53.590167
1981.552889 52.731441
1981.966273 50.878320
1982.379657 48.539663
1982.793041 47.406341
1983.206425 48.420086
1983.619809 51.805674
1984.033193 50.846013
1984.446577 50.202679
1984.859961 50.158148
1985.273345 50.180137
1985.686729 51.804722
1986.100113 53.038563
1986.513497 53.846055
1986.926881 55.505722
1987.340265 54.686454
1987.753649 54.133300
1988.167033 54.509914
1988.580417 54.472785
1988.993801 54.443868
1989.407185 55.183283
1989.820569 53.902264
1990.233953 54.213999
1990.647337 54.005166
1991.060721 53.687724
1991.474105 54.665240
1991.887489 54.519524
1992.300873 54.028982
1992.714257 54.821993
1993.127641 54.166815
1993.541025 54.774646
1993.954409 54.181958
1994.367793 52.637640
1994.781177 52.549491
1995.194561 52.840330
1995.607945 53.333143
1996.021329 53.022538
1996.434713 54.352184
1996.848097 53.069057
1997.261481 52.854481
1997.674865 54.118093
1998.088249 53.646336
1998.501633 53.859032
1998.915017 52.982663
1999.328401 52.334955
1999.741785 51.723196
2000.155169 51.859068
2000.568553 50.307971
2000.981937 50.735702
2001.395321 52.010356
2001.808705 52.445047
2002.222089 52.604282
2002.635473 53.012052
2003.048857 54.525143
2003.462241 54.715760
2003.875625 54.787044
2004.289009 53.790743
2004.702393 54.338539
2005.115777 55.012726
2005.529161 54.134379
2005.942545 53.326213
2006.355929 54.015362
2006.769313 53.807853
2007.182697 54.007005
2007.596081 54.201632
2008.009465 54.144136
2008.422849 54.274000
2008.836233 53.576458
2009.249617 54.682505
2009.663001 53.574179
2010.076385 53.393190
2010.489769 53.304897
2010.903153 52.504167
2011.316537 52.827899
2011.729921 53.209635
2012.143305 54.422317
2012.556689 53.549107
2012.970073 53.376442
2013.383457 53.821571
2013.796841 53.340415
2014.210225 52.861818
2014.623609 53.623072
2015.036993 53.512596
2015.450377 53.427722
2015.863761 53.253749
2016.277145 53.121060
2016.690529 51.412432
2017.103913 48.577396
2017.517297 46.328278
2017.930681 46.024229
2018.344065 48.787870
2018.757449 52.607609
2019.170833 54.214679
2019.584217 53.760001
2019.997601 53.945869
2020.410985 53.028643
2020.824369 52.641344
2021.237753 52.804313
2021.651137 54.150269
2022.064521 53.673990
2022.477905 53.631016
2022.891289 54.675129
2023.304673 54.543775
2023.718057 53.273208
2024.131441 53.370076
2024.544825 54.103505
2024.958209 52.238975
2025.371593 52.780770
2025.784977 53.046666
2026.198361 53.588813
2026.611745 53.795550
2027.025129 52.846108
2027.438513 52.007320
2027.851897 52.504145
2028.265281 52.791520
2028.678665 52.294630
2029.092049 53.037672
2029.505433 53.692858
2029.918817 53.558395
2030.332201 54.048800
2030.745585 50.839236
2031.158969 51.468445
2031.572353 53.814948
2031.985737 52.824985
2032.399121 51.906929
2032.812505 52.478801
2033.225889 52.588983
2033.639273 53.123131
2034.052657 53.432896
2034.466041 52.125344
2034.879425 52.688237
2035.292809 51.986611
2035.706193 52.057907
2036.119577 52.538702
2036.532961 52.221642
2036.946345 52.110734
2037.359729 52.748254
2037.773113 53.440028
2038.186497 52.280259
2038.599881 52.768954
2039.013265 52.743061
2039.426649 51.954288
2039.840033 52.391323
2040.253417 50.859618
2040.666801 50.435229
2041.080185 51.159209
2041.493569 51.634511
2041.906953 52.035234
2042.320337 51.379986
2042.733721 52.974205
2043.147105 53.273028
2043.560489 52.768540
2043.973873 51.262158
2044.387257 52.308645
2044.800641 52.326398
2045.214025 50.858772
2045.627409 52.362753
2046.040793 52.758844
2046.454177 52.380763
2046.867561 52.755520
2047.280945 52.483366
2047.694329 51.756083
2048.107713 51.520929
2048.521097 52.807548
2048.934481 53.042788
2049.347865 53.059667
2049.761249 53.573590
2050.174633 53.899166
2050.588017 52.344295
2051.001401 53.541123
2051.414785 53.173780
2051.828169 52.648019
2052.241553 53.087257
2052.654937 53.283232
2053.068322 52.981211
2053.481706 52.862602
2053.895090 54.072352
2054.308474 53.741985
2054.721858 54.304479
2055.135242 55.084050
2055.548626 53.349275
2055.962010 54.704155
2056.375394 53.889608
2056.788778 54.019240
2057.202162 54.252253
2057.615546 54.408142
2058.028930 53.823688
2058.442314 55.108920
2058.855698 54.263493
2059.269082 54.854110
2059.682466 55.510571
2060.095850 53.759682
2060.509234 54.653157
2060.922618 55.321416
2061.336002 53.206562
2061.749386 53.524758
2062.162770 53.786016
2062.576154 54.186731
2062.989538 52.646561
2063.402922 52.947571
2063.816306 54.180539
2064.229690 55.936210
2064.643074 54.970054
2065.056458 54.143407
2065.469842 54.048466
2065.883226 54.722573
2066.296610 54.252020
2066.709994 54.013438
2067.123378 54.020196
2067.536762 55.222097
2067.950146 53.519507
2068.363530 53.653808
2068.776914 55.002368
2069.190298 54.542301
2069.603682 55.812007
2070.017066 55.384619
2070.430450 55.428822
2070.843834 55.118239
2071.257218 53.932552
2071.670602 55.623997
2072.083986 56.863111
2072.497370 55.300164
2072.910754 54.638060
2073.324138 54.339480
2073.737522 54.322949
2074.150906 55.624313
2074.564290 55.760455
2074.977674 54.635995
2075.391058 55.318355
2075.804442 55.881414
2076.217826 56.375546
2076.631210 56.036185
2077.044594 56.711587
2077.457978 55.816780
2077.871362 55.164583
2078.284746 55.184128
2078.698130 55.828951
2079.111514 56.043877
2079.524898 55.141837
2079.938282 54.829679
2080.351666 56.090053
2080.765050 56.648299
2081.178434 56.516813
2081.591818 55.240769
2082.005202 55.202620
2082.418586 56.316347
2082.831970 54.869722
2083.245354 55.232755
2083.658738 54.759929
2084.072122 54.848743
2084.485506 54.221661
2084.898890 55.122966
2085.312274 55.896168
2085.725658 54.367364
2086.139042 54.317870
2086.552426 54.914216
2086.965810 55.181926
2087.379194 54.192646
2087.792578 54.752577
2088.205962 56.033467
2088.619346 55.013914
2089.032730 53.911479
2089.446114 53.632357
2089.859498 54.477221
2090.272882 55.240457
2090.686266 55.827754
2091.099650 53.985159
2091.513034 55.037007
2091.926418 54.884172
2092.339802 54.256091
2092.753186 54.009226
2093.166570 53.706105
2093.579954 53.803959
2093.993338 54.595113
2094.406722 54.591912
2094.820106 54.586627
2095.233490 53.982297
2095.646874 54.077244
2096.060258 53.374763
2096.473642 53.726848
2096.887026 53.019484
2097.300410 53.101261
2097.713794 54.071929
2098.127178 55.054506
2098.540562 54.670542
2098.953946 55.222872
2099.367330 54.648877
2099.780714 56.608991
2100.194098 54.821325
2100.607482 53.361995
2101.020866 53.033180
2101.434250 54.060288
2101.847634 53.759162
2102.261018 53.301371
2102.674402 53.616109
2103.087786 53.222351
2103.501170 54.266204
2103.914554 54.322079
2104.327938 55.109315
2104.741322 54.018894
2105.154706 53.662128
2105.568090 53.280159
2105.981474 54.662378
2106.394858 55.097621
2106.808242 52.527679
2107.221626 53.516196
2107.635010 54.245697
2108.048394 54.501269
2108.461778 53.933180
2108.875162 53.734984
2109.288546 53.109333
2109.701930 53.386212
2110.115314 52.672671
2110.528698 52.253239
2110.942082 52.487027
2111.355466 52.428021
2111.768850 52.686494
2112.182234 52.163920
2112.595618 52.618552
2113.009002 52.883832
2113.422386 51.875792
2113.835770 51.603217
2114.249154 52.467178
2114.662538 52.698267
2115.075922 51.699910
2115.489306 51.940104
2115.902690 52.374412
2116.316074 52.470579
2116.729458 51.514118
2117.142842 51.034494
2117.556226 51.182489
2117.969610 51.540391
2118.382994 52.005117
2118.796378 51.502799
2119.209762 51.232651
2119.623146 52.442045
2120.036530 52.605014
2120.449914 51.298280
2120.863298 51.253127
2121.276682 52.129143
2121.690066 53.071453
2122.103450 52.675814
2122.516834 52.293551
2122.930218 50.158721
2123.343602 50.266697
2123.756986 50.779492
2124.170370 50.307101
2124.583754 51.370523
2124.997138 50.749185
2125.410522 51.776188
2125.823906 51.943875
2126.237290 50.841889
2126.650674 50.522067
2127.064058 50.506611
2127.477442 51.699187
2127.890826 51.044276
2128.304210 50.108154
2128.717594 50.102279
2129.130978 51.017697
2129.544362 50.430967
2129.957746 49.966309
2130.371130 51.154960
2130.784514 50.156417
2131.197898 50.604744
2131.611282 50.277247
2132.024666 51.328976
2132.438050 51.197279
2132.851434 50.922946
2133.264818 50.205246
2133.678202 50.866210
2134.091586 50.541219
2134.504970 49.803119
2134.918354 49.940162
2135.331738 49.720975
2135.745122 51.898685
2136.158506 50.326226
2136.571890 49.931951
2136.985274 49.686749
2137.398658 49.916119
2137.812042 49.926529
2138.225426 50.276016
2138.638810 49.551064
2139.052194 49.948568
2139.465578 49.583886
2139.878962 49.772962
2140.292346 49.460029
2140.705730 50.769419
2141.119114 51.551291
2141.532498 49.789557
2141.945882 49.592299
2142.359266 50.627484
2142.772650 50.532678
2143.186034 50.601846
2143.599418 50.671749
2144.012802 49.228986
2144.426186 49.388166
2144.839570 49.463969
2145.252954 48.954090
2145.666338 49.936960
2146.079722 49.159166
2146.493106 49.378243
2146.906490 49.792829
2147.319875 49.280695
2147.733259 48.543747
2148.146643 49.812144
2148.560027 48.968690
2148.973411 49.013950
2149.386795 48.708970
2149.800179 48.647826
2150.213563 48.724591
2150.626947 48.792852
2151.040331 49.300173
2151.453715 47.716949
2151.867099 49.594320
2152.280483 50.058455
2152.693867 49.331580
2153.107251 47.698347
2153.520635 48.827436
2153.934019 48.573052
2154.347403 48.894183
2154.760787 49.872887
2155.174171 48.489676
2155.587555 46.821648
2156.000939 48.982516
2156.414323 48.444260
2156.827707 47.667676
2157.241091 48.312057
2157.654475 49.161301
2158.067859 48.785937
2158.481243 48.533695
2158.894627 46.881151
2159.308011 48.003625
2159.721395 48.402262
2160.134779 48.620720
2160.548163 48.219365
2160.961547 48.733080
2161.374931 48.426219
2161.788315 48.892434
2162.201699 48.109766
2162.615083 48.472000
2163.028467 49.842013
2163.441851 49.234853
2163.855235 50.033399
2164.268619 49.641995
2164.682003 49.024234
2165.095387 48.487452
2165.508771 47.304097
2165.922155 49.120799
2166.335539 49.296585
2166.748923 48.305002
2167.162307 48.337365
2167.575691 48.662056
2167.989075 49.004702
2168.402459 49.006218
2168.815843 49.240196
2169.229227 49.132226
2169.642611 49.263892
2170.055995 48.478828
2170.469379 49.300865
2170.882763 48.544191
2171.296147 47.829891
2171.709531 46.674025
2172.122915 48.385300
2172.536299 49.066955
2172.949683 48.638148
2173.363067 49.785596
2173.776451 49.497535
2174.189835 49.412539
2174.603219 49.003354
2175.016603 49.749882
2175.429987 49.972374
2175.843371 48.840572
2176.256755 48.300551
2176.670139 47.916352
2177.083523 49.546901
2177.496907 49.895386
2177.910291 47.961076
2178.323675 48.908238
2178.737059 48.637866
2179.150443 48.641374
2179.563827 48.928133
2179.977211 49.657242
2180.390595 47.999256
2180.803979 48.190268
2181.217363 47.320771
2181.630747 48.311837
2182.044131 49.955577
2182.457515 48.992812
2182.870899 48.056424
2183.284283 47.803104
2183.697667 47.329907
2184.111051 47.200823
2184.524435 47.620320
2184.937819 46.619454
2185.351203 46.460193
2185.764587 47.419110
2186.177971 47.871364
2186.591355 47.116960
2187.004739 48.265400
2187.418123 47.060665
2187.831507 46.220437
2188.244891 46.366823
2188.658275 46.011819
2189.071659 46.846711
2189.485043 46.248765
2189.898427 46.100918
2190.311811 45.244971
2190.725195 44.850374
2191.138579 45.995203
2191.551963 46.774930
2191.965347 46.162632
2192.378731 46.786838
2192.792115 46.118977
2193.205499 45.804016
2193.618883 46.143292
2194.032267 47.315113
2194.445651 48.414488
2194.859035 48.298887
2195.272419 48.113932
2195.685803 46.960507
2196.099187 46.561420
2196.512571 44.980812
2196.925955 44.878574
2197.339339 46.273638
2197.752723 47.495700
2198.166107 46.160359
2198.579491 47.387041
2198.992875 46.756546
2199.406259 46.346672
2199.819643 46.602593
2200.233027 45.606899
2200.646411 44.327102
2201.059795 43.035293
2201.473179 40.416411
2201.886563 39.437039
2202.299947 41.205844
2202.713331 44.070071
2203.126715 45.376680
2203.540099 46.335612
2203.953483 46.563849
2204.366867 46.558721
2204.780251 46.789840
2205.193635 46.411088
2205.607019 46.653983
2206.020403 46.818088
2206.433787 46.559067
2206.847171 45.360005
2207.260555 46.349401
2207.673939 46.714423
2208.087323 46.867898
2208.500707 47.151483
2208.914091 46.884778
2209.327475 47.874017
2209.740859 47.508898
2210.154243 47.102850
2210.567627 46.264438
2210.981011 46.165040
2211.394395 46.173100
2211.807779 47.399479
2212.221163 46.051608
2212.634547 45.703739
2213.047931 47.035897
2213.461315 48.126413
2213.874699 46.927924
2214.288083 46.674450
2214.701467 46.672383
2215.114851 46.306512
2215.528235 45.885355
2215.941619 46.008505
2216.355003 46.583869
2216.768387 46.748654
2217.181771 46.900653
2217.595155 46.816872
2218.008539 45.908003
2218.421923 46.216865
2218.835307 46.077378
2219.248691 46.773365
2219.662075 47.384223
2220.075459 46.587946
2220.488843 46.763846
2220.902227 46.906881
2221.315611 46.438273
2221.728995 46.629392
2222.142379 47.703567
2222.555763 46.662252
2222.969147 46.790434
2223.382531 46.255226
2223.795915 45.798422
2224.209299 46.607905
2224.622683 46.316266
2225.036067 46.142281
2225.449451 46.179206
2225.862835 45.739383
2226.276219 45.722708
2226.689603 45.805713
2227.102987 45.840797
2227.516371 46.583823
2227.929755 46.435492
2228.343139 46.563935
2228.756523 46.686478
2229.169907 45.887625
2229.583291 45.904122
2229.996675 46.491272
2230.410059 46.678519
2230.823443 45.676529
2231.236827 45.350429
2231.650211 45.360443
2232.063595 45.830209
2232.476979 45.550604
2232.890363 45.242085
2233.303747 44.783223
2233.717131 44.853600
2234.130515 44.511261
2234.543899 44.802556
2234.957283 44.584236
2235.370667 44.973453
2235.784051 45.913098
2236.197435 45.371509
2236.610819 44.805035
2237.024203 45.348487
2237.437587 44.967201
2237.850971 44.027130
2238.264355 45.124661
2238.677739 44.975362
2239.091123 44.885583
2239.504507 45.011698
2239.917891 44.207800
2240.331275 44.482602
2240.744659 44.490150
2241.158044 45.026103
2241.571428 45.168552
2241.984812 44.954775
2242.398196 45.906793
2242.811580 45.227868
2243.224964 45.032766
2243.638348 44.799095
2244.051732 44.221963
2244.465116 44.175021
2244.878500 45.250899
2245.291884 45.464789
2245.705268 46.176255
2246.118652 44.648827
2246.532036 44.326425
2246.945420 44.174007
2247.358804 44.560090
2247.772188 44.673130
2248.185572 45.700014
2248.598956 45.646084
2249.012340 46.044378
2249.425724 45.585414
2249.839108 45.638229
2250.252492 45.101030
2250.665876 44.342787
2251.079260 44.698358
2251.492644 45.654441
2251.906028 45.401712
2252.319412 45.112931
2252.732796 44.372659
2253.146180 44.203713
2253.559564 45.501444
2253.972948 46.156465
2254.386332 45.212369
2254.799716 45.753735
2255.213100 45.657112
2255.626484 45.085770
2256.039868 44.862108
2256.453252 45.458267
2256.866636 45.429102
2257.280020 44.130232
2257.693404 45.890771
2258.106788 45.183842
2258.520172 45.035820
2258.933556 45.367425
2259.346940 46.104407
2259.760324 46.502518
2260.173708 46.438043
2260.587092 46.286906
2261.000476 45.617651
2261.413860 45.609420
2261.827244 45.910470
2262.240628 45.622020
2262.654012 45.572882
2263.067396 45.205700
2263.480780 44.705747
2263.894164 44.807553
2264.307548 45.495737
2264.720932 46.873277
2265.134316 47.025169
2265.547700 46.266632
2265.961084 43.930152
2266.374468 44.524400
2266.787852 44.053216
2267.201236 45.836394
2267.614620 45.670776
2268.028004 45.432776
2268.441388 45.960515
2268.854772 46.212913
2269.268156 46.312216
2269.681540 46.447960
2270.094924 45.716728
2270.508308 46.518592
2270.921692 46.460870
2271.335076 46.541565
2271.748460 46.675504
2272.161844 47.114574
2272.575228 45.807901
2272.988612 45.331432
2273.401996 46.317593
2273.815380 46.372126
2274.228764 46.345425
2274.642148 46.948642
2275.055532 46.680528
2275.468916 45.893826
2275.882300 46.842434
2276.295684 46.995171
2276.709068 47.039542
2277.122452 46.608165
2277.535836 46.832312
2277.949220 46.649532
2278.362604 46.826862
2278.775988 45.710463
2279.189372 46.035129
2279.602756 47.440208
2280.016140 47.617924
2280.429524 47.439733
2280.842908 47.379575
2281.256292 47.399185
2281.669676 47.375136
2282.083060 47.297575
2282.496444 47.267804
2282.909828 47.503589
2283.323212 47.244313
2283.736596 47.777634
2284.149980 48.087077
2284.563364 47.128966
2284.976748 47.518992
2285.390132 46.630713
2285.803516 46.717679
2286.216900 46.636236
2286.630284 46.397520
2287.043668 46.858138
2287.457052 47.879608
2287.870436 48.445243
2288.283820 47.610465
2288.697204 47.244622
2289.110588 48.545076
2289.523972 47.460308
2289.937356 47.173105
2290.350740 48.561107
2290.764124 47.620602
2291.177508 47.463926
2291.590892 47.166371
2292.004276 47.396997
2292.417660 48.025523
2292.831044 48.684634
2293.244428 48.898208
2293.657812 49.073345
2294.071196 48.153160
2294.484580 48.363913
2294.897964 48.962811
2295.311348 49.726421
2295.724732 48.901823
2296.138116 48.618211
2296.551500 48.980479
2296.964884 48.811511
2297.378268 47.724053
2297.791652 46.897562
2298.205036 48.759230
2298.618420 50.006707
2299.031804 48.145887
2299.445188 48.803246
2299.858572 48.656189
2300.271956 47.965181
2300.685340 48.210297
2301.098724 49.986831
2301.512108 49.624952
2301.925492 48.776738
2302.338876 49.425390
2302.752260 49.385886
2303.165644 48.527758
2303.579028 48.500135
2303.992412 48.834730
2304.405796 49.480052
2304.819180 49.117521
2305.232564 49.289080
2305.645948 48.743392
2306.059332 49.652129
2306.472716 50.593366
2306.886100 49.396244
2307.299484 48.894198
2307.712868 48.699118
2308.126252 48.471954
2308.539636 48.364002
2308.953020 48.414464
2309.366404 49.321329
2309.779788 49.473708
2310.193172 49.050654
2310.606556 49.378298
2311.019940 49.247061
2311.433324 49.036194
2311.846708 49.731240
2312.260092 49.752008
2312.673476 49.298402
2313.086860 48.401358
2313.500244 49.034313
2313.913628 48.634451
2314.327012 48.291256
2314.740396 48.377184
2315.153780 50.048128
2315.567164 49.643085
2315.980548 49.156090
2316.393932 49.024553
2316.807316 49.342547
2317.220700 49.579815
2317.634084 49.759553
2318.047468 48.910986
2318.460852 49.599433
2318.874236 49.996122
2319.287620 50.680740
2319.701004 49.520092
2320.114388 49.560297
2320.527772 49.659708
2320.941156 49.612603
2321.354540 49.277426
2321.767924 49.784980
2322.181308 50.655638
2322.594692 50.697320
2323.008076 50.191350
2323.421460 49.890331
2323.834844 50.043337
2324.248228 50.177521
2324.661612 49.689681
2325.074996 50.833998
2325.488380 51.053268
2325.901764 50.544632
2326.315148 49.427954
2326.728532 49.933946
2327.141916 50.553930
2327.555300 51.213023
2327.968684 51.479516
2328.382068 52.605599
2328.795452 51.094723
2329.208836 49.786049
2329.622220 49.933256
2330.035604 50.036227
2330.448988 50.923339
2330.862372 50.030470
2331.275756 50.336780
2331.689140 50.622715
2332.102524 49.406746
2332.515908 49.194298
2332.929292 48.707037
2333.342676 48.797282
2333.756060 48.107113
2334.169444 49.693330
2334.582828 50.221519
2334.996212 49.094827
2335.409597 50.311004
2335.822981 50.108730
2336.236365 49.454527
2336.649749 49.523756
2337.063133 49.646427
2337.476517 49.184219
2337.889901 49.719222
2338.303285 49.684317
2338.716669 49.417973
2339.130053 49.154782
2339.543437 48.451042
2339.956821 48.254687
2340.370205 49.044490
2340.783589 48.862078
2341.196973 49.833151
2341.610357 49.702061
2342.023741 49.581540
2342.437125 48.982479
2342.850509 48.683001
2343.263893 49.314991
2343.677277 49.034252
2344.090661 48.859118
2344.504045 47.819990
2344.917429 48.544607
2345.330813 48.704013
2345.744197 48.872469
2346.157581 48.637171
2346.570965 48.715354
2346.984349 49.005351
2347.397733 48.221758
2347.811117 48.166952
2348.224501 48.951176
2348.637885 48.479116
2349.051269 47.903626
2349.464653 48.254868
2349.878037 48.962260
2350.291421 48.269411
2350.704805 47.736840
2351.118189 48.230507
2351.531573 48.673443
2351.944957 48.784850
2352.358341 48.566113
2352.771725 48.201419
2353.185109 48.256581
2353.598493 48.091979
2354.011877 47.683015
2354.425261 48.379430
2354.838645 48.824602
2355.252029 49.463837
2355.665413 49.043654
2356.078797 48.300330
2356.492181 48.248331
2356.905565 48.951415
2357.318949 48.049917
2357.732333 48.183755
2358.145717 48.683356
2358.559101 47.489114
2358.972485 47.757672
2359.385869 47.854405
2359.799253 48.441815
2360.212637 47.315833
2360.626021 47.599369
2361.039405 47.442576
2361.452789 47.459349
2361.866173 47.503353
2362.279557 47.017081
2362.692941 47.205759
2363.106325 47.609515
2363.519709 46.513179
2363.933093 46.345572
2364.346477 45.349660
2364.759861 44.197908
2365.173245 43.040706
2365.586629 44.235273
2366.000013 44.062259
2366.413397 42.852191
2366.826781 40.965325
2367.240165 34.377973
2367.653549 27.642175
2368.066933 24.973337
2368.480317 27.684547
2368.893701 36.821926
2369.307085 42.215180
2369.720469 45.148373
2370.133853 45.108808
2370.547237 44.414126
2370.960621 42.993715
2371.374005 42.894531
2371.787389 43.970986
2372.200773 45.673398
2372.614157 44.339310
2373.027541 40.491727
2373.440925 34.783163
2373.854309 29.430470
2374.267693 29.951540
2374.681077 33.215143
2375.094461 39.267904
2375.507845 44.813006
2375.921229 47.465261
2376.334613 47.315052
2376.747997 46.442326
2377.161381 46.225948
2377.574765 45.437401
2377.988149 45.897349
2378.401533 46.310283
2378.814917 46.674288
2379.228301 46.749445
2379.641685 46.845556
2380.055069 47.034950
2380.468453 47.418721
2380.881837 47.464428
2381.295221 47.525284
2381.708605 47.367508
2382.121989 47.035183
2382.535373 46.252766
2382.948757 46.304178
2383.362141 48.347603
2383.775525 48.243812
2384.188909 47.832819
2384.602293 47.485551
2385.015677 48.146282
2385.429061 47.948954
2385.842445 47.502029
2386.255829 46.639499
2386.669213 46.789286
2387.082597 47.966872
2387.495981 46.995492
2387.909365 47.089079
2388.322749 47.160327
2388.736133 48.031012
2389.149517 47.190631
2389.562901 46.662549
2389.976285 47.012755
2390.389669 47.850502
2390.803053 46.947396
2391.216437 47.547197
2391.629821 46.680675
2392.043205 47.079723
2392.456589 47.589026
2392.869973 46.929597
2393.283357 47.504186
2393.696741 47.492833
2394.110125 47.213001
2394.523509 47.518235
2394.936893 46.279419
2395.350277 46.837759
2395.763661 46.993952
2396.177045 47.461827
2396.590429 47.003507
2397.003813 46.501822
2397.417197 46.719986
2397.830581 47.649564
2398.243965 47.358599
2398.657349 47.001080
2399.070733 46.681297
2399.484117 46.907503
2399.897501 47.016548
2400.310885 47.583552
2400.724269 46.501148
2401.137653 46.798026
2401.551037 46.649422
2401.964421 46.810166
2402.377805 46.961482
2402.791189 46.760633
2403.204573 47.312331
2403.617957 48.178673
2404.031341 47.106253
2404.444725 45.988191
2404.858109 45.592231
2405.271493 46.306546
2405.684877 47.097035
2406.098261 47.356158
2406.511645 46.492439
2406.925029 47.097804
2407.338413 46.602826
2407.751797 46.821909
2408.165181 47.231774
2408.578565 47.904334
2408.991949 47.793754
2409.405333 46.938732
2409.818717 47.261012
2410.232101 48.506562
2410.645485 48.076383
2411.058869 47.196890
2411.472253 46.871108
2411.885637 47.693755
2412.299021 46.730999
2412.712405 47.134290
2413.125789 47.133482
2413.539173 47.268992
2413.952557 47.134692
2414.365941 47.305745
2414.779325 47.308036
2415.192709 45.002465
2415.606093 44.621721
2416.019477 44.482461
2416.432861 46.240999
2416.846245 45.522901
2417.259629 47.290611
2417.673013 47.511685
2418.086397 47.583145
2418.499781 47.569389
2418.913165 48.288285
2419.326549 48.279327
2419.739933 48.899667
2420.153317 48.371364
2420.566701 48.666868
2420.980085 48.463180
2421.393469 48.658055
2421.806853 49.091932
2422.220237 49.269250
2422.633621 49.431107
2423.047005 48.266868
2423.460389 48.311812
2423.873773 49.289061
2424.287157 50.268152
2424.700541 48.888813
2425.113925 48.138679
2425.527309 47.795411
2425.940693 48.882631
2426.354077 49.132364
2426.767461 48.547493
2427.180845 48.404667
2427.594229 48.104708
2428.007613 47.867777
2428.420997 48.755756
2428.834381 49.124077
2429.247766 48.557318
2429.661150 48.014463
2430.074534 47.575483
2430.487918 48.981480
2430.901302 49.467005
2431.314686 49.036832
2431.728070 49.086025
2432.141454 47.821417
2432.554838 47.331313
2432.968222 48.560605
2433.381606 48.074410
2433.794990 47.307136
2434.208374 47.475619
2434.621758 47.712740
2435.035142 47.735247
2435.448526 47.220405
2435.861910 47.301223
2436.275294 48.137417
2436.688678 48.131241
2437.102062 47.921060
2437.515446 48.223336
2437.928830 47.878159
2438.342214 47.691798
2438.755598 47.604390
2439.168982 48.603862
2439.582366 48.153062
2439.995750 47.648875
2440.409134 48.034260
2440.822518 47.971351
2441.235902 47.807451
2441.649286 47.527548
2442.062670 47.199050
2442.476054 47.515239
2442.889438 48.211866
2443.302822 47.734490
2443.716206 47.086494
2444.129590 46.839573
2444.542974 46.222539
2444.956358 47.172480
2445.369742 46.829831
2445.783126 46.948894
2446.196510 47.793499
2446.609894 47.392365
2447.023278 47.368764
2447.436662 47.305794
2447.850046 47.556823
2448.263430 46.855065
2448.676814 46.578722
2449.090198 47.444969
2449.503582 46.985496
2449.916966 46.527007
2450.330350 46.027817
2450.743734 45.803511
2451.157118 45.927827
2451.570502 46.823762
2451.983886 46.589414
2452.397270 47.186364
2452.810654 47.131772
2453.224038 46.916246
2453.637422 47.250599
2454.050806 47.293868
2454.464190 47.665485
2454.877574 47.949471
2455.290958 47.041191
2455.704342 47.273149
2456.117726 47.944416
2456.531110 47.029755
2456.944494 46.636996
2457.357878 47.969926
2457.771262 47.815330
2458.184646 47.548334
2458.598030 47.158896
2459.011414 46.086866
2459.424798 47.188566
2459.838182 46.908566
2460.251566 46.934416
2460.664950 47.826169
2461.078334 47.778531
2461.491718 47.328161
2461.905102 47.699674
2462.318486 48.257870
2462.731870 47.367931
2463.145254 47.488951
2463.558638 47.691461
2463.972022 47.309501
2464.385406 47.369444
2464.798790 47.604561
2465.212174 48.546798
2465.625558 47.899637
2466.038942 48.102717
2466.452326 48.274971
2466.865710 47.735841
2467.279094 47.707752
2467.692478 47.259964
2468.105862 47.270420
2468.519246 46.497990
2468.932630 46.135921
2469.346014 47.090770
2469.759398 48.167871
2470.172782 47.905967
2470.586166 47.163485
2470.999550 47.584802
2471.412934 47.794446
2471.826318 47.559975
2472.239702 47.825746
2472.653086 47.253806
2473.066470 47.957764
2473.479854 47.866815
2473.893238 47.755270
2474.306622 48.727409
2474.720006 48.179050
2475.133390 48.073822
2475.546774 48.417904
2475.960158 47.956024
2476.373542 47.678860
2476.786926 47.255341
2477.200310 47.778862
2477.613694 47.012066
2478.027078 46.410371
2478.440462 46.364308
2478.853846 47.501224
2479.267230 47.817009
2479.680614 48.606977
2480.093998 47.999477
2480.507382 47.651022
2480.920766 47.340843
2481.334150 46.945573
2481.747534 47.078078
2482.160918 47.386900
2482.574302 47.410222
2482.987686 47.422280
2483.401070 47.370967
2483.814454 47.866904
2484.227838 48.437115
2484.641222 48.130383
2485.054606 47.220972
2485.467990 47.055249
2485.881374 47.134820
2486.294758 47.930769
2486.708142 47.653948
2487.121526 46.603944
2487.534910 47.023395
2487.948294 47.493304
2488.361678 47.853308
2488.775062 48.592576
2489.188446 48.087001
2489.601830 46.447749
2490.015214 46.729753
2490.428598 46.906271
2490.841982 47.228775
2491.255366 47.741524
2491.668750 47.521228
2492.082134 47.854837
2492.495518 47.018021
2492.908902 46.963265
2493.322286 46.984868
2493.735670 47.387936
2494.149054 47.057007
2494.562438 48.489250
2494.975822 49.037218
2495.389206 48.407881
2495.802590 47.693452
2496.215974 47.787501
2496.629358 47.871542
2497.042742 48.309377
2497.456126 47.597203
2497.869510 47.180659
2498.282894 46.636564
2498.696278 46.717027
2499.109662 47.472908
2499.523046 48.454072
2499.936430 47.328596
2500.349814 47.323391
2500.763198 47.702409
2501.176582 47.710001
2501.589966 48.135775
2502.003350 47.823218
2502.416734 47.108266
2502.830118 46.952585
2503.243502 47.764442
2503.656886 47.893743
2504.070270 47.871922
2504.483654 47.187319
2504.897038 46.878470
2505.310422 47.760864
2505.723806 48.160846
2506.137190 47.364806
2506.550574 46.754015
2506.963958 46.715109
2507.377342 46.858695
2507.790726 46.881537
2508.204110 46.982813
2508.617494 46.703112
2509.030878 46.817212
2509.444262 46.754288
2509.857646 46.651067
2510.271030 46.011611
2510.684414 46.769854
2511.097798 47.368991
2511.511182 47.098598
2511.924566 47.290682
2512.337950 47.432494
2512.751334 46.799462
2513.164718 46.668964
2513.578102 46.702745
2513.991486 45.507200
2514.404870 46.933625
2514.818254 46.698888
2515.231638 46.487914
2515.645022 45.680275
2516.058406 46.560154
2516.471790 47.263245
2516.885174 47.204950
2517.298558 45.665467
2517.711942 45.887686
2518.125326 46.237296
2518.538710 45.827476
2518.952094 45.447765
2519.365478 45.447961
2519.778862 46.904540
2520.192246 46.782748
2520.605630 46.189603
2521.019014 46.126955
2521.432398 46.820711
2521.845782 46.330751
2522.259166 45.432950
2522.672550 45.310358
2523.085934 46.213737
2523.499319 47.225935
2523.912703 47.198697
2524.326087 46.300226
2524.739471 46.887140
2525.152855 46.203606
2525.566239 45.625767
2525.979623 45.609693
2526.393007 46.211130
2526.806391 46.194961
2527.219775 45.535534
2527.633159 45.605882
2528.046543 45.320888
2528.459927 45.887460
2528.873311 45.669618
2529.286695 45.425613
2529.700079 45.245866
2530.113463 45.935878
2530.526847 46.570356
2530.940231 46.542496
2531.353615 45.600208
2531.766999 46.131277
2532.180383 45.944052
2532.593767 45.330057
2533.007151 45.910656
2533.420535 46.034474
2533.833919 46.111217
2534.247303 46.334001
2534.660687 45.800098
2535.074071 46.311218
2535.487455 45.635512
2535.900839 44.834267
2536.314223 45.081506
2536.727607 45.785684
2537.140991 46.405396
2537.554375 45.681357
2537.967759 45.998441
2538.381143 46.526128
2538.794527 46.558224
2539.207911 46.211648
2539.621295 46.058066
2540.034679 46.349848
2540.448063 45.779174
2540.861447 45.567242
2541.274831 46.191432
2541.688215 45.797595
2542.101599 45.748803
2542.514983 46.164440
2542.928367 46.682909
2543.341751 46.379374
2543.755135 45.903350
2544.168519 45.681158
2544.581903 45.713303
2544.995287 45.765790
2545.408671 46.727020
2545.822055 45.944934
2546.235439 45.225585
2546.648823 45.121466
2547.062207 45.866282
2547.475591 46.291458
2547.888975 46.959454
2548.302359 46.408864
2548.715743 45.580580
2549.129127 46.139653
2549.542511 46.633063
2549.955895 45.746710
2550.369279 45.034209
2550.782663 45.158191
2551.196047 46.064346
2551.609431 45.369303
2552.022815 45.200507
2552.436199 45.047164
2552.849583 45.559387
2553.262967 45.643051
2553.676351 45.429874
2554.089735 45.920496
2554.503119 45.333135
2554.916503 44.907227
2555.329887 45.300111
2555.743271 46.207408
2556.156655 46.072933
2556.570039 44.740484
2556.983423 44.725739
2557.396807 44.757158
2557.810191 45.530376
2558.223575 46.010833
2558.636959 46.101001
2559.050343 45.420421
2559.463727 44.934192
2559.877111 45.534680
2560.290495 45.605425
2560.703879 45.621655
2561.117263 45.252186
2561.530647 44.838114
2561.944031 44.678255
2562.357415 44.979191
2562.770799 44.926162
2563.184183 44.902763
2563.597567 45.006028
2564.010951 44.262137
2564.424335 45.028020
2564.837719 45.759543
2565.251103 45.580592
2565.664487 45.540408
2566.077871 45.892830
2566.491255 43.839954
2566.904639 44.250049
2567.318023 44.704923
2567.731407 44.182943
2568.144791 44.852926
2568.558175 45.086166
2568.971559 45.805793
2569.384943 45.252958
2569.798327 44.133624
2570.211711 44.602899
2570.625095 45.078681
2571.038479 44.511362
2571.451863 44.668332
2571.865247 44.122292
2572.278631 44.733741
2572.692015 45.180163
2573.105399 45.282830
2573.518783 44.786644
2573.932167 43.607735
2574.345551 43.157532
2574.758935 44.060403
2575.172319 44.530772
2575.585703 44.591138
2575.999087 43.498273
2576.412471 43.599598
2576.825855 44.287803
2577.239239 44.305541
2577.652623 44.427205
2578.066007 44.343378
2578.479391 44.144465
2578.892775 43.777146
2579.306159 44.613670
2579.719543 44.185685
2580.132927 43.825065
2580.546311 43.969031
2580.959695 43.681396
2581.373079 43.970836
2581.786463 43.847619
2582.199847 44.289274
2582.613231 44.612368
2583.026615 43.984431
2583.439999 44.770782
2583.853383 44.747070
2584.266767 44.012603
2584.680151 43.621481
2585.093535 43.707026
2585.506919 43.933179
2585.920303 43.333867
2586.333687 43.363332
2586.747071 43.113847
2587.160455 43.987146
2587.573839 42.966006
2587.987223 43.106541
2588.400607 44.107841
2588.813991 43.964084
2589.227375 42.874876
2589.640759 42.977387
2590.054143 44.145372
2590.467527 44.951326
2590.880911 44.542349
2591.294295 44.561248
2591.707679 44.832618
2592.121063 44.102358
2592.534447 43.357055
2592.947831 43.051199
2593.361215 42.972739
2593.774599 43.699070
2594.187983 44.024058
2594.601367 43.590362
2595.014751 42.954410
2595.428135 42.763953
2595.841519 42.415973
2596.254903 43.058389
2596.668287 43.678345
2597.081671 43.617777
2597.495055 44.073074
2597.908439 43.694569
2598.321823 44.042996
2598.735207 44.347621
2599.148591 42.678702
2599.561975 42.985036
2599.975359 43.670181
2600.388743 43.768783
2600.802127 44.041955
2601.215511 43.938166
2601.628895 43.328335
2602.042279 43.323782
2602.455663 43.413337
2602.869047 43.666241
2603.282431 43.651515
2603.695815 43.634510
2604.109199 43.100153
2604.522583 44.108485
2604.935967 43.338677
2605.349351 42.730984
2605.762735 42.470593
2606.176119 43.539315
2606.589503 44.769771
2607.002887 43.163659
2607.416271 42.100179
2607.829655 42.212484
2608.243039 43.214391
2608.656423 43.825485
2609.069807 43.587206
2609.483191 42.369485
2609.896575 43.062181
2610.309959 43.102757
2610.723343 43.076016
2611.136727 42.923206
2611.550111 42.750547
2611.963495 43.172504
2612.376879 44.565966
2612.790263 44.573376
2613.203647 43.618705
2613.617031 44.154762
2614.030415 44.061307
2614.443799 43.804751
2614.857183 43.680284
2615.270567 43.923912
2615.683951 44.122883
2616.097335 44.405978
2616.510719 43.464093
2616.924103 43.038032
2617.337488 43.150952
2617.750872 43.327897
2618.164256 43.390545
2618.577640 43.811031
2618.991024 42.056200
2619.404408 42.996178
2619.817792 43.062362
2620.231176 42.976403
2620.644560 43.736567
2621.057944 44.176638
2621.471328 43.887230
2621.884712 42.683827
2622.298096 43.440367
2622.711480 44.953305
2623.124864 43.713621
2623.538248 43.114585
2623.951632 43.797224
2624.365016 43.534676
2624.778400 43.953557
2625.191784 42.690953
2625.605168 43.309365
2626.018552 43.300328
2626.431936 43.506645
2626.845320 44.636126
2627.258704 42.827487
2627.672088 42.653921
2628.085472 44.411676
2628.498856 43.813084
2628.912240 43.867084
2629.325624 43.597601
2629.739008 43.058413
2630.152392 42.857089
2630.565776 42.414696
2630.979160 43.062288
2631.392544 43.413821
2631.805928 42.510142
2632.219312 41.686714
2632.632696 42.448208
2633.046080 42.634989
2633.459464 42.293719
2633.872848 42.766722
2634.286232 43.028470
2634.699616 43.063514
2635.113000 42.782248
2635.526384 42.147964
2635.939768 41.975032
2636.353152 42.543259
2636.766536 42.259270
2637.179920 42.114764
2637.593304 42.794159
2638.006688 43.367397
2638.420072 42.630406
2638.833456 42.095826
2639.246840 42.759557
2639.660224 42.014732
2640.073608 41.821082
2640.486992 42.642746
2640.900376 41.748563
2641.313760 41.409970
2641.727144 41.008083
2642.140528 40.715997
2642.553912 41.441653
2642.967296 41.178327
2643.380680 40.796732
2643.794064 41.906199
2644.207448 41.290200
2644.620832 40.947082
2645.034216 40.763922
2645.447600 40.884804
2645.860984 40.565640
2646.274368 40.787744
2646.687752 39.907016
2647.101136 39.415298
2647.514520 40.059508
2647.927904 40.154620
2648.341288 39.947785
2648.754672 39.838912
2649.168056 39.459694
2649.581440 39.350278
2649.994824 38.816157
2650.408208 38.963417
2650.821592 39.360044
2651.234976 39.595456
2651.648360 39.517539
2652.061744 39.400657
2652.475128 39.065560
2652.888512 39.320390
2653.301896 39.596497
2653.715280 38.787618
2654.128664 38.887794
2654.542048 38.825333
2654.955432 39.028838
2655.368816 39.532893
2655.782200 40.024615
2656.195584 40.295317
2656.608968 39.927100
2657.022352 39.388725
2657.435736 38.771066
2657.849120 39.250537
2658.262504 38.988436
2658.675888 39.048974
2659.089272 39.005662
2659.502656 39.573199
2659.916040 39.960186
2660.329424 39.784167
2660.742808 39.933862
2661.156192 40.169417
2661.569576 39.819912
2661.982960 39.521435
2662.396344 39.505315
2662.809728 39.307380
2663.223112 39.460181
2663.636496 40.084160
2664.049880 39.528423
2664.463264 39.827898
2664.876648 39.685764
2665.290032 39.818181
2665.703416 40.026229
2666.116800 40.167484
2666.530184 40.453954
2666.943568 39.962233
2667.356952 39.771291
2667.770336 39.217117
2668.183720 39.638623
2668.597104 40.649795
2669.010488 41.186491
2669.423872 40.663574
2669.837256 40.127511
2670.250640 39.429769
2670.664024 40.282086
2671.077408 40.757522
2671.490792 40.599734
2671.904176 40.160720
2672.317560 40.343901
2672.730944 40.670262
2673.144328 40.287009
2673.557712 40.017994
2673.971096 40.532999
2674.384480 41.099470
2674.797864 41.158271
2675.211248 40.581543
2675.624632 39.988303
2676.038016 39.163518
2676.451400 39.051075
2676.864784 39.756341
2677.278168 39.797181
2677.691552 39.376575
2678.104936 40.442865
2678.518320 40.438214
2678.931704 39.024686
2679.345088 39.155565
2679.758472 39.695166
2680.171856 40.740054
2680.585240 40.198456
2680.998624 39.261565
2681.412008 39.295699
2681.825392 39.144717
2682.238776 39.980108
2682.652160 40.452940
2683.065544 40.402160
2683.478928 39.664951
2683.892312 39.787420
2684.305696 39.545649
2684.719080 39.482982
2685.132464 40.220191
2685.545848 39.646258
2685.959232 39.179016
2686.372616 40.096402
2686.786000 40.630620
2687.199384 39.766926
2687.612768 38.894672
2688.026152 38.903730
2688.439536 38.740223
2688.852920 39.237982
2689.266304 38.660758
2689.679688 38.751138
2690.093072 39.240427
2690.506456 39.415932
2690.919840 39.329740
2691.333224 38.953727
2691.746608 39.554540
2692.159992 39.507343
2692.573376 39.308283
2692.986760 40.090903
2693.400144 39.696860
2693.813528 40.062032
2694.226912 39.925235
2694.640296 40.346263
2695.053680 40.472482
2695.467064 40.618403
2695.880448 40.777901
2696.293832 40.019949
2696.707216 40.640904
2697.120600 40.326789
2697.533984 40.022887
2697.947368 40.195101
2698.360752 39.811745
2698.774136 39.823340
2699.187520 40.638720
2699.600904 40.514039
2700.014288 39.907895
2700.427672 39.189594
2700.841056 39.479208
2701.254440 40.230240
2701.667824 40.652993
2702.081208 40.854188
2702.494592 40.443621
2702.907976 40.752419
2703.321360 40.388846
2703.734744 40.087576
2704.148128 40.765221
2704.561512 40.551487
2704.974896 41.001701
2705.388280 40.556349
2705.801664 40.595031
2706.215048 40.445125
2706.628432 41.244306
2707.041816 41.816683
2707.455200 41.851546
2707.868584 40.843870
2708.281968 40.366029
2708.695352 40.597403
2709.108736 40.740201
2709.522120 40.447904
2709.935504 40.131286
2710.348888 40.244892
2710.762272 40.699034
2711.175657 41.254633
2711.589041 41.144105
2712.002425 41.644582
2712.415809 41.660911
2712.829193 40.763417
2713.242577 40.863538
2713.655961 40.624015
2714.069345 41.312144
2714.482729 42.169460
2714.896113 42.261589
2715.309497 42.254049
2715.722881 41.544207
2716.136265 41.922717
2716.549649 41.526837
2716.963033 41.790368
2717.376417 41.901662
2717.789801 42.464953
2718.203185 42.421319
2718.616569 42.509704
2719.029953 41.615381
2719.443337 41.598207
2719.856721 42.733606
2720.270105 42.043624
2720.683489 42.886346
2721.096873 42.562219
2721.510257 41.940363
2721.923641 41.742801
2722.337025 42.131436
2722.750409 42.772849
2723.163793 42.666148
2723.577177 42.575870
2723.990561 42.400785
2724.403945 43.025692
2724.817329 43.315759
2725.230713 42.495572
2725.644097 41.778959
2726.057481 41.794733
2726.470865 41.768905
2726.884249 42.654001
2727.297633 42.028469
2727.711017 41.791605
2728.124401 42.355102
2728.537785 42.636799
2728.951169 43.067625
2729.364553 43.447168
2729.777937 42.703875
2730.191321 42.374754
2730.604705 43.253193
2731.018089 42.766698
2731.431473 42.258681
2731.844857 42.872410
2732.258241 42.655134
2732.671625 43.490194
2733.085009 43.322358
2733.498393 43.665794
2733.911777 43.737140
2734.325161 43.307668
2734.738545 43.213735
2735.151929 43.263064
2735.565313 43.131821
2735.978697 43.519898
2736.392081 43.519154
2736.805465 43.662479
2737.218849 43.554393
2737.632233 43.446218
2738.045617 43.753306
2738.459001 44.339236
2738.872385 44.736262
2739.285769 44.327249
2739.699153 43.892520
2740.112537 43.751168
2740.525921 44.207647
2740.939305 44.608459
2741.352689 45.113605
2741.766073 43.533414
2742.179457 43.855072
2742.592841 43.771886
2743.006225 44.898765
2743.419609 44.811502
2743.832993 43.820596
2744.246377 44.184459
2744.659761 44.512964
2745.073145 44.638650
2745.486529 44.280295
2745.899913 44.118119
2746.313297 44.020792
2746.726681 44.646431
2747.140065 44.914239
2747.553449 44.690705
2747.966833 44.803362
2748.380217 44.663498
2748.793601 44.756190
2749.206985 44.782086
2749.620369 45.309583
2750.033753 45.218021
2750.447137 44.695031
2750.860521 44.484235
2751.273905 44.660134
2751.687289 45.057589
2752.100673 45.762028
2752.514057 44.806159
2752.927441 44.553387
2753.340825 44.199354
2753.754209 44.600329
2754.167593 45.225251
2754.580977 46.085417
2754.994361 44.938407
2755.407745 44.974593
2755.821129 45.809901
2756.234513 44.488533
2756.647897 44.873017
2757.061281 45.341177
2757.474665 45.674838
2757.888049 45.708126
2758.301433 45.050770
2758.714817 44.808236
2759.128201 45.183260
2759.541585 45.292936
2759.954969 45.713879
2760.368353 45.658215
2760.781737 45.986705
2761.195121 45.585181
2761.608505 45.376475
2762.021889 45.425282
2762.435273 46.184643
2762.848657 46.920342
2763.262041 45.880839
2763.675425 45.436620
2764.088809 45.444490
2764.502193 45.282811
2764.915577 45.472515
2765.328961 45.068523
2765.742345 45.347574
2766.155729 45.550500
2766.569113 45.719369
2766.982497 45.332838
2767.395881 45.415795
2767.809265 45.801002
2768.222649 45.802052
2768.636033 45.228891
2769.049417 45.727410
2769.462801 45.368029
2769.876185 45.800968
2770.289569 46.163643
2770.702953 46.305621
2771.116337 46.372941
2771.529721 46.377751
2771.943105 46.375934
2772.356489 46.036747
2772.769873 47.871429
2773.183257 48.368864
2773.596641 47.902793
2774.010025 48.718865
2774.423409 49.937793
2774.836793 48.991317
2775.250177 49.320110
2775.663561 49.277864
2776.076945 49.495998
2776.490329 49.947863
2776.903713 50.375454
2777.317097 49.583421
2777.730481 50.075832
2778.143865 51.320368
2778.557249 50.594978
2778.970633 51.185684
2779.384017 51.786972
2779.797401 52.378398
2780.210785 52.533175
2780.624169 53.111263
2781.037553 53.329512
2781.450937 53.911963
2781.864321 54.493831
2782.277705 54.690235
2782.691089 55.057860
2783.104473 55.552838
2783.517857 57.129301
2783.931241 58.601789
2784.344625 58.384976
2784.758009 58.980330
2785.171393 58.071611
2785.584777 59.616229
2785.998161 60.884740
2786.411545 62.448357
2786.824929 63.495059
2787.238313 63.550919
2787.651697 63.952626
2788.065081 64.778817
2788.478465 65.005540
2788.891849 65.864930
2789.305233 66.488965
2789.718617 66.503228
2790.132001 67.227031
2790.545385 67.438268
2790.958769 68.182628
2791.372153 69.434035
2791.785537 69.603002
2792.198921 70.004020
2792.612305 70.922447
2793.025689 72.336391
2793.439073 72.386182
2793.852457 72.512741
2794.265841 73.151642
2794.679225 74.052482
2795.092609 74.363807
2795.505993 74.392165
2795.919377 75.320046
2796.332761 75.880072
2796.746145 75.934884
2797.159529 75.651039
2797.572913 75.470482
2797.986297 75.951577
2798.399681 76.239095
2798.813065 76.405302
2799.226449 76.671636
2799.639833 75.675090
2800.053217 76.230860
2800.466601 76.176005
2800.879985 76.118611
2801.293369 77.245524
2801.706753 75.592636
2802.120137 75.265326
2802.533521 75.093170
2802.946905 74.846157
2803.360289 74.371784
2803.773673 73.905351
2804.187057 73.755804
2804.600441 73.416690
2805.013825 72.983959
2805.427210 72.548664
2805.840594 72.392640
2806.253978 72.332016
2806.667362 71.785660
2807.080746 72.210295
2807.494130 71.499848
2807.907514 70.576661
2808.320898 69.735786
2808.734282 68.910658
2809.147666 69.290219
2809.561050 69.366093
2809.974434 72.744816
2810.387818 73.953209
2810.801202 71.441602
2811.214586 66.227704
2811.627970 63.775703
2812.041354 63.642582
2812.454738 64.684225
2812.868122 68.301243
2813.281506 70.218676
2813.694890 69.364074
2814.108274 63.278929
2814.521658 61.164642
2814.935042 59.811092
2815.348426 60.178785
2815.761810 59.237709
2816.175194 58.771179
2816.588578 58.544388
2817.001962 57.516012
2817.415346 57.003707
2817.828730 56.157444
2818.242114 55.514174
2818.655498 54.670702
2819.068882 55.074878
2819.482266 54.716679
2819.895650 53.580113
2820.309034 53.164418
2820.722418 52.434172
2821.135802 53.108245
2821.549186 52.818233
2821.962570 52.473461
2822.375954 51.094484
2822.789338 50.597315
2823.202722 50.945662
2823.616106 50.418211
2824.029490 50.256587
2824.442874 49.604715
2824.856258 48.816578
2825.269642 48.349598
2825.683026 48.666326
2826.096410 48.006477
2826.509794 47.984619
2826.923178 47.876566
2827.336562 48.411030
2827.749946 48.892667
2828.163330 48.503483
2828.576714 47.790990
2828.990098 47.513931
2829.403482 47.144697
2829.816866 47.216732
2830.230250 47.734641
2830.643634 47.560536
2831.057018 46.289491
2831.470402 45.669443
2831.883786 45.699073
2832.297170 46.405794
2832.710554 46.698226
2833.123938 46.580125
2833.537322 46.626353
2833.950706 46.676420
2834.364090 46.259435
2834.777474 46.792349
2835.190858 46.427765
2835.604242 46.104364
2836.017626 46.021236
2836.431010 45.604111
2836.844394 45.471639
2837.257778 45.840916
2837.671162 45.686433
2838.084546 45.002327
2838.497930 44.821982
2838.911314 45.095374
2839.324698 44.703866
2839.738082 45.144277
2840.151466 45.763728
2840.564850 45.329808
2840.978234 43.724598
2841.391618 44.529363
2841.805002 44.212879
2842.218386 44.350253
2842.631770 43.924454
2843.045154 44.607360
2843.458538 44.589977
2843.871922 44.950667
2844.285306 44.144527
2844.698690 43.634491
2845.112074 42.836107
2845.525458 42.734978
2845.938842 42.491666
2846.352226 43.230073
2846.765610 43.422696
2847.178994 43.528727
2847.592378 43.772113
2848.005762 43.419170
2848.419146 43.240627
2848.832530 43.993291
2849.245914 43.739401
2849.659298 43.911701
2850.072682 42.995523
2850.486066 42.121988
2850.899450 42.595975
2851.312834 41.947406
2851.726218 42.275950
2852.139602 42.617502
2852.552986 41.730351
2852.966370 41.482563
2853.379754 42.143687
2853.793138 41.899159
2854.206522 42.031250
2854.619906 41.606080
2855.033290 41.416441
2855.446674 42.003869
2855.860058 42.001875
2856.273442 41.770945
2856.686826 42.000726
2857.100210 42.134643
2857.513594 41.972483
2857.926978 41.346697
2858.340362 41.648614
2858.753746 41.816214
2859.167130 42.273925
2859.580514 41.975905
2859.993898 41.428459
2860.407282 40.356946
2860.820666 40.346922
2861.234050 40.449816
2861.647434 41.447725
2862.060818 42.016368
2862.474202 41.428639
2862.887586 41.139335
2863.300970 41.039517
2863.714354 40.607748
2864.127738 40.522708
2864.541122 40.687117
2864.954506 40.478233
2865.367890 40.242638
2865.781274 40.916573
2866.194658 40.880028
2866.608042 40.437724
2867.021426 40.873653
2867.434810 41.057580
2867.848194 40.629410
2868.261578 40.579705
2868.674962 40.768315
2869.088346 41.541744
2869.501730 39.755070
2869.915114 39.496416
2870.328498 39.689673
2870.741882 39.969230
2871.155266 41.099513
2871.568650 40.855900
2871.982034 40.349143
2872.395418 40.428212
2872.808802 40.336148
2873.222186 40.249221
2873.635570 39.470437
2874.048954 39.191868
2874.462338 39.479778
2874.875722 39.978350
2875.289106 39.979937
2875.702490 39.249572
2876.115874 39.240029
2876.529258 39.168043
2876.942642 39.383676
2877.356026 38.944340
2877.769410 39.504657
2878.182794 39.758614
2878.596178 39.428651
2879.009562 38.977414
2879.422946 39.161992
2879.836330 39.311096
2880.249714 38.312148
2880.663098 38.762384
2881.076482 39.045230
2881.489866 38.622186
2881.903250 38.512320
2882.316634 38.861923
2882.730018 38.863730
2883.143402 38.515157
2883.556786 38.676578
2883.970170 39.090601
2884.383554 38.354819
2884.796938 37.818671
2885.210322 38.261904
2885.623706 38.998595
2886.037090 38.390258
2886.450474 37.913740
2886.863858 37.622469
2887.277242 37.913183
2887.690626 38.958852
2888.104010 38.146833
2888.517394 37.592502
2888.930778 37.717082
2889.344162 37.267085
2889.757546 37.317716
2890.170930 38.338292
2890.584314 38.503779
2890.997698 38.107218
2891.411082 37.636077
2891.824466 37.011060
2892.237850 36.871037
2892.651234 36.881719
2893.064618 36.958971
2893.478002 36.475484
2893.891386 36.195422
2894.304770 36.789676
2894.718154 36.799639
2895.131538 37.125083
2895.544922 36.936868
2895.958306 37.086079
2896.371690 37.511099
2896.785074 37.497237
2897.198458 37.605243
2897.611842 37.602771
2898.025226 36.914985
2898.438610 36.764041
2898.851994 36.055626
2899.265379 36.161892
2899.678763 35.753927
2900.092147 36.120716
2900.505531 36.364405
2900.918915 35.507190
2901.332299 35.474680
2901.745683 36.243326
2902.159067 36.508509
2902.572451 35.880804
2902.985835 36.575679
2903.399219 36.105460
2903.812603 36.223573
2904.225987 35.851925
2904.639371 35.726276
2905.052755 35.053507
2905.466139 35.467520
2905.879523 36.050510
2906.292907 36.488939
2906.706291 36.571053
2907.119675 35.951004
2907.533059 35.532874
2907.946443 35.595342
2908.359827 34.427506
2908.773211 35.334268
2909.186595 35.073417
2909.599979 34.518780
2910.013363 34.987985
2910.426747 34.159601
2910.840131 34.665255
2911.253515 34.873187
2911.666899 35.298097
2912.080283 34.930967
2912.493667 35.650065
2912.907051 35.636325
2913.320435 35.722556
2913.733819 35.913311
2914.147203 35.208719
2914.560587 35.764701
2914.973971 34.940719
2915.387355 34.979705
2915.800739 34.996009
2916.214123 35.692016
2916.627507 36.139017
2917.040891 35.953486
2917.454275 35.860723
2917.867659 36.071047
2918.281043 35.736633
2918.694427 35.655236
2919.107811 36.607401
2919.521195 36.246577
2919.934579 36.064608
2920.347963 36.201522
2920.761347 36.238520
2921.174731 36.011573
2921.588115 36.157319
2922.001499 36.066366
2922.414883 36.351468
2922.828267 36.643688
2923.241651 36.845803
2923.655035 36.337783
2924.068419 36.937061
2924.481803 37.566677
2924.895187 37.042369
2925.308571 36.318869
2925.721955 36.497437
2926.135339 37.519640
2926.548723 37.515216
2926.962107 36.338923
2927.375491 36.512258
2927.788875 37.728589
2928.202259 38.055372
2928.615643 37.730794
2929.029027 38.265393
2929.442411 38.211858
2929.855795 38.051935
2930.269179 37.490675
2930.682563 36.793999
2931.095947 36.564004
2931.509331 36.449414
2931.922715 37.172390
2932.336099 37.520219
2932.749483 37.423955
2933.162867 37.406640
2933.576251 37.602949
2933.989635 38.733939
2934.403019 38.419692
2934.816403 37.999530
2935.229787 38.094879
2935.643171 37.766806
2936.056555 37.775491
2936.469939 37.686395
2936.883323 37.539430
2937.296707 37.066399
2937.710091 37.334127
2938.123475 36.838266
2938.536859 37.834846
2938.950243 37.588713
2939.363627 37.665444
2939.777011 37.999074
2940.190395 38.178436
2940.603779 37.426721
2941.017163 38.091932
2941.430547 38.350540
2941.843931 38.499858
2942.257315 37.915722
2942.670699 38.264621
2943.084083 38.462863
2943.497467 37.908603
2943.910851 37.182934
2944.324235 36.568167
2944.737619 37.423336
2945.151003 38.176558
2945.564387 38.695116
2945.977771 37.662402
2946.391155 36.717678
2946.804539 36.249346
2947.217923 36.765024
2947.631307 37.327914
2948.044691 37.557113
2948.458075 37.669129
2948.871459 37.154686
2949.284843 36.715046
2949.698227 36.864499
2950.111611 37.098333
2950.524995 38.011022
2950.938379 38.063852
2951.351763 37.941018
2951.765147 37.537267
2952.178531 38.640898
2952.591915 38.124350
2953.005299 37.737586
2953.418683 37.733858
2953.832067 37.130331
2954.245451 37.289630
2954.658835 36.663056
2955.072219 36.761253
2955.485603 37.396778
2955.898987 37.924049
2956.312371 38.391002
2956.725755 37.899348
2957.139139 36.657287
2957.552523 37.045996
2957.965907 37.037966
2958.379291 37.323080
2958.792675 37.253159
2959.206059 36.718294
2959.619443 36.787820
2960.032827 36.374943
2960.446211 36.853918
2960.859595 36.515282
2961.272979 37.220119
2961.686363 38.907808
2962.099747 38.305344
2962.513131 36.566586
2962.926515 37.336219
2963.339899 37.389233
2963.753283 37.361521
2964.166667 37.038031
2964.580051 37.165595
2964.993435 37.071469
2965.406819 36.922525
2965.820203 37.016344
2966.233587 36.685548
2966.646971 36.466404
2967.060355 36.315033
2967.473739 36.903078
2967.887123 38.289668
2968.300507 37.076717
2968.713891 36.664300
2969.127275 34.260494
2969.540659 33.855438
2969.954043 34.892239
2970.367427 36.764853
2970.780811 38.679473
2971.194195 38.259817
2971.607579 37.940739
2972.020963 36.311075
2972.434347 35.343599
2972.847731 35.081137
2973.261115 35.712766
2973.674499 36.255032
2974.087883 38.053953
2974.501267 37.163242
2974.914651 36.495290
2975.328035 36.936886
2975.741419 36.239126
2976.154803 35.873856
2976.568187 35.827987
2976.981571 36.650774
2977.394955 36.674186
2977.808339 36.349234
2978.221723 36.155615
2978.635107 37.167436
2979.048491 37.242152
2979.461875 37.816992
2979.875259 37.744687
2980.288643 37.379586
2980.702027 36.589425
2981.115411 35.917870
2981.528795 35.919827
2981.942179 36.215522
2982.355563 36.410507
2982.768947 36.190147
2983.182331 35.412384
2983.595715 36.136328
2984.009099 35.751081
2984.422483 35.791862
2984.835867 34.849405
2985.249251 34.733712
2985.662635 34.779018
2986.076019 35.404679
2986.489403 35.036143
2986.902787 35.561763
2987.316171 35.474943
2987.729555 35.501525
2988.142939 35.502849
2988.556323 35.996019
2988.969707 34.871094
2989.383091 35.293744
2989.796475 35.628302
2990.209859 35.863349
2990.623243 35.837888
2991.036627 35.555182
2991.450011 34.871131
2991.863395 35.056847
2992.276779 35.131240
2992.690163 35.640393
2993.103547 35.226414
2993.516932 35.545704
2993.930316 34.638508
2994.343700 33.951421
2994.757084 33.942604
2995.170468 33.862086
2995.583852 34.038525
2995.997236 34.152107
2996.410620 34.886240
2996.824004 34.645523
2997.237388 34.591158
2997.650772 34.895066
2998.064156 34.070637
2998.477540 33.914947
2998.890924 34.243896
2999.304308 34.441697
2999.717692 34.324181
3000.131076 34.380160
3000.544460 34.625932
3000.957844 34.028823
3001.371228 34.061125
3001.784612 34.143603
3002.197996 34.583037
3002.611380 34.263239
3003.024764 33.905239
3003.438148 33.447696
3003.851532 32.846056
3004.264916 32.649282
3004.678300 32.613975
3005.091684 32.955426
3005.505068 33.734063
3005.918452 34.376346
3006.331836 33.785624
3006.745220 32.895982
3007.158604 32.219853
3007.571988 32.315352
3007.985372 32.427616
3008.398756 32.129820
3008.812140 32.165056
3009.225524 32.180153
3009.638908 31.908351
3010.052292 32.051364
3010.465676 32.109555
3010.879060 32.217503
3011.292444 31.855527
3011.705828 32.374272
3012.119212 32.619572
3012.532596 32.578454
3012.945980 32.046560
3013.359364 31.700827
3013.772748 31.132594
3014.186132 31.791601
3014.599516 31.920044
3015.012900 31.747986
3015.426284 30.998232
3015.839668 30.854508
3016.253052 31.190620
3016.666436 30.737140
3017.079820 30.732535
3017.493204 31.119482
3017.906588 31.196211
3018.319972 31.039868
3018.733356 30.960876
3019.146740 30.461244
3019.560124 30.267457
3019.973508 31.251473
3020.386892 31.464704
3020.800276 31.761649
3021.213660 30.990285
3021.627044 30.557588
3022.040428 30.276751
3022.453812 30.400470
3022.867196 31.145372
3023.280580 31.696057
3023.693964 30.856980
3024.107348 30.579354
3024.520732 30.431684
3024.934116 30.488436
3025.347500 30.442128
3025.760884 30.809064
3026.174268 30.972689
3026.587652 30.023731
3027.001036 29.960087
3027.414420 30.487903
3027.827804 30.787200
3028.241188 31.069847
3028.654572 31.034338
3029.067956 30.906441
3029.481340 30.730832
3029.894724 30.936680
3030.308108 30.928099
3030.721492 30.917999
3031.134876 30.752877
3031.548260 29.945358
3031.961644 29.693137
3032.375028 30.207038
3032.788412 31.061999
3033.201796 30.589746
3033.615180 30.838504
3034.028564 30.997478
3034.441948 30.273495
3034.855332 30.397670
3035.268716 30.884828
3035.682100 30.593694
3036.095484 31.150289
3036.508868 31.333562
3036.922252 30.930183
3037.335636 30.967888
3037.749020 30.754194
3038.162404 30.927723
3038.575788 31.455603
3038.989172 30.669684
3039.402556 30.761629
3039.815940 31.376856
3040.229324 30.962460
3040.642708 31.370186
3041.056092 31.251360
3041.469476 30.922729
3041.882860 31.654957
3042.296244 30.955254
3042.709628 29.977273
3043.123012 30.463085
3043.536396 31.036924
3043.949780 31.567993
3044.363164 31.866026
3044.776548 31.837722
3045.189932 31.212003
3045.603316 31.011359
3046.016700 31.287647
3046.430084 31.454209
3046.843468 31.659390
3047.256852 31.620241
3047.670236 30.801920
3048.083620 30.337727
3048.497004 30.339204
3048.910388 30.440134
3049.323772 30.179059
3049.737156 30.381287
3050.150540 30.388639
3050.563924 30.663855
3050.977308 31.113138
3051.390692 31.292891
3051.804076 30.603320
3052.217460 31.065598
3052.630844 31.497539
3053.044228 31.716953
3053.457612 31.172900
3053.870996 30.334547
3054.284380 30.529968
3054.697764 31.538317
3055.111148 30.008919
3055.524532 29.866108
3055.937916 29.902573
3056.351300 30.641148
3056.764684 31.019664
3057.178068 30.971044
3057.591452 30.902614
3058.004836 31.123336
3058.418220 31.489736
3058.831604 31.443971
3059.244988 31.514489
3059.658372 31.091280
3060.071756 31.643591
3060.485140 31.346037
3060.898524 30.511115
3061.311908 30.552601
3061.725292 31.379034
3062.138676 31.205643
3062.552060 31.023040
3062.965444 30.045598
3063.378828 30.455690
3063.792212 31.196557
3064.205596 31.079375
3064.618980 31.024811
3065.032364 31.027510
3065.445748 31.309413
3065.859132 31.571038
3066.272516 30.651178
3066.685900 30.225321
3067.099284 30.501918
3067.512668 30.811699
3067.926052 30.817274
3068.339436 30.989948
3068.752820 31.169699
3069.166204 31.902469
3069.579588 31.746678
3069.992972 31.714422
3070.406356 31.694338
3070.819740 31.045980
3071.233124 30.995849
3071.646508 30.914997
3072.059892 30.539639
3072.473276 30.685382
3072.886660 30.681513
3073.300044 31.137591
3073.713428 31.862374
3074.126812 31.255636
3074.540196 31.537178
3074.953580 31.097881
3075.366964 31.304392
3075.780348 30.773843
3076.193732 30.573411
3076.607116 30.207654
3077.020500 30.411101
3077.433884 30.564110
3077.847268 30.825380
3078.260652 31.028656
3078.674036 31.074152
3079.087420 30.923636
3079.500804 30.723721
3079.914188 30.813347
3080.327572 30.883743
3080.740956 31.566269
3081.154340 30.812554
3081.567724 30.952044
3081.981108 30.976328
3082.394492 31.751668
3082.807876 31.723460
3083.221260 30.977504
3083.634644 30.580160
3084.048028 30.833257
3084.461412 31.143044
3084.874796 31.425734
3085.288180 31.261592
3085.701564 31.468607
3086.114948 31.110111
3086.528332 30.766034
3086.941716 30.379388
3087.355101 30.026948
3087.768485 30.157692
3088.181869 30.148755
3088.595253 31.212377
3089.008637 30.597695
3089.422021 31.028711
3089.835405 30.272251
3090.248789 30.440094
3090.662173 30.630989
3091.075557 30.601347
3091.488941 30.200957
3091.902325 30.762521
3092.315709 30.886074
3092.729093 30.663879
3093.142477 31.226410
3093.555861 31.400350
3093.969245 30.615586
3094.382629 30.074214
3094.796013 30.587702
3095.209397 30.067086
3095.622781 29.921989
3096.036165 30.123540
3096.449549 30.167804
3096.862933 30.251817
3097.276317 30.361635
3097.689701 29.792045
3098.103085 29.920258
3098.516469 30.418815
3098.929853 31.172557
3099.343237 31.236597
3099.756621 30.959899
3100.170005 31.112519
3100.583389 30.642453
3100.996773 30.296425
3101.410157 30.026889
3101.823541 30.572088
3102.236925 30.611839
3102.650309 30.447161
3103.063693 30.429791
3103.477077 30.655427
3103.890461 30.489839
3104.303845 31.234541
3104.717229 30.930523
3105.130613 31.122383
3105.543997 31.607053
3105.957381 32.051649
3106.370765 31.492408
3106.784149 30.833643
3107.197533 31.216978
3107.610917 30.850084
3108.024301 31.066805
3108.437685 31.302829
3108.851069 31.774507
3109.264453 31.576709
3109.677837 31.678396
3110.091221 31.712324
3110.504605 31.709410
3110.917989 31.643989
3111.331373 31.772135
3111.744757 31.584150
3112.158141 31.660618
3112.571525 31.919631
3112.984909 32.307999
3113.398293 31.951004
3113.811677 32.072196
3114.225061 32.420433
3114.638445 32.331726
3115.051829 32.198099
3115.465213 32.621903
3115.878597 33.062918
3116.291981 33.131188
3116.705365 32.915031
3117.118749 32.182776
3117.532133 32.084045
3117.945517 31.818952
3118.358901 31.778851
3118.772285 32.044082
3119.185669 32.613675
3119.599053 32.914430
3120.012437 33.002567
3120.425821 33.127592
3120.839205 33.194958
3121.252589 32.990007
3121.665973 32.703775
3122.079357 33.083440
3122.492741 33.294096
3122.906125 33.114912
3123.319509 32.487401
3123.732893 33.059331
3124.146277 33.644609
3124.559661 33.753525
3124.973045 33.311312
3125.386429 32.184494
3125.799813 32.346755
3126.213197 31.759480
3126.626581 32.120041
3127.039965 32.584455
3127.453349 32.500656
3127.866733 32.842757
3128.280117 32.407593
3128.693501 32.646277
3129.106885 33.024048
3129.520269 32.849953
3129.933653 33.216001
3130.347037 33.369482
3130.760421 33.301920
3131.173805 33.305529
3131.587189 33.467247
3132.000573 33.790256
3132.413957 33.656017
3132.827341 34.546548
3133.240725 34.545040
3133.654109 34.043865
3134.067493 33.360681
3134.480877 32.780963
3134.894261 32.531080
3135.307645 32.539011
3135.721029 32.365522
3136.134413 32.728317
3136.547797 33.462334
3136.961181 33.233469
3137.374565 32.565716
3137.787949 32.921761
3138.201333 32.629360
3138.614717 32.389718
3139.028101 32.267046
3139.441485 32.675499
3139.854869 32.885542
3140.268253 32.050433
3140.681637 31.965565
3141.095021 32.185864
3141.508405 32.298104
3141.921789 31.745330
3142.335173 31.520307
3142.748557 31.538663
3143.161941 31.262961
3143.575325 32.469013
3143.988709 32.798744
3144.402093 32.721856
3144.815477 32.556865
3145.228861 32.507276
3145.642245 32.656888
3146.055629 33.389680
3146.469013 32.386232
3146.882397 31.798160
3147.295781 31.425176
3147.709165 31.903924
3148.122549 32.461324
3148.535933 31.968548
3148.949317 31.809725
3149.362701 31.797198
3149.776085 32.201889
3150.189469 31.599097
3150.602853 31.768769
3151.016237 31.794974
3151.429621 31.788783
3151.843005 32.528117
3152.256389 32.309635
3152.669773 32.277324
3153.083157 32.820403
3153.496541 33.200218
3153.909925 33.537285
3154.323309 32.618181
3154.736693 32.074506
3155.150077 31.991289
3155.563461 31.917351
3155.976845 31.332110
3156.390229 31.763714
3156.803613 32.397701
3157.216997 32.844286
3157.630381 33.090949
3158.043765 32.439745
3158.457149 32.575917
3158.870533 32.416729
3159.283917 32.035183
3159.697301 32.229191
3160.110685 32.433134
3160.524069 32.214952
3160.937453 32.650069
3161.350837 32.465037
3161.764221 32.762337
3162.177605 32.764086
3162.590989 32.187693
3163.004373 32.369131
3163.417757 32.270833
3163.831141 31.831990
3164.244525 31.493915
3164.657909 31.715632
3165.071293 32.094250
3165.484677 32.785470
3165.898061 33.294393
3166.311445 32.559227
3166.724829 32.446622
3167.138213 32.314138
3167.551597 32.090678
3167.964981 31.687007
3168.378365 32.377473
3168.791749 32.668168
3169.205133 32.836216
3169.618517 32.644104
3170.031901 32.807637
3170.445285 31.671221
3170.858669 32.104203
3171.272053 32.988463
3171.685437 32.636522
3172.098821 32.064614
3172.512205 31.810539
3172.925589 32.223882
3173.338973 31.821537
3173.752357 32.283286
3174.165741 33.845690
3174.579125 33.978364
3174.992509 33.864941
3175.405893 34.020717
3175.819277 34.222062
3176.232661 34.184164
3176.646045 34.003969
3177.059429 34.441948
3177.472813 33.079139
3177.886197 32.460001
3178.299581 32.316788
3178.712965 32.374661
3179.126349 33.815107
3179.539733 35.373627
3179.953117 34.862765
3180.366501 34.481513
3180.779885 34.356299
3181.193269 33.575959
3181.606654 32.928899
3182.020038 32.609931
3182.433422 32.283436
3182.846806 31.886870
3183.260190 32.443240
3183.673574 32.495574
3184.086958 32.712206
3184.500342 32.998560
3184.913726 32.891617
3185.327110 32.622905
3185.740494 32.814058
3186.153878 33.066913
3186.567262 32.565768
3186.980646 32.073697
3187.394030 32.151292
3187.807414 32.388765
3188.220798 33.143163
3188.634182 33.330122
3189.047566 32.887432
3189.460950 33.334898
3189.874334 33.653903
3190.287718 33.219766
3190.701102 33.399979
3191.114486 33.526854
3191.527870 33.384484
3191.941254 32.932652
3192.354638 33.068543
3192.768022 33.572552
3193.181406 33.136675
3193.594790 32.879130
3194.008174 33.099018
3194.421558 33.126489
3194.834942 33.203385
3195.248326 32.996924
3195.661710 33.438138
3196.075094 33.223562
3196.488478 33.647654
3196.901862 33.449930
3197.315246 33.419874
3197.728630 33.066340
3198.142014 33.388096
3198.555398 34.352497
3198.968782 34.111142
3199.382166 33.569590
3199.795550 32.670215
3200.208934 32.747375
3200.622318 32.658549
3201.035702 33.117752
3201.449086 33.332346
3201.862470 32.722775
3202.275854 32.647698
3202.689238 32.996719
3203.102622 33.711757
3203.516006 33.467977
3203.929390 33.105874
3204.342774 32.204107
3204.756158 32.229004
3205.169542 32.506489
3205.582926 32.677726
3205.996310 32.331704
3206.409694 32.223931
3206.823078 31.803889
3207.236462 32.385956
3207.649846 33.390476
3208.063230 33.282813
3208.476614 33.664206
3208.889998 33.180088
3209.303382 32.972790
3209.716766 32.532829
3210.130150 32.747081
3210.543534 32.542951
3210.956918 32.383303
3211.370302 31.863238
3211.783686 31.463280
3212.197070 31.813183
3212.610454 32.104464
3213.023838 31.503733
3213.437222 31.447393
3213.850606 31.910131
3214.263990 31.765157
3214.677374 31.803864
3215.090758 31.330998
3215.504142 31.485650
3215.917526 32.184641
3216.330910 32.574496
3216.744294 32.604821
3217.157678 32.436326
3217.571062 31.204758
3217.984446 30.866306
3218.397830 31.905290
3218.811214 32.176208
3219.224598 32.638897
3219.637982 31.636714
3220.051366 31.844223
3220.464750 31.346386
3220.878134 31.003811
3221.291518 31.137986
3221.704902 31.732221
3222.118286 32.102864
3222.531670 31.755151
3222.945054 31.636557
3223.358438 31.237571
3223.771822 31.178935
3224.185206 31.503954
3224.598590 31.888031
3225.011974 31.628574
3225.425358 31.706463
3225.838742 31.759060
3226.252126 31.671334
3226.665510 30.904780
3227.078894 31.397853
3227.492278 31.719502
3227.905662 31.644268
3228.319046 31.581583
3228.732430 31.361786
3229.145814 31.228509
3229.559198 31.258427
3229.972582 31.772577
3230.385966 31.216803
3230.799350 31.092560
3231.212734 31.078686
3231.626118 31.123235
3232.039502 31.203468
3232.452886 31.393723
3232.866270 31.077273
3233.279654 30.928731
3233.693038 31.010722
3234.106422 30.544565
3234.519806 30.657152
3234.933190 30.996415
3235.346574 31.007193
3235.759958 30.724239
3236.173342 30.951223
3236.586726 31.117549
3237.000110 31.108662
3237.413494 31.166449
3237.826878 31.548359
3238.240262 30.826456
3238.653646 30.298885
3239.067030 30.648506
3239.480414 30.826364
3239.893798 30.461137
3240.307182 30.852391
3240.720566 30.453147
3241.133950 30.426529
3241.547334 31.223301
3241.960718 30.962956
3242.374102 30.328647
3242.787486 30.793612
3243.200870 30.439827
3243.614254 30.952601
3244.027638 29.926131
3244.441022 29.298620
3244.854406 30.019491
3245.267790 30.736175
3245.681174 30.456205
3246.094558 30.238234
3246.507942 30.489857
3246.921326 30.466492
3247.334710 29.635663
3247.748094 29.985226
3248.161478 30.331321
3248.574862 30.332256
3248.988246 29.819028
3249.401630 29.868623
3249.815014 29.962911
3250.228398 29.498847
3250.641782 29.553019
3251.055166 29.469275
3251.468550 29.511606
3251.881934 29.695738
3252.295318 30.011615
3252.708702 30.119487
3253.122086 30.314729
3253.535470 29.986387
3253.948854 30.014596
3254.362238 30.227705
3254.775622 30.074227
3255.189006 29.796423
3255.602390 29.523808
3256.015774 29.454037
3256.429158 30.082084
3256.842542 30.281674
3257.255926 30.291643
3257.669310 30.794108
3258.082694 30.504320
3258.496078 30.882392
3258.909462 30.643583
3259.322846 29.918383
3259.736230 29.616795
3260.149614 29.913365
3260.562998 30.200314
3260.976382 30.262809
3261.389766 30.280905
3261.803150 30.597677
3262.216534 30.062147
3262.629918 29.782101
3263.043302 29.829545
3263.456686 29.856087
3263.870070 30.472576
3264.283454 30.565409
3264.696838 30.370874
3265.110222 29.693676
3265.523606 29.760733
3265.936990 30.777118
3266.350374 30.621499
3266.763758 29.953222
3267.177142 30.008655
3267.590526 29.739705
3268.003910 29.923481
3268.417294 30.002838
3268.830678 30.125310
3269.244062 30.345603
3269.657446 30.259715
3270.070830 30.225790
3270.484214 30.008603
3270.897598 30.036843
3271.310982 29.915734
3271.724366 29.577689
3272.137750 29.550975
3272.551134 29.629680
3272.964518 30.039539
3273.377902 29.813964
3273.791286 29.568257
3274.204670 29.210045
3274.618054 29.910078
3275.031438 30.146350
3275.444823 30.323779
3275.858207 30.232542
3276.271591 30.002568
3276.684975 29.689363
3277.098359 30.064797
3277.511743 30.474901
3277.925127 30.419921
3278.338511 29.979022
3278.751895 29.984478
3279.165279 30.150560
3279.578663 30.032437
3279.992047 29.977337
3280.405431 29.370811
3280.818815 29.320291
3281.232199 29.714897
3281.645583 29.767056
3282.058967 29.477170
3282.472351 29.104247
3282.885735 29.360968
3283.299119 29.575587
3283.712503 29.850245
3284.125887 29.816136
3284.539271 29.771838
3284.952655 30.149512
3285.366039 29.896829
3285.779423 29.518753
3286.192807 29.668001
3286.606191 29.568627
3287.019575 30.120151
3287.432959 30.378233
3287.846343 30.013355
3288.259727 29.726042
3288.673111 29.221744
3289.086495 29.072371
3289.499879 29.587158
3289.913263 29.548812
3290.326647 29.454356
3290.740031 29.504845
3291.153415 29.066640
3291.566799 28.951872
3291.980183 29.249157
3292.393567 29.726259
3292.806951 30.070737
3293.220335 29.330358
3293.633719 28.637882
3294.047103 27.782336
3294.460487 28.008236
3294.873871 28.995603
3295.287255 29.146686
3295.700639 29.043115
3296.114023 28.959423
3296.527407 28.623873
3296.940791 28.718544
3297.354175 28.881108
3297.767559 29.069391
3298.180943 29.733505
3298.594327 28.858181
3299.007711 28.654489
3299.421095 28.992411
3299.834479 29.018779
3300.247863 29.149088
3300.661247 28.866452
3301.074631 28.368092
3301.488015 28.613824
3301.901399 28.902534
3302.314783 29.036501
3302.728167 29.953427
3303.141551 28.923997
3303.554935 28.565749
3303.968319 28.315271
3304.381703 27.415109
3304.795087 28.016580
3305.208471 28.661495
3305.621855 29.079886
3306.035239 29.165609
3306.448623 28.663459
3306.862007 28.714953
3307.275391 28.634013
3307.688775 28.703906
3308.102159 28.688365
3308.515543 28.611968
3308.928927 28.438001
3309.342311 28.086860
3309.755695 28.437958
3310.169079 28.602624
3310.582463 28.720532
3310.995847 29.475374
3311.409231 28.685777
3311.822615 28.017352
3312.235999 28.401365
3312.649383 28.690375
3313.062767 28.815286
3313.476151 28.412911
3313.889535 27.873702
3314.302919 28.089173
3314.716303 28.282648
3315.129687 28.110192
3315.543071 28.298983
3315.956455 27.847276
3316.369839 27.639155
3316.783223 27.589177
3317.196607 27.667746
3317.609991 28.150063
3318.023375 28.224258
3318.436759 27.655238
3318.850143 27.840328
3319.263527 27.488893
3319.676911 27.603116
3320.090295 27.797865
3320.503679 27.975015
3320.917063 28.009927
3321.330447 28.276849
3321.743831 27.883707
3322.157215 28.152517
3322.570599 28.398078
3322.983983 28.298425
3323.397367 28.214268
3323.810751 27.447288
3324.224135 27.329653
3324.637519 27.556382
3325.050903 27.284849
3325.464287 27.325303
3325.877671 27.306683
3326.291055 27.856084
3326.704439 28.399588
3327.117823 28.381614
3327.531207 28.267438
3327.944591 27.944763
3328.357975 27.437693
3328.771359 27.353971
3329.184743 27.453020
3329.598127 27.409913
3330.011511 27.869968
3330.424895 28.309555
3330.838279 28.310054
3331.251663 27.842981
3331.665047 27.063818
3332.078431 27.391364
3332.491815 27.921606
3332.905199 27.936240
3333.318583 28.004173
3333.731967 27.858642
3334.145351 27.983991
3334.558735 28.481959
3334.972119 28.473228
3335.385503 28.481999
3335.798887 29.005489
3336.212271 28.683304
3336.625655 28.462200
3337.039039 28.629859
3337.452423 28.609499
3337.865807 28.263370
3338.279191 28.858901
3338.692575 29.287190
3339.105959 28.614523
3339.519343 28.609238
3339.932727 29.018797
3340.346111 28.856747
3340.759495 28.349246
3341.172879 28.777158
3341.586263 29.572852
3341.999647 29.144811
3342.413031 29.175424
3342.826415 28.497424
3343.239799 28.611769
3343.653183 29.042395
3344.066567 28.891745
3344.479951 28.169614
3344.893335 28.641929
3345.306719 28.649517
3345.720103 28.353528
3346.133487 28.255806
3346.546871 28.129143
3346.960255 27.976473
3347.373639 27.273726
3347.787023 27.125575
3348.200407 27.002753
3348.613791 27.808039
3349.027175 27.864956
3349.440559 27.676704
3349.853943 27.653783
3350.267327 27.464021
3350.680711 27.499603
3351.094095 27.436789
3351.507479 26.901894
3351.920863 26.653260
3352.334247 27.163746
3352.747631 27.251757
3353.161015 27.433355
3353.574399 26.978426
3353.987783 27.158076
3354.401167 27.100687
3354.814551 27.375354
3355.227935 27.641318
3355.641319 27.566620
3356.054703 27.923891
3356.468087 28.083190
3356.881471 28.269199
3357.294855 27.773866
3357.708239 27.271119
3358.121623 27.173323
3358.535007 27.338574
3358.948391 27.714167
3359.361775 27.209386
3359.775159 27.172486
3360.188543 27.238508
3360.601927 27.012434
3361.015311 26.880118
3361.428695 27.585292
3361.842079 27.521299
3362.255463 27.440956
3362.668847 27.235021
3363.082231 27.368308
3363.495615 27.782373
3363.908999 28.160513
3364.322383 27.959704
3364.735767 27.081421
3365.149151 27.366553
3365.562535 27.246261
3365.975919 26.938867
3366.389303 27.046656
3366.802687 27.579622
3367.216071 27.773219
3367.629455 27.494545
3368.042839 27.530238
3368.456223 27.306370
3368.869607 27.202251
3369.282991 27.406363
3369.696376 27.600071
3370.109760 27.366111
3370.523144 27.028885
3370.936528 26.654930
3371.349912 26.984611
3371.763296 27.430007
3372.176680 26.910073
3372.590064 26.558068
3373.003448 26.894967
3373.416832 27.109115
3373.830216 27.291111
3374.243600 27.436118
3374.656984 27.147770
3375.070368 26.832610
3375.483752 26.486337
3375.897136 26.573423
3376.310520 26.773515
3376.723904 26.361631
3377.137288 26.055775
3377.550672 25.965205
3377.964056 26.110415
3378.377440 26.285518
3378.790824 26.486199
3379.204208 26.762609
3379.617592 26.946979
3380.030976 27.014214
3380.444360 26.920560
3380.857744 27.378807
3381.271128 27.652021
3381.684512 27.741558
3382.097896 27.224795
3382.511280 26.827972
3382.924664 26.911835
3383.338048 26.962459
3383.751432 27.252673
3384.164816 26.788057
3384.578200 27.342654
3384.991584 27.463647
3385.404968 27.051006
3385.818352 26.550768
3386.231736 26.778380
3386.645120 26.555906
3387.058504 26.589972
3387.471888 26.396460
3387.885272 26.362412
3388.298656 26.647936
3388.712040 27.124123
3389.125424 27.266778
3389.538808 27.268291
3389.952192 27.173231
3390.365576 26.658349
3390.778960 27.238125
3391.192344 27.527156
3391.605728 27.112662
3392.019112 26.639732
3392.432496 26.909929
3392.845880 27.119028
3393.259264 27.340678
3393.672648 27.371096
3394.086032 27.245450
3394.499416 27.304278
3394.912800 26.943809
3395.326184 26.919068
3395.739568 27.058717
3396.152952 26.807008
3396.566336 26.622846
3396.979720 26.698389
3397.393104 27.392323
3397.806488 27.208305
3398.219872 26.852817
3398.633256 27.087787
3399.046640 26.994565
3399.460024 27.120327
3399.873408 27.752532
3400.286792 27.122119
3400.700176 26.629996
3401.113560 27.070447
3401.526944 27.425010
3401.940328 27.393698
3402.353712 27.573820
3402.767096 27.767292
3403.180480 27.467559
3403.593864 26.965146
3404.007248 26.811567
3404.420632 26.965213
3404.834016 27.154626
3405.247400 27.015084
3405.660784 27.382431
3406.074168 27.685303
3406.487552 27.667593
3406.900936 27.355374
3407.314320 27.343506
3407.727704 27.520123
3408.141088 27.974598
3408.554472 28.317918
3408.967856 28.222579
3409.381240 28.006416
3409.794624 27.559871
3410.208008 27.669137
3410.621392 27.797170
3411.034776 27.725230
3411.448160 27.867505
3411.861544 27.982122
3412.274928 28.060551
3412.688312 27.974951
3413.101696 28.506963
3413.515080 28.214492
3413.928464 28.027333
3414.341848 28.630916
3414.755232 28.856420
3415.168616 28.632738
3415.582000 28.598433
3415.995384 29.006108
3416.408768 29.263742
3416.822152 29.538832
3417.235536 29.475203
3417.648920 29.243921
3418.062304 29.505443
3418.475688 29.126893
3418.889072 29.232749
3419.302456 29.868108
3419.715840 30.347135
3420.129224 30.027931
3420.542608 29.839428
3420.955992 29.290679
3421.369376 29.339049
3421.782760 29.174521
3422.196144 29.515439
3422.609528 29.761070
3423.022912 29.451366
3423.436296 29.039696
3423.849680 29.437402
3424.263064 29.570441
3424.676448 29.382701
3425.089832 29.426944
3425.503216 29.129046
3425.916600 28.730942
3426.329984 28.413937
3426.743368 28.146460
3427.156752 28.127697
3427.570136 28.014586
3427.983520 27.672041
3428.396904 27.559749
3428.810288 27.874523
3429.223672 27.879991
3429.637056 27.281694
3430.050440 27.453942
3430.463824 27.267749
3430.877208 26.932982
3431.290592 26.787328
3431.703976 26.691527
3432.117360 27.172817
3432.530744 26.570047
3432.944128 26.251826
3433.357512 26.761050
3433.770896 27.135813
3434.184280 26.485733
3434.597664 26.305979
3435.011048 26.875676
3435.424432 27.107372
3435.837816 26.953024
3436.251200 26.851303
3436.664584 26.700129
3437.077968 26.683243
3437.491352 27.276670
3437.904736 27.497545
3438.318120 27.492122
3438.731504 27.475527
3439.144888 27.240759
3439.558272 26.832579
3439.971656 26.444667
3440.385040 26.639524
3440.798424 25.976525
3441.211808 26.313268
3441.625192 26.674726
3442.038576 26.229947
3442.451960 26.264803
3442.865344 26.335119
3443.278728 27.191795
3443.692112 27.276118
3444.105496 26.706443
3444.518880 26.173903
3444.932264 26.144864
3445.345648 26.558589
3445.759032 26.785790
3446.172416 27.026278
3446.585800 26.931947
3446.999184 26.464230
3447.412568 26.402195
3447.825952 26.685473
3448.239336 26.723788
3448.652720 26.586185
3449.066104 26.726135
3449.479488 26.447173
3449.892872 26.900883
3450.306256 27.033722
3450.719640 26.343670
3451.133024 25.921229
3451.546408 25.975520
3451.959792 25.899610
3452.373176 26.342340
3452.786560 26.538591
3453.199944 26.976781
3453.613328 26.173391
3454.026712 25.964724
3454.440096 25.930312
3454.853480 25.749646
3455.266864 25.914161
3455.680248 26.385447
3456.093632 25.984413
3456.507016 25.621622
3456.920400 25.901270
3457.333784 26.407320
3457.747168 26.282645
3458.160552 26.000485
3458.573936 26.267701
3458.987320 26.685786
3459.400704 26.910141
3459.814088 27.126463
3460.227472 27.680346
3460.640856 27.337192
3461.054240 27.063168
3461.467624 27.134958
3461.881008 26.512787
3462.294392 25.872513
3462.707776 26.388443
3463.121160 26.356974
3463.534545 26.575861
3463.947929 26.654510
3464.361313 26.541725
3464.774697 26.868471
3465.188081 26.241220
3465.601465 26.280608
3466.014849 25.991248
3466.428233 26.027973
3466.841617 26.797450
3467.255001 26.893543
3467.668385 26.430315
3468.081769 26.278209
3468.495153 26.732633
3468.908537 26.521741
3469.321921 26.788033
3469.735305 26.704948
3470.148689 26.497497
3470.562073 26.162001
3470.975457 26.160304
3471.388841 25.920261
3471.802225 25.970796
3472.215609 26.295717
3472.628993 26.788361
3473.042377 26.579828
3473.455761 26.362011
3473.869145 26.252077
3474.282529 26.068810
3474.695913 25.985930
3475.109297 26.234150
3475.522681 26.358999
3475.936065 26.400115
3476.349449 25.837602
3476.762833 25.556789
3477.176217 24.999469
3477.589601 24.843908
3478.002985 25.323519
3478.416369 25.886232
3478.829753 26.551004
3479.243137 26.754242
3479.656521 26.420193
3480.069905 26.369777
3480.483289 26.539096
3480.896673 26.389518
3481.310057 25.858914
3481.723441 25.795776
3482.136825 25.410170
3482.550209 25.253212
3482.963593 25.815710
3483.376977 26.135484
3483.790361 26.367323
3484.203745 26.214326
3484.617129 25.740201
3485.030513 25.818550
3485.443897 25.010782
3485.857281 25.646047
3486.270665 25.972542
3486.684049 25.841701
3487.097433 25.735122
3487.510817 25.902811
3487.924201 26.224616
3488.337585 26.100140
3488.750969 26.372653
3489.164353 26.002592
3489.577737 26.194548
3489.991121 26.310952
3490.404505 26.577898
3490.817889 26.404495
3491.231273 25.921805
3491.644657 26.205466
3492.058041 25.946123
3492.471425 25.822287
3492.884809 25.683229
3493.298193 25.529202
3493.711577 25.429663
3494.124961 25.753839
3494.538345 25.760398
3494.951729 25.775373
3495.365113 25.512850
3495.778497 25.423714
3496.191881 25.501744
3496.605265 25.434035
3497.018649 25.376934
3497.432033 25.240107
3497.845417 25.324558
3498.258801 25.440646
3498.672185 25.542017
3499.085569 25.585635
3499.498953 25.635046
3499.912337 25.992719
3500.325721 25.591624
3500.739105 25.321439
3501.152489 25.495507
3501.565873 24.884055
3501.979257 25.559620
3502.392641 26.471332
3502.806025 25.741212
3503.219409 25.433223
3503.632793 25.248326
3504.046177 25.390187
3504.459561 25.227319
3504.872945 24.930323
3505.286329 25.006019
3505.699713 25.297740
3506.113097 25.219670
3506.526481 25.430331
3506.939865 25.882920
3507.353249 25.681807
3507.766633 25.346508
3508.180017 25.570857
3508.593401 25.243394
3509.006785 25.136386
3509.420169 24.901443
3509.833553 25.107178
3510.246937 25.621444
3510.660321 25.661285
3511.073705 25.610305
3511.487089 25.194096
3511.900473 24.990107
3512.313857 24.972244
3512.727241 24.921019
3513.140625 25.473000
3513.554009 25.555699
3513.967393 25.859417
3514.380777 25.907584
3514.794161 25.227194
3515.207545 24.778563
3515.620929 24.852173
3516.034313 25.366825
3516.447697 25.393082
3516.861081 25.333295
3517.274465 25.192687
3517.687849 25.047094
3518.101233 24.814875
3518.514617 24.621443
3518.928001 25.027794
3519.341385 24.607899
3519.754769 24.684964
3520.168153 25.446822
3520.581537 25.003047
3520.994921 24.463731
3521.408305 24.116134
3521.821689 24.268179
3522.235073 24.268764
3522.648457 24.339757
3523.061841 24.744399
3523.475225 25.107405
3523.888609 25.252492
3524.301993 25.238232
3524.715377 24.474422
3525.128761 24.185743
3525.542145 24.122261
3525.955529 24.012953
3526.368913 23.848759
3526.782297 23.887300
3527.195681 24.144374
3527.609065 24.187618
3528.022449 24.329960
3528.435833 24.472312
3528.849217 24.436092
3529.262601 24.326312
3529.675985 24.745039
3530.089369 25.121411
3530.502753 25.059032
3530.916137 24.785851
3531.329521 24.392691
3531.742905 24.053927
3532.156289 23.792939
3532.569673 23.748567
3532.983057 23.619033
3533.396441 23.752329
3533.809825 24.105547
3534.223209 23.770247
3534.636593 23.798741
3535.049977 23.797227
3535.463361 23.778739
3535.876745 23.811684
3536.290129 23.803958
3536.703513 23.864958
3537.116897 23.964865
3537.530281 23.636066
3537.943665 23.260858
3538.357049 23.316850
3538.770433 23.430233
3539.183817 23.353967
3539.597201 22.981728
3540.010585 23.250737
3540.423969 23.592234
3540.837353 23.929944
3541.250737 23.727619
3541.664121 23.281641
3542.077505 22.826880
3542.490889 23.300855
3542.904273 23.694242
3543.317657 23.540307
3543.731041 23.988402
3544.144425 23.681666
3544.557809 23.812968
3544.971193 23.659456
3545.384577 23.869125
3545.797961 23.603670
3546.211345 23.599804
3546.624729 23.109145
3547.038113 23.122771
3547.451497 23.730143
3547.864881 23.980048
3548.278265 23.814374
3548.691649 23.816938
3549.105033 23.681409
3549.518417 23.615715
3549.931801 23.306606
3550.345185 23.394975
3550.758569 23.638388
3551.171953 23.953481
3551.585337 24.458238
3551.998721 24.295655
3552.412105 23.848547
3552.825489 23.957176
3553.238873 24.129176
3553.652257 24.338449
3554.065641 24.124985
3554.479025 23.972190
3554.892409 23.966351
3555.305793 23.767067
3555.719177 23.698509
3556.132561 23.533476
3556.545945 23.504958
3556.959329 23.534456
3557.372713 23.597056
3557.786098 23.884703
3558.199482 23.823261
3558.612866 23.548248
3559.026250 23.329493
3559.439634 23.101088
3559.853018 23.283023
3560.266402 22.961883
3560.679786 23.216909
3561.093170 23.638226
3561.506554 23.957785
3561.919938 23.940948
3562.333322 23.522162
3562.746706 22.711714
3563.160090 22.509107
3563.573474 22.729290
3563.986858 23.456325
3564.400242 23.547065
3564.813626 23.227463
3565.227010 23.185221
3565.640394 23.374410
3566.053778 23.616928
3566.467162 23.716648
3566.880546 23.980930
3567.293930 23.862581
3567.707314 24.295171
3568.120698 24.589631
3568.534082 24.623992
3568.947466 24.076713
3569.360850 23.451941
3569.774234 23.193514
3570.187618 23.253837
3570.601002 23.776059
3571.014386 23.759038
3571.427770 23.654931
3571.841154 23.791223
3572.254538 23.742918
3572.667922 23.691929
3573.081306 23.744958
3573.494690 23.778892
3573.908074 23.927803
3574.321458 23.752611
3574.734842 23.403486
3575.148226 23.409291
3575.561610 23.848906
3575.974994 24.017064
3576.388378 24.082117
3576.801762 23.604531
3577.215146 23.415519
3577.628530 23.540816
3578.041914 23.912136
3578.455298 23.827354
3578.868682 23.499557
3579.282066 23.437074
3579.695450 23.605508
3580.108834 23.420172
3580.522218 23.125063
3580.935602 23.386774
3581.348986 23.858029
3581.762370 24.014488
3582.175754 24.190038
3582.589138 24.367902
3583.002522 24.316245
3583.415906 24.056264
3583.829290 23.736454
3584.242674 23.599411
3584.656058 23.514749
3585.069442 23.467994
3585.482826 23.593585
3585.896210 23.656454
3586.309594 23.642999
3586.722978 23.661625
3587.136362 23.905862
3587.549746 23.674948
3587.963130 23.318446
3588.376514 23.320211
3588.789898 23.147417
3589.203282 23.052801
3589.616666 22.999138
3590.030050 23.293534
3590.443434 23.434353
3590.856818 23.340163
3591.270202 23.040262
3591.683586 22.892228
3592.096970 23.088142
3592.510354 23.279190
3592.923738 23.794792
3593.337122 23.267742
3593.750506 22.895677
3594.163890 23.293099
3594.577274 23.578767
3594.990658 23.765349
3595.404042 23.796486
3595.817426 23.627375
3596.230810 23.436522
3596.644194 23.662740
3597.057578 24.004632
3597.470962 23.897548
3597.884346 23.515086
3598.297730 23.455859
3598.711114 23.492400
3599.124498 23.157836
3599.537882 22.603671
3599.951266 22.944332
3600.364650 23.750883
3600.778034 23.673012
3601.191418 23.480814
3601.604802 23.282545
3602.018186 23.210231
3602.431570 23.293822
3602.844954 23.435530
3603.258338 23.033994
3603.671722 22.639952
3604.085106 22.952836
3604.498490 23.174140
3604.911874 23.058870
3605.325258 22.984871
3605.738642 23.195793
3606.152026 23.348508
3606.565410 23.292572
3606.978794 23.035180
3607.392178 23.062999
3607.805562 23.386259
3608.218946 23.117585
3608.632330 22.810972
3609.045714 22.900570
3609.459098 23.001218
3609.872482 23.139498
3610.285866 23.392206
3610.699250 23.292780
3611.112634 23.172136
3611.526018 23.222987
3611.939402 23.377182
3612.352786 23.350459
3612.766170 23.236246
3613.179554 23.448004
3613.592938 23.490823
3614.006322 23.094446
3614.419706 22.607911
3614.833090 22.929348
3615.246474 23.445829
3615.659858 23.530042
3616.073242 23.241289
3616.486626 23.531965
3616.900010 22.952291
3617.313394 22.951620
3617.726778 23.268879
3618.140162 23.131701
3618.553546 23.553447
3618.966930 23.598474
3619.380314 23.409380
3619.793698 23.257525
3620.207082 23.204239
3620.620466 23.123289
3621.033850 22.895785
3621.447234 22.873878
3621.860618 23.174869
3622.274002 23.586232
3622.687386 23.674210
3623.100770 23.683048
3623.514154 24.215888
3623.927538 24.272875
3624.340922 23.734631
3624.754306 23.238967
3625.167690 22.933910
3625.581074 22.653480
3625.994458 22.408575
3626.407842 22.377490
3626.821226 22.723402
3627.234610 22.576409
3627.647994 22.618299
3628.061378 22.877039
3628.474762 23.087437
3628.888146 22.946292
3629.301530 23.050804
3629.714914 23.167134
3630.128298 22.740223
3630.541682 22.712171
3630.955066 23.143113
3631.368450 23.438091
3631.781834 23.012982
3632.195218 22.965697
3632.608602 22.385192
3633.021986 22.367479
3633.435370 22.585554
3633.848754 23.033406
3634.262138 22.883166
3634.675522 22.912040
3635.088906 23.055549
3635.502290 23.186492
3635.915674 23.045832
3636.329058 22.721879
3636.742442 23.010212
3637.155826 23.114481
3637.569210 22.790523
3637.982594 22.500257
3638.395978 22.801656
3638.809362 22.828136
3639.222746 22.930764
3639.636130 22.853845
3640.049514 23.080051
3640.462898 23.307350
3640.876282 23.243430
3641.289666 22.921656
3641.703050 23.043246
3642.116434 22.943783
3642.529818 22.755553
3642.943202 22.868124
3643.356586 22.349156
3643.769970 22.075892
3644.183354 22.622607
3644.596738 22.940178
3645.010122 22.703544
3645.423506 22.286207
3645.836890 22.656792
3646.250274 22.980374
3646.663658 22.915903
3647.077042 22.867983
3647.490426 22.981033
3647.903810 23.245648
3648.317194 23.688731
3648.730578 24.149520
3649.143962 23.734925
3649.557346 23.283562
3649.970730 22.628957
3650.384114 22.400678
3650.797498 22.319706
3651.210882 22.485065
3651.624267 22.808487
3652.037651 23.773427
3652.451035 23.389516
3652.864419 23.590589
3653.277803 23.863791
3653.691187 22.297738
3654.104571 22.227370
3654.517955 22.751650
3654.931339 22.815521
3655.344723 22.533370
3655.758107 22.611808
3656.171491 22.477853
3656.584875 22.437277
3656.998259 22.378268
3657.411643 22.371170
3657.825027 23.018162
3658.238411 22.626016
3658.651795 22.297444
3659.065179 21.776824
3659.478563 21.899478
3659.891947 22.488447
3660.305331 22.743247
3660.718715 22.416007
3661.132099 22.237782
3661.545483 22.128250
3661.958867 22.065926
3662.372251 22.165885
3662.785635 22.471114
3663.199019 22.632578
3663.612403 22.796200
3664.025787 22.630670
3664.439171 22.809504
3664.852555 22.577650
3665.265939 22.354912
3665.679323 21.910270
3666.092707 22.641346
3666.506091 22.797713
3666.919475 23.595463
3667.332859 23.730155
3667.746243 23.918879
3668.159627 23.503677
3668.573011 22.827337
3668.986395 22.213510
3669.399779 22.473332
3669.813163 22.478230
3670.226547 22.541240
3670.639931 22.281162
3671.053315 22.700845
3671.466699 22.949037
3671.880083 22.723291
3672.293467 22.972740
3672.706851 23.022310
3673.120235 22.988621
3673.533619 22.139505
3673.947003 21.475018
3674.360387 21.535917
3674.773771 21.650008
3675.187155 21.554209
3675.600539 21.885643
3676.013923 21.949210
3676.427307 21.881348
3676.840691 22.127025
3677.254075 22.520368
3677.667459 22.507434
3678.080843 21.991882
3678.494227 21.957371
3678.907611 21.701199
3679.320995 21.799794
3679.734379 22.222103
3680.147763 22.289525
3680.561147 22.764272
3680.974531 22.903474
3681.387915 22.286418
3681.801299 22.338397
3682.214683 22.070467
3682.628067 22.293912
3683.041451 21.900498
3683.454835 22.172582
3683.868219 21.898941
3684.281603 22.250070
3684.694987 21.920312
3685.108371 21.414048
3685.521755 21.403510
3685.935139 21.406414
3686.348523 21.923284
3686.761907 22.794558
3687.175291 22.774415
3687.588675 22.531569
3688.002059 22.588982
3688.415443 21.870932
3688.828827 21.767315
3689.242211 21.583184
3689.655595 21.707360
3690.068979 22.670510
3690.482363 22.468160
3690.895747 21.649469
3691.309131 21.471446
3691.722515 21.686467
3692.135899 21.782449
3692.549283 21.781643
3692.962667 21.725486
3693.376051 22.443570
3693.789435 22.644970
3694.202819 22.489001
3694.616203 22.309916
3695.029587 21.306072
3695.442971 21.357799
3695.856355 21.062426
3696.269739 21.381658
3696.683123 21.017007
3697.096507 21.310597
3697.509891 21.432947
3697.923275 22.000931
3698.336659 21.892511
3698.750043 21.973265
3699.163427 22.406284
3699.576811 23.026412
3699.990195 23.518036
3700.403579 23.090323
3700.816963 22.574935
3701.230347 22.139913
3701.643731 21.834948
3702.057115 21.267040
3702.470499 21.691350
3702.883883 21.361702
3703.297267 21.072352
3703.710651 21.506731
3704.124035 21.507543
3704.537419 21.505849
3704.950803 21.559132
3705.364187 21.417148
3705.777571 21.307809
3706.190955 21.628717
3706.604339 21.871027
3707.017723 22.007650
3707.431107 22.035739
3707.844491 21.842322
3708.257875 22.070941
3708.671259 21.959151
3709.084643 22.106426
3709.498027 22.181825
3709.911411 22.331158
3710.324795 22.000463
3710.738179 22.310393
3711.151563 22.555216
3711.564947 22.297450
3711.978331 21.937070
3712.391715 21.620096
3712.805099 21.840597
3713.218483 21.662969
3713.631867 22.329724
3714.045251 22.451860
3714.458635 23.096983
3714.872019 22.717296
3715.285403 22.501203
3715.698787 22.125070
3716.112171 22.106895
3716.525555 22.157111
3716.938939 22.056090
3717.352323 21.759681
3717.765707 22.182005
3718.179091 22.332046
3718.592475 22.204314
3719.005859 21.855443
3719.419243 21.838447
3719.832627 22.312317
3720.246011 22.380590
3720.659395 22.263917
3721.072779 21.960662
3721.486163 22.317611
3721.899547 22.595439
3722.312931 23.021728
3722.726315 22.973827
3723.139699 23.406938
3723.553083 23.371567
3723.966467 22.828535
3724.379851 22.356741
3724.793235 23.021924
3725.206619 23.428756
3725.620003 23.514265
3726.033387 23.159426
3726.446771 23.622930
3726.860155 23.626634
3727.273539 23.827418
3727.686923 24.334703
3728.100307 24.569636
3728.513691 24.522115
3728.927075 24.941036
3729.340459 25.842252
3729.753843 26.409486
3730.167227 26.768684
3730.580611 27.616185
3730.993995 27.245272
3731.407379 27.081537
3731.820763 26.498640
3732.234147 25.914213
3732.647531 25.858715
3733.060915 25.677090
3733.474299 25.322435
3733.887683 24.609032
3734.301067 24.265354
3734.714451 23.861696
3735.127835 23.486519
3735.541219 23.236265
3735.954603 23.081662
3736.367987 22.771832
3736.781371 22.573496
3737.194755 22.414114
3737.608139 22.169546
3738.021523 21.968452
3738.434907 21.669026
3738.848291 21.561197
3739.261675 21.504697
3739.675059 21.698696
3740.088443 21.623683
3740.501827 21.719825
3740.915211 21.952173
3741.328595 22.057024
3741.741979 21.895477
3742.155363 21.179216
3742.568747 20.869503
3742.982131 21.018202
3743.395515 21.081377
3743.808899 21.603859
3744.222283 21.998235
3744.635667 21.417871
3745.049051 21.162915
3745.462435 20.873402
3745.875820 21.036864
3746.289204 20.987554
3746.702588 20.779062
3747.115972 21.029049
3747.529356 21.205513
3747.942740 21.435704
3748.356124 21.680410
3748.769508 21.515073
3749.182892 21.076748
3749.596276 20.984947
3750.009660 21.334198
3750.423044 21.510312
3750.836428 21.619269
3751.249812 21.473477
3751.663196 21.013732
3752.076580 20.932908
3752.489964 20.982058
3752.903348 20.809287
3753.316732 20.544766
3753.730116 20.486798
3754.143500 20.190322
3754.556884 20.259300
3754.970268 20.717860
3755.383652 20.829064
3755.797036 21.271231
3756.210420 21.288503
3756.623804 21.046052
3757.037188 20.761141
3757.450572 20.915568
3757.863956 21.184041
3758.277340 21.060217
3758.690724 21.219605
3759.104108 21.302990
3759.517492 20.987974
3759.930876 20.962743
3760.344260 21.329545
3760.757644 21.537143
3761.171028 21.241077
3761.584412 21.005693
3761.997796 20.942769
3762.411180 20.682253
3762.824564 20.600022
3763.237948 20.840981
3763.651332 20.611326
3764.064716 20.630161
3764.478100 21.029628
3764.891484 21.557095
3765.304868 21.657081
3765.718252 20.821835
3766.131636 21.186568
3766.545020 21.292602
3766.958404 21.215766
3767.371788 21.167109
3767.785172 20.852387
3768.198556 20.776957
3768.611940 20.702585
3769.025324 20.506380
3769.438708 20.609396
3769.852092 20.618547
3770.265476 20.546846
3770.678860 20.320806
3771.092244 20.294454
3771.505628 20.044855
3771.919012 19.874828
3772.332396 19.737890
3772.745780 20.093519
3773.159164 19.965355
3773.572548 19.431047
3773.985932 19.655442
3774.399316 20.182281
3774.812700 20.146514
3775.226084 20.218258
3775.639468 20.115429
3776.052852 20.191937
3776.466236 20.098920
3776.879620 20.498136
3777.293004 21.042740
3777.706388 20.415312
3778.119772 19.873600
3778.533156 19.487002
3778.946540 19.568194
3779.359924 19.813598
3779.773308 20.011528
3780.186692 19.671014
3780.600076 19.500402
3781.013460 19.420984
3781.426844 19.591835
3781.840228 19.722674
3782.253612 19.982363
3782.666996 20.157908
3783.080380 20.283483
3783.493764 20.317559
3783.907148 20.384499
3784.320532 20.360717
3784.733916 20.282313
3785.147300 20.142419
3785.560684 20.130054
3785.974068 20.186695
3786.387452 20.091013
3786.800836 20.112795
3787.214220 20.135887
3787.627604 19.894726
3788.040988 19.717325
3788.454372 19.550867
3788.867756 19.426164
3789.281140 19.250083
3789.694524 19.684726
3790.107908 19.655350
3790.521292 19.534235
3790.934676 19.767058
3791.348060 19.629099
3791.761444 19.888200
3792.174828 19.973387
3792.588212 20.649871
3793.001596 20.725509
3793.414980 20.658728
3793.828364 20.452760
3794.241748 19.927845
3794.655132 19.814162
3795.068516 20.173832
3795.481900 20.059980
3795.895284 19.497387
3796.308668 19.424393
3796.722052 18.853848
3797.135436 19.639926
3797.548820 19.452262
3797.962204 19.025750
3798.375588 18.925788
3798.788972 18.623375
3799.202356 18.558374
3799.615740 18.577015
3800.029124 18.792115
3800.442508 19.134446
3800.855892 19.471268
3801.269276 19.763789
3801.682660 19.444236
3802.096044 18.786959
3802.509428 18.735891
3802.922812 18.590488
3803.336196 18.290008
3803.749580 18.895726
3804.162964 18.961346
3804.576348 18.968855
3804.989732 18.989175
3805.403116 18.691939
3805.816500 18.530634
3806.229884 18.616657
3806.643268 18.884158
3807.056652 18.902153
3807.470036 18.921260
3807.883420 18.944549
3808.296804 19.039076
3808.710188 19.060943
3809.123572 19.070314
3809.536956 19.085231
3809.950340 18.842185
3810.363724 18.629848
3810.777108 18.713390
3811.190492 18.958650
3811.603876 19.098848
3812.017260 19.577130
3812.430644 18.794125
3812.844028 18.728667
3813.257412 18.807053
3813.670796 18.890328
3814.084180 18.822714
3814.497564 18.849289
3814.910948 18.933624
3815.324332 19.147980
3815.737716 19.059044
3816.151100 19.125353
3816.564484 19.224359
3816.977868 18.974666
3817.391252 19.098290
3817.804636 19.799760
3818.218020 19.109880
3818.631404 19.490690
3819.044788 19.484894
3819.458172 18.958656
3819.871556 18.672014
3820.284940 18.275595
3820.698324 18.146404
3821.111708 18.624806
3821.525092 19.035685
3821.938476 19.512542
3822.351860 19.548566
3822.765244 19.404245
3823.178628 19.445243
3823.592012 19.312073
3824.005396 18.919793
3824.418780 18.939387
3824.832164 19.230002
3825.245548 19.077701
3825.658932 18.858425
3826.072316 18.979745
3826.485700 18.959799
3826.899084 19.190783
3827.312468 19.273427
3827.725852 19.329912
3828.139236 19.284055
3828.552620 19.267643
3828.966004 18.862882
3829.379388 18.489163
3829.792772 18.427636
3830.206156 19.515159
3830.619540 20.100455
3831.032924 19.509715
3831.446308 19.565912
3831.859692 18.922850
3832.273076 18.247052
3832.686460 18.454518
3833.099844 18.577288
3833.513228 19.224853
3833.926612 19.466777
3834.339996 19.524462
3834.753380 18.803879
3835.166764 18.759232
3835.580148 19.061709
3835.993532 19.191954
3836.406916 18.723401
3836.820300 18.700581
3837.233684 18.564801
3837.647068 18.467066
3838.060452 18.711248
3838.473836 19.454060
3838.887220 18.923806
3839.300604 18.341402
3839.713989 18.792569
3840.127373 19.475652
3840.540757 19.602891
3840.954141 19.870641
3841.367525 19.716470
3841.780909 19.327467
3842.194293 19.083040
3842.607677 18.355684
3843.021061 18.060050
3843.434445 17.961387
3843.847829 18.775309
3844.261213 18.686731
3844.674597 19.061979
3845.087981 18.897181
3845.501365 19.113543
3845.914749 19.224001
3846.328133 19.694156
3846.741517 19.349748
3847.154901 19.048401
3847.568285 19.037897
3847.981669 19.004795
3848.395053 19.012816
3848.808437 19.057233
3849.221821 19.194162
3849.635205 19.089694
3850.048589 18.991258
3850.461973 19.110272
3850.875357 19.478893
3851.288741 18.755105
3851.702125 18.348849
3852.115509 18.521569
3852.528893 18.759189
3852.942277 18.811648
3853.355661 18.916181
3853.769045 19.048898
3854.182429 19.267879
3854.595813 19.597484
3855.009197 19.968020
3855.422581 20.306386
3855.835965 19.548232
3856.249349 18.942472
3856.662733 19.082691
3857.076117 18.631904
3857.489501 18.878846
3857.902885 19.797708
3858.316269 19.910025
3858.729653 19.652587
3859.143037 19.471078
3859.556421 19.637181
3859.969805 20.117132
3860.383189 20.242417
3860.796573 20.066450
3861.209957 19.879028
3861.623341 19.829688
3862.036725 19.995432
3862.450109 20.158955
3862.863493 20.258531
3863.276877 20.449133
3863.690261 20.284035
3864.103645 20.376644
3864.517029 20.355096
3864.930413 20.410006
3865.343797 20.456335
3865.757181 20.694706
3866.170565 20.634156
3866.583949 20.468093
3866.997333 20.410536
3867.410717 20.630470
3867.824101 21.002422
3868.237485 21.075933
3868.650869 21.294204
3869.064253 21.340650
3869.477637 21.387099
3869.891021 20.885837
3870.304405 21.190122
3870.717789 21.078730
3871.131173 21.378711
3871.544557 21.317373
3871.957941 21.123172
3872.371325 20.966560
3872.784709 21.116457
3873.198093 20.935389
3873.611477 20.194112
3874.024861 19.710895
3874.438245 19.480618
3874.851629 19.597971
3875.265013 19.707614
3875.678397 19.545199
3876.091781 19.452195
3876.505165 19.540825
3876.918549 19.547482
3877.331933 19.700473
3877.745317 19.895259
3878.158701 20.143338
3878.572085 20.339058
3878.985469 20.118404
3879.398853 20.001580
3879.812237 20.191600
3880.225621 20.066701
3880.639005 19.969493
3881.052389 19.805792
3881.465773 20.006559
3881.879157 20.163894
3882.292541 19.720627
3882.705925 19.294121
3883.119309 19.371113
3883.532693 19.544709
3883.946077 19.559193
3884.359461 19.470643
3884.772845 19.394561
3885.186229 19.155060
3885.599613 19.277018
3886.012997 19.610596
3886.426381 19.819208
3886.839765 19.766151
3887.253149 20.019186
3887.666533 19.843936
3888.079917 19.845835
3888.493301 19.566215
3888.906685 19.976549
3889.320069 20.168942
3889.733453 19.904970
3890.146837 19.953912
3890.560221 18.987404
3890.973605 18.956022
3891.386989 18.658829
3891.800373 18.736452
3892.213757 18.987321
3892.627141 19.302739
3893.040525 19.173128
3893.453909 19.314821
3893.867293 19.200479
3894.280677 19.176321
3894.694061 19.022527
3895.107445 18.737732
3895.520829 18.610683
3895.934213 18.758932
3896.347597 19.373147
3896.760981 19.461045
3897.174365 19.536432
3897.587749 18.921453
3898.001133 18.191765
3898.414517 17.948337
3898.827901 17.977942
3899.241285 18.085468
3899.654669 18.338840
3900.068053 18.693930
3900.481437 18.460912
3900.894821 18.378886
3901.308205 18.030739
3901.721589 17.682588
3902.134973 17.519478
3902.548357 17.919693
3902.961741 18.015461
3903.375125 18.167527
3903.788509 18.374478
3904.201893 18.611274
3904.615277 18.531914
3905.028661 18.045973
3905.442045 18.293657
3905.855429 18.901488
3906.268813 18.860514
3906.682197 19.280290
3907.095581 18.690763
3907.508965 17.990714
3907.922349 17.592055
3908.335733 17.420873
3908.749117 17.727872
3909.162501 18.168979
3909.575885 18.379959
3909.989269 18.473631
3910.402653 18.432210
3910.816037 18.183527
3911.229421 18.030674
3911.642805 17.812903
3912.056189 17.530525
3912.469573 18.000067
3912.882957 18.046148
3913.296341 17.825852
3913.709725 17.442122
3914.123109 17.258811
3914.536493 17.514362
3914.949877 17.320109
3915.363261 17.613300
3915.776645 17.294191
3916.190029 17.223838
3916.603413 17.259295
3917.016797 17.709473
3917.430181 17.394003
3917.843565 17.302343
3918.256949 17.299280
3918.670333 17.725887
3919.083717 17.780966
3919.497101 17.528120
3919.910485 17.537503
3920.323869 17.202382
3920.737253 17.217276
3921.150637 17.424641
3921.564021 18.002303
3921.977405 17.471905
3922.390789 17.816530
3922.804173 17.523185
3923.217557 17.019834
3923.630941 17.007249
3924.044325 17.322679
3924.457709 17.319147
3924.871093 17.293717
3925.284477 17.292078
3925.697861 17.359750
3926.111245 17.251119
3926.524629 17.111693
3926.938013 17.173505
3927.351397 17.020725
3927.764781 17.548768
3928.178165 17.577905
3928.591549 17.438356
3929.004933 16.971179
3929.418317 16.548592
3929.831701 16.234452
3930.245085 16.279666
3930.658469 16.909141
3931.071853 17.335656
3931.485237 17.495181
3931.898621 16.879330
3932.312005 16.645913
3932.725389 16.484059
3933.138773 16.554832
3933.552157 16.585179
3933.965542 16.821984
3934.378926 16.597742
3934.792310 16.357708
3935.205694 16.566142
3935.619078 16.533568
3936.032462 16.466891
3936.445846 16.609237
3936.859230 16.904178
3937.272614 16.938048
3937.685998 16.753457
3938.099382 16.943758
3938.512766 16.694053
3938.926150 16.725944
3939.339534 16.762215
3939.752918 17.043953
3940.166302 16.834774
3940.579686 16.721459
3940.993070 16.581019
3941.406454 16.734377
3941.819838 17.813191
3942.233222 17.483371
3942.646606 17.447510
3943.059990 16.798196
3943.473374 16.521161
3943.886758 16.593637
3944.300142 16.660170
3944.713526 17.265094
3945.126910 17.389843
3945.540294 16.994330
3945.953678 17.122565
3946.367062 17.107327
3946.780446 17.092911
3947.193830 17.255362
3947.607214 17.048346
3948.020598 17.046529
3948.433982 16.899046
3948.847366 16.548325
3949.260750 16.485974
3949.674134 16.704609
3950.087518 16.876738
3950.500902 16.921039
3950.914286 17.002816
3951.327670 17.105465
3951.741054 17.194297
3952.154438 17.580052
3952.567822 17.636580
3952.981206 17.943456
3953.394590 17.770776
3953.807974 17.988910
3954.221358 17.961519
3954.634742 17.973595
3955.048126 17.842992
3955.461510 17.874203
3955.874894 17.663606
3956.288278 17.910604
3956.701662 18.132787
3957.115046 17.905552
3957.528430 18.226046
3957.941814 18.379622
3958.355198 18.589554
3958.768582 17.751075
3959.181966 18.315656
3959.595350 18.635203
3960.008734 18.641538
3960.422118 17.733785
3960.835502 17.770311
3961.248886 17.886399
3961.662270 18.168936
3962.075654 18.689108
3962.489038 19.242789
3962.902422 18.515613
3963.315806 17.657047
3963.729190 17.803020
3964.142574 17.720204
3964.555958 17.941196
3964.969342 18.265194
3965.382726 18.172407
3965.796110 17.707163
3966.209494 17.770014
3966.622878 17.701851
3967.036262 17.887673
3967.449646 18.250057
3967.863030 19.011312
3968.276414 17.906685
3968.689798 17.454948
3969.103182 17.481111
3969.516566 17.883136
3969.929950 17.627540
3970.343334 17.449652
3970.756718 17.524428
3971.170102 17.754433
3971.583486 17.990886
3971.996870 17.954641
3972.410254 17.752588
3972.823638 17.917224
3973.237022 18.162294
3973.650406 17.630903
3974.063790 17.468569
3974.477174 17.261449
3974.890558 17.030427
3975.303942 17.018728
3975.717326 17.041039
3976.130710 17.549813
3976.544094 17.564000
3976.957478 17.598602
3977.370862 17.654385
3977.784246 17.282100
3978.197630 17.480709
3978.611014 17.005727
3979.024398 17.256268
3979.437782 16.986987
3979.851166 16.924783
3980.264550 17.133208
3980.677934 17.352946
3981.091318 17.216973
3981.504702 17.046263
3981.918086 16.898853
3982.331470 16.681002
3982.744854 16.901421
3983.158238 17.154579
3983.571622 17.036812
3983.985006 16.702492
3984.398390 16.796805
3984.811774 16.755503
3985.225158 17.128374
3985.638542 16.774034
3986.051926 16.385663
3986.465310 16.296916
3986.878694 16.666212
3987.292078 16.996021
3987.705462 17.622598
3988.118846 17.490522
3988.532230 17.238292
3988.945614 16.478009
3989.358998 17.170944
3989.772382 16.985422
3990.185766 16.851222
3990.599150 16.368862
3991.012534 16.600668
3991.425918 17.144074
3991.839302 16.809304
3992.252686 16.879287
3992.666070 16.927503
3993.079454 16.146762
3993.492838 15.843179
3993.906222 15.984210
3994.319606 16.040606
3994.732990 16.366087
3995.146374 16.060540
3995.559758 16.404515
3995.973142 16.097253
3996.386526 16.007725
3996.799910 15.900013
3997.213294 16.081010
3997.626678 15.957852
3998.040062 15.973224
3998.453446 15.831746
3998.866830 15.588970
3999.280214 15.791286
3999.693598 15.824960
4000.106982 15.715103
4000.520366 16.092262
4000.933750 16.339229
4001.347134 15.700310
4001.760518 15.819841
4002.173902 15.879726
4002.587286 16.108398
4003.000670 16.015819
4003.414054 15.693527
4003.827438 15.655298
4004.240822 15.635970
4004.654206 15.383017
4005.067590 15.416783
4005.480974 15.685605
4005.894358 15.979394
4006.307742 15.915082
4006.721126 15.857835
4007.134510 15.529897
4007.547894 15.664130
4007.961278 16.005054
4008.374662 15.885930
4008.788046 16.121188
4009.201430 15.651729
4009.614814 15.705799
4010.028198 15.280427
4010.441582 14.951965
4010.854966 15.077225
4011.268350 15.076628
4011.681734 14.966060
4012.095118 15.104233
4012.508502 14.970815
4012.921886 15.411204
4013.335270 15.480354
4013.748654 16.173304
4014.162038 16.377789
4014.575422 16.181612
4014.988806 15.865760
4015.402190 15.457154
4015.815574 15.727841
4016.228958 15.302913
4016.642342 15.484361
4017.055726 14.982609
4017.469110 15.674834
4017.882494 15.734121
4018.295878 15.894722
4018.709262 15.573962
4019.122646 14.974647
4019.536030 14.934528
4019.949414 15.387373
4020.362798 15.662022
4020.776182 15.146607
4021.189566 15.001048
4021.602950 15.164737
4022.016334 15.502270
4022.429718 15.833520
4022.843102 15.878816
4023.256486 15.993854
4023.669870 15.448797
4024.083254 15.657994
4024.496638 15.479876
4024.910022 15.085644
4025.323406 15.010450
4025.736790 14.975076
4026.150174 15.022799
4026.563558 14.862116
4026.976942 14.512764
4027.390326 14.812750
4027.803711 14.960871
4028.217095 14.746435
4028.630479 15.007733
4029.043863 14.215402
4029.457247 14.331264
4029.870631 14.538641
4030.284015 14.580847
4030.697399 14.279668
4031.110783 14.304480
4031.524167 14.300074
4031.937551 14.534894
4032.350935 14.761749
4032.764319 15.118160
4033.177703 15.607026
4033.591087 15.304518
4034.004471 15.144650
4034.417855 15.029162
4034.831239 15.140471
4035.244623 15.051149
4035.658007 14.831230
4036.071391 14.833932
4036.484775 14.863188
4036.898159 14.452937
4037.311543 14.647411
4037.724927 14.732141
4038.138311 14.844856
4038.551695 14.645916
4038.965079 14.883523
4039.378463 15.134785
4039.791847 14.949428
4040.205231 14.719145
4040.618615 14.691111
4041.031999 14.720071
4041.445383 14.980118
4041.858767 15.370108
4042.272151 15.239388
4042.685535 15.220048
4043.098919 14.974417
4043.512303 14.769408
4043.925687 15.114490
4044.339071 15.204556
4044.752455 14.902198
4045.165839 14.897180
4045.579223 14.806921
4045.992607 14.845165
4046.405991 14.779361
4046.819375 14.826205
4047.232759 14.924216
4047.646143 15.031888
4048.059527 15.741639
4048.472911 15.158877
4048.886295 15.202590
4049.299679 14.920034
4049.713063 14.724301
4050.126447 14.974212
4050.539831 14.911527
4050.953215 15.043419
4051.366599 14.828647
4051.779983 14.951640
4052.193367 14.835451
4052.606751 14.943448
4053.020135 14.987845
4053.433519 14.801170
4053.846903 14.682552
4054.260287 14.846575
4054.673671 15.064824
4055.087055 14.991337
4055.500439 15.174203
4055.913823 15.239477
4056.327207 15.251048
4056.740591 15.118003
4057.153975 14.979435
4057.567359 15.063292
4057.980743 15.059549
4058.394127 14.990580
4058.807511 15.197584
4059.220895 15.525363
4059.634279 15.542294
4060.047663 15.920639
4060.461047 15.624755
4060.874431 15.614734
4061.287815 15.539099
4061.701199 14.969114
4062.114583 14.806470
4062.527967 14.878224
4062.941351 15.081312
4063.354735 14.931813
4063.768119 15.040754
4064.181503 15.355054
4064.594887 15.680740
4065.008271 15.780206
4065.421655 15.823588
4065.835039 15.830827
4066.248423 15.771548
4066.661807 15.725314
4067.075191 15.590869
4067.488575 15.398087
4067.901959 15.366949
4068.315343 15.235139
4068.728727 15.531248
4069.142111 15.440292
4069.555495 15.407544
4069.968879 15.875741
4070.382263 15.789687
4070.795647 15.586596
4071.209031 15.315360
4071.622415 15.425768
4072.035799 15.617555
4072.449183 15.809342
4072.862567 15.689437
4073.275951 15.800192
4073.689335 15.544534
4074.102719 15.106466
4074.516103 14.996327
4074.929487 15.037531
4075.342871 15.087433
4075.756255 15.261115
4076.169639 15.490258
4076.583023 15.350281
4076.996407 15.301096
4077.409791 15.333995
4077.823175 15.430832
4078.236559 15.678044
4078.649943 15.720716
4079.063327 15.782846
4079.476711 15.960054
4079.890095 16.042456
4080.303479 16.049043
4080.716863 15.651894
4081.130247 15.526447
4081.543631 15.900013
4081.957015 16.080989
4082.370399 15.800569
4082.783783 15.604928
4083.197167 15.860573
4083.610551 16.336729
4084.023935 16.427041
4084.437319 16.560395
4084.850703 16.537554
4085.264087 16.253896
4085.677471 15.888044
4086.090855 16.228214
4086.504239 16.291307
4086.917623 16.286730
4087.331007 16.178959
4087.744391 16.159800
4088.157775 16.351685
4088.571159 16.639783
4088.984543 16.972227
4089.397927 16.850067
4089.811311 16.999342
4090.224695 16.728692
4090.638079 16.741184
4091.051463 16.739196
4091.464847 16.891878
4091.878231 17.072336
4092.291615 16.991778
4092.704999 17.295662
4093.118383 17.344607
4093.531767 17.133079
4093.945151 16.820057
4094.358535 16.871778
4094.771919 16.980502
4095.185303 17.060496
4095.598687 17.102444
4096.012071 16.886511
4096.425455 17.051051
4096.838839 17.345652
4097.252223 17.216115
4097.665607 16.732300
4098.078991 16.607276
4098.492375 16.907422
4098.905759 17.187695
4099.319143 17.362241
4099.732527 17.225869
4100.145911 17.218302
4100.559295 17.441647
4100.972679 17.694722
4101.386063 17.909749
4101.799447 17.814073
4102.212831 17.553596
4102.626215 17.418159
4103.039599 17.208211
4103.452983 17.111831
4103.866367 17.303526
4104.279751 17.597306
4104.693135 17.713440
4105.106519 17.714690
4105.519903 17.864397
4105.933287 17.651842
4106.346671 17.807719
4106.760055 17.581759
4107.173439 17.301002
4107.586823 17.109205
4108.000207 17.146234
4108.413591 16.967571
4108.826975 17.331021
4109.240359 17.441374
4109.653743 17.158858
4110.067127 16.701439
4110.480511 16.473233
4110.893895 16.324218
4111.307279 16.609846
4111.720663 16.891118
4112.134047 17.258633
4112.547431 17.288607
4112.960815 16.979276
4113.374199 16.845193
4113.787583 17.252727
4114.200967 17.086394
4114.614351 16.605799
4115.027735 16.522604
4115.441119 16.216855
4115.854503 16.125538
4116.267887 16.364335
4116.681271 16.654757
4117.094655 16.445052
4117.508039 16.080719
4117.921423 16.082113
4118.334807 16.165204
4118.748191 16.250351
4119.161575 16.087036
4119.574959 16.352142
4119.988343 16.514538
4120.401727 16.838950
4120.815111 17.003717
4121.228495 16.409870
4121.641879 16.450235
4122.055264 16.009903
4122.468648 16.255525
4122.882032 16.400904
4123.295416 16.511125
4123.708800 16.149204
4124.122184 15.667858
4124.535568 15.776352
4124.948952 15.824923
4125.362336 16.064936
4125.775720 15.883173
4126.189104 16.223071
4126.602488 16.417143
4127.015872 16.161056
4127.429256 15.994365
4127.842640 15.744850
4128.256024 15.693570
4128.669408 15.880713
4129.082792 15.993477
4129.496176 15.603711
4129.909560 15.351797
4130.322944 15.297325
4130.736328 15.788247
4131.149712 15.418915
4131.563096 15.105808
4131.976480 15.185425
4132.389864 15.126305
4132.803248 15.436325
4133.216632 15.209556
4133.630016 15.015744
4134.043400 15.176780
4134.456784 15.455190
4134.870168 15.420367
4135.283552 15.267214
4135.696936 15.172717
4136.110320 15.248821
4136.523704 15.378872
4136.937088 15.117988
4137.350472 14.506468
4137.763856 14.558879
4138.177240 14.831799
4138.590624 15.226497
4139.004008 15.252748
4139.417392 15.211651
4139.830776 15.147600
4140.244160 15.183746
4140.657544 15.149741
4141.070928 15.009078
4141.484312 15.139497
4141.897696 14.873141
4142.311080 14.458031
4142.724464 14.496714
4143.137848 14.751131
4143.551232 14.831781
4143.964616 14.783917
4144.378000 14.445244
4144.791384 14.456797
4145.204768 14.947915
4145.618152 14.994474
4146.031536 15.422996
4146.444920 15.532914
4146.858304 15.228418
4147.271688 14.941874
4147.685072 14.665911
4148.098456 14.727417
4148.511840 14.450961
4148.925224 14.187160
4149.338608 14.264902
4149.751992 14.457198
4150.165376 14.627461
4150.578760 14.624183
4150.992144 14.457584
4151.405528 14.183959
4151.818912 14.271330
4152.232296 14.127624
4152.645680 14.213840
4153.059064 14.364779
4153.472448 14.318357
4153.885832 14.730486
4154.299216 14.658136
4154.712600 14.566081
4155.125984 14.517206
4155.539368 14.420069
4155.952752 14.415384
4156.366136 14.234957
4156.779520 14.477282
4157.192904 14.256049
4157.606288 14.337752
4158.019672 14.429314
4158.433056 14.276308
4158.846440 14.286301
4159.259824 14.157646
4159.673208 14.228052
4160.086592 14.220788
4160.499976 14.367661
4160.913360 14.463141
4161.326744 14.077913
4161.740128 13.978677
4162.153512 13.906075
4162.566896 14.056661
4162.980280 13.979210
4163.393664 14.118746
4163.807048 14.020227
4164.220432 13.959867
4164.633816 14.217571
4165.047200 14.318890
4165.460584 14.053650
4165.873968 14.106581
4166.287352 14.225742
4166.700736 14.410189
4167.114120 14.608921
4167.527504 14.622177
4167.940888 14.286160
4168.354272 14.105190
4168.767656 14.326831
4169.181040 14.354856
4169.594424 14.652646
4170.007808 15.011694
4170.421192 15.044142
4170.834576 14.841768
4171.247960 14.731225
4171.661344 14.583102
4172.074728 14.434979
4172.488112 14.067040
4172.901496 14.548169
4173.314880 14.175651
4173.728264 14.210314
4174.141648 14.153468
4174.555032 14.324843
4174.968416 14.229210
4175.381800 14.230263
4175.795184 13.950585
4176.208568 14.393263
4176.621952 14.628500
4177.035336 15.000769
4177.448720 15.504476
4177.862104 14.803327
4178.275488 14.977083
4178.688872 14.807870
4179.102256 14.588579
4179.515640 14.343435
4179.929024 14.151048
4180.342408 14.515006
4180.755792 14.788074
4181.169176 14.552684
4181.582560 15.008980
4181.995944 15.286689
4182.409328 15.134727
4182.822712 14.620660
4183.236096 14.060681
4183.649480 13.823756
4184.062864 14.020298
4184.476248 14.040125
4184.889632 14.405299
4185.303016 14.782713
4185.716400 14.660311
4186.129784 14.419940
4186.543168 14.250216
4186.956552 14.276259
4187.369936 14.503350
4187.783320 14.102200
4188.196704 13.931297
4188.610088 13.957808
4189.023472 14.082557
4189.436856 14.285498
4189.850240 14.454199
4190.263624 14.206610
4190.677008 14.514847
4191.090392 14.402466
4191.503776 14.262136
4191.917160 14.192056
4192.330544 14.049523
4192.743928 13.732645
4193.157312 13.667037
4193.570696 13.495132
4193.984080 13.674689
4194.397464 13.919748
4194.810848 13.797444
4195.224232 13.486634
4195.637616 13.669178
4196.051000 13.435470
4196.464384 13.558969
4196.877768 13.697350
4197.291152 13.474040
4197.704536 13.300348
4198.117920 13.468268
4198.531304 13.549444
4198.944688 13.606076
4199.358072 13.588051
4199.771456 13.485188
4200.184840 13.285831
4200.598224 12.968823
4201.011608 13.018608
4201.424992 12.839997
4201.838376 12.953836
4202.251760 13.179481
4202.665144 13.610494
4203.078528 13.999205
4203.491912 14.183031
4203.905296 13.849915
4204.318680 14.070965
4204.732064 14.037358
4205.145448 14.103756
4205.558832 13.344080
4205.972216 12.564071
4206.385600 12.166236
4206.798984 11.501188
4207.212368 11.578829
4207.625752 12.548367
4208.039136 13.470532
4208.452520 14.032956
4208.865904 13.899682
4209.279288 13.711053
4209.692672 13.792144
4210.106056 14.369193
4210.519440 14.540972
4210.932824 14.201580
4211.346208 13.344230
4211.759592 12.954924
4212.172976 13.407696
4212.586360 14.058662
4212.999744 13.810093
4213.413128 13.593062
4213.826512 13.552777
4214.239896 13.337417
4214.653280 13.084752
4215.066664 13.168174
4215.480048 13.261742
4215.893433 13.322384
4216.306817 13.178360
4216.720201 13.254666
4217.133585 13.371259
4217.546969 13.367975
4217.960353 13.401612
4218.373737 13.755121
4218.787121 13.790110
4219.200505 13.608591
4219.613889 13.606104
4220.027273 13.653472
4220.440657 13.700842
4220.854041 13.385685
4221.267425 12.890401
4221.680809 12.778372
4222.094193 12.984787
4222.507577 13.294755
4222.920961 13.538759
4223.334345 13.376090
4223.747729 13.519735
4224.161113 13.658634
4224.574497 13.397547
4224.987881 13.111325
4225.401265 12.887772
4225.814649 12.900455
4226.228033 13.324789
4226.641417 13.518727
4227.054801 14.274675
4227.468185 14.397892
4227.881569 14.382740
4228.294953 13.908302
4228.708337 13.519370
4229.121721 13.108417
4229.535105 12.995797
4229.948489 13.161073
4230.361873 13.067121
4230.775257 13.237139
4231.188641 13.482286
4231.602025 13.560862
4232.015409 13.946884
4232.428793 13.954445
4232.842177 13.865211
4233.255561 13.331271
4233.668945 13.075558
4234.082329 12.170687
4234.495713 12.867777
4234.909097 13.572356
4235.322481 14.291503
4235.735865 14.349253
4236.149249 14.735572
4236.562633 14.218411
4236.976017 13.656063
4237.389401 13.633810
4237.802785 13.925277
4238.216169 13.734256
4238.629553 13.326921
4239.042937 13.354471
4239.456321 13.143568
4239.869705 13.218792
4240.283089 13.111349
4240.696473 13.391889
4241.109857 13.480562
4241.523241 13.147330
4241.936625 13.071472
4242.350009 13.074042
4242.763393 13.320580
4243.176777 13.773110
4243.590161 13.834175
4244.003545 14.122508
4244.416929 14.129137
4244.830313 14.043960
4245.243697 13.618860
4245.657081 13.485751
4246.070465 13.420824
4246.483849 13.451406
4246.897233 13.482936
4247.310617 13.878602
4247.724001 13.951381
4248.137385 13.662138
4248.550769 13.653505
4248.964153 13.598610
4249.377537 13.161949
4249.790921 12.783099
4250.204305 13.111027
4250.617689 13.166795
4251.031073 13.796096
4251.444457 14.611503
4251.857841 14.749587
4252.271225 14.017730
4252.684609 13.533701
4253.097993 13.534957
4253.511377 13.204792
4253.924761 13.132879
4254.338145 13.131709
4254.751529 13.172717
4255.164913 13.240065
4255.578297 13.137876
4255.991681 13.347836
4256.405065 13.470660
4256.818449 13.428914
4257.231833 13.222539
4257.645217 13.207503
4258.058601 13.025645
4258.471985 12.922374
4258.885369 13.159305
4259.298753 13.618643
4259.712137 13.447556
4260.125521 13.443141
4260.538905 13.014031
4260.952289 12.989937
4261.365673 12.554206
4261.779057 12.645146
4262.192441 12.899711
4262.605825 13.278521
4263.019209 13.669840
4263.432593 14.123084
4263.845977 13.513767
4264.259361 13.158257
4264.672745 12.984876
4265.086129 12.769218
4265.499513 13.260934
4265.912897 13.579669
4266.326281 13.933536
4266.739665 13.533765
4267.153049 13.214166
4267.566433 12.799847
4267.979817 12.532728
4268.393201 12.352080
4268.806585 12.898467
4269.219969 13.586277
4269.633353 13.426687
4270.046737 13.579166
4270.460121 12.824468
4270.873505 12.793006
4271.286889 13.102784
4271.700273 13.122068
4272.113657 13.233567
4272.527041 13.048229
4272.940425 12.788374
4273.353809 12.670886
4273.767193 12.721535
4274.180577 12.866233
4274.593961 12.926881
4275.007345 13.015688
4275.420729 13.037121
4275.834113 13.000475
4276.247497 13.068500
4276.660881 12.770073
4277.074265 12.658531
4277.487649 12.647524
4277.901033 12.765719
4278.314417 12.922004
4278.727801 12.858225
4279.141185 12.610841
4279.554569 12.836603
4279.967953 12.820323
4280.381337 12.931265
4280.794721 13.407571
4281.208105 13.469533
4281.621489 13.467962
4282.034873 13.200696
4282.448257 13.124075
4282.861641 13.515026
4283.275025 13.640007
4283.688409 13.708158
4284.101793 14.151296
4284.515177 13.909736
4284.928561 13.639600
4285.341945 13.812767
4285.755329 13.748173
4286.168713 13.548342
4286.582097 13.598322
4286.995481 13.366486
4287.408865 13.350167
4287.822249 12.993107
4288.235633 13.133367
4288.649017 13.510563
4289.062401 14.116795
4289.475785 13.831384
4289.889169 13.753418
4290.302553 13.488251
4290.715937 13.211927
4291.129321 13.405583
4291.542705 13.622279
4291.956089 13.838975
4292.369473 13.597505
4292.782857 13.483451
4293.196241 13.490864
4293.609625 13.442911
4294.023009 13.543039
4294.436393 13.696305
4294.849777 13.799279
4295.263161 13.785294
4295.676545 13.292408
4296.089929 13.414899
4296.503313 13.725764
4296.916697 14.164273
4297.330081 13.942133
4297.743465 13.805112
4298.156849 13.560436
4298.570233 13.446627
4298.983617 13.378140
4299.397001 13.466136
4299.810385 13.712324
4300.223769 13.653533
4300.637153 13.840605
4301.050537 13.874726
4301.463921 13.841383
4301.877305 13.969321
4302.290689 13.657396
4302.704073 13.380281
4303.117457 13.466981
4303.530841 13.696308
4303.944225 13.892075
4304.357609 14.092596
4304.770993 14.245575
4305.184377 14.193109
4305.597761 14.097954
4306.011145 14.216251
4306.424529 14.039757
4306.837913 14.520756
4307.251297 14.634973
4307.664681 14.604840
4308.078065 14.538975
4308.491449 14.323143
4308.904833 14.045342
4309.318217 14.217225
4309.731601 14.265598
4310.144986 14.397478
4310.558370 14.564417
4310.971754 14.548530
4311.385138 14.640015
4311.798522 14.610407
4312.211906 14.599087
4312.625290 14.478468
4313.038674 14.597669
4313.452058 14.443455
4313.865442 14.588212
4314.278826 14.757623
4314.692210 14.927037
4315.105594 14.907572
4315.518978 15.087359
4315.932362 14.875969
4316.345746 15.228445
4316.759130 15.485056
4317.172514 15.450010
4317.585898 15.240785
4317.999282 15.174323
4318.412666 15.326851
4318.826050 15.436975
4319.239434 15.485672
4319.652818 15.696373
4320.066202 15.828906
4320.479586 15.944066
4320.892970 15.904286
4321.306354 15.747298
4321.719738 15.808923
4322.133122 15.668691
4322.546506 15.980166
4322.959890 15.999270
4323.373274 16.017366
4323.786658 15.787512
4324.200042 15.830043
4324.613426 15.744133
4325.026810 15.643197
4325.440194 15.717137
4325.853578 15.887949
4326.266962 16.099207
4326.680346 16.310466
4327.093730 16.104955
4327.507114 16.294318
4327.920498 16.598609
4328.333882 17.042513
4328.747266 17.144414
4329.160650 16.924666
4329.574034 16.446737
4329.987418 16.313790
4330.400802 16.551012
4330.814186 16.758818
4331.227570 16.800423
4331.640954 17.244799
4332.054338 17.305873
4332.467722 17.182849
4332.881106 17.076646
4333.294490 17.512199
4333.707874 17.691717
4334.121258 17.771738
4334.534642 17.540181
4334.948026 17.549620
4335.361410 17.448714
4335.774794 17.447323
4336.188178 17.650258
4336.601562 17.659167
4337.014946 17.872534
4337.428330 18.140360
4337.841714 18.270653
4338.255098 18.200073
4338.668482 17.810292
4339.081866 18.230537
4339.495250 18.340786
4339.908634 18.499953
4340.322018 18.695490
4340.735402 18.657208
4341.148786 18.783715
4341.562170 18.929054
4341.975554 18.948890
4342.388938 18.890447
4342.802322 18.741283
4343.215706 18.550301
4343.629090 18.308273
4344.042474 18.450321
4344.455858 18.323793
4344.869242 18.383736
4345.282626 18.334248
4345.696010 18.115836
4346.109394 18.455495
4346.522778 18.606434
4346.936162 18.534129
4347.349546 18.569816
4347.762930 18.859901
4348.176314 18.881514
4348.589698 18.656574
4349.003082 18.533927
4349.416466 18.534754
4349.829850 18.622842
4350.243234 18.560647
4350.656618 18.114084
4351.070002 18.330836
4351.483386 18.628666
4351.896770 18.899659
4352.310154 18.360466
4352.723538 18.038293
4353.136922 18.089647
4353.550306 17.832739
4353.963690 17.724297
4354.377074 17.595921
4354.790458 17.264825
4355.203842 17.337390
4355.617226 17.583750
4356.030610 17.918679
4356.443994 17.710545
4356.857378 17.554206
4357.270762 17.764775
4357.684146 17.688295
4358.097530 17.651539
4358.510914 17.357330
4358.924298 17.261038
4359.337682 17.186068
4359.751066 17.121928
4360.164450 17.129467
4360.577834 17.407060
4360.991218 17.406980
4361.404602 17.545720
4361.817986 17.440394
4362.231370 17.862599
4362.644754 17.637787
4363.058138 17.434794
4363.471522 16.809461
4363.884906 16.736598
4364.298290 17.163340
4364.711674 16.974418
4365.125058 16.829830
4365.538442 16.220758
4365.951826 16.839026
4366.365210 16.988041
4366.778594 16.983819
4367.191978 16.531332
4367.605362 16.501279
4368.018746 16.146551
4368.432130 16.251861
4368.845514 16.117506
4369.258898 16.126276
4369.672282 16.151152
4370.085666 16.080934
4370.499050 15.937982
4370.912434 15.538487
4371.325818 15.735812
4371.739202 15.702730
4372.152586 15.687731
4372.565970 16.150386
4372.979354 15.833489
4373.392738 15.739225
4373.806122 15.740098
4374.219506 15.595615
4374.632890 15.788927
4375.046274 15.626501
4375.459658 15.558412
4375.873042 15.581216
4376.286426 15.221908
4376.699810 15.148675
4377.113194 15.158971
4377.526578 15.236061
4377.939962 15.253153
4378.353346 15.079985
4378.766730 15.097025
4379.180114 14.997801
4379.593498 14.999899
4380.006882 15.080705
4380.420266 15.178550
4380.833650 15.083303
4381.247034 14.940045
4381.660418 15.200176
4382.073802 14.995298
4382.487186 14.721366
4382.900570 14.432558
4383.313954 14.212468
4383.727338 14.241991
4384.140722 14.257685
4384.554106 14.443207
4384.967490 14.474381
4385.380874 14.184712
4385.794258 13.771689
4386.207642 13.968601
4386.621026 14.143061
4387.034410 14.545592
4387.447794 14.603682
4387.861178 14.576892
4388.274562 14.695330
4388.687946 14.241678
4389.101330 13.964864
4389.514714 13.922085
4389.928098 13.887826
4390.341482 13.906841
4390.754866 14.168026
4391.168250 14.107108
4391.581634 14.119635
4391.995018 14.277435
4392.408402 14.461931
4392.821786 14.698602
4393.235170 14.681094
4393.648554 14.293001
4394.061938 14.510163
4394.475322 14.207581
4394.888706 13.968071
4395.302090 13.867313
4395.715474 13.878292
4396.128858 13.829791
4396.542242 13.687161
4396.955626 13.800927
4397.369010 13.813941
4397.782394 13.638347
4398.195778 13.648867
4398.609162 13.496437
4399.022546 13.500383
4399.435930 13.478874
4399.849314 13.484431
4400.262698 13.387373
4400.676082 13.487985
4401.089466 13.853809
4401.502850 13.822656
4401.916234 13.789518
4402.329618 13.622322
4402.743002 13.561919
4403.156386 13.435988
4403.569770 13.595277
4403.983155 13.689949
4404.396539 13.545015
4404.809923 13.290475
4405.223307 13.271910
4405.636691 13.197917
4406.050075 13.361612
4406.463459 13.266531
4406.876843 13.408279
4407.290227 13.583253
4407.703611 13.736936
4408.116995 13.674092
4408.530379 13.766184
4408.943763 13.864314
4409.357147 13.763868
4409.770531 13.654136
4410.183915 13.587514
4410.597299 13.185807
4411.010683 13.198858
4411.424067 13.217613
4411.837451 13.088983
4412.250835 13.316037
4412.664219 13.372834
4413.077603 13.703370
4413.490987 13.764327
4413.904371 13.958050
4414.317755 13.958041
4414.731139 14.147607
4415.144523 13.822491
4415.557907 13.828670
4415.971291 13.492160
4416.384675 12.698954
4416.798059 11.939562
4417.211443 11.872680
4417.624827 12.413797
4418.038211 13.299880
4418.451595 13.450009
4418.864979 13.269701
4419.278363 13.330726
4419.691747 12.618806
4420.105131 12.266609
4420.518515 11.779703
4420.931899 12.538454
4421.345283 12.664590
4421.758667 12.910460
4422.172051 13.329455
4422.585435 13.540873
4422.998819 13.687979
4423.412203 13.562418
4423.825587 13.819351
4424.238971 13.645145
4424.652355 13.149226
4425.065739 12.394972
4425.479123 11.641374
4425.892507 11.934556
4426.305891 11.970258
4426.719275 12.178141
4427.132659 13.409100
4427.546043 13.610365
4427.959427 13.686193
4428.372811 13.049307
4428.786195 12.470833
4429.199579 12.549231
4429.612963 12.828325
4430.026347 12.892689
4430.439731 13.547208
4430.853115 13.295321
4431.266499 12.892447
4431.679883 12.342972
4432.093267 12.271308
4432.506651 12.590518
4432.920035 12.430199
4433.333419 12.835840
4433.746803 12.979242
4434.160187 12.977658
4434.573571 12.758563
4434.986955 12.490143
4435.400339 12.675677
4435.813723 12.578846
4436.227107 12.392534
4436.640491 12.552148
4437.053875 12.308401
4437.467259 12.188076
4437.880643 12.345227
4438.294027 12.565079
4438.707411 12.421431
4439.120795 12.443547
4439.534179 12.542853
4439.947563 12.438333
4440.360947 12.380139
4440.774331 12.529941
4441.187715 12.365817
4441.601099 12.405075
4442.014483 12.398679
4442.427867 12.323409
4442.841251 12.393526
4443.254635 12.457820
4443.668019 12.898868
4444.081403 12.911845
4444.494787 12.650799
4444.908171 12.570884
4445.321555 12.564601
4445.734939 12.558318
4446.148323 12.540660
4446.561707 12.644469
4446.975091 12.568988
4447.388475 13.632572
4447.801859 14.175997
4448.215243 14.622330
4448.628627 15.219675
4449.042011 15.147747
4449.455395 13.003836
4449.868779 13.207044
4450.282163 12.664572
4450.695547 10.870904
4451.108931 10.425699
4451.522315 12.074619
4451.935699 13.870732
4452.349083 13.223268
4452.762467 13.176880
4453.175851 12.939809
4453.589235 12.548925
4454.002619 12.259734
4454.416003 11.906449
4454.829387 11.927029
4455.242771 12.059388
4455.656155 13.095860
4456.069539 12.908209
4456.482923 12.916762
4456.896307 12.852312
4457.309691 13.173284
4457.723075 13.061390
4458.136459 12.658276
4458.549843 12.440407
4458.963227 12.250412
4459.376611 12.609628
4459.789995 12.867265
4460.203379 13.265832
4460.616763 12.769019
4461.030147 12.924598
4461.443531 12.685679
4461.856915 12.340953
4462.270299 12.646929
4462.683683 12.862952
4463.097067 12.752234
4463.510451 12.909964
4463.923835 12.598465
4464.337219 12.456374
4464.750603 12.301523
4465.163987 12.261817
4465.577371 12.291110
4465.990755 12.536337
4466.404139 12.701695
4466.817523 13.034581
4467.230907 12.928492
4467.644291 13.058148
4468.057675 13.168024
4468.471059 13.328704
4468.884443 13.365163
4469.297827 13.399477
4469.711211 13.445509
4470.124595 13.322289
4470.537979 12.595842
4470.951363 12.578748
4471.364747 12.626704
4471.778131 12.782501
4472.191515 13.404305
4472.604899 13.271025
4473.018283 13.246174
4473.431667 12.993258
4473.845051 12.823907
4474.258435 12.788895
4474.671819 13.004357
4475.085203 12.883290
4475.498587 12.735345
4475.911971 12.737168
4476.325355 12.984015
4476.738739 13.205686
4477.152123 13.440427
4477.565507 14.104675
4477.978891 14.180929
4478.392275 13.680280
4478.805659 13.340713
4479.219043 12.744456
4479.632427 12.250700
4480.045811 12.125764
4480.459195 11.360619
4480.872579 11.500961
4481.285963 12.174884
4481.699347 13.450429
4482.112731 13.424448
4482.526115 13.328710
4482.939499 12.995632
4483.352883 12.916315
4483.766267 13.073895
4484.179651 13.007720
4484.593035 12.620706
4485.006419 12.533289
4485.419803 12.803060
4485.833187 13.331909
4486.246571 13.305103
4486.659955 13.046045
4487.073339 13.322363
4487.486723 12.912706
4487.900107 12.240989
4488.313491 11.881340
4488.726875 12.215237
4489.140259 12.487033
4489.553643 12.440909
4489.967027 12.803823
4490.380411 12.833334
4490.793795 12.798854
4491.207179 13.226071
4491.620563 12.893630
4492.033947 13.007662
4492.447331 12.876250
4492.860715 12.658420
4493.274099 12.791407
4493.687483 13.212239
4494.100867 13.538330
4494.514251 14.184363
4494.927635 13.998605
4495.341019 13.807005
4495.754403 13.150430
4496.167787 13.336032
4496.581171 13.308323
4496.994555 12.351253
4497.407939 11.390112
4497.821324 12.411153
4498.234708 12.848440
4498.648092 12.826836
4499.061476 13.105164
4499.474860 13.520749
4499.888244 13.338795
4500.301628 13.389738
4500.715012 13.190822
4501.128396 13.291526
4501.541780 13.471243
4501.955164 13.215603
4502.368548 13.244440
4502.781932 13.174601
4503.195316 13.200791
4503.608700 13.222199
4504.022084 13.219965
4504.435468 13.507098
4504.848852 13.373921
4505.262236 13.305942
4505.675620 13.346267
4506.089004 13.706225
4506.502388 13.964285
4506.915772 13.838194
4507.329156 14.098490
4507.742540 14.149770
4508.155924 12.874495
4508.569308 12.420859
4508.982692 12.222329
4509.396076 12.562306
4509.809460 12.819809
4510.222844 12.993163
4510.636228 13.391579
4511.049612 13.488361
4511.462996 13.542098
4511.876380 13.623082
4512.289764 13.522651
4512.703148 13.264754
4513.116532 13.230746
4513.529916 13.815699
4513.943300 14.178794
4514.356684 13.523494
4514.770068 12.853323
4515.183452 12.548753
4515.596836 12.019813
4516.010220 11.620768
4516.423604 12.319386
4516.836988 12.819300
4517.250372 13.661679
4517.663756 14.025735
4518.077140 14.307690
4518.490524 13.646487
4518.903908 13.376728
4519.317292 13.422769
4519.730676 13.310896
4520.144060 13.364039
4520.557444 13.263136
4520.970828 13.692317
4521.384212 13.934872
4521.797596 13.708039
4522.210980 13.334892
4522.624364 13.170493
4523.037748 13.435960
4523.451132 13.337784
4523.864516 13.310191
4524.277900 13.274652
4524.691284 13.320791
4525.104668 13.365328
4525.518052 13.158518
4525.931436 13.093605
4526.344820 13.203279
4526.758204 13.051917
4527.171588 12.843771
4527.584972 12.926161
4527.998356 13.154226
4528.411740 13.562758
4528.825124 13.804189
4529.238508 13.960302
4529.651892 13.860227
4530.065276 13.137269
4530.478660 12.620991
4530.892044 12.734233
4531.305428 12.233547
4531.718812 11.881114
4532.132196 11.965988
4532.545580 12.262026
4532.958964 12.459125
4533.372348 12.929558
4533.785732 13.217355
4534.199116 13.685145
4534.612500 14.575722
4535.025884 14.972190
4535.439268 15.042617
4535.852652 15.359762
4536.266036 14.608688
4536.679420 13.965712
4537.092804 13.125689
4537.506188 12.605976
4537.919572 12.448684
4538.332956 12.562300
4538.746340 11.954016
4539.159724 12.549945
4539.573108 13.042846
4539.986492 13.326333
4540.399876 13.423302
4540.813260 13.131902
4541.226644 12.685480
4541.640028 12.861380
4542.053412 12.996419
4542.466796 12.579232
4542.880180 12.328871
4543.293564 12.253959
4543.706948 12.304960
4544.120332 12.629314
4544.533716 12.765827
4544.947100 12.619143
4545.360484 12.389881
4545.773868 12.173068
4546.187252 11.803497
4546.600636 11.918200
4547.014020 12.260638
4547.427404 12.463031
4547.840788 12.308024
4548.254172 12.585175
4548.667556 12.353165
4549.080940 11.932041
4549.494324 11.735548
4549.907708 11.439844
4550.321092 11.545884
4550.734476 11.605975
4551.147860 11.758209
4551.561244 12.386541
4551.974628 12.461481
4552.388012 12.532039
4552.801396 12.698702
4553.214780 12.731549
4553.628164 12.764396
4554.041548 13.215294
4554.454932 13.240264
4554.868316 13.361134
4555.281700 13.502748
4555.695084 13.638846
4556.108468 13.584292
4556.521852 13.748587
4556.935236 13.455061
4557.348620 13.512875
4557.762004 13.546868
4558.175388 13.077553
4558.588772 12.760269
4559.002156 12.705117
4559.415540 13.133682
4559.828924 13.315994
4560.242308 13.399943
4560.655692 13.563331
4561.069076 13.737644
4561.482460 13.882011
4561.895844 13.555274
4562.309228 13.217701
4562.722612 12.619529
4563.135996 12.890198
4563.549380 12.784260
4563.962764 12.957929
4564.376148 12.920512
4564.789532 13.072731
4565.202916 13.388608
4565.616300 12.858323
4566.029684 12.790647
4566.443068 12.956379
4566.856452 13.131531
4567.269836 13.197813
4567.683220 13.149698
4568.096604 13.040111
4568.509988 12.746940
4568.923372 12.767239
4569.336756 12.829520
4569.750140 13.035136
4570.163524 13.296792
4570.576908 13.282740
4570.990292 13.027085
4571.403676 12.811310
4571.817060 12.655850
4572.230444 12.609726
4572.643828 12.867424
4573.057212 12.989401
4573.470596 13.415208
4573.883980 13.436775
4574.297364 13.388234
4574.710748 13.204152
4575.124132 13.158509
4575.537516 13.045980
4575.950900 13.168009
4576.364284 13.029174
4576.777668 13.203514
4577.191052 13.058323
4577.604436 13.040432
4578.017820 13.124182
4578.431204 13.007671
4578.844588 13.031907
4579.257972 12.971743
4579.671356 13.010897
4580.084740 12.912464
4580.498124 12.998450
4580.911508 12.836186
4581.324892 13.001406
4581.738276 13.094025
4582.151660 13.199896
4582.565044 13.255349
4582.978428 12.895547
4583.391812 12.877614
4583.805196 12.713125
4584.218580 12.808985
4584.631964 12.661643
4585.045348 12.914798
4585.458732 13.030258
4585.872116 13.227983
4586.285500 13.041520
4586.698884 12.789602
4587.112268 13.171510
4587.525652 13.086590
4587.939036 12.843437
4588.352420 12.899119
4588.765804 12.893633
4589.179188 12.985865
4589.592572 13.262612
4590.005956 13.303133
4590.419340 13.225183
4590.832724 13.230381
4591.246108 12.880352
4591.659492 13.083239
4592.072877 13.177092
4592.486261 13.175091
4592.899645 12.897931
4593.313029 12.625295
4593.726413 12.468965
4594.139797 12.862440
4594.553181 13.104364
4594.966565 13.245123
4595.379949 13.128165
4595.793333 12.987636
4596.206717 12.883836
4596.620101 12.762873
4597.033485 12.633582
4597.446869 12.413445
4597.860253 12.581775
4598.273637 12.625408
4598.687021 12.688149
4599.100405 12.753282
4599.513789 12.664462
4599.927173 12.672304
4600.340557 12.432724
4600.753941 12.215267
4601.167325 12.383701
4601.580709 12.439518
4601.994093 12.340411
4602.407477 12.304783
4602.820861 12.514295
4603.234245 12.500390
4603.647629 12.310383
4604.061013 12.514194
4604.474397 12.355640
4604.887781 12.374771
4605.301165 12.577820
4605.714549 12.264280
4606.127933 12.482174
4606.541317 12.291132
4606.954701 12.136355
4607.368085 12.338009
4607.781469 12.168776
4608.194853 12.220730
4608.608237 12.347234
4609.021621 12.475600
4609.435005 12.692879
4609.848389 12.597913
4610.261773 12.330571
4610.675157 12.226817
4611.088541 12.108400
4611.501925 12.175001
4611.915309 12.219887
4612.328693 12.217920
4612.742077 12.311051
4613.155461 12.515564
4613.568845 12.745801
4613.982229 12.873043
4614.395613 12.821242
4614.808997 12.677102
4615.222381 12.401571
4615.635765 12.391219
4616.049149 12.245918
4616.462533 12.608133
4616.875917 12.595695
4617.289301 12.686332
4617.702685 12.428986
4618.116069 12.512377
4618.529453 12.573991
4618.942837 12.398755
4619.356221 12.498644
4619.769605 12.270018
4620.182989 12.269482
4620.596373 12.174204
4621.009757 12.015996
4621.423141 12.023459
4621.836525 12.001540
4622.249909 12.238192
4622.663293 12.290179
4623.076677 12.350515
4623.490061 12.472595
4623.903445 12.238231
4624.316829 12.094599
4624.730213 12.315435
4625.143597 12.602934
4625.556981 12.553202
4625.970365 12.694750
4626.383749 12.298916
4626.797133 12.183824
4627.210517 12.257822
4627.623901 12.513983
4628.037285 12.569980
4628.450669 12.666487
4628.864053 12.641832
4629.277437 12.535917
4629.690821 12.704860
4630.104205 12.761002
4630.517589 12.920971
4630.930973 12.991900
4631.344357 12.799176
4631.757741 12.934987
4632.171125 12.755349
4632.584509 12.582277
4632.997893 12.437236
4633.411277 12.371022
4633.824661 12.671060
4634.238045 12.787240
4634.651429 12.658601
4635.064813 12.652483
4635.478197 12.402208
4635.891581 12.298117
4636.304965 12.528188
4636.718349 12.421422
4637.131733 12.587069
4637.545117 12.501511
4637.958501 12.484699
4638.371885 12.458175
4638.785269 12.445241
4639.198653 12.678440
4639.612037 12.749118
4640.025421 12.720588
4640.438805 13.028757
4640.852189 13.006486
4641.265573 13.046804
4641.678957 13.191956
4642.092341 13.219886
4642.505725 13.018783
4642.919109 12.764163
4643.332493 12.527119
4643.745877 12.342537
4644.159261 12.210096
4644.572645 12.479880
4644.986029 12.343067
4645.399413 11.992606
4645.812797 11.760332
4646.226181 12.117456
4646.639565 12.444686
4647.052949 12.658160
4647.466333 12.730946
4647.879717 13.084170
4648.293101 12.942642
4648.706485 12.989097
4649.119869 13.049185
4649.533253 12.925704
4649.946637 12.658512
4650.360021 12.470368
4650.773405 12.444515
4651.186789 12.527260
4651.600173 12.290467
4652.013557 12.507430
4652.426941 12.477588
4652.840325 12.356807
4653.253709 12.236023
4653.667093 12.329906
4654.080477 12.306082
4654.493861 12.365915
4654.907245 12.552439
4655.320629 12.691108
4655.734013 12.543218
4656.147397 12.463692
4656.560781 12.426796
4656.974165 12.383830
4657.387549 12.221618
4657.800933 12.220319
4658.214317 12.197567
4658.627701 12.096104
4659.041085 12.362340
4659.454469 12.634721
4659.867853 12.644555
4660.281237 12.658010
4660.694621 12.671468
4661.108005 12.510898
4661.521389 12.138603
4661.934773 12.040225
4662.348157 12.157836
4662.761541 12.292446
4663.174925 12.421765
4663.588309 12.535749
4664.001693 12.647545
4664.415077 12.647024
4664.828461 12.722068
4665.241845 12.764301
4665.655229 12.757837
4666.068613 12.720548
4666.481997 12.560266
4666.895381 12.417575
4667.308765 12.182941
4667.722149 12.022111
4668.135533 12.113149
4668.548917 12.025242
4668.962301 11.953988
4669.375685 12.136094
4669.789069 12.328678
4670.202453 12.630405
4670.615837 12.704106
4671.029221 12.482187
4671.442605 12.373580
4671.855989 12.326402
4672.269373 12.197937
4672.682757 12.138156
4673.096141 12.380911
4673.509525 12.623665
4673.922909 12.795950
4674.336293 12.795726
4674.749677 12.712510
4675.163061 12.680395
4675.576445 12.669841
4675.989829 12.462963
4676.403213 12.477647
4676.816597 12.609178
4677.229981 12.550797
4677.643365 12.676029
4678.056749 12.601623
4678.470133 12.472426
4678.883517 12.461042
4679.296901 12.386508
4679.710285 12.331365
4680.123669 12.445590
4680.537053 12.475805
4680.950437 12.535274
4681.363821 12.551452
4681.777205 12.582293
4682.190589 12.406782
4682.603973 12.490195
4683.017357 12.513866
4683.430741 12.480603
4683.844125 12.433137
4684.257509 12.624302
4684.670893 12.424633
4685.084277 12.143588
4685.497661 11.993127
4685.911046 12.307525
4686.324430 12.352527
4686.737814 12.499545
4687.151198 12.303671
4687.564582 12.368997
4687.977966 12.252026
4688.391350 12.133402
4688.804734 12.295951
4689.218118 12.723520
4689.631502 12.974763
4690.044886 13.206799
4690.458270 13.970338
4690.871654 14.059608
4691.285038 13.340480
4691.698422 11.452417
4692.111806 11.352850
4692.525190 11.681441
4692.938574 11.880602
4693.351958 12.461618
4693.765342 12.658090
4694.178726 12.980765
4694.592110 11.294917
4695.005494 9.254552
4695.418878 8.787706
4695.832262 8.836761
4696.245646 9.407754
4696.659030 10.331573
4697.072414 11.302030
4697.485798 12.086270
4697.899182 12.878603
4698.312566 13.191564
4698.725950 13.459690
4699.139334 13.061331
4699.552718 12.750212
4699.966102 11.425180
4700.379486 9.490496
4700.792870 8.600290
4701.206254 8.771558
4701.619638 10.338723
4702.033022 10.939784
4702.446406 11.307713
4702.859790 11.918415
4703.273174 12.078390
4703.686558 11.866553
4704.099942 11.920780
4704.513326 12.414379
4704.926710 12.598456
4705.340094 12.328479
4705.753478 11.994965
4706.166862 11.734798
4706.580246 11.500165
4706.993630 11.244044
4707.407014 11.474695
4707.820398 11.733052
4708.233782 11.886462
4708.647166 11.898471
4709.060550 12.406886
4709.473934 12.159818
4709.887318 11.672790
4710.300702 10.806678
4710.714086 10.926550
4711.127470 11.085015
4711.540854 11.058311
4711.954238 11.284583
4712.367622 11.757109
4712.781006 11.895901
4713.194390 12.489901
4713.607774 12.078050
4714.021158 12.200743
4714.434542 11.881996
4714.847926 11.809137
4715.261310 11.858606
4715.674694 11.378057
4716.088078 11.513846
4716.501462 11.683613
4716.914846 12.012314
4717.328230 12.071127
4717.741614 11.869371
4718.154998 11.838522
4718.568382 11.704279
4718.981766 11.624595
4719.395150 11.745869
4719.808534 11.914334
4720.221918 12.235517
4720.635302 12.033596
4721.048686 11.968635
4721.462070 11.657193
4721.875454 11.554116
4722.288838 11.455046
4722.702222 11.896400
4723.115606 12.500099
4723.528990 13.285932
4723.942374 13.374148
4724.355758 13.881913
4724.769142 13.634469
4725.182526 14.109173
4725.595910 13.690641
4726.009294 13.468102
4726.422678 13.214362
4726.836062 11.647280
4727.249446 11.746608
4727.662830 11.113656
4728.076214 10.929800
4728.489598 11.195846
4728.902982 10.683293
4729.316366 11.520813
4729.729750 10.458208
4730.143134 10.685624
4730.556518 11.097208
4730.969902 11.560316
4731.383286 11.545777
4731.796670 11.462717
4732.210054 11.438576
4732.623438 11.155166
4733.036822 11.048063
4733.450206 11.127362
4733.863590 11.388381
4734.276974 11.825156
4734.690358 11.814286
4735.103742 11.731140
4735.517126 11.723834
4735.930510 11.957885
4736.343894 11.806024
4736.757278 12.119166
4737.170662 12.437481
4737.584046 12.467053
4737.997430 11.868924
4738.410814 11.165848
4738.824198 10.708156
4739.237582 10.858653
4739.650966 10.603513
4740.064350 11.334978
4740.477734 11.972733
4740.891118 12.007731
4741.304502 11.948069
4741.717886 12.080287
4742.131270 11.904969
4742.544654 11.467526
4742.958038 11.293321
4743.371422 11.112397
4743.784806 11.015195
4744.198190 11.199005
4744.611574 11.092775
4745.024958 11.209626
4745.438342 11.361548
4745.851726 11.813965
4746.265110 12.542740
4746.678494 12.155802
4747.091878 12.043442
4747.505262 11.771431
4747.918646 11.275773
4748.332030 10.336545
4748.745414 9.942778
4749.158798 9.736293
4749.572182 9.658927
4749.985566 9.987885
4750.398950 11.179729
4750.812334 11.924058
4751.225718 11.954987
4751.639102 11.944344
4752.052486 11.689152
4752.465870 11.096589
4752.879254 10.855023
4753.292638 10.833946
4753.706022 11.283992
4754.119406 11.336969
4754.532790 11.632811
4754.946174 11.880948
4755.359558 12.597102
4755.772942 12.862155
4756.186326 13.382104
4756.599710 13.193687
4757.013094 12.968501
4757.426478 11.989580
4757.839862 9.746295
4758.253246 7.477378
4758.666630 6.841819
4759.080014 7.462845
4759.493398 7.072663
4759.906782 8.342423
4760.320166 9.030962
4760.733550 9.279623
4761.146934 10.056079
4761.560318 11.219503
4761.973702 11.449017
4762.387086 11.531878
4762.800470 10.853105
4763.213854 11.283012
4763.627238 11.388810
4764.040622 11.536253
4764.454006 11.300857
4764.867390 11.208682
4765.280774 11.669123
4765.694158 12.373261
4766.107542 12.639755
4766.520926 12.465172
4766.934310 11.952937
4767.347694 11.292273
4767.761078 11.275607
4768.174462 10.152628
4768.587846 9.518405
4769.001230 9.887075
4769.414614 9.910538
4769.827998 10.405446
4770.241382 10.810140
4770.654766 10.779480
4771.068150 11.181812
4771.481534 11.217790
4771.894918 11.325242
4772.308302 11.163839
4772.721686 10.955475
4773.135070 10.819275
4773.548454 10.626961
4773.961838 11.079299
4774.375222 11.873237
4774.788606 12.619002
4775.201990 13.106907
4775.615374 13.375830
4776.028758 13.164617
4776.442142 11.560513
4776.855526 9.879327
4777.268910 9.365377
4777.682294 9.314434
4778.095678 8.860528
4778.509062 10.494958
4778.922446 11.018289
4779.335830 11.648159
4779.749214 11.127674
4780.162599 10.989897
4780.575983 10.829421
4780.989367 10.826284
4781.402751 10.562793
4781.816135 10.791152
4782.229519 11.032372
4782.642903 11.081722
4783.056287 11.125150
4783.469671 10.972992
4783.883055 10.963263
4784.296439 11.273877
4784.709823 11.486857
4785.123207 11.650490
4785.536591 11.514278
4785.949975 11.538964
4786.363359 11.202883
4786.776743 10.814107
4787.190127 11.371712
4787.603511 12.094863
4788.016895 12.516587
4788.430279 12.478293
4788.843663 11.954227
4789.257047 11.482252
4789.670431 9.869496
4790.083815 8.994115
4790.497199 9.571176
4790.910583 9.882302
4791.323967 10.371842
4791.737351 11.015734
4792.150735 11.574418
4792.564119 11.946519
4792.977503 12.107166
4793.390887 11.519661
4793.804271 11.122488
4794.217655 11.150994
4794.631039 11.486119
4795.044423 11.562136
4795.457807 11.624576
4795.871191 11.530107
4796.284575 12.559059
4796.697959 12.483097
4797.111343 12.567686
4797.524727 12.198648
4797.938111 12.011848
4798.351495 11.249647
4798.764879 10.309699
4799.178263 9.961129
4799.591647 9.996273
4800.005031 10.877773
4800.418415 10.996979
4800.831799 11.215750
4801.245183 11.916298
4801.658567 11.823290
4802.071951 11.589864
4802.485335 11.804949
4802.898719 11.776134
4803.312103 11.688634
4803.725487 11.528671
4804.138871 11.578532
4804.552255 11.530515
4804.965639 11.868783
4805.379023 11.777662
4805.792407 11.978376
4806.205791 11.937604
4806.619175 11.802896
4807.032559 12.207841
4807.445943 11.775919
4807.859327 11.723270
4808.272711 11.694234
4808.686095 11.709147
4809.099479 11.855751
4809.512863 11.720390
4809.926247 11.753507
4810.339631 12.019945
4810.753015 11.718108
4811.166399 11.364538
4811.579783 11.749025
4811.993167 11.731183
4812.406551 11.832692
4812.819935 12.552831
4813.233319 12.784973
4813.646703 12.964693
4814.060087 12.718894
4814.473471 12.318657
4814.886855 12.238633
4815.300239 11.603882
4815.713623 11.292539
4816.127007 11.553528
4816.540391 11.534862
4816.953775 12.094762
4817.367159 12.796128
4817.780543 12.458475
4818.193927 12.071063
4818.607311 12.059703
4819.020695 12.789468
4819.434079 13.074293
4819.847463 13.388648
4820.260847 13.707113
4820.674231 14.252406
4821.087615 14.533329
4821.500999 14.084196
4821.914383 12.749988
4822.327767 11.275470
4822.741151 11.127144
4823.154535 11.343179
4823.567919 10.880956
4823.981303 11.929639
4824.394687 14.074858
4824.808071 13.800853
4825.221455 13.305749
4825.634839 13.196180
4826.048223 13.388966
4826.461607 13.429358
4826.874991 13.638920
4827.288375 13.607357
4827.701759 13.620689
4828.115143 13.729909
4828.528527 13.450668
4828.941911 13.733104
4829.355295 13.757946
4829.768679 13.937816
4830.182063 14.074816
4830.595447 14.017455
4831.008831 14.334318
4831.422215 14.274408
4831.835599 14.121561
4832.248983 14.261787
4832.662367 14.196354
4833.075751 14.460013
4833.489135 14.675215
4833.902519 14.651951
4834.315903 15.110878
4834.729287 15.255325
4835.142671 15.068632
4835.556055 14.962525
4835.969439 15.133609
4836.382823 15.316414
4836.796207 15.662169
4837.209591 15.663119
4837.622975 15.767210
4838.036359 15.846598
4838.449743 15.935678
4838.863127 16.134153
4839.276511 15.973650
4839.689895 16.086721
4840.103279 16.593524
4840.516663 16.806991
4840.930047 16.980097
4841.343431 17.036757
4841.756815 17.339923
4842.170199 17.552349
4842.583583 17.848948
4842.996967 17.082207
4843.410351 17.212234
4843.823735 17.419822
4844.237119 17.278568
4844.650503 17.504396
4845.063887 18.023809
4845.477271 17.906511
4845.890655 18.072586
4846.304039 18.090167
4846.717423 18.319657
4847.130807 18.441615
4847.544191 18.845184
4847.957575 18.874686
4848.370959 18.886036
4848.784343 18.468117
4849.197727 18.528563
4849.611111 18.648909
4850.024495 17.816404
4850.437879 17.610626
4850.851263 17.988674
4851.264647 18.651725
4851.678031 19.119628
4852.091415 19.752671
4852.504799 19.715147
4852.918183 19.942599
4853.331567 20.404228
4853.744951 20.567742
4854.158335 20.691140
4854.571719 20.617438
4854.985103 20.713463
4855.398487 20.638968
4855.811871 20.466818
4856.225255 20.836546
4856.638639 21.002124
4857.052023 20.829313
4857.465407 20.876255
4857.878791 20.930313
4858.292175 20.963874
4858.705559 21.110168
4859.118943 21.193473
4859.532327 20.946562
4859.945711 21.431259
4860.359095 21.231038
4860.772479 21.902247
4861.185863 22.154461
4861.599247 22.202442
4862.012631 22.617892
4862.426015 22.693560
4862.839399 22.704077
4863.252783 22.483346
4863.666167 22.157923
4864.079551 22.392376
4864.492935 22.253817
4864.906319 22.345369
4865.319703 22.662263
4865.733087 22.566186
4866.146471 22.392752
4866.559855 22.367261
4866.973239 22.563827
4867.386623 22.448710
4867.800007 22.398429
4868.213391 22.192167
4868.626775 22.046008
4869.040159 21.774949
4869.453543 21.156659
4869.866927 21.037633
4870.280311 21.035746
4870.693695 20.629714
4871.107079 20.934314
4871.520463 21.265585
4871.933847 21.018520
4872.347231 21.050586
4872.760615 20.627551
4873.173999 19.488221
4873.587383 18.832707
4874.000768 18.916983
4874.414152 19.161518
4874.827536 19.348927
4875.240920 19.360838
4875.654304 18.722678
4876.067688 18.813082
4876.481072 19.358871
4876.894456 19.060067
4877.307840 18.925411
4877.721224 18.945315
4878.134608 19.210577
4878.547992 18.988430
4878.961376 18.986663
4879.374760 18.768346
4879.788144 18.433061
4880.201528 18.310454
4880.614912 17.840955
4881.028296 17.383272
4881.441680 17.059911
4881.855064 16.971529
4882.268448 17.425594
4882.681832 17.317728
4883.095216 17.533386
4883.508600 17.819961
4883.921984 17.587304
4884.335368 17.124480
4884.748752 17.135769
4885.162136 17.072256
4885.575520 17.254829
4885.988904 17.111662
4886.402288 17.381829
4886.815672 17.266424
4887.229056 17.220425
4887.642440 17.179577
4888.055824 17.202244
4888.469208 17.035029
4888.882592 16.674057
4889.295976 15.705956
4889.709360 15.346298
4890.122744 15.238766
4890.536128 15.131985
4890.949512 14.678536
4891.362896 14.800754
4891.776280 14.722282
4892.189664 15.512814
4892.603048 15.843605
4893.016432 15.610071
4893.429816 15.851444
4893.843200 15.510912
4894.256584 15.356662
4894.669968 15.182349
4895.083352 15.202096
4895.496736 14.819594
4895.910120 14.923220
4896.323504 15.036974
4896.736888 15.530154
4897.150272 15.499819
4897.563656 15.745977
4897.977040 16.182482
4898.390424 16.157536
4898.803808 15.943098
4899.217192 15.257598
4899.630576 14.411233
4900.043960 14.450707
4900.457344 12.937410
4900.870728 12.669838
4901.284112 13.198316
4901.697496 13.327525
4902.110880 13.540453
4902.524264 13.827965
4902.937648 14.151559
4903.351032 14.367781
4903.764416 14.150659
4904.177800 14.069641
4904.591184 14.175409
4905.004568 14.123225
4905.417952 14.099826
4905.831336 14.319028
4906.244720 14.462547
4906.658104 14.465139
4907.071488 14.337290
4907.484872 14.330624
4907.898256 13.748069
4908.311640 13.893610
4908.725024 13.750073
4909.138408 13.258703
4909.551792 13.098066
4909.965176 13.305072
4910.378560 13.807948
4910.791944 13.816581
4911.205328 14.163507
4911.618712 13.747699
4912.032096 13.520311
4912.445480 13.646389
4912.858864 13.720014
4913.272248 13.852721
4913.685632 13.571961
4914.099016 13.487595
4914.512400 13.317035
4914.925784 13.280923
4915.339168 13.454185
4915.752552 13.556120
4916.165936 13.499151
4916.579320 13.571679
4916.992704 13.460021
4917.406088 13.553770
4917.819472 13.717756
4918.232856 13.635097
4918.646240 13.511552
4919.059624 13.703192
4919.473008 13.476064
4919.886392 13.400405
4920.299776 13.335282
4920.713160 13.242341
4921.126544 13.256148
4921.539928 13.235942
4921.953312 13.403233
4922.366696 13.422282
4922.780080 13.281536
4923.193464 13.196321
4923.606848 13.110592
4924.020232 12.988356
4924.433616 12.906113
4924.847000 13.031193
4925.260384 13.166033
4925.673768 13.167224
4926.087152 13.231941
4926.500536 13.356159
4926.913920 13.069581
4927.327304 12.988932
4927.740688 12.923220
4928.154072 12.985663
4928.567456 13.005815
4928.980840 13.094849
4929.394224 13.193849
4929.807608 13.225134
4930.220992 13.297913
4930.634376 13.058789
4931.047760 13.121578
4931.461144 13.123603
4931.874528 13.405472
4932.287912 13.503443
4932.701296 13.943055
4933.114680 14.071118
4933.528064 14.528915
4933.941448 13.847587
4934.354832 12.997157
4934.768216 11.948244
4935.181600 12.450835
4935.594984 11.329458
4936.008368 10.551293
4936.421752 10.291622
4936.835136 10.673716
4937.248520 11.202178
4937.661904 12.311360
4938.075288 12.572103
4938.488672 12.915132
4938.902056 12.658862
4939.315440 12.578475
4939.728824 12.314852
4940.142208 11.929152
4940.555592 11.808794
4940.968976 11.856440
4941.382360 12.199984
4941.795744 12.535243
4942.209128 12.884614
4942.622512 12.924329
4943.035896 13.101730
4943.449280 13.342030
4943.862664 13.778159
4944.276048 13.297502
4944.689432 12.965300
4945.102816 13.392119
4945.516200 13.278515
4945.929584 13.164139
4946.342968 13.340637
4946.756352 13.250778
4947.169736 13.048321
4947.583120 13.262346
4947.996504 13.561126
4948.409888 13.508749
4948.823272 14.213855
4949.236656 14.397487
4949.650040 14.514737
4950.063424 14.413617
4950.476808 14.571090
4950.890192 14.352831
4951.303576 14.154941
4951.716960 14.049471
4952.130344 14.480429
4952.543728 14.501263
4952.957112 14.489212
4953.370496 14.644537
4953.783880 14.688039
4954.197264 14.645670
4954.610648 15.142015
4955.024032 15.344733
4955.437416 15.142098
4955.850800 15.227404
4956.264184 15.152305
4956.677568 15.137349
4957.090952 15.263437
4957.504336 15.345229
4957.917720 15.484612
4958.331104 15.827803
4958.744488 15.890638
4959.157872 15.610065
4959.571256 15.531585
4959.984640 15.533006
4960.398024 15.672248
4960.811408 15.749905
4961.224792 16.019596
4961.638176 15.834583
4962.051560 15.780356
4962.464944 15.607703
4962.878328 15.366618
4963.291712 14.920062
4963.705096 14.035413
4964.118480 13.423838
4964.531864 13.480819
4964.945248 13.149741
4965.358632 12.146039
4965.772016 12.280581
4966.185400 12.202903
4966.598784 12.256916
4967.012168 12.183493
4967.425552 12.241629
4967.838936 12.051664
4968.252321 12.449156
4968.665705 12.635297
4969.079089 12.637184
4969.492473 12.437781
4969.905857 12.259204
4970.319241 12.211095
4970.732625 12.437077
4971.146009 12.577991
4971.559393 12.411065
4971.972777 12.492624
4972.386161 12.358688
4972.799545 12.464762
4973.212929 12.925922
4973.626313 12.989710
4974.039697 12.972959
4974.453081 13.318778
4974.866465 13.090848
4975.279849 12.363458
4975.693233 11.715623
4976.106617 10.115223
4976.520001 9.793035
4976.933385 8.914544
4977.346769 9.026147
4977.760153 9.890197
4978.173537 10.850719
4978.586921 10.411971
4979.000305 10.185974
4979.413689 10.757785
4979.827073 11.278983
4980.240457 11.487568
4980.653841 11.677759
4981.067225 11.765111
4981.480609 11.595406
4981.893993 11.567004
4982.307377 11.474643
4982.720761 11.540434
4983.134145 11.813058
4983.547529 11.944004
4983.960913 11.948520
4984.374297 12.088276
4984.787681 12.510671
4985.201065 12.566215
4985.614449 12.502868
4986.027833 13.126504
4986.441217 13.157320
4986.854601 12.785917
4987.267985 12.887873
4987.681369 12.827213
4988.094753 12.554167
4988.508137 12.490915
4988.921521 12.407774
4989.334905 11.975687
4989.748289 12.103453
4990.161673 12.343012
4990.575057 13.127111
4990.988441 13.572509
4991.401825 13.717223
4991.815209 13.686573
4992.228593 14.058646
4992.641977 14.383686
4993.055361 14.634994
4993.468745 14.534965
4993.882129 15.292016
4994.295513 15.942402
4994.708897 16.778455
4995.122281 17.063862
4995.535665 17.553081
4995.949049 18.285958
4996.362433 18.145767
4996.775817 18.004172
4997.189201 17.558072
4997.602585 18.450768
4998.015969 19.631421
4998.429353 19.037131
4998.842737 17.998272
4999.256121 17.171976
4999.669505 15.681797
5000.082889 15.929998
5000.496273 16.679761
5000.909657 17.235841
5001.323041 18.253182
5001.736425 19.537354
5002.149809 19.882744
5002.563193 20.661430
5002.976577 21.334792
5003.389961 21.374805
5003.803345 22.166813
5004.216729 21.914829
5004.630113 22.139156
5005.043497 22.877348
5005.456881 23.258144
5005.870265 23.511933
5006.283649 24.082185
5006.697033 24.451238
5007.110417 24.808631
5007.523801 24.630428
5007.937185 24.676874
5008.350569 25.096582
5008.763953 25.205900
5009.177337 24.982096
5009.590721 24.371088
5010.004105 24.013850
5010.417489 23.604190
5010.830873 22.830719
5011.244257 22.059119
5011.657641 21.580402
5012.071025 21.075278
5012.484409 19.939848
5012.897793 19.228933
5013.311177 18.374512
5013.724561 16.711364
5014.137945 14.968961
5014.551329 12.384654
5014.964713 9.916460
5015.378097 10.837417
5015.791481 11.455897
5016.204865 13.221837
5016.618249 15.359732
5017.031633 15.566781
5017.445017 16.562344
5017.858401 16.874563
5018.271785 17.692630
5018.685169 16.278296
5019.098553 14.719124
5019.511937 14.305846
5019.925321 13.806656
5020.338705 13.618860
5020.752089 13.978352
5021.165473 13.544583
5021.578857 12.657875
5021.992241 11.363545
5022.405625 11.145139
5022.819009 10.452373
5023.232393 10.723320
5023.645777 10.565884
5024.059161 11.323591
5024.472545 11.580128
5024.885929 12.551410
5025.299313 12.958395
5025.712697 12.553137
5026.126081 12.381376
5026.539465 12.163139
5026.952849 12.227037
5027.366233 12.040905
5027.779617 11.747383
5028.193001 11.215639
5028.606385 11.326373
5029.019769 11.083312
5029.433153 10.964142
5029.846537 10.724337
5030.259921 10.899974
5030.673305 11.234863
5031.086689 11.245132
5031.500073 11.678800
5031.913457 11.802501
5032.326841 11.593647
5032.740225 11.391720
5033.153609 11.148399
5033.566993 11.439367
5033.980377 11.395320
5034.393761 11.428148
5034.807145 11.309637
5035.220529 11.415579
5035.633913 11.291375
5036.047297 11.449669
5036.460681 11.475406
5036.874065 11.502766
5037.287449 11.395733
5037.700833 11.534847
5038.114217 11.519621
5038.527601 11.645803
5038.940985 11.409121
5039.354369 11.454617
5039.767753 11.315788
5040.181137 11.161563
5040.594521 10.738080
5041.007905 10.336386
5041.421289 10.131505
5041.834673 10.148118
5042.248057 9.878840
5042.661441 9.753338
5043.074825 9.942977
5043.488209 10.329977
5043.901593 10.920521
5044.314977 11.531593
5044.728361 11.843004
5045.141745 12.039561
5045.555129 11.851002
5045.968513 10.916501
5046.381897 10.378962
5046.795281 9.720274
5047.208665 9.972121
5047.622049 9.271784
5048.035433 9.002190
5048.448817 7.400092
5048.862201 6.834721
5049.275585 6.873710
5049.688969 7.923665
5050.102353 8.512071
5050.515737 9.219732
5050.929121 9.809519
5051.342505 10.307549
5051.755889 10.491527
5052.169273 10.888140
5052.582657 10.321350
5052.996041 10.489689
5053.409425 9.943743
5053.822809 10.202158
5054.236193 9.695582
5054.649577 9.195249
5055.062961 8.608715
5055.476345 7.987992
5055.889729 8.833346
5056.303113 8.887263
5056.716497 9.511499
5057.129881 9.930595
5057.543265 10.613819
5057.956649 10.867712
5058.370033 10.212345
5058.783417 9.606259
5059.196801 9.750734
5059.610185 10.404141
5060.023569 10.791998
5060.436953 10.515474
5060.850337 10.652933
5061.263721 10.812707
5061.677105 10.380622
5062.090490 10.600330
5062.503874 10.540460
5062.917258 10.287520
5063.330642 10.497216
5063.744026 10.350723
5064.157410 9.726643
5064.570794 9.832891
5064.984178 9.936716
5065.397562 9.944338
5065.810946 9.843169
5066.224330 10.129979
5066.637714 10.324196
5067.051098 10.282456
5067.464482 10.370810
5067.877866 10.402162
5068.291250 10.097718
5068.704634 10.368681
5069.118018 10.547365
5069.531402 10.753830
5069.944786 10.773635
5070.358170 10.761246
5070.771554 10.399619
5071.184938 10.119913
5071.598322 9.555347
5072.011706 9.429048
5072.425090 9.275034
5072.838474 8.613046
5073.251858 8.946627
5073.665242 9.210235
5074.078626 9.352093
5074.492010 9.491593
5074.905394 9.591080
5075.318778 9.529427
5075.732162 9.423433
5076.145546 9.515534
5076.558930 9.539331
5076.972314 8.732082
5077.385698 8.432705
5077.799082 8.728252
5078.212466 8.956584
5078.625850 9.316113
5079.039234 9.988673
5079.452618 10.935271
5079.866002 11.585480
5080.279386 11.374080
5080.692770 11.288918
5081.106154 11.410763
5081.519538 11.740138
5081.932922 10.547831
5082.346306 10.547868
5082.759690 10.134783
5083.173074 8.588738
5083.586458 7.171558
5083.999842 7.641551
5084.413226 6.942060
5084.826610 6.461029
5085.239994 7.429639
5085.653378 8.771184
5086.066762 9.228671
5086.480146 8.966412
5086.893530 8.745221
5087.306914 9.136270
5087.720298 9.178605
5088.133682 9.297447
5088.547066 9.403484
5088.960450 9.412236
5089.373834 9.744555
5089.787218 9.708709
5090.200602 9.646517
5090.613986 9.834398
5091.027370 9.979338
5091.440754 10.315882
5091.854138 10.368791
5092.267522 10.378349
5092.680906 9.994634
5093.094290 9.991102
5093.507674 9.754637
5093.921058 9.323833
5094.334442 8.857517
5094.747826 7.851768
5095.161210 7.594701
5095.574594 7.860202
5095.987978 8.866781
5096.401362 8.867090
5096.814746 9.330735
5097.228130 9.203082
5097.641514 9.269091
5098.054898 9.242261
5098.468282 9.270237
5098.881666 9.777628
5099.295050 10.268606
5099.708434 10.477469
5100.121818 11.000000
5100.535202 11.189287
5100.948586 11.153092
5101.361970 11.333679
5101.775354 11.328064
5102.188738 11.681144
5102.602122 13.377625
5103.015506 13.724897
5103.428890 13.518776
5103.842274 10.015935
5104.255658 9.892154
5104.669042 7.275503
5105.082426 5.839419
5105.495810 6.375827
5105.909194 6.343985
5106.322578 7.329154
5106.735962 8.114297
5107.149346 8.346302
5107.562730 8.536821
5107.976114 9.036471
5108.389498 9.199688
5108.802882 8.899398
5109.216266 8.875257
5109.629650 9.024863
5110.043034 9.091356
5110.456418 9.009497
5110.869802 9.184701
5111.283186 9.157583
5111.696570 9.122040
5112.109954 8.979940
5112.523338 9.458029
5112.936722 9.460030
5113.350106 9.838739
5113.763490 9.450998
5114.176874 9.395785
5114.590258 9.644630
5115.003642 9.363796
5115.417026 9.196866
5115.830410 10.087964
5116.243794 10.234052
5116.657178 9.932601
5117.070562 9.644330
5117.483946 9.284127
5117.897330 9.544153
5118.310714 9.092324
5118.724098 8.520642
5119.137482 8.636782
5119.550866 7.384098
5119.964250 7.765135
5120.377634 7.954468
5120.791018 8.264969
5121.204402 8.558323
5121.617786 8.604867
5122.031170 8.794712
5122.444554 8.605066
5122.857938 8.863328
5123.271322 9.570475
5123.684706 9.253752
5124.098090 10.279178
5124.511474 10.571181
5124.924858 11.242534
5125.338242 11.039522
5125.751626 11.604820
5126.165010 10.946603
5126.578394 9.722703
5126.991778 10.116497
5127.405162 11.327353
5127.818546 11.394051
5128.231930 12.199898
5128.645314 9.673136
5129.058698 8.613310
5129.472082 7.031342
5129.885466 7.635935
5130.298850 7.485968
5130.712234 7.857855
5131.125618 8.340561
5131.539002 9.234081
5131.952386 9.504309
5132.365770 8.955319
5132.779154 8.523638
5133.192538 8.918955
5133.605922 8.692639
5134.019306 8.841571
5134.432690 9.161480
5134.846074 8.702399
5135.259458 8.603513
5135.672842 8.782433
5136.086226 9.104581
5136.499610 8.099690
5136.912994 7.610919
5137.326378 7.033235
5137.739762 5.578641
5138.153146 5.179747
5138.566530 5.940005
5138.979914 5.986699
5139.393298 7.696675
5139.806682 8.898956
5140.220066 9.301301
5140.633450 9.133197
5141.046834 9.490612
5141.460218 9.388953
5141.873602 10.328757
5142.286986 10.996878
5142.700370 10.744921
5143.113754 10.174746
5143.527138 10.213359
5143.940522 9.710492
5144.353906 9.750216
5144.767290 9.857886
5145.180674 10.300426
5145.594058 11.402130
5146.007442 10.877858
5146.420826 10.309993
5146.834210 8.756066
5147.247594 8.900804
5147.660978 8.642490
5148.074362 7.460091
5148.487746 7.379649
5148.901130 6.466173
5149.314514 6.349129
5149.727898 6.770807
5150.141282 7.910431
5150.554666 9.514983
5150.968050 9.640178
5151.381434 10.114791
5151.794818 10.214060
5152.208202 10.674209
5152.621586 10.859217
5153.034970 11.613955
5153.448354 11.379880
5153.861738 11.675856
5154.275122 11.488021
5154.688506 10.522818
5155.101890 9.166510
5155.515274 8.213371
5155.928658 8.034450
5156.342043 8.423793
5156.755427 7.865434
5157.168811 8.194463
5157.582195 8.866336
5157.995579 8.724812
5158.408963 8.570847
5158.822347 8.774698
5159.235731 8.780506
5159.649115 8.921657
5160.062499 9.054432
5160.475883 9.440601
5160.889267 9.270130
5161.302651 9.451243
5161.716035 9.633907
5162.129419 9.359455
5162.542803 9.409770
5162.956187 9.367481
5163.369571 9.888980
5163.782955 9.953565
5164.196339 10.103024
5164.609723 10.008935
5165.023107 10.032906
5165.436491 10.011278
5165.849875 9.999481
5166.263259 9.876573
5166.676643 10.028323
5167.090027 10.301465
5167.503411 10.795239
5167.916795 10.329839
5168.330179 10.245819
5168.743563 10.090255
5169.156947 10.251184
5169.570331 10.182056
5169.983715 9.844094
5170.397099 9.813438
5170.810483 9.762308
5171.223867 9.536436
5171.637251 9.583099
5172.050635 9.671227
5172.464019 9.774445
5172.877403 10.270272
5173.290787 10.075495
5173.704171 9.754021
5174.117555 9.332300
5174.530939 8.959249
5174.944323 9.155111
5175.357707 9.356082
5175.771091 9.340964
5176.184475 9.411737
5176.597859 9.981985
5177.011243 9.953948
5177.424627 9.206338
5177.838011 8.883645
5178.251395 8.690501
5178.664779 9.094273
5179.078163 9.677115
5179.491547 9.899234
5179.904931 9.485389
5180.318315 9.602730
5180.731699 10.858041
5181.145083 11.682044
5181.558467 12.341269
5181.971851 12.929518
5182.385235 12.812842
5182.798619 13.368370
5183.212003 13.970032
5183.625387 14.237408
5184.038771 14.811623
5184.452155 15.705076
5184.865539 16.636967
5185.278923 16.501901
5185.692307 10.825344
5186.105691 7.579150
5186.519075 4.229922
5186.932459 1.741953
5187.345843 -0.919082
5187.759227 0.654694
5188.172611 3.066419
5188.585995 9.729268
5188.999379 11.388154
5189.412763 11.525249
5189.826147 12.878707
5190.239531 12.795221
5190.652915 11.670921
5191.066299 9.718959
5191.479683 8.020346
5191.893067 5.796600
5192.306451 5.905256
5192.719835 7.013957
5193.133219 8.085289
5193.546603 9.184851
5193.959987 9.045398
5194.373371 9.053485
5194.786755 9.909392
5195.200139 9.363490
5195.613523 8.854579
5196.026907 9.087306
5196.440291 8.592690
5196.853675 8.712570
5197.267059 9.448443
5197.680443 10.728151
5198.093827 11.842449
5198.507211 11.021956
5198.920595 8.969849
5199.333979 8.484652
5199.747363 8.138015
5200.160747 8.801448
5200.574131 9.458838
5200.987515 10.377439
5201.400899 10.622390
5201.814283 10.376845
5202.227667 10.707764
5202.641051 10.562609
5203.054435 10.334881
