1939.043011 89.524286
1939.483954 93.703315
1939.924897 91.669332
1940.365840 92.079658
1940.806783 82.464886
1941.247726 81.869044
1941.688669 85.200122
1942.129612 88.225770
1942.570555 91.307414
1943.011497 88.330265
1943.452440 87.368318
1943.893383 87.972361
1944.334326 88.598329
1944.775269 88.079093
1945.216212 93.382512
1945.657155 80.323823
1946.098098 86.201294
1946.539041 84.994252
1946.979984 87.168328
1947.420927 82.109453
1947.861870 79.136234
1948.302813 79.240903
1948.743756 84.697294
1949.184699 82.270603
1949.625642 86.268545
1950.066584 84.454285
1950.507527 83.728348
1950.948470 84.906663
1951.389413 85.715117
1951.830356 86.176361
1952.271299 85.259663
1952.712242 85.807286
1953.153185 88.527806
1953.594128 93.287600
1954.035071 80.703328
1954.476014 83.322542
1954.916957 78.810874
1955.357900 80.767131
1955.798843 80.451695
1956.239786 77.023830
1956.680729 79.618663
1957.121671 82.956845
1957.562614 76.196874
1958.003557 75.502749
1958.444500 80.586006
1958.885443 84.173826
1959.326386 78.913465
1959.767329 76.706534
1960.208272 74.708784
1960.649215 81.242206
1961.090158 87.372293
1961.531101 82.043306
1961.972044 81.478746
1962.412987 79.261710
1962.853930 84.186418
1963.294873 84.976415
1963.735816 74.375586
1964.176758 76.849522
1964.617701 76.203450
1965.058644 75.895556
1965.499587 79.098649
1965.940530 74.598144
1966.381473 75.576794
1966.822416 76.672153
1967.263359 78.849291
1967.704302 78.751144
1968.145245 79.457626
1968.586188 75.096013
1969.027131 78.615064
1969.468074 76.920272
1969.909017 75.476780
1970.349960 74.919823
1970.790903 71.796935
1971.231845 76.143773
1971.672788 77.433756
1972.113731 74.573376
1972.554674 73.030627
1972.995617 78.175398
1973.436560 75.783102
1973.877503 73.071001
1974.318446 77.099749
1974.759389 71.811658
1975.200332 72.525812
1975.641275 75.492742
1976.082218 69.113675
1976.523161 76.521109
1976.964104 68.272941
1977.405047 69.152598
1977.845990 74.656060
1978.286932 75.710304
1978.727875 71.028863
1979.168818 71.281320
1979.609761 73.107226
1980.050704 70.951221
1980.491647 73.947650
1980.932590 75.237799
1981.373533 72.627753
1981.814476 74.601779
1982.255419 73.590244
1982.696362 69.679777
1983.137305 73.579399
1983.578248 71.712294
1984.019191 75.060408
1984.460134 72.882779
1984.901077 70.722080
1985.342019 73.780099
1985.782962 76.253937
1986.223905 71.900319
1986.664848 73.298071
1987.105791 72.793361
1987.546734 76.884674
1987.987677 75.344978
1988.428620 72.349229
1988.869563 71.130660
1989.310506 74.729840
1989.751449 72.899701
1990.192392 71.629580
1990.633335 70.715338
1991.074278 72.243652
1991.515221 77.815838
1991.956164 68.844742
1992.397107 66.948026
1992.838049 70.084072
1993.278992 69.285239
1993.719935 71.587672
1994.160878 70.881612
1994.601821 69.868883
1995.042764 73.465365
1995.483707 70.135080
1995.924650 67.625766
1996.365593 70.801234
1996.806536 68.313558
1997.247479 67.253161
1997.688422 71.587067
1998.129365 71.258714
1998.570308 70.707100
1999.011251 72.067742
1999.452194 68.624618
1999.893136 69.862928
2000.334079 71.340460
2000.775022 71.166651
2001.215965 70.367017
2001.656908 74.441793
2002.097851 73.892802
2002.538794 73.090168
2002.979737 74.053589
2003.420680 71.705416
2003.861623 71.457434
2004.302566 71.100323
2004.743509 72.406344
2005.184452 70.979139
2005.625395 70.197274
2006.066338 69.509354
2006.507281 73.364444
2006.948223 73.148931
2007.389166 68.514023
2007.830109 71.774813
2008.271052 73.815689
2008.711995 74.814617
2009.152938 72.175918
2009.593881 70.200373
2010.034824 68.259420
2010.475767 66.969498
2010.916710 69.771931
2011.357653 70.170769
2011.798596 66.730683
2012.239539 70.632451
2012.680482 66.399261
2013.121425 68.604627
2013.562368 69.930511
2014.003310 70.052329
2014.444253 70.657143
2014.885196 67.805500
2015.326139 70.447335
2015.767082 70.444954
2016.208025 71.436279
2016.648968 67.318968
2017.089911 65.082667
2017.530854 69.580474
2017.971797 71.584482
2018.412740 67.249306
2018.853683 69.147179
2019.294626 64.083701
2019.735569 65.847542
2020.176512 67.182729
2020.617455 65.301257
2021.058397 66.278977
2021.499340 72.059580
2021.940283 70.024644
2022.381226 71.065224
2022.822169 70.663680
2023.263112 68.238054
2023.704055 69.657837
2024.144998 68.347613
2024.585941 67.857786
2025.026884 67.022781
2025.467827 66.987841
2025.908770 66.876740
2026.349713 69.739847
2026.790656 70.353315
2027.231599 65.867948
2027.672542 65.684072
2028.113484 66.844218
2028.554427 67.575294
2028.995370 68.832045
2029.436313 63.515717
2029.877256 64.743143
2030.318199 69.337253
2030.759142 68.848687
2031.200085 69.109904
2031.641028 63.673942
2032.081971 65.426325
2032.522914 67.981146
2032.963857 67.376030
2033.404800 66.820924
2033.845743 68.485787
2034.286686 67.514362
2034.727629 67.830237
2035.168572 67.127843
2035.609514 64.553606
2036.050457 64.049252
2036.491400 70.096437
2036.932343 73.197724
2037.373286 72.208909
2037.814229 72.706166
2038.255172 74.626871
2038.696115 72.618660
2039.137058 68.406044
2039.578001 66.835292
2040.018944 71.674905
2040.459887 68.944763
2040.900830 71.178585
2041.341773 72.785222
2041.782716 66.149760
2042.223659 66.254769
2042.664601 69.646296
2043.105544 70.360419
2043.546487 68.255906
2043.987430 69.550545
2044.428373 67.277596
2044.869316 66.848284
2045.310259 69.268378
2045.751202 70.771448
2046.192145 68.115918
2046.633088 65.307515
2047.074031 68.674825
2047.514974 71.987462
2047.955917 72.129808
2048.396860 70.202497
2048.837803 69.925605
2049.278746 70.866489
2049.719688 69.320762
2050.160631 69.656552
2050.601574 69.883712
2051.042517 65.948319
2051.483460 66.968659
2051.924403 69.240066
2052.365346 68.174424
2052.806289 70.647831
2053.247232 69.973235
2053.688175 71.053577
2054.129118 73.189116
2054.570061 71.229888
2055.011004 70.929469
2055.451947 72.341875
2055.892890 70.373630
2056.333833 68.666950
2056.774775 70.369481
2057.215718 76.217243
2057.656661 72.907637
2058.097604 72.048492
2058.538547 71.328987
2058.979490 70.925569
2059.420433 68.837509
2059.861376 71.014110
2060.302319 70.123623
2060.743262 71.608516
2061.184205 71.217591
2061.625148 70.006195
2062.066091 71.361169
2062.507034 73.764681
2062.947977 71.831837
2063.388920 72.515102
2063.829862 74.595801
2064.270805 70.262650
2064.711748 72.367451
2065.152691 72.292053
2065.593634 73.775148
2066.034577 70.121846
2066.475520 71.170415
2066.916463 71.003491
2067.357406 71.162358
2067.798349 71.992632
2068.239292 70.749583
2068.680235 72.475000
2069.121178 73.325332
2069.562121 71.770263
2070.003064 69.158100
2070.444007 72.919473
2070.884949 70.172265
2071.325892 71.486743
2071.766835 70.874629
2072.207778 71.572450
2072.648721 72.596727
2073.089664 70.605333
2073.530607 68.225568
2073.971550 66.548719
2074.412493 66.788342
2074.853436 69.631142
2075.294379 69.208882
2075.735322 68.403255
2076.176265 65.606792
2076.617208 67.556233
2077.058151 67.073275
2077.499094 67.315559
2077.940036 65.988497
2078.380979 68.029199
2078.821922 67.772215
2079.262865 70.102015
2079.703808 70.303017
2080.144751 67.022048
2080.585694 67.997796
2081.026637 70.285800
2081.467580 71.549278
2081.908523 69.089490
2082.349466 66.805620
2082.790409 67.483647
2083.231352 68.947008
2083.672295 67.670025
2084.113238 67.909353
2084.554181 65.963858
2084.995124 65.434820
2085.436066 66.865183
2085.877009 68.356970
2086.317952 69.198187
2086.758895 69.327382
2087.199838 68.136204
2087.640781 67.818182
2088.081724 69.266881
2088.522667 68.356177
2088.963610 69.235342
2089.404553 67.868986
2089.845496 65.406712
2090.286439 66.985490
2090.727382 68.012496
2091.168325 68.287082
2091.609268 67.878502
2092.050211 65.735103
2092.491153 63.766088
2092.932096 65.892270
2093.373039 65.935244
2093.813982 65.430867
2094.254925 65.136751
2094.695868 68.758204
2095.136811 65.998254
2095.577754 64.378195
2096.018697 64.185740
2096.459640 67.803618
2096.900583 70.614614
2097.341526 66.674543
2097.782469 65.619951
2098.223412 62.269736
2098.664355 61.643466
2099.105298 68.159807
2099.546240 67.873279
2099.987183 67.923728
2100.428126 67.155165
2100.869069 67.065710
2101.310012 65.455876
2101.750955 67.012872
2102.191898 62.724450
2102.632841 67.338822
2103.073784 67.044495
2103.514727 66.027397
2103.955670 68.119977
2104.396613 63.394473
2104.837556 65.022808
2105.278499 65.647220
2105.719442 65.126405
2106.160385 64.744360
2106.601327 64.355891
2107.042270 65.600965
2107.483213 63.497238
2107.924156 63.465540
2108.365099 65.275038
2108.806042 62.484161
2109.246985 63.355648
2109.687928 64.390393
2110.128871 61.564818
2110.569814 63.888102
2111.010757 61.429403
2111.451700 61.049437
2111.892643 63.341379
2112.333586 61.390094
2112.774529 62.558206
2113.215472 62.053127
2113.656414 62.271746
2114.097357 60.648407
2114.538300 58.392350
2114.979243 54.675471
2115.420186 56.336993
2115.861129 60.369724
2116.302072 59.804862
2116.743015 59.892004
2117.183958 61.906329
2117.624901 61.962175
2118.065844 62.898130
2118.506787 62.585430
2118.947730 59.483515
2119.388673 62.545879
2119.829616 60.912639
2120.270559 61.100188
2120.711501 60.312458
2121.152444 61.274647
2121.593387 59.491231
2122.034330 58.841388
2122.475273 60.554545
2122.916216 62.176887
2123.357159 58.826007
2123.798102 58.295080
2124.239045 59.704289
2124.679988 59.101387
2125.120931 58.093238
2125.561874 59.531863
2126.002817 60.554780
2126.443760 61.760454
2126.884703 59.714280
2127.325646 58.335341
2127.766589 57.872994
2128.207531 58.053990
2128.648474 56.662656
2129.089417 59.291242
2129.530360 59.947147
2129.971303 58.098771
2130.412246 59.377629
2130.853189 61.094724
2131.294132 59.343142
2131.735075 58.882435
2132.176018 59.527993
2132.616961 59.598206
2133.057904 57.931401
2133.498847 55.765170
2133.939790 54.499304
2134.380733 56.588566
2134.821676 55.466753
2135.262618 57.760970
2135.703561 57.555970
2136.144504 57.081364
2136.585447 58.060513
2137.026390 59.223017
2137.467333 58.515438
2137.908276 59.701734
2138.349219 59.526625
2138.790162 58.349890
2139.231105 61.192402
2139.672048 59.043932
2140.112991 58.402334
2140.553934 58.948612
2140.994877 57.293605
2141.435820 55.453217
2141.876763 58.794098
2142.317705 60.588700
2142.758648 59.793094
2143.199591 58.749121
2143.640534 57.743058
2144.081477 56.546483
2144.522420 57.467897
2144.963363 59.683890
2145.404306 59.653409
2145.845249 60.259651
2146.286192 59.370751
2146.727135 57.678574
2147.168078 56.446991
2147.609021 57.377928
2148.049964 58.842620
2148.490907 58.313529
2148.931850 55.245284
2149.372792 56.640458
2149.813735 56.554351
2150.254678 57.479340
2150.695621 54.595962
2151.136564 54.791032
2151.577507 56.433500
2152.018450 54.842214
2152.459393 56.748929
2152.900336 56.729430
2153.341279 57.084697
2153.782222 58.002166
2154.223165 57.378797
2154.664108 57.444634
2155.105051 56.154863
2155.545994 53.955483
2155.986937 52.998010
2156.427879 54.002387
2156.868822 55.500031
2157.309765 53.976342
2157.750708 54.736388
2158.191651 58.279231
2158.632594 56.237040
2159.073537 54.467583
2159.514480 57.030393
2159.955423 55.936840
2160.396366 55.124244
2160.837309 57.115911
2161.278252 56.239738
2161.719195 56.356629
2162.160138 59.402403
2162.601081 56.415482
2163.042024 55.152655
2163.482966 55.709551
2163.923909 56.188904
2164.364852 56.424718
2164.805795 56.474101
2165.246738 56.507076
2165.687681 56.605616
2166.128624 57.850078
2166.569567 55.445085
2167.010510 56.152943
2167.451453 57.430115
2167.892396 57.241417
2168.333339 56.906239
2168.774282 56.232037
2169.215225 54.283964
2169.656168 51.814245
2170.097111 53.724453
2170.538053 55.842155
2170.978996 56.799922
2171.419939 57.233890
2171.860882 57.279207
2172.301825 56.815182
2172.742768 56.000878
2173.183711 54.014842
2173.624654 56.363733
2174.065597 55.174179
2174.506540 57.373356
2174.947483 56.230502
2175.388426 56.192373
2175.829369 56.332406
2176.270312 53.299207
2176.711255 55.180143
2177.152198 54.838858
2177.593141 57.927766
2178.034083 54.777178
2178.475026 53.135495
2178.915969 55.117367
2179.356912 55.327945
2179.797855 52.706743
2180.238798 53.747988
2180.679741 55.039755
2181.120684 53.646364
2181.561627 56.154991
2182.002570 55.528214
2182.443513 55.589932
2182.884456 53.165886
2183.325399 52.179934
2183.766342 56.125266
2184.207285 56.795992
2184.648228 57.704150
2185.089170 54.043404
2185.530113 51.126967
2185.971056 51.328574
2186.411999 52.448860
2186.852942 54.493613
2187.293885 54.584890
2187.734828 52.580904
2188.175771 53.102120
2188.616714 52.249097
2189.057657 52.883069
2189.498600 52.420298
2189.939543 53.939475
2190.380486 53.995849
2190.821429 51.951315
2191.262372 52.335196
2191.703315 54.518244
2192.144257 51.291881
2192.585200 50.049210
2193.026143 51.310760
2193.467086 52.039010
2193.908029 51.766600
2194.348972 52.977792
2194.789915 53.221867
2195.230858 51.378389
2195.671801 51.537830
2196.112744 52.652696
2196.553687 51.989868
2196.994630 51.415536
2197.435573 53.318827
2197.876516 52.338409
2198.317459 51.220549
2198.758402 52.253080
2199.199344 53.948053
2199.640287 51.733776
2200.081230 51.957165
2200.522173 50.920402
2200.963116 50.549022
2201.404059 50.923909
2201.845002 50.542076
2202.285945 51.558705
2202.726888 51.721223
2203.167831 52.557195
2203.608774 52.226106
2204.049717 52.497374
2204.490660 52.689896
2204.931603 53.103427
2205.372546 53.235109
2205.813489 52.415681
2206.254431 52.630023
2206.695374 53.274440
2207.136317 52.307111
2207.577260 53.118573
2208.018203 53.321291
2208.459146 50.834076
2208.900089 53.076513
2209.341032 51.850289
2209.781975 51.272344
2210.222918 51.709447
2210.663861 51.491432
2211.104804 51.814517
2211.545747 52.023017
2211.986690 51.273455
2212.427633 52.934561
2212.868576 50.987804
2213.309518 51.590614
2213.750461 51.653731
2214.191404 51.642968
2214.632347 53.179762
2215.073290 54.624244
2215.514233 52.775134
2215.955176 52.050377
2216.396119 53.572093
2216.837062 51.796197
2217.278005 50.468697
2217.718948 50.341814
2218.159891 53.423036
2218.600834 52.913996
2219.041777 52.997904
2219.482720 52.491554
2219.923663 52.905508
2220.364605 53.308662
2220.805548 54.115529
2221.246491 51.779139
2221.687434 52.118972
2222.128377 52.744910
2222.569320 53.993612
2223.010263 53.513194
2223.451206 53.302261
2223.892149 51.646860
2224.333092 53.103986
2224.774035 55.074982
2225.214978 55.144159
2225.655921 53.099444
2226.096864 53.933988
2226.537807 52.517531
2226.978750 50.038674
2227.419693 51.143035
2227.860635 52.797801
2228.301578 52.047452
2228.742521 51.377565
2229.183464 51.376907
2229.624407 52.389167
2230.065350 52.321827
2230.506293 50.980639
2230.947236 51.669345
2231.388179 51.593819
2231.829122 49.327657
2232.270065 52.424145
2232.711008 51.548978
2233.151951 50.868147
2233.592894 52.945407
2234.033837 51.171801
2234.474780 52.846534
2234.915722 52.913437
2235.356665 50.883852
2235.797608 50.933379
2236.238551 49.695924
2236.679494 51.076881
2237.120437 52.273244
2237.561380 51.984359
2238.002323 52.338114
2238.443266 51.975531
2238.884209 51.067094
2239.325152 49.790979
2239.766095 52.422664
2240.207038 52.164448
2240.647981 54.044318
2241.088924 52.404903
2241.529867 51.516993
2241.970809 52.424085
2242.411752 52.545329
2242.852695 52.176836
2243.293638 53.822290
2243.734581 54.220599
2244.175524 51.896498
2244.616467 50.446537
2245.057410 50.966180
2245.498353 51.667985
2245.939296 51.205320
2246.380239 50.556005
2246.821182 51.014347
2247.262125 50.423871
2247.703068 49.824378
2248.144011 49.658792
2248.584954 49.375378
2249.025896 50.291071
2249.466839 50.711532
2249.907782 50.113672
2250.348725 50.838837
2250.789668 51.088112
2251.230611 51.467300
2251.671554 51.909127
2252.112497 49.295120
2252.553440 50.157757
2252.994383 51.876228
2253.435326 50.447232
2253.876269 48.766657
2254.317212 49.775002
2254.758155 52.198769
2255.199098 52.377105
2255.640041 53.299887
2256.080983 52.978563
2256.521926 53.390612
2256.962869 52.997790
2257.403812 54.625158
2257.844755 53.673089
2258.285698 51.191300
2258.726641 50.480895
2259.167584 52.431068
2259.608527 51.661530
2260.049470 51.948519
2260.490413 51.792834
2260.931356 51.858391
2261.372299 52.033047
2261.813242 50.544963
2262.254185 51.049521
2262.695128 51.053247
2263.136070 51.736459
2263.577013 51.835385
2264.017956 52.507025
2264.458899 53.002386
2264.899842 52.842370
2265.340785 53.404889
2265.781728 51.228190
2266.222671 50.931686
2266.663614 52.976145
2267.104557 52.041957
2267.545500 52.725540
2267.986443 51.513932
2268.427386 51.246103
2268.868329 51.062891
2269.309272 51.254076
2269.750215 49.502978
2270.191158 50.616106
2270.632100 52.535171
2271.073043 53.010004
2271.513986 51.762995
2271.954929 53.111620
2272.395872 52.427358
2272.836815 52.661199
2273.277758 55.078768
2273.718701 53.122057
2274.159644 51.008535
2274.600587 51.924923
2275.041530 53.034537
2275.482473 52.876554
2275.923416 51.852262
2276.364359 53.180533
2276.805302 52.907201
2277.246245 54.069660
2277.687187 54.968967
2278.128130 56.543097
2278.569073 54.542248
2279.010016 54.643751
2279.450959 54.404415
2279.891902 53.611719
2280.332845 55.962235
2280.773788 55.689220
2281.214731 54.623269
2281.655674 53.962595
2282.096617 54.715233
2282.537560 56.324901
2282.978503 55.674626
2283.419446 55.307546
2283.860389 54.185447
2284.301332 54.196005
2284.742274 55.690596
2285.183217 53.684668
2285.624160 52.638178
2286.065103 53.980280
2286.506046 55.204313
2286.946989 54.199187
2287.387932 54.325918
2287.828875 54.592372
2288.269818 54.251647
2288.710761 56.264573
2289.151704 54.673551
2289.592647 53.283948
2290.033590 53.780328
2290.474533 55.019635
2290.915476 52.208473
2291.356419 53.081199
2291.797361 56.578196
2292.238304 55.009644
2292.679247 53.581827
2293.120190 53.179717
2293.561133 54.116738
2294.002076 56.227910
2294.443019 54.161730
2294.883962 54.534070
2295.324905 51.850765
2295.765848 52.492068
2296.206791 54.001556
2296.647734 53.775045
2297.088677 55.891802
2297.529620 54.159289
2297.970563 54.412297
2298.411506 55.268071
2298.852448 54.061248
2299.293391 52.718080
2299.734334 56.216377
2300.175277 57.576429
2300.616220 56.920577
2301.057163 56.239338
2301.498106 56.170727
2301.939049 54.546692
2302.379992 53.817785
2302.820935 55.462612
2303.261878 55.272969
2303.702821 55.353272
2304.143764 55.526990
2304.584707 58.418402
2305.025650 57.214027
2305.466593 56.485665
2305.907535 55.944201
2306.348478 56.506305
2306.789421 55.749835
2307.230364 56.816134
2307.671307 54.347692
2308.112250 55.175631
2308.553193 56.089003
2308.994136 56.791155
2309.435079 55.988015
2309.876022 54.735005
2310.316965 55.502888
2310.757908 55.348759
2311.198851 55.962408
2311.639794 55.714237
2312.080737 56.253516
2312.521680 56.379597
2312.962622 56.538064
2313.403565 57.550279
2313.844508 57.029441
2314.285451 55.984349
2314.726394 57.242354
2315.167337 56.538313
2315.608280 56.810904
2316.049223 55.481756
2316.490166 55.796407
2316.931109 56.260983
2317.372052 54.789006
2317.812995 55.814500
2318.253938 55.820063
2318.694881 57.731328
2319.135824 55.968976
2319.576767 57.180221
2320.017710 55.766220
2320.458652 56.437143
2320.899595 56.866220
2321.340538 57.557625
2321.781481 57.871716
2322.222424 57.750110
2322.663367 54.963971
2323.104310 54.730561
2323.545253 55.541728
2323.986196 56.425972
2324.427139 57.338287
2324.868082 58.742236
2325.309025 59.254231
2325.749968 59.680126
2326.190911 58.009618
2326.631854 56.947075
2327.072797 58.191763
2327.513739 57.151161
2327.954682 58.093586
2328.395625 58.549131
2328.836568 58.859806
2329.277511 58.340140
2329.718454 58.291679
2330.159397 56.146723
2330.600340 58.082582
2331.041283 56.903042
2331.482226 56.335754
2331.923169 56.697324
2332.364112 54.979193
2332.805055 54.583446
2333.245998 54.112951
2333.686941 55.034902
2334.127884 55.804063
2334.568826 55.387131
2335.009769 55.969452
2335.450712 54.688184
2335.891655 54.824793
2336.332598 53.363956
2336.773541 51.875185
2337.214484 51.546129
2337.655427 54.807183
2338.096370 55.150191
2338.537313 55.537941
2338.978256 55.582178
2339.419199 56.878003
2339.860142 55.880413
2340.301085 55.391031
2340.742028 54.685259
2341.182971 54.983184
2341.623913 54.805271
2342.064856 55.449884
2342.505799 54.766279
2342.946742 52.436480
2343.387685 50.637260
2343.828628 50.140411
2344.269571 51.833760
2344.710514 55.150176
2345.151457 55.504339
2345.592400 55.151309
2346.033343 55.353045
2346.474286 54.738300
2346.915229 54.309948
2347.356172 55.918867
2347.797115 53.298897
2348.238058 54.992956
2348.679000 55.436552
2349.119943 54.062593
2349.560886 55.146283
2350.001829 54.029240
2350.442772 54.589953
2350.883715 53.619791
2351.324658 53.572335
2351.765601 54.594201
2352.206544 53.003965
2352.647487 54.141740
2353.088430 54.555051
2353.529373 55.079025
2353.970316 53.784084
2354.411259 56.018420
2354.852202 54.773459
2355.293145 52.737148
2355.734087 53.589710
2356.175030 53.882904
2356.615973 53.056901
2357.056916 53.886970
2357.497859 55.273483
2357.938802 53.040749
2358.379745 53.950116
2358.820688 52.900709
2359.261631 53.455784
2359.702574 53.573597
2360.143517 54.080430
2360.584460 53.263655
2361.025403 52.531460
2361.466346 51.665657
2361.907289 53.920565
2362.348232 52.613169
2362.789175 53.540667
2363.230117 51.989181
2363.671060 52.412960
2364.112003 52.887891
2364.552946 52.421372
2364.993889 52.109790
2365.434832 51.239746
2365.875775 50.783846
2366.316718 50.362614
2366.757661 51.895750
2367.198604 51.562628
2367.639547 51.830140
2368.080490 51.559521
2368.521433 52.324857
2368.962376 52.882525
2369.403319 51.648780
2369.844262 51.945904
2370.285204 50.960285
2370.726147 52.624997
2371.167090 52.886901
2371.608033 52.574616
2372.048976 51.224676
2372.489919 51.350356
2372.930862 51.120989
2373.371805 52.885193
2373.812748 53.133251
2374.253691 51.129008
2374.694634 51.631745
2375.135577 52.235583
2375.576520 51.629054
2376.017463 51.707135
2376.458406 51.319792
2376.899349 50.630133
2377.340291 50.831400
2377.781234 53.190071
2378.222177 52.156308
2378.663120 51.898395
2379.104063 50.661325
2379.545006 52.099050
2379.985949 52.296031
2380.426892 52.536728
2380.867835 52.871974
2381.308778 52.424569
2381.749721 51.393965
2382.190664 52.455828
2382.631607 52.660844
2383.072550 52.050339
2383.513493 51.397268
2383.954436 51.122901
2384.395378 51.729597
2384.836321 53.984067
2385.277264 53.171819
2385.718207 51.891986
2386.159150 52.089073
2386.600093 53.093541
2387.041036 50.656745
2387.481979 51.779086
2387.922922 50.506834
2388.363865 50.877723
2388.804808 51.200385
2389.245751 52.624468
2389.686694 53.394913
2390.127637 53.616397
2390.568580 51.236345
2391.009523 50.534601
2391.450465 51.153480
2391.891408 51.716899
2392.332351 50.141613
2392.773294 50.830123
2393.214237 50.640850
2393.655180 51.950469
2394.096123 52.313347
2394.537066 52.710167
2394.978009 52.331674
2395.418952 52.428710
2395.859895 52.048827
2396.300838 52.146347
2396.741781 51.232529
2397.182724 51.286348
2397.623667 52.611710
2398.064610 52.167260
2398.505552 53.102528
2398.946495 51.642167
2399.387438 52.379191
2399.828381 52.658569
2400.269324 51.413533
2400.710267 50.992233
2401.151210 52.436881
2401.592153 52.429557
2402.033096 53.657497
2402.474039 51.524634
2402.914982 51.595414
2403.355925 52.813665
2403.796868 51.983882
2404.237811 52.090033
2404.678754 51.420547
2405.119697 52.086360
2405.560639 53.172189
2406.001582 52.571721
2406.442525 50.817048
2406.883468 52.211678
2407.324411 53.346376
2407.765354 51.893762
2408.206297 53.660082
2408.647240 52.530591
2409.088183 53.073543
2409.529126 52.645373
2409.970069 52.217066
2410.411012 53.133236
2410.851955 53.369987
2411.292898 53.508682
2411.733841 52.721360
2412.174784 52.832733
2412.615727 50.630216
2413.056669 52.227852
2413.497612 54.434457
2413.938555 54.820628
2414.379498 52.509368
2414.820441 53.332469
2415.261384 52.205253
2415.702327 52.949881
2416.143270 53.330429
2416.584213 54.080634
2417.025156 53.365293
2417.466099 53.999628
2417.907042 54.974862
2418.347985 55.090521
2418.788928 52.807293
2419.229871 53.217174
2419.670814 55.282975
2420.111756 56.375493
2420.552699 56.897102
2420.993642 54.903561
2421.434585 55.794260
2421.875528 56.157992
2422.316471 56.465107
2422.757414 55.899103
2423.198357 56.830555
2423.639300 54.229646
2424.080243 54.645927
2424.521186 53.793947
2424.962129 55.556708
2425.403072 54.728120
2425.844015 55.637736
2426.284958 55.631478
2426.725901 55.615803
2427.166843 54.988520
2427.607786 55.074188
2428.048729 54.309465
2428.489672 52.548677
2428.930615 53.772271
2429.371558 55.251444
2429.812501 52.775082
2430.253444 53.701960
2430.694387 52.082899
2431.135330 51.867355
2431.576273 52.028489
2432.017216 52.488116
2432.458159 53.473832
2432.899102 52.116191
2433.340045 50.895015
2433.780988 52.311963
2434.221930 52.886765
2434.662873 52.817164
2435.103816 51.614195
2435.544759 52.259051
2435.985702 52.623523
2436.426645 53.241873
2436.867588 52.268982
2437.308531 52.997390
2437.749474 53.255439
2438.190417 52.274998
2438.631360 52.699752
2439.072303 52.809077
2439.513246 53.589688
2439.954189 52.095392
2440.395132 51.667017
2440.836075 53.537349
2441.277017 52.536259
2441.717960 51.674590
2442.158903 52.100524
2442.599846 52.043439
2443.040789 52.615239
2443.481732 52.296508
2443.922675 51.652015
2444.363618 52.110220
2444.804561 51.997517
2445.245504 50.249087
2445.686447 51.313141
2446.127390 52.241970
2446.568333 51.835574
2447.009276 51.312204
2447.450219 50.981001
2447.891162 50.450739
2448.332104 51.219363
2448.773047 50.148589
2449.213990 49.065284
2449.654933 50.541691
2450.095876 51.324289
2450.536819 49.704343
2450.977762 50.445312
2451.418705 49.908391
2451.859648 50.403978
2452.300591 50.226496
2452.741534 51.326231
2453.182477 52.545797
2453.623420 50.438291
2454.064363 50.093817
2454.505306 49.686778
2454.946249 50.314916
2455.387192 51.323896
2455.828134 50.932586
2456.269077 52.686737
2456.710020 51.239263
2457.150963 50.882242
2457.591906 49.425955
2458.032849 50.458365
2458.473792 50.792545
2458.914735 51.321614
2459.355678 50.536952
2459.796621 50.308386
2460.237564 50.850582
2460.678507 50.695524
2461.119450 50.175170
2461.560393 48.282044
2462.001336 50.589313
2462.442279 52.555479
2462.883221 51.842837
2463.324164 50.707473
2463.765107 49.881924
2464.206050 51.371035
2464.646993 51.780983
2465.087936 52.138275
2465.528879 50.965115
2465.969822 52.345248
2466.410765 50.776454
2466.851708 51.811222
2467.292651 52.631867
2467.733594 50.570449
2468.174537 50.912557
2468.615480 51.699607
2469.056423 50.647161
2469.497366 51.260047
2469.938308 51.847084
2470.379251 51.893218
2470.820194 51.799538
2471.261137 51.261778
2471.702080 51.413714
2472.143023 52.365171
2472.583966 51.620665
2473.024909 50.261119
2473.465852 50.665406
2473.906795 50.147894
2474.347738 51.036295
2474.788681 50.475174
2475.229624 50.885447
2475.670567 50.104005
2476.111510 49.767157
2476.552453 50.737047
2476.993395 50.806633
2477.434338 51.029168
2477.875281 51.017680
2478.316224 50.982936
2478.757167 49.883027
2479.198110 51.508687
2479.639053 50.959552
2480.079996 51.042515
2480.520939 49.671073
2480.961882 49.663878
2481.402825 50.401870
2481.843768 49.959135
2482.284711 51.528934
2482.725654 51.619032
2483.166597 50.756056
2483.607540 49.890396
2484.048482 50.752012
2484.489425 50.514822
2484.930368 49.830877
2485.371311 51.808138
2485.812254 51.062400
2486.253197 49.932267
2486.694140 50.906118
2487.135083 51.422791
2487.576026 51.207338
2488.016969 50.353612
2488.457912 49.565648
2488.898855 50.349410
2489.339798 50.283082
2489.780741 50.073252
2490.221684 49.949144
2490.662627 50.752314
2491.103569 49.815127
2491.544512 50.094837
2491.985455 49.292679
2492.426398 50.451253
2492.867341 51.062702
2493.308284 49.319192
2493.749227 49.252781
2494.190170 49.700126
2494.631113 51.073253
2495.072056 52.992530
2495.512999 51.639741
2495.953942 51.755226
2496.394885 51.602941
2496.835828 51.629704
2497.276771 49.828860
2497.717714 50.516848
2498.158656 50.659186
2498.599599 51.004952
2499.040542 50.067515
2499.481485 50.901651
2499.922428 50.257121
2500.363371 51.303346
2500.804314 51.587009
2501.245257 51.052273
2501.686200 49.358146
2502.127143 49.694850
2502.568086 49.529317
2503.009029 49.778811
2503.449972 50.609697
2503.890915 50.471780
2504.331858 51.836035
2504.772801 50.378803
2505.213744 50.526598
2505.654686 51.457391
2506.095629 51.282940
2506.536572 50.930575
2506.977515 51.527884
2507.418458 50.567070
2507.859401 50.634902
2508.300344 50.839495
2508.741287 49.656653
2509.182230 50.640420
2509.623173 50.179667
2510.064116 51.241719
2510.505059 50.105917
2510.946002 50.561946
2511.386945 52.382872
2511.827888 50.588368
2512.268831 50.944913
2512.709773 51.237948
2513.150716 50.522879
2513.591659 49.498126
2514.032602 51.172315
2514.473545 51.055417
2514.914488 49.008313
2515.355431 49.319487
2515.796374 49.864397
2516.237317 49.193383
2516.678260 48.623155
2517.119203 48.218368
2517.560146 48.848766
2518.001089 49.250884
2518.442032 48.759703
2518.882975 47.775286
2519.323918 48.251570
2519.764860 48.830937
2520.205803 49.214311
2520.646746 49.176960
2521.087689 48.926695
2521.528632 50.469210
2521.969575 49.920809
2522.410518 48.298286
2522.851461 49.501474
2523.292404 51.302243
2523.733347 50.860468
2524.174290 49.359355
2524.615233 48.872641
2525.056176 51.413442
2525.497119 52.288232
2525.938062 51.526214
2526.379005 50.953914
2526.819947 50.772660
2527.260890 50.059799
2527.701833 50.550261
2528.142776 50.813405
2528.583719 49.669085
2529.024662 50.422850
2529.465605 51.159965
2529.906548 50.492988
2530.347491 50.386814
2530.788434 48.665759
2531.229377 48.123978
2531.670320 48.238760
2532.111263 46.836353
2532.552206 47.748743
2532.993149 47.457371
2533.434092 47.381890
2533.875034 49.525009
2534.315977 49.547282
2534.756920 50.193203
2535.197863 50.832564
2535.638806 48.560923
2536.079749 49.029626
2536.520692 48.544091
2536.961635 48.441032
2537.402578 48.676952
2537.843521 47.743475
2538.284464 48.097079
2538.725407 48.615174
2539.166350 48.742970
2539.607293 48.535256
2540.048236 50.080069
2540.489179 49.269325
2540.930121 47.640106
2541.371064 48.321224
2541.812007 49.338813
2542.252950 51.058364
2542.693893 49.490439
2543.134836 48.365967
2543.575779 49.678843
2544.016722 48.801060
2544.457665 48.503929
2544.898608 46.407487
2545.339551 48.069417
2545.780494 47.942618
2546.221437 47.209033
2546.662380 46.862465
2547.103323 47.563884
2547.544266 47.810483
2547.985208 48.475103
2548.426151 48.502485
2548.867094 48.657263
2549.308037 48.182929
2549.748980 45.341611
2550.189923 46.833511
2550.630866 47.112352
2551.071809 47.546501
2551.512752 47.902917
2551.953695 47.207620
2552.394638 47.708240
2552.835581 47.039781
2553.276524 47.909885
2553.717467 48.568005
2554.158410 48.464121
2554.599353 47.794892
2555.040296 47.547710
2555.481238 48.348712
2555.922181 47.282972
2556.363124 47.523842
2556.804067 48.952694
2557.245010 48.200917
2557.685953 47.509785
2558.126896 47.232402
2558.567839 48.179642
2559.008782 49.037071
2559.449725 48.161525
2559.890668 47.731859
2560.331611 47.366003
2560.772554 49.195908
2561.213497 48.943882
2561.654440 47.431470
2562.095383 45.553769
2562.536325 48.468135
2562.977268 49.099454
2563.418211 49.040102
2563.859154 48.006127
2564.300097 46.507372
2564.741040 47.356065
2565.181983 47.988253
2565.622926 46.903883
2566.063869 48.059902
2566.504812 48.302987
2566.945755 48.828684
2567.386698 48.972103
2567.827641 48.324587
2568.268584 49.122347
2568.709527 49.134802
2569.150470 47.999091
2569.591412 47.976803
2570.032355 48.098175
2570.473298 47.499771
2570.914241 47.524681
2571.355184 47.963856
2571.796127 47.960311
2572.237070 47.306424
2572.678013 47.259354
2573.118956 46.540892
2573.559899 46.800755
2574.000842 47.622624
2574.441785 46.668598
2574.882728 46.444196
2575.323671 46.892017
2575.764614 45.869735
2576.205557 47.125367
2576.646499 46.321131
2577.087442 47.189587
2577.528385 47.443472
2577.969328 47.374672
2578.410271 45.917055
2578.851214 46.316671
2579.292157 47.059681
2579.733100 46.537098
2580.174043 46.600478
2580.614986 46.510191
2581.055929 46.713023
2581.496872 46.027914
2581.937815 46.488772
2582.378758 47.140596
2582.819701 46.702306
2583.260644 47.058691
2583.701586 47.195572
2584.142529 47.200016
2584.583472 46.906263
2585.024415 47.246883
2585.465358 47.111098
2585.906301 47.441333
2586.347244 47.565230
2586.788187 46.666149
2587.229130 46.414969
2587.670073 46.443312
2588.111016 45.698654
2588.551959 46.038994
2588.992902 46.723816
2589.433845 46.045365
2589.874788 46.656664
2590.315731 48.839658
2590.756673 48.507383
2591.197616 46.938543
2591.638559 47.163565
2592.079502 46.326429
2592.520445 45.481886
2592.961388 46.664040
2593.402331 46.137557
2593.843274 47.143823
2594.284217 45.562702
2594.725160 48.200721
2595.166103 47.293750
2595.607046 48.159780
2596.047989 47.399039
2596.488932 46.452971
2596.929875 45.952131
2597.370818 46.306000
2597.811761 46.075060
2598.252703 46.584108
2598.693646 45.488325
2599.134589 46.865859
2599.575532 46.879010
2600.016475 45.564667
2600.457418 45.235022
2600.898361 46.522579
2601.339304 46.691725
2601.780247 47.536517
2602.221190 46.277967
2602.662133 46.430818
2603.103076 45.706930
2603.544019 45.811554
2603.984962 46.971292
2604.425905 47.565048
2604.866848 45.082889
2605.307790 46.134503
2605.748733 46.866395
2606.189676 46.569634
2606.630619 47.221065
2607.071562 48.079681
2607.512505 47.037733
2607.953448 45.611927
2608.394391 46.564147
2608.835334 47.571223
2609.276277 48.160875
2609.717220 47.029616
2610.158163 47.182036
2610.599106 46.204172
2611.040049 46.427659
2611.480992 46.742899
2611.921935 47.293795
2612.362877 47.567376
2612.803820 47.397595
2613.244763 46.504039
2613.685706 46.691997
2614.126649 46.183048
2614.567592 46.642848
2615.008535 47.530244
2615.449478 48.223795
2615.890421 47.656015
2616.331364 47.013903
2616.772307 47.097289
2617.213250 47.431251
2617.654193 46.829286
2618.095136 46.448088
2618.536079 46.372343
2618.977022 46.097681
2619.417964 46.650391
2619.858907 47.934924
2620.299850 46.627195
2620.740793 46.079557
2621.181736 46.070314
2621.622679 45.577554
2622.063622 47.040031
2622.504565 48.536972
2622.945508 47.365232
2623.386451 48.127069
2623.827394 47.435014
2624.268337 47.456532
2624.709280 45.687340
2625.150223 46.847629
2625.591166 46.428128
2626.032109 46.772194
2626.473051 46.661009
2626.913994 46.102798
2627.354937 47.206615
2627.795880 47.394202
2628.236823 47.480369
2628.677766 47.371347
2629.118709 46.371935
2629.559652 46.941158
2630.000595 46.859707
2630.441538 46.457369
2630.882481 44.878584
2631.323424 44.738180
2631.764367 45.228590
2632.205310 44.831317
2632.646253 45.783635
2633.087196 44.969430
2633.528138 45.712084
2633.969081 45.490509
2634.410024 45.813096
2634.850967 45.477993
2635.291910 45.755784
2635.732853 45.580645
2636.173796 45.886317
2636.614739 45.398046
2637.055682 44.800170
2637.496625 45.252518
2637.937568 44.546149
2638.378511 45.601187
2638.819454 45.808009
2639.260397 45.500070
2639.701340 44.630881
2640.142283 44.793391
2640.583225 43.154573
2641.024168 42.840965
2641.465111 43.116111
2641.906054 43.711643
2642.346997 45.448790
2642.787940 44.551848
2643.228883 42.632314
2643.669826 42.786956
2644.110769 42.402818
2644.551712 43.190601
2644.992655 43.126027
2645.433598 43.147899
2645.874541 42.557498
2646.315484 41.957265
2646.756427 42.674072
2647.197370 42.308171
2647.638313 41.761047
2648.079255 42.721822
2648.520198 42.119163
2648.961141 41.073867
2649.402084 41.753406
2649.843027 42.120115
2650.283970 41.411478
2650.724913 42.005053
2651.165856 42.887514
2651.606799 42.264562
2652.047742 41.868588
2652.488685 41.328266
2652.929628 40.959319
2653.370571 42.490860
2653.811514 43.473456
2654.252457 41.877567
2654.693400 41.233180
2655.134342 41.420480
2655.575285 41.697530
2656.016228 41.393407
2656.457171 41.563468
2656.898114 42.389569
2657.339057 40.380482
2657.780000 40.214994
2658.220943 39.431519
2658.661886 41.084637
2659.102829 41.369986
2659.543772 41.149023
2659.984715 41.985259
2660.425658 41.248923
2660.866601 41.091930
2661.307544 41.927638
2661.748487 41.462691
2662.189429 41.145032
2662.630372 41.170903
2663.071315 42.362467
2663.512258 42.974816
2663.953201 42.515696
2664.394144 41.625692
2664.835087 41.368580
2665.276030 41.564851
2665.716973 42.532890
2666.157916 42.888784
2666.598859 42.669318
2667.039802 42.425976
2667.480745 43.359150
2667.921688 41.651653
2668.362631 41.902644
2668.803574 42.293697
2669.244516 43.290237
2669.685459 42.479100
2670.126402 41.379297
2670.567345 41.509179
2671.008288 41.103003
2671.449231 42.115920
2671.890174 43.276406
2672.331117 43.702649
2672.772060 41.736166
2673.213003 42.104893
2673.653946 42.887900
2674.094889 42.974574
2674.535832 42.125164
2674.976775 41.845816
2675.417718 43.471634
2675.858661 41.944930
2676.299603 42.404753
2676.740546 42.734860
2677.181489 43.001714
2677.622432 43.012877
2678.063375 42.374166
2678.504318 41.314306
2678.945261 42.168682
2679.386204 41.139598
2679.827147 40.668635
2680.268090 41.428393
2680.709033 40.282161
2681.149976 41.210030
2681.590919 43.098214
2682.031862 43.127810
2682.472805 42.967666
2682.913748 42.165266
2683.354690 42.805844
2683.795633 42.268182
2684.236576 41.309855
2684.677519 41.055637
2685.118462 40.425799
2685.559405 42.194137
2686.000348 42.726818
2686.441291 41.290371
2686.882234 42.053205
2687.323177 42.082635
2687.764120 42.348273
2688.205063 40.629817
2688.646006 40.801397
2689.086949 42.240528
2689.527892 40.787067
2689.968835 41.004576
2690.409778 41.395153
2690.850720 42.005462
2691.291663 41.542767
2691.732606 42.110887
2692.173549 42.962859
2692.614492 42.427903
2693.055435 42.994134
2693.496378 43.364456
2693.937321 41.689088
2694.378264 41.724413
2694.819207 42.112504
2695.260150 43.040872
2695.701093 43.420309
2696.142036 43.612514
2696.582979 42.039880
2697.023922 42.690661
2697.464865 42.386788
2697.905807 41.759459
2698.346750 41.679542
2698.787693 41.839709
2699.228636 42.040976
2699.669579 41.905705
2700.110522 42.195399
2700.551465 42.385874
2700.992408 41.912522
2701.433351 41.945459
2701.874294 42.048867
2702.315237 42.236053
2702.756180 42.754548
2703.197123 42.730839
2703.638066 42.320558
2704.079009 41.991207
2704.519952 43.152026
2704.960894 42.664481
2705.401837 41.973068
2705.842780 42.837405
2706.283723 42.399569
2706.724666 42.050416
2707.165609 41.972146
2707.606552 42.328071
2708.047495 42.423761
2708.488438 43.019710
2708.929381 43.432772
2709.370324 43.513724
2709.811267 42.998434
2710.252210 43.636699
2710.693153 43.416825
2711.134096 43.271804
2711.575039 42.979418
2712.015981 43.816116
2712.456924 43.014291
2712.897867 43.059895
2713.338810 43.169235
2713.779753 44.386851
2714.220696 43.737098
2714.661639 43.723071
2715.102582 43.663129
2715.543525 43.564219
2715.984468 43.811740
2716.425411 44.567531
2716.866354 44.269432
2717.307297 44.488414
2717.748240 44.267384
2718.189183 43.856007
2718.630126 42.958339
2719.071068 43.274668
2719.512011 43.133056
2719.952954 42.851433
2720.393897 43.024123
2720.834840 43.691396
2721.275783 44.640056
2721.716726 44.924982
2722.157669 44.797465
2722.598612 45.067992
2723.039555 44.867020
2723.480498 44.373716
2723.921441 44.237681
2724.362384 44.977101
2724.803327 44.321732
2725.244270 43.035271
2725.685213 45.458864
2726.126155 44.367684
2726.567098 43.936000
2727.008041 45.009403
2727.448984 46.066112
2727.889927 45.567774
2728.330870 44.634410
2728.771813 45.969673
2729.212756 45.863824
2729.653699 45.254000
2730.094642 45.046037
2730.535585 45.438088
2730.976528 45.945216
2731.417471 47.118913
2731.858414 45.696885
2732.299357 44.891780
2732.740300 44.934890
2733.181242 45.816648
2733.622185 46.651902
2734.063128 46.743066
2734.504071 45.873015
2734.945014 45.862585
2735.385957 45.599729
2735.826900 47.357259
2736.267843 44.423507
2736.708786 43.978679
2737.149729 43.361977
2737.590672 42.242576
2738.031615 41.012300
2738.472558 40.994879
2738.913501 42.357879
2739.354444 44.701268
2739.795387 45.632734
2740.236330 45.439025
2740.677272 44.208825
2741.118215 44.076682
2741.559158 43.224287
2742.000101 40.719734
2742.441044 40.212372
2742.881987 38.965159
2743.322930 42.243936
2743.763873 43.644544
2744.204816 43.111327
2744.645759 42.707659
2745.086702 43.763551
2745.527645 44.132021
2745.968588 45.584696
2746.409531 44.589562
2746.850474 45.096675
2747.291417 46.738312
2747.732359 45.885705
2748.173302 45.416578
2748.614245 43.916674
2749.055188 43.288597
2749.496131 41.617121
2749.937074 41.662121
2750.378017 43.261623
2750.818960 46.093917
2751.259903 47.407602
2751.700846 47.098212
2752.141789 47.579688
2752.582732 47.074563
2753.023675 45.878245
2753.464618 46.233731
2753.905561 46.260826
2754.346504 45.673169
2754.787446 46.707438
2755.228389 45.642726
2755.669332 46.346041
2756.110275 46.171023
2756.551218 47.141571
2756.992161 47.233422
2757.433104 46.807436
2757.874047 46.875163
2758.314990 45.681014
2758.755933 46.106743
2759.196876 46.706569
2759.637819 47.446140
2760.078762 47.457975
2760.519705 47.235433
2760.960648 48.609286
2761.401591 47.492522
2761.842533 47.711989
2762.283476 46.805040
2762.724419 47.020599
2763.165362 47.476371
2763.606305 47.561375
2764.047248 46.566490
2764.488191 46.817156
2764.929134 47.603072
2765.370077 47.245696
2765.811020 47.268272
2766.251963 46.864393
2766.692906 47.250707
2767.133849 46.822129
2767.574792 46.997223
2768.015735 48.058776
2768.456678 46.901971
2768.897620 47.356223
2769.338563 47.487141
2769.779506 48.766437
2770.220449 47.764206
2770.661392 46.430561
2771.102335 47.177932
2771.543278 47.866797
2771.984221 48.203631
2772.425164 48.277570
2772.866107 47.857479
2773.307050 47.620463
2773.747993 48.326583
2774.188936 48.394596
2774.629879 48.356640
2775.070822 50.159586
2775.511765 49.704094
2775.952707 49.175154
2776.393650 48.593868
2776.834593 49.700043
2777.275536 50.281449
2777.716479 49.536149
2778.157422 51.270099
2778.598365 50.949553
2779.039308 49.816926
2779.480251 50.084029
2779.921194 50.461003
2780.362137 50.763168
2780.803080 50.160470
2781.244023 50.945026
2781.684966 51.866387
2782.125909 52.507169
2782.566852 52.142999
2783.007794 51.987994
2783.448737 54.361962
2783.889680 53.416241
2784.330623 53.769052
2784.771566 53.943602
2785.212509 53.980907
2785.653452 55.040979
2786.094395 56.538222
2786.535338 55.430544
2786.976281 55.987561
2787.417224 57.799561
2787.858167 57.519216
2788.299110 57.886945
2788.740053 58.649682
2789.180996 59.256725
2789.621939 60.671187
2790.062882 61.582488
2790.503824 61.507574
2790.944767 61.715613
2791.385710 63.485039
2791.826653 64.361280
2792.267596 63.650452
2792.708539 64.307317
2793.149482 65.695575
2793.590425 65.020193
2794.031368 66.014496
2794.472311 68.447279
2794.913254 69.249884
2795.354197 69.763284
2795.795140 71.453526
2796.236083 71.652201
2796.677026 72.703619
2797.117969 73.144600
2797.558911 72.557018
2797.999854 72.361775
2798.440797 71.360421
2798.881740 71.151256
2799.322683 71.296496
2799.763626 72.918656
2800.204569 75.418282
2800.645512 74.160851
2801.086455 73.098005
2801.527398 73.474336
2801.968341 73.004741
2802.409284 71.951411
2802.850227 72.161347
2803.291170 72.495542
2803.732113 71.676401
2804.173056 70.404814
2804.613998 70.054558
2805.054941 69.927117
2805.495884 69.170382
2805.936827 68.115797
2806.377770 68.246126
2806.818713 68.298223
2807.259656 67.679752
2807.700599 67.730480
2808.141542 67.455108
2808.582485 66.251950
2809.023428 64.720394
2809.464371 63.744487
2809.905314 63.105141
2810.346257 62.603667
2810.787200 62.753351
2811.228143 61.447610
2811.669085 60.630087
2812.110028 60.495382
2812.550971 59.747890
2812.991914 58.883629
2813.432857 58.588651
2813.873800 56.292696
2814.314743 55.820864
2814.755686 56.320056
2815.196629 55.913637
2815.637572 53.378603
2816.078515 53.482902
2816.519458 52.972879
2816.960401 52.704491
2817.401344 52.054798
2817.842287 51.269842
2818.283230 51.137087
2818.724172 50.337695
2819.165115 50.382982
2819.606058 49.693868
2820.047001 49.492631
2820.487944 49.336674
2820.928887 48.570317
2821.369830 49.817492
2821.810773 49.596106
2822.251716 49.032128
2822.692659 47.554119
2823.133602 47.471058
2823.574545 46.736468
2824.015488 47.175174
2824.456431 46.874256
2824.897374 47.474066
2825.338317 47.733053
2825.779259 47.355898
2826.220202 46.351861
2826.661145 45.736376
2827.102088 46.843004
2827.543031 45.878661
2827.983974 45.669352
2828.424917 45.118925
2828.865860 44.884509
2829.306803 45.990714
2829.747746 45.830169
2830.188689 45.355208
2830.629632 46.431340
2831.070575 45.458146
2831.511518 45.718494
2831.952461 45.633074
2832.393404 45.475832
2832.834347 46.043574
2833.275289 46.975736
2833.716232 45.826556
2834.157175 45.652377
2834.598118 45.564327
2835.039061 44.906828
2835.480004 45.205728
2835.920947 46.456319
2836.361890 45.631872
2836.802833 45.150464
2837.243776 44.595654
2837.684719 44.739730
2838.125662 45.214600
2838.566605 44.673969
2839.007548 44.446173
2839.448491 44.744552
2839.889434 44.909163
2840.330376 43.968310
2840.771319 43.937693
2841.212262 44.807698
2841.653205 45.308780
2842.094148 44.798455
2842.535091 44.225256
2842.976034 44.157272
2843.416977 43.932825
2843.857920 43.582728
2844.298863 45.162247
2844.739806 44.295552
2845.180749 44.038810
2845.621692 44.007603
2846.062635 43.863482
2846.503578 44.137274
2846.944521 43.679537
2847.385463 44.886308
2847.826406 44.928670
2848.267349 43.288786
2848.708292 42.748819
2849.149235 42.533411
2849.590178 43.574845
2850.031121 43.279618
2850.472064 43.833174
2850.913007 42.343973
2851.353950 42.689596
2851.794893 42.813863
2852.235836 42.614810
2852.676779 43.461537
2853.117722 43.319290
2853.558665 44.481998
2853.999608 42.591479
2854.440550 41.970076
2854.881493 41.632721
2855.322436 43.065511
2855.763379 42.614689
2856.204322 43.144899
2856.645265 43.239667
2857.086208 42.790607
2857.527151 42.777124
2857.968094 40.698919
2858.409037 41.801413
2858.849980 42.297371
2859.290923 41.625337
2859.731866 42.701545
2860.172809 42.772506
2860.613752 42.086460
2861.054695 41.899220
2861.495637 41.586179
2861.936580 42.099678
2862.377523 41.134050
2862.818466 42.634997
2863.259409 42.940140
2863.700352 42.959118
2864.141295 41.724519
2864.582238 40.989649
2865.023181 40.543990
2865.464124 40.162535
2865.905067 40.065302
2866.346010 40.563504
2866.786953 41.302304
2867.227896 40.758680
2867.668839 40.993088
2868.109782 41.319083
2868.550724 40.914773
2868.991667 40.569581
2869.432610 39.639573
2869.873553 40.355715
2870.314496 41.614763
2870.755439 41.881572
2871.196382 40.388410
2871.637325 40.310246
2872.078268 40.861233
2872.519211 41.153897
2872.960154 40.428505
2873.401097 40.945556
2873.842040 40.477299
2874.282983 40.697755
2874.723926 41.171545
2875.164869 40.310972
2875.605811 40.812960
2876.046754 41.176480
2876.487697 41.153444
2876.928640 40.099033
2877.369583 41.220067
2877.810526 40.402853
2878.251469 40.510198
2878.692412 40.876008
2879.133355 41.347062
2879.574298 41.193478
2880.015241 40.895772
2880.456184 40.871610
2880.897127 40.468116
2881.338070 40.563920
2881.779013 39.639996
2882.219956 40.024165
2882.660899 40.306158
2883.101841 41.404971
2883.542784 40.385667
2883.983727 39.196748
2884.424670 39.901258
2884.865613 40.120226
2885.306556 40.348399
2885.747499 39.844982
2886.188442 39.523469
2886.629385 38.578474
2887.070328 40.353228
2887.511271 40.725674
2887.952214 40.104241
2888.393157 40.751515
2888.834100 39.855185
2889.275043 39.233268
2889.715986 39.059973
2890.156928 38.950232
2890.597871 39.106174
2891.038814 38.226487
2891.479757 38.258245
2891.920700 38.223502
2892.361643 38.483463
2892.802586 39.763016
2893.243529 39.089917
2893.684472 39.250167
2894.125415 37.820696
2894.566358 38.647394
2895.007301 39.184391
2895.448244 38.514783
2895.889187 38.669017
2896.330130 38.627147
2896.771073 38.878628
2897.212015 39.190210
2897.652958 39.997909
2898.093901 38.795514
2898.534844 38.463526
2898.975787 38.113602
2899.416730 37.625573
2899.857673 37.153166
2900.298616 37.681381
2900.739559 37.818126
2901.180502 38.598865
2901.621445 38.572140
2902.062388 38.301288
2902.503331 38.050108
2902.944274 37.853497
2903.385217 38.211583
2903.826160 37.550228
2904.267102 37.777623
2904.708045 36.125050
2905.148988 36.474421
2905.589931 37.852960
2906.030874 37.550463
2906.471817 38.472504
2906.912760 37.276542
2907.353703 37.559608
2907.794646 37.633766
2908.235589 37.490158
2908.676532 37.696852
2909.117475 37.570680
2909.558418 37.544500
2909.999361 36.774221
2910.440304 36.735993
2910.881247 36.345763
2911.322189 37.223054
2911.763132 36.932755
2912.204075 36.474905
2912.645018 37.367395
2913.085961 36.508424
2913.526904 36.901556
2913.967847 36.958021
2914.408790 37.608636
2914.849733 37.477673
2915.290676 37.057030
2915.731619 37.363715
2916.172562 37.187245
2916.613505 38.761866
2917.054448 38.085177
2917.495391 37.797289
2917.936334 36.755530
2918.377276 36.607153
2918.818219 36.323324
2919.259162 37.148344
2919.700105 37.066576
2920.141048 37.367509
2920.581991 37.593754
2921.022934 37.403983
2921.463877 38.871562
2921.904820 37.893372
2922.345763 36.990626
2922.786706 37.625021
2923.227649 37.319728
2923.668592 37.382609
2924.109535 37.708975
2924.550478 37.615158
2924.991421 38.194101
2925.432364 39.719354
2925.873306 40.153140
2926.314249 39.403170
2926.755192 39.313283
2927.196135 39.874427
2927.637078 38.576970
2928.078021 38.790526
2928.518964 38.061400
2928.959907 38.228633
2929.400850 39.029446
2929.841793 39.051621
2930.282736 39.063948
2930.723679 39.402391
2931.164622 40.507538
2931.605565 40.822272
2932.046508 39.833509
2932.487451 39.421853
2932.928393 39.535131
2933.369336 40.162127
2933.810279 40.380293
2934.251222 40.072135
2934.692165 40.150578
2935.133108 40.109652
2935.574051 41.031112
2936.014994 39.769063
2936.455937 39.093530
2936.896880 37.883026
2937.337823 39.193105
2937.778766 39.087158
2938.219709 40.045750
2938.660652 39.755338
2939.101595 39.668203
2939.542538 39.910894
2939.983480 39.366249
2940.424423 39.247409
2940.865366 38.701630
2941.306309 39.290655
2941.747252 39.626490
2942.188195 39.526046
2942.629138 39.486798
2943.070081 39.486904
2943.511024 39.424112
2943.951967 39.352025
2944.392910 39.673765
2944.833853 39.042204
2945.274796 38.641310
2945.715739 39.548448
2946.156682 39.527338
2946.597625 39.430582
2947.038567 39.032817
2947.479510 39.376838
2947.920453 39.584665
2948.361396 39.665300
2948.802339 39.197995
2949.243282 39.460466
2949.684225 39.961699
2950.125168 38.856703
2950.566111 38.698977
2951.007054 38.836954
2951.447997 39.313994
2951.888940 39.646572
2952.329883 38.100867
2952.770826 38.734801
2953.211769 38.849470
2953.652712 38.753265
2954.093654 38.375937
2954.534597 39.117783
2954.975540 40.248975
2955.416483 39.883988
2955.857426 38.466927
2956.298369 39.915845
2956.739312 39.611821
2957.180255 39.526431
2957.621198 39.075194
2958.062141 38.380381
2958.503084 38.140576
2958.944027 38.860368
2959.384970 39.006803
2959.825913 39.451502
2960.266856 39.662957
2960.707799 40.569724
2961.148741 39.475431
2961.589684 38.220085
2962.030627 38.412404
2962.471570 39.192425
2962.912513 38.469156
2963.353456 39.398612
2963.794399 38.143698
2964.235342 37.469472
2964.676285 37.695559
2965.117228 38.323470
2965.558171 38.087928
2965.999114 38.325231
2966.440057 38.227545
2966.881000 39.053480
2967.321943 39.140547
2967.762886 38.774299
2968.203828 39.398703
2968.644771 39.613786
2969.085714 40.495831
2969.526657 39.612115
2969.967600 39.155784
2970.408543 38.790344
2970.849486 39.689304
2971.290429 39.107587
2971.731372 38.716859
2972.172315 39.118803
2972.613258 39.117005
2973.054201 38.837090
2973.495144 39.337340
2973.936087 38.751897
2974.377030 37.927625
2974.817973 38.932327
2975.258916 38.756878
2975.699858 39.342873
2976.140801 37.450850
2976.581744 37.654679
2977.022687 38.463269
2977.463630 39.882719
2977.904573 39.775033
2978.345516 39.324726
2978.786459 38.750121
2979.227402 39.112115
2979.668345 38.337566
2980.109288 37.766951
2980.550231 37.578011
2980.991174 37.933331
2981.432117 37.733727
2981.873060 37.050273
2982.314003 36.954734
2982.754945 36.681614
2983.195888 37.784992
2983.636831 38.454335
2984.077774 38.491135
2984.518717 38.360186
2984.959660 38.786528
2985.400603 38.108576
2985.841546 38.452106
2986.282489 37.847541
2986.723432 36.320845
2987.164375 37.188840
2987.605318 36.597494
2988.046261 36.453093
2988.487204 37.414398
2988.928147 37.649260
2989.369090 37.712602
2989.810032 37.101372
2990.250975 37.371597
2990.691918 37.097109
2991.132861 36.729168
2991.573804 37.338078
2992.014747 37.014743
2992.455690 36.521159
2992.896633 36.263405
2993.337576 36.629011
2993.778519 36.335431
2994.219462 36.721769
2994.660405 35.823058
2995.101348 35.242332
2995.542291 35.084825
2995.983234 35.403224
2996.424177 36.418334
2996.865119 38.280035
2997.306062 40.483995
2997.747005 43.206299
2998.187948 43.803192
2998.628891 39.366786
2999.069834 34.719491
2999.510777 33.315263
2999.951720 35.149302
3000.392663 44.343522
3000.833606 45.375871
3001.274549 43.979994
3001.715492 37.870895
3002.156435 35.775262
3002.597378 35.936382
3003.038321 35.747230
3003.479264 35.155098
3003.920206 35.701769
3004.361149 35.439450
3004.802092 34.782373
3005.243035 35.255785
3005.683978 35.001983
3006.124921 35.104861
3006.565864 35.516170
3007.006807 35.259194
3007.447750 35.319128
3007.888693 34.646051
3008.329636 34.811048
3008.770579 34.392226
3009.211522 35.806771
3009.652465 35.896725
3010.093408 34.091611
3010.534351 34.111231
3010.975293 33.899391
3011.416236 33.640094
3011.857179 34.143813
3012.298122 34.223844
3012.739065 33.055195
3013.180008 32.580551
3013.620951 32.430799
3014.061894 32.536738
3014.502837 33.089607
3014.943780 33.006847
3015.384723 33.008661
3015.825666 33.118402
3016.266609 33.400917
3016.707552 33.984470
3017.148495 32.982685
3017.589438 32.369610
3018.030381 32.132315
3018.471323 31.431365
3018.912266 31.937880
3019.353209 32.473154
3019.794152 32.838147
3020.235095 32.373858
3020.676038 31.985034
3021.116981 32.816109
3021.557924 32.005508
3021.998867 32.024222
3022.439810 32.291840
3022.880753 32.400477
3023.321696 31.264894
3023.762639 31.184403
3024.203582 31.379480
3024.644525 31.074397
3025.085468 31.209351
3025.526410 32.515297
3025.967353 32.624463
3026.408296 32.568172
3026.849239 31.570551
3027.290182 32.229895
3027.731125 32.374357
3028.172068 32.116496
3028.613011 31.813810
3029.053954 32.593309
3029.494897 32.155268
3029.935840 31.896765
3030.376783 32.463109
3030.817726 31.669726
3031.258669 32.186966
3031.699612 32.314377
3032.140555 32.746621
3032.581497 32.687594
3033.022440 33.035046
3033.463383 31.977605
3033.904326 31.793653
3034.345269 31.274070
3034.786212 31.906764
3035.227155 30.441854
3035.668098 32.133139
3036.109041 32.755880
3036.549984 32.945243
3036.990927 32.632671
3037.431870 31.633448
3037.872813 31.457024
3038.313756 32.340339
3038.754699 33.274647
3039.195642 33.337816
3039.636584 33.837650
3040.077527 33.223291
3040.518470 33.226654
3040.959413 32.515410
3041.400356 32.397242
3041.841299 32.422108
3042.282242 32.677398
3042.723185 31.996779
3043.164128 31.543433
3043.605071 31.736968
3044.046014 32.891657
3044.486957 33.246320
3044.927900 32.840090
3045.368843 32.993878
3045.809786 31.878921
3046.250729 33.503107
3046.691671 31.901043
3047.132614 32.275409
3047.573557 32.877532
3048.014500 32.956126
3048.455443 33.403781
3048.896386 32.525220
3049.337329 31.658963
3049.778272 33.363157
3050.219215 33.002660
3050.660158 33.080802
3051.101101 33.408694
3051.542044 32.962966
3051.982987 32.477212
3052.423930 32.271562
3052.864873 32.220810
3053.305816 32.310749
3053.746758 32.545453
3054.187701 32.595637
3054.628644 33.142701
3055.069587 32.961757
3055.510530 33.528010
3055.951473 32.454478
3056.392416 33.546399
3056.833359 33.932834
3057.274302 33.841814
3057.715245 33.015690
3058.156188 33.877911
3058.597131 33.828263
3059.038074 33.864345
3059.479017 33.583387
3059.919960 32.054416
3060.360903 31.930080
3060.801845 32.579508
3061.242788 32.945356
3061.683731 32.762417
3062.124674 33.377600
3062.565617 33.109952
3063.006560 33.285500
3063.447503 33.517482
3063.888446 32.856128
3064.329389 32.219707
3064.770332 32.242161
3065.211275 32.248185
3065.652218 32.252380
3066.093161 33.174709
3066.534104 33.185017
3066.975047 33.126807
3067.415990 33.474931
3067.856933 32.704766
3068.297875 32.377531
3068.738818 34.263009
3069.179761 33.877503
3069.620704 33.759237
3070.061647 32.886722
3070.502590 32.150605
3070.943533 32.326500
3071.384476 32.807289
3071.825419 33.030360
3072.266362 32.856793
3072.707305 33.277813
3073.148248 34.053428
3073.589191 34.275857
3074.030134 33.268449
3074.471077 31.999832
3074.912020 32.121447
3075.352962 33.022318
3075.793905 32.777072
3076.234848 32.677950
3076.675791 33.602070
3077.116734 32.861388
3077.557677 33.364185
3077.998620 33.176779
3078.439563 33.258601
3078.880506 32.721469
3079.321449 31.633939
3079.762392 33.338035
3080.203335 33.694065
3080.644278 33.081640
3081.085221 32.882520
3081.526164 33.123942
3081.967107 32.816010
3082.408049 33.279325
3082.848992 33.470124
3083.289935 34.217125
3083.730878 33.140774
3084.171821 32.763831
3084.612764 32.325759
3085.053707 32.870397
3085.494650 32.957676
3085.935593 32.837996
3086.376536 32.578231
3086.817479 32.385225
3087.258422 32.245086
3087.699365 31.838343
3088.140308 32.660733
3088.581251 32.917876
3089.022194 32.320741
3089.463136 31.531341
3089.904079 32.793526
3090.345022 33.329812
3090.785965 31.891014
3091.226908 32.228142
3091.667851 32.612907
3092.108794 33.288689
3092.549737 32.848547
3092.990680 31.630160
3093.431623 31.949353
3093.872566 32.139843
3094.313509 32.203253
3094.754452 32.578602
3095.195395 31.354546
3095.636338 32.149638
3096.077281 32.503990
3096.518223 33.048106
3096.959166 32.599454
3097.400109 32.741822
3097.841052 31.949663
3098.281995 32.342001
3098.722938 33.304153
3099.163881 33.098699
3099.604824 32.770021
3100.045767 31.976728
3100.486710 32.091653
3100.927653 32.911875
3101.368596 32.766174
3101.809539 32.481807
3102.250482 31.832175
3102.691425 31.995449
3103.132368 32.005433
3103.573310 33.263280
3104.014253 32.690466
3104.455196 32.676673
3104.896139 31.947585
3105.337082 31.590625
3105.778025 31.919666
3106.218968 32.876013
3106.659911 33.650312
3107.100854 33.239313
3107.541797 32.989071
3107.982740 32.947866
3108.423683 33.177308
3108.864626 32.439385
3109.305569 33.990305
3109.746512 34.422617
3110.187455 33.413977
3110.628397 33.923387
3111.069340 33.943891
3111.510283 33.729459
3111.951226 33.093710
3112.392169 32.813803
3112.833112 33.071528
3113.274055 33.569050
3113.714998 33.651650
3114.155941 32.431789
3114.596884 33.329351
3115.037827 34.210927
3115.478770 33.837484
3115.919713 34.592586
3116.360656 34.065498
3116.801599 34.660638
3117.242542 35.146460
3117.683485 35.312590
3118.124427 35.211118
3118.565370 33.947149
3119.006313 33.949530
3119.447256 34.265065
3119.888199 33.567561
3120.329142 34.275578
3120.770085 34.392634
3121.211028 34.686380
3121.651971 34.896769
3122.092914 34.393609
3122.533857 34.275427
3122.974800 34.765413
3123.415743 35.147639
3123.856686 35.603826
3124.297629 35.333178
3124.738572 35.402431
3125.179514 34.564479
3125.620457 34.510054
3126.061400 35.136272
3126.502343 34.464699
3126.943286 35.393188
3127.384229 35.341567
3127.825172 35.284807
3128.266115 34.507227
3128.707058 33.930181
3129.148001 33.683537
3129.588944 34.678074
3130.029887 35.164508
3130.470830 34.747130
3130.911773 35.063557
3131.352716 33.980101
3131.793659 34.955978
3132.234601 35.397843
3132.675544 36.533524
3133.116487 36.395600
3133.557430 35.952450
3133.998373 34.997864
3134.439316 34.072867
3134.880259 34.484697
3135.321202 36.317534
3135.762145 35.591923
3136.203088 34.965123
3136.644031 34.777385
3137.084974 34.163101
3137.525917 34.377987
3137.966860 34.528450
3138.407803 34.688436
3138.848746 34.097264
3139.289688 33.406094
3139.730631 33.558620
3140.171574 33.556337
3140.612517 33.891334
3141.053460 33.043095
3141.494403 33.213730
3141.935346 33.375779
3142.376289 33.602864
3142.817232 33.521352
3143.258175 34.865721
3143.699118 34.358314
3144.140061 34.560707
3144.581004 33.878153
3145.021947 33.366415
3145.462890 34.067410
3145.903833 33.693831
3146.344775 34.033007
3146.785718 33.875674
3147.226661 34.067637
3147.667604 33.572148
3148.108547 32.383660
3148.549490 33.427785
3148.990433 33.494604
3149.431376 34.165686
3149.872319 34.472907
3150.313262 34.279273
3150.754205 33.682184
3151.195148 33.853869
3151.636091 34.011444
3152.077034 34.108193
3152.517977 32.703058
3152.958920 32.431532
3153.399862 33.966293
3153.840805 33.383579
3154.281748 33.448894
3154.722691 34.006735
3155.163634 34.476187
3155.604577 34.492837
3156.045520 34.883301
3156.486463 34.703929
3156.927406 35.282358
3157.368349 34.429472
3157.809292 34.427945
3158.250235 33.727448
3158.691178 34.172284
3159.132121 34.401031
3159.573064 34.880497
3160.014007 34.425300
3160.454950 34.503705
3160.895892 35.330480
3161.336835 34.837674
3161.777778 35.170804
3162.218721 34.633021
3162.659664 34.470337
3163.100607 34.157123
3163.541550 32.762448
3163.982493 33.695902
3164.423436 33.602282
3164.864379 35.035918
3165.305322 34.916586
3165.746265 35.532593
3166.187208 35.193228
3166.628151 32.611221
3167.069094 29.048924
3167.510037 29.014135
3167.950979 31.892306
3168.391922 36.300151
3168.832865 38.743228
3169.273808 39.076336
3169.714751 36.765227
3170.155694 33.764459
3170.596637 31.683020
3171.037580 31.208301
3171.478523 35.045993
3171.919466 36.220166
3172.360409 36.207506
3172.801352 35.755453
3173.242295 34.822921
3173.683238 34.635840
3174.124181 34.479142
3174.565124 33.557025
3175.006066 33.598367
3175.447009 34.788646
3175.887952 34.827826
3176.328895 34.460164
3176.769838 34.549325
3177.210781 34.339170
3177.651724 35.278844
3178.092667 34.075444
3178.533610 34.775019
3178.974553 35.548404
3179.415496 35.913746
3179.856439 35.547346
3180.297382 34.727797
3180.738325 34.496412
3181.179268 34.048243
3181.620211 34.571220
3182.061153 34.223662
3182.502096 34.814464
3182.943039 34.736013
3183.383982 34.172019
3183.824925 35.420320
3184.265868 36.002060
3184.706811 34.978266
3185.147754 34.498589
3185.588697 34.552537
3186.029640 33.635423
3186.470583 33.739684
3186.911526 35.900890
3187.352469 36.352558
3187.793412 36.662938
3188.234355 36.423662
3188.675298 35.594402
3189.116240 35.806250
3189.557183 35.532918
3189.998126 34.342563
3190.439069 34.893625
3190.880012 34.494885
3191.320955 35.386106
3191.761898 36.063158
3192.202841 35.693954
3192.643784 35.855202
3193.084727 36.017425
3193.525670 36.239129
3193.966613 36.044505
3194.407556 35.937697
3194.848499 35.192752
3195.289442 34.237138
3195.730385 34.291034
3196.171327 34.855125
3196.612270 34.144123
3197.053213 34.975047
3197.494156 34.400276
3197.935099 34.454927
3198.376042 34.640337
3198.816985 35.551095
3199.257928 34.604709
3199.698871 34.162791
3200.139814 35.293333
3200.580757 35.960922
3201.021700 35.605240
3201.462643 35.153141
3201.903586 34.633316
3202.344529 33.051492
3202.785472 34.826987
3203.226414 35.214451
3203.667357 34.362237
3204.108300 35.062363
3204.549243 35.211911
3204.990186 35.099714
3205.431129 34.540830
3205.872072 35.771173
3206.313015 35.966780
3206.753958 36.028603
3207.194901 34.605337
3207.635844 33.687218
3208.076787 33.936885
3208.517730 34.243419
3208.958673 33.850975
3209.399616 33.502517
3209.840559 33.250136
3210.281502 33.117072
3210.722444 32.633230
3211.163387 33.568649
3211.604330 33.839706
3212.045273 33.984561
3212.486216 33.982414
3212.927159 33.850037
3213.368102 34.287270
3213.809045 34.500629
3214.249988 34.456718
3214.690931 33.716300
3215.131874 33.622643
3215.572817 34.273167
3216.013760 34.255557
3216.454703 34.497349
3216.895646 34.128191
3217.336589 35.082792
3217.777531 34.680696
3218.218474 34.171263
3218.659417 32.442567
3219.100360 33.924097
3219.541303 34.222037
3219.982246 33.950217
3220.423189 33.620693
3220.864132 33.453799
3221.305075 33.430355
3221.746018 33.458795
3222.186961 33.920258
3222.627904 33.936976
3223.068847 34.258338
3223.509790 34.203483
3223.950733 33.945940
3224.391676 33.656117
3224.832618 34.130201
3225.273561 33.153153
3225.714504 33.500265
3226.155447 34.142672
3226.596390 33.578006
3227.037333 32.756764
3227.478276 33.331376
3227.919219 33.261299
3228.360162 33.107564
3228.801105 33.905240
3229.242048 33.261383
3229.682991 34.225257
3230.123934 33.920371
3230.564877 33.287661
3231.005820 33.528932
3231.446763 33.812497
3231.887705 33.361328
3232.328648 33.549921
3232.769591 33.635257
3233.210534 33.116354
3233.651477 32.725663
3234.092420 33.684595
3234.533363 34.870846
3234.974306 33.738354
3235.415249 33.583508
3235.856192 32.703647
3236.297135 33.720314
3236.738078 34.244613
3237.179021 33.501762
3237.619964 33.155141
3238.060907 32.782416
3238.501850 33.120677
3238.942792 33.134773
3239.383735 32.966390
3239.824678 33.350150
3240.265621 33.871887
3240.706564 33.354201
3241.147507 32.762629
3241.588450 32.805233
3242.029393 32.857745
3242.470336 32.296034
3242.911279 32.966579
3243.352222 33.385597
3243.793165 33.253311
3244.234108 32.777337
3244.675051 31.641512
3245.115994 32.197895
3245.556937 32.724696
3245.997879 32.151300
3246.438822 32.147975
3246.879765 33.298651
3247.320708 33.503462
3247.761651 33.252789
3248.202594 33.526302
3248.643537 32.918352
3249.084480 32.166371
3249.525423 32.607881
3249.966366 33.235028
3250.407309 32.998058
3250.848252 32.644061
3251.289195 32.690579
3251.730138 32.935176
3252.171081 32.773611
3252.612024 32.179952
3253.052967 32.513861
3253.493909 32.325094
3253.934852 32.165131
3254.375795 32.621666
3254.816738 32.280503
3255.257681 32.287501
3255.698624 31.649168
3256.139567 32.024018
3256.580510 33.115477
3257.021453 33.149503
3257.462396 33.220661
3257.903339 32.300539
3258.344282 32.166152
3258.785225 33.521624
3259.226168 33.448849
3259.667111 33.220781
3260.108054 31.949799
3260.548996 31.763005
3260.989939 32.508222
3261.430882 33.185932
3261.871825 33.564628
3262.312768 33.504256
3262.753711 33.242563
3263.194654 32.686347
3263.635597 32.515599
3264.076540 33.020807
3264.517483 33.495829
3264.958426 32.905912
3265.399369 33.677861
3265.840312 33.413909
3266.281255 33.493637
3266.722198 32.936362
3267.163141 33.850801
3267.604083 32.670211
3268.045026 32.651558
3268.485969 33.291833
3268.926912 33.038334
3269.367855 32.997982
3269.808798 33.500280
3270.249741 33.545250
3270.690684 32.067211
3271.131627 31.742100
3271.572570 32.081110
3272.013513 32.107079
3272.454456 32.700382
3272.895399 32.463041
3273.336342 32.282090
3273.777285 33.330212
3274.218228 33.322004
3274.659170 32.574724
3275.100113 33.055770
3275.541056 32.814688
3275.981999 32.008463
3276.422942 32.245668
3276.863885 32.237997
3277.304828 32.090981
3277.745771 32.554688
3278.186714 32.470592
3278.627657 32.553094
3279.068600 32.413537
3279.509543 31.729267
3279.950486 32.869067
3280.391429 33.129187
3280.832372 33.059095
3281.273315 32.596703
3281.714257 33.179923
3282.155200 32.765138
3282.596143 32.709671
3283.037086 32.592599
3283.478029 32.558573
3283.918972 32.482949
3284.359915 32.532793
3284.800858 32.809269
3285.241801 33.095048
3285.682744 32.921723
3286.123687 33.055974
3286.564630 33.123851
3287.005573 32.060681
3287.446516 31.910490
3287.887459 32.663545
3288.328402 33.344247
3288.769344 32.309344
3289.210287 32.143501
3289.651230 31.476364
3290.092173 31.069878
3290.533116 31.202594
3290.974059 31.695476
3291.415002 31.705754
3291.855945 31.577572
3292.296888 32.120570
3292.737831 32.301408
3293.178774 32.526762
3293.619717 32.292663
3294.060660 31.049479
3294.501603 31.367379
3294.942546 31.062040
3295.383489 30.922340
3295.824431 30.476514
3296.265374 30.512973
3296.706317 30.715344
3297.147260 31.336339
3297.588203 31.714045
3298.029146 32.380728
3298.470089 31.994088
3298.911032 31.697441
3299.351975 31.442195
3299.792918 31.359459
3300.233861 31.898458
3300.674804 31.807673
3301.115747 30.305222
3301.556690 30.181182
3301.997633 30.520735
3302.438576 30.737065
3302.879519 31.078705
3303.320461 31.219857
3303.761404 31.082182
3304.202347 31.816704
3304.643290 31.357615
3305.084233 30.180237
3305.525176 31.691938
3305.966119 31.451454
3306.407062 31.131437
3306.848005 31.217181
3307.288948 29.912407
3307.729891 29.905998
3308.170834 29.662294
3308.611777 30.220656
3309.052720 30.895517
3309.493663 31.510284
3309.934606 31.537727
3310.375548 30.212517
3310.816491 29.845263
3311.257434 29.719847
3311.698377 29.230843
3312.139320 28.981334
3312.580263 29.238333
3313.021206 29.515595
3313.462149 29.363386
3313.903092 30.749634
3314.344035 30.384330
3314.784978 29.356818
3315.225921 28.897343
3315.666864 29.307450
3316.107807 29.859132
3316.548750 30.348793
3316.989693 29.711292
3317.430635 29.764114
3317.871578 30.021105
3318.312521 29.932731
3318.753464 29.395311
3319.194407 29.195011
3319.635350 29.776259
3320.076293 28.860544
3320.517236 29.113817
3320.958179 29.593093
3321.399122 29.752868
3321.840065 29.689903
3322.281008 28.474622
3322.721951 28.113422
3323.162894 28.818325
3323.603837 29.581235
3324.044780 29.900352
3324.485722 29.733119
3324.926665 29.405461
3325.367608 29.561804
3325.808551 29.536394
3326.249494 29.205978
3326.690437 29.230836
3327.131380 29.136573
3327.572323 29.166450
3328.013266 29.274407
3328.454209 29.991198
3328.895152 29.884005
3329.336095 29.209235
3329.777038 28.863128
3330.217981 29.319346
3330.658924 29.805168
3331.099867 29.619478
3331.540809 29.807209
3331.981752 29.230291
3332.422695 29.408650
3332.863638 29.883597
3333.304581 30.219440
3333.745524 29.873779
3334.186467 29.768958
3334.627410 28.405165
3335.068353 29.854317
3335.509296 31.012090
3335.950239 30.431711
3336.391182 29.604151
3336.832125 30.170253
3337.273068 30.340419
3337.714011 30.271733
3338.154954 30.454604
3338.595896 31.069855
3339.036839 30.377717
3339.477782 29.407970
3339.918725 29.411439
3340.359668 30.217905
3340.800611 30.409559
3341.241554 30.378783
3341.682497 29.188451
3342.123440 29.559793
3342.564383 29.436720
3343.005326 30.381254
3343.446269 30.196539
3343.887212 30.363720
3344.328155 29.749134
3344.769098 30.316559
3345.210041 30.090215
3345.650983 30.612496
3346.091926 30.272489
3346.532869 31.950328
3346.973812 30.683117
3347.414755 30.395705
3347.855698 30.128790
3348.296641 29.269048
3348.737584 29.662762
3349.178527 29.228251
3349.619470 29.897050
3350.060413 30.092505
3350.501356 29.970860
3350.942299 29.279199
3351.383242 28.825120
3351.824185 28.951722
3352.265128 29.521853
3352.706071 29.939344
3353.147013 29.838461
3353.587956 29.597386
3354.028899 28.455508
3354.469842 29.350817
3354.910785 29.466453
3355.351728 29.306090
3355.792671 28.947875
3356.233614 29.945972
3356.674557 29.413744
3357.115500 28.871299
3357.556443 28.099833
3357.997386 29.096305
3358.438329 30.209161
3358.879272 30.077616
3359.320215 29.135727
3359.761158 28.871722
3360.202100 29.351361
3360.643043 28.843788
3361.083986 29.275518
3361.524929 28.498082
3361.965872 28.595261
3362.406815 29.226142
3362.847758 29.950152
3363.288701 29.083721
3363.729644 28.096424
3364.170587 28.521020
3364.611530 28.439523
3365.052473 28.317108
3365.493416 28.499495
3365.934359 28.827644
3366.375302 29.737117
3366.816245 29.812182
3367.257187 29.424341
3367.698130 29.113242
3368.139073 28.845254
3368.580016 27.868047
3369.020959 27.623594
3369.461902 28.455395
3369.902845 28.545054
3370.343788 28.513908
3370.784731 28.802824
3371.225674 28.578037
3371.666617 28.375220
3372.107560 28.524905
3372.548503 28.568279
3372.989446 29.098353
3373.430389 28.770937
3373.871332 29.677477
3374.312274 29.375448
3374.753217 29.756699
3375.194160 29.860500
3375.635103 29.926382
3376.076046 29.364187
3376.516989 28.152988
3376.957932 28.433930
3377.398875 27.772750
3377.839818 27.476359
3378.280761 28.338043
3378.721704 27.768351
3379.162647 28.444405
3379.603590 29.120233
3380.044533 28.593659
3380.485476 28.547442
3380.926419 29.450778
3381.367361 29.276848
3381.808304 28.972537
3382.249247 28.225672
3382.690190 29.008769
3383.131133 28.876506
3383.572076 29.070464
3384.013019 28.220956
3384.453962 28.595526
3384.894905 29.025963
3385.335848 29.418166
3385.776791 30.764183
3386.217734 31.022142
3386.658677 29.346056
3387.099620 29.472348
3387.540563 27.994876
3387.981506 30.066362
3388.422448 30.410912
3388.863391 30.577420
3389.304334 29.059785
3389.745277 26.868053
3390.186220 27.306238
3390.627163 27.571082
3391.068106 29.572725
3391.509049 30.516503
3391.949992 31.179747
3392.390935 30.925439
3392.831878 28.345699
3393.272821 28.140071
3393.713764 28.449779
3394.154707 28.055816
3394.595650 26.665728
3395.036593 27.050992
3395.477536 27.857451
3395.918478 28.679615
3396.359421 29.040837
3396.800364 29.306105
3397.241307 29.495317
3397.682250 28.138484
3398.123193 28.478174
3398.564136 29.014007
3399.005079 28.977291
3399.446022 28.609221
3399.886965 28.716724
3400.327908 28.614080
3400.768851 29.920993
3401.209794 29.273122
3401.650737 29.461125
3402.091680 29.171491
3402.532623 28.891282
3402.973565 29.105745
3403.414508 28.819980
3403.855451 29.266275
3404.296394 29.712841
3404.737337 29.510576
3405.178280 29.229513
3405.619223 29.531020
3406.060166 28.790988
3406.501109 29.114618
3406.942052 28.920546
3407.382995 28.902135
3407.823938 28.690272
3408.264881 28.626702
3408.705824 28.546815
3409.146767 28.586706
3409.587710 28.782025
3410.028652 28.387268
3410.469595 28.244454
3410.910538 29.035093
3411.351481 29.840343
3411.792424 30.170041
3412.233367 29.401493
3412.674310 28.899913
3413.115253 29.263539
3413.556196 29.894412
3413.997139 29.915499
3414.438082 29.496708
3414.879025 29.044541
3415.319968 28.853991
3415.760911 29.069414
3416.201854 29.305258
3416.642797 29.450332
3417.083739 29.906928
3417.524682 29.484660
3417.965625 28.660569
3418.406568 29.244462
3418.847511 28.976867
3419.288454 29.144033
3419.729397 30.639576
3420.170340 30.061585
3420.611283 30.525905
3421.052226 28.348957
3421.493169 27.990712
3421.934112 29.019645
3422.375055 29.478674
3422.815998 29.862986
3423.256941 30.008914
3423.697884 30.460650
3424.138826 30.727588
3424.579769 30.475811
3425.020712 31.071049
3425.461655 30.589422
3425.902598 29.609547
3426.343541 30.157563
3426.784484 30.819824
3427.225427 30.371830
3427.666370 30.097992
3428.107313 29.341461
3428.548256 29.034610
3428.989199 30.186412
3429.430142 30.162725
3429.871085 30.499301
3430.312028 29.822264
3430.752971 30.523063
3431.193913 29.279629
3431.634856 28.999496
3432.075799 28.796702
3432.516742 29.270008
3432.957685 29.452985
3433.398628 29.562567
3433.839571 28.093379
3434.280514 28.089335
3434.721457 27.721046
3435.162400 27.683052
3435.603343 28.038508
3436.044286 28.003787
3436.485229 27.915337
3436.926172 27.849493
3437.367115 27.037638
3437.808058 27.205000
3438.249000 27.697186
3438.689943 28.367390
3439.130886 28.366015
3439.571829 29.119424
3440.012772 29.378260
3440.453715 28.759623
3440.894658 28.986209
3441.335601 28.025909
3441.776544 27.196890
3442.217487 27.176960
3442.658430 27.247188
3443.099373 27.723714
3443.540316 28.025758
3443.981259 27.742979
3444.422202 27.712045
3444.863145 27.806428
3445.304088 27.815671
3445.745030 27.981469
3446.185973 27.649405
3446.626916 28.434270
3447.067859 28.043111
3447.508802 28.046497
3447.949745 28.218621
3448.390688 27.793141
3448.831631 27.279619
3449.272574 27.254572
3449.713517 27.279264
3450.154460 27.212580
3450.595403 27.820123
3451.036346 27.860610
3451.477289 28.109870
3451.918232 26.887628
3452.359175 27.296314
3452.800117 28.273347
3453.241060 28.607807
3453.682003 27.788553
3454.122946 27.543261
3454.563889 26.782574
3455.004832 26.397377
3455.445775 26.417247
3455.886718 27.050970
3456.327661 27.805430
3456.768604 28.621805
3457.209547 28.381758
3457.650490 27.860739
3458.091433 27.671353
3458.532376 27.666810
3458.973319 27.774496
3459.414262 28.483601
3459.855204 27.959271
3460.296147 27.889572
3460.737090 28.163108
3461.178033 28.252397
3461.618976 28.081747
3462.059919 28.098261
3462.500862 28.222861
3462.941805 27.260180
3463.382748 27.240174
3463.823691 27.191713
3464.264634 27.581905
3464.705577 27.575632
3465.146520 27.793882
3465.587463 27.848117
3466.028406 28.293603
3466.469349 28.524209
3466.910291 28.142679
3467.351234 27.746493
3467.792177 27.503673
3468.233120 27.513151
3468.674063 27.539936
3469.115006 27.713617
3469.555949 27.685615
3469.996892 27.512720
3470.437835 28.685268
3470.878778 28.149927
3471.319721 28.463489
3471.760664 27.578118
3472.201607 27.724553
3472.642550 28.341716
3473.083493 28.328384
3473.524436 28.364360
3473.965378 27.429394
3474.406321 28.370398
3474.847264 28.377314
3475.288207 28.552597
3475.729150 28.250553
3476.170093 28.885318
3476.611036 28.510416
3477.051979 28.084936
3477.492922 28.751445
3477.933865 28.792825
3478.374808 28.587718
3478.815751 28.312580
3479.256694 27.904597
3479.697637 27.667982
3480.138580 27.383782
3480.579523 28.681028
3481.020465 28.464457
3481.461408 28.163554
3481.902351 28.487349
3482.343294 28.616355
3482.784237 27.832079
3483.225180 27.292876
3483.666123 26.783654
3484.107066 26.720009
3484.548009 27.389685
3484.988952 27.713609
3485.429895 27.457457
3485.870838 27.205143
3486.311781 27.208741
3486.752724 26.830045
3487.193667 26.943277
3487.634610 26.762265
3488.075553 26.949724
3488.516495 27.993939
3488.957438 28.463943
3489.398381 27.822065
3489.839324 27.332109
3490.280267 26.924624
3490.721210 26.864940
3491.162153 27.056918
3491.603096 27.460502
3492.044039 27.741316
3492.484982 27.955999
3492.925925 27.380804
3493.366868 27.723434
3493.807811 28.094323
3494.248754 27.819563
3494.689697 27.015720
3495.130640 26.926325
3495.571582 27.564257
3496.012525 28.190959
3496.453468 28.425344
3496.894411 27.943528
3497.335354 27.334051
3497.776297 26.954304
3498.217240 27.748103
3498.658183 26.901225
3499.099126 27.727735
3499.540069 28.228128
3499.981012 28.480268
3500.421955 28.322784
3500.862898 28.219989
3501.303841 28.688858
3501.744784 28.215325
3502.185727 27.981907
3502.626669 27.644477
3503.067612 27.506575
3503.508555 27.096582
3503.949498 26.881688
3504.390441 26.904210
3504.831384 26.607049
3505.272327 26.852605
3505.713270 26.998299
3506.154213 27.370284
3506.595156 26.887062
3507.036099 27.495087
3507.477042 27.587180
3507.917985 26.859505
3508.358928 26.338804
3508.799871 26.296177
3509.240814 26.791159
3509.681756 27.774314
3510.122699 27.411119
3510.563642 26.673898
3511.004585 26.144399
3511.445528 25.825010
3511.886471 26.880547
3512.327414 27.827174
3512.768357 26.848713
3513.209300 26.470734
3513.650243 26.048988
3514.091186 26.634665
3514.532129 26.783103
3514.973072 26.060575
3515.414015 26.307809
3515.854958 27.066758
3516.295901 26.799632
3516.736843 26.839311
3517.177786 26.078706
3517.618729 25.672650
3518.059672 25.643907
3518.500615 25.847676
3518.941558 25.662840
3519.382501 26.361621
3519.823444 26.892133
3520.264387 25.795987
3520.705330 26.076076
3521.146273 26.029353
3521.587216 25.655229
3522.028159 25.786049
3522.469102 26.222571
3522.910045 25.974717
3523.350988 25.682536
3523.791930 25.487406
3524.232873 25.424486
3524.673816 24.916845
3525.114759 25.660006
3525.555702 26.232215
3525.996645 26.238442
3526.437588 25.724051
3526.878531 25.474678
3527.319474 25.203380
3527.760417 25.477966
3528.201360 25.115398
3528.642303 24.723581
3529.083246 25.033009
3529.524189 24.573995
3529.965132 24.850516
3530.406075 25.127687
3530.847017 24.678574
3531.287960 24.938755
3531.728903 24.693002
3532.169846 25.013472
3532.610789 25.074706
3533.051732 24.076859
3533.492675 23.567910
3533.933618 23.349139
3534.374561 23.301282
3534.815504 24.143157
3535.256447 24.215161
3535.697390 24.329029
3536.138333 24.706523
3536.579276 24.668537
3537.020219 24.270765
3537.461162 24.186366
3537.902105 23.293603
3538.343047 23.207919
3538.783990 23.581786
3539.224933 23.783431
3539.665876 23.619440
3540.106819 23.534043
3540.547762 23.618956
3540.988705 23.316519
3541.429648 23.401099
3541.870591 23.665172
3542.311534 23.867362
3542.752477 23.682405
3543.193420 23.541911
3543.634363 24.024128
3544.075306 24.071213
3544.516249 23.876658
3544.957192 23.781647
3545.398134 23.488582
3545.839077 23.583532
3546.280020 24.191308
3546.720963 23.970141
3547.161906 23.786930
3547.602849 23.573208
3548.043792 23.848149
3548.484735 24.340698
3548.925678 24.340056
3549.366621 23.712825
3549.807564 23.289167
3550.248507 22.671573
3550.689450 22.619416
3551.130393 22.325526
3551.571336 23.038909
3552.012279 23.205403
3552.453221 23.050133
3552.894164 23.781927
3553.335107 23.097219
3553.776050 23.594937
3554.216993 23.351648
3554.657936 23.449357
3555.098879 23.646202
3555.539822 23.295886
3555.980765 22.983805
3556.421708 23.190846
3556.862651 22.485595
3557.303594 22.874661
3557.744537 23.392007
3558.185480 22.950308
3558.626423 23.021164
3559.067366 23.351164
3559.508308 23.609947
3559.949251 23.263054
3560.390194 23.533476
3560.831137 23.288146
3561.272080 23.498732
3561.713023 23.326866
3562.153966 23.295001
3562.594909 23.055023
3563.035852 23.140352
3563.476795 23.396179
3563.917738 23.428021
3564.358681 23.611806
3564.799624 23.965357
3565.240567 24.218902
3565.681510 24.408900
3566.122453 24.672210
3566.563395 24.137836
3567.004338 24.112963
3567.445281 24.417509
3567.886224 24.193145
3568.327167 23.683727
3568.768110 24.206077
3569.209053 24.497683
3569.649996 24.557746
3570.090939 25.247435
3570.531882 24.662045
3570.972825 24.767651
3571.413768 24.310670
3571.854711 24.387141
3572.295654 24.203091
3572.736597 24.102934
3573.177540 24.352534
3573.618482 24.363818
3574.059425 23.671491
3574.500368 23.662285
3574.941311 24.849050
3575.382254 24.759164
3575.823197 24.738501
3576.264140 24.639311
3576.705083 25.127559
3577.146026 24.146135
3577.586969 24.838923
3578.027912 24.646513
3578.468855 24.878541
3578.909798 24.570708
3579.350741 24.441876
3579.791684 24.072498
3580.232627 24.323028
3580.673570 25.214240
3581.114512 24.862964
3581.555455 24.987193
3581.996398 24.982031
3582.437341 24.991585
3582.878284 24.630143
3583.319227 25.145055
3583.760170 24.660752
3584.201113 24.746248
3584.642056 24.443138
3585.082999 24.124202
3585.523942 24.246126
3585.964885 24.278776
3586.405828 24.164108
3586.846771 24.637761
3587.287714 24.645901
3587.728657 24.348694
3588.169599 24.032963
3588.610542 24.182715
3589.051485 24.470777
3589.492428 24.494751
3589.933371 24.591114
3590.374314 24.747865
3590.815257 24.370106
3591.256200 23.995105
3591.697143 24.097054
3592.138086 24.332044
3592.579029 24.035706
3593.019972 23.491583
3593.460915 23.786401
3593.901858 23.998030
3594.342801 23.897752
3594.783744 23.998484
3595.224686 23.904267
3595.665629 24.346495
3596.106572 24.450885
3596.547515 24.340260
3596.988458 23.815658
3597.429401 23.764287
3597.870344 23.652188
3598.311287 24.123771
3598.752230 23.937280
3599.193173 23.848950
3599.634116 24.050951
3600.075059 24.002391
3600.516002 23.668135
3600.956945 23.360423
3601.397888 23.002669
3601.838831 23.606448
3602.279773 24.494675
3602.720716 24.327268
3603.161659 25.083035
3603.602602 24.211360
3604.043545 23.646368
3604.484488 23.563745
3604.925431 24.052787
3605.366374 24.351067
3605.807317 24.129621
3606.248260 23.529750
3606.689203 23.717594
3607.130146 23.719741
3607.571089 23.708321
3608.012032 23.763319
3608.452975 24.087984
3608.893918 24.366115
3609.334860 23.801449
3609.775803 23.929911
3610.216746 23.902226
3610.657689 24.063807
3611.098632 23.931634
3611.539575 24.141328
3611.980518 23.812204
3612.421461 23.435352
3612.862404 23.816678
3613.303347 24.081666
3613.744290 23.748566
3614.185233 23.576503
3614.626176 23.566920
3615.067119 23.604029
3615.508062 23.569505
3615.949005 23.964790
3616.389947 23.874103
3616.830890 23.766524
3617.271833 23.658763
3617.712776 24.042947
3618.153719 24.921568
3618.594662 24.420804
3619.035605 24.409286
3619.476548 24.218335
3619.917491 24.266253
3620.358434 24.418182
3620.799377 24.527862
3621.240320 24.423706
3621.681263 24.327970
3622.122206 23.353462
3622.563149 23.377526
3623.004092 23.558304
3623.445034 23.380587
3623.885977 23.545614
3624.326920 23.230737
3624.767863 23.349207
3625.208806 23.620581
3625.649749 23.513500
3626.090692 23.565665
3626.531635 23.194451
3626.972578 23.609728
3627.413521 23.988243
3627.854464 23.795682
3628.295407 24.121118
3628.736350 23.509147
3629.177293 23.577561
3629.618236 24.011128
3630.059179 23.969597
3630.500122 23.538842
3630.941064 23.683054
3631.382007 23.416744
3631.822950 23.796295
3632.263893 24.035170
3632.704836 24.009503
3633.145779 24.246579
3633.586722 24.216998
3634.027665 23.877844
3634.468608 23.506940
3634.909551 23.360438
3635.350494 23.400873
3635.791437 23.560639
3636.232380 23.414545
3636.673323 23.353039
3637.114266 23.701979
3637.555209 23.795985
3637.996151 23.274837
3638.437094 23.082367
3638.878037 23.592843
3639.318980 23.258958
3639.759923 23.303134
3640.200866 23.341951
3640.641809 23.551910
3641.082752 23.792637
3641.523695 23.646724
3641.964638 23.398870
3642.405581 22.885726
3642.846524 23.341074
3643.287467 23.500569
3643.728410 23.355457
3644.169353 23.048500
3644.610296 22.191396
3645.051238 21.913931
3645.492181 23.434467
3645.933124 23.366854
3646.374067 22.774730
3646.815010 22.676697
3647.255953 22.536649
3647.696896 22.264013
3648.137839 23.015163
3648.578782 23.525177
3649.019725 22.960186
3649.460668 23.561312
3649.901611 24.334500
3650.342554 23.206007
3650.783497 22.815022
3651.224440 22.758526
3651.665383 23.274958
3652.106325 22.966694
3652.547268 22.833312
3652.988211 22.865320
3653.429154 22.954707
3653.870097 23.515896
3654.311040 23.910865
3654.751983 23.219453
3655.192926 22.845412
3655.633869 22.523733
3656.074812 22.551266
3656.515755 23.196764
3656.956698 23.623763
3657.397641 23.740691
3657.838584 23.439811
3658.279527 23.276220
3658.720470 23.148099
3659.161412 22.555838
3659.602355 22.817894
3660.043298 23.350968
3660.484241 22.632763
3660.925184 22.312852
3661.366127 22.528078
3661.807070 22.494793
3662.248013 22.664113
3662.688956 22.696121
3663.129899 22.677498
3663.570842 22.478642
3664.011785 22.294010
3664.452728 22.222006
3664.893671 23.042560
3665.334614 23.051456
3665.775557 22.621766
3666.216499 22.481234
3666.657442 22.397977
3667.098385 22.494468
3667.539328 22.340793
3667.980271 22.495798
3668.421214 21.809223
3668.862157 21.590339
3669.303100 22.180596
3669.744043 21.720660
3670.184986 22.384909
3670.625929 22.269674
3671.066872 23.219279
3671.507815 23.466143
3671.948758 23.700929
3672.389701 22.815951
3672.830644 22.233796
3673.271586 22.920024
3673.712529 23.249843
3674.153472 23.544654
3674.594415 24.354620
3675.035358 23.957799
3675.476301 22.963595
3675.917244 22.874389
3676.358187 22.998376
3676.799130 22.812792
3677.240073 23.281284
3677.681016 23.252685
3678.121959 23.348050
3678.562902 22.650849
3679.003845 22.994469
3679.444788 22.931701
3679.885731 22.923077
3680.326674 22.828513
3680.767616 22.112998
3681.208559 22.539272
3681.649502 21.999743
3682.090445 22.491702
3682.531388 22.373534
3682.972331 22.748444
3683.413274 22.483434
3683.854217 22.774209
3684.295160 22.365372
3684.736103 22.712657
3685.177046 22.629770
3685.617989 22.316404
3686.058932 22.372310
3686.499875 21.647976
3686.940818 21.795219
3687.381761 22.154287
3687.822703 22.248013
3688.263646 22.259758
3688.704589 22.670847
3689.145532 22.922956
3689.586475 22.591126
3690.027418 22.745882
3690.468361 22.258140
3690.909304 22.385914
3691.350247 21.790412
3691.791190 22.800110
3692.232133 23.226708
3692.673076 23.067274
3693.114019 22.085419
3693.554962 21.524200
3693.995905 21.739010
3694.436848 21.613436
3694.877790 22.713935
3695.318733 22.209702
3695.759676 22.200708
3696.200619 21.862182
3696.641562 22.111691
3697.082505 21.937738
3697.523448 21.631363
3697.964391 21.287902
3698.405334 21.105915
3698.846277 21.249379
3699.287220 21.857397
3699.728163 21.974326
3700.169106 22.385634
3700.610049 22.912602
3701.050992 22.835609
3701.491935 22.163561
3701.932877 21.718982
3702.373820 21.923212
3702.814763 22.247756
3703.255706 22.595298
3703.696649 22.540806
3704.137592 22.340355
3704.578535 22.229851
3705.019478 22.277368
3705.460421 22.018403
3705.901364 22.238845
3706.342307 22.259433
3706.783250 21.721302
3707.224193 21.687828
3707.665136 22.104836
3708.106079 22.325957
3708.547022 22.085979
3708.987964 21.703942
3709.428907 21.515569
3709.869850 21.716465
3710.310793 21.579342
3710.751736 21.299050
3711.192679 21.585343
3711.633622 22.373300
3712.074565 22.501731
3712.515508 22.866861
3712.956451 22.972090
3713.397394 23.034806
3713.838337 22.183665
3714.279280 21.831519
3714.720223 21.833673
3715.161166 21.519816
3715.602109 21.731354
3716.043051 22.729126
3716.483994 22.419683
3716.924937 22.140864
3717.365880 22.353400
3717.806823 22.608373
3718.247766 22.508556
3718.688709 22.954866
3719.129652 22.554886
3719.570595 22.501202
3720.011538 22.176598
3720.452481 22.141673
3720.893424 22.349047
3721.334367 22.331475
3721.775310 23.386006
3722.216253 23.502005
3722.657196 23.269350
3723.098139 22.522803
3723.539081 22.967253
3723.980024 22.881690
3724.420967 23.348655
3724.861910 23.575181
3725.302853 23.498657
3725.743796 23.685662
3726.184739 23.636203
3726.625682 24.044337
3727.066625 24.542993
3727.507568 24.945890
3727.948511 24.961020
3728.389454 25.308888
3728.830397 25.922930
3729.271340 27.020209
3729.712283 27.739843
3730.153226 27.311015
3730.594168 27.045815
3731.035111 27.244800
3731.476054 27.687179
3731.916997 27.187843
3732.357940 27.149464
3732.798883 26.815979
3733.239826 26.750997
3733.680769 26.284084
3734.121712 25.871264
3734.562655 25.155213
3735.003598 24.895085
3735.444541 24.545615
3735.885484 24.270485
3736.326427 23.889960
3736.767370 23.081748
3737.208313 22.723941
3737.649255 22.043692
3738.090198 22.085918
3738.531141 22.599432
3738.972084 21.896661
3739.413027 21.563357
3739.853970 21.783179
3740.294913 21.965098
3740.735856 22.122604
3741.176799 21.712407
3741.617742 21.649744
3742.058685 21.885301
3742.499628 22.659064
3742.940571 22.566238
3743.381514 22.091073
3743.822457 22.122612
3744.263400 22.522946
3744.704342 22.477728
3745.145285 22.637396
3745.586228 22.532356
3746.027171 22.075352
3746.468114 22.156615
3746.909057 22.350347
3747.350000 22.203822
3747.790943 22.442062
3748.231886 23.060979
3748.672829 23.332957
3749.113772 23.680296
3749.554715 23.119885
3749.995658 22.808658
3750.436601 22.391976
3750.877544 21.996501
3751.318487 22.306065
3751.759429 23.169669
3752.200372 22.453134
3752.641315 22.445622
3753.082258 22.675382
3753.523201 22.546792
3753.964144 22.965227
3754.405087 22.910032
3754.846030 22.900086
3755.286973 22.541902
3755.727916 22.486948
3756.168859 22.510310
3756.609802 22.512222
3757.050745 22.191245
3757.491688 22.090808
3757.932631 22.399549
3758.373574 22.597928
3758.814516 22.338375
3759.255459 22.297985
3759.696402 21.823296
3760.137345 21.873753
3760.578288 22.797623
3761.019231 22.384342
3761.460174 21.911542
3761.901117 22.054394
3762.342060 22.310826
3762.783003 22.040185
3763.223946 22.331150
3763.664889 22.813457
3764.105832 22.356831
3764.546775 22.186529
3764.987718 22.554833
3765.428661 23.012086
3765.869603 23.163313
3766.310546 23.106976
3766.751489 22.574257
3767.192432 22.934739
3767.633375 22.608101
3768.074318 22.222286
3768.515261 22.153161
3768.956204 22.258390
3769.397147 22.168163
3769.838090 22.108985
3770.279033 22.454797
3770.719976 22.374086
3771.160919 21.851457
3771.601862 21.905670
3772.042805 21.582123
3772.483748 21.761132
3772.924691 20.666408
3773.365633 20.857880
3773.806576 21.475429
3774.247519 20.978836
3774.688462 20.970001
3775.129405 20.834957
3775.570348 20.827134
3776.011291 20.679302
3776.452234 21.096264
3776.893177 21.358871
3777.334120 20.928849
3777.775063 20.939074
3778.216006 21.028628
3778.656949 20.632941
3779.097892 20.220076
3779.538835 20.410051
3779.979778 20.876737
3780.420720 21.140553
3780.861663 21.639223
3781.302606 20.692808
3781.743549 20.059024
3782.184492 20.214861
3782.625435 20.809615
3783.066378 20.428470
3783.507321 20.701756
3783.948264 20.739243
3784.389207 20.507269
3784.830150 20.717734
3785.271093 20.515333
3785.712036 20.570672
3786.152979 20.581525
3786.593922 21.320371
3787.034865 21.395262
3787.475807 20.487150
3787.916750 20.028090
3788.357693 20.130779
3788.798636 20.558277
3789.239579 20.303183
3789.680522 20.287628
3790.121465 19.737844
3790.562408 19.186139
3791.003351 19.654480
3791.444294 19.813695
3791.885237 20.473674
3792.326180 20.854222
3792.767123 20.475903
3793.208066 20.415992
3793.649009 19.691552
3794.089952 19.876864
3794.530894 19.505174
3794.971837 19.456365
3795.412780 19.291837
3795.853723 19.145523
3796.294666 19.178173
3796.735609 19.261371
3797.176552 19.388419
3797.617495 19.575689
3798.058438 19.013691
3798.499381 19.459207
3798.940324 19.224262
3799.381267 19.288020
3799.822210 18.958979
3800.263153 18.664448
3800.704096 18.733618
3801.145039 19.276713
3801.585981 19.620213
3802.026924 19.282745
3802.467867 19.040136
3802.908810 18.900428
3803.349753 18.874482
3803.790696 19.171137
3804.231639 19.257358
3804.672582 19.055305
3805.113525 19.164856
3805.554468 19.368769
3805.995411 18.947673
3806.436354 19.335967
3806.877297 19.154018
3807.318240 19.633227
3807.759183 19.492839
3808.200126 19.465260
3808.641068 19.187046
3809.082011 19.081372
3809.522954 19.590404
3809.963897 19.631738
3810.404840 19.609518
3810.845783 19.783826
3811.286726 20.158456
3811.727669 19.410042
3812.168612 19.401540
3812.609555 19.624022
3813.050498 19.412506
3813.491441 19.333451
3813.932384 19.612579
3814.373327 19.670541
3814.814270 19.504796
3815.255213 19.618384
3815.696156 19.797937
3816.137098 20.054467
3816.578041 19.910988
3817.018984 19.440788
3817.459927 19.208647
3817.900870 19.264145
3818.341813 19.729734
3818.782756 19.577102
3819.223699 19.464656
3819.664642 19.484798
3820.105585 19.728782
3820.546528 19.775293
3820.987471 20.047499
3821.428414 19.538882
3821.869357 19.165438
3822.310300 18.646505
3822.751243 18.971843
3823.192185 18.925173
3823.633128 19.360085
3824.074071 19.620039
3824.515014 19.722887
3824.955957 19.495915
3825.396900 19.202669
3825.837843 19.371293
3826.278786 19.806795
3826.719729 19.711928
3827.160672 19.287264
3827.601615 18.930365
3828.042558 19.363705
3828.483501 19.431960
3828.924444 19.802585
3829.365387 19.842407
3829.806330 19.452064
3830.247272 19.588220
3830.688215 19.477021
3831.129158 19.237329
3831.570101 19.679686
3832.011044 20.035739
3832.451987 20.676437
3832.892930 19.926761
3833.333873 19.817111
3833.774816 19.744948
3834.215759 19.949987
3834.656702 19.603253
3835.097645 19.239967
3835.538588 19.472856
3835.979531 19.423541
3836.420474 19.460937
3836.861417 19.962676
3837.302359 19.704906
3837.743302 19.767055
3838.184245 19.561034
3838.625188 19.677796
3839.066131 20.279987
3839.507074 20.131641
3839.948017 20.203660
3840.388960 19.978933
3840.829903 20.225034
3841.270846 20.282912
3841.711789 20.125466
3842.152732 19.895169
3842.593675 19.560981
3843.034618 19.741509
3843.475561 19.752718
3843.916504 19.465192
3844.357446 19.288700
3844.798389 19.180925
3845.239332 19.443675
3845.680275 19.917578
3846.121218 19.878678
3846.562161 19.385940
3847.003104 19.346458
3847.444047 19.275738
3847.884990 19.917843
3848.325933 20.305934
3848.766876 20.562834
3849.207819 20.164314
3849.648762 20.342000
3850.089705 20.089732
3850.530648 20.048224
3850.971591 19.206856
3851.412533 19.504131
3851.853476 19.328425
3852.294419 19.540560
3852.735362 19.749778
3853.176305 20.166052
3853.617248 20.413090
3854.058191 20.196420
3854.499134 20.145245
3854.940077 19.990134
3855.381020 20.037560
3855.821963 20.371310
3856.262906 20.255008
3856.703849 20.012808
3857.144792 19.973273
3857.585735 20.027697
3858.026678 20.160701
3858.467620 20.169975
3858.908563 20.228775
3859.349506 20.217211
3859.790449 20.641852
3860.231392 20.537364
3860.672335 20.337616
3861.113278 20.397777
3861.554221 19.887150
3861.995164 20.135684
3862.436107 20.244745
3862.877050 20.269104
3863.317993 20.178863
3863.758936 19.793969
3864.199879 19.584222
3864.640822 19.855460
3865.081765 20.852907
3865.522708 21.201681
3865.963650 21.331126
3866.404593 21.730583
3866.845536 21.280813
3867.286479 21.331194
3867.727422 21.483916
3868.168365 21.163998
3868.609308 21.090346
3869.050251 20.885353
3869.491194 21.837777
3869.932137 22.139133
3870.373080 22.070855
3870.814023 22.293579
3871.254966 22.178321
3871.695909 22.018358
3872.136852 22.028236
3872.577795 21.817242
3873.018737 21.916206
3873.459680 21.962649
3873.900623 21.541915
3874.341566 21.509568
3874.782509 21.133501
3875.223452 20.828963
3875.664395 20.684925
3876.105338 20.497897
3876.546281 20.547537
3876.987224 20.466018
3877.428167 19.662280
3877.869110 19.892607
3878.310053 19.750322
3878.750996 19.760147
3879.191939 19.731752
3879.632882 20.030418
3880.073824 19.647262
3880.514767 19.463280
3880.955710 18.767734
3881.396653 19.270440
3881.837596 19.531317
3882.278539 20.437638
3882.719482 19.709864
3883.160425 19.449359
3883.601368 19.436336
3884.042311 19.249656
3884.483254 19.810581
3884.924197 19.899084
3885.365140 19.875708
3885.806083 19.285722
3886.247026 19.271544
3886.687969 19.907745
3887.128911 19.593745
3887.569854 19.859367
3888.010797 20.184622
3888.451740 20.672348
3888.892683 20.527267
3889.333626 20.616813
3889.774569 20.076559
3890.215512 19.670518
3890.656455 19.910398
3891.097398 20.815412
3891.538341 21.541893
3891.979284 21.937103
3892.420227 21.730009
3892.861170 21.543601
3893.302113 20.045073
3893.743056 19.454513
3894.183998 20.176195
3894.624941 20.255281
3895.065884 20.393696
3895.506827 21.139208
3895.947770 20.283404
3896.388713 19.309144
3896.829656 19.251402
3897.270599 19.631769
3897.711542 20.400846
3898.152485 20.076491
3898.593428 20.607101
3899.034371 20.665229
3899.475314 20.314315
3899.916257 20.501918
3900.357200 19.797574
3900.798143 19.484677
3901.239085 19.355694
3901.680028 19.241977
3902.120971 19.581373
3902.561914 19.570262
3903.002857 19.492212
3903.443800 19.437621
3903.884743 19.179534
3904.325686 18.572014
3904.766629 18.616485
3905.207572 18.388705
3905.648515 18.713808
3906.089458 18.469076
3906.530401 18.436955
3906.971344 18.794958
3907.412287 19.384557
3907.853230 19.398970
3908.294172 19.514984
3908.735115 19.114067
3909.176058 19.050611
3909.617001 18.489036
3910.057944 18.684657
3910.498887 18.674462
3910.939830 19.569439
3911.380773 19.400746
3911.821716 19.118799
3912.262659 18.874232
3912.703602 17.213262
3913.144545 16.335820
3913.585488 16.139934
3914.026431 17.026348
3914.467374 18.934900
3914.908317 19.410337
3915.349260 19.681144
3915.790202 19.558608
3916.231145 19.251931
3916.672088 18.663223
3917.113031 18.390942
3917.553974 18.342330
3917.994917 17.838573
3918.435860 18.323647
3918.876803 19.918463
3919.317746 19.622147
3919.758689 18.942639
3920.199632 18.573980
3920.640575 18.209197
3921.081518 17.853054
3921.522461 18.357302
3921.963404 18.792985
3922.404347 18.067313
3922.845289 17.807812
3923.286232 17.748679
3923.727175 17.916291
3924.168118 18.368850
3924.609061 18.865820
3925.050004 18.116159
3925.490947 18.114920
3925.931890 19.136235
3926.372833 18.660601
3926.813776 18.657245
3927.254719 18.553414
3927.695662 18.510266
3928.136605 18.717436
3928.577548 19.490610
3929.018491 19.049137
3929.459434 19.115692
3929.900376 18.564902
3930.341319 18.466650
3930.782262 18.022011
3931.223205 18.038827
3931.664148 18.052235
3932.105091 18.273228
3932.546034 18.804836
3932.986977 19.595015
3933.427920 19.829060
3933.868863 18.679972
3934.309806 17.278653
3934.750749 17.203225
3935.191692 17.620187
3935.632635 18.483988
3936.073578 19.362163
3936.514521 19.173873
3936.955463 18.297844
3937.396406 17.988922
3937.837349 17.998997
3938.278292 17.623777
3938.719235 17.799831
3939.160178 18.170932
3939.601121 18.440688
3940.042064 18.521815
3940.483007 19.131655
3940.923950 18.727473
3941.364893 18.118880
3941.805836 18.185428
3942.246779 17.843100
3942.687722 18.525216
3943.128665 18.616410
3943.569608 18.960483
3944.010550 18.348376
3944.451493 18.451330
3944.892436 17.975159
3945.333379 18.123188
3945.774322 18.519094
3946.215265 19.679572
3946.656208 18.963642
3947.097151 18.076118
3947.538094 17.658264
3947.979037 17.717609
3948.419980 17.525880
3948.860923 19.132909
3949.301866 19.540409
3949.742809 19.254093
3950.183752 18.659293
3950.624695 18.290770
3951.065637 18.400216
3951.506580 18.113227
3951.947523 18.040845
3952.388466 17.862365
3952.829409 17.759872
3953.270352 18.153065
3953.711295 18.340478
3954.152238 18.324591
3954.593181 18.235884
3955.034124 17.814032
3955.475067 17.562974
3955.916010 18.649014
3956.356953 19.446487
3956.797896 18.426170
3957.238839 18.243986
3957.679782 17.768934
3958.120725 17.500999
3958.561667 18.680697
3959.002610 19.235152
3959.443553 19.257751
3959.884496 19.062341
3960.325439 18.510312
3960.766382 18.765875
3961.207325 19.288723
3961.648268 19.819250
3962.089211 19.273766
3962.530154 18.227828
3962.971097 18.856109
3963.412040 19.316952
3963.852983 19.712086
3964.293926 19.513351
3964.734869 19.856979
3965.175812 19.100992
3965.616754 19.891103
3966.057697 19.436586
3966.498640 19.295245
3966.939583 19.326535
3967.380526 19.349511
3967.821469 19.121489
3968.262412 19.320731
3968.703355 19.574449
3969.144298 19.852988
3969.585241 19.252959
3970.026184 19.589754
3970.467127 19.590608
3970.908070 19.745175
3971.349013 19.309734
3971.789956 19.040204
3972.230899 19.051042
3972.671841 19.311102
3973.112784 19.416981
3973.553727 19.695436
3973.994670 19.042305
3974.435613 19.276252
3974.876556 19.210695
3975.317499 19.126954
3975.758442 18.732711
3976.199385 18.939593
3976.640328 19.332309
3977.081271 19.142614
3977.522214 18.763441
3977.963157 18.080879
3978.404100 18.033015
3978.845043 18.998454
3979.285986 18.841771
3979.726928 19.132887
3980.167871 19.106494
3980.608814 18.207988
3981.049757 17.919654
3981.490700 18.222386
3981.931643 18.414991
3982.372586 18.536545
3982.813529 18.899861
3983.254472 18.811812
3983.695415 18.411190
3984.136358 17.579813
3984.577301 17.380307
3985.018244 17.467593
3985.459187 17.991515
3985.900130 17.921188
3986.341073 17.585580
3986.782015 17.704609
3987.222958 17.473534
3987.663901 17.319337
3988.104844 17.269788
3988.545787 17.367277
3988.986730 17.194564
3989.427673 16.956989
3989.868616 17.021178
3990.309559 17.164241
3990.750502 16.939084
3991.191445 17.317213
3991.632388 17.133897
3992.073331 16.921867
3992.514274 16.931753
3992.955217 16.905187
3993.396160 16.784381
3993.837102 16.938585
3994.278045 16.881160
3994.718988 16.885113
3995.159931 17.064711
3995.600874 16.594663
3996.041817 16.319381
3996.482760 16.580363
3996.923703 16.808196
3997.364646 16.919826
3997.805589 16.632709
3998.246532 17.195629
3998.687475 16.812247
3999.128418 16.281947
3999.569361 16.541364
4000.010304 16.530383
4000.451247 16.837959
4000.892189 16.842978
4001.333132 16.816291
4001.774075 17.304652
4002.215018 17.019991
4002.655961 16.553344
4003.096904 16.229140
4003.537847 16.186256
4003.978790 16.654408
4004.419733 16.378076
4004.860676 16.313977
4005.301619 15.974892
4005.742562 15.972526
4006.183505 16.037517
4006.624448 16.582691
4007.065391 16.784774
4007.506334 16.546859
4007.947277 16.299436
4008.388219 16.040653
4008.829162 16.272885
4009.270105 16.326463
4009.711048 16.174171
4010.151991 16.155163
4010.592934 16.201523
4011.033877 16.219247
4011.474820 16.251307
4011.915763 16.008570
4012.356706 16.352198
4012.797649 16.516574
4013.238592 17.264709
4013.679535 17.136262
4014.120478 16.994876
4014.561421 16.681541
4015.002364 16.222965
4015.443306 16.220856
4015.884249 16.615553
4016.325192 16.678435
4016.766135 16.676968
4017.207078 16.876391
4017.648021 16.652284
4018.088964 16.574226
4018.529907 16.784117
4018.970850 16.692167
4019.411793 16.214682
4019.852736 16.593846
4020.293679 16.169780
4020.734622 16.290608
4021.175565 16.594927
4021.616508 16.571059
4022.057451 16.315406
4022.498393 16.238512
4022.939336 16.769666
4023.380279 16.785485
4023.821222 16.692386
4024.262165 16.003264
4024.703108 15.722639
4025.144051 15.587353
4025.584994 15.463600
4026.025937 16.422055
4026.466880 16.441683
4026.907823 15.941751
4027.348766 16.199687
4027.789709 16.658535
4028.230652 16.819903
4028.671595 17.612932
4029.112538 17.405777
4029.553480 16.515909
4029.994423 16.257195
4030.435366 15.873125
4030.876309 15.847451
4031.317252 16.041825
4031.758195 16.166817
4032.199138 16.220033
4032.640081 16.138022
4033.081024 15.823205
4033.521967 15.464348
4033.962910 15.842757
4034.403853 15.667761
4034.844796 15.603958
4035.285739 15.740514
4035.726682 16.013573
4036.167625 16.144068
4036.608567 16.058120
4037.049510 16.040623
4037.490453 15.864229
4037.931396 15.411329
4038.372339 15.471143
4038.813282 15.918366
4039.254225 16.202362
4039.695168 15.969171
4040.136111 15.483462
4040.577054 15.354524
4041.017997 15.421669
4041.458940 15.708740
4041.899883 15.849310
4042.340826 15.910325
4042.781769 15.670762
4043.222712 15.963041
4043.663654 16.104661
4044.104597 16.416614
4044.545540 16.824310
4044.986483 16.599016
4045.427426 16.532567
4045.868369 16.283859
4046.309312 15.747958
4046.750255 15.914368
4047.191198 16.080340
4047.632141 16.450609
4048.073084 16.101192
4048.514027 16.067975
4048.954970 16.230168
4049.395913 16.316169
4049.836856 16.039066
4050.277799 16.197026
4050.718742 16.161686
4051.159684 16.141642
4051.600627 15.958280
4052.041570 15.733523
4052.482513 16.117283
4052.923456 15.743204
4053.364399 15.932061
4053.805342 16.644152
4054.246285 16.509440
4054.687228 16.180134
4055.128171 15.997309
4055.569114 15.777404
4056.010057 16.020564
4056.451000 16.227092
4056.891943 16.438411
4057.332886 16.053691
4057.773829 16.541878
4058.214771 16.196119
4058.655714 15.832357
4059.096657 16.142851
4059.537600 16.111660
4059.978543 16.525984
4060.419486 16.828202
4060.860429 16.298688
4061.301372 15.625309
4061.742315 15.975051
4062.183258 16.475203
4062.624201 16.648891
4063.065144 16.423287
4063.506087 16.888446
4063.947030 16.778547
4064.387973 17.183121
4064.828916 16.478861
4065.269858 16.382966
4065.710801 16.205393
4066.151744 16.689273
4066.592687 16.661293
4067.033630 16.824975
4067.474573 16.744929
4067.915516 16.848427
4068.356459 16.848941
4068.797402 16.569359
4069.238345 16.588669
4069.679288 16.515977
4070.120231 16.531925
4070.561174 17.629415
4071.002117 17.782350
4071.443060 17.360097
4071.884003 16.929387
4072.324945 16.535885
4072.765888 16.728914
4073.206831 17.550730
4073.647774 17.599819
4074.088717 17.620248
4074.529660 18.042251
4074.970603 17.682963
4075.411546 17.043557
4075.852489 17.139988
4076.293432 17.583675
4076.734375 17.691670
4077.175318 17.489927
4077.616261 17.577213
4078.057204 17.230751
4078.498147 17.693786
4078.939090 17.906836
4079.380032 17.635530
4079.820975 17.372424
4080.261918 17.001081
4080.702861 17.277081
4081.143804 16.825821
4081.584747 17.304735
4082.025690 17.159684
4082.466633 17.394977
4082.907576 17.939834
4083.348519 17.693166
4083.789462 17.707141
4084.230405 17.497628
4084.671348 16.961002
4085.112291 17.439871
4085.553234 17.781465
4085.994177 17.758603
4086.435119 17.002971
4086.876062 16.122528
4087.317005 17.208894
4087.757948 16.731620
4088.198891 17.525517
4088.639834 17.216981
4089.080777 16.818762
4089.521720 16.618304
4089.962663 17.168209
4090.403606 17.712099
4090.844549 17.658045
4091.285492 18.237849
4091.726435 18.282305
4092.167378 18.383241
4092.608321 17.860015
4093.049264 18.088611
4093.490206 18.156027
4093.931149 18.011505
4094.372092 18.119523
4094.813035 17.875259
4095.253978 18.245037
4095.694921 18.615034
4096.135864 19.440607
4096.576807 19.320103
4097.017750 19.315546
4097.458693 19.272330
4097.899636 18.531262
4098.340579 18.501907
4098.781522 18.893679
4099.222465 19.051919
4099.663408 19.257463
4100.104351 19.522262
4100.545294 19.347901
4100.986236 19.648577
4101.427179 19.237511
4101.868122 19.231819
4102.309065 19.896514
4102.750008 19.316559
4103.190951 19.651072
4103.631894 20.158010
4104.072837 20.505568
4104.513780 18.828885
4104.954723 19.051193
4105.395666 18.308108
4105.836609 17.989633
4106.277552 17.940242
4106.718495 18.281995
4107.159438 18.527128
4107.600381 19.233323
4108.041323 18.420244
4108.482266 18.541367
4108.923209 18.839965
4109.364152 19.188792
4109.805095 18.975130
4110.246038 19.153656
4110.686981 19.030114
4111.127924 18.369788
4111.568867 18.854703
4112.009810 18.884526
4112.450753 18.994176
4112.891696 18.132371
4113.332639 17.575875
4113.773582 18.283612
4114.214525 18.143723
4114.655468 18.695065
4115.096410 19.081644
4115.537353 18.521860
4115.978296 18.007235
4116.419239 17.810344
4116.860182 17.638371
4117.301125 17.871722
4117.742068 18.282683
4118.183011 17.987698
4118.623954 17.756932
4119.064897 17.577674
4119.505840 18.015458
4119.946783 18.056701
4120.387726 18.631820
4120.828669 18.456424
4121.269612 18.384578
4121.710555 17.965417
4122.151497 17.866280
4122.592440 17.664295
4123.033383 17.136889
4123.474326 16.603354
4123.915269 16.719353
4124.356212 16.989881
4124.797155 16.909064
4125.238098 17.028834
4125.679041 16.859711
4126.119984 16.861789
4126.560927 17.092215
4127.001870 17.169169
4127.442813 17.194345
4127.883756 17.101390
4128.324699 16.928299
4128.765642 17.088798
4129.206584 16.872491
4129.647527 17.124842
4130.088470 17.159306
4130.529413 16.895996
4130.970356 16.961659
4131.411299 17.021835
4131.852242 16.419637
4132.293185 16.310244
4132.734128 16.079501
4133.175071 16.415427
4133.616014 16.273225
4134.056957 16.838095
4134.497900 16.883367
4134.938843 16.541289
4135.379786 16.826887
4135.820729 16.561741
4136.261671 16.468604
4136.702614 16.325004
4137.143557 16.140009
4137.584500 16.107087
4138.025443 16.006733
4138.466386 15.968808
4138.907329 16.072366
4139.348272 15.724589
4139.789215 15.606633
4140.230158 15.858054
4140.671101 16.041485
4141.112044 15.972194
4141.552987 15.847594
4141.993930 15.829856
4142.434873 15.882988
4142.875816 15.632421
4143.316759 15.625278
4143.757701 15.796994
4144.198644 15.726335
4144.639587 15.756401
4145.080530 15.368793
4145.521473 15.829289
4145.962416 16.107518
4146.403359 15.865673
4146.844302 15.316954
4147.285245 14.860116
4147.726188 14.615883
4148.167131 14.282360
4148.608074 15.111530
4149.049017 15.718739
4149.489960 16.629663
4149.930903 15.989879
4150.371846 16.214092
4150.812788 15.311006
4151.253731 15.405351
4151.694674 15.914731
4152.135617 16.139087
4152.576560 16.144068
4153.017503 16.279030
4153.458446 15.747497
4153.899389 14.835802
4154.340332 14.526934
4154.781275 14.714181
4155.222218 14.894988
4155.663161 15.284440
4156.104104 15.646380
4156.545047 15.382670
4156.985990 15.310439
4157.426933 15.528696
4157.867875 15.224906
4158.308818 15.301490
4158.749761 15.306290
4159.190704 15.507866
4159.631647 15.409644
4160.072590 14.910346
4160.513533 15.133856
4160.954476 15.394256
4161.395419 15.287077
4161.836362 15.794507
4162.277305 15.610019
4162.718248 15.474173
4163.159191 15.747747
4163.600134 15.511562
4164.041077 15.545807
4164.482020 15.530449
4164.922962 15.565397
4165.363905 15.578971
4165.804848 16.039527
4166.245791 17.176561
4166.686734 17.254271
4167.127677 14.812063
4167.568620 13.405923
4168.009563 13.197400
4168.450506 13.795903
4168.891449 15.354592
4169.332392 15.985231
4169.773335 16.486003
4170.214278 16.339357
4170.655221 17.289771
4171.096164 16.840174
4171.537107 16.854624
4171.978049 16.651884
4172.418992 16.447178
4172.859935 16.195787
4173.300878 16.049670
4173.741821 16.287003
4174.182764 16.919449
4174.623707 17.108237
4175.064650 17.276423
4175.505593 17.069632
4175.946536 16.496229
4176.387479 16.555165
4176.828422 16.288749
4177.269365 16.430014
4177.710308 16.674452
4178.151251 16.794388
4178.592194 17.147697
4179.033136 16.977138
4179.474079 17.296233
4179.915022 16.664898
4180.355965 16.480387
4180.796908 16.599817
4181.237851 16.821309
4181.678794 16.884629
4182.119737 16.650312
4182.560680 17.181277
4183.001623 16.997091
4183.442566 16.388340
4183.883509 15.404368
4184.324452 16.301371
4184.765395 16.093483
4185.206338 16.509886
4185.647281 16.407310
4186.088223 16.375295
4186.529166 15.673135
4186.970109 15.591752
4187.411052 15.698756
4187.851995 15.898270
4188.292938 16.307085
4188.733881 16.494067
4189.174824 15.944743
4189.615767 16.323372
4190.056710 15.367108
4190.497653 14.808405
4190.938596 14.197432
4191.379539 14.012369
4191.820482 14.063536
4192.261425 15.511570
4192.702368 16.528463
4193.143311 16.212913
4193.584253 17.194647
4194.025196 16.047690
4194.466139 14.812532
4194.907082 15.270662
4195.348025 15.338955
4195.788968 15.741527
4196.229911 15.633736
4196.670854 15.599332
4197.111797 15.570295
4197.552740 15.428569
4197.993683 15.376691
4198.434626 15.152259
4198.875569 14.681334
4199.316512 14.223756
4199.757455 15.095076
4200.198398 14.777584
4200.639340 14.762529
4201.080283 14.570316
4201.521226 14.604485
4201.962169 14.980287
4202.403112 15.039352
4202.844055 14.839143
4203.284998 14.644784
4203.725941 14.902221
4204.166884 14.878127
4204.607827 15.009203
4205.048770 14.373100
4205.489713 13.804708
4205.930656 13.328477
4206.371599 13.365511
4206.812542 14.540273
4207.253485 15.193669
4207.694427 15.106716
4208.135370 15.318964
4208.576313 14.633545
4209.017256 14.905010
4209.458199 14.461905
4209.899142 14.378836
4210.340085 14.206025
4210.781028 14.049055
4211.221971 14.071041
4211.662914 14.636221
4212.103857 14.450621
4212.544800 14.708248
4212.985743 14.747692
4213.426686 14.722509
4213.867629 14.699156
4214.308572 15.013859
4214.749514 15.515182
4215.190457 15.612725
4215.631400 14.922552
4216.072343 14.839838
4216.513286 14.712745
4216.954229 14.377718
4217.395172 14.766648
4217.836115 14.306182
4218.277058 14.365278
4218.718001 14.830247
4219.158944 15.252303
4219.599887 15.138134
4220.040830 14.862459
4220.481773 14.838032
4220.922716 15.267926
4221.363659 16.245518
4221.804601 16.320160
4222.245544 15.029315
4222.686487 15.159364
4223.127430 14.761214
4223.568373 15.059584
4224.009316 15.197108
4224.450259 17.354565
4224.891202 17.493743
4225.332145 17.106688
4225.773088 17.052959
4226.214031 16.356581
4226.654974 14.911850
4227.095917 15.335750
4227.536860 14.951952
4227.977803 15.576658
4228.418746 16.070688
4228.859688 16.026641
4229.300631 15.949974
4229.741574 16.171632
4230.182517 16.158564
4230.623460 16.186158
4231.064403 16.293843
4231.505346 16.432160
4231.946289 16.030873
4232.387232 15.102219
4232.828175 15.437835
4233.269118 15.520035
4233.710061 16.121417
4234.151004 16.428457
4234.591947 16.576849
4235.032890 17.176863
4235.473833 17.236291
4235.914775 16.992171
4236.355718 16.666297
4236.796661 16.446717
4237.237604 16.571188
4237.678547 16.528584
4238.119490 17.002162
4238.560433 16.914891
4239.001376 16.914423
4239.442319 17.217442
4239.883262 16.867926
4240.324205 16.825715
4240.765148 17.408339
4241.206091 17.981213
4241.647034 17.219686
4242.087977 16.468363
4242.528920 15.943927
4242.969863 15.154474
4243.410805 14.783449
4243.851748 15.977099
4244.292691 16.602606
4244.733634 16.334557
4245.174577 16.748353
4245.615520 16.799573
4246.056463 16.672706
4246.497406 16.646193
4246.938349 16.024721
4247.379292 16.050811
4247.820235 16.357896
4248.261178 16.286217
4248.702121 15.974416
4249.143064 15.904452
4249.584007 15.932636
4250.024950 15.864373
4250.465892 16.167853
4250.906835 15.936679
4251.347778 15.994565
4251.788721 15.854759
4252.229664 15.392971
4252.670607 15.779732
4253.111550 15.956405
4253.552493 16.374932
4253.993436 16.567228
4254.434379 16.395043
4254.875322 16.066086
4255.316265 14.904814
4255.757208 13.713552
4256.198151 14.282836
4256.639094 14.853465
4257.080037 16.000075
4257.520979 16.456776
4257.961922 16.832994
4258.402865 16.246410
4258.843808 15.230280
4259.284751 14.973311
4259.725694 13.990239
4260.166637 14.882639
4260.607580 15.120244
4261.048523 15.675055
4261.489466 15.553645
4261.930409 15.927511
4262.371352 15.817688
4262.812295 15.405502
4263.253238 15.743129
4263.694181 15.676944
4264.135124 15.767284
4264.576066 15.468792
4265.017009 15.531583
4265.457952 15.040856
4265.898895 15.192823
4266.339838 15.682250
4266.780781 15.752659
4267.221724 15.792958
4267.662667 15.437737
4268.103610 15.384741
4268.544553 14.800084
4268.985496 15.282845
4269.426439 15.454817
4269.867382 15.454477
4270.308325 15.654286
4270.749268 15.700041
4271.190211 15.440843
4271.631153 15.275347
4272.072096 15.288483
4272.513039 15.816471
4272.953982 15.980296
4273.394925 15.749417
4273.835868 15.692839
4274.276811 15.667799
4274.717754 15.444932
4275.158697 15.240989
4275.599640 14.848213
4276.040583 15.501042
4276.481526 15.402781
4276.922469 15.211763
4277.363412 15.173709
4277.804355 15.368725
4278.245298 15.637023
4278.686240 15.664920
4279.127183 15.535438
4279.568126 15.532838
4280.009069 15.494096
4280.450012 15.389313
4280.890955 15.496409
4281.331898 15.963427
4281.772841 16.274200
4282.213784 15.607517
4282.654727 14.902705
4283.095670 13.142167
4283.536613 13.382274
4283.977556 14.548028
4284.418499 15.353579
4284.859442 15.984037
4285.300385 16.356037
4285.741328 16.409796
4286.182270 15.936694
4286.623213 15.863111
4287.064156 15.392956
4287.505099 15.652744
4287.946042 16.120578
4288.386985 16.132134
4288.827928 16.709452
4289.268871 16.619422
4289.709814 16.521986
4290.150757 16.378514
4290.591700 15.933142
4291.032643 15.680134
4291.473586 15.904928
4291.914529 16.581913
4292.355472 16.732194
4292.796415 17.467397
4293.237357 17.068642
4293.678300 16.863792
4294.119243 16.665949
4294.560186 16.000816
4295.001129 15.859861
4295.442072 16.303623
4295.883015 17.258534
4296.323958 17.509849
4296.764901 17.294804
4297.205844 17.132309
4297.646787 15.783276
4298.087730 16.478709
4298.528673 15.598962
4298.969616 15.140409
4299.410559 15.817083
4299.851502 17.449190
4300.292444 18.492921
4300.733387 18.019660
4301.174330 17.462280
4301.615273 17.792205
4302.056216 17.605797
4302.497159 17.708479
4302.938102 17.311500
4303.379045 17.103295
4303.819988 17.280626
4304.260931 16.999706
4304.701874 17.413395
4305.142817 16.763899
4305.583760 17.099531
4306.024703 17.188155
4306.465646 17.100521
4306.906589 16.745088
4307.347531 16.695402
4307.788474 17.520778
4308.229417 17.521912
4308.670360 17.454813
4309.111303 17.544140
4309.552246 17.666298
4309.993189 17.211554
4310.434132 17.469165
4310.875075 17.347876
4311.316018 17.505723
4311.756961 17.994893
4312.197904 18.196311
4312.638847 18.109909
4313.079790 17.792779
4313.520733 17.923781
4313.961676 17.596652
4314.402618 17.658869
4314.843561 18.494100
4315.284504 18.108307
4315.725447 17.326827
4316.166390 17.073539
4316.607333 16.591897
4317.048276 16.860043
4317.489219 17.369665
4317.930162 18.971525
4318.371105 19.088227
4318.812048 18.722462
4319.252991 18.521883
4319.693934 18.737737
4320.134877 18.816014
4320.575820 18.833684
4321.016763 18.832241
4321.457705 18.736444
4321.898648 18.804775
4322.339591 18.689170
4322.780534 18.504492
4323.221477 18.711813
4323.662420 18.802183
4324.103363 18.895311
4324.544306 18.828885
4324.985249 18.966023
4325.426192 18.724042
4325.867135 18.785760
4326.308078 19.176685
4326.749021 19.256519
4327.189964 19.416724
4327.630907 18.989899
4328.071850 19.385608
4328.512792 19.360576
4328.953735 19.303899
4329.394678 19.187145
4329.835621 18.664591
4330.276564 18.558100
4330.717507 19.165574
4331.158450 19.494698
4331.599393 19.468888
4332.040336 19.977785
4332.481279 20.071457
4332.922222 20.542587
4333.363165 20.418713
4333.804108 20.142169
4334.245051 20.876306
4334.685994 20.939845
4335.126937 21.088335
4335.567880 21.349174
4336.008822 21.060439
4336.449765 21.487476
4336.890708 21.392654
4337.331651 21.579131
4337.772594 21.371863
4338.213537 21.851253
4338.654480 21.539618
4339.095423 21.682681
4339.536366 21.512908
4339.977309 21.531584
4340.418252 21.858592
4340.859195 22.626331
4341.300138 22.613883
4341.741081 22.320682
4342.182024 22.110172
4342.622967 22.422169
4343.063909 22.806451
4343.504852 22.455553
4343.945795 22.935585
4344.386738 22.906525
4344.827681 22.912171
4345.268624 22.941579
4345.709567 23.395401
4346.150510 23.543468
4346.591453 23.144803
4347.032396 22.796558
4347.473339 22.668436
4347.914282 22.751830
4348.355225 22.287760
4348.796168 22.079683
4349.237111 22.311053
4349.678054 22.148649
4350.118996 22.093824
4350.559939 22.055921
4351.000882 22.435101
4351.441825 22.131130
4351.882768 22.081640
4352.323711 21.784985
4352.764654 21.719383
4353.205597 21.855954
4353.646540 21.406591
4354.087483 21.347851
4354.528426 21.371024
4354.969369 21.687027
4355.410312 21.130939
4355.851255 20.969246
4356.292198 20.721603
4356.733141 20.383160
4357.174083 20.047484
4357.615026 20.076906
4358.055969 20.149462
4358.496912 20.401995
4358.937855 20.411525
4359.378798 20.092347
4359.819741 20.167647
4360.260684 20.109851
4360.701627 19.620711
4361.142570 19.659597
4361.583513 19.727127
4362.024456 19.594712
4362.465399 19.864582
4362.906342 19.852195
4363.347285 20.319304
4363.788228 20.028294
4364.229170 20.051391
4364.670113 20.144368
4365.111056 19.827745
4365.551999 19.485183
4365.992942 19.466099
4366.433885 19.336020
4366.874828 19.412340
4367.315771 19.376304
4367.756714 19.510683
4368.197657 19.200318
4368.638600 19.227738
4369.079543 18.758241
4369.520486 18.645402
4369.961429 18.543438
4370.402372 18.279576
4370.843315 18.221139
4371.284257 17.736216
4371.725200 17.980465
4372.166143 17.571801
4372.607086 17.829942
4373.048029 17.471969
4373.488972 17.707927
4373.929915 17.490395
4374.370858 17.420364
4374.811801 17.384653
4375.252744 17.283747
4375.693687 17.392173
4376.134630 17.247530
4376.575573 17.209884
4377.016516 17.317297
4377.457459 17.285387
4377.898402 17.162866
4378.339345 17.236858
4378.780287 16.790284
4379.221230 16.875514
4379.662173 17.221160
4380.103116 16.495715
4380.544059 16.802437
4380.985002 16.538878
4381.425945 16.282907
4381.866888 16.629679
4382.307831 16.953580
4382.748774 16.923855
4383.189717 16.865130
4383.630660 16.837642
4384.071603 16.719345
4384.512546 16.753220
4384.953489 16.405549
4385.394432 16.565451
4385.835374 16.961690
4386.276317 17.082072
4386.717260 17.099652
4387.158203 16.741981
4387.599146 16.067680
4388.040089 16.535205
4388.481032 16.498534
4388.921975 16.351457
4389.362918 16.385271
4389.803861 16.873345
4390.244804 16.638672
4390.685747 16.582343
4391.126690 16.909578
4391.567633 16.987969
4392.008576 16.665329
4392.449519 16.312587
4392.890461 16.415865
4393.331404 16.089553
4393.772347 15.774298
4394.213290 16.359234
4394.654233 16.387463
4395.095176 16.065300
4395.536119 16.273709
4395.977062 16.350988
4396.418005 16.259334
4396.858948 15.983682
4397.299891 15.826681
4397.740834 16.157619
4398.181777 16.157929
4398.622720 16.302058
4399.063663 16.400523
4399.504606 16.369271
4399.945548 15.958212
4400.386491 15.940224
4400.827434 15.880048
4401.268377 15.626420
4401.709320 15.408503
4402.150263 15.535906
4402.591206 15.379760
4403.032149 15.739599
4403.473092 15.379178
4403.914035 15.689112
4404.354978 15.710222
4404.795921 15.864841
4405.236864 15.706420
4405.677807 15.299155
4406.118750 15.461302
4406.559693 15.546631
4407.000635 15.566259
4407.441578 15.663620
4407.882521 15.629995
4408.323464 15.191288
4408.764407 15.370071
4409.205350 15.192604
4409.646293 14.961188
4410.087236 15.320423
4410.528179 15.386879
4410.969122 15.537917
4411.410065 15.596997
4411.851008 15.377160
4412.291951 15.449784
4412.732894 15.491715
4413.173837 15.191266
4413.614780 15.966238
4414.055722 16.168019
4414.496665 16.158375
4414.937608 16.007519
4415.378551 15.561505
4415.819494 15.781198
4416.260437 15.941841
4416.701380 15.980560
4417.142323 15.615642
4417.583266 15.675811
4418.024209 15.546729
4418.465152 15.551392
4418.906095 15.514669
4419.347038 15.523322
4419.787981 15.418479
4420.228924 15.673634
4420.669867 15.947699
4421.110809 15.959338
4421.551752 15.762681
4421.992695 16.072472
4422.433638 15.972632
4422.874581 15.995064
4423.315524 15.231655
4423.756467 15.070679
4424.197410 15.282422
4424.638353 15.123902
4425.079296 15.319584
4425.520239 15.276708
4425.961182 15.359066
4426.402125 15.518009
4426.843068 15.430005
4427.284011 15.387068
4427.724954 14.959571
4428.165897 15.043970
4428.606839 15.244020
4429.047782 15.229275
4429.488725 15.406447
4429.929668 15.236424
4430.370611 14.812343
4430.811554 14.640604
4431.252497 14.764259
4431.693440 14.920073
4432.134383 14.884082
4432.575326 15.099641
4433.016269 15.279708
4433.457212 15.240188
4433.898155 15.256982
4434.339098 15.021009
4434.780041 14.908547
4435.220984 14.826945
4435.661926 14.677480
4436.102869 14.660474
4436.543812 14.567550
4436.984755 14.394194
4437.425698 14.327722
4437.866641 14.208481
4438.307584 14.209252
4438.748527 14.156098
4439.189470 14.321275
4439.630413 14.546040
4440.071356 14.510631
4440.512299 14.112783
4440.953242 13.934379
4441.394185 14.174085
4441.835128 14.662931
4442.276071 14.946231
4442.717013 15.016572
4443.157956 14.959321
4443.598899 14.871249
4444.039842 14.817475
4444.480785 14.672680
4444.921728 14.569810
4445.362671 14.624060
4445.803614 14.685891
4446.244557 14.689580
4446.685500 14.711747
4447.126443 15.024841
4447.567386 15.289503
4448.008329 15.283072
4448.449272 15.257541
4448.890215 14.921970
4449.331158 14.742939
4449.772100 14.606027
4450.213043 14.923588
4450.653986 14.806115
4451.094929 14.487678
4451.535872 14.468609
4451.976815 15.012302
4452.417758 14.617145
4452.858701 14.215775
4453.299644 14.124105
4453.740587 14.669476
4454.181530 14.669884
4454.622473 15.653825
4455.063416 15.401141
4455.504359 16.506515
4455.945302 16.120306
4456.386245 15.579855
4456.827187 14.764917
4457.268130 13.058410
4457.709073 13.515573
4458.150016 15.015718
4458.590959 15.577996
4459.031902 15.822434
4459.472845 15.827112
4459.913788 15.728663
4460.354731 14.973455
4460.795674 14.522112
4461.236617 14.708852
4461.677560 14.721603
4462.118503 14.330829
4462.559446 14.052902
4463.000389 14.288179
4463.441332 14.446230
4463.882274 14.960258
4464.323217 15.366186
4464.764160 16.032340
4465.205103 15.782354
4465.646046 15.127303
4466.086989 15.177775
4466.527932 15.182476
4466.968875 15.043388
4467.409818 15.408079
4467.850761 15.561467
4468.291704 15.503717
4468.732647 15.094366
4469.173590 15.338252
4469.614533 15.462315
4470.055476 15.832017
4470.496419 15.484890
4470.937361 16.188236
4471.378304 15.899736
4471.819247 15.917905
4472.260190 15.956428
4472.701133 15.750808
4473.142076 15.604781
4473.583019 15.568813
4474.023962 15.612710
4474.464905 15.561633
4474.905848 15.697267
4475.346791 15.744799
4475.787734 15.892926
4476.228677 15.732616
4476.669620 15.480529
4477.110563 15.661428
4477.551506 16.067008
4477.992449 16.456708
4478.433391 16.183180
4478.874334 16.174065
4479.315277 15.881627
4479.756220 15.554529
4480.197163 15.260005
4480.638106 15.916311
4481.079049 16.010323
4481.519992 16.186090
4481.960935 15.782400
4482.401878 15.899200
4482.842821 15.809472
4483.283764 16.002871
4483.724707 15.658556
4484.165650 16.180520
4484.606593 15.604728
4485.047536 16.636118
4485.488478 17.247061
4485.929421 15.918593
4486.370364 15.892654
4486.811307 14.815683
4487.252250 14.557626
4487.693193 14.609481
4488.134136 16.125990
4488.575079 16.590899
4489.016022 17.962281
4489.456965 19.106487
4489.897908 17.719770
4490.338851 17.119189
4490.779794 16.310750
4491.220737 15.770874
4491.661680 15.086392
4492.102623 14.760518
4492.543565 14.727203
4492.984508 16.307462
4493.425451 17.013333
4493.866394 16.943022
4494.307337 16.759773
4494.748280 16.673749
4495.189223 16.235126
4495.630166 15.560832
4496.071109 15.865091
4496.512052 16.882649
4496.952995 16.664120
4497.393938 15.998548
4497.834881 16.052746
4498.275824 15.900998
4498.716767 16.144091
4499.157710 16.729148
4499.598652 17.046739
4500.039595 16.878968
4500.480538 17.016175
4500.921481 16.888091
4501.362424 17.000106
4501.803367 16.536134
4502.244310 16.591163
4502.685253 16.679462
4503.126196 16.839267
4503.567139 16.747136
4504.008082 16.672796
4504.449025 16.623821
4504.889968 16.528546
4505.330911 17.030640
4505.771854 16.899095
4506.212797 17.008035
4506.653739 16.562156
4507.094682 16.239101
4507.535625 16.689348
4507.976568 17.311469
4508.417511 17.801947
4508.858454 18.105745
4509.299397 18.526191
4509.740340 18.211321
4510.181283 17.778654
4510.622226 17.783687
4511.063169 17.423039
4511.504112 17.740396
4511.945055 18.176456
4512.385998 17.975862
4512.826941 17.734009
4513.267884 17.397630
4513.708826 17.533188
4514.149769 17.823895
4514.590712 18.143255
4515.031655 18.798086
4515.472598 18.740730
4515.913541 17.444746
4516.354484 15.314135
4516.795427 16.105545
4517.236370 16.649344
4517.677313 18.550006
4518.118256 18.625985
4518.559199 19.386726
4519.000142 18.512549
4519.441085 18.575997
4519.882028 18.160124
4520.322971 18.168347
4520.763914 17.940756
4521.204856 17.948926
4521.645799 17.982241
4522.086742 18.030801
4522.527685 17.784594
4522.968628 17.869704
4523.409571 18.077002
4523.850514 18.033385
4524.291457 17.632310
4524.732400 17.294404
4525.173343 16.847233
4525.614286 16.033269
4526.055229 16.731385
4526.496172 17.559444
4526.937115 17.955101
4527.378058 17.903578
4527.819001 17.746540
4528.259943 17.821265
4528.700886 17.636860
4529.141829 17.251437
4529.582772 17.325346
4530.023715 17.612312
4530.464658 17.125024
4530.905601 17.120164
4531.346544 17.655498
4531.787487 18.035116
4532.228430 16.454668
4532.669373 14.685249
4533.110316 14.360977
4533.551259 13.988637
4533.992202 15.191870
4534.433145 16.125362
4534.874088 16.565769
4535.315030 17.678836
4535.755973 17.566473
4536.196916 17.400811
4536.637859 17.383171
4537.078802 16.882634
4537.519745 16.929365
4537.960688 16.791433
4538.401631 17.069216
4538.842574 17.126339
4539.283517 17.061424
4539.724460 16.918217
4540.165403 17.283316
4540.606346 17.605729
4541.047289 17.749465
4541.488232 17.426455
4541.929175 17.395974
4542.370117 17.095631
4542.811060 16.964864
4543.252003 17.418663
4543.692946 17.366907
4544.133889 16.808257
4544.574832 16.656267
4545.015775 16.091473
4545.456718 15.654051
4545.897661 16.267987
4546.338604 17.046641
4546.779547 17.405800
4547.220490 18.064342
4547.661433 18.450612
4548.102376 18.195979
4548.543319 17.370852
4548.984262 17.506070
4549.425204 17.681618
4549.866147 18.081250
4550.307090 18.819710
4550.748033 19.232182
4551.188976 17.952213
4551.629919 16.055648
4552.070862 15.882587
4552.511805 15.603814
4552.952748 15.895201
4553.393691 17.098064
4553.834634 18.029402
4554.275577 18.278284
4554.716520 18.242709
4555.157463 18.033809
4555.598406 17.812067
4556.039349 17.508421
4556.480291 17.938775
4556.921234 17.919367
4557.362177 17.895393
4557.803120 17.660750
4558.244063 17.705501
4558.685006 17.948026
4559.125949 18.137798
4559.566892 17.991265
4560.007835 17.866031
4560.448778 17.876581
4560.889721 17.562581
4561.330664 17.568725
4561.771607 17.571938
4562.212550 17.901832
4562.653493 17.493320
4563.094436 17.537277
4563.535378 17.430627
4563.976321 17.530067
4564.417264 17.565158
4564.858207 17.507000
4565.299150 17.556799
4565.740093 17.675692
4566.181036 17.805431
4566.621979 17.993177
4567.062922 17.217850
4567.503865 16.528100
4567.944808 16.447080
4568.385751 17.176379
4568.826694 17.381947
4569.267637 17.654349
4569.708580 17.260809
4570.149523 17.377382
4570.590466 17.303783
4571.031408 17.742489
4571.472351 17.712824
4571.913294 17.892143
4572.354237 17.665912
4572.795180 16.964645
4573.236123 16.667151
4573.677066 15.969760
4574.118009 15.780813
4574.558952 16.485066
4574.999895 17.321401
4575.440838 17.293950
4575.881781 17.584922
4576.322724 17.702954
4576.763667 17.670281
4577.204610 17.380118
4577.645553 17.655792
4578.086495 17.078648
4578.527438 17.494424
4578.968381 17.309520
4579.409324 17.518609
4579.850267 17.328989
4580.291210 17.475317
4580.732153 17.355645
4581.173096 17.303503
4581.614039 17.506615
4582.054982 17.714744
4582.495925 17.558159
4582.936868 17.607165
4583.377811 17.503380
4583.818754 17.453278
4584.259697 17.214993
4584.700640 17.407115
4585.141582 17.134486
4585.582525 16.778131
4586.023468 17.070335
4586.464411 17.416373
4586.905354 17.695562
4587.346297 17.422049
4587.787240 17.104217
4588.228183 17.147297
4588.669126 17.212725
4589.110069 17.173848
4589.551012 17.713769
4589.991955 17.615879
4590.432898 17.656080
4590.873841 17.500289
4591.314784 16.992662
4591.755727 17.248920
4592.196669 16.983237
4592.637612 16.889859
4593.078555 17.076426
4593.519498 17.463081
4593.960441 16.940671
4594.401384 17.227085
4594.842327 17.240697
4595.283270 17.366461
4595.724213 17.576026
4596.165156 17.222740
4596.606099 16.668881
4597.047042 16.823372
4597.487985 16.782590
4597.928928 16.527042
4598.369871 16.354352
4598.810814 16.703859
4599.251756 16.492374
4599.692699 16.489086
4600.133642 16.587732
4600.574585 16.481649
4601.015528 16.236924
4601.456471 16.340944
4601.897414 16.318633
4602.338357 15.933376
4602.779300 15.903485
4603.220243 16.035453
4603.661186 15.954176
4604.102129 15.665298
4604.543072 15.514434
4604.984015 15.152758
4605.424958 15.324723
4605.865901 15.496265
4606.306843 15.959920
4606.747786 16.179673
4607.188729 16.067151
4607.629672 15.847080
4608.070615 15.638920
4608.511558 15.289345
4608.952501 15.217174
4609.393444 15.365544
4609.834387 15.614372
4610.275330 15.696172
4610.716273 15.721967
4611.157216 15.886510
4611.598159 15.609535
4612.039102 15.667920
4612.480045 15.551604
4612.920988 15.305617
4613.361931 15.281946
4613.802873 15.348765
4614.243816 15.239780
4614.684759 15.031794
4615.125702 15.186255
4615.566645 15.438046
4616.007588 15.463358
4616.448531 15.472208
4616.889474 15.555164
4617.330417 15.517722
4617.771360 15.517986
4618.212303 15.544855
4618.653246 15.878650
4619.094189 15.927474
4619.535132 16.067129
4619.976075 16.132950
4620.417018 16.097421
4620.857960 16.109483
4621.298903 15.955657
4621.739846 15.857986
4622.180789 16.118946
4622.621732 15.885558
4623.062675 16.053283
4623.503618 15.955120
4623.944561 16.355062
4624.385504 16.218642
4624.826447 16.665911
4625.267390 15.934193
4625.708333 16.412872
4626.149276 16.246999
4626.590219 16.673318
4627.031162 16.598517
4627.472105 16.611630
4627.913047 16.224582
4628.353990 16.606121
4628.794933 16.990085
4629.235876 16.902738
4629.676819 17.054886
4630.117762 17.169305
4630.558705 17.154099
4630.999648 17.029975
4631.440591 16.834135
4631.881534 16.563887
4632.322477 16.402367
4632.763420 16.739835
4633.204363 17.161876
4633.645306 16.780625
4634.086249 16.787745
4634.527192 17.160032
4634.968134 16.459505
4635.409077 16.900516
4635.850020 16.641023
4636.290963 16.566782
4636.731906 16.659925
4637.172849 16.297562
4637.613792 15.937926
4638.054735 16.597051
4638.495678 16.696022
4638.936621 16.908558
4639.377564 16.602145
4639.818507 16.470441
4640.259450 16.849825
4640.700393 17.073312
4641.141336 16.652360
4641.582279 16.620556
4642.023221 16.585457
4642.464164 16.137682
4642.905107 15.530820
4643.346050 15.644128
4643.786993 15.547810
4644.227936 15.586136
4644.668879 15.606323
4645.109822 15.326756
4645.550765 15.387711
4645.991708 15.402570
4646.432651 14.720091
4646.873594 15.115460
4647.314537 15.227922
4647.755480 15.220704
4648.196423 16.015024
4648.637366 15.800803
4649.078308 15.745510
4649.519251 15.624719
4649.960194 15.433202
4650.401137 15.335425
4650.842080 15.473538
4651.283023 15.224022
4651.723966 15.209526
4652.164909 15.235789
4652.605852 15.741247
4653.046795 15.215980
4653.487738 14.755190
4653.928681 14.371354
4654.369624 15.181735
4654.810567 14.765574
4655.251510 14.516504
4655.692453 15.427541
4656.133395 15.309184
4656.574338 14.666173
4657.015281 14.674539
4657.456224 14.587336
4657.897167 14.935771
4658.338110 15.385247
4658.779053 15.708279
4659.219996 15.808852
4659.660939 14.713637
4660.101882 14.430631
4660.542825 14.744375
4660.983768 14.809199
4661.424711 14.611030
4661.865654 14.567195
4662.306597 14.579008
4662.747540 14.294407
4663.188483 14.542843
4663.629425 15.000882
4664.070368 15.432643
4664.511311 15.475451
4664.952254 14.924850
4665.393197 14.595159
4665.834140 15.016497
4666.275083 15.372013
4666.716026 15.374855
4667.156969 15.491602
4667.597912 15.240725
4668.038855 15.027501
4668.479798 14.298073
4668.920741 14.574314
4669.361684 14.668319
4669.802627 14.968013
4670.243570 14.667798
4670.684512 14.819734
4671.125455 14.731783
4671.566398 14.532610
4672.007341 14.489288
4672.448284 14.364567
4672.889227 14.486839
4673.330170 14.197515
4673.771113 14.277954
4674.212056 14.357387
4674.652999 14.364492
4675.093942 14.327828
4675.534885 14.472169
4675.975828 14.297022
4676.416771 14.206773
4676.857714 14.090608
4677.298657 14.286668
4677.739599 14.475510
4678.180542 14.272920
4678.621485 14.382827
4679.062428 14.497057
4679.503371 14.519489
4679.944314 14.827965
4680.385257 14.617795
4680.826200 14.621060
4681.267143 14.481322
4681.708086 14.527138
4682.149029 14.782111
4682.589972 14.882231
4683.030915 15.153484
4683.471858 14.898873
4683.912801 14.900445
4684.353744 15.030373
4684.794686 14.952527
4685.235629 14.697538
4685.676572 14.562834
4686.117515 14.643643
4686.558458 14.803855
4686.999401 14.822795
4687.440344 14.841305
4687.881287 14.648979
4688.322230 14.551633
4688.763173 14.344856
4689.204116 14.295564
4689.645059 14.577254
4690.086002 15.034318
4690.526945 14.689799
4690.967888 14.453063
4691.408831 14.247692
4691.849773 14.243338
4692.290716 14.281672
4692.731659 14.309659
4693.172602 14.349595
4693.613545 14.398298
4694.054488 14.094191
4694.495431 13.838106
4694.936374 13.928128
4695.377317 14.251629
4695.818260 14.330269
4696.259203 14.079014
4696.700146 13.826739
4697.141089 13.438021
4697.582032 13.328326
4698.022975 13.272427
4698.463918 13.216386
4698.904860 13.382221
4699.345803 13.422769
4699.786746 13.731049
4700.227689 13.570375
4700.668632 13.583828
4701.109575 13.760116
4701.550518 13.188965
4701.991461 13.087939
4702.432404 13.243654
4702.873347 13.439979
4703.314290 13.478411
4703.755233 13.774469
4704.196176 13.709161
4704.637119 13.702132
4705.078062 13.699192
4705.519005 13.561192
4705.959948 13.435187
4706.400890 13.593404
4706.841833 13.793492
4707.282776 13.501507
4707.723719 13.471042
4708.164662 13.389371
4708.605605 13.851960
4709.046548 13.746701
4709.487491 13.892002
4709.928434 13.463113
4710.369377 12.916768
4710.810320 12.834371
4711.251263 13.086972
4711.692206 12.205916
4712.133149 13.293733
4712.574092 14.092785
4713.015035 14.032707
4713.455977 14.757616
4713.896920 14.631936
4714.337863 13.475410
4714.778806 12.717330
4715.219749 11.935215
4715.660692 12.752950
4716.101635 13.498371
4716.542578 14.243165
4716.983521 13.905304
4717.424464 13.825205
4717.865407 13.896635
4718.306350 14.683027
4718.747293 14.305207
4719.188236 13.940539
4719.629179 13.234419
4720.070122 11.573033
4720.511064 11.207381
4720.952007 11.719928
4721.392950 12.850371
4721.833893 13.908334
4722.274836 14.668803
4722.715779 14.450251
4723.156722 14.061986
4723.597665 13.431196
4724.038608 13.065787
4724.479551 13.148591
4724.920494 13.411493
4725.361437 13.710287
4725.802380 13.726642
4726.243323 13.841507
4726.684266 13.602753
4727.125209 13.341869
4727.566151 13.195820
4728.007094 12.702554
4728.448037 13.141781
4728.888980 13.543953
4729.329923 13.700938
4729.770866 13.705888
4730.211809 13.328401
4730.652752 13.160548
4731.093695 13.595702
4731.534638 13.585362
4731.975581 13.443735
4732.416524 13.234358
4732.857467 13.350614
4733.298410 13.603365
4733.739353 13.419429
4734.180296 13.375109
4734.621238 13.240903
4735.062181 13.333291
4735.503124 13.337304
4735.944067 13.221669
4736.385010 13.170441
4736.825953 13.129326
4737.266896 13.415249
4737.707839 13.473316
4738.148782 13.561608
4738.589725 13.684703
4739.030668 13.796999
4739.471611 13.978396
4739.912554 13.574638
4740.353497 13.661811
4740.794440 13.635796
4741.235383 13.652681
4741.676325 13.984163
4742.117268 14.032669
4742.558211 13.655915
4742.999154 13.723445
4743.440097 13.428521
4743.881040 13.469878
4744.321983 13.867106
4744.762926 14.325274
4745.203869 14.409665
4745.644812 13.740194
4746.085755 11.578799
4746.526698 11.001111
4746.967641 11.280413
4747.408584 12.415542
4747.849527 13.360787
4748.290470 14.851168
4748.731412 16.673204
4749.172355 15.874614
4749.613298 15.128225
4750.054241 13.828583
4750.495184 13.356585
4750.936127 12.224894
4751.377070 11.965651
4751.818013 12.222559
4752.258956 12.797768
4752.699899 14.115428
4753.140842 14.893915
4753.581785 14.416437
4754.022728 13.842203
4754.463671 13.862564
4754.904614 13.301336
4755.345557 12.729997
4755.786500 12.954852
4756.227442 12.487509
4756.668385 12.943137
4757.109328 13.073534
4757.550271 12.980088
4757.991214 12.564002
4758.432157 12.239549
4758.873100 12.102607
4759.314043 12.502390
4759.754986 13.090085
4760.195929 13.157502
4760.636872 12.771988
4761.077815 12.789765
4761.518758 12.982824
4761.959701 13.093063
4762.400644 12.904191
4762.841587 12.751824
4763.282529 12.884246
4763.723472 13.128676
4764.164415 13.190265
4764.605358 13.200824
4765.046301 12.431172
4765.487244 12.633021
4765.928187 13.338166
4766.369130 13.674463
4766.810073 13.559824
4767.251016 13.636439
4767.691959 12.296249
4768.132902 11.550004
4768.573845 11.255253
4769.014788 12.135318
4769.455731 13.031489
4769.896674 13.186789
4770.337616 13.537430
4770.778559 13.506178
4771.219502 13.455714
4771.660445 13.333586
4772.101388 13.121141
4772.542331 12.896920
4772.983274 13.158961
4773.424217 12.722809
4773.865160 12.756442
4774.306103 12.790792
4774.747046 12.645492
4775.187989 12.733042
4775.628932 12.905015
4776.069875 13.110189
4776.510818 14.014689
4776.951761 13.262224
4777.392703 13.144276
4777.833646 12.877852
4778.274589 12.984396
4778.715532 12.460006
4779.156475 12.531503
4779.597418 13.175422
4780.038361 14.819100
4780.479304 14.785542
4780.920247 14.481201
4781.361190 13.538171
4781.802133 13.253117
4782.243076 13.216287
4782.684019 12.940189
4783.124962 13.150556
4783.565905 13.161969
4784.006848 13.233134
4784.447790 13.301654
4784.888733 13.098520
4785.329676 12.904418
4785.770619 13.941430
4786.211562 14.232047
4786.652505 14.132676
4787.093448 14.268121
4787.534391 13.262141
4787.975334 12.218667
4788.416277 12.525502
4788.857220 13.165536
4789.298163 14.216379
4789.739106 14.146008
4790.180049 13.818116
4790.620992 13.779094
4791.061935 13.276788
4791.502877 13.148455
4791.943820 13.290642
4792.384763 13.415937
4792.825706 13.083820
4793.266649 13.381836
4793.707592 13.269389
4794.148535 13.615738
4794.589478 13.839459
4795.030421 14.468383
4795.471364 12.142392
4795.912307 10.878650
4796.353250 10.575593
4796.794193 10.781085
4797.235136 11.069888
4797.676079 12.496896
4798.117022 13.130762
4798.557964 13.938558
4798.998907 14.324888
4799.439850 14.600434
4799.880793 14.099451
4800.321736 14.323089
4800.762679 14.098627
4801.203622 14.065607
4801.644565 14.416452
4802.085508 14.271733
4802.526451 14.006700
4802.967394 14.096889
4803.408337 14.065924
4803.849280 14.035647
4804.290223 14.405796
4804.731166 14.177040
4805.172109 14.164464
4805.613052 14.042548
4806.053994 13.959501
4806.494937 14.078206
4806.935880 14.292616
4807.376823 14.547574
4807.817766 14.945906
4808.258709 15.230884
4808.699652 14.125352
4809.140595 13.033439
4809.581538 13.122630
4810.022481 13.734079
4810.463424 14.586324
4810.904367 14.479621
4811.345310 14.678530
4811.786253 14.349882
4812.227196 14.605022
4812.668139 14.625715
4813.109081 15.028272
4813.550024 15.324731
4813.990967 15.022861
4814.431910 15.458151
4814.872853 15.806555
4815.313796 15.935810
4815.754739 16.491800
4816.195682 16.902821
4816.636625 13.773713
4817.077568 12.817215
4817.518511 13.661077
4817.959454 14.247730
4818.400397 15.152577
4818.841340 16.045090
4819.282283 17.030988
4819.723226 16.512773
4820.164168 15.802995
4820.605111 15.516248
4821.046054 15.558867
4821.486997 15.538544
4821.927940 16.004375
4822.368883 16.338775
4822.809826 16.516605
4823.250769 16.409479
4823.691712 16.128136
4824.132655 16.110995
4824.573598 15.690254
4825.014541 16.049677
4825.455484 16.319102
4825.896427 16.622786
4826.337370 16.416001
4826.778313 16.743886
4827.219255 17.032318
4827.660198 17.106990
4828.101141 16.993229
4828.542084 16.817825
4828.983027 16.515312
4829.423970 16.641287
4829.864913 16.262402
4830.305856 16.858713
4830.746799 16.854315
4831.187742 17.343341
4831.628685 17.448517
4832.069628 17.253183
4832.510571 16.321815
4832.951514 16.329766
4833.392457 15.574202
4833.833400 15.109996
4834.274342 15.815738
4834.715285 15.789746
4835.156228 16.186612
4835.597171 16.802845
4836.038114 18.598747
4836.479057 19.275746
4836.920000 20.408600
4837.360943 21.258827
4837.801886 20.959201
4838.242829 21.252402
4838.683772 20.667511
4839.124715 20.326778
4839.565658 19.950841
4840.006601 18.552175
4840.447544 17.914840
4840.888487 18.343584
4841.329429 19.039441
4841.770372 19.259066
4842.211315 19.808744
4842.652258 20.345205
4843.093201 19.647565
4843.534144 19.407329
4843.975087 19.240549
4844.416030 19.318448
4844.856973 19.615542
4845.297916 19.854251
4845.738859 19.974263
4846.179802 20.252484
4846.620745 20.165636
4847.061688 20.365853
4847.502631 20.336362
4847.943574 19.760268
4848.384517 19.511417
4848.825459 19.537061
4849.266402 19.724270
4849.707345 20.458770
4850.148288 21.225927
4850.589231 21.745782
4851.030174 21.836062
4851.471117 22.383110
4851.912060 21.945167
4852.353003 21.443655
4852.793946 21.042421
4853.234889 21.189120
4853.675832 21.599378
4854.116775 22.188169
4854.557718 22.854618
4854.998661 23.465228
4855.439604 23.659512
4855.880546 24.018263
4856.321489 24.863282
4856.762432 25.119404
4857.203375 25.583557
4857.644318 26.230673
4858.085261 27.344232
4858.526204 27.654446
4858.967147 27.991732
4859.408090 28.464124
4859.849033 28.255125
4860.289976 28.549899
4860.730919 28.470866
4861.171862 28.215688
4861.612805 28.559187
4862.053748 29.320170
4862.494691 28.991174
4862.935633 29.304049
4863.376576 29.567714
4863.817519 29.675641
4864.258462 29.832626
4864.699405 30.352738
4865.140348 30.469584
4865.581291 30.963515
4866.022234 29.565462
4866.463177 29.724011
4866.904120 29.928423
4867.345063 29.859880
4867.786006 29.161431
4868.226949 29.367150
4868.667892 29.209296
4869.108835 28.846682
4869.549778 28.699500
4869.990720 28.034140
4870.431663 27.292951
4870.872606 26.737536
4871.313549 26.149985
4871.754492 26.312253
4872.195435 25.716138
4872.636378 26.311240
4873.077321 25.706177
4873.518264 24.857696
4873.959207 24.702661
4874.400150 24.369660
4874.841093 23.620407
4875.282036 23.630293
4875.722979 23.646595
4876.163922 23.485710
4876.604865 22.929244
4877.045807 22.733600
4877.486750 22.909352
4877.927693 22.940392
4878.368636 22.953823
4878.809579 22.328935
4879.250522 22.004293
4879.691465 21.765894
4880.132408 21.652752
4880.573351 21.637137
4881.014294 21.778977
4881.455237 21.674783
4881.896180 21.593513
4882.337123 21.439219
4882.778066 20.828714
4883.219009 20.568427
4883.659952 20.398231
4884.100894 20.160565
4884.541837 20.222774
4884.982780 20.257563
4885.423723 20.007185
4885.864666 19.972101
4886.305609 19.570073
4886.746552 19.373492
4887.187495 19.148683
4887.628438 19.386038
4888.069381 19.245257
4888.510324 18.695344
4888.951267 18.810459
4889.392210 17.841936
4889.833153 17.740562
4890.274096 17.843969
4890.715039 18.310382
4891.155981 18.120929
4891.596924 18.092050
4892.037867 17.945442
4892.478810 17.893919
4892.919753 17.405543
4893.360696 17.102078
4893.801639 17.213202
4894.242582 17.027950
4894.683525 16.817273
4895.124468 16.718862
4895.565411 16.275031
4896.006354 16.884712
4896.447297 17.208878
4896.888240 16.868274
4897.329183 16.969724
4897.770126 16.878991
4898.211069 16.734748
4898.652011 16.873693
4899.092954 16.755155
4899.533897 16.780474
4899.974840 16.712770
4900.415783 16.777965
4900.856726 16.781109
4901.297669 16.644258
4901.738612 16.575277
4902.179555 16.554908
4902.620498 16.462664
4903.061441 16.479352
4903.502384 16.391975
4903.943327 16.153825
4904.384270 15.945598
4904.825213 15.774199
4905.266156 15.524146
4905.707098 15.684850
4906.148041 16.048725
4906.588984 15.893100
4907.029927 15.985337
4907.470870 15.781500
4907.911813 15.826833
4908.352756 16.033171
4908.793699 15.882391
4909.234642 15.880456
4909.675585 15.829765
4910.116528 15.235155
4910.557471 15.613088
4910.998414 15.460917
4911.439357 15.493574
4911.880300 15.721816
4912.321243 16.031153
4912.762185 16.100338
4913.203128 15.810545
4913.644071 16.028153
4914.085014 16.013090
4914.525957 15.830596
4914.966900 15.829735
4915.407843 15.592432
4915.848786 15.632050
4916.289729 15.793873
4916.730672 15.619784
4917.171615 15.836167
4917.612558 15.906825
4918.053501 15.843800
4918.494444 15.771411
4918.935387 15.717205
4919.376330 16.001700
4919.817272 16.095456
4920.258215 15.813614
4920.699158 15.881975
4921.140101 15.698643
4921.581044 15.631151
4922.021987 15.652925
4922.462930 15.517866
4922.903873 15.799224
4923.344816 16.471068
4923.785759 16.647568
4924.226702 16.334127
4924.667645 16.224000
4925.108588 16.116565
4925.549531 16.209134
4925.990474 15.730099
4926.431417 15.822940
4926.872359 15.752486
4927.313302 15.774101
4927.754245 15.728308
4928.195188 16.045067
4928.636131 15.914912
4929.077074 16.054613
4929.518017 16.272439
4929.958960 16.472459
4930.399903 16.435372
4930.840846 16.490734
4931.281789 16.621289
4931.722732 16.746675
4932.163675 16.731778
4932.604618 16.355032
4933.045561 16.294160
4933.486504 16.321052
4933.927446 16.189476
4934.368389 15.900915
4934.809332 15.973645
4935.250275 16.244679
4935.691218 16.423174
4936.132161 16.501194
4936.573104 16.090324
4937.014047 15.635693
4937.454990 15.450472
4937.895933 15.668162
4938.336876 15.896033
4938.777819 16.011109
4939.218762 15.862151
4939.659705 15.663914
4940.100648 15.196602
4940.541591 15.052163
4940.982534 15.126940
4941.423476 15.386766
4941.864419 15.271304
4942.305362 15.348992
4942.746305 15.339076
4943.187248 15.201711
4943.628191 15.108325
4944.069134 14.551346
4944.510077 14.807196
4944.951020 14.887211
4945.391963 14.975767
4945.832906 15.100994
4946.273849 15.233462
4946.714792 15.016210
4947.155735 14.899977
4947.596678 14.716342
4948.037621 14.735630
4948.478563 14.753512
4948.919506 14.809025
4949.360449 14.903695
4949.801392 14.936224
4950.242335 14.818963
4950.683278 15.051165
4951.124221 15.355492
4951.565164 15.469880
4952.006107 15.641981
4952.447050 15.690707
4952.887993 15.976630
4953.328936 16.493810
4953.769879 16.423302
4954.210822 16.397711
4954.651765 16.495193
4955.092708 16.453050
4955.533650 16.309186
4955.974593 16.525009
4956.415536 16.865780
4956.856479 17.430839
4957.297422 18.177439
4957.738365 18.885320
4958.179308 19.340230
4958.620251 19.727550
4959.061194 19.719010
4959.502137 19.808790
4959.943080 20.111854
4960.384023 20.349407
4960.824966 20.542466
4961.265909 21.049185
4961.706852 21.364018
4962.147795 22.055180
4962.588737 22.145331
4963.029680 22.071014
4963.470623 22.020641
4963.911566 21.697457
4964.352509 21.663280
4964.793452 21.181932
4965.234395 20.759514
4965.675338 20.204491
4966.116281 19.758265
4966.557224 19.125102
4966.998167 18.775949
4967.439110 18.205645
4967.880053 17.776953
4968.320996 16.936726
4968.761939 16.211810
4969.202882 15.544689
4969.643824 15.387514
4970.084767 15.033547
4970.525710 14.587223
4970.966653 14.252317
4971.407596 13.810860
4971.848539 13.615503
4972.289482 13.372668
4972.730425 13.309461
4973.171368 13.595724
4973.612311 13.958602
4974.053254 13.972637
4974.494197 13.626356
4974.935140 13.442420
4975.376083 13.403300
4975.817026 13.503775
4976.257969 13.513252
4976.698911 13.776615
4977.139854 13.963341
4977.580797 14.055381
4978.021740 13.912325
4978.462683 13.578530
4978.903626 13.318387
4979.344569 12.900858
4979.785512 12.799582
4980.226455 13.151478
4980.667398 13.359215
4981.108341 13.339239
4981.549284 13.610379
4981.990227 13.695413
4982.431170 13.624467
4982.872113 13.708594
4983.313056 13.804542
4983.753998 13.845702
4984.194941 13.581893
4984.635884 13.494282
4985.076827 13.858830
4985.517770 14.058578
4985.958713 13.899658
4986.399656 13.670570
4986.840599 13.824434
4987.281542 13.818267
4987.722485 13.933026
4988.163428 13.886363
4988.604371 14.010963
4989.045314 13.944340
4989.486257 14.217339
4989.927200 14.204272
4990.368143 14.403717
4990.809086 14.364114
4991.250028 14.410088
4991.690971 14.359806
4992.131914 14.377612
4992.572857 14.317761
4993.013800 14.434735
4993.454743 14.413293
4993.895686 14.667541
4994.336629 14.945846
4994.777572 15.297333
4995.218515 15.501835
4995.659458 15.441440
4996.100401 15.422288
4996.541344 15.501608
4996.982287 15.532551
4997.423230 15.987332
4997.864173 16.355032
4998.305115 16.806125
4998.746058 17.428647
4999.187001 18.076904
4999.627944 18.621934
5000.068887 19.082218
5000.509830 19.662703
5000.950773 20.011667
5001.391716 20.562736
5001.832659 21.000898
5002.273602 22.722218
5002.714545 24.389673
5003.155488 24.691060
5003.596431 24.463098
5004.037374 23.365199
5004.478317 23.674854
5004.919260 23.926782
5005.360202 26.872497
5005.801145 28.865615
5006.242088 30.382282
5006.683031 33.799165
5007.123974 35.623976
5007.564917 35.139741
5008.005860 35.185474
5008.446803 35.008324
5008.887746 36.612005
5009.328689 34.822445
5009.769632 35.857757
5010.210575 37.329402
5010.651518 37.900575
5011.092461 41.046681
5011.533404 42.652199
5011.974347 43.784071
5012.415289 42.328759
5012.856232 40.529720
5013.297175 35.584879
5013.738118 30.200477
5014.179061 28.088730
5014.620004 29.516932
5015.060947 30.630582
5015.501890 29.949917
5015.942833 29.325997
5016.383776 27.594277
5016.824719 25.809282
5017.265662 23.591460
5017.706605 22.361729
5018.147548 21.603104
5018.588491 20.512990
5019.029434 20.054815
5019.470376 19.728600
5019.911319 18.614701
5020.352262 17.379279
5020.793205 17.174981
5021.234148 16.569623
5021.675091 16.976163
5022.116034 17.633912
5022.556977 17.834159
5022.997920 17.979800
5023.438863 18.046045
5023.879806 17.028116
5024.320749 16.801810
5024.761692 15.707818
5025.202635 14.821072
5025.643578 13.921364
5026.084521 14.566930
5026.525463 15.364757
5026.966406 15.716117
5027.407349 15.756816
5027.848292 16.201856
5028.289235 16.262168
5028.730178 16.067854
5029.171121 15.872460
5029.612064 15.478489
5030.053007 15.574270
5030.493950 15.309230
5030.934893 15.720372
5031.375836 15.414859
5031.816779 15.298694
5032.257722 14.573687
5032.698665 14.670745
5033.139608 14.488154
5033.580550 14.526518
5034.021493 14.617266
5034.462436 14.855650
5034.903379 14.704491
5035.344322 14.429520
5035.785265 14.499378
5036.226208 14.266420
5036.667151 13.787385
5037.108094 13.631269
5037.549037 14.339906
5037.989980 14.788089
5038.430923 14.632079
5038.871866 15.415531
5039.312809 16.045951
5039.753752 16.954532
5040.194695 17.046663
5040.635638 15.915260
5041.076580 13.703288
5041.517523 16.015470
5041.958466 17.228877
5042.399409 16.067423
5042.840352 15.771154
5043.281295 15.989879
5043.722238 17.188903
5044.163181 17.336010
5044.604124 15.799828
5045.045067 13.278081
5045.486010 12.661567
5045.926953 12.880815
5046.367896 13.316082
5046.808839 12.801880
5047.249782 12.463989
5047.690725 11.965560
5048.131667 12.279954
5048.572610 12.391758
5049.013553 12.406549
5049.454496 12.473103
5049.895439 12.895039
5050.336382 12.981834
5050.777325 12.783212
5051.218268 12.776599
5051.659211 12.925021
5052.100154 12.341309
5052.541097 12.277256
5052.982040 12.729347
5053.422983 13.267220
5053.863926 12.711230
5054.304869 12.528344
5054.745812 12.509691
5055.186754 11.598548
5055.627697 10.823893
5056.068640 11.230055
5056.509583 12.154840
5056.950526 12.777226
5057.391469 12.811403
5057.832412 12.846131
5058.273355 12.900420
5058.714298 12.674408
5059.155241 12.362758
5059.596184 11.944678
5060.037127 12.155014
5060.478070 12.128576
5060.919013 12.022010
5061.359956 12.501567
5061.800899 12.362327
5062.241841 12.567290
5062.682784 13.213294
5063.123727 13.628117
5063.564670 13.511348
5064.005613 12.825748
5064.446556 12.202500
5064.887499 10.608138
5065.328442 10.131257
5065.769385 10.538371
5066.210328 10.705325
5066.651271 11.909284
5067.092214 13.065855
5067.533157 13.212977
5067.974100 13.072581
5068.415043 12.297994
5068.855986 11.881637
5069.296928 11.705961
5069.737871 12.008859
5070.178814 11.794033
5070.619757 11.961501
5071.060700 11.869643
5071.501643 11.943340
5071.942586 11.931701
5072.383529 12.161552
5072.824472 12.488227
5073.265415 13.132886
5073.706358 13.980429
5074.147301 14.298738
5074.588244 11.261398
5075.029187 7.751817
5075.470130 4.578427
5075.911073 4.640190
5076.352015 5.487439
5076.792958 6.438737
5077.233901 7.927841
5077.674844 10.164217
5078.115787 11.270512
5078.556730 11.196929
5078.997673 12.879265
5079.438616 12.219468
5079.879559 11.435388
5080.320502 10.222881
5080.761445 10.888491
5081.202388 11.518827
5081.643331 11.729149
5082.084274 11.594187
5082.525217 11.380442
5082.966160 11.929864
5083.407103 12.059074
5083.848045 12.422617
5084.288988 12.472552
5084.729931 12.462046
5085.170874 11.080922
5085.611817 7.549817
5086.052760 5.028168
5086.493703 5.420007
5086.934646 6.680484
5087.375589 8.665568
5087.816532 10.699823
5088.257475 12.467307
5088.698418 12.456212
5089.139361 12.468176
5089.580304 11.986163
5090.021247 11.797314
5090.462190 11.533467
5090.903132 11.550170
5091.344075 11.071347
5091.785018 10.779619
5092.225961 11.030912
5092.666904 11.822474
5093.107847 12.151711
5093.548790 12.678920
5093.989733 15.244942
5094.430676 15.516596
5094.871619 10.817658
5095.312562 6.944625
5095.753505 5.248412
5096.194448 4.262227
5096.635391 2.911894
5097.076334 5.882717
5097.517277 10.185606
5097.958219 14.127211
5098.399162 12.680719
5098.840105 11.892808
5099.281048 11.444669
5099.721991 11.194926
5100.162934 11.000000
5100.603877 11.158081
5101.044820 11.148604
5101.485763 11.217909
5101.926706 11.351730
5102.367649 11.300714
5102.808592 11.199272
5103.249535 11.163440
5103.690478 10.865598
5104.131421 11.354330
5104.572364 11.456195
5105.013306 11.097391
5105.454249 11.130034
5105.895192 10.760936
5106.336135 11.112703
5106.777078 11.587718
5107.218021 12.481803
5107.658964 13.147835
5108.099907 13.232680
5108.540850 13.634239
5108.981793 10.825760
5109.422736 7.754462
5109.863679 7.834387
5110.304622 9.134022
5110.745565 9.500111
5111.186508 10.189642
5111.627451 12.358465
5112.068393 11.821038
5112.509336 12.144010
5112.950279 12.045190
5113.391222 11.522417
5113.832165 11.389935
5114.273108 10.939272
5114.714051 11.449748
5115.154994 11.277700
5115.595937 11.556738
5116.036880 11.513507
5116.477823 12.399671
5116.918766 12.313488
5117.359709 12.012056
5117.800652 11.572965
5118.241595 10.811506
5118.682538 9.458664
5119.123480 9.490430
5119.564423 11.204388
5120.005366 11.598571
5120.446309 12.758732
5120.887252 12.820147
5121.328195 12.905748
5121.769138 12.697399
5122.210081 12.175224
5122.651024 11.724758
5123.091967 11.874480
5123.532910 11.681368
5123.973853 11.409820
5124.414796 11.179719
5124.855739 11.258367
5125.296682 11.369468
5125.737625 11.279967
5126.178567 11.333734
5126.619510 11.094693
5127.060453 11.131296
5127.501396 11.139292
5127.942339 11.268933
5128.383282 11.274564
5128.824225 11.288599
5129.265168 11.482640
5129.706111 11.611087
5130.147054 11.487424
5130.587997 11.199158
5131.028940 11.356484
5131.469883 11.322715
5131.910826 11.739533
5132.351769 11.599931
5132.792712 11.482020
5133.233655 11.295355
5133.674597 11.610520
5134.115540 12.232082
5134.556483 12.441965
5134.997426 12.216845
5135.438369 12.897797
5135.879312 12.146662
5136.320255 10.355757
5136.761198 9.015559
5137.202141 9.337352
5137.643084 10.418465
5138.084027 11.477539
5138.524970 12.048561
5138.965913 12.284783
5139.406856 12.425942
5139.847799 12.370407
5140.288742 12.276666
5140.729684 11.985664
5141.170627 11.884025
5141.611570 12.132469
5142.052513 12.504627
5142.493456 13.506488
5142.934399 13.891866
5143.375342 13.083850
5143.816285 10.971212
5144.257228 9.922485
5144.698171 7.727450
5145.139114 7.969296
5145.580057 9.664375
5146.021000 10.137537
5146.461943 11.636874
5146.902886 11.775380
5147.343829 13.077252
5147.784771 12.510099
5148.225714 12.295606
5148.666657 12.362811
5149.107600 12.260598
5149.548543 12.334242
5149.989486 12.518950
5150.430429 12.492429
5150.871372 12.485680
5151.312315 12.601988
5151.753258 12.513130
5152.194201 12.366106
5152.635144 12.341573
5153.076087 12.438496
5153.517030 12.381116
5153.957973 12.331876
5154.398916 12.317403
5154.839858 12.391372
5155.280801 12.932155
5155.721744 12.873393
5156.162687 12.572770
5156.603630 12.571167
5157.044573 12.520794
5157.485516 12.468780
5157.926459 12.686614
5158.367402 12.622924
5158.808345 13.290823
5159.249288 13.676254
5159.690231 13.570549
5160.131174 13.568395
5160.572117 13.601627
5161.013060 13.591492
5161.454003 13.668205
5161.894945 13.708118
5162.335888 13.561253
5162.776831 13.844878
5163.217774 14.005642
5163.658717 14.398313
5164.099660 14.733355
5164.540603 14.602906
5164.981546 14.787031
5165.422489 14.550061
5165.863432 13.728932
5166.304375 13.124784
5166.745318 13.285503
5167.186261 13.579195
5167.627204 13.886084
5168.068147 14.091054
5168.509090 14.270653
5168.950032 14.514440
5169.390975 14.737640
5169.831918 14.423353
5170.272861 14.452987
5170.713804 14.746347
5171.154747 14.948189
5171.595690 15.170058
5172.036633 15.123396
5172.477576 14.712624
5172.918519 14.171962
5173.359462 12.972885
5173.800405 12.586011
5174.241348 12.871874
5174.682291 13.029418
5175.123234 13.143845
5175.564177 13.697809
5176.005120 14.568079
5176.446062 14.275467
5176.887005 14.487103
5177.327948 14.523646
5177.768891 14.097584
5178.209834 13.869169
5178.650777 13.678400
5179.091720 13.901706
5179.532663 13.667305
5179.973606 14.144489
5180.414549 14.274817
5180.855492 14.439013
5181.296435 14.180464
5181.737378 13.965865
5182.178321 14.000881
5182.619264 13.936072
5183.060207 14.110720
5183.501149 13.895342
5183.942092 14.318116
5184.383035 14.364000
5184.823978 13.926776
5185.264921 13.757788
5185.705864 13.716817
5186.146807 13.531059
5186.587750 13.669724
5187.028693 13.665998
5187.469636 13.313233
5187.910579 13.152174
5188.351522 13.194921
5188.792465 13.228471
5189.233408 13.174167
5189.674351 13.403882
5190.115294 13.392129
5190.556236 13.352443
5190.997179 13.237109
5191.438122 12.977609
5191.879065 12.948450
5192.320008 13.202607
5192.760951 13.236338
5193.201894 13.190031
5193.642837 12.908809
5194.083780 13.457551
5194.524723 13.219620
5194.965666 12.885153
5195.406609 13.408462
5195.847552 13.433894
5196.288495 13.504682
5196.729438 13.620990
5197.170381 13.748598
5197.611323 14.162756
5198.052266 13.952661
5198.493209 13.315946
5198.934152 13.241032
5199.375095 13.151705
5199.816038 13.008868
5200.256981 13.288034
5200.697924 13.541194
5201.138867 13.668016
5201.579810 13.635532
5202.020753 13.737866
5202.461696 13.546878
5202.902639 13.712305
5203.343582 13.429503
5203.784525 13.709327
5204.225468 13.632516
5204.666410 13.305108
5205.107353 12.474245
5205.548296 12.548161
5205.989239 11.946862
5206.430182 12.165656
5206.871125 12.460111
5207.312068 12.976248
5207.753011 13.407714
5208.193954 13.609427
5208.634897 13.401993
5209.075840 13.656225
5209.516783 13.352526
5209.957726 12.992490
5210.398669 12.392257
5210.839612 11.962469
5211.280555 11.901817
5211.721497 11.912345
5212.162440 12.470095
5212.603383 12.701156
5213.044326 12.739217
5213.485269 12.931747
5213.926212 13.084341
5214.367155 13.364052
5214.808098 12.656594
5215.249041 11.063758
5215.689984 11.170627
5216.130927 10.990507
5216.571870 11.071067
5217.012813 12.006365
5217.453756 12.206423
5217.894699 12.033007
5218.335642 12.374443
5218.776584 12.924416
5219.217527 12.860469
5219.658470 12.602245
5220.099413 13.110923
5220.540356 12.630935
5220.981299 12.318393
5221.422242 11.855842
5221.863185 11.596810
5222.304128 10.809609
5222.745071 10.834338
5223.186014 12.204579
5223.626957 12.816572
5224.067900 13.555531
5224.508843 13.622789
5224.949786 13.768256
5225.390729 13.194944
5225.831672 11.184715
5226.272614 10.909320
5226.713557 10.696558
5227.154500 10.132655
5227.595443 10.775530
5228.036386 10.904151
5228.477329 11.624940
5228.918272 12.582965
5229.359215 12.948292
5229.800158 12.401424
5230.241101 12.568651
5230.682044 12.632424
5231.122987 12.743412
5231.563930 12.701133
5232.004873 12.873378
5232.445816 12.864467
5232.886759 12.863401
5233.327701 12.761097
5233.768644 13.025926
5234.209587 13.270523
5234.650530 14.203463
5235.091473 13.333132
5235.532416 12.318053
5235.973359 12.134381
5236.414302 11.681534
5236.855245 11.641485
5237.296188 12.205690
5237.737131 12.977684
5238.178074 13.402083
5238.619017 13.282993
5239.059960 13.374648
5239.500903 13.033046
5239.941846 12.678399
5240.382788 12.732173
5240.823731 12.751627
5241.264674 12.588785
5241.705617 12.695774
5242.146560 12.493994
5242.587503 12.926162
5243.028446 12.884783
5243.469389 12.828106
5243.910332 13.037641
5244.351275 12.998438
5244.792218 12.907192
5245.233161 12.910222
5245.674104 12.870619
5246.115047 12.569066
5246.555990 12.512949
5246.996933 12.830041
5247.437875 12.679472
5247.878818 12.851339
5248.319761 12.829701
5248.760704 13.014665
5249.201647 13.353403
5249.642590 13.140353
5250.083533 12.909142
5250.524476 12.525427
5250.965419 12.650344
5251.406362 12.741205
5251.847305 12.857559
5252.288248 12.695737
5252.729191 12.737335
5253.170134 12.679449
5253.611077 12.584930
5254.052020 12.682019
5254.492962 12.693001
5254.933905 12.504408
5255.374848 12.328770
5255.815791 12.300413
5256.256734 12.103960
5256.697677 12.104474
5257.138620 12.054244
5257.579563 11.901922
5258.020506 11.981084
5258.461449 12.115418
5258.902392 12.460406
5259.343335 12.730065
5259.784278 12.801101
5260.225221 12.821969
5260.666164 12.746125
5261.107107 12.854808
5261.548049 12.286499
5261.988992 13.217406
5262.429935 13.629213
5262.870878 14.647905
5263.311821 14.549781
5263.752764 11.398997
5264.193707 11.104828
5264.634650 9.809978
5265.075593 10.266347
5265.516536 10.320741
5265.957479 10.821036
5266.398422 11.746441
5266.839365 12.927182
5267.280308 14.621559
5267.721251 13.525617
5268.162194 14.413089
5268.603137 13.857235
5269.044079 12.601505
5269.485022 11.327408
5269.925965 10.062057
5270.366908 10.759855
5270.807851 11.043783
5271.248794 11.580356
5271.689737 11.967200
5272.130680 12.730700
5272.571623 12.795954
5273.012566 13.003411
5273.453509 12.814192
5273.894452 12.751393
5274.335395 12.934264
5274.776338 12.783499
5275.217281 12.522585
5275.658224 12.527256
5276.099166 12.289643
5276.540109 12.266780
5276.981052 12.803603
5277.421995 12.365736
5277.862938 12.909474
5278.303881 12.543777
5278.744824 13.147276
5279.185767 13.172331
5279.626710 13.593170
5280.067653 13.126023
5280.508596 13.206870
5280.949539 13.411349
5281.390482 13.461390
5281.831425 13.662188
5282.272368 13.341408
5282.713311 13.614800
5283.154253 13.749475
5283.595196 13.443402
5284.036139 13.357424
5284.477082 13.503639
5284.918025 13.289002
5285.358968 12.912785
5285.799911 12.887398
5286.240854 13.054730
5286.681797 13.234623
5287.122740 13.009405
5287.563683 13.031406
5288.004626 13.201731
5288.445569 13.095452
5288.886512 13.068931
5289.327455 13.263222
5289.768398 13.210740
5290.209340 13.056014
5290.650283 12.847620
5291.091226 12.546627
5291.532169 12.491560
5291.973112 12.759336
5292.414055 12.996798
5292.854998 13.406437
5293.295941 13.724163
5293.736884 13.999430
5294.177827 13.751772
5294.618770 13.918764
5295.059713 13.351151
5295.500656 12.736678
5295.941599 12.191980
5296.382542 11.504082
5296.823485 11.880239
5297.264427 12.083433
5297.705370 11.845064
5298.146313 12.268375
5298.587256 12.748234
5299.028199 12.543997
5299.469142 12.356364
5299.910085 12.495067
5300.351028 12.365109
5300.791971 12.546204
5301.232914 12.574644
5301.673857 12.517400
5302.114800 12.260870
5302.555743 12.604142
5302.996686 12.429661
5303.437629 12.103129
5303.878572 11.937596
5304.319514 12.446417
5304.760457 12.662746
5305.201400 13.041775
5305.642343 13.636998
5306.083286 14.195988
5306.524229 14.700236
5306.965172 14.907255
5307.406115 13.458495
5307.847058 12.402702
5308.288001 13.174575
5308.728944 12.017067
5309.169887 11.172403
5309.610830 9.386153
5310.051773 9.653809
5310.492716 11.823925
5310.933659 12.746458
5311.374601 13.164621
5311.815544 12.828733
5312.256487 13.268036
5312.697430 13.433660
5313.138373 13.361520
5313.579316 13.858656
5314.020259 13.458896
5314.461202 13.268346
5314.902145 13.265618
5315.343088 13.389174
5315.784031 13.356252
5316.224974 13.351030
5316.665917 13.527953
5317.106860 13.186985
5317.547803 13.797082
5317.988746 13.773917
5318.429689 14.259059
5318.870631 14.187841
5319.311574 14.331962
5319.752517 14.739250
5320.193460 13.713076
5320.634403 12.465213
5321.075346 11.255555
5321.516289 11.332835
5321.957232 11.598609
5322.398175 12.097136
5322.839118 12.775329
5323.280061 13.531595
5323.721004 13.223535
5324.161947 13.304858
5324.602890 12.918476
5325.043833 13.195533
5325.484776 13.609359
5325.925718 13.497404
5326.366661 12.934952
5326.807604 12.929881
5327.248547 13.219673
5327.689490 13.117128
5328.130433 14.153838
5328.571376 14.675099
5329.012319 15.665577
5329.453262 16.489343
5329.894205 16.240953
5330.335148 12.737713
5330.776091 11.289687
5331.217034 10.994974
5331.657977 9.800666
5332.098920 8.071743
5332.539863 9.100351
5332.980805 8.740277
5333.421748 10.558399
5333.862691 10.539346
5334.303634 11.567939
5334.744577 12.011111
5335.185520 12.190317
5335.626463 12.127375
5336.067406 12.073540
5336.508349 11.701336
5336.949292 11.773529
5337.390235 11.950626
5337.831178 11.920961
5338.272121 11.917613
5338.713064 12.013538
5339.154007 11.854534
5339.594950 11.897350
5340.035892 11.675911
5340.476835 11.488014
5340.917778 11.810366
5341.358721 11.742005
5341.799664 11.770166
5342.240607 11.749034
5342.681550 12.722529
5343.122493 13.085377
5343.563436 13.054835
5344.004379 14.158100
5344.445322 14.245953
5344.886265 14.118890
5345.327208 14.756339
5345.768151 15.775001
5346.209094 16.385286
5346.650037 14.836301
5347.090979 12.729445
5347.531922 10.626980
5347.972865 9.100737
5348.413808 6.407153
5348.854751 6.415564
5349.295694 4.419295
5349.736637 5.289127
5350.177580 8.534680
5350.618523 11.209550
5351.059466 13.185073
5351.500409 15.287977
5351.941352 13.535216
5352.382295 13.484691
5352.823238 13.005853
5353.264181 12.080365
5353.705124 10.446459
5354.146066 12.247840
5354.587009 10.403326
5355.027952 10.678305
5355.468895 9.870796
5355.909838 10.256023
5356.350781 9.600057
5356.791724 9.880463
5357.232667 9.441129
5357.673610 7.990851
5358.114553 8.660579
5358.555496 11.239918
5358.996439 11.609326
5359.437382 12.992543
5359.878325 12.331249
5360.319268 12.505073
5360.760211 12.604777
5361.201153 13.063421
5361.642096 12.793294
5362.083039 10.957804
5362.523982 9.568858
5362.964925 9.679468
5363.405868 9.766029
5363.846811 10.825443
5364.287754 11.436839
5364.728697 11.392618
5365.169640 11.781586
5365.610583 11.312859
5366.051526 10.958439
5366.492469 10.849598
5366.933412 10.798884
5367.374355 11.268540
5367.815298 11.444216
5368.256241 11.384833
5368.697183 11.499940
5369.138126 11.415148
5369.579069 11.492790
5370.020012 11.602539
5370.460955 11.208938
5370.901898 11.222202
5371.342841 11.567236
5371.783784 11.615962
5372.224727 11.545945
5372.665670 11.361283
5373.106613 11.786982
5373.547556 11.851141
5373.988499 11.994900
5374.429442 12.720436
5374.870385 12.108828
5375.311328 12.172118
5375.752270 12.303111
5376.193213 11.882937
5376.634156 11.147629
5377.075099 10.375294
5377.516042 10.192514
5377.956985 10.158503
5378.397928 10.296760
5378.838871 10.831036
5379.279814 10.771872
5379.720757 10.993787
5380.161700 11.124396
5380.602643 11.426054
5381.043586 12.798048
5381.484529 13.828221
5381.925472 15.146296
5382.366415 14.992659
5382.807357 13.779963
5383.248300 11.891160
5383.689243 7.337115
5384.130186 5.968855
5384.571129 -0.457457
5385.012072 -1.537436
5385.453015 0.749351
5385.893958 3.536079
5386.334901 5.276475
5386.775844 7.751764
5387.216787 11.146873
5387.657730 11.587151
5388.098673 11.310418
5388.539616 12.351875
5388.980559 11.769085
5389.421502 11.728076
5389.862444 10.770618
5390.303387 11.528426
5390.744330 10.098607
5391.185273 9.486212
5391.626216 8.467067
5392.067159 8.810460
5392.508102 8.637800
5392.949045 9.867100
5393.389988 10.118355
5393.830931 10.460645
5394.271874 10.030185
5394.712817 10.712815
5395.153760 11.158912
5395.594703 10.771955
5396.035646 10.741852
5396.476589 10.822117
5396.917531 10.999509
5397.358474 10.893116
5397.799417 11.120926
5398.240360 11.827243
5398.681303 11.296413
5399.122246 10.903606
5399.563189 10.593695
5400.004132 9.533404
5400.445075 9.303492
5400.886018 9.118709
5401.326961 9.834254
5401.767904 10.449097
5402.208847 9.783094
5402.649790 9.931698
5403.090733 10.063258
5403.531676 10.654392
5403.972618 10.882989
5404.413561 10.903319
5404.854504 10.650198
5405.295447 11.048363
5405.736390 11.374766
5406.177333 11.222550
5406.618276 11.458848
5407.059219 11.276634
5407.500162 11.272017
5407.941105 10.495291
5408.382048 9.900612
5408.822991 9.147762
5409.263934 8.475441
5409.704877 7.677908
5410.145820 7.094672
5410.586763 7.603085
5411.027706 7.989710
5411.468648 9.068706
5411.909591 10.785288
5412.350534 11.383155
5412.791477 11.284525
5413.232420 10.768040
5413.673363 10.091502
5414.114306 9.924790
5414.555249 9.694138
5414.996192 9.912773
5415.437135 10.110525
5415.878078 9.932507
5416.319021 10.046963
5416.759964 10.643985
5417.200907 10.807107
5417.641850 11.501233
5418.082793 11.113195
5418.523735 11.591980
5418.964678 11.357693
5419.405621 11.868879
5419.846564 11.657931
5420.287507 9.696534
5420.728450 8.831501
5421.169393 8.294860
5421.610336 6.426221
5422.051279 3.968814
5422.492222 2.257750
5422.933165 4.792089
5423.374108 5.640962
5423.815051 6.643654
5424.255994 8.449668
5424.696937 9.387695
5425.137880 10.145783
5425.578822 10.408254
5426.019765 10.573863
5426.460708 10.486335
5426.901651 10.706262
5427.342594 10.436059
5427.783537 10.145715
5428.224480 10.759349
5428.665423 11.094648
5429.106366 11.284200
5429.547309 11.119558
5429.988252 11.653041
5430.429195 11.319427
5430.870138 11.765268
5431.311081 10.776294
5431.752024 9.511063
5432.192967 7.406270
5432.633909 7.578295
5433.074852 8.078386
5433.515795 6.948623
5433.956738 8.258280
5434.397681 9.003633
5434.838624 10.216064
5435.279567 10.344518
5435.720510 10.386177
5436.161453 10.509991
5436.602396 10.841571
5437.043339 11.053820
5437.484282 11.162450
5437.925225 11.159207
5438.366168 11.357255
5438.807111 11.476496
5439.248054 11.457450
5439.688996 11.949190
5440.129939 11.399995
5440.570882 10.945251
5441.011825 12.047163
5441.452768 12.757538
5441.893711 12.539605
5442.334654 11.460337
5442.775597 7.487117
5443.216540 5.856257
5443.657483 6.920652
5444.098426 6.804842
5444.539369 5.250378
5444.980312 4.828072
5445.421255 5.228853
5445.862198 5.082018
5446.303141 5.595071
5446.744083 8.994208
5447.185026 11.251535
5447.625969 11.110610
5448.066912 10.894590
5448.507855 11.821499
5448.948798 10.920506
5449.389741 11.265048
5449.830684 11.142716
5450.271627 10.862340
5450.712570 10.798234
5451.153513 11.041115
5451.594456 11.206051
5452.035399 10.624372
5452.476342 10.470622
5452.917285 10.908738
5453.358228 11.598450
5453.799170 11.013340
5454.240113 11.684141
5454.681056 11.238104
5455.121999 11.782235
5455.562942 11.700066
5456.003885 11.889225
5456.444828 12.559460
5456.885771 12.402014
5457.326714 12.164643
5457.767657 11.297101
5458.208600 10.901233
5458.649543 10.797577
5459.090486 10.520421
5459.531429 10.019929
5459.972372 9.534666
5460.413315 11.069359
5460.854258 11.289150
5461.295200 10.757837
5461.736143 9.461747
5462.177086 8.841168
5462.618029 8.951687
5463.058972 9.102996
5463.499915 8.999249
5463.940858 9.762990
5464.381801 10.508109
5464.822744 11.436303
5465.263687 11.718621
5465.704630 11.591383
5466.145573 13.196176
5466.586516 14.037287
5467.027459 12.929676
5467.468402 12.261596
5467.909345 11.447760
5468.350287 13.524846
5468.791230 12.032757
5469.232173 11.499955
5469.673116 12.025774
5470.114059 8.334365
5470.555002 3.611242
5470.995945 -1.533242
5471.436888 -0.234575
5471.877831 4.534281
5472.318774 7.315620
5472.759717 8.966002
5473.200660 9.754299
5473.641603 11.038069
5474.082546 11.030216
5474.523489 10.419719
5474.964432 9.542957
5475.405374 9.965187
5475.846317 10.648981
5476.287260 12.099380
5476.728203 12.528639
5477.169146 11.859795
5477.610089 12.229414
5478.051032 12.149466
5478.491975 12.665671
5478.932918 12.622259
5479.373861 10.043774
5479.814804 9.317830
5480.255747 8.215434
5480.696690 8.510154
5481.137633 7.870960
5481.578576 6.687513
5482.019519 8.960696
5482.460461 11.018147
5482.901404 11.667091
5483.342347 11.942365
5483.783290 11.770876
5484.224233 11.914673
5484.665176 11.524949
5485.106119 11.274201
5485.547062 12.100915
5485.988005 12.539303
5486.428948 11.924165
5486.869891 12.116990
5487.310834 10.817703
5487.751777 11.425654
5488.192720 8.816937
5488.633663 7.157395
5489.074606 7.507032
5489.515548 8.499604
5489.956491 12.316746
5490.397434 15.084291
5490.838377 16.111237
5491.279320 10.744089
5491.720263 7.070336
5492.161206 7.803369
5492.602149 8.305713
5493.043092 9.060657
5493.484035 10.354215
5493.924978 11.341625
5494.365921 11.908415
5494.806864 12.502285
5495.247807 13.856532
5495.688750 13.064819
5496.129693 12.707217
5496.570635 13.413821
5497.011578 12.561410
5497.452521 11.107232
5497.893464 11.036709
5498.334407 10.184941
5498.775350 9.318540
5499.216293 8.459857
5499.657236 6.888840
5500.098179 7.395764
5500.539122 6.284737
5500.980065 9.158827
5501.421008 8.173608
5501.861951 8.813151
5502.302894 9.659817
5502.743837 10.126775
5503.184780 10.670536
5503.625723 10.527722
5504.066665 9.840073
5504.507608 9.836816
5504.948551 10.398089
5505.389494 9.919756
5505.830437 9.430820
5506.271380 9.509649
5506.712323 9.457303
5507.153266 9.818934
5507.594209 9.806138
5508.035152 9.283524
5508.476095 10.141566
5508.917038 10.961447
5509.357981 10.670324
5509.798924 10.835034
5510.239867 10.654626
5510.680810 11.030103
5511.121752 10.484899
5511.562695 10.451916
5512.003638 10.775304
5512.444581 9.929559
5512.885524 9.379208
5513.326467 9.486961
5513.767410 10.103043
5514.208353 10.435228
5514.649296 11.331769
5515.090239 11.786521
5515.531182 11.363188
5515.972125 10.419833
5516.413068 9.659515
5516.854011 9.561663
5517.294954 10.567091
5517.735897 11.384312
5518.176839 11.840038
5518.617782 11.886610
5519.058725 12.182351
5519.499668 11.913350
5519.940611 11.177467
5520.381554 10.713805
5520.822497 10.781168
5521.263440 10.418102
5521.704383 11.168435
5522.145326 12.008338
5522.586269 12.455622
5523.027212 11.991914
5523.468155 11.370307
5523.909098 10.701984
5524.350041 10.836334
5524.790984 11.011601
5525.231926 11.810313
5525.672869 12.192191
5526.113812 13.699048
5526.554755 12.035750
5526.995698 12.977654
5527.436641 12.092283
5527.877584 14.037967
5528.318527 17.073214
5528.759470 16.422675
5529.200413 17.994538
5529.641356 24.492030
5530.082299 16.999895
5530.523242 17.042937
5530.964185 13.469976
5531.405128 11.100958
5531.846071 7.798411
5532.287013 4.081941
5532.727956 -3.142251
5533.168899 -3.378459
5533.609842 2.978562
5534.050785 6.116914
5534.491728 8.350063
5534.932671 13.174167
5535.373614 11.002328
5535.814557 12.497100
5536.255500 12.012547
5536.696443 10.323432
5537.137386 9.138587
5537.578329 7.503978
5538.019272 5.554969
5538.460215 5.011986
5538.901158 6.997183
5539.342100 8.469606
5539.783043 9.025294
5540.223986 9.463274
5540.664929 10.469874
5541.105872 11.285281
5541.546815 10.312881
5541.987758 9.416853
5542.428701 9.213236
5542.869644 8.885110
5543.310587 11.205507
5543.751530 11.847626
5544.192473 13.608898
5544.633416 12.804336
5545.074359 13.649657
5545.515302 9.406922
5545.956245 7.106984
5546.397187 7.454663
5546.838130 10.271002
5547.279073 9.642563
5547.720016 10.555164
5548.160959 12.363204
5548.601902 13.281625
5549.042845 13.078552
5549.483788 12.814350
5549.924731 11.653154
