1914.782378 57.684128
1915.217703 57.099385
1915.653028 54.348211
1916.088354 52.115933
1916.523679 57.661390
1916.959004 53.739091
1917.394329 56.787477
1917.829654 57.053224
1918.264980 53.627319
1918.700305 55.494673
1919.135630 53.527589
1919.570955 53.936492
1920.006280 51.540990
1920.441606 49.931166
1920.876931 51.724034
1921.312256 54.996029
1921.747581 49.423154
1922.182906 51.818428
1922.618231 53.101362
1923.053557 50.284422
1923.488882 50.034872
1923.924207 46.664641
1924.359532 47.500724
1924.794857 48.737950
1925.230183 49.820896
1925.665508 47.019403
1926.100833 45.064681
1926.536158 47.694103
1926.971483 47.181714
1927.406809 43.298490
1927.842134 46.107067
1928.277459 48.561571
1928.712784 47.426855
1929.148109 49.339534
1929.583435 44.007591
1930.018760 45.102086
1930.454085 43.590440
1930.889410 45.595755
1931.324735 45.252012
1931.760061 45.886673
1932.195386 43.787818
1932.630711 41.943393
1933.066036 44.203792
1933.501361 41.368989
1933.936686 43.122476
1934.372012 43.022860
1934.807337 38.554154
1935.242662 41.865406
1935.677987 41.687876
1936.113312 37.419008
1936.548638 35.737355
1936.983963 40.281077
1937.419288 40.671122
1937.854613 40.559040
1938.289938 43.621061
1938.725264 37.956108
1939.160589 41.401131
1939.595914 41.839610
1940.031239 39.718816
1940.466564 41.101508
1940.901890 38.502091
1941.337215 39.925849
1941.772540 44.119724
1942.207865 39.463988
1942.643190 40.247671
1943.078516 40.120118
1943.513841 40.810129
1943.949166 40.577327
1944.384491 41.436317
1944.819816 41.343526
1945.255141 39.673367
1945.690467 38.880874
1946.125792 41.714001
1946.561117 41.967711
1946.996442 41.124624
1947.431767 40.247986
1947.867093 40.633754
1948.302418 38.816358
1948.737743 37.726574
1949.173068 38.562297
1949.608393 36.830690
1950.043719 39.190221
1950.479044 38.718906
1950.914369 39.170518
1951.349694 38.377710
1951.785019 38.276611
1952.220345 37.546269
1952.655670 35.755966
1953.090995 37.767307
1953.526320 37.980005
1953.961645 38.771380
1954.396971 40.517809
1954.832296 36.060127
1955.267621 39.232323
1955.702946 38.281518
1956.138271 36.622174
1956.573596 36.063432
1957.008922 35.040063
1957.444247 37.562945
1957.879572 34.747151
1958.314897 36.813782
1958.750222 34.001064
1959.185548 35.018124
1959.620873 35.291476
1960.056198 33.944126
1960.491523 35.383761
1960.926848 34.637771
1961.362174 33.939388
1961.797499 35.490681
1962.232824 35.087876
1962.668149 32.438716
1963.103474 32.131761
1963.538800 32.565858
1963.974125 31.421843
1964.409450 33.054044
1964.844775 34.543911
1965.280100 34.722477
1965.715426 32.304338
1966.150751 34.104186
1966.586076 32.296879
1967.021401 30.894585
1967.456726 32.688134
1967.892051 33.537876
1968.327377 32.307848
1968.762702 32.311003
1969.198027 32.203713
1969.633352 32.681263
1970.068677 32.195770
1970.504003 32.818827
1970.939328 31.809993
1971.374653 32.757799
1971.809978 31.976161
1972.245303 33.283034
1972.680629 33.014074
1973.115954 32.913554
1973.551279 32.249276
1973.986604 31.262317
1974.421929 30.998661
1974.857255 30.590393
1975.292580 30.507740
1975.727905 30.290007
1976.163230 30.052987
1976.598555 30.392453
1977.033881 31.592886
1977.469206 30.182330
1977.904531 29.938193
1978.339856 30.397196
1978.775181 31.487112
1979.210506 30.574959
1979.645832 31.540846
1980.081157 30.339482
1980.516482 30.834520
1980.951807 30.793363
1981.387132 29.968700
1981.822458 29.995077
1982.257783 31.296887
1982.693108 30.826362
1983.128433 31.821534
1983.563758 31.792072
1983.999084 32.092663
1984.434409 32.428495
1984.869734 34.161070
1985.305059 34.306599
1985.740384 32.759319
1986.175710 31.367634
1986.611035 34.657044
1987.046360 34.276334
1987.481685 32.675923
1987.917010 33.641778
1988.352336 33.938954
1988.787661 31.577977
1989.222986 31.711419
1989.658311 32.116793
1990.093636 31.263563
1990.528961 32.243752
1990.964287 34.272686
1991.399612 34.005538
1991.834937 32.785321
1992.270262 32.022586
1992.705587 34.229475
1993.140913 35.207541
1993.576238 35.813918
1994.011563 32.057020
1994.446888 32.841679
1994.882213 32.541728
1995.317539 34.295707
1995.752864 34.696279
1996.188189 32.325957
1996.623514 32.385945
1997.058839 32.731920
1997.494165 34.085538
1997.929490 33.184432
1998.364815 31.866128
1998.800140 32.895157
1999.235465 32.492486
1999.670791 33.596147
2000.106116 33.655153
2000.541441 32.625489
2000.976766 32.690371
2001.412091 34.329314
2001.847416 33.755791
2002.282742 32.816198
2002.718067 33.386110
2003.153392 31.576470
2003.588717 33.279903
2004.024042 34.597727
2004.459368 33.993190
2004.894693 34.802108
2005.330018 34.170784
2005.765343 34.238107
2006.200668 34.755354
2006.635994 33.164972
2007.071319 32.811368
2007.506644 33.888863
2007.941969 34.638437
2008.377294 35.543122
2008.812620 36.361028
2009.247945 35.687931
2009.683270 33.344839
2010.118595 35.528948
2010.553920 33.874041
2010.989246 34.689044
2011.424571 35.781530
2011.859896 35.253629
2012.295221 35.596057
2012.730546 35.876868
2013.165871 34.390598
2013.601197 34.501394
2014.036522 33.687929
2014.471847 34.915309
2014.907172 35.877453
2015.342497 36.287145
2015.777823 34.072451
2016.213148 35.258728
2016.648473 34.437384
2017.083798 33.663785
2017.519123 34.040510
2017.954449 33.834139
2018.389774 33.099429
2018.825099 33.778063
2019.260424 33.794337
2019.695749 32.404593
2020.131075 32.372538
2020.566400 33.657216
2021.001725 33.521396
2021.437050 33.740257
2021.872375 33.209585
2022.307701 33.205303
2022.743026 33.438301
2023.178351 33.921804
2023.613676 31.635801
2024.049001 33.243703
2024.484326 34.930286
2024.919652 33.019150
2025.354977 34.544856
2025.790302 32.903575
2026.225627 34.736793
2026.660952 35.278252
2027.096278 34.887380
2027.531603 33.845570
2027.966928 33.420890
2028.402253 32.606508
2028.837578 33.241909
2029.272904 34.560979
2029.708229 33.923666
2030.143554 35.132325
2030.578879 34.543441
2031.014204 34.443519
2031.449530 32.756137
2031.884855 32.944212
2032.320180 32.463097
2032.755505 32.533990
2033.190830 34.162517
2033.626156 33.283778
2034.061481 34.112248
2034.496806 33.261666
2034.932131 32.861943
2035.367456 32.898787
2035.802781 31.979357
2036.238107 32.249495
2036.673432 32.514973
2037.108757 31.696998
2037.544082 30.663052
2037.979407 30.482081
2038.414733 30.745002
2038.850058 31.579246
2039.285383 30.306861
2039.720708 29.978405
2040.156033 30.822017
2040.591359 31.395092
2041.026684 32.325825
2041.462009 30.383474
2041.897334 29.518517
2042.332659 30.088799
2042.767985 28.154208
2043.203310 28.253098
2043.638635 28.430824
2044.073960 28.847008
2044.509285 29.243435
2044.944611 28.495911
2045.379936 29.397282
2045.815261 28.911063
2046.250586 28.486900
2046.685911 29.459127
2047.121236 29.162554
2047.556562 29.004288
2047.991887 28.200067
2048.427212 28.938977
2048.862537 28.177051
2049.297862 27.865230
2049.733188 27.313610
2050.168513 28.109134
2050.603838 27.643307
2051.039163 27.675900
2051.474488 28.395902
2051.909814 28.633192
2052.345139 29.454147
2052.780464 29.351528
2053.215789 30.705273
2053.651114 31.681756
2054.086440 29.658710
2054.521765 31.270160
2054.957090 31.833900
2055.392415 32.765532
2055.827740 32.090453
2056.263066 31.621590
2056.698391 32.421949
2057.133716 32.479348
2057.569041 31.013839
2058.004366 31.888747
2058.439691 31.738269
2058.875017 31.713505
2059.310342 31.444097
2059.745667 30.683540
2060.180992 30.419979
2060.616317 30.231334
2061.051643 30.142875
2061.486968 30.325536
2061.922293 31.221484
2062.357618 31.571335
2062.792943 30.220045
2063.228269 30.711025
2063.663594 32.013069
2064.098919 33.905863
2064.534244 33.109873
2064.969569 32.606769
2065.404895 31.676597
2065.840220 33.117834
2066.275545 33.553547
2066.710870 33.184701
2067.146195 33.048384
2067.581521 33.456647
2068.016846 33.101652
2068.452171 32.481891
2068.887496 32.894450
2069.322821 32.866668
2069.758146 30.990809
2070.193472 32.569313
2070.628797 31.826445
2071.064122 31.537773
2071.499447 32.133331
2071.934772 33.387119
2072.370098 33.544801
2072.805423 33.375871
2073.240748 34.253514
2073.676073 33.419818
2074.111398 32.678766
2074.546724 33.196853
2074.982049 35.131700
2075.417374 33.395884
2075.852699 32.274182
2076.288024 33.291274
2076.723350 31.060890
2077.158675 31.423523
2077.594000 32.590517
2078.029325 32.130894
2078.464650 32.509956
2078.899976 32.458614
2079.335301 31.167444
2079.770626 32.100701
2080.205951 32.001939
2080.641276 31.276801
2081.076601 33.581918
2081.511927 32.655905
2081.947252 32.131638
2082.382577 34.308827
2082.817902 33.165661
2083.253227 32.796217
2083.688553 33.259100
2084.123878 32.939789
2084.559203 32.043631
2084.994528 32.836731
2085.429853 32.988451
2085.865179 33.190900
2086.300504 32.093822
2086.735829 32.475500
2087.171154 32.101925
2087.606479 30.966017
2088.041805 30.641045
2088.477130 31.219996
2088.912455 32.706914
2089.347780 32.418648
2089.783105 31.314412
2090.218431 31.983958
2090.653756 32.223589
2091.089081 31.406135
2091.524406 31.496721
2091.959731 32.406473
2092.395056 31.525603
2092.830382 30.905491
2093.265707 33.080772
2093.701032 32.285042
2094.136357 32.603185
2094.571682 32.079999
2095.007008 32.299892
2095.442333 32.692479
2095.877658 32.153088
2096.312983 31.626981
2096.748308 30.902921
2097.183634 31.416479
2097.618959 32.101144
2098.054284 32.082022
2098.489609 31.484551
2098.924934 31.467757
2099.360260 31.031172
2099.795585 32.780217
2100.230910 32.086176
2100.666235 31.531976
2101.101560 31.591918
2101.536886 32.607545
2101.972211 32.702102
2102.407536 33.047306
2102.842861 33.217295
2103.278186 32.919142
2103.713511 32.996371
2104.148837 32.494261
2104.584162 32.452251
2105.019487 31.285972
2105.454812 31.860892
2105.890137 31.736841
2106.325463 30.482528
2106.760788 31.582021
2107.196113 30.682293
2107.631438 31.149778
2108.066763 32.282582
2108.502089 32.310158
2108.937414 31.356560
2109.372739 31.742045
2109.808064 30.558009
2110.243389 30.839948
2110.678715 31.622361
2111.114040 30.691825
2111.549365 31.111770
2111.984690 31.043799
2112.420015 31.227368
2112.855341 31.222461
2113.290666 30.642903
2113.725991 30.145199
2114.161316 29.741892
2114.596641 30.830151
2115.031966 30.612204
2115.467292 29.456703
2115.902617 30.838729
2116.337942 31.399644
2116.773267 30.742865
2117.208592 30.375220
2117.643918 30.162422
2118.079243 31.477590
2118.514568 30.998734
2118.949893 30.446830
2119.385218 29.875991
2119.820544 32.425012
2120.255869 33.050420
2120.691194 31.813787
2121.126519 30.729782
2121.561844 31.135307
2121.997170 31.579004
2122.432495 31.109091
2122.867820 30.346119
2123.303145 32.548803
2123.738470 31.666303
2124.173796 30.934382
2124.609121 31.642187
2125.044446 32.279948
2125.479771 31.588741
2125.915096 30.574644
2126.350421 31.535290
2126.785747 30.491758
2127.221072 31.099714
2127.656397 31.786703
2128.091722 30.980360
2128.527047 31.477128
2128.962373 31.038458
2129.397698 31.890258
2129.833023 31.093442
2130.268348 31.140936
2130.703673 29.539009
2131.138999 30.839697
2131.574324 32.105390
2132.009649 31.440678
2132.444974 30.815932
2132.880299 30.015701
2133.315625 30.878489
2133.750950 31.243254
2134.186275 31.259122
2134.621600 30.876526
2135.056925 31.751010
2135.492251 31.719855
2135.927576 31.042402
2136.362901 31.288063
2136.798226 32.241543
2137.233551 31.145729
2137.668876 31.654307
2138.104202 30.407736
2138.539527 30.202685
2138.974852 30.182170
2139.410177 30.178710
2139.845502 30.530272
2140.280828 30.396128
2140.716153 30.607237
2141.151478 30.197348
2141.586803 29.205039
2142.022128 28.249113
2142.457454 28.934714
2142.892779 30.232608
2143.328104 29.027989
2143.763429 29.699247
2144.198754 29.814525
2144.634080 28.870138
2145.069405 28.616867
2145.504730 28.677207
2145.940055 27.706937
2146.375380 28.615256
2146.810706 28.060860
2147.246031 27.474929
2147.681356 27.590614
2148.116681 27.711621
2148.552006 27.071468
2148.987331 28.317664
2149.422657 27.457336
2149.857982 28.185774
2150.293307 27.741270
2150.728632 28.544618
2151.163957 28.908452
2151.599283 29.735766
2152.034608 29.047184
2152.469933 29.148599
2152.905258 29.322152
2153.340583 28.487301
2153.775909 28.420667
2154.211234 28.946195
2154.646559 28.075294
2155.081884 27.567346
2155.517209 27.957519
2155.952535 28.179000
2156.387860 26.282042
2156.823185 26.814714
2157.258510 27.917467
2157.693835 28.341758
2158.129161 28.483631
2158.564486 28.766232
2158.999811 28.450006
2159.435136 29.248634
2159.870461 28.791056
2160.305786 28.175051
2160.741112 28.196589
2161.176437 28.225060
2161.611762 29.112139
2162.047087 29.627121
2162.482412 29.939777
2162.917738 30.175669
2163.353063 30.981150
2163.788388 30.619243
2164.223713 30.444867
2164.659038 30.029090
2165.094364 29.163982
2165.529689 29.356850
2165.965014 29.249670
2166.400339 30.101613
2166.835664 29.765561
2167.270990 29.145586
2167.706315 28.970005
2168.141640 29.421937
2168.576965 30.196928
2169.012290 29.761028
2169.447616 29.717255
2169.882941 30.678984
2170.318266 31.324888
2170.753591 30.816799
2171.188916 30.111044
2171.624241 30.783210
2172.059567 30.993630
2172.494892 30.928115
2172.930217 30.593378
2173.365542 30.929657
2173.800867 32.327003
2174.236193 31.541489
2174.671518 32.320616
2175.106843 31.967428
2175.542168 31.877719
2175.977493 32.680524
2176.412819 32.060439
2176.848144 31.811217
2177.283469 31.576657
2177.718794 32.121463
2178.154119 32.120312
2178.589445 31.565327
2179.024770 32.186143
2179.460095 31.434100
2179.895420 31.055864
2180.330745 30.964241
2180.766071 31.580949
2181.201396 30.985614
2181.636721 30.761709
2182.072046 31.439386
2182.507371 30.764900
2182.942696 30.685932
2183.378022 31.181723
2183.813347 30.633047
2184.248672 30.591410
2184.683997 30.643706
2185.119322 30.315803
2185.554648 30.149467
2185.989973 30.178367
2186.425298 30.654886
2186.860623 30.518253
2187.295948 29.704565
2187.731274 29.928493
2188.166599 29.575811
2188.601924 29.723601
2189.037249 29.361351
2189.472574 29.575903
2189.907900 28.823439
2190.343225 28.529974
2190.778550 29.513587
2191.213875 28.322754
2191.649200 27.811442
2192.084526 28.281702
2192.519851 28.657048
2192.955176 27.036578
2193.390501 27.563612
2193.825826 27.982394
2194.261151 27.862240
2194.696477 26.987875
2195.131802 27.559435
2195.567127 27.641220
2196.002452 27.187517
2196.437777 26.877550
2196.873103 27.006308
2197.308428 27.080799
2197.743753 26.776921
2198.179078 26.297755
2198.614403 27.402279
2199.049729 27.666665
2199.485054 26.424856
2199.920379 26.674502
2200.355704 26.860290
2200.791029 27.083606
2201.226355 27.866919
2201.661680 27.964444
2202.097005 27.660617
2202.532330 27.223763
2202.967655 28.070770
2203.402981 27.773439
2203.838306 27.286718
2204.273631 27.802380
2204.708956 27.527536
2205.144281 27.653254
2205.579606 28.980632
2206.014932 28.155637
2206.450257 27.616392
2206.885582 27.642882
2207.320907 27.741758
2207.756232 27.973725
2208.191558 27.819978
2208.626883 28.942976
2209.062208 29.009912
2209.497533 28.501918
2209.932858 29.505060
2210.368184 29.664512
2210.803509 29.585608
2211.238834 30.241916
2211.674159 30.613290
2212.109484 30.926823
2212.544810 30.425261
2212.980135 29.919157
2213.415460 29.520900
2213.850785 29.732799
2214.286110 29.719652
2214.721436 30.175473
2215.156761 30.527620
2215.592086 30.949378
2216.027411 30.194678
2216.462736 29.413679
2216.898061 29.854988
2217.333387 29.739797
2217.768712 28.637177
2218.204037 28.995482
2218.639362 29.836217
2219.074687 30.425430
2219.510013 30.139369
2219.945338 29.727298
2220.380663 29.992648
2220.815988 29.234583
2221.251313 29.248689
2221.686639 29.782173
2222.121964 29.615503
2222.557289 29.958183
2222.992614 30.041356
2223.427939 30.038443
2223.863265 28.557081
2224.298590 29.305057
2224.733915 28.887617
2225.169240 28.588866
2225.604565 28.196493
2226.039891 27.905529
2226.475216 29.150603
2226.910541 27.634679
2227.345866 28.330642
2227.781191 28.041715
2228.216516 27.570482
2228.651842 28.043294
2229.087167 27.525130
2229.522492 28.262200
2229.957817 27.526467
2230.393142 27.033652
2230.828468 26.082834
2231.263793 26.903004
2231.699118 26.829230
2232.134443 26.540358
2232.569768 25.613099
2233.005094 26.507677
2233.440419 26.085623
2233.875744 26.203667
2234.311069 26.156078
2234.746394 26.786941
2235.181720 26.002163
2235.617045 25.756675
2236.052370 25.980968
2236.487695 25.756456
2236.923020 26.616806
2237.358346 25.850530
2237.793671 26.170540
2238.228996 26.484081
2238.664321 26.475928
2239.099646 26.359861
2239.534971 26.426655
2239.970297 26.102541
2240.405622 25.767690
2240.840947 26.643452
2241.276272 26.770580
2241.711597 26.527562
2242.146923 26.307770
2242.582248 26.323460
2243.017573 26.360030
2243.452898 26.136746
2243.888223 25.971340
2244.323549 27.162059
2244.758874 27.344213
2245.194199 26.766486
2245.629524 27.092147
2246.064849 26.677164
2246.500175 26.201796
2246.935500 26.819913
2247.370825 27.375113
2247.806150 26.809314
2248.241475 26.624644
2248.676801 26.896841
2249.112126 27.708790
2249.547451 26.599829
2249.982776 27.115058
2250.418101 27.621728
2250.853426 27.017410
2251.288752 27.493577
2251.724077 28.482499
2252.159402 28.801820
2252.594727 28.812388
2253.030052 28.368577
2253.465378 27.765797
2253.900703 27.221732
2254.336028 27.477153
2254.771353 27.430864
2255.206678 28.643705
2255.642004 28.378136
2256.077329 27.831094
2256.512654 28.279889
2256.947979 27.652866
2257.383304 28.936111
2257.818630 27.586177
2258.253955 27.108983
2258.689280 27.750984
2259.124605 27.371767
2259.559930 27.619564
2259.995256 28.275023
2260.430581 28.472515
2260.865906 28.985257
2261.301231 28.464659
2261.736556 28.611905
2262.171881 29.028623
2262.607207 28.636296
2263.042532 27.980038
2263.477857 28.391862
2263.913182 28.496344
2264.348507 29.204797
2264.783833 28.252673
2265.219158 28.708075
2265.654483 28.623765
2266.089808 28.459003
2266.525133 28.455096
2266.960459 28.879437
2267.395784 28.354558
2267.831109 28.642344
2268.266434 29.233981
2268.701759 28.802253
2269.137085 28.577951
2269.572410 28.966778
2270.007735 28.721021
2270.443060 29.239596
2270.878385 30.152452
2271.313711 30.412657
2271.749036 30.328781
2272.184361 29.034845
2272.619686 30.269894
2273.055011 29.305929
2273.490337 28.977469
2273.925662 28.862483
2274.360987 28.849875
2274.796312 28.971009
2275.231637 28.092586
2275.666962 27.997271
2276.102288 27.983731
2276.537613 27.539505
2276.972938 26.710698
2277.408263 26.994964
2277.843588 27.588368
2278.278914 27.568921
2278.714239 26.774474
2279.149564 26.044817
2279.584889 26.153869
2280.020214 26.662880
2280.455540 27.311012
2280.890865 27.875565
2281.326190 28.269883
2281.761515 27.395285
2282.196840 27.946545
2282.632166 27.172435
2283.067491 27.990085
2283.502816 27.905762
2283.938141 28.368581
2284.373466 28.681278
2284.808792 27.679342
2285.244117 27.984744
2285.679442 28.365527
2286.114767 28.141084
2286.550092 28.404416
2286.985417 28.786797
2287.420743 29.448226
2287.856068 28.966728
2288.291393 28.672249
2288.726718 28.878647
2289.162043 29.499910
2289.597369 28.909967
2290.032694 29.167776
2290.468019 29.711595
2290.903344 28.984814
2291.338669 28.919216
2291.773995 28.815702
2292.209320 28.998778
2292.644645 29.367738
2293.079970 28.555492
2293.515295 28.475337
2293.950621 29.168278
2294.385946 29.055871
2294.821271 28.913021
2295.256596 27.935735
2295.691921 28.728037
2296.127247 28.565462
2296.562572 29.160079
2296.997897 29.243713
2297.433222 28.813958
2297.868547 28.873772
2298.303872 28.947779
2298.739198 29.682083
2299.174523 29.653442
2299.609848 29.694161
2300.045173 29.606629
2300.480498 29.816638
2300.915824 29.404590
2301.351149 30.117777
2301.786474 30.540918
2302.221799 30.909782
2302.657124 31.134819
2303.092450 30.742765
2303.527775 29.725719
2303.963100 29.422526
2304.398425 30.276075
2304.833750 29.267602
2305.269076 28.764428
2305.704401 29.906901
2306.139726 29.330652
2306.575051 28.526039
2307.010376 28.720450
2307.445702 30.091661
2307.881027 28.938430
2308.316352 28.994542
2308.751677 29.017243
2309.187002 28.718852
2309.622327 28.967116
2310.057653 28.789271
2310.492978 28.514444
2310.928303 28.869166
2311.363628 28.821864
2311.798953 29.084092
2312.234279 28.013992
2312.669604 26.604865
2313.104929 29.446131
2313.540254 29.596979
2313.975579 29.813680
2314.410905 29.298789
2314.846230 28.484453
2315.281555 27.718107
2315.716880 28.575929
2316.152205 28.881806
2316.587531 28.707636
2317.022856 29.181927
2317.458181 29.779535
2317.893506 29.576510
2318.328831 28.811657
2318.764157 28.491784
2319.199482 29.354718
2319.634807 29.788089
2320.070132 29.662837
2320.505457 28.748264
2320.940782 28.407995
2321.376108 29.021151
2321.811433 29.972540
2322.246758 29.909671
2322.682083 28.859498
2323.117408 28.120126
2323.552734 28.946656
2323.988059 29.613600
2324.423384 28.498919
2324.858709 27.410158
2325.294034 28.140166
2325.729360 29.425954
2326.164685 29.803697
2326.600010 29.247603
2327.035335 28.845132
2327.470660 28.759430
2327.905986 28.736687
2328.341311 28.443683
2328.776636 28.870682
2329.211961 29.349309
2329.647286 29.077491
2330.082612 29.796320
2330.517937 29.979296
2330.953262 29.345621
2331.388587 29.670086
2331.823912 30.163061
2332.259237 29.783967
2332.694563 29.024373
2333.129888 29.880561
2333.565213 29.774353
2334.000538 30.128167
2334.435863 29.930396
2334.871189 30.139077
2335.306514 29.757198
2335.741839 29.177453
2336.177164 29.689368
2336.612489 29.679604
2337.047815 29.312004
2337.483140 29.472293
2337.918465 29.940507
2338.353790 29.814228
2338.789115 28.772814
2339.224441 28.683712
2339.659766 28.120971
2340.095091 28.313629
2340.530416 28.309771
2340.965741 28.351248
2341.401067 27.835837
2341.836392 27.871512
2342.271717 28.182666
2342.707042 28.544979
2343.142367 28.932240
2343.577692 27.692717
2344.013018 28.165999
2344.448343 28.758563
2344.883668 27.563475
2345.318993 28.775613
2345.754318 28.632799
2346.189644 28.551954
2346.624969 28.622656
2347.060294 28.891580
2347.495619 28.532247
2347.930944 28.017612
2348.366270 28.112873
2348.801595 28.176777
2349.236920 29.276010
2349.672245 28.145909
2350.107570 28.770098
2350.542896 28.594371
2350.978221 28.415431
2351.413546 28.635602
2351.848871 27.847610
2352.284196 29.105264
2352.719522 29.537457
2353.154847 28.889699
2353.590172 28.552201
2354.025497 28.522022
2354.460822 28.299770
2354.896147 28.608541
2355.331473 28.535023
2355.766798 28.024678
2356.202123 27.871639
2356.637448 27.842702
2357.072773 28.040395
2357.508099 28.380327
2357.943424 28.117721
2358.378749 27.293771
2358.814074 27.327861
2359.249399 27.462024
2359.684725 27.842228
2360.120050 26.782303
2360.555375 26.205507
2360.990700 27.240096
2361.426025 27.174754
2361.861351 27.331586
2362.296676 27.431709
2362.732001 26.983502
2363.167326 27.873086
2363.602651 27.523605
2364.037977 27.505665
2364.473302 26.339921
2364.908627 27.826520
2365.343952 27.389346
2365.779277 27.847884
2366.214602 28.033210
2366.649928 27.908077
2367.085253 27.372817
2367.520578 27.555290
2367.955903 27.131136
2368.391228 28.190668
2368.826554 28.191910
2369.261879 28.583954
2369.697204 28.077659
2370.132529 28.101730
2370.567854 28.287390
2371.003180 28.943488
2371.438505 28.471283
2371.873830 28.063270
2372.309155 27.865618
2372.744480 27.796241
2373.179806 27.137970
2373.615131 26.995179
2374.050456 27.260803
2374.485781 27.490605
2374.921106 27.585414
2375.356432 27.169714
2375.791757 28.163014
2376.227082 27.995353
2376.662407 27.814701
2377.097732 27.890776
2377.533057 27.733646
2377.968383 27.642864
2378.403708 27.540253
2378.839033 27.179191
2379.274358 27.137495
2379.709683 27.299961
2380.145009 28.043947
2380.580334 28.424575
2381.015659 27.847418
2381.450984 27.878674
2381.886309 28.064676
2382.321635 27.442573
2382.756960 27.903772
2383.192285 27.211794
2383.627610 27.355534
2384.062935 27.796058
2384.498261 27.689864
2384.933586 27.493723
2385.368911 27.583054
2385.804236 27.840520
2386.239561 28.424511
2386.674887 27.211611
2387.110212 27.132382
2387.545537 27.262177
2387.980862 27.831450
2388.416187 26.806534
2388.851512 28.313903
2389.286838 28.550439
2389.722163 28.133657
2390.157488 27.318887
2390.592813 27.662680
2391.028138 27.364271
2391.463464 27.452780
2391.898789 27.196506
2392.334114 26.789990
2392.769439 28.436982
2393.204764 28.200168
2393.640090 28.166401
2394.075415 27.866572
2394.510740 27.937201
2394.946065 27.740307
2395.381390 27.949736
2395.816716 27.877939
2396.252041 28.216086
2396.687366 28.676453
2397.122691 28.673199
2397.558016 28.486443
2397.993342 29.252610
2398.428667 28.863442
2398.863992 29.254888
2399.299317 29.385267
2399.734642 29.570676
2400.169967 29.415222
2400.605293 29.370563
2401.040618 29.067772
2401.475943 28.494651
2401.911268 28.540200
2402.346593 28.983686
2402.781919 28.316235
2403.217244 29.024131
2403.652569 28.561659
2404.087894 29.062500
2404.523219 29.337162
2404.958545 28.807640
2405.393870 28.404964
2405.829195 28.724782
2406.264520 28.380610
2406.699845 28.537721
2407.135171 29.137602
2407.570496 28.330149
2408.005821 28.218783
2408.441146 28.703382
2408.876471 28.160343
2409.311797 28.493058
2409.747122 28.084703
2410.182447 27.794451
2410.617772 27.696456
2411.053097 28.693056
2411.488422 28.481034
2411.923748 28.363601
2412.359073 29.368285
2412.794398 29.303774
2413.229723 29.413369
2413.665048 28.670103
2414.100374 28.790426
2414.535699 29.049700
2414.971024 29.963145
2415.406349 29.246521
2415.841674 28.473237
2416.277000 29.156163
2416.712325 29.709322
2417.147650 29.920518
2417.582975 30.185977
2418.018300 30.144687
2418.453626 30.180216
2418.888951 29.859106
2419.324276 30.433816
2419.759601 30.297754
2420.194926 30.260814
2420.630252 29.580614
2421.065577 30.026894
2421.500902 30.144728
2421.936227 30.056593
2422.371552 29.260024
2422.806877 29.122419
2423.242203 29.535174
2423.677528 29.632754
2424.112853 29.736392
2424.548178 29.529409
2424.983503 30.268009
2425.418829 29.876338
2425.854154 28.964025
2426.289479 28.831583
2426.724804 29.804861
2427.160129 29.359863
2427.595455 29.765680
2428.030780 30.041917
2428.466105 30.097258
2428.901430 29.851683
2429.336755 29.977716
2429.772081 29.846187
2430.207406 30.750329
2430.642731 30.998140
2431.078056 30.236342
2431.513381 30.964337
2431.948707 31.134641
2432.384032 30.368588
2432.819357 30.947917
2433.254682 29.990808
2433.690007 31.024361
2434.125332 30.078678
2434.560658 30.156378
2434.995983 30.647892
2435.431308 30.471399
2435.866633 30.643195
2436.301958 30.499838
2436.737284 30.985080
2437.172609 29.771802
2437.607934 29.679704
2438.043259 30.034604
2438.478584 29.908215
2438.913910 29.369806
2439.349235 29.515372
2439.784560 29.909274
2440.219885 29.676221
2440.655210 29.121364
2441.090536 29.681590
2441.525861 29.670392
2441.961186 28.786030
2442.396511 28.603524
2442.831836 28.070159
2443.267162 28.763611
2443.702487 28.687596
2444.137812 29.082015
2444.573137 29.090496
2445.008462 29.069361
2445.443787 29.297648
2445.879113 29.116484
2446.314438 29.013472
2446.749763 28.887919
2447.185088 29.083370
2447.620413 28.858890
2448.055739 28.760685
2448.491064 28.315122
2448.926389 28.724568
2449.361714 28.441191
2449.797039 28.325278
2450.232365 28.897450
2450.667690 29.523228
2451.103015 29.028733
2451.538340 28.968129
2451.973665 28.412879
2452.408991 28.679074
2452.844316 28.952106
2453.279641 29.079120
2453.714966 29.494487
2454.150291 29.608400
2454.585617 29.725363
2455.020942 29.431984
2455.456267 28.204787
2455.891592 28.464445
2456.326917 29.625697
2456.762242 29.722574
2457.197568 29.117438
2457.632893 29.028824
2458.068218 29.813498
2458.503543 29.415204
2458.938868 29.344174
2459.374194 28.872900
2459.809519 28.036835
2460.244844 28.728923
2460.680169 29.159993
2461.115494 29.833104
2461.550820 29.708861
2461.986145 29.501430
2462.421470 29.929337
2462.856795 28.914094
2463.292120 28.842950
2463.727446 28.923059
2464.162771 29.576510
2464.598096 30.158656
2465.033421 29.819980
2465.468746 29.212978
2465.904072 29.907133
2466.339397 29.984755
2466.774722 29.955330
2467.210047 29.477118
2467.645372 29.017380
2468.080697 29.348428
2468.516023 29.335012
2468.951348 29.417021
2469.386673 29.145919
2469.821998 29.321066
2470.257323 29.572328
2470.692649 28.924210
2471.127974 29.200438
2471.563299 28.616936
2471.998624 28.418572
2472.433949 29.689423
2472.869275 29.116676
2473.304600 29.336906
2473.739925 29.721355
2474.175250 30.226244
2474.610575 29.038515
2475.045901 29.766324
2475.481226 29.930871
2475.916551 29.763900
2476.351876 29.676390
2476.787201 29.568329
2477.222527 29.751506
2477.657852 29.523963
2478.093177 30.015208
2478.528502 30.127044
2478.963827 29.534709
2479.399152 29.811119
2479.834478 30.393617
2480.269803 30.258687
2480.705128 29.216278
2481.140453 29.466495
2481.575778 29.628974
2482.011104 28.836887
2482.446429 28.938270
2482.881754 29.564408
2483.317079 29.206217
2483.752404 29.248474
2484.187730 29.698439
2484.623055 29.714914
2485.058380 29.476428
2485.493705 30.388157
2485.929030 29.758376
2486.364356 29.622090
2486.799681 30.259468
2487.235006 29.806162
2487.670331 29.447350
2488.105656 29.366820
2488.540982 29.543903
2488.976307 29.368404
2489.411632 28.695667
2489.846957 29.010683
2490.282282 29.168438
2490.717607 29.383957
2491.152933 28.411861
2491.588258 28.675732
2492.023583 28.635378
2492.458908 28.559788
2492.894233 29.272997
2493.329559 29.119173
2493.764884 29.536156
2494.200209 29.854824
2494.635534 30.399949
2495.070859 30.675925
2495.506185 30.139958
2495.941510 29.669785
2496.376835 29.401066
2496.812160 29.321751
2497.247485 28.902517
2497.682811 28.567941
2498.118136 29.246014
2498.553461 28.943930
2498.988786 28.429372
2499.424111 28.460564
2499.859437 28.336490
2500.294762 27.777716
2500.730087 28.148817
2501.165412 28.962683
2501.600737 28.421119
2502.036062 27.396066
2502.471388 27.464439
2502.906713 27.753600
2503.342038 27.988711
2503.777363 27.194990
2504.212688 26.488528
2504.648014 26.748381
2505.083339 27.413130
2505.518664 27.509057
2505.953989 27.208858
2506.389314 26.945650
2506.824640 26.843345
2507.259965 27.113808
2507.695290 27.151710
2508.130615 27.823315
2508.565940 28.559737
2509.001266 27.889671
2509.436591 28.187454
2509.871916 28.340594
2510.307241 28.771070
2510.742566 28.681671
2511.177892 28.120254
2511.613217 28.195192
2512.048542 28.228420
2512.483867 28.170153
2512.919192 27.859328
2513.354517 27.881399
2513.789843 26.992787
2514.225168 27.832176
2514.660493 27.689819
2515.095818 27.817230
2515.531143 27.323004
2515.966469 26.381864
2516.401794 26.807091
2516.837119 27.469287
2517.272444 27.512471
2517.707769 27.014416
2518.143095 27.251559
2518.578420 27.541116
2519.013745 27.042782
2519.449070 26.481662
2519.884395 27.377660
2520.319721 27.966320
2520.755046 27.781135
2521.190371 27.039564
2521.625696 26.945138
2522.061021 27.301316
2522.496347 27.103897
2522.931672 27.230697
2523.366997 27.934156
2523.802322 27.619546
2524.237647 27.396541
2524.672972 27.255745
2525.108298 27.051483
2525.543623 27.063918
2525.978948 27.160781
2526.414273 26.952954
2526.849598 27.457701
2527.284924 27.308565
2527.720249 27.476746
2528.155574 27.676211
2528.590899 27.422141
2529.026224 27.462695
2529.461550 27.463809
2529.896875 27.873182
2530.332200 27.837585
2530.767525 28.439534
2531.202850 28.821207
2531.638176 29.139003
2532.073501 28.729680
2532.508826 29.571931
2532.944151 29.170962
2533.379476 28.713192
2533.814802 28.686396
2534.250127 28.589697
2534.685452 29.145001
2535.120777 28.652136
2535.556102 29.168922
2535.991427 28.964838
2536.426753 29.184488
2536.862078 28.774791
2537.297403 28.404252
2537.732728 28.351559
2538.168053 27.789439
2538.603379 28.385723
2539.038704 28.654428
2539.474029 28.079891
2539.909354 28.393889
2540.344679 27.585852
2540.780005 28.239476
2541.215330 28.352485
2541.650655 28.133460
2542.085980 27.935000
2542.521305 27.680639
2542.956631 26.954373
2543.391956 27.726447
2543.827281 28.204883
2544.262606 27.636016
2544.697931 27.821544
2545.133257 27.911126
2545.568582 27.327587
2546.003907 27.636222
2546.439232 27.893067
2546.874557 27.873415
2547.309882 28.656085
2547.745208 28.467745
2548.180533 28.069314
2548.615858 28.181292
2549.051183 28.667725
2549.486508 28.270344
2549.921834 28.238791
2550.357159 28.044650
2550.792484 27.898221
2551.227809 28.404206
2551.663134 28.228315
2552.098460 28.345122
2552.533785 28.539793
2552.969110 28.681219
2553.404435 27.831231
2553.839760 27.860268
2554.275086 28.242001
2554.710411 28.390822
2555.145736 28.515179
2555.581061 28.503822
2556.016386 28.027102
2556.451712 27.892127
2556.887037 28.413865
2557.322362 28.018160
2557.757687 27.563425
2558.193012 27.638189
2558.628337 28.419024
2559.063663 28.192594
2559.498988 27.882043
2559.934313 27.412719
2560.369638 27.631415
2560.804963 27.823320
2561.240289 28.726681
2561.675614 27.495787
2562.110939 28.470196
2562.546264 27.818449
2562.981589 27.235632
2563.416915 27.803777
2563.852240 27.913413
2564.287565 28.356781
2564.722890 27.941264
2565.158215 27.837813
2565.593541 27.628430
2566.028866 27.614543
2566.464191 27.826867
2566.899516 28.091203
2567.334841 27.853448
2567.770167 27.024271
2568.205492 26.978736
2568.640817 27.227899
2569.076142 27.816600
2569.511467 27.808570
2569.946792 27.008947
2570.382118 27.214423
2570.817443 26.830372
2571.252768 27.232546
2571.688093 27.609430
2572.123418 28.045011
2572.558744 27.657216
2572.994069 27.632036
2573.429394 27.205617
2573.864719 27.659877
2574.300044 27.475240
2574.735370 26.533209
2575.170695 27.453137
2575.606020 27.778017
2576.041345 27.444632
2576.476670 26.995302
2576.911996 27.027878
2577.347321 26.972222
2577.782646 27.182533
2578.217971 27.323926
2578.653296 27.489464
2579.088622 27.883549
2579.523947 27.795629
2579.959272 27.798948
2580.394597 27.184555
2580.829922 27.197127
2581.265247 27.390930
2581.700573 26.742940
2582.135898 26.934178
2582.571223 27.383293
2583.006548 26.979909
2583.441873 26.529904
2583.877199 26.951242
2584.312524 26.326240
2584.747849 25.892582
2585.183174 26.503756
2585.618499 26.430745
2586.053825 26.809747
2586.489150 27.150254
2586.924475 26.911769
2587.359800 26.373291
2587.795125 26.873574
2588.230451 26.598766
2588.665776 26.541814
2589.101101 26.935452
2589.536426 27.287014
2589.971751 26.683103
2590.407077 26.590357
2590.842402 26.777163
2591.277727 27.376117
2591.713052 26.809492
2592.148377 27.243753
2592.583702 27.226958
2593.019028 27.077868
2593.454353 26.787242
2593.889678 27.249893
2594.325003 27.236764
2594.760328 27.306251
2595.195654 27.242105
2595.630979 27.176356
2596.066304 27.160594
2596.501629 27.947449
2596.936954 27.270859
2597.372280 27.043599
2597.807605 27.272772
2598.242930 27.151217
2598.678255 26.778592
2599.113580 26.954501
2599.548906 27.445267
2599.984231 27.114273
2600.419556 26.624795
2600.854881 26.563269
2601.290206 27.771334
2601.725532 27.398704
2602.160857 27.231259
2602.596182 27.206740
2603.031507 27.283002
2603.466832 27.075366
2603.902157 26.641676
2604.337483 26.835083
2604.772808 26.615085
2605.208133 26.806328
2605.643458 26.351311
2606.078783 26.868566
2606.514109 27.261602
2606.949434 26.994398
2607.384759 27.172056
2607.820084 26.488623
2608.255409 26.545082
2608.690735 26.618815
2609.126060 27.695712
2609.561385 27.965348
2609.996710 27.721422
2610.432035 27.342241
2610.867361 28.376364
2611.302686 28.167707
2611.738011 28.787048
2612.173336 28.423397
2612.608661 28.497832
2613.043987 28.129274
2613.479312 28.829351
2613.914637 28.816628
2614.349962 28.848040
2614.785287 29.286888
2615.220612 29.260603
2615.655938 29.085210
2616.091263 29.760134
2616.526588 29.476273
2616.961913 30.016166
2617.397238 29.833926
2617.832564 29.566380
2618.267889 29.399551
2618.703214 29.185629
2619.138539 29.178376
2619.573864 29.378451
2620.009190 29.741669
2620.444515 30.061396
2620.879840 30.040155
2621.315165 29.614476
2621.750490 30.458576
2622.185816 30.509055
2622.621141 30.411384
2623.056466 30.083549
2623.491791 30.298589
2623.927116 30.301679
2624.362442 29.547340
2624.797767 29.785063
2625.233092 30.332876
2625.668417 30.343540
2626.103742 30.583499
2626.539067 29.734082
2626.974393 29.548367
2627.409718 29.616074
2627.845043 29.715895
2628.280368 29.659308
2628.715693 29.286267
2629.151019 28.985562
2629.586344 29.736300
2630.021669 29.573826
2630.456994 29.665959
2630.892319 29.251213
2631.327645 29.075181
2631.762970 28.619501
2632.198295 29.380319
2632.633620 29.103598
2633.068945 29.165502
2633.504271 28.617758
2633.939596 29.496131
2634.374921 28.778703
2634.810246 28.769144
2635.245571 28.418754
2635.680897 28.476336
2636.116222 28.195580
2636.551547 27.994130
2636.986872 27.901092
2637.422197 28.083885
2637.857523 27.929970
2638.292848 27.874410
2638.728173 27.481859
2639.163498 27.471300
2639.598823 27.404652
2640.034148 26.443097
2640.469474 27.198816
2640.904799 26.987035
2641.340124 26.853694
2641.775449 26.613036
2642.210774 26.239443
2642.646100 26.163834
2643.081425 25.556950
2643.516750 26.089042
2643.952075 25.706748
2644.387400 25.563907
2644.822726 26.311596
2645.258051 26.666610
2645.693376 26.418118
2646.128701 25.845435
2646.564026 25.822487
2646.999352 25.611113
2647.434677 26.050934
2647.870002 26.318530
2648.305327 26.003381
2648.740652 25.767512
2649.175978 26.109954
2649.611303 25.899539
2650.046628 25.847133
2650.481953 26.160707
2650.917278 26.849325
2651.352603 26.296481
2651.787929 26.067331
2652.223254 25.796435
2652.658579 26.243811
2653.093904 26.139886
2653.529229 25.918784
2653.964555 26.083140
2654.399880 25.645487
2654.835205 25.828988
2655.270530 26.348750
2655.705855 26.022750
2656.141181 26.545269
2656.576506 25.928348
2657.011831 26.241679
2657.447156 26.395476
2657.882481 26.513790
2658.317807 26.521938
2658.753132 26.587577
2659.188457 26.427006
2659.623782 26.460303
2660.059107 26.362947
2660.494433 26.600409
2660.929758 26.453095
2661.365083 26.617546
2661.800408 26.132094
2662.235733 26.579392
2662.671058 26.175114
2663.106384 26.139197
2663.541709 26.622038
2663.977034 26.332594
2664.412359 26.489390
2664.847684 25.984378
2665.283010 26.065177
2665.718335 25.994420
2666.153660 25.929462
2666.588985 25.730472
2667.024310 26.631172
2667.459636 25.975047
2667.894961 26.283941
2668.330286 26.094502
2668.765611 25.554695
2669.200936 25.599897
2669.636262 25.588832
2670.071587 25.988194
2670.506912 25.360933
2670.942237 25.764499
2671.377562 25.726286
2671.812888 25.765900
2672.248213 25.900269
2672.683538 25.754360
2673.118863 25.824172
2673.554188 25.811837
2673.989513 25.610415
2674.424839 25.405536
2674.860164 25.202521
2675.295489 25.470103
2675.730814 25.560557
2676.166139 25.404327
2676.601465 26.035966
2677.036790 26.185097
2677.472115 25.735904
2677.907440 26.257857
2678.342765 26.154266
2678.778091 25.984939
2679.213416 25.604677
2679.648741 25.861120
2680.084066 26.023873
2680.519391 26.232938
2680.954717 26.459937
2681.390042 26.317685
2681.825367 26.417858
2682.260692 25.753105
2682.696017 25.882164
2683.131343 25.969085
2683.566668 25.820848
2684.001993 25.654945
2684.437318 25.534075
2684.872643 24.991740
2685.307968 25.547254
2685.743294 25.785356
2686.178619 25.751466
2686.613944 25.283676
2687.049269 25.021617
2687.484594 25.091899
2687.919920 25.810961
2688.355245 25.800238
2688.790570 25.641520
2689.225895 25.520381
2689.661220 25.561397
2690.096546 25.683946
2690.531871 25.715778
2690.967196 26.003829
2691.402521 25.341860
2691.837846 25.562031
2692.273172 25.392335
2692.708497 25.677852
2693.143822 26.163496
2693.579147 26.128898
2694.014472 25.757556
2694.449798 25.918246
2694.885123 26.192497
2695.320448 26.599346
2695.755773 26.427965
2696.191098 26.216787
2696.626423 26.142205
2697.061749 25.954925
2697.497074 26.142447
2697.932399 26.111890
2698.367724 26.431242
2698.803049 26.159926
2699.238375 26.147039
2699.673700 26.161182
2700.109025 25.758706
2700.544350 26.127387
2700.979675 26.604303
2701.415001 26.901479
2701.850326 26.088125
2702.285651 25.584847
2702.720976 26.288602
2703.156301 26.536030
2703.591627 26.338406
2704.026952 25.931936
2704.462277 26.607051
2704.897602 26.732253
2705.332927 26.482872
2705.768253 26.549624
2706.203578 26.349466
2706.638903 26.504258
2707.074228 26.205977
2707.509553 26.757050
2707.944878 27.657691
2708.380204 27.064438
2708.815529 26.847349
2709.250854 27.545891
2709.686179 28.063238
2710.121504 27.464718
2710.556830 27.425395
2710.992155 27.271069
2711.427480 27.097990
2711.862805 27.036450
2712.298130 27.628676
2712.733456 27.609508
2713.168781 26.802357
2713.604106 26.761423
2714.039431 26.967301
2714.474756 26.553742
2714.910082 26.457203
2715.345407 27.002647
2715.780732 26.758871
2716.216057 26.829691
2716.651382 26.461814
2717.086708 26.454117
2717.522033 26.166422
2717.957358 26.811313
2718.392683 26.692255
2718.828008 27.012585
2719.263333 26.683915
2719.698659 26.621513
2720.133984 26.677100
2720.569309 26.436145
2721.004634 26.696912
2721.439959 26.253019
2721.875285 26.244035
2722.310610 26.585231
2722.745935 26.449854
2723.181260 26.817458
2723.616585 26.779263
2724.051911 26.591457
2724.487236 25.917862
2724.922561 25.997137
2725.357886 26.201677
2725.793211 26.163240
2726.228537 25.883963
2726.663862 26.128670
2727.099187 26.882695
2727.534512 26.407948
2727.969837 26.882174
2728.405163 26.360847
2728.840488 27.169956
2729.275813 27.477531
2729.711138 27.022391
2730.146463 27.146223
2730.581788 26.977846
2731.017114 27.123732
2731.452439 27.530042
2731.887764 27.891433
2732.323089 27.624239
2732.758414 26.987332
2733.193740 27.688298
2733.629065 28.002356
2734.064390 27.969580
2734.499715 28.832555
2734.935040 28.913108
2735.370366 28.650013
2735.805691 28.624550
2736.241016 28.601666
2736.676341 29.455836
2737.111666 29.223902
2737.546992 28.810635
2737.982317 28.540359
2738.417642 28.430368
2738.852967 27.732656
2739.288292 27.965412
2739.723618 28.234272
2740.158943 28.584525
2740.594268 28.788143
2741.029593 28.533430
2741.464918 28.768482
2741.900243 28.784756
2742.335569 28.914382
2742.770894 28.932226
2743.206219 29.064084
2743.641544 28.562257
2744.076869 28.944469
2744.512195 29.487585
2744.947520 29.391525
2745.382845 28.612736
2745.818170 28.681009
2746.253495 29.082845
2746.688821 29.539223
2747.124146 29.782639
2747.559471 29.864711
2747.994796 29.802688
2748.430121 29.697430
2748.865447 29.633558
2749.300772 28.879524
2749.736097 29.592537
2750.171422 29.530696
2750.606747 29.800136
2751.042073 29.235446
2751.477398 28.888603
2751.912723 28.327246
2752.348048 28.634890
2752.783373 28.783761
2753.218698 28.746214
2753.654024 28.164283
2754.089349 28.307973
2754.524674 28.538141
2754.959999 27.960048
2755.395324 28.087108
2755.830650 28.092632
2756.265975 28.351435
2756.701300 27.881737
2757.136625 28.025952
2757.571950 27.643813
2758.007276 27.376277
2758.442601 27.671778
2758.877926 28.243206
2759.313251 28.921051
2759.748576 28.251788
2760.183902 27.859031
2760.619227 28.335746
2761.054552 28.015713
2761.489877 27.971661
2761.925202 28.091984
2762.360528 28.244278
2762.795853 28.278680
2763.231178 28.004716
2763.666503 27.757092
2764.101828 27.449663
2764.537153 27.383074
2764.972479 26.661611
2765.407804 27.042275
2765.843129 26.752111
2766.278454 25.987683
2766.713779 26.139023
2767.149105 25.785301
2767.584430 25.334570
2768.019755 24.916387
2768.455080 23.763904
2768.890405 24.069416
2769.325731 23.460802
2769.761056 23.045148
2770.196381 22.974360
2770.631706 23.020721
2771.067031 23.151396
2771.502357 22.948600
2771.937682 22.536209
2772.373007 22.898984
2772.808332 23.210083
2773.243657 23.309881
2773.678983 23.567822
2774.114308 24.043049
2774.549633 24.221811
2774.984958 24.571092
2775.420283 24.965496
2775.855608 24.918838
2776.290934 25.346754
2776.726259 25.233868
2777.161584 25.806364
2777.596909 26.138060
2778.032234 26.060904
2778.467560 26.020185
2778.902885 26.851530
2779.338210 27.317079
2779.773535 27.866134
2780.208860 28.301924
2780.644186 28.920343
2781.079511 30.215635
2781.514836 31.160273
2781.950161 31.690552
2782.385486 32.898809
2782.820812 33.926510
2783.256137 34.358110
2783.691462 35.496259
2784.126787 36.779687
2784.562112 37.644954
2784.997438 37.695273
2785.432763 38.729246
2785.868088 39.529298
2786.303413 39.929154
2786.738738 40.390535
2787.174063 41.052613
2787.609389 42.034418
2788.044714 42.191538
2788.480039 42.202667
2788.915364 42.843984
2789.350689 43.305570
2789.786015 43.312669
2790.221340 43.794935
2790.656665 44.362697
2791.091990 45.059468
2791.527315 44.988730
2791.962641 45.270797
2792.397966 45.143275
2792.833291 45.861260
2793.268616 45.658336
2793.703941 45.805604
2794.139267 46.211819
2794.574592 46.126980
2795.009917 46.419445
2795.445242 46.266940
2795.880567 46.503928
2796.315893 46.718128
2796.751218 46.532577
2797.186543 45.576409
2797.621868 45.623907
2798.057193 45.602488
2798.492518 45.832273
2798.927844 45.447756
2799.363169 44.614228
2799.798494 45.201181
2800.233819 45.045121
2800.669144 44.526828
2801.104470 43.833412
2801.539795 43.544658
2801.975120 42.934771
2802.410445 41.435687
2802.845770 41.637133
2803.281096 41.322317
2803.716421 40.885582
2804.151746 40.568603
2804.587071 40.162042
2805.022396 39.829118
2805.457722 39.003050
2805.893047 39.075344
2806.328372 39.093134
2806.763697 38.880226
2807.199022 38.169454
2807.634348 37.788018
2808.069673 37.819703
2808.504998 37.525631
2808.940323 36.903729
2809.375648 36.072105
2809.810973 36.795139
2810.246299 36.529921
2810.681624 36.553120
2811.116949 36.484610
2811.552274 35.569348
2811.987599 35.052950
2812.422925 34.829516
2812.858250 34.538515
2813.293575 34.640080
2813.728900 34.119246
2814.164225 33.602688
2814.599551 34.034014
2815.034876 33.323461
2815.470201 33.053610
2815.905526 32.651039
2816.340851 32.622572
2816.776177 32.697291
2817.211502 32.313171
2817.646827 32.838698
2818.082152 32.621308
2818.517477 32.110781
2818.952803 32.334663
2819.388128 32.168796
2819.823453 32.238443
2820.258778 32.235147
2820.694103 31.793761
2821.129428 32.190534
2821.564754 31.898384
2822.000079 31.493380
2822.435404 31.477074
2822.870729 31.240501
2823.306054 31.371099
2823.741380 31.116153
2824.176705 31.107046
2824.612030 31.338455
2825.047355 30.936633
2825.482680 31.147185
2825.918006 31.173698
2826.353331 30.922495
2826.788656 30.994283
2827.223981 31.054239
2827.659306 30.830380
2828.094632 30.311941
2828.529957 30.519833
2828.965282 30.555640
2829.400607 30.579081
2829.835932 30.436970
2830.271258 29.796557
2830.706583 29.053301
2831.141908 29.092386
2831.577233 29.373800
2832.012558 29.730713
2832.447883 29.675888
2832.883209 29.477711
2833.318534 29.507242
2833.753859 29.449299
2834.189184 29.235487
2834.624509 29.679997
2835.059835 29.402294
2835.495160 29.150064
2835.930485 29.177723
2836.365810 29.435070
2836.801135 29.199338
2837.236461 29.433331
2837.671786 28.903544
2838.107111 28.893360
2838.542436 28.630247
2838.977761 28.646580
2839.413087 29.068680
2839.848412 28.933440
2840.283737 28.994501
2840.719062 28.841261
2841.154387 28.601365
2841.589713 28.302778
2842.025038 28.735163
2842.460363 28.338403
2842.895688 28.170993
2843.331013 27.974998
2843.766338 28.453398
2844.201664 28.628681
2844.636989 28.967047
2845.072314 28.162996
2845.507639 27.782112
2845.942964 28.117018
2846.378290 27.834956
2846.813615 27.720349
2847.248940 27.957300
2847.684265 27.599406
2848.119590 27.502337
2848.554916 28.037999
2848.990241 28.006679
2849.425566 27.549840
2849.860891 27.815938
2850.296216 27.538715
2850.731542 27.688586
2851.166867 27.665702
2851.602192 27.368786
2852.037517 27.489665
2852.472842 27.086240
2852.908168 27.614630
2853.343493 27.678183
2853.778818 28.239326
2854.214143 28.191157
2854.649468 27.554911
2855.084793 27.733126
2855.520119 27.825703
2855.955444 27.995116
2856.390769 27.799893
2856.826094 27.985489
2857.261419 27.748806
2857.696745 27.387475
2858.132070 27.941040
2858.567395 27.679493
2859.002720 27.383056
2859.438045 27.587286
2859.873371 28.223312
2860.308696 28.625609
2860.744021 27.942154
2861.179346 27.701518
2861.614671 27.527275
2862.049997 27.836782
2862.485322 27.698108
2862.920647 27.789804
2863.355972 27.785810
2863.791297 27.898582
2864.226623 28.242872
2864.661948 27.927382
2865.097273 27.710406
2865.532598 27.722636
2865.967923 27.753504
2866.403248 28.094316
2866.838574 27.524760
2867.273899 27.471036
2867.709224 27.275515
2868.144549 27.250358
2868.579874 27.200760
2869.015200 27.169276
2869.450525 27.370626
2869.885850 27.230601
2870.321175 27.393112
2870.756500 27.366796
2871.191826 27.324648
2871.627151 27.669491
2872.062476 27.365075
2872.497801 27.252271
2872.933126 27.065000
2873.368452 27.026691
2873.803777 27.398033
2874.239102 27.274283
2874.674427 27.424633
2875.109752 27.668377
2875.545078 27.944190
2875.980403 27.666533
2876.415728 27.741064
2876.851053 27.626759
2877.286378 27.903379
2877.721703 28.114060
2878.157029 28.509090
2878.592354 27.829647
2879.027679 27.521715
2879.463004 27.251184
2879.898329 27.027745
2880.333655 27.182784
2880.768980 27.523532
2881.204305 27.581794
2881.639630 28.071880
2882.074955 27.719363
2882.510281 27.915531
2882.945606 28.179872
2883.380931 27.782222
2883.816256 27.507738
2884.251581 27.390456
2884.686907 27.225817
2885.122232 27.441172
2885.557557 27.527161
2885.992882 27.409875
2886.428207 27.524418
2886.863533 27.301280
2887.298858 26.983228
2887.734183 27.132926
2888.169508 27.487428
2888.604833 26.988341
2889.040158 27.021564
2889.475484 26.474878
2889.910809 26.287913
2890.346134 26.546548
2890.781459 26.716869
2891.216784 26.305196
2891.652110 26.390062
2892.087435 26.327148
2892.522760 26.312710
2892.958085 26.238069
2893.393410 26.550369
2893.828736 26.394508
2894.264061 26.223383
2894.699386 26.099688
2895.134711 25.489111
2895.570036 25.451674
2896.005362 25.444165
2896.440687 25.770064
2896.876012 25.861892
2897.311337 25.641100
2897.746662 25.086891
2898.181988 24.802277
2898.617313 25.413027
2899.052638 25.663486
2899.487963 25.532469
2899.923288 25.530337
2900.358613 24.895206
2900.793939 24.529743
2901.229264 24.439978
2901.664589 23.983860
2902.099914 24.327343
2902.535239 24.701539
2902.970565 24.715882
2903.405890 24.834191
2903.841215 24.752164
2904.276540 24.484728
2904.711865 24.856856
2905.147191 24.652119
2905.582516 24.582677
2906.017841 24.832662
2906.453166 24.703913
2906.888491 24.523215
2907.323817 24.672533
2907.759142 24.474311
2908.194467 24.445620
2908.629792 24.018243
2909.065117 23.879419
2909.500443 24.109249
2909.935768 24.428803
2910.371093 24.374636
2910.806418 24.371805
2911.241743 24.596710
2911.677068 24.572114
2912.112394 24.219816
2912.547719 24.312247
2912.983044 24.214526
2913.418369 24.152411
2913.853694 24.421549
2914.289020 24.169744
2914.724345 24.043880
2915.159670 24.060058
2915.594995 24.271213
2916.030320 24.092633
2916.465646 24.359987
2916.900971 24.329274
2917.336296 24.493990
2917.771621 24.237966
2918.206946 23.950267
2918.642272 23.525446
2919.077597 23.221920
2919.512922 24.079317
2919.948247 24.042711
2920.383572 24.003918
2920.818898 23.470402
2921.254223 23.396811
2921.689548 23.768939
2922.124873 24.508776
2922.560198 24.544264
2922.995523 24.115147
2923.430849 23.797474
2923.866174 23.998459
2924.301499 24.229156
2924.736824 24.702041
2925.172149 24.790094
2925.607475 25.062405
2926.042800 24.344023
2926.478125 24.286441
2926.913450 24.588000
2927.348775 25.197992
2927.784101 25.628524
2928.219426 25.873523
2928.654751 25.737995
2929.090076 25.701526
2929.525401 25.364283
2929.960727 25.187402
2930.396052 25.226537
2930.831377 25.342089
2931.266702 25.691141
2931.702027 26.136522
2932.137353 25.936405
2932.572678 26.143639
2933.008003 25.860225
2933.443328 26.087043
2933.878653 26.219740
2934.313978 25.410234
2934.749304 25.627104
2935.184629 25.506106
2935.619954 25.420117
2936.055279 25.609547
2936.490604 25.984989
2936.925930 25.950593
2937.361255 25.794554
2937.796580 25.545976
2938.231905 25.358751
2938.667230 25.261810
2939.102556 25.914333
2939.537881 25.769338
2939.973206 25.966378
2940.408531 26.338086
2940.843856 26.163149
2941.279182 25.832211
2941.714507 25.446885
2942.149832 25.572471
2942.585157 25.748284
2943.020482 26.132304
2943.455808 26.040261
2943.891133 26.099902
2944.326458 25.741040
2944.761783 25.651809
2945.197108 26.039033
2945.632433 26.166344
2946.067759 26.435620
2946.503084 26.805041
2946.938409 26.312710
2947.373734 25.947708
2947.809059 26.498831
2948.244385 26.684011
2948.679710 26.733207
2949.115035 26.685193
2949.550360 27.031479
2949.985685 26.704512
2950.421011 26.796911
2950.856336 26.747139
2951.291661 26.013762
2951.726986 26.127579
2952.162311 26.289502
2952.597637 26.281107
2953.032962 26.295596
2953.468287 26.568021
2953.903612 26.494503
2954.338937 26.585464
2954.774263 26.732171
2955.209588 26.226122
2955.644913 25.405253
2956.080238 25.843783
2956.515563 26.156279
2956.950888 26.248458
2957.386214 25.706483
2957.821539 25.816306
2958.256864 25.902848
2958.692189 25.512602
2959.127514 20.252247
2959.562840 16.485274
2959.998165 17.431340
2960.433490 20.330366
2960.868815 21.826761
2961.304140 22.541409
2961.739466 20.843870
2962.174791 17.680507
2962.610116 18.616037
2963.045441 21.986785
2963.480766 26.002108
2963.916092 26.602167
2964.351417 26.316393
2964.786742 26.496671
2965.222067 27.300171
2965.657392 27.208256
2966.092718 27.341821
2966.528043 27.250997
2966.963368 27.175124
2967.398693 27.196401
2967.834018 27.182272
2968.269343 27.173964
2968.704669 27.009810
2969.139994 26.932311
2969.575319 26.905812
2970.010644 27.160425
2970.445969 27.132734
2970.881295 27.262300
2971.316620 27.397280
2971.751945 27.215026
2972.187270 27.275744
2972.622595 27.252750
2973.057921 27.103742
2973.493246 26.357145
2973.928571 26.341049
2974.363896 26.785215
2974.799221 26.695866
2975.234547 27.167733
2975.669872 26.715253
2976.105197 26.198491
2976.540522 26.178250
2976.975847 26.569765
2977.411173 26.611612
2977.846498 26.388953
2978.281823 26.597885
2978.717148 26.368338
2979.152473 26.361582
2979.587798 26.376605
2980.023124 26.364430
2980.458449 26.685458
2980.893774 26.674886
2981.329099 26.119490
2981.764424 26.946353
2982.199750 26.535797
2982.635075 26.755598
2983.070400 26.965717
2983.505725 26.070874
2983.941050 26.491988
2984.376376 26.717102
2984.811701 26.576334
2985.247026 26.582076
2985.682351 26.654335
2986.117676 26.407190
2986.553002 26.093817
2986.988327 26.058498
2987.423652 26.023056
2987.858977 26.199801
2988.294302 26.400128
2988.729628 26.281887
2989.164953 26.291035
2989.600278 26.048049
2990.035603 26.109607
2990.470928 26.142041
2990.906254 26.459312
2991.341579 26.325290
2991.776904 26.141132
2992.212229 25.967314
2992.647554 25.625945
2993.082879 25.275044
2993.518205 25.501728
2993.953530 25.394526
2994.388855 25.879320
2994.824180 25.690118
2995.259505 25.551203
2995.694831 25.445680
2996.130156 25.422554
2996.565481 25.216508
2997.000806 24.972330
2997.436131 24.923905
2997.871457 24.869368
2998.306782 24.873184
2998.742107 25.017874
2999.177432 24.604324
2999.612757 24.534563
3000.048083 24.301131
3000.483408 24.384373
3000.918733 24.419208
3001.354058 24.064910
3001.789383 23.826434
3002.224709 23.754815
3002.660034 24.057154
3003.095359 24.184169
3003.530684 24.368929
3003.966009 24.080924
3004.401334 23.958584
3004.836660 23.898478
3005.271985 23.838148
3005.707310 23.343831
3006.142635 23.578974
3006.577960 23.382665
3007.013286 23.331382
3007.448611 23.260681
3007.883936 23.227115
3008.319261 23.588835
3008.754586 23.325722
3009.189912 23.662572
3009.625237 23.180279
3010.060562 23.237610
3010.495887 23.189664
3010.931212 23.247716
3011.366538 23.194676
3011.801863 23.018384
3012.237188 22.672851
3012.672513 22.299436
3013.107838 22.469292
3013.543164 22.728452
3013.978489 22.206051
3014.413814 21.939095
3014.849139 21.889995
3015.284464 22.041769
3015.719789 21.701888
3016.155115 21.709100
3016.590440 21.520231
3017.025765 22.024788
3017.461090 21.877888
3017.896415 21.770786
3018.331741 21.599515
3018.767066 21.585487
3019.202391 21.361212
3019.637716 21.353210
3020.073041 21.741142
3020.508367 22.033269
3020.943692 21.913408
3021.379017 21.888799
3021.814342 22.238093
3022.249667 21.683035
3022.684993 21.868480
3023.120318 21.906647
3023.555643 22.466247
3023.990968 22.109015
3024.426293 21.910769
3024.861619 21.740343
3025.296944 21.655663
3025.732269 21.632058
3026.167594 21.768289
3026.602919 21.662680
3027.038244 21.891414
3027.473570 21.838657
3027.908895 22.096712
3028.344220 22.125901
3028.779545 22.006058
3029.214870 21.725936
3029.650196 21.813149
3030.085521 21.834010
3030.520846 21.791648
3030.956171 21.837544
3031.391496 21.904109
3031.826822 21.326848
3032.262147 21.511864
3032.697472 21.571505
3033.132797 21.652523
3033.568122 21.350813
3034.003448 21.451794
3034.438773 21.189416
3034.874098 21.147008
3035.309423 21.102395
3035.744748 21.351471
3036.180074 21.591362
3036.615399 21.409559
3037.050724 21.115209
3037.486049 21.210173
3037.921374 21.853790
3038.356699 21.811245
3038.792025 21.773174
3039.227350 21.705038
3039.662675 21.838603
3040.098000 21.647122
3040.533325 21.761469
3040.968651 21.763318
3041.403976 21.756726
3041.839301 21.942496
3042.274626 21.476655
3042.709951 21.541769
3043.145277 21.458377
3043.580602 21.742780
3044.015927 21.512448
3044.451252 21.064228
3044.886577 21.552898
3045.321903 21.666491
3045.757228 21.784312
3046.192553 22.020944
3046.627878 21.958404
3047.063203 21.467593
3047.498529 21.266449
3047.933854 21.543353
3048.369179 21.882257
3048.804504 22.127028
3049.239829 21.730619
3049.675154 21.563452
3050.110480 21.928997
3050.545805 21.942427
3050.981130 21.795418
3051.416455 21.621262
3051.851780 21.564977
3052.287106 21.856173
3052.722431 22.108280
3053.157756 21.851594
3053.593081 22.152432
3054.028406 21.686732
3054.463732 21.922602
3054.899057 22.016174
3055.334382 22.219107
3055.769707 22.449795
3056.205032 21.929326
3056.640358 21.749879
3057.075683 21.933946
3057.511008 22.311127
3057.946333 22.457378
3058.381658 22.365901
3058.816984 22.543833
3059.252309 22.124924
3059.687634 21.956533
3060.122959 21.928573
3060.558284 22.399819
3060.993609 22.048580
3061.428935 21.754243
3061.864260 21.752138
3062.299585 21.970401
3062.734910 22.302878
3063.170235 22.393647
3063.605561 22.473675
3064.040886 22.005072
3064.476211 22.196492
3064.911536 22.393857
3065.346861 22.420215
3065.782187 22.299614
3066.217512 22.107563
3066.652837 22.006802
3067.088162 22.169062
3067.523487 22.357242
3067.958813 22.401426
3068.394138 22.459975
3068.829463 22.235691
3069.264788 21.989003
3069.700113 22.071674
3070.135439 22.072176
3070.570764 22.233450
3071.006089 22.336836
3071.441414 22.446970
3071.876739 22.504301
3072.312064 22.270056
3072.747390 21.817257
3073.182715 22.201911
3073.618040 22.323635
3074.053365 22.423209
3074.488690 22.178566
3074.924016 21.688188
3075.359341 21.686970
3075.794666 21.564922
3076.229991 21.514886
3076.665316 21.767331
3077.100642 21.612931
3077.535967 21.340629
3077.971292 21.641827
3078.406617 21.563288
3078.841942 21.836558
3079.277268 21.494006
3079.712593 21.684596
3080.147918 21.779934
3080.583243 21.487670
3081.018568 21.590029
3081.453894 21.610247
3081.889219 21.779784
3082.324544 21.800924
3082.759869 21.507792
3083.195194 21.343989
3083.630519 21.753366
3084.065845 21.999982
3084.501170 21.935954
3084.936495 21.853356
3085.371820 21.614168
3085.807145 21.834704
3086.242471 21.755142
3086.677796 21.570108
3087.113121 21.311382
3087.548446 20.865325
3087.983771 21.336046
3088.419097 21.030963
3088.854422 21.125366
3089.289747 21.073526
3089.725072 21.335886
3090.160397 21.050359
3090.595723 20.801375
3091.031048 20.412065
3091.466373 20.897667
3091.901698 21.357729
3092.337023 21.386347
3092.772349 21.165861
3093.207674 21.038171
3093.642999 20.834895
3094.078324 20.793688
3094.513649 20.921451
3094.948974 21.005189
3095.384300 20.829015
3095.819625 20.703056
3096.254950 20.961795
3096.690275 21.070089
3097.125600 21.086920
3097.560926 21.057010
3097.996251 20.793446
3098.431576 20.876965
3098.866901 20.858715
3099.302226 20.871168
3099.737552 21.311103
3100.172877 20.997813
3100.608202 20.869237
3101.043527 20.646113
3101.478852 21.331901
3101.914178 21.539710
3102.349503 21.499776
3102.784828 21.412116
3103.220153 21.372652
3103.655478 21.285540
3104.090804 21.382813
3104.526129 21.509431
3104.961454 21.581032
3105.396779 21.365905
3105.832104 20.721009
3106.267429 20.834338
3106.702755 21.583697
3107.138080 21.839821
3107.573405 21.749185
3108.008730 22.010093
3108.444055 22.061645
3108.879381 22.113415
3109.314706 22.195338
3109.750031 22.147881
3110.185356 22.189207
3110.620681 22.159329
3111.056007 22.608933
3111.491332 22.214305
3111.926657 22.085013
3112.361982 22.521643
3112.797307 22.531686
3113.232633 22.119943
3113.667958 22.532973
3114.103283 22.829419
3114.538608 22.366864
3114.973933 22.393546
3115.409259 22.494381
3115.844584 22.503579
3116.279909 22.337717
3116.715234 22.233902
3117.150559 22.282108
3117.585884 22.420311
3118.021210 22.718916
3118.456535 22.704600
3118.891860 22.715264
3119.327185 22.618898
3119.762510 22.546120
3120.197836 22.759238
3120.633161 22.584926
3121.068486 22.677033
3121.503811 22.684400
3121.939136 22.767738
3122.374462 22.826474
3122.809787 22.790475
3123.245112 22.809662
3123.680437 22.963860
3124.115762 22.940346
3124.551088 22.494792
3124.986413 21.812053
3125.421738 20.469245
3125.857063 21.168983
3126.292388 22.368252
3126.727714 24.591638
3127.163039 24.425744
3127.598364 23.665210
3128.033689 21.800915
3128.469014 20.168430
3128.904339 20.406774
3129.339665 21.818937
3129.774990 24.061190
3130.210315 24.229517
3130.645640 23.922740
3131.080965 22.786810
3131.516291 22.076631
3131.951616 22.079211
3132.386941 22.281227
3132.822266 22.255713
3133.257591 22.292301
3133.692917 22.803700
3134.128242 23.041806
3134.563567 23.043409
3134.998892 22.629137
3135.434217 22.566119
3135.869543 22.605477
3136.304868 22.290859
3136.740193 22.400024
3137.175518 22.509678
3137.610843 22.380308
3138.046169 21.685851
3138.481494 22.158668
3138.916819 21.904853
3139.352144 21.501077
3139.787469 21.777752
3140.222794 22.116757
3140.658120 22.052273
3141.093445 22.416654
3141.528770 22.205549
3141.964095 22.096443
3142.399420 22.116510
3142.834746 21.923770
3143.270071 22.091417
3143.705396 21.961486
3144.140721 21.926646
3144.576046 22.001443
3145.011372 22.167551
3145.446697 22.380737
3145.882022 22.274717
3146.317347 22.094640
3146.752672 22.000826
3147.187998 22.525295
3147.623323 22.665794
3148.058648 21.932891
3148.493973 21.990952
3148.929298 22.248765
3149.364624 22.318627
3149.799949 22.782071
3150.235274 22.953293
3150.670599 22.611932
3151.105924 22.284993
3151.541249 21.762962
3151.976575 22.406534
3152.411900 22.115634
3152.847225 22.212543
3153.282550 21.760903
3153.717875 21.812642
3154.153201 21.510472
3154.588526 21.399863
3155.023851 22.108613
3155.459176 21.784111
3155.894501 21.810232
3156.329827 22.077426
3156.765152 21.600533
3157.200477 21.989770
3157.635802 21.381248
3158.071127 20.839067
3158.506453 20.948895
3158.941778 21.346436
3159.377103 21.186284
3159.812428 21.630187
3160.247753 21.561863
3160.683079 21.637472
3161.118404 22.076686
3161.553729 21.083373
3161.989054 21.197665
3162.424379 21.332869
3162.859704 21.833211
3163.295030 21.615830
3163.730355 21.621271
3164.165680 21.460445
3164.601005 21.233002
3165.036330 21.786047
3165.471656 21.950420
3165.906981 22.301422
3166.342306 22.472634
3166.777631 22.803842
3167.212956 22.295369
3167.648282 22.036611
3168.083607 22.590386
3168.518932 23.074852
3168.954257 23.016389
3169.389582 23.080722
3169.824908 23.028144
3170.260233 22.854101
3170.695558 22.957355
3171.130883 23.521059
3171.566208 23.317779
3172.001534 22.880354
3172.436859 23.317003
3172.872184 23.406831
3173.307509 23.752085
3173.742834 24.399017
3174.178159 24.109208
3174.613485 24.192094
3175.048810 24.341955
3175.484135 24.025195
3175.919460 23.946724
3176.354785 24.099681
3176.790111 24.173469
3177.225436 24.128089
3177.660761 24.222943
3178.096086 24.460584
3178.531411 24.362498
3178.966737 24.503613
3179.402062 24.009136
3179.837387 23.917810
3180.272712 23.781963
3180.708037 23.984335
3181.143363 23.939457
3181.578688 23.620579
3182.014013 23.907320
3182.449338 23.616411
3182.884663 23.057163
3183.319989 23.827543
3183.755314 23.947081
3184.190639 24.258970
3184.625964 24.195316
3185.061289 23.879182
3185.496614 23.715406
3185.931940 23.556428
3186.367265 24.168730
3186.802590 24.110363
3187.237915 24.214060
3187.673240 24.103813
3188.108566 24.420294
3188.543891 24.199393
3188.979216 24.412762
3189.414541 24.566942
3189.849866 24.203771
3190.285192 24.028930
3190.720517 24.098828
3191.155842 24.199352
3191.591167 23.869815
3192.026492 24.185210
3192.461818 24.542191
3192.897143 24.168046
3193.332468 24.054187
3193.767793 24.042885
3194.203118 24.056241
3194.638444 24.392886
3195.073769 24.408544
3195.509094 24.280658
3195.944419 23.999842
3196.379744 23.712161
3196.815069 24.144107
3197.250395 23.942575
3197.685720 23.998628
3198.121045 24.153461
3198.556370 24.196951
3198.991695 23.945273
3199.427021 23.660778
3199.862346 23.649388
3200.297671 23.738240
3200.732996 24.261695
3201.168321 24.505014
3201.603647 24.435705
3202.038972 24.462565
3202.474297 23.654958
3202.909622 23.647133
3203.344947 24.097595
3203.780273 24.067964
3204.215598 23.870321
3204.650923 24.007949
3205.086248 23.569548
3205.521573 23.518599
3205.956899 23.678284
3206.392224 23.458648
3206.827549 23.249250
3207.262874 23.453978
3207.698199 23.341252
3208.133524 23.300651
3208.568850 23.141235
3209.004175 23.467595
3209.439500 23.284510
3209.874825 23.491469
3210.310150 23.244507
3210.745476 22.891972
3211.180801 23.058039
3211.616126 23.589268
3212.051451 23.363067
3212.486776 23.874740
3212.922102 23.859964
3213.357427 23.410241
3213.792752 23.093951
3214.228077 22.967877
3214.663402 23.578915
3215.098728 23.605387
3215.534053 23.919440
3215.969378 23.789536
3216.404703 23.887581
3216.840028 23.479546
3217.275354 23.982929
3217.710679 23.711088
3218.146004 23.905585
3218.581329 23.783300
3219.016654 23.841115
3219.451979 23.820774
3219.887305 23.379122
3220.322630 23.874526
3220.757955 23.853910
3221.193280 24.005050
3221.628605 23.629590
3222.063931 23.546080
3222.499256 23.602488
3222.934581 23.345027
3223.369906 23.591560
3223.805231 23.536612
3224.240557 23.326009
3224.675882 23.513112
3225.111207 23.431285
3225.546532 22.826762
3225.981857 22.868234
3226.417183 23.225307
3226.852508 23.141815
3227.287833 23.004388
3227.723158 22.783053
3228.158483 22.692316
3228.593809 22.913377
3229.029134 22.815386
3229.464459 23.294562
3229.899784 23.156683
3230.335109 23.068169
3230.770434 22.583790
3231.205760 22.741973
3231.641085 22.960555
3232.076410 23.414491
3232.511735 23.250606
3232.947060 23.127723
3233.382386 22.823092
3233.817711 22.852819
3234.253036 23.193229
3234.688361 23.350030
3235.123686 23.260735
3235.559012 23.081046
3235.994337 23.155852
3236.429662 23.076888
3236.864987 23.421471
3237.300312 23.603579
3237.735638 23.385965
3238.170963 23.659322
3238.606288 23.552092
3239.041613 22.960984
3239.476938 23.270084
3239.912264 23.380090
3240.347589 23.537502
3240.782914 23.436038
3241.218239 23.186811
3241.653564 23.130270
3242.088889 23.217647
3242.524215 23.150566
3242.959540 23.340695
3243.394865 23.233994
3243.830190 23.512450
3244.265515 23.476994
3244.700841 23.733871
3245.136166 23.496295
3245.571491 23.273029
3246.006816 23.545906
3246.442141 23.500193
3246.877467 23.394237
3247.312792 23.292466
3247.748117 23.422402
3248.183442 23.193476
3248.618767 23.402207
3249.054093 23.253450
3249.489418 23.096403
3249.924743 22.890406
3250.360068 22.873178
3250.795393 23.211795
3251.230719 23.305549
3251.666044 23.020191
3252.101369 23.495030
3252.536694 23.482504
3252.972019 23.118287
3253.407344 22.599260
3253.842670 23.328356
3254.277995 23.401413
3254.713320 23.182447
3255.148645 22.895861
3255.583970 22.400184
3256.019296 23.150296
3256.454621 23.287787
3256.889946 23.337695
3257.325271 23.599503
3257.760596 23.462172
3258.195922 23.112869
3258.631247 23.108892
3259.066572 23.275407
3259.501897 23.303427
3259.937222 23.191778
3260.372548 23.027167
3260.807873 23.043176
3261.243198 22.832007
3261.678523 22.704600
3262.113848 23.317770
3262.549174 23.530454
3262.984499 23.503338
3263.419824 23.231958
3263.855149 23.196763
3264.290474 23.132320
3264.725799 22.790069
3265.161125 23.030924
3265.596450 23.437644
3266.031775 23.103990
3266.467100 23.164242
3266.902425 22.861807
3267.337751 23.259371
3267.773076 23.282620
3268.208401 23.196124
3268.643726 22.760680
3269.079051 22.489264
3269.514377 22.541386
3269.949702 22.871019
3270.385027 23.013207
3270.820352 23.257453
3271.255677 22.649849
3271.691003 22.920548
3272.126328 22.694288
3272.561653 23.134502
3272.996978 23.115101
3273.432303 23.017512
3273.867629 22.728493
3274.302954 22.619172
3274.738279 22.344191
3275.173604 22.472812
3275.608929 22.555350
3276.044254 22.803577
3276.479580 23.143700
3276.914905 22.972077
3277.350230 22.752144
3277.785555 22.540879
3278.220880 22.581128
3278.656206 22.933138
3279.091531 22.984731
3279.526856 22.900910
3279.962181 22.788942
3280.397506 22.632506
3280.832832 22.737084
3281.268157 22.507501
3281.703482 22.499480
3282.138807 22.725613
3282.574132 22.330058
3283.009458 22.702902
3283.444783 22.437721
3283.880108 22.587473
3284.315433 22.659156
3284.750758 22.498786
3285.186084 22.427993
3285.621409 22.326538
3286.056734 22.281514
3286.492059 22.548106
3286.927384 22.576810
3287.362709 22.608385
3287.798035 22.835837
3288.233360 22.927291
3288.668685 22.810547
3289.104010 22.912866
3289.539335 22.621742
3289.974661 22.748451
3290.409986 22.796921
3290.845311 22.721029
3291.280636 22.799090
3291.715961 22.608162
3292.151287 22.735048
3292.586612 22.266674
3293.021937 22.115287
3293.457262 22.157768
3293.892587 22.184957
3294.327913 21.590814
3294.763238 21.598059
3295.198563 21.779377
3295.633888 21.762163
3296.069213 22.078060
3296.504539 22.004752
3296.939864 21.586811
3297.375189 21.668578
3297.810514 21.654737
3298.245839 21.793154
3298.681164 21.810921
3299.116490 21.946476
3299.551815 21.990208
3299.987140 21.604217
3300.422465 21.644005
3300.857790 21.555258
3301.293116 21.691617
3301.728441 21.729862
3302.163766 21.484579
3302.599091 21.515023
3303.034416 21.662301
3303.469742 21.589600
3303.905067 21.603094
3304.340392 21.114154
3304.775717 20.933593
3305.211042 21.290095
3305.646368 21.544005
3306.081693 21.586943
3306.517018 21.286065
3306.952343 20.967323
3307.387668 20.837693
3307.822994 21.010024
3308.258319 21.249573
3308.693644 21.378422
3309.128969 21.222343
3309.564294 21.346463
3309.999619 20.883936
3310.434945 21.011361
3310.870270 20.664254
3311.305595 20.666358
3311.740920 20.674269
3312.176245 20.523444
3312.611571 20.588663
3313.046896 20.559475
3313.482221 20.640429
3313.917546 20.708040
3314.352871 21.096566
3314.788197 21.096830
3315.223522 20.513890
3315.658847 20.501747
3316.094172 20.359869
3316.529497 20.540339
3316.964823 20.588567
3317.400148 20.377476
3317.835473 20.396033
3318.270798 20.271356
3318.706123 20.331088
3319.141449 20.325021
3319.576774 20.189611
3320.012099 20.272022
3320.447424 19.961507
3320.882749 19.915356
3321.318074 20.345800
3321.753400 20.598478
3322.188725 20.662729
3322.624050 20.543671
3323.059375 20.274391
3323.494700 20.183417
3323.930026 20.200051
3324.365351 20.066404
3324.800676 20.060630
3325.236001 20.367963
3325.671326 19.940983
3326.106652 19.827348
3326.541977 19.826760
3326.977302 20.015263
3327.412627 20.204790
3327.847952 20.265362
3328.283278 20.311650
3328.718603 19.921810
3329.153928 19.947360
3329.589253 19.872422
3330.024578 19.847000
3330.459904 19.298603
3330.895229 19.677829
3331.330554 19.906554
3331.765879 19.876892
3332.201204 19.741879
3332.636529 19.473873
3333.071855 19.676934
3333.507180 20.005353
3333.942505 19.949967
3334.377830 19.628733
3334.813155 19.488558
3335.248481 19.463798
3335.683806 19.608365
3336.119131 19.603339
3336.554456 19.416537
3336.989781 19.627455
3337.425107 19.967519
3337.860432 20.017660
3338.295757 20.129756
3338.731082 19.789135
3339.166407 19.455239
3339.601733 19.615413
3340.037058 19.360713
3340.472383 19.433181
3340.907708 19.516076
3341.343033 18.994223
3341.778359 19.540667
3342.213684 19.169981
3342.649009 18.380255
3343.084334 18.751520
3343.519659 17.897103
3343.954985 19.592748
3344.390310 21.601222
3344.825635 23.502101
3345.260960 25.327997
3345.696285 22.006217
3346.131610 19.173547
3346.566936 16.382946
3347.002261 16.194917
3347.437586 17.344803
3347.872911 20.013707
3348.308236 21.210839
3348.743562 21.501666
3349.178887 21.268814
3349.614212 20.128455
3350.049537 19.449104
3350.484862 19.240478
3350.920188 19.127263
3351.355513 19.029176
3351.790838 19.212759
3352.226163 19.343334
3352.661488 19.419651
3353.096814 19.558730
3353.532139 19.330868
3353.967464 19.460215
3354.402789 19.257929
3354.838114 19.380287
3355.273440 19.390568
3355.708765 19.419318
3356.144090 19.586887
3356.579415 19.567152
3357.014740 19.479250
3357.450065 19.539206
3357.885391 19.803392
3358.320716 19.759066
3358.756041 19.647541
3359.191366 19.247686
3359.626691 19.503522
3360.062017 19.470970
3360.497342 19.810458
3360.932667 19.901058
3361.367992 19.878718
3361.803317 19.659300
3362.238643 19.427334
3362.673968 19.702137
3363.109293 19.979821
3363.544618 19.980214
3363.979943 19.993407
3364.415269 19.728518
3364.850594 19.523512
3365.285919 19.560401
3365.721244 19.979913
3366.156569 20.100125
3366.591895 19.574904
3367.027220 19.563642
3367.462545 19.150462
3367.897870 19.490215
3368.333195 19.561063
3368.768520 20.051669
3369.203846 19.887615
3369.639171 19.459087
3370.074496 19.567805
3370.509821 19.819825
3370.945146 19.853414
3371.380472 19.670283
3371.815797 19.982588
3372.251122 19.899488
3372.686447 19.670224
3373.121772 19.478159
3373.557098 19.590625
3373.992423 19.541667
3374.427748 20.115824
3374.863073 20.022828
3375.298398 19.989759
3375.733724 19.706328
3376.169049 19.421116
3376.604374 19.014108
3377.039699 18.992201
3377.475024 19.254693
3377.910350 19.615513
3378.345675 20.009945
3378.781000 20.287214
3379.216325 21.141096
3379.651650 19.573721
3380.086975 19.137922
3380.522301 18.776476
3380.957626 18.665699
3381.392951 19.279037
3381.828276 19.883625
3382.263601 19.450683
3382.698927 19.571243
3383.134252 19.390618
3383.569577 19.791386
3384.004902 19.878476
3384.440227 19.637183
3384.875553 19.718580
3385.310878 19.597870
3385.746203 19.751324
3386.181528 19.774341
3386.616853 19.818821
3387.052179 19.427963
3387.487504 19.704570
3387.922829 19.676884
3388.358154 19.915447
3388.793479 19.456179
3389.228805 19.271756
3389.664130 19.117403
3390.099455 18.910758
3390.534780 19.377599
3390.970105 19.769036
3391.405430 19.408156
3391.840756 19.449286
3392.276081 19.599468
3392.711406 19.494100
3393.146731 19.516258
3393.582056 19.121004
3394.017382 19.068175
3394.452707 19.385665
3394.888032 19.732193
3395.323357 19.708770
3395.758682 19.938828
3396.194008 19.486618
3396.629333 19.756569
3397.064658 19.754465
3397.499983 19.810358
3397.935308 20.044762
3398.370634 19.949469
3398.805959 19.627473
3399.241284 19.563957
3399.676609 19.670685
3400.111934 19.849516
3400.547260 19.805866
3400.982585 19.738360
3401.417910 19.549349
3401.853235 19.451377
3402.288560 19.652708
3402.723885 19.733183
3403.159211 19.553271
3403.594536 19.705908
3404.029861 19.667923
3404.465186 19.567979
3404.900511 19.455052
3405.335837 19.292988
3405.771162 19.462073
3406.206487 19.522489
3406.641812 19.748334
3407.077137 19.170538
3407.512463 19.415533
3407.947788 19.425663
3408.383113 19.609761
3408.818438 19.534801
3409.253763 19.632572
3409.689089 19.507110
3410.124414 19.697504
3410.559739 19.680851
3410.995064 19.737894
3411.430389 19.385610
3411.865715 19.428671
3412.301040 19.580902
3412.736365 19.497277
3413.171690 19.317871
3413.607015 19.561506
3414.042340 19.585695
3414.477666 19.737415
3414.912991 19.362685
3415.348316 19.238665
3415.783641 19.413904
3416.218966 19.536682
3416.654292 19.488490
3417.089617 19.719539
3417.524942 19.680668
3417.960267 19.506882
3418.395592 19.427612
3418.830918 19.443457
3419.266243 19.324372
3419.701568 19.357445
3420.136893 19.453655
3420.572218 19.604302
3421.007544 19.414547
3421.442869 19.269008
3421.878194 19.503349
3422.313519 19.604836
3422.748844 19.572918
3423.184170 19.387559
3423.619495 19.388166
3424.054820 19.535527
3424.490145 19.580619
3424.925470 19.715225
3425.360795 19.654356
3425.796121 19.469395
3426.231446 19.542205
3426.666771 19.442421
3427.102096 19.297471
3427.537421 19.474261
3427.972747 19.459219
3428.408072 19.341394
3428.843397 19.354409
3429.278722 19.188675
3429.714047 19.158514
3430.149373 19.167133
3430.584698 19.256765
3431.020023 19.280480
3431.455348 19.330370
3431.890673 19.086781
3432.325999 18.823203
3432.761324 19.165079
3433.196649 19.453198
3433.631974 19.388933
3434.067299 19.067074
3434.502625 18.968317
3434.937950 18.576761
3435.373275 19.086311
3435.808600 19.255524
3436.243925 19.121612
3436.679250 18.935751
3437.114576 18.779694
3437.549901 18.811758
3437.985226 18.771706
3438.420551 18.819765
3438.855876 18.815456
3439.291202 18.933687
3439.726527 19.237602
3440.161852 18.802204
3440.597177 18.868450
3441.032502 19.052156
3441.467828 19.063404
3441.903153 19.085161
3442.338478 19.120553
3442.773803 19.089949
3443.209128 19.207304
3443.644454 19.552873
3444.079779 19.536444
3444.515104 19.553946
3444.950429 19.561337
3445.385754 19.426165
3445.821080 19.476721
3446.256405 19.347383
3446.691730 19.355692
3447.127055 19.117152
3447.562380 19.056215
3447.997705 19.126848
3448.433031 19.257418
3448.868356 19.258966
3449.303681 19.360252
3449.739006 20.026936
3450.174331 20.029807
3450.609657 19.552522
3451.044982 19.616445
3451.480307 19.426179
3451.915632 19.333908
3452.350957 18.995990
3452.786283 19.386870
3453.221608 19.439043
3453.656933 19.592625
3454.092258 19.567006
3454.527583 19.373248
3454.962909 19.121424
3455.398234 19.220077
3455.833559 19.389892
3456.268884 19.483204
3456.704209 19.197353
3457.139535 19.089424
3457.574860 19.103507
3458.010185 19.128678
3458.445510 19.466053
3458.880835 19.562446
3459.316160 19.668905
3459.751486 19.693373
3460.186811 19.636147
3460.622136 19.265178
3461.057461 18.740071
3461.492786 18.681457
3461.928112 18.768990
3462.363437 19.317876
3462.798762 19.556512
3463.234087 19.611857
3463.669412 19.924819
3464.104738 19.663623
3464.540063 19.303076
3464.975388 19.642008
3465.410713 19.652279
3465.846038 19.501637
3466.281364 19.459416
3466.716689 19.464077
3467.152014 19.514017
3467.587339 19.552358
3468.022664 19.659656
3468.457990 19.714494
3468.893315 19.848986
3469.328640 19.859942
3469.763965 19.591739
3470.199290 19.540973
3470.634615 19.551732
3471.069941 19.371468
3471.505266 19.120119
3471.940591 19.254674
3472.375916 19.312594
3472.811241 19.545040
3473.246567 19.519029
3473.681892 19.622310
3474.117217 19.350355
3474.552542 19.381830
3474.987867 19.771127
3475.423193 19.627560
3475.858518 19.890458
3476.293843 19.812179
3476.729168 20.100705
3477.164493 20.073649
3477.599819 19.864165
3478.035144 19.604010
3478.470469 19.686749
3478.905794 19.703228
3479.341119 20.168645
3479.776445 20.081478
3480.211770 20.002733
3480.647095 20.169558
3481.082420 19.842691
3481.517745 19.697422
3481.953070 19.516564
3482.388396 19.330630
3482.823721 19.203301
3483.259046 19.276842
3483.694371 19.478360
3484.129696 19.418249
3484.565022 19.716982
3485.000347 19.599162
3485.435672 19.471581
3485.870997 19.478871
3486.306322 19.641867
3486.741648 19.629500
3487.176973 19.878900
3487.612298 19.820985
3488.047623 19.789761
3488.482948 19.839806
3488.918274 19.545551
3489.353599 19.557612
3489.788924 19.271683
3490.224249 19.380246
3490.659574 19.482304
3491.094900 19.359526
3491.530225 19.277755
3491.965550 19.398867
3492.400875 19.535308
3492.836200 19.316812
3493.271525 19.322550
3493.706851 19.296882
3494.142176 19.309577
3494.577501 19.270693
3495.012826 19.108524
3495.448151 19.503271
3495.883477 19.506179
3496.318802 19.543602
3496.754127 19.604544
3497.189452 19.752507
3497.624777 19.523603
3498.060103 19.424827
3498.495428 19.411845
3498.930753 19.567130
3499.366078 19.854574
3499.801403 19.851419
3500.236729 19.337478
3500.672054 19.512465
3501.107379 19.836259
3501.542704 19.577227
3501.978029 19.337048
3502.413355 19.360576
3502.848680 19.422664
3503.284005 19.416579
3503.719330 19.205702
3504.154655 19.064755
3504.589980 18.974699
3505.025306 19.000358
3505.460631 19.079350
3505.895956 19.107301
3506.331281 18.936481
3506.766606 18.962200
3507.201932 18.983609
3507.637257 18.485129
3508.072582 18.574862
3508.507907 18.528962
3508.943232 18.784524
3509.378558 18.937207
3509.813883 18.972672
3510.249208 18.627997
3510.684533 18.665886
3511.119858 18.461442
3511.555184 18.344817
3511.990509 18.405120
3512.425834 18.367217
3512.861159 18.351779
3513.296484 18.415898
3513.731810 18.376228
3514.167135 18.120488
3514.602460 18.070694
3515.037785 18.019201
3515.473110 18.106670
3515.908435 18.244978
3516.343761 18.163526
3516.779086 18.304993
3517.214411 18.134351
3517.649736 17.874448
3518.085061 17.729680
3518.520387 17.931299
3518.955712 18.072547
3519.391037 17.786299
3519.826362 17.772915
3520.261687 17.619456
3520.697013 17.671797
3521.132338 18.013290
3521.567663 18.038196
3522.002988 17.758284
3522.438313 17.727014
3522.873639 17.833026
3523.308964 17.529650
3523.744289 17.469589
3524.179614 17.473789
3524.614939 17.568383
3525.050265 17.703240
3525.485590 17.365235
3525.920915 17.489168
3526.356240 17.440401
3526.791565 17.418604
3527.226890 17.523967
3527.662216 17.376844
3528.097541 17.247054
3528.532866 17.154067
3528.968191 17.031900
3529.403516 17.297145
3529.838842 17.247830
3530.274167 16.993381
3530.709492 16.942332
3531.144817 16.943980
3531.580142 17.054332
3532.015468 17.031078
3532.450793 16.881166
3532.886118 16.791470
3533.321443 17.063129
3533.756768 17.043075
3534.192094 16.922972
3534.627419 16.837507
3535.062744 16.851905
3535.498069 16.804973
3535.933394 16.926989
3536.368720 16.787978
3536.804045 16.824274
3537.239370 16.628840
3537.674695 16.410779
3538.110020 16.566940
3538.545345 16.518757
3538.980671 16.617697
3539.415996 16.464211
3539.851321 16.423492
3540.286646 16.291657
3540.721971 16.400019
3541.157297 16.432147
3541.592622 16.626827
3542.027947 16.603852
3542.463272 16.532534
3542.898597 16.544741
3543.333923 16.109626
3543.769248 16.060859
3544.204573 16.039504
3544.639898 15.986387
3545.075223 15.856469
3545.510549 16.079744
3545.945874 16.180538
3546.381199 16.306840
3546.816524 16.333084
3547.251849 16.063100
3547.687175 15.921163
3548.122500 15.861221
3548.557825 15.957354
3548.993150 16.139367
3549.428475 16.019720
3549.863800 16.130109
3550.299126 16.212793
3550.734451 15.993887
3551.169776 16.093453
3551.605101 16.184961
3552.040426 15.903182
3552.475752 16.010499
3552.911077 16.080986
3553.346402 16.126827
3553.781727 16.085021
3554.217052 16.169554
3554.652378 16.130926
3555.087703 16.162365
3555.523028 15.809300
3555.958353 16.081050
3556.393678 16.259342
3556.829004 16.431937
3557.264329 16.272562
3557.699654 16.139198
3558.134979 16.172038
3558.570304 16.231026
3559.005630 15.970017
3559.440955 16.191384
3559.876280 16.220024
3560.311605 16.056413
3560.746930 16.031466
3561.182255 16.178474
3561.617581 15.959112
3562.052906 16.058312
3562.488231 15.879020
3562.923556 15.967858
3563.358881 15.800334
3563.794207 15.984406
3564.229532 15.990774
3564.664857 16.053962
3565.100182 16.137271
3565.535507 16.050529
3565.970833 16.044886
3566.406158 16.052852
3566.841483 16.244086
3567.276808 16.255384
3567.712133 16.008687
3568.147459 16.002643
3568.582784 15.720279
3569.018109 15.847440
3569.453434 16.312003
3569.888759 16.214140
3570.324085 16.297486
3570.759410 16.380632
3571.194735 16.269426
3571.630060 16.271480
3572.065385 16.041536
3572.500710 16.124818
3572.936036 16.328030
3573.371361 16.222494
3573.806686 16.261816
3574.242011 16.044142
3574.677336 16.162127
3575.112662 16.250541
3575.547987 16.333417
3575.983312 16.095238
3576.418637 16.057180
3576.853962 16.144744
3577.289288 16.080178
3577.724613 16.028275
3578.159938 15.995270
3578.595263 16.101067
3579.030588 16.031502
3579.465914 16.392231
3579.901239 16.255138
3580.336564 16.222279
3580.771889 16.202527
3581.207214 16.203823
3581.642540 16.091704
3582.077865 16.188230
3582.513190 16.229127
3582.948515 16.112721
3583.383840 16.140690
3583.819165 16.271918
3584.254491 16.433558
3584.689816 16.486702
3585.125141 16.594786
3585.560466 16.566219
3585.995791 16.527864
3586.431117 16.239338
3586.866442 16.335467
3587.301767 16.147825
3587.737092 15.893180
3588.172417 16.292648
3588.607743 16.478038
3589.043068 16.610850
3589.478393 16.513608
3589.913718 16.629452
3590.349043 16.579329
3590.784369 16.483945
3591.219694 16.336694
3591.655019 16.407423
3592.090344 16.668610
3592.525669 16.329696
3592.960995 16.254042
3593.396320 16.567753
3593.831645 16.576549
3594.266970 16.571359
3594.702295 16.663721
3595.137620 16.458249
3595.572946 16.404324
3596.008271 16.325200
3596.443596 16.542769
3596.878921 16.345473
3597.314246 16.416836
3597.749572 16.503926
3598.184897 16.276638
3598.620222 16.197798
3599.055547 16.140846
3599.490872 16.005582
3599.926198 16.122563
3600.361523 16.445390
3600.796848 16.336151
3601.232173 16.329820
3601.667498 16.493819
3602.102824 16.459696
3602.538149 16.436908
3602.973474 16.531192
3603.408799 16.543737
3603.844124 16.532822
3604.279450 16.536136
3604.714775 16.428988
3605.150100 16.249614
3605.585425 16.364326
3606.020750 16.382864
3606.456075 16.353078
3606.891401 16.332837
3607.326726 16.451781
3607.762051 16.307917
3608.197376 16.466576
3608.632701 16.516105
3609.068027 16.262565
3609.503352 16.038144
3609.938677 16.196798
3610.374002 16.352055
3610.809327 16.481019
3611.244653 16.528663
3611.679978 16.322881
3612.115303 16.479613
3612.550628 16.471990
3612.985953 16.197766
3613.421279 16.080415
3613.856604 16.512462
3614.291929 16.205786
3614.727254 16.446463
3615.162579 16.474318
3615.597905 16.399179
3616.033230 16.433261
3616.468555 16.412659
3616.903880 16.298564
3617.339205 16.476591
3617.774530 16.418840
3618.209856 16.606130
3618.645181 16.527216
3619.080506 16.420009
3619.515831 16.400380
3619.951156 16.455136
3620.386482 16.404867
3620.821807 16.388447
3621.257132 16.306630
3621.692457 16.617853
3622.127782 16.527303
3622.563108 16.439661
3622.998433 16.418014
3623.433758 16.150857
3623.869083 16.129114
3624.304408 15.983566
3624.739734 15.957665
3625.175059 16.081639
3625.610384 16.318197
3626.045709 16.324702
3626.481034 16.202139
3626.916360 15.828450
3627.351685 15.464854
3627.787010 15.495128
3628.222335 16.300842
3628.657660 16.741745
3629.092985 16.551547
3629.528311 16.344761
3629.963636 16.269686
3630.398961 16.170960
3630.834286 16.096831
3631.269611 15.916092
3631.704937 16.122568
3632.140262 16.152760
3632.575587 16.066497
3633.010912 16.185326
3633.446237 16.041335
3633.881563 16.121029
3634.316888 16.194570
3634.752213 16.353489
3635.187538 16.367019
3635.622863 16.329865
3636.058189 16.316330
3636.493514 16.309661
3636.928839 16.107426
3637.364164 16.133387
3637.799489 15.998448
3638.234815 15.930841
3638.670140 15.747769
3639.105465 16.099264
3639.540790 16.123914
3639.976115 16.071313
3640.411440 16.075421
3640.846766 16.102509
3641.282091 16.096717
3641.717416 15.756561
3642.152741 15.575594
3642.588066 15.291620
3643.023392 15.659041
3643.458717 16.269545
3643.894042 16.780209
3644.329367 17.090505
3644.764692 16.243611
3645.200018 15.497260
3645.635343 15.287246
3646.070668 14.781243
3646.505993 15.245235
3646.941318 15.329527
3647.376644 15.700993
3647.811969 15.933571
3648.247294 16.141320
3648.682619 16.107914
3649.117944 15.948197
3649.553270 15.845938
3649.988595 15.578173
3650.423920 15.489308
3650.859245 15.777510
3651.294570 15.887894
3651.729895 16.234427
3652.165221 16.139143
3652.600546 15.926176
3653.035871 16.063630
3653.471196 16.085423
3653.906521 16.014703
3654.341847 16.339790
3654.777172 15.977225
3655.212497 15.844044
3655.647822 15.752120
3656.083147 15.916553
3656.518473 15.980334
3656.953798 15.999922
3657.389123 15.786416
3657.824448 15.801444
3658.259773 15.976860
3658.695099 16.012599
3659.130424 15.956468
3659.565749 15.854036
3660.001074 16.046580
3660.436399 15.905871
3660.871725 15.789972
3661.307050 15.603066
3661.742375 15.607512
3662.177700 15.611817
3662.613025 15.812295
3663.048350 15.836155
3663.483676 15.978047
3663.919001 16.084510
3664.354326 16.005820
3664.789651 16.127041
3665.224976 16.320754
3665.660302 15.943741
3666.095627 15.736814
3666.530952 15.661565
3666.966277 15.936547
3667.401602 15.713131
3667.836928 15.668641
3668.272253 15.571226
3668.707578 15.531593
3669.142903 16.171800
3669.578228 16.524956
3670.013554 16.739649
3670.448879 16.508559
3670.884204 15.970328
3671.319529 15.613720
3671.754854 15.562872
3672.190180 15.645282
3672.625505 15.602404
3673.060830 15.842870
3673.496155 15.732390
3673.931480 15.636020
3674.366805 15.710310
3674.802131 15.685011
3675.237456 16.077804
3675.672781 16.021939
3676.108106 15.587974
3676.543431 15.561082
3676.978757 15.477453
3677.414082 15.630319
3677.849407 15.471016
3678.284732 15.705795
3678.720057 15.503286
3679.155383 15.609343
3679.590708 15.497265
3680.026033 15.604833
3680.461358 15.616049
3680.896683 15.647268
3681.332009 15.542896
3681.767334 15.644639
3682.202659 15.725675
3682.637984 15.714295
3683.073309 15.778875
3683.508635 15.795747
3683.943960 15.749988
3684.379285 15.730085
3684.814610 15.965913
3685.249935 15.804799
3685.685260 15.865243
3686.120586 15.767148
3686.555911 15.724091
3686.991236 15.528553
3687.426561 15.416041
3687.861886 15.542982
3688.297212 15.554746
3688.732537 16.131730
3689.167862 16.422460
3689.603187 16.317946
3690.038512 16.179734
3690.473838 15.912924
3690.909163 15.854990
3691.344488 15.731085
3691.779813 15.600952
3692.215138 15.990888
3692.650464 15.891158
3693.085789 16.160959
3693.521114 16.412116
3693.956439 15.989245
3694.391764 15.685257
3694.827090 15.823255
3695.262415 16.095630
3695.697740 16.011969
3696.133065 16.190320
3696.568390 15.967045
3697.003715 15.726333
3697.439041 15.777172
3697.874366 15.782928
3698.309691 15.616747
3698.745016 15.490632
3699.180341 15.821968
3699.615667 15.849056
3700.050992 15.748208
3700.486317 15.781144
3700.921642 15.524029
3701.356967 15.504441
3701.792293 15.447840
3702.227618 15.580241
3702.662943 15.356350
3703.098268 15.538901
3703.533593 15.332225
3703.968919 15.376340
3704.404244 15.697930
3704.839569 15.958176
3705.274894 15.965366
3705.710219 15.952698
3706.145545 15.689535
3706.580870 15.513379
3707.016195 15.576676
3707.451520 15.823433
3707.886845 16.153112
3708.322171 16.210022
3708.757496 16.183870
3709.192821 16.235244
3709.628146 16.225876
3710.063471 16.372903
3710.498796 16.408263
3710.934122 16.203230
3711.369447 16.076535
3711.804772 15.897805
3712.240097 15.863655
3712.675422 15.899302
3713.110748 15.946138
3713.546073 15.812358
3713.981398 15.929038
3714.416723 15.714669
3714.852048 15.681962
3715.287374 15.886607
3715.722699 15.900119
3716.158024 15.792437
3716.593349 15.715847
3717.028674 15.748860
3717.464000 15.873268
3717.899325 16.034880
3718.334650 16.202974
3718.769975 16.244332
3719.205300 16.191804
3719.640626 16.016812
3720.075951 16.216167
3720.511276 16.463677
3720.946601 16.616483
3721.381926 16.724097
3721.817251 16.741256
3722.252577 16.908716
3722.687902 17.224658
3723.123227 17.226494
3723.558552 17.375068
3723.993877 17.029773
3724.429203 17.090943
3724.864528 16.936758
3725.299853 16.920251
3725.735178 16.727429
3726.170503 16.739174
3726.605829 16.909245
3727.041154 16.677621
3727.476479 16.511636
3727.911804 16.611526
3728.347129 16.412961
3728.782455 16.126676
3729.217780 16.053003
3729.653105 16.112420
3730.088430 16.014352
3730.523755 15.853790
3730.959081 15.815577
3731.394406 15.920515
3731.829731 15.652732
3732.265056 15.718997
3732.700381 15.631770
3733.135706 15.756434
3733.571032 16.127379
3734.006357 16.148725
3734.441682 16.101126
3734.877007 15.817060
3735.312332 15.662999
3735.747658 15.773292
3736.182983 15.823387
3736.618308 15.996704
3737.053633 16.303521
3737.488958 16.038276
3737.924284 15.929572
3738.359609 15.812687
3738.794934 15.950461
3739.230259 15.961166
3739.665584 16.089746
3740.100910 15.823753
3740.536235 15.933571
3740.971560 15.880294
3741.406885 16.057741
3741.842210 16.024509
3742.277536 15.933178
3742.712861 15.742967
3743.148186 15.685645
3743.583511 15.590773
3744.018836 15.789516
3744.454161 16.131013
3744.889487 16.222234
3745.324812 16.265030
3745.760137 16.245547
3746.195462 16.324652
3746.630787 16.189887
3747.066113 16.374999
3747.501438 16.475486
3747.936763 16.335051
3748.372088 16.401786
3748.807413 16.487711
3749.242739 16.592508
3749.678064 16.713054
3750.113389 16.731903
3750.548714 16.691037
3750.984039 16.569177
3751.419365 16.460920
3751.854690 16.467653
3752.290015 16.564571
3752.725340 16.788380
3753.160665 16.651583
3753.595991 16.687691
3754.031316 16.386872
3754.466641 16.331116
3754.901966 16.348016
3755.337291 16.512809
3755.772616 16.864938
3756.207942 16.900202
3756.643267 16.658453
3757.078592 16.565685
3757.513917 16.673572
3757.949242 16.752824
3758.384568 16.520990
3758.819893 16.484954
3759.255218 16.594330
3759.690543 16.370388
3760.125868 16.158672
3760.561194 16.273712
3760.996519 16.295880
3761.431844 16.410112
3761.867169 16.261602
3762.302494 16.070738
3762.737820 16.254247
3763.173145 16.359875
3763.608470 16.424583
3764.043795 16.107325
3764.479120 16.013288
3764.914446 15.837511
3765.349771 16.039116
3765.785096 16.036332
3766.220421 15.884530
3766.655746 15.983538
3767.091071 16.100893
3767.526397 16.235408
3767.961722 16.218367
3768.397047 16.145424
3768.832372 16.053437
3769.267697 16.068099
3769.703023 16.017853
3770.138348 15.955423
3770.573673 15.989359
3771.008998 16.105349
3771.444323 16.149273
3771.879649 16.241954
3772.314974 16.305571
3772.750299 16.065378
3773.185624 16.227661
3773.620949 16.336626
3774.056275 16.209338
3774.491600 16.075914
3774.926925 16.226575
3775.362250 16.452968
3775.797575 16.456104
3776.232901 16.295665
3776.668226 16.233847
3777.103551 16.017871
3777.538876 15.863956
3777.974201 16.020619
3778.409526 16.183135
3778.844852 16.269800
3779.280177 16.395860
3779.715502 16.097926
3780.150827 15.588805
3780.586152 15.641288
3781.021478 15.793962
3781.456803 16.069259
3781.892128 16.011430
3782.327453 16.091239
3782.762778 15.963293
3783.198104 15.834868
3783.633429 15.520459
3784.068754 15.650144
3784.504079 15.691406
3784.939404 15.681560
3785.374730 15.556887
3785.810055 15.516620
3786.245380 15.660004
3786.680705 15.617929
3787.116030 15.441669
3787.551356 15.359801
3787.986681 15.727026
3788.422006 15.501026
3788.857331 15.185513
3789.292656 15.272607
3789.727981 15.098852
3790.163307 15.227081
3790.598632 15.202941
3791.033957 15.203832
3791.469282 15.211245
3791.904607 15.262883
3792.339933 15.196925
3792.775258 15.217581
3793.210583 15.138375
3793.645908 15.163218
3794.081233 15.193433
3794.516559 15.010840
3794.951884 14.811454
3795.387209 15.030187
3795.822534 14.922943
3796.257859 14.952090
3796.693185 15.278742
3797.128510 15.139010
3797.563835 15.308651
3797.999160 15.208634
3798.434485 14.981643
3798.869811 14.835178
3799.305136 14.898963
3799.740461 14.949419
3800.175786 15.041183
3800.611111 14.840331
3801.046436 14.819785
3801.481762 14.728915
3801.917087 14.732727
3802.352412 14.790505
3802.787737 14.702389
3803.223062 14.692241
3803.658388 14.704703
3804.093713 14.825865
3804.529038 15.043270
3804.964363 14.984843
3805.399688 14.896170
3805.835014 14.966164
3806.270339 14.894645
3806.705664 14.920213
3807.140989 15.075416
3807.576314 14.933040
3808.011640 14.829855
3808.446965 14.833699
3808.882290 14.956385
3809.317615 14.738972
3809.752940 14.830855
3810.188266 14.968012
3810.623591 14.962630
3811.058916 14.896192
3811.494241 14.840441
3811.929566 14.829896
3812.364891 14.855524
3812.800217 15.053212
3813.235542 15.236380
3813.670867 15.096711
3814.106192 14.946968
3814.541517 14.793500
3814.976843 14.995822
3815.412168 15.002624
3815.847493 15.191369
3816.282818 15.111588
3816.718143 15.047483
3817.153469 14.909910
3817.588794 14.799590
3818.024119 14.813663
3818.459444 14.791797
3818.894769 14.796234
3819.330095 14.865461
3819.765420 14.924910
3820.200745 15.019651
3820.636070 14.951930
3821.071395 14.877526
3821.506721 14.821971
3821.942046 14.829485
3822.377371 14.813362
3822.812696 14.803159
3823.248021 14.820036
3823.683346 14.691191
3824.118672 14.618495
3824.553997 14.593680
3824.989322 14.501678
3825.424647 14.372966
3825.859972 14.335364
3826.295298 14.351314
3826.730623 14.522161
3827.165948 14.371779
3827.601273 14.340527
3828.036598 14.347507
3828.471924 14.138393
3828.907249 14.091493
3829.342574 13.900049
3829.777899 13.869651
3830.213224 13.677742
3830.648550 13.889942
3831.083875 13.971111
3831.519200 14.133056
3831.954525 14.243687
3832.389850 14.288916
3832.825176 14.442841
3833.260501 14.367625
3833.695826 14.431538
3834.131151 14.578351
3834.566476 14.498145
3835.001801 14.602499
3835.437127 14.337140
3835.872452 14.245509
3836.307777 14.189132
3836.743102 14.156264
3837.178427 14.622786
3837.613753 14.480556
3838.049078 14.595761
3838.484403 14.605211
3838.919728 14.779837
3839.355053 14.763951
3839.790379 14.673155
3840.225704 14.748882
3840.661029 14.727263
3841.096354 14.654548
3841.531679 14.361996
3841.967005 14.361699
3842.402330 14.361407
3842.837655 14.416584
3843.272980 15.387205
3843.708305 15.227633
3844.143631 15.297390
3844.578956 14.596556
3845.014281 14.179303
3845.449606 14.098774
3845.884931 14.540685
3846.320256 14.817868
3846.755582 15.301644
3847.190907 15.354154
3847.626232 14.403861
3848.061557 14.179509
3848.496882 14.015975
3848.932208 14.024941
3849.367533 14.066869
3849.802858 13.940229
3850.238183 13.937198
3850.673508 14.063505
3851.108834 14.231216
3851.544159 13.899227
3851.979484 13.640529
3852.414809 13.434450
3852.850134 13.213791
3853.285460 13.150813
3853.720785 12.898126
3854.156110 12.841759
3854.591435 12.855782
3855.026760 13.046500
3855.462086 12.903654
3855.897411 12.739929
3856.332736 12.713416
3856.768061 12.651785
3857.203386 13.000540
3857.638711 12.857193
3858.074037 13.132307
3858.509362 13.325631
3858.944687 13.707428
3859.380012 13.782817
3859.815337 13.917975
3860.250663 13.727376
3860.685988 13.489658
3861.121313 13.075209
3861.556638 13.347041
3861.991963 13.295845
3862.427289 14.146788
3862.862614 14.699755
3863.297939 15.020838
3863.733264 15.051660
3864.168589 14.574881
3864.603915 13.756715
3865.039240 13.913862
3865.474565 14.067125
3865.909890 14.078971
3866.345215 14.262851
3866.780541 14.295458
3867.215866 14.540010
3867.651191 14.987966
3868.086516 15.408267
3868.521841 15.238037
3868.957166 14.978297
3869.392492 14.898712
3869.827817 14.947945
3870.263142 15.082012
3870.698467 15.013648
3871.133792 14.862353
3871.569118 14.885227
3872.004443 14.699663
3872.439768 14.620279
3872.875093 14.565414
3873.310418 14.792007
3873.745744 14.941011
3874.181069 15.225898
3874.616394 15.454053
3875.051719 15.187553
3875.487044 15.066706
3875.922370 14.712322
3876.357695 14.318063
3876.793020 14.514350
3877.228345 14.895919
3877.663670 15.063867
3878.098996 15.354465
3878.534321 15.171973
3878.969646 14.820488
3879.404971 14.726441
3879.840296 14.850123
3880.275621 14.846234
3880.710947 14.862923
3881.146272 14.892509
3881.581597 14.828874
3882.016922 14.653476
3882.452247 14.070197
3882.887573 14.224309
3883.322898 14.330316
3883.758223 14.514026
3884.193548 15.512397
3884.628873 15.748194
3885.064199 15.597122
3885.499524 15.095602
3885.934849 14.420249
3886.370174 14.119256
3886.805499 14.567710
3887.240825 14.853871
3887.676150 14.961553
3888.111475 14.808829
3888.546800 14.401122
3888.982125 14.388801
3889.417451 14.310303
3889.852776 14.381356
3890.288101 14.469902
3890.723426 14.591945
3891.158751 15.245715
3891.594076 15.629072
3892.029402 15.339077
3892.464727 15.316969
3892.900052 15.201887
3893.335377 15.067208
3893.770702 15.044338
3894.206028 15.036235
3894.641353 14.558927
3895.076678 14.055964
3895.512003 13.600344
3895.947328 13.404760
3896.382654 13.987198
3896.817979 14.324669
3897.253304 15.571472
3897.688629 16.496914
3898.123954 15.977736
3898.559280 14.792354
3898.994605 14.176377
3899.429930 13.919340
3899.865255 14.148965
3900.300580 14.512534
3900.735906 14.596651
3901.171231 14.592762
3901.606556 14.538371
3902.041881 14.487354
3902.477206 14.579131
3902.912531 14.696126
3903.347857 14.874089
3903.783182 14.918036
3904.218507 14.891189
3904.653832 14.424577
3905.089157 14.319127
3905.524483 14.318830
3905.959808 14.709140
3906.395133 14.990166
3906.830458 15.515401
3907.265783 15.207963
3907.701109 14.925910
3908.136434 14.757122
3908.571759 14.554348
3909.007084 14.570522
3909.442409 14.373486
3909.877735 14.547464
3910.313060 14.572818
3910.748385 14.271049
3911.183710 14.315046
3911.619035 14.857021
3912.054361 15.788762
3912.489686 15.786325
3912.925011 15.785603
3913.360336 15.435246
3913.795661 14.171237
3914.230986 14.319195
3914.666312 14.401049
3915.101637 14.597523
3915.536962 14.728441
3915.972287 14.721470
3916.407612 14.927042
3916.842938 14.718859
3917.278263 14.780796
3917.713588 14.575406
3918.148913 14.821679
3918.584238 14.756428
3919.019564 14.742811
3919.454889 14.747193
3919.890214 14.799348
3920.325539 14.810527
3920.760864 14.833521
3921.196190 14.801539
3921.631515 14.632728
3922.066840 14.538325
3922.502165 14.565861
3922.937490 14.480999
3923.372816 14.685750
3923.808141 14.455353
3924.243466 14.523051
3924.678791 14.877581
3925.114116 14.504673
3925.549441 14.305460
3925.984767 14.215910
3926.420092 14.075196
3926.855417 13.689675
3927.290742 13.659418
3927.726067 13.647842
3928.161393 13.738962
3928.596718 14.054996
3929.032043 14.374910
3929.467368 14.573334
3929.902693 14.983077
3930.338019 14.537933
3930.773344 13.742057
3931.208669 13.241801
3931.643994 13.403239
3932.079319 13.317446
3932.514645 13.637297
3932.949970 14.003746
3933.385295 13.918779
3933.820620 13.848940
3934.255945 13.861215
3934.691271 14.164116
3935.126596 14.029031
3935.561921 13.965405
3935.997246 14.099842
3936.432571 14.126674
3936.867896 13.996328
3937.303222 14.171502
3937.738547 14.205429
3938.173872 14.352561
3938.609197 14.483377
3939.044522 14.408531
3939.479848 14.466569
3939.915173 14.513323
3940.350498 14.508165
3940.785823 14.647222
3941.221148 14.675625
3941.656474 14.832662
3942.091799 14.898922
3942.527124 14.934273
3942.962449 14.795148
3943.397774 14.962530
3943.833100 14.969994
3944.268425 15.044516
3944.703750 14.987961
3945.139075 15.344075
3945.574400 15.137371
3946.009726 14.985505
3946.445051 14.905473
3946.880376 14.779951
3947.315701 14.618937
3947.751026 14.623662
3948.186351 14.867292
3948.621677 15.115888
3949.057002 15.322593
3949.492327 15.342792
3949.927652 15.041028
3950.362977 15.121088
3950.798303 14.824774
3951.233628 14.561415
3951.668953 14.598327
3952.104278 14.977749
3952.539603 15.212875
3952.974929 15.226469
3953.410254 15.049889
3953.845579 14.929393
3954.280904 14.717996
3954.716229 14.767777
3955.151555 14.766754
3955.586880 14.857112
3956.022205 14.923961
3956.457530 14.865758
3956.892855 14.671676
3957.328181 14.643319
3957.763506 14.538435
3958.198831 14.606192
3958.634156 14.576621
3959.069481 14.443448
3959.504806 14.172392
3959.940132 14.282662
3960.375457 14.282375
3960.810782 14.187087
3961.246107 14.273519
3961.681432 14.250635
3962.116758 14.281224
3962.552083 13.849698
3962.987408 13.841472
3963.422733 14.008708
3963.858058 14.184644
3964.293384 14.279787
3964.728709 14.148340
3965.164034 13.925421
3965.599359 13.758682
3966.034684 14.034760
3966.470010 14.312385
3966.905335 14.465725
3967.340660 14.751466
3967.775985 14.682677
3968.211310 14.580177
3968.646636 14.495452
3969.081961 14.078994
3969.517286 14.086932
3969.952611 14.401245
3970.387936 14.428430
3970.823261 14.596784
3971.258587 14.666481
3971.693912 14.463082
3972.129237 14.235584
3972.564562 14.441316
3972.999887 14.423572
3973.435213 14.753972
3973.870538 14.808824
3974.305863 14.771899
3974.741188 14.773633
3975.176513 14.751964
3975.611839 14.788232
3976.047164 14.723465
3976.482489 14.774852
3976.917814 14.746057
3977.353139 14.802694
3977.788465 14.699924
3978.223790 14.646386
3978.659115 14.716243
3979.094440 14.815727
3979.529765 14.835064
3979.965091 14.822615
3980.400416 14.727418
3980.835741 14.592945
3981.271066 14.555115
3981.706391 14.441403
3982.141716 14.497944
3982.577042 14.504842
3983.012367 14.593164
3983.447692 14.725583
3983.883017 14.546793
3984.318342 14.458238
3984.753668 14.235598
3985.188993 14.276783
3985.624318 14.521485
3986.059643 14.485843
3986.494968 14.542005
3986.930294 14.525950
3987.365619 14.790907
3987.800944 14.771077
3988.236269 14.791733
3988.671594 14.517400
3989.106920 14.428238
3989.542245 13.984436
3989.977570 14.253388
3990.412895 14.522257
3990.848220 14.620362
3991.283546 14.721114
3991.718871 14.453226
3992.154196 14.214723
3992.589521 13.768104
3993.024846 13.794330
3993.460171 14.018143
3993.895497 14.375239
3994.330822 14.935843
3994.766147 14.939276
3995.201472 15.390989
3995.636797 14.959563
3996.072123 14.327755
3996.507448 13.986965
3996.942773 13.921084
3997.378098 14.331534
3997.813423 14.721940
3998.248749 14.863471
3998.684074 14.683262
3999.119399 14.617331
3999.554724 14.452537
3999.990049 14.096532
4000.425375 14.123397
4000.860700 14.206688
4001.296025 14.101426
4001.731350 14.144291
4002.166675 14.165627
4002.602001 14.233224
4003.037326 14.337022
4003.472651 14.350780
4003.907976 14.447214
4004.343301 14.405619
4004.778626 14.181627
4005.213952 14.253766
4005.649277 14.143533
4006.084602 14.396124
4006.519927 14.289455
4006.955252 14.142729
4007.390578 14.430744
4007.825903 14.618139
4008.261228 14.516459
4008.696553 14.191857
4009.131878 14.194153
4009.567204 14.337752
4010.002529 14.335278
4010.437854 14.485550
4010.873179 14.313960
4011.308504 14.224843
4011.743830 14.308714
4012.179155 14.390637
4012.614480 14.483053
4013.049805 14.366379
4013.485130 14.160222
4013.920456 14.116737
4014.355781 14.123662
4014.791106 13.979319
4015.226431 14.002751
4015.661756 13.984427
4016.097081 14.089566
4016.532407 13.894128
4016.967732 14.031309
4017.403057 14.015770
4017.838382 13.778901
4018.273707 13.554284
4018.709033 13.674729
4019.144358 13.985066
4019.579683 14.464981
4020.015008 14.679363
4020.450333 14.465574
4020.885659 14.615751
4021.320984 14.317301
4021.756309 13.877503
4022.191634 13.640679
4022.626959 13.810239
4023.062285 13.874344
4023.497610 14.024023
4023.932935 13.901428
4024.368260 14.046085
4024.803585 13.895913
4025.238911 13.786519
4025.674236 13.763042
4026.109561 13.573319
4026.544886 13.725427
4026.980211 13.948460
4027.415536 14.084234
4027.850862 14.007603
4028.286187 13.858641
4028.721512 13.431282
4029.156837 13.587991
4029.592162 13.809034
4030.027488 13.844407
4030.462813 14.073457
4030.898138 14.018815
4031.333463 13.915597
4031.768788 13.619224
4032.204114 13.400117
4032.639439 13.078034
4033.074764 13.189030
4033.510089 14.233284
4033.945414 14.833936
4034.380740 15.219571
4034.816065 15.487587
4035.251390 14.010397
4035.686715 13.048792
4036.122040 13.197923
4036.557366 13.185511
4036.992691 13.345082
4037.428016 13.875430
4037.863341 13.962753
4038.298666 13.690966
4038.733991 13.286377
4039.169317 13.298484
4039.604642 13.346593
4040.039967 13.312954
4040.475292 13.296411
4040.910617 13.623497
4041.345943 13.768205
4041.781268 13.349976
4042.216593 13.126277
4042.651918 13.254729
4043.087243 12.973644
4043.522569 13.570530
4043.957894 13.974804
4044.393219 13.969363
4044.828544 14.004074
4045.263869 14.070672
4045.699195 13.786136
4046.134520 13.563176
4046.569845 13.715681
4047.005170 13.576570
4047.440495 13.459676
4047.875821 13.229120
4048.311146 12.920106
4048.746471 13.119297
4049.181796 13.595012
4049.617121 13.819337
4050.052446 14.011958
4050.487772 14.727044
4050.923097 13.710550
4051.358422 13.284949
4051.793747 13.004014
4052.229072 13.323782
4052.664398 13.638219
4053.099723 13.909110
4053.535048 14.121717
4053.970373 13.791897
4054.405698 13.641474
4054.841024 13.702255
4055.276349 13.865415
4055.711674 13.610391
4056.146999 13.146248
4056.582324 13.170889
4057.017650 13.508255
4057.452975 13.747946
4057.888300 13.659834
4058.323625 13.526469
4058.758950 13.453408
4059.194276 13.441708
4059.629601 13.606634
4060.064926 13.907125
4060.500251 13.730882
4060.935576 13.350419
4061.370902 13.186921
4061.806227 13.061418
4062.241552 13.323381
4062.676877 13.916359
4063.112202 13.770072
4063.547527 13.465592
4063.982853 13.137406
4064.418178 12.714265
4064.853503 12.674285
4065.288828 13.081714
4065.724153 13.097915
4066.159479 12.886883
4066.594804 12.832989
4067.030129 12.847392
4067.465454 13.000540
4067.900779 13.334766
4068.336105 13.703168
4068.771430 13.348844
4069.206755 12.959241
4069.642080 12.995350
4070.077405 13.112641
4070.512731 13.170620
4070.948056 13.300529
4071.383381 13.504275
4071.818706 13.597582
4072.254031 13.473384
4072.689357 13.297493
4073.124682 13.235830
4073.560007 13.293617
4073.995332 13.310626
4074.430657 13.335277
4074.865982 13.515746
4075.301308 13.333332
4075.736633 13.354459
4076.171958 13.422878
4076.607283 13.630728
4077.042608 13.719091
4077.477934 13.667384
4077.913259 13.657186
4078.348584 13.908992
4078.783909 13.968436
4079.219234 13.894799
4079.654560 13.848456
4080.089885 13.690921
4080.525210 13.599531
4080.960535 13.678778
4081.395860 13.764868
4081.831186 13.826695
4082.266511 13.631988
4082.701836 13.663563
4083.137161 13.741336
4083.572486 13.950642
4084.007812 13.827773
4084.443137 14.122671
4084.878462 13.881461
4085.313787 13.828151
4085.749112 13.612605
4086.184437 13.322646
4086.619763 13.593953
4087.055088 13.872331
4087.490413 14.004517
4087.925738 14.271752
4088.361063 14.181919
4088.796389 13.850789
4089.231714 13.912119
4089.667039 13.752077
4090.102364 13.940280
4090.537689 13.964168
4090.973015 13.780224
4091.408340 13.722729
4091.843665 13.610994
4092.278990 13.239012
4092.714315 13.004987
4093.149641 12.977547
4093.584966 12.636593
4094.020291 13.540055
4094.455616 13.748507
4094.890941 13.776408
4095.326267 13.457211
4095.761592 13.297425
4096.196917 13.249424
4096.632242 13.153566
4097.067567 13.690026
4097.502892 14.128966
4097.938218 13.650343
4098.373543 12.960474
4098.808868 12.799634
4099.244193 12.668734
4099.679518 12.883601
4100.114844 13.200178
4100.550169 13.657647
4100.985494 13.693833
4101.420819 13.752429
4101.856144 13.932556
4102.291470 13.735105
4102.726795 13.693737
4103.162120 13.520713
4103.597445 13.563738
4104.032770 13.451870
4104.468096 13.671958
4104.903421 13.537402
4105.338746 13.724281
4105.774071 13.738702
4106.209396 13.778503
4106.644722 13.999309
4107.080047 14.036924
4107.515372 14.072571
4107.950697 13.960333
4108.386022 13.909056
4108.821347 13.770702
4109.256673 13.819327
4109.691998 13.872107
4110.127323 14.020458
4110.562648 13.894831
4110.997973 13.856020
4111.433299 14.013373
4111.868624 13.865191
4112.303949 13.301825
4112.739274 12.857567
4113.174599 12.669862
4113.609925 12.651698
4114.045250 14.276294
4114.480575 15.866823
4114.915900 15.283056
4115.351225 15.265919
4115.786551 14.058726
4116.221876 12.685807
4116.657201 12.099854
4117.092526 12.486877
4117.527851 12.690874
4117.963177 13.192555
4118.398502 13.441388
4118.833827 13.661952
4119.269152 14.081491
4119.704477 14.183809
4120.139802 14.581925
4120.575128 14.043095
4121.010453 13.528770
4121.445778 13.434377
4121.881103 13.370039
4122.316428 13.374102
4122.751754 13.524822
4123.187079 13.756898
4123.622404 13.846680
4124.057729 13.816575
4124.493054 13.672004
4124.928380 13.484627
4125.363705 13.403098
4125.799030 13.671228
4126.234355 13.725715
4126.669680 13.987622
4127.105006 14.021978
4127.540331 14.095943
4127.975656 14.053590
4128.410981 13.553886
4128.846306 13.536558
4129.281632 13.361060
4129.716957 13.315118
4130.152282 13.966259
4130.587607 14.462306
4131.022932 14.363128
4131.458257 13.893357
4131.893583 13.623648
4132.328908 13.611614
4132.764233 13.649435
4133.199558 13.565089
4133.634883 13.722382
4134.070209 13.791349
4134.505534 13.743641
4134.940859 13.782767
4135.376184 13.594683
4135.811509 13.374631
4136.246835 13.426178
4136.682160 13.660249
4137.117485 13.850027
4137.552810 14.414333
4137.988135 15.352342
4138.423461 15.621403
4138.858786 14.673214
4139.294111 13.699580
4139.729436 13.271436
4140.164761 12.713772
4140.600087 13.437691
4141.035412 13.763193
4141.470737 13.746540
4141.906062 13.632595
4142.341387 13.612418
4142.776712 13.743563
4143.212038 13.792865
4143.647363 13.348862
4144.082688 13.032079
4144.518013 13.598636
4144.953338 13.582034
4145.388664 13.874065
4145.823989 14.452838
4146.259314 14.310741
4146.694639 14.166846
4147.129964 13.740628
4147.565290 13.412063
4148.000615 13.256085
4148.435940 13.599221
4148.871265 13.682106
4149.306590 13.640469
4149.741916 13.859407
4150.177241 12.958849
4150.612566 12.014732
4151.047891 12.303431
4151.483216 12.688058
4151.918542 13.682677
4152.353867 15.641083
4152.789192 16.214615
4153.224517 15.434319
4153.659842 14.649317
4154.095167 13.713608
4154.530493 12.904220
4154.965818 13.361598
4155.401143 13.485372
4155.836468 13.821226
4156.271793 13.970746
4156.707119 14.001523
4157.142444 13.774281
4157.577769 13.731813
4158.013094 13.747932
4158.448419 13.902450
4158.883745 13.898762
4159.319070 14.004184
4159.754395 13.851387
4160.189720 13.897739
4160.625045 13.386737
4161.060371 13.177422
4161.495696 13.169803
4161.931021 13.593647
4162.366346 13.841248
4162.801671 14.471961
4163.236997 14.663847
4163.672322 14.339473
4164.107647 13.969847
4164.542972 13.767128
4164.978297 13.090250
4165.413622 13.357152
4165.848948 13.319861
4166.284273 13.290390
4166.719598 12.916642
4167.154923 12.659691
4167.590248 12.152387
4168.025574 11.669491
4168.460899 12.799821
4168.896224 13.548673
4169.331549 14.950953
4169.766874 16.138787
4170.202200 14.786817
4170.637525 13.141829
4171.072850 12.676467
4171.508175 12.458187
4171.943500 12.460218
4172.378826 13.320897
4172.814151 13.881127
4173.249476 14.443836
4173.684801 14.543470
4174.120126 14.335766
4174.555452 13.528076
4174.990777 13.353117
4175.426102 13.124231
4175.861427 13.056661
4176.296752 13.196910
4176.732077 13.259449
4177.167403 13.386582
4177.602728 13.741181
4178.038053 13.967477
4178.473378 14.495548
4178.908703 14.634805
4179.344029 14.487659
4179.779354 13.781407
4180.214679 13.376580
4180.650004 13.229645
4181.085329 13.235123
4181.520655 13.036156
4181.955980 13.540949
4182.391305 13.629075
4182.826630 13.958389
4183.261955 14.611921
4183.697281 14.455554
4184.132606 14.562711
4184.567931 14.555371
4185.003256 14.055215
4185.438581 13.927429
4185.873907 13.847621
4186.309232 13.536919
4186.744557 13.059323
4187.179882 12.522264
4187.615207 12.885586
4188.050532 13.685105
4188.485858 14.145893
4188.921183 14.701946
4189.356508 14.948497
4189.791833 14.677971
4190.227158 14.144112
4190.662484 13.717575
4191.097809 13.373504
4191.533134 13.466806
4191.968459 13.815598
4192.403784 13.651900
4192.839110 13.549938
4193.274435 13.701096
4193.709760 13.785460
4194.145085 13.791007
4194.580410 13.563368
4195.015736 13.456987
4195.451061 13.433824
4195.886386 13.483504
4196.321711 13.585937
4196.757036 13.628555
4197.192362 13.628925
4197.627687 13.528706
4198.063012 13.381835
4198.498337 13.492616
4198.933662 12.962921
4199.368987 12.007437
4199.804313 11.746419
4200.239638 12.313871
4200.674963 12.982418
4201.110288 14.772981
4201.545613 16.101765
4201.980939 15.634135
4202.416264 14.927366
4202.851589 13.970093
4203.286914 12.408169
4203.722239 11.872667
4204.157565 12.696001
4204.592890 13.543200
4205.028215 14.602024
4205.463540 14.890500
4205.898865 14.561123
4206.334191 14.152777
4206.769516 13.604945
4207.204841 13.328475
4207.640166 13.308079
4208.075491 13.282972
4208.510817 13.449774
4208.946142 13.294110
4209.381467 13.414761
4209.816792 13.676258
4210.252117 14.179377
4210.687442 14.329918
4211.122768 14.522732
4211.558093 14.150298
4211.993418 13.922422
4212.428743 13.557137
4212.864068 13.525068
4213.299394 13.593939
4213.734719 13.778887
4214.170044 13.904655
4214.605369 14.156447
4215.040694 14.093264
4215.476020 14.178546
4215.911345 14.145208
4216.346670 14.073434
4216.781995 14.092543
4217.217320 13.963447
4217.652646 13.956700
4218.087971 13.427169
4218.523296 13.334222
4218.958621 13.394703
4219.393946 13.975945
4219.829272 14.157479
4220.264597 14.382091
4220.699922 14.173931
4221.135247 13.673168
4221.570572 13.669918
4222.005897 13.462131
4222.441223 13.747841
4222.876548 14.122854
4223.311873 14.233329
4223.747198 14.064619
4224.182523 14.061346
4224.617849 13.897054
4225.053174 13.920071
4225.488499 13.881744
4225.923824 13.699398
4226.359149 13.748201
4226.794475 13.739163
4227.229800 14.379507
4227.665125 15.014835
4228.100450 15.591225
4228.535775 16.411495
4228.971101 15.766737
4229.406426 14.207483
4229.841751 12.442355
4230.277076 12.505703
4230.712401 12.553666
4231.147727 13.120150
4231.583052 13.677258
4232.018377 13.812124
4232.453702 13.826485
4232.889027 13.781863
4233.324352 13.861936
4233.759678 14.019212
4234.195003 14.238848
4234.630328 14.164668
4235.065653 14.308294
4235.500978 14.294796
4235.936304 14.500090
4236.371629 14.744674
4236.806954 14.634417
4237.242279 13.881424
4237.677604 13.406896
4238.112930 13.452878
4238.548255 13.251081
4238.983580 13.720465
4239.418905 14.267676
4239.854230 14.470970
4240.289556 14.346211
4240.724881 14.239761
4241.160206 13.846534
4241.595531 13.432756
4242.030856 13.707542
4242.466182 13.982911
4242.901507 15.382064
4243.336832 16.138166
4243.772157 15.697962
4244.207482 15.261779
4244.642807 14.200046
4245.078133 12.765497
4245.513458 11.658472
4245.948783 12.223189
4246.384108 13.096769
4246.819433 13.482952
4247.254759 14.133125
4247.690084 14.274952
4248.125409 14.266781
4248.560734 14.249886
4248.996059 14.311330
4249.431385 14.314704
4249.866710 14.306843
4250.302035 14.178792
4250.737360 14.140712
4251.172685 14.027109
4251.608011 13.959448
4252.043336 14.141310
4252.478661 14.085832
4252.913986 14.225592
4253.349311 14.303419
4253.784637 14.292066
4254.219962 14.425490
4254.655287 14.473362
4255.090612 14.387395
4255.525937 14.144697
4255.961262 13.915465
4256.396588 13.771126
4256.831913 13.916624
4257.267238 13.793883
4257.702563 13.996784
4258.137888 14.015327
4258.573214 13.756601
4259.008539 13.324736
4259.443864 13.745819
4259.879189 14.418925
4260.314514 14.921537
4260.749840 15.981909
4261.185165 15.881846
4261.620490 14.572366
4262.055815 13.214475
4262.491140 13.295416
4262.926466 13.187182
4263.361791 13.362776
4263.797116 13.629559
4264.232441 13.672752
4264.667766 13.684206
4265.103092 13.715211
4265.538417 13.894763
4265.973742 13.932515
4266.409067 13.728842
4266.844392 13.773482
4267.279717 13.828494
4267.715043 13.904335
4268.150368 13.901428
4268.585693 13.789258
4269.021018 13.835026
4269.456343 13.883054
4269.891669 14.230951
4270.326994 14.053001
4270.762319 13.860421
4271.197644 13.859996
4271.632969 13.596317
4272.068295 13.752839
4272.503620 13.684251
4272.938945 13.698348
4273.374270 13.726340
4273.809595 13.632608
4274.244921 13.930634
4274.680246 14.485728
4275.115571 14.388906
4275.550896 14.275372
4275.986221 14.145888
4276.421547 13.891782
4276.856872 13.661381
4277.292197 13.703041
4277.727522 13.703032
4278.162847 13.541214
4278.598172 13.321317
4279.033498 13.657944
4279.468823 13.950943
4279.904148 14.189008
4280.339473 14.660396
4280.774798 14.874011
4281.210124 14.097664
4281.645449 13.345543
4282.080774 13.373526
4282.516099 13.592843
4282.951424 13.757970
4283.386750 13.840253
4283.822075 13.914406
4284.257400 14.105023
4284.692725 14.092346
4285.128050 13.999656
4285.563376 13.909074
4285.998701 13.938677
4286.434026 13.874038
4286.869351 14.058707
4287.304676 14.327709
4287.740002 14.344677
4288.175327 14.369807
4288.610652 14.102613
4289.045977 14.083874
4289.481302 13.811152
4289.916627 13.818921
4290.351953 13.832036
4290.787278 13.942197
4291.222603 13.856413
4291.657928 13.842513
4292.093253 13.877539
4292.528579 13.931912
4292.963904 13.773044
4293.399229 13.834255
4293.834554 13.893074
4294.269879 13.552467
4294.705205 13.673688
4295.140530 13.521393
4295.575855 13.418582
4296.011180 13.611199
4296.446505 13.795937
4296.881831 13.836145
4297.317156 13.842937
4297.752481 13.775582
4298.187806 13.464848
4298.623131 13.291148
4299.058457 13.206185
4299.493782 13.185461
4299.929107 13.171748
4300.364432 13.246964
4300.799757 13.451879
4301.235082 13.796028
4301.670408 13.902583
4302.105733 13.569672
4302.541058 13.635909
4302.976383 13.283702
4303.411708 13.136840
4303.847034 13.238720
4304.282359 13.354125
4304.717684 13.426050
4305.153009 13.448450
4305.588334 13.395032
4306.023660 13.570836
4306.458985 13.855098
4306.894310 13.924325
4307.329635 14.159483
4307.764960 14.210838
4308.200286 14.167951
4308.635611 14.270492
4309.070936 14.173228
4309.506261 14.261595
4309.941586 14.325819
4310.376912 14.479803
4310.812237 14.556183
4311.247562 14.721630
4311.682887 14.572503
4312.118212 14.729112
4312.553537 14.731349
4312.988863 14.757122
4313.424188 14.815918
4313.859513 14.612391
4314.294838 14.818392
4314.730163 14.858632
4315.165489 14.926650
4315.600814 14.680787
4316.036139 14.482140
4316.471464 14.607817
4316.906789 14.679920
4317.342115 14.693583
4317.777440 14.583500
4318.212765 14.639749
4318.648090 14.685992
4319.083415 14.822779
4319.518741 14.890363
4319.954066 14.947247
4320.389391 14.997041
4320.824716 15.113332
4321.260041 14.998077
4321.695367 15.077041
4322.130692 15.206301
4322.566017 15.172493
4323.001342 15.069659
4323.436667 15.294788
4323.871992 15.353949
4324.307318 15.372081
4324.742643 15.531013
4325.177968 15.565889
4325.613293 15.644926
4326.048618 15.471761
4326.483944 15.506381
4326.919269 15.541458
4327.354594 15.524618
4327.789919 15.357665
4328.225244 15.337000
4328.660570 15.404328
4329.095895 15.385401
4329.531220 15.483392
4329.966545 15.589440
4330.401870 15.466995
4330.837196 15.444846
4331.272521 15.224734
4331.707846 15.162889
4332.143171 15.038435
4332.578496 15.016227
4333.013822 15.066756
4333.449147 15.117427
4333.884472 15.106202
4334.319797 15.207082
4334.755122 15.224643
4335.190447 15.096241
4335.625773 15.234795
4336.061098 15.437629
4336.496423 15.506431
4336.931748 15.440053
4337.367073 15.192095
4337.802399 15.107366
4338.237724 14.843924
4338.673049 15.306200
4339.108374 15.373647
4339.543699 15.585377
4339.979025 15.786914
4340.414350 15.718842
4340.849675 15.498301
4341.285000 15.264550
4341.720325 15.380001
4342.155651 15.539677
4342.590976 15.443431
4343.026301 15.597205
4343.461626 15.725598
4343.896951 15.620075
4344.332277 15.333275
4344.767602 15.552770
4345.202927 15.476380
4345.638252 15.739448
4346.073577 15.868968
4346.508902 15.707899
4346.944228 15.803352
4347.379553 15.793738
4347.814878 15.759442
4348.250203 15.699486
4348.685528 15.482342
4349.120854 15.362892
4349.556179 15.435766
4349.991504 15.547767
4350.426829 15.953195
4350.862154 16.039253
4351.297480 15.851279
4351.732805 15.721270
4352.168130 15.435766
4352.603455 15.741703
4353.038780 15.766417
4353.474106 15.850275
4353.909431 15.956674
4354.344756 15.946471
4354.780081 15.788388
4355.215406 15.852361
4355.650732 15.933493
4356.086057 15.866156
4356.521382 15.799855
4356.956707 15.788936
4357.392032 15.651367
4357.827357 16.013064
4358.262683 15.896033
4358.698008 15.986465
4359.133333 15.956852
4359.568658 15.844240
4360.003983 15.832042
4360.439309 15.736389
4360.874634 15.918297
4361.309959 15.809852
4361.745284 15.765901
4362.180609 15.708356
4362.615935 15.697277
4363.051260 15.571518
4363.486585 15.568528
4363.921910 15.493987
4364.357235 15.585276
4364.792561 15.498461
4365.227886 15.510170
4365.663211 15.562899
4366.098536 15.530913
4366.533861 15.592804
4366.969187 15.502756
4367.404512 15.426563
4367.839837 15.258008
4368.275162 15.192095
4368.710487 15.198929
4369.145812 15.125708
4369.581138 15.202184
4370.016463 15.270206
4370.451788 15.333562
4370.887113 15.493887
4371.322438 15.246226
4371.757764 15.212710
4372.193089 15.006650
4372.628414 14.999259
4373.063739 15.262340
4373.499064 15.127753
4373.934390 14.898950
4374.369715 14.885561
4374.805040 15.012260
4375.240365 14.993165
4375.675690 15.035035
4376.111016 15.024777
4376.546341 14.949812
4376.981666 14.658355
4377.416991 14.655128
4377.852316 14.531711
4378.287642 14.692136
4378.722967 14.803803
4379.158292 14.845207
4379.593617 14.789926
4380.028942 14.766325
4380.464267 14.726181
4380.899593 14.677387
4381.334918 14.678523
4381.770243 14.748134
4382.205568 14.794262
4382.640893 14.873701
4383.076219 14.871980
4383.511544 14.971089
4383.946869 14.700015
4384.382194 14.698513
4384.817519 14.672461
4385.252845 14.377690
4385.688170 14.570668
4386.123495 14.644834
4386.558820 14.639365
4386.994145 14.735137
4387.429471 14.624392
4387.864796 14.584545
4388.300121 14.475124
4388.735446 14.600783
4389.170771 14.621800
4389.606097 14.871820
4390.041422 14.708606
4390.476747 14.537193
4390.912072 14.566121
4391.347397 14.677126
4391.782722 14.593698
4392.218048 14.520960
4392.653373 14.475891
4393.088698 13.991932
4393.524023 13.710363
4393.959348 14.147431
4394.394674 14.368026
4394.829999 14.293714
4395.265324 14.366931
4395.700649 14.738570
4396.135974 14.624388
4396.571300 15.184536
4397.006625 14.652850
4397.441950 14.075356
4397.877275 13.363365
4398.312600 12.822915
4398.747926 12.823586
4399.183251 13.156980
4399.618576 13.755377
4400.053901 14.076812
4400.489226 14.719813
4400.924552 14.757401
4401.359877 13.353267
4401.795202 13.024200
4402.230527 12.669629
4402.665852 12.387645
4403.101177 12.773189
4403.536503 13.212873
4403.971828 13.461114
4404.407153 14.181271
4404.842478 14.755575
4405.277803 15.371346
4405.713129 15.925290
4406.148454 14.999036
4406.583779 13.841823
4407.019104 13.278024
4407.454429 12.530171
4407.889755 12.301153
4408.325080 12.711243
4408.760405 13.255167
4409.195730 13.603393
4409.631055 13.506128
4410.066381 13.569457
4410.501706 13.567289
4410.937031 13.880265
4411.372356 14.265498
4411.807681 14.527082
4412.243007 14.360946
4412.678332 14.293048
4413.113657 13.771291
4413.548982 13.254948
4413.984307 12.770601
4414.419633 13.235182
4414.854958 13.424991
4415.290283 13.567809
4415.725608 13.634658
4416.160933 13.889595
4416.596258 13.864680
4417.031584 13.862603
4417.466909 13.980944
4417.902234 14.062318
4418.337559 13.991347
4418.772884 13.807272
4419.208210 13.770364
4419.643535 13.978922
4420.078860 13.906668
4420.514185 13.770300
4420.949510 13.700220
4421.384836 13.722775
4421.820161 13.639565
4422.255486 13.612349
4422.690811 13.671433
4423.126136 13.809495
4423.561462 13.760221
4423.996787 13.653160
4424.432112 13.760513
4424.867437 13.774778
4425.302762 13.705382
4425.738088 13.469851
4426.173413 13.434304
4426.608738 13.538672
4427.044063 13.520973
4427.479388 12.848218
4427.914713 12.111896
4428.350039 12.265236
4428.785364 13.276440
4429.220689 14.208953
4429.656014 16.475089
4430.091339 18.809047
4430.526665 16.653541
4430.961990 13.404956
4431.397315 11.699547
4431.832640 9.992061
4432.267965 9.506189
4432.703291 10.700181
4433.138616 11.813359
4433.573941 13.068083
4434.009266 14.247526
4434.444591 14.698148
4434.879917 14.542397
4435.315242 14.093186
4435.750567 13.010478
4436.185892 12.043856
4436.621217 12.244101
4437.056543 12.659573
4437.491868 13.060140
4437.927193 13.364990
4438.362518 13.219725
4438.797843 13.186470
4439.233168 12.920878
4439.668494 12.769103
4440.103819 13.475799
4440.539144 13.445492
4440.974469 13.449222
4441.409794 13.534632
4441.845120 13.366916
4442.280445 13.039004
4442.715770 13.111377
4443.151095 13.017727
4443.586420 13.131348
4444.021746 13.172218
4444.457071 13.266360
4444.892396 13.177851
4445.327721 13.032563
4445.763046 13.090323
4446.198372 13.126085
4446.633697 13.022169
4447.069022 12.952604
4447.504347 12.969599
4447.939672 12.413669
4448.374998 12.145996
4448.810323 12.226613
4449.245648 12.862963
4449.680973 13.527195
4450.116298 13.815402
4450.551623 14.411338
4450.986949 13.933482
4451.422274 12.628572
4451.857599 12.384212
4452.292924 12.565882
4452.728249 12.416586
4453.163575 12.839001
4453.598900 13.033234
4454.034225 13.172957
4454.469550 13.096326
4454.904875 13.296397
4455.340201 13.312909
4455.775526 13.298840
4456.210851 12.961903
4456.646176 12.516102
4457.081501 11.315746
4457.516827 10.811282
4457.952152 10.775223
4458.387477 12.705569
4458.822802 14.163180
4459.258127 15.322456
4459.693453 16.216943
4460.128778 15.529110
4460.564103 13.863603
4460.999428 12.255111
4461.434753 12.498796
4461.870078 12.967408
4462.305404 12.871805
4462.740729 13.190131
4463.176054 13.252802
4463.611379 13.181941
4464.046704 13.215895
4464.482030 13.357106
4464.917355 13.521950
4465.352680 12.938252
4465.788005 12.217592
4466.223330 12.183086
4466.658656 12.718017
4467.093981 13.546551
4467.529306 14.346891
4467.964631 15.643662
4468.399956 15.227633
4468.835282 14.393905
4469.270607 13.646102
4469.705932 13.207578
4470.141257 13.064321
4470.576582 13.096331
4471.011908 13.061975
4471.447233 13.279503
4471.882558 13.520818
4472.317883 13.412228
4472.753208 12.832341
4473.188533 12.258270
4473.623859 10.946394
4474.059184 10.352320
4474.494509 11.084373
4474.929834 12.564914
4475.365159 14.373965
4475.800485 16.197601
4476.235810 16.302133
4476.671135 15.010379
4477.106460 13.233438
4477.541785 12.664781
4477.977111 12.430404
4478.412436 13.041689
4478.847761 13.285537
4479.283086 13.831438
4479.718411 13.684881
4480.153737 13.442804
4480.589062 13.210349
4481.024387 13.314306
4481.459712 13.565230
4481.895037 13.513172
4482.330363 13.431419
4482.765688 13.569690
4483.201013 13.723154
4483.636338 13.794818
4484.071663 13.697987
4484.506988 13.842102
4484.942314 13.247356
4485.377639 12.883080
4485.812964 12.929314
4486.248289 13.446004
4486.683614 13.622278
4487.118940 14.505714
4487.554265 15.336301
4487.989590 14.894188
4488.424915 14.021658
4488.860240 13.489845
4489.295566 13.118288
4489.730891 13.032545
4490.166216 13.483733
4490.601541 13.877384
4491.036866 13.763060
4491.472192 13.457302
4491.907517 13.043136
4492.342842 12.519731
4492.778167 12.471457
4493.213492 13.347392
4493.648818 14.917360
4494.084143 15.494101
4494.519468 15.773771
4494.954793 15.276058
4495.390118 13.942375
4495.825443 12.581718
4496.260769 12.907133
4496.696094 13.080563
4497.131419 13.475215
4497.566744 13.993575
4498.002069 14.482419
4498.437395 14.484980
4498.872720 14.576187
4499.308045 14.552586
4499.743370 14.694592
4500.178695 14.769904
4500.614021 14.759697
4501.049346 14.699663
4501.484671 14.816557
4501.919996 14.716339
4502.355321 14.747673
4502.790647 14.919054
4503.225972 15.017619
4503.661297 14.888418
4504.096622 14.604375
4504.531947 14.646058
4504.967273 14.703877
4505.402598 14.831809
4505.837923 14.825815
4506.273248 14.934154
4506.708573 14.578876
4507.143898 14.289729
4507.579224 14.147883
4508.014549 14.226459
4508.449874 14.254757
4508.885199 14.927722
4509.320524 15.619623
4509.755850 15.302297
4510.191175 15.010261
4510.626500 14.820611
4511.061825 14.655945
4511.497150 14.228002
4511.932476 14.453176
4512.367801 14.674209
4512.803126 14.248672
4513.238451 13.968829
4513.673776 13.762818
4514.109102 14.270940
4514.544427 14.899479
4514.979752 15.550295
4515.415077 16.124850
4515.850402 16.051971
4516.285728 14.637763
4516.721053 13.799397
4517.156378 13.750027
4517.591703 13.992630
4518.027028 14.149755
4518.462353 14.562711
4518.897679 14.869501
4519.333004 14.956459
4519.768329 14.675405
4520.203654 14.876554
4520.638979 15.090316
4521.074305 15.121859
4521.509630 14.995676
4521.944955 14.874176
4522.380280 14.887642
4522.815605 14.935519
4523.250931 14.905802
4523.686256 14.932173
4524.121581 15.097638
4524.556906 14.978808
4524.992231 15.023417
4525.427557 15.152823
4525.862882 15.041740
4526.298207 15.003066
4526.733532 15.034898
4527.168857 15.104220
4527.604183 14.978361
4528.039508 15.089809
4528.474833 15.136755
4528.910158 15.176616
4529.345483 15.320990
4529.780808 15.247842
4530.216134 15.344504
4530.651459 15.149888
4531.086784 15.184002
4531.522109 15.271516
4531.957434 15.487080
4532.392760 15.762729
4532.828085 16.076667
4533.263410 16.210698
4533.698735 15.966922
4534.134060 15.584368
4534.569386 15.260711
4535.004711 15.458714
4535.440036 15.277838
4535.875361 15.091863
4536.310686 15.036500
4536.746012 15.218134
4537.181337 15.506609
4537.616662 15.601254
4538.051987 15.996074
4538.487312 16.245282
4538.922638 16.013685
4539.357963 15.201353
4539.793288 14.903939
4540.228613 14.764389
4540.663938 14.686147
4541.099263 14.955888
4541.534589 15.202471
4541.969914 15.292227
4542.405239 15.188069
4542.840564 15.167509
4543.275889 15.193497
4543.711215 15.343463
4544.146540 15.206493
4544.581865 15.310559
4545.017190 15.249641
4545.452515 15.401831
4545.887841 15.349727
4546.323166 15.482931
4546.758491 15.318407
4547.193816 15.299604
4547.629141 15.236749
4548.064467 15.223114
4548.499792 15.263869
4548.935117 15.362202
4549.370442 15.566693
4549.805767 15.489714
4550.241093 15.583136
4550.676418 15.753092
4551.111743 15.719937
4551.547068 15.772087
4551.982393 15.694415
4552.417718 15.758324
4552.853044 15.678949
4553.288369 15.722754
4553.723694 15.534131
4554.159019 15.466397
4554.594344 15.422642
4555.029670 15.456226
4555.464995 15.574111
4555.900320 15.601541
4556.335645 15.535615
4556.770970 15.629442
4557.206296 15.543033
4557.641621 15.601331
4558.076946 15.683445
4558.512271 15.720800
4558.947596 15.588198
4559.382922 15.809273
4559.818247 15.807337
4560.253572 15.765185
4560.688897 15.691443
4561.124222 15.488176
4561.559548 15.270379
4561.994873 15.255890
4562.430198 15.280851
4562.865523 15.288004
4563.300848 15.650756
4563.736173 15.637362
4564.171499 15.834914
4564.606824 15.743524
4565.042149 15.657685
4565.477474 15.536592
4565.912799 15.422112
4566.348125 15.608859
4566.783450 15.490824
4567.218775 15.484593
4567.654100 15.608658
4568.089425 15.535044
4568.524751 15.555385
4568.960076 15.290154
4569.395401 15.324318
4569.830726 15.323341
4570.266051 15.541335
4570.701377 15.492435
4571.136702 15.581803
4571.572027 15.400123
4572.007352 15.183353
4572.442677 15.185554
4572.878003 15.112670
4573.313328 14.909654
4573.748653 15.072933
4574.183978 15.002158
4574.619303 14.944540
4575.054628 14.950940
4575.489954 14.887971
4575.925279 14.920190
4576.360604 14.844901
4576.795929 14.638936
4577.231254 14.476644
4577.666580 14.566391
4578.101905 14.227235
4578.537230 14.499565
4578.972555 14.512812
4579.407880 14.735320
4579.843206 14.779527
4580.278531 14.852830
4580.713856 14.834794
4581.149181 14.862759
4581.584506 15.191639
4582.019832 15.388359
4582.455157 15.402967
4582.890482 15.374651
4583.325807 15.160711
4583.761132 15.213007
4584.196458 15.247144
4584.631783 15.183732
4585.067108 15.290492
4585.502433 15.280490
4585.937758 15.202485
4586.373083 15.166609
4586.808409 15.310176
4587.243734 15.154302
4587.679059 15.117139
4588.114384 15.074215
4588.549709 14.839989
4588.985035 14.537166
4589.420360 14.620677
4589.855685 14.544771
4590.291010 14.388222
4590.726335 14.529036
4591.161661 14.348489
4591.596986 14.620407
4592.032311 14.670183
4592.467636 14.758295
4592.902961 14.730942
4593.338287 14.445972
4593.773612 14.525393
4594.208937 14.296321
4594.644262 14.371181
4595.079587 14.627857
4595.514913 14.696126
4595.950238 14.692990
4596.385563 14.470317
4596.820888 14.422217
4597.256213 14.813097
4597.691538 15.059429
4598.126864 14.719042
4598.562189 14.335100
4598.997514 14.238538
4599.432839 14.484126
4599.868164 14.804835
4600.303490 15.163752
4600.738815 15.584825
4601.174140 14.711144
4601.609465 14.067116
4602.044790 14.044643
4602.480116 14.525069
4602.915441 14.811773
4603.350766 14.609493
4603.786091 14.350278
4604.221416 14.291477
4604.656742 13.776855
4605.092067 13.718707
4605.527392 14.249119
4605.962717 14.496492
4606.398042 14.354053
4606.833368 14.182403
4607.268693 14.097422
4607.704018 14.161007
4608.139343 13.996620
4608.574668 14.237657
4609.009993 14.411170
4609.445319 14.368729
4609.880644 14.027387
4610.315969 13.893599
4610.751294 13.900501
4611.186619 13.907403
4611.621945 13.958471
4612.057270 14.123821
4612.492595 14.291874
4612.927920 14.311431
4613.363245 13.988773
4613.798571 14.011712
4614.233896 14.197887
4614.669221 14.256382
4615.104546 14.281804
4615.539871 14.317538
4615.975197 14.182951
4616.410522 14.041630
4616.845847 13.942955
4617.281172 13.867145
4617.716497 13.866885
4618.151823 13.972097
4618.587148 14.126761
4619.022473 14.174949
4619.457798 14.238899
4619.893123 14.085554
4620.328448 13.787209
4620.763774 13.783529
4621.199099 13.787282
4621.634424 13.915145
4622.069749 14.044168
4622.505074 14.134869
4622.940400 13.777011
4623.375725 13.916072
4623.811050 13.854637
4624.246375 13.813242
4624.681700 13.806290
4625.117026 13.751735
4625.552351 13.792760
4625.987676 13.855413
4626.423001 13.840267
4626.858326 13.703178
4627.293652 13.665773
4627.728977 13.736104
4628.164302 13.831949
4628.599627 13.908690
4629.034952 13.805546
4629.470278 13.723377
4629.905603 13.636790
4630.340928 13.412689
4630.776253 13.579450
4631.211578 13.703187
4631.646903 13.558287
4632.082229 13.505521
4632.517554 13.514902
4632.952879 13.618800
4633.388204 13.527277
4633.823529 13.472124
4634.258855 13.491507
4634.694180 13.356193
4635.129505 13.356426
4635.564830 13.485289
4636.000155 13.443676
4636.435481 13.541607
4636.870806 13.436632
4637.306131 13.372969
4637.741456 13.216260
4638.176781 13.200571
4638.612107 13.191012
4639.047432 13.270400
4639.482757 13.314059
4639.918082 13.623620
4640.353407 13.406079
4640.788733 13.430424
4641.224058 13.355029
4641.659383 13.223441
4642.094708 13.270834
4642.530033 13.203040
4642.965358 13.238747
4643.400684 13.242417
4643.836009 13.175952
4644.271334 13.019302
4644.706659 13.093578
4645.141984 13.248452
4645.577310 13.100535
4646.012635 13.126596
4646.447960 13.087242
4646.883285 13.038178
4647.318610 13.015011
4647.753936 12.820523
4648.189261 12.442794
4648.624586 12.176248
4649.059911 11.654482
4649.495236 11.079074
4649.930562 11.557696
4650.365887 12.284263
4650.801212 13.259234
4651.236537 13.527565
4651.671862 13.985107
4652.107188 13.177979
4652.542513 11.704491
4652.977838 10.680670
4653.413163 11.227904
4653.848488 11.964897
4654.283813 13.345114
4654.719139 14.942056
4655.154464 15.546940
4655.589789 13.892836
4656.025114 12.462628
4656.460439 11.977564
4656.895765 11.553177
4657.331090 11.221143
4657.766415 11.017671
4658.201740 10.799239
4658.637065 11.242689
4659.072391 11.493130
4659.507716 12.675554
4659.943041 13.337628
4660.378366 13.890139
4660.813691 13.549066
4661.249017 13.269574
4661.684342 12.957639
4662.119667 11.860981
4662.554992 11.336480
4662.990317 11.702194
4663.425643 12.148516
4663.860968 12.402622
4664.296293 12.180703
4664.731618 12.063608
4665.166943 11.870216
4665.602268 11.410514
4666.037594 11.931513
4666.472919 12.579655
4666.908244 13.205154
4667.343569 13.446921
4667.778894 13.640150
4668.214220 13.294731
4668.649545 12.551475
4669.084870 12.023232
4669.520195 12.242293
4669.955520 12.454571
4670.390846 12.513144
4670.826171 12.446688
4671.261496 12.495245
4671.696821 12.580175
4672.132146 12.576030
4672.567472 12.404786
4673.002797 12.351482
4673.438122 12.166228
4673.873447 12.279716
4674.308772 12.268541
4674.744098 12.161489
4675.179423 12.128503
4675.614748 12.222468
4676.050073 12.131630
4676.485398 12.392050
4676.920723 12.292845
4677.356049 12.119232
4677.791374 12.279881
4678.226699 12.244598
4678.662024 12.149689
4679.097349 12.044673
4679.532675 12.097462
4679.968000 12.013070
4680.403325 12.065133
4680.838650 11.990319
4681.273975 11.940392
4681.709301 11.945340
4682.144626 11.999859
4682.579951 12.133014
4683.015276 12.045061
4683.450601 10.768348
4683.885927 9.981644
4684.321252 9.081651
4684.756577 8.469559
4685.191902 8.196659
4685.627227 11.273544
4686.062553 13.062121
4686.497878 13.745914
4686.933203 14.270319
4687.368528 14.165513
4687.803853 12.134698
4688.239178 10.193027
4688.674504 10.214039
4689.109829 10.407441
4689.545154 9.833631
4689.980479 10.212446
4690.415804 10.678328
4690.851130 11.959761
4691.286455 13.440526
4691.721780 13.556018
4692.157105 12.211790
4692.592430 11.456278
4693.027756 11.404927
4693.463081 11.099383
4693.898406 10.950589
4694.333731 11.396299
4694.769056 11.801833
4695.204382 11.720797
4695.639707 11.585593
4696.075032 11.363167
4696.510357 11.234080
4696.945682 10.977942
4697.381008 11.449284
4697.816333 11.838544
4698.251658 12.171884
4698.686983 12.346474
4699.122308 12.603862
4699.557633 12.311908
4699.992959 11.783811
4700.428284 11.425232
4700.863609 11.407196
4701.298934 11.264838
4701.734259 11.483936
4702.169585 11.740764
4702.604910 11.773859
4703.040235 11.615899
4703.475560 11.360652
4703.910885 11.505255
4704.346211 11.567502
4704.781536 11.499699
4705.216861 10.987383
4705.652186 10.488144
4706.087511 10.654960
4706.522837 10.440966
4706.958162 11.301043
4707.393487 12.498568
4707.828812 13.638251
4708.264137 13.032435
4708.699463 12.558802
4709.134788 11.947618
4709.570113 11.228639
4710.005438 10.388625
4710.440763 10.751878
4710.876088 11.339425
4711.311414 11.635843
4711.746739 11.740942
4712.182064 11.715250
4712.617389 11.670719
4713.052714 11.453886
4713.488040 11.464782
4713.923365 11.491665
4714.358690 11.420448
4714.794015 10.498589
4715.229340 9.467186
4715.664666 9.401077
4716.099991 9.838164
4716.535316 10.204079
4716.970641 12.855421
4717.405966 14.417592
4717.841292 14.970286
4718.276617 13.500061
4718.711942 11.923064
4719.147267 10.584569
4719.582592 9.829600
4720.017918 9.951031
4720.453243 10.672408
4720.888568 11.717738
4721.323893 11.439575
4721.759218 11.166880
4722.194543 11.263369
4722.629869 11.487205
4723.065194 11.473889
4723.500519 11.293867
4723.935844 11.116867
4724.371169 10.742269
4724.806495 10.121061
4725.241820 9.832969
4725.677145 11.147972
4726.112470 12.230338
4726.547795 12.585160
4726.983121 12.674687
4727.418446 12.546769
4727.853771 11.271964
4728.289096 10.083446
4728.724421 9.824263
4729.159747 10.374766
4729.595072 10.906442
4730.030397 11.144347
4730.465722 11.482508
4730.901047 11.516521
4731.336373 11.718217
4731.771698 11.694174
4732.207023 11.179757
4732.642348 10.696707
4733.077673 10.022796
4733.512998 9.511653
4733.948324 9.693163
4734.383649 12.331606
4734.818974 14.686083
4735.254299 14.843650
4735.689624 14.770826
4736.124950 14.430287
4736.560275 12.705058
4736.995600 9.766380
4737.430925 9.306227
4737.866250 10.003752
4738.301576 10.852603
4738.736901 11.194548
4739.172226 11.630539
4739.607551 11.681433
4740.042876 11.467243
4740.478202 11.260447
4740.913527 11.480303
4741.348852 11.455985
4741.784177 11.636683
4742.219502 11.496253
4742.654828 11.537214
4743.090153 11.579179
4743.525478 11.463075
4743.960803 11.385617
4744.396128 11.724585
4744.831453 11.687897
4745.266779 11.270266
4745.702104 10.602966
4746.137429 10.314855
4746.572754 10.488400
4747.008079 10.482680
4747.443405 11.824717
4747.878730 12.998573
4748.314055 13.475046
4748.749380 12.510679
4749.184705 11.599561
4749.620031 11.217094
4750.055356 10.704508
4750.490681 10.512202
4750.926006 10.878021
4751.361331 11.113347
4751.796657 11.362405
4752.231982 11.440236
4752.667307 11.074988
4753.102632 10.248235
4753.537957 9.487820
4753.973283 8.571074
4754.408608 8.042812
4754.843933 8.683503
4755.279258 11.435302
4755.714583 14.787241
4756.149908 14.781266
4756.585234 15.127237
4757.020559 14.064948
4757.455884 12.186912
4757.891209 10.105901
4758.326534 10.260414
4758.761860 10.815815
4759.197185 10.967101
4759.632510 11.231131
4760.067835 11.207626
4760.503160 11.180652
4760.938486 11.258365
4761.373811 11.340132
4761.809136 11.283253
4762.244461 11.422036
4762.679786 11.346464
4763.115112 11.335280
4763.550437 11.344862
4763.985762 11.392245
4764.421087 11.425286
4764.856412 11.457496
4765.291738 11.426756
4765.727063 11.389251
4766.162388 11.389895
4766.597713 11.512015
4767.033038 11.295962
4767.468364 11.276520
4767.903689 11.273211
4768.339014 11.468420
4768.774339 11.705121
4769.209664 11.438981
4769.644989 10.991030
4770.080315 10.857132
4770.515640 10.590782
4770.950965 10.892934
4771.386290 10.828870
4771.821615 11.495362
4772.256941 11.778584
4772.692266 11.261456
4773.127591 10.564397
4773.562916 10.188316
4773.998241 10.657019
4774.433567 11.011787
4774.868892 11.786545
4775.304217 12.374498
4775.739542 12.342306
4776.174867 11.799436
4776.610193 11.179009
4777.045518 10.706891
4777.480843 10.029493
4777.916168 10.262039
4778.351493 11.389785
4778.786819 12.532645
4779.222144 12.545641
4779.657469 12.759385
4780.092794 11.794356
4780.528119 10.768604
4780.963444 9.970505
4781.398770 10.181738
4781.834095 10.827761
4782.269420 11.009344
4782.704745 11.057139
4783.140070 11.066059
4783.575396 10.993262
4784.010721 10.929321
4784.446046 10.964882
4784.881371 11.031420
4785.316696 10.914001
4785.752022 10.781103
4786.187347 10.638349
4786.622672 10.308638
4787.057997 10.265477
4787.493322 9.988874
4787.928648 10.418648
4788.363973 10.871114
4788.799298 11.173978
4789.234623 11.065297
4789.669948 11.050780
4790.105274 10.867015
4790.540599 10.531356
4790.975924 10.108772
4791.411249 10.171668
4791.846574 10.310382
4792.281899 10.586121
4792.717225 10.791506
4793.152550 10.957879
4793.587875 10.813372
4794.023200 10.972300
4794.458525 10.955109
4794.893851 11.073157
4795.329176 11.183994
4795.764501 11.092353
4796.199826 11.084392
4796.635151 11.197168
4797.070477 11.613548
4797.505802 12.198579
4797.941127 12.411410
4798.376452 12.500490
4798.811777 12.557533
4799.247103 12.004228
4799.682428 11.500594
4800.117753 11.308538
4800.553078 11.168026
4800.988403 11.195223
4801.423729 11.362341
4801.859054 11.307479
4802.294379 11.288727
4802.729704 11.054816
4803.165029 10.946504
4803.600354 11.789640
4804.035680 12.576948
4804.471005 12.581070
4804.906330 12.953809
4805.341655 12.660134
4805.776980 11.863770
4806.212306 11.347637
4806.647631 11.265391
4807.082956 11.854549
4807.518281 12.143020
4807.953606 12.165379
4808.388932 12.026619
4808.824257 11.845697
4809.259582 12.178658
4809.694907 12.133602
4810.130232 12.168547
4810.565558 12.040651
4811.000883 12.034566
4811.436208 11.987278
4811.871533 12.118251
4812.306858 12.124733
4812.742184 11.896080
4813.177509 11.904457
4813.612834 12.097033
4814.048159 12.086209
4814.483484 12.028764
4814.918809 12.270030
4815.354135 12.277265
4815.789460 12.222742
4816.224785 12.083557
4816.660110 11.822946
4817.095435 11.993751
4817.530761 11.837503
4817.966086 11.932938
4818.401411 12.008254
4818.836736 11.952078
4819.272061 11.759201
4819.707387 11.713634
4820.142712 11.847195
4820.578037 11.948609
4821.013362 11.792297
4821.448687 11.970927
4821.884013 12.052388
4822.319338 12.203971
4822.754663 12.240180
4823.189988 12.321084
4823.625313 12.223125
4824.060639 12.237240
4824.495964 12.494304
4824.931289 12.513381
4825.366614 12.500211
4825.801939 12.648393
4826.237264 13.064627
4826.672590 13.150891
4827.107915 13.254131
4827.543240 13.417318
4827.978565 13.404979
4828.413890 13.161399
4828.849216 12.900861
4829.284541 13.064965
4829.719866 13.002275
4830.155191 12.816245
4830.590516 12.682813
4831.025842 12.884409
4831.461167 13.183909
4831.896492 13.418788
4832.331817 13.960110
4832.767142 14.660601
4833.202468 14.722082
4833.637793 14.234393
4834.073118 13.628016
4834.508443 13.695833
4834.943768 13.820902
4835.379094 13.997058
4835.814419 14.358536
4836.249744 14.599801
4836.685069 14.582811
4837.120394 14.509986
4837.555719 14.618768
4837.991045 14.515318
4838.426370 14.355446
4838.861695 14.456522
4839.297020 14.592785
4839.732345 14.639671
4840.167671 14.683170
4840.602996 14.570914
4841.038321 14.697153
4841.473646 14.810883
4841.908971 14.909093
4842.344297 15.028945
4842.779622 15.073658
4843.214947 15.137768
4843.650272 15.182892
4844.085597 15.157539
4844.520923 15.138270
4844.956248 15.124238
4845.391573 15.119759
4845.826898 15.091484
4846.262223 15.141155
4846.697549 15.144049
4847.132874 15.127442
4847.568199 15.007020
4848.003524 15.292049
4848.438849 15.461138
4848.874174 15.392121
4849.309500 15.277861
4849.744825 15.148021
4850.180150 15.143817
4850.615475 15.235362
4851.050800 15.273529
4851.486126 15.269028
4851.921451 15.180318
4852.356776 15.197053
4852.792101 15.270950
4853.227426 15.349991
4853.662752 15.378618
4854.098077 15.569190
4854.533402 15.554399
4854.968727 15.439477
4855.404052 15.494763
4855.839378 15.384365
4856.274703 15.367365
4856.710028 15.185805
4857.145353 15.128862
4857.580678 15.257857
4858.016004 15.486565
4858.451329 15.553144
4858.886654 15.452935
4859.321979 15.399995
4859.757304 15.341889
4860.192629 15.303904
4860.627955 15.342414
4861.063280 15.424737
4861.498605 15.449972
4861.933930 15.324400
4862.369255 15.364120
4862.804581 15.577918
4863.239906 15.650034
4863.675231 15.641927
4864.110556 15.525978
4864.545881 15.688183
4864.981207 15.593680
4865.416532 15.401835
4865.851857 15.474983
4866.287182 15.581465
4866.722507 15.588504
4867.157833 15.530584
4867.593158 15.524956
4868.028483 15.599793
4868.463808 15.811916
4868.899133 15.715413
4869.334459 15.771959
4869.769784 15.866307
4870.205109 16.023482
4870.640434 16.023258
4871.075759 16.006212
4871.511084 16.169285
4871.946410 16.161529
4872.381735 16.128740
4872.817060 16.338100
4873.252385 16.393473
4873.687710 16.284371
4874.123036 16.083930
4874.558361 16.106581
4874.993686 16.090558
4875.429011 15.913796
4875.864336 16.039103
4876.299662 16.023308
4876.734987 15.920926
4877.170312 15.798705
4877.605637 15.750691
4878.040962 15.617103
4878.476288 15.627995
4878.911613 15.761108
4879.346938 15.674553
4879.782263 15.516999
4880.217588 15.656740
4880.652914 15.745058
4881.088239 15.642530
4881.523564 15.506431
4881.958889 15.437318
4882.394214 15.478028
4882.829539 15.577749
4883.264865 15.507997
4883.700190 15.465091
4884.135515 15.646939
4884.570840 15.737425
4885.006165 15.696318
4885.441491 15.647715
4885.876816 15.764326
4886.312141 15.852210
4886.747466 15.858364
4887.182791 15.607439
4887.618117 15.398567
4888.053442 15.454934
4888.488767 15.618075
4888.924092 15.530872
4889.359417 15.739324
4889.794743 15.689649
4890.230068 15.758826
4890.665393 15.664829
4891.100718 15.455569
4891.536043 15.434785
4891.971369 15.314157
4892.406694 15.070458
4892.842019 15.285439
4893.277344 15.161812
4893.712669 15.433561
4894.147994 15.694570
4894.583320 15.952146
4895.018645 16.095292
4895.453970 16.005747
4895.889295 15.935438
4896.324620 15.885233
4896.759946 16.011165
4897.195271 16.097972
4897.630596 15.928965
4898.065921 16.106531
4898.501246 16.002246
4898.936572 15.793396
4899.371897 15.877021
4899.807222 15.887634
4900.242547 15.761820
4900.677872 15.829203
4901.113198 15.842345
4901.548523 15.721375
4901.983848 15.456176
4902.419173 15.394645
4902.854498 15.390108
4903.289824 15.486012
4903.725149 15.311021
4904.160474 15.264755
4904.595799 15.111054
4905.031124 14.869771
4905.466449 15.096981
4905.901775 15.326121
4906.337100 15.217275
4906.772425 15.244049
4907.207750 15.211834
4907.643075 14.914534
4908.078401 14.873902
4908.513726 14.784283
4908.949051 14.514241
4909.384376 14.577072
4909.819701 14.743135
4910.255027 14.642050
4910.690352 14.574690
4911.125677 14.815206
4911.561002 14.748490
4911.996327 14.894440
4912.431653 14.756319
4912.866978 14.711760
4913.302303 15.055161
4913.737628 15.126465
4914.172953 14.998013
4914.608279 14.746472
4915.043604 14.454034
4915.478929 14.324441
4915.914254 14.167681
4916.349579 14.101006
4916.784904 14.248914
4917.220230 14.305190
4917.655555 14.320533
4918.090880 14.458626
4918.526205 14.343568
4918.961530 14.296987
4919.396856 14.326472
4919.832181 14.233854
4920.267506 14.243231
4920.702831 14.211372
4921.138156 14.241962
4921.573482 14.193195
4922.008807 14.167996
4922.444132 14.177249
4922.879457 14.122151
4923.314782 14.185516
4923.750108 14.171109
4924.185433 14.026867
4924.620758 13.876763
4925.056083 13.676477
4925.491408 13.721949
4925.926734 13.711258
4926.362059 13.522215
4926.797384 13.646609
4927.232709 13.555900
4927.668034 13.599536
4928.103359 13.576570
4928.538685 13.455280
4928.974010 13.570411
4929.409335 13.639995
4929.844660 13.761586
4930.279985 13.655460
4930.715311 13.646974
4931.150636 13.679116
4931.585961 13.594847
4932.021286 13.501983
4932.456611 13.736301
4932.891937 13.863543
4933.327262 13.884008
4933.762587 13.967272
4934.197912 13.935934
4934.633237 13.647518
4935.068563 13.525077
4935.503888 13.304550
4935.939213 13.310485
4936.374538 13.132060
4936.809863 13.164645
4937.245189 12.976634
4937.680514 12.831483
4938.115839 11.899399
4938.551164 10.937506
4938.986489 10.533556
4939.421814 10.639581
4939.857140 10.945038
4940.292465 12.483545
4940.727790 13.391069
4941.163115 14.015240
4941.598440 12.654907
4942.033766 11.118423
4942.469091 10.507596
4942.904416 11.192096
4943.339741 11.493902
4943.775066 13.927753
4944.210392 14.979219
4944.645717 16.194474
4945.081042 15.823606
4945.516367 14.590137
4945.951692 13.469650
4946.387018 10.028069
4946.822343 9.604549
4947.257668 10.142553
4947.692993 10.871981
4948.128318 11.406725
4948.563644 11.839311
4948.998969 13.367259
4949.434294 15.134354
4949.869619 15.092457
4950.304944 15.072992
4950.740269 14.779600
4951.175595 13.048440
4951.610920 11.598443
4952.046245 12.002128
4952.481570 12.092719
4952.916895 12.619844
4953.352221 13.328767
4953.787546 13.650270
4954.222871 12.730461
4954.658196 12.066110
4955.093521 11.320074
4955.528847 10.662241
4955.964172 10.372090
4956.399497 12.105597
4956.834822 13.526748
4957.270147 14.540695
4957.705473 15.778491
4958.140798 16.023144
4958.576123 14.497036
4959.011448 12.772144
4959.446773 11.949262
4959.882099 11.323571
4960.317424 10.841492
4960.752749 10.732646
4961.188074 10.486643
4961.623399 10.593370
4962.058724 11.356671
4962.494050 11.991117
4962.929375 12.410164
4963.364700 13.071201
4963.800025 13.438074
4964.235350 13.268095
4964.670676 12.847456
4965.106001 12.540387
4965.541326 12.446309
4965.976651 12.189418
4966.411976 12.119109
4966.847302 12.300236
4967.282627 12.481591
4967.717952 11.979098
4968.153277 11.502958
4968.588602 11.451786
4969.023928 11.659334
4969.459253 12.030216
4969.894578 12.281182
4970.329903 12.512797
4970.765228 12.729872
4971.200554 12.174764
4971.635879 11.440291
4972.071204 11.536862
4972.506529 11.742302
4972.941854 11.955707
4973.377179 11.540286
4973.812505 10.819110
4974.247830 9.946261
4974.683155 9.479123
4975.118480 9.062921
4975.553805 9.313563
4975.989131 9.514050
4976.424456 10.207059
4976.859781 10.375747
4977.295106 10.519131
4977.730431 10.495823
4978.165757 10.383060
4978.601082 10.858816
4979.036407 11.010134
4979.471732 10.393012
4979.907057 8.898456
4980.342383 9.951529
4980.777708 11.325511
4981.213033 12.231534
4981.648358 12.744375
4982.083683 12.691723
4982.519009 12.462793
4982.954334 12.270454
4983.389659 11.916499
4983.824984 12.106217
4984.260309 12.059053
4984.695634 12.105190
4985.130960 12.358452
4985.566285 12.366203
4986.001610 12.180110
4986.436935 11.965102
4986.872260 11.944729
4987.307586 12.138140
4987.742911 12.320687
4988.178236 12.313574
4988.613561 12.059810
4989.048886 11.974200
4989.484212 11.770965
4989.919537 11.646315
4990.354862 11.937356
4990.790187 13.149010
4991.225512 14.205588
4991.660838 14.119731
4992.096163 13.964067
4992.531488 13.400418
4992.966813 12.944200
4993.402138 12.666466
4993.837464 12.547727
4994.272789 12.645449
4994.708114 12.760010
4995.143439 12.901965
4995.578764 12.704797
4996.014089 12.670487
4996.449415 12.884660
4996.884740 13.081399
4997.320065 12.997655
4997.755390 12.545733
4998.190715 11.992482
4998.626041 11.628133
4999.061366 11.281669
4999.496691 11.611211
4999.932016 12.859918
5000.367341 14.886309
5000.802667 15.553788
5001.237992 14.439180
5001.673317 14.898731
5002.108642 14.071635
5002.543967 13.131859
5002.979293 12.918417
5003.414618 13.530268
5003.849943 13.553416
5004.285268 13.281283
5004.720593 12.679302
5005.155919 11.915595
5005.591244 12.211142
5006.026569 12.223431
5006.461894 12.323503
5006.897219 12.630330
5007.332544 13.193248
5007.767870 12.579075
5008.203195 11.991195
5008.638520 11.524254
5009.073845 11.767176
5009.509170 11.939689
5009.944496 11.996235
5010.379821 13.977164
5010.815146 14.394864
5011.250471 14.466935
5011.685796 14.194454
5012.121122 12.172249
5012.556447 10.346294
5012.991772 8.746791
5013.427097 7.595404
5013.862422 9.274729
5014.297748 10.224137
5014.733073 11.051693
5015.168398 12.431546
5015.603723 12.643920
5016.039048 12.608263
5016.474374 12.470370
5016.909699 12.481632
5017.345024 12.436996
5017.780349 12.613732
5018.215674 11.578617
5018.650999 10.101852
5019.086325 9.373254
5019.521650 10.334978
5019.956975 11.071710
5020.392300 12.370892
5020.827625 14.209930
5021.262951 15.564022
5021.698276 15.152705
5022.133601 13.835163
5022.568926 12.372512
5023.004251 10.877637
5023.439577 9.637371
5023.874902 10.292542
5024.310227 11.689184
5024.745552 12.876333
5025.180877 12.725659
5025.616203 12.442369
5026.051528 12.318628
5026.486853 12.317003
5026.922178 12.217451
5027.357503 11.950193
5027.792829 10.850143
5028.228154 10.291825
5028.663479 10.310021
5029.098804 10.690854
5029.534129 11.426706
5029.969454 11.395386
5030.404780 13.025296
5030.840105 13.595404
5031.275430 14.564053
5031.710755 16.172111
5032.146080 13.916346
5032.581406 11.418800
5033.016731 10.260359
5033.452056 9.895563
5033.887381 9.740018
5034.322706 10.607029
5034.758032 11.517256
5035.193357 12.686268
5035.628682 12.446601
5036.064007 12.126760
5036.499332 11.918156
5036.934658 11.826351
5037.369983 11.972493
5037.805308 12.112613
5038.240633 12.419992
5038.675958 12.743668
5039.111284 12.425803
5039.546609 12.241348
5039.981934 11.980239
5040.417259 11.847204
5040.852584 11.788709
5041.287909 11.341940
5041.723235 10.697168
5042.158560 10.002460
5042.593885 9.186142
5043.029210 8.548687
5043.464535 8.206875
5043.899861 11.072906
5044.335186 12.835523
5044.770511 13.794809
5045.205836 14.353515
5045.641161 13.585553
5046.076487 13.040566
5046.511812 11.845428
5046.947137 10.996627
5047.382462 11.162269
5047.817787 11.167560
5048.253113 11.432933
5048.688438 11.605341
5049.123763 11.840703
5049.559088 11.776169
5049.994413 11.675695
5050.429739 11.256832
5050.865064 10.527900
5051.300389 9.700271
5051.735714 9.871876
5052.171039 10.991984
5052.606364 11.519922
5053.041690 14.249010
5053.477015 16.196136
5053.912340 16.563945
5054.347665 13.887281
5054.782990 12.247027
5055.218316 11.318846
5055.653641 10.804950
5056.088966 9.763363
5056.524291 10.521710
5056.959616 11.134944
5057.394942 11.548704
5057.830267 11.494988
5058.265592 11.194274
5058.700917 11.239120
5059.136242 11.165004
5059.571568 11.272060
5060.006893 11.374004
5060.442218 11.149766
5060.877543 11.253394
5061.312868 11.239106
5061.748194 11.615402
5062.183519 11.755234
5062.618844 11.631324
5063.054169 11.784801
5063.489494 11.664178
5063.924819 11.523779
5064.360145 11.465932
5064.795470 11.375168
5065.230795 11.300157
5065.666120 11.058436
5066.101445 10.948992
5066.536771 10.789895
5066.972096 10.773794
5067.407421 10.912837
5067.842746 10.607248
5068.278071 10.032168
5068.713397 9.677903
5069.148722 9.522600
5069.584047 10.042115
5070.019372 10.345984
5070.454697 11.970858
5070.890023 12.794813
5071.325348 14.032140
5071.760673 12.481605
5072.195998 11.578380
5072.631323 10.504879
5073.066649 10.304813
5073.501974 9.786781
5073.937299 9.949287
5074.372624 10.679570
5074.807949 11.192987
5075.243274 11.043937
5075.678600 10.877464
5076.113925 10.107827
5076.549250 9.011584
5076.984575 7.400934
5077.419900 8.235232
5077.855226 10.100546
5078.290551 11.485662
5078.725876 13.887710
5079.161201 15.393075
5079.596526 16.087792
5080.031852 14.142802
5080.467177 12.994560
5080.902502 10.662657
5081.337827 10.175292
5081.773152 10.022984
5082.208478 10.470172
5082.643803 10.844259
5083.079128 11.096338
5083.514453 11.064429
5083.949778 10.971798
5084.385104 11.029731
5084.820429 11.184856
5085.255754 11.080767
5085.691079 11.000374
5086.126404 10.663186
5086.561729 10.602258
5086.997055 10.655257
5087.432380 10.799906
5087.867705 10.813381
5088.303030 10.913198
5088.738355 10.735796
5089.173681 10.714665
5089.609006 10.613050
5090.044331 10.392665
5090.479656 10.511248
5090.914981 10.537167
5091.350307 10.547046
5091.785632 10.639294
5092.220957 10.984657
5092.656282 10.964992
5093.091607 10.865805
5093.526933 10.837493
5093.962258 10.714113
5094.397583 10.736545
5094.832908 10.642717
5095.268233 10.829692
5095.703559 10.716496
5096.138884 10.741228
5096.574209 10.678502
5097.009534 10.615593
5097.444859 10.398731
5097.880184 9.837027
5098.315510 9.439258
5098.750835 9.758935
5099.186160 9.573471
5099.621485 10.134724
5100.056810 11.000000
5100.492136 11.437178
5100.927461 11.425642
5101.362786 11.154774
5101.798111 11.030261
5102.233436 10.587094
5102.668762 10.334795
5103.104087 10.285613
5103.539412 10.424514
5103.974737 10.245003
5104.410062 10.056819
5104.845388 9.880585
5105.280713 9.481684
5105.716038 10.088892
5106.151363 10.199500
5106.586688 10.521637
5107.022014 11.349125
5107.457339 11.873155
5107.892664 11.359748
5108.327989 10.869466
5108.763314 10.551871
5109.198639 10.277756
5109.633965 10.098017
5110.069290 9.458978
5110.504615 10.153883
5110.939940 10.314541
5111.375265 10.371935
5111.810591 10.502437
5112.245916 10.593370
5112.681241 10.800463
5113.116566 10.928290
5113.551891 11.136665
5113.987217 11.003574
5114.422542 11.161183
5114.857867 10.957008
5115.293192 10.819019
5115.728517 10.665387
5116.163843 10.535309
5116.599168 10.597360
5117.034493 10.469579
5117.469818 10.578649
5117.905143 10.567615
5118.340469 10.541207
5118.775794 10.661981
5119.211119 10.584606
5119.646444 10.479635
5120.081769 10.303293
5120.517094 10.162415
5120.952420 10.182400
5121.387745 10.291068
5121.823070 10.262893
5122.258395 10.276360
5122.693720 10.339095
5123.129046 10.400242
5123.564371 10.313468
5123.999696 10.565155
5124.435021 10.655394
5124.870346 10.743168
5125.305672 10.693301
5125.740997 10.518889
5126.176322 10.285914
5126.611647 10.283828
5127.046972 10.507920
5127.482298 10.776282
5127.917623 10.887890
5128.352948 10.869612
5128.788273 10.919215
5129.223598 10.806151
5129.658924 10.462850
5130.094249 9.991075
5130.529574 9.555787
5130.964899 9.159807
5131.400224 9.333343
5131.835550 10.319644
5132.270875 10.941510
5132.706200 11.702519
5133.141525 11.475263
5133.576850 12.173335
5134.012175 11.625413
5134.447501 11.255124
5134.882826 11.369845
5135.318151 11.248665
5135.753476 10.928673
5136.188801 10.706969
5136.624127 10.455902
5137.059452 10.065798
5137.494777 10.136609
5137.930102 10.010782
5138.365427 10.053742
5138.800753 10.805731
5139.236078 11.437301
5139.671403 12.259220
5140.106728 12.779324
5140.542053 12.869125
5140.977379 12.266044
5141.412704 11.500804
5141.848029 10.867891
5142.283354 10.832709
5142.718679 10.789484
5143.154005 10.621271
5143.589330 11.135537
5144.024655 11.411007
5144.459980 11.564165
5144.895305 11.776260
5145.330630 11.943656
5145.765956 11.044417
5146.201281 10.547151
5146.636606 10.003993
5147.071931 9.685024
5147.507256 9.308692
5147.942582 9.470952
5148.377907 11.123600
5148.813232 12.600900
5149.248557 13.245362
5149.683882 13.413419
5150.119208 13.956773
5150.554533 13.039438
5150.989858 11.865372
5151.425183 11.002260
5151.860508 11.207042
5152.295834 11.412112
5152.731159 11.314651
5153.166484 10.913760
5153.601809 10.820033
5154.037134 10.577923
5154.472460 10.971515
5154.907785 11.000511
5155.343110 11.794232
5155.778435 12.264333
5156.213760 12.532837
5156.649085 11.846565
5157.084411 11.022204
5157.519736 10.315002
5157.955061 9.602924
5158.390386 8.186328
5158.825711 9.757547
5159.261037 11.495002
5159.696362 13.053749
5160.131687 13.328589
5160.567012 12.718976
5161.002337 12.809658
5161.437663 11.967818
5161.872988 10.993924
5162.308313 10.735212
5162.743638 10.589102
5163.178963 11.004150
5163.614289 11.396034
5164.049614 11.746146
5164.484939 12.068100
5164.920264 11.791064
5165.355589 11.409154
5165.790915 11.281888
5166.226240 11.225338
5166.661565 10.917822
5167.096890 11.010956
5167.532215 10.970196
5167.967540 10.846025
5168.402866 11.225877
5168.838191 11.864847
5169.273516 12.584324
5169.708841 12.532645
5170.144166 13.033230
5170.579492 12.726910
5171.014817 12.023725
5171.450142 11.486045
5171.885467 11.393451
5172.320792 11.426802
5172.756118 11.699396
5173.191443 11.805343
5173.626768 12.110280
5174.062093 12.541483
5174.497418 12.438188
5174.932744 12.323937
5175.368069 12.234875
5175.803394 11.961989
5176.238719 11.760196
5176.674044 11.991145
5177.109370 12.023857
5177.544695 12.135437
5177.980020 12.168305
5178.415345 12.175321
5178.850670 12.148498
5179.285995 12.136766
5179.721321 12.057533
5180.156646 12.166529
5180.591971 12.099260
5181.027296 12.034060
5181.462621 12.372672
5181.897947 12.558222
5182.333272 12.490310
5182.768597 12.578513
5183.203922 12.497646
5183.639247 12.322353
5184.074573 12.448285
5184.509898 12.564892
5184.945223 12.649881
5185.380548 12.710335
5185.815873 12.567466
5186.251199 12.431573
5186.686524 12.278776
5187.121849 12.272969
5187.557174 12.344858
5187.992499 12.505465
5188.427825 12.434664
5188.863150 12.386668
5189.298475 12.332259
5189.733800 12.316889
5190.169125 12.446916
5190.604450 12.645663
5191.039776 12.557506
5191.475101 12.526651
5191.910426 12.457114
5192.345751 12.534092
5192.781076 12.526469
5193.216402 12.315610
5193.651727 11.817979
5194.087052 11.439447
5194.522377 10.842538
5194.957702 9.575448
5195.393028 8.214846
5195.828353 8.969267
5196.263678 9.341934
5196.699003 10.496485
5197.134328 11.721440
5197.569654 12.649781
5198.004979 13.050554
5198.440304 14.311316
5198.875629 14.608128
5199.310954 15.069933
5199.746280 12.882076
5200.181605 11.703377
5200.616930 11.177585
5201.052255 10.800358
5201.487580 10.691731
5201.922905 11.551338
5202.358231 12.768149
5202.793556 12.782127
5203.228881 12.973311
5203.664206 13.374928
5204.099531 13.047112
5204.534857 12.283738
5204.970182 11.817600
5205.405507 11.992884
5205.840832 11.634068
5206.276157 11.704317
5206.711483 11.474414
5207.146808 11.528266
5207.582133 11.725959
5208.017458 11.850212
5208.452783 12.184551
5208.888109 11.989292
5209.323434 12.347998
5209.758759 12.169697
5210.194084 12.586356
5210.629409 12.539205
5211.064735 12.643851
5211.500060 12.495532
5211.935385 12.764274
5212.370710 12.731584
5212.806035 12.528290
5213.241360 12.570164
5213.676686 12.501859
5214.112011 12.311173
5214.547336 12.302349
5214.982661 11.979331
5215.417986 11.866609
5215.853312 11.505825
5216.288637 11.748770
5216.723962 11.904786
5217.159287 12.012988
5217.594612 12.263926
5218.029938 12.348519
5218.465263 12.564924
5218.900588 12.469622
5219.335913 12.621930
5219.771238 12.354650
5220.206564 12.304613
5220.641889 11.856722
5221.077214 11.972931
5221.512539 11.843871
5221.947864 11.732323
5222.383190 11.813839
5222.818515 11.777662
5223.253840 11.851928
5223.689165 11.957214
5224.124490 12.080909
5224.559815 11.711434
5224.995141 11.400129
5225.430466 11.249719
5225.865791 10.535994
5226.301116 10.256931
5226.736441 10.228711
5227.171767 11.011864
5227.607092 11.736034
5228.042417 12.382450
5228.477742 12.384098
5228.913067 13.224870
5229.348393 13.309586
5229.783718 13.000371
5230.219043 12.746831
5230.654368 12.538360
5231.089693 12.224317
5231.525019 12.166625
5231.960344 12.051393
5232.395669 12.085876
5232.830994 12.118917
5233.266319 12.118949
5233.701645 12.238294
5234.136970 12.494281
5234.572295 12.486119
5235.007620 12.407699
5235.442945 12.266715
5235.878270 12.353846
5236.313596 12.273983
5236.748921 11.659197
5237.184246 11.301084
5237.619571 10.907830
5238.054896 9.735996
5238.490222 8.964406
5238.925547 8.755172
5239.360872 9.861203
5239.796197 10.775798
5240.231522 11.843995
5240.666848 13.782699
5241.102173 15.003824
5241.537498 14.835821
5241.972823 14.291359
5242.408148 14.644747
5242.843474 13.445766
5243.278799 13.000262
5243.714124 12.052767
5244.149449 12.148101
5244.584774 12.280150
5245.020100 11.990866
5245.455425 11.829300
5245.890750 11.401540
5246.326075 11.836490
5246.761400 11.675855
5247.196725 11.854202
5247.632051 11.930253
5248.067376 12.506963
5248.502701 12.347327
5248.938026 11.992195
5249.373351 11.594695
5249.808677 10.874939
5250.244002 10.561489
5250.679327 9.978133
5251.114652 10.492536
5251.549977 10.628297
5251.985303 11.483074
5252.420628 12.627426
5252.855953 12.658591
5253.291278 13.642560
5253.726603 12.890316
5254.161929 12.693723
5254.597254 12.015910
5255.032579 11.912135
5255.467904 12.067091
5255.903229 11.903494
5256.338555 12.118698
5256.773880 11.981399
5257.209205 11.943556
5257.644530 11.556893
5258.079855 11.446728
5258.515180 11.325305
5258.950506 11.495134
5259.385831 10.875880
5259.821156 10.478901
5260.256481 9.416082
5260.691806 9.019445
5261.127132 8.982181
5261.562457 8.480985
5261.997782 9.417524
5262.433107 10.836827
5262.868432 11.887667
5263.303758 11.502616
5263.739083 14.653950
5264.174408 16.338215
5264.609733 15.969405
5265.045058 13.412159
5265.480384 12.652483
5265.915709 11.599402
5266.351034 11.817806
5266.786359 11.783993
5267.221684 11.780191
5267.657010 11.362738
5268.092335 11.440839
5268.527660 11.778077
5268.962985 11.706650
5269.398310 11.880204
5269.833635 11.752386
5270.268961 11.735651
5270.704286 11.781683
5271.139611 11.870193
5271.574936 12.022693
5272.010261 12.109372
5272.445587 12.274919
5272.880912 12.128809
5273.316237 11.785354
5273.751562 11.651341
5274.186887 10.899704
5274.622213 10.240096
5275.057538 9.585422
5275.492863 9.277975
5275.928188 8.828522
5276.363513 7.962236
5276.798839 7.742531
5277.234164 8.138442
5277.669489 8.314772
5278.104814 8.973978
5278.540139 8.340906
5278.975465 8.732946
5279.410790 9.212208
5279.846115 10.243844
5280.281440 13.078984
5280.716765 14.380612
5281.152090 17.728635
5281.587416 16.674494
5282.022741 14.262047
5282.458066 12.764790
5282.893391 10.301553
5283.328716 8.664632
5283.764042 8.464095
5284.199367 9.059183
5284.634692 10.522016
5285.070017 10.353740
5285.505342 11.147885
5285.940668 12.164831
5286.375993 12.084890
5286.811318 11.244926
5287.246643 11.822731
5287.681968 13.269113
5288.117294 13.839322
5288.552619 14.558991
5288.987944 14.597482
5289.423269 14.749736
5289.858594 14.198828
5290.293920 12.706085
5290.729245 12.034525
5291.164570 11.458145
5291.599895 10.849759
5292.035220 10.377395
5292.470545 10.499301
5292.905871 10.584624
5293.341196 10.771644
5293.776521 11.484996
5294.211846 11.872302
5294.647171 12.232506
5295.082497 12.738806
5295.517822 12.925548
5295.953147 12.936791
5296.388472 13.015436
5296.823797 12.456849
5297.259123 12.308955
5297.694448 12.398938
5298.129773 12.108308
5298.565098 12.024501
5299.000423 12.250268
5299.435749 11.869901
5299.871074 12.118543
5300.306399 12.130658
5300.741724 12.049590
5301.177049 12.034489
5301.612375 12.150105
5302.047700 12.178736
5302.483025 12.149036
5302.918350 12.098818
5303.353675 12.178635
5303.789000 12.135428
5304.224326 12.164096
5304.659651 11.967499
5305.094976 11.985393
5305.530301 11.586309
5305.965626 11.418731
5306.400952 10.867503
5306.836277 10.894820
5307.271602 10.963367
5307.706927 11.005044
5308.142252 11.493358
5308.577578 11.863126
5309.012903 12.638661
5309.448228 12.638711
5309.883553 12.606414
5310.318878 12.008076
5310.754204 11.667761
5311.189529 11.135300
5311.624854 10.779610
5312.060179 9.634112
5312.495504 7.954668
5312.930830 7.641720
5313.366155 9.024352
5313.801480 10.089563
5314.236805 11.658855
5314.672130 11.961902
5315.107455 12.707062
5315.542781 14.744413
5315.978106 17.139783
5316.413431 22.680004
5316.848756 22.997919
5317.284081 19.161769
5317.719407 18.004731
5318.154732 15.269713
5318.590057 11.545307
5319.025382 10.301499
5319.460707 9.942089
5319.896033 9.554038
5320.331358 9.983479
5320.766683 9.768457
5321.202008 10.561658
5321.637333 11.662375
5322.072659 13.485833
5322.507984 14.115093
5322.943309 14.812225
5323.378634 16.113867
5323.813959 15.614953
5324.249285 14.378923
5324.684610 12.728927
5325.119935 12.113699
5325.555260 11.728981
5325.990585 10.933695
5326.425910 11.064507
5326.861236 11.386895
5327.296561 11.883655
5327.731886 11.655509
5328.167211 11.492121
5328.602536 11.402343
5329.037862 11.067680
5329.473187 10.723347
5329.908512 10.520665
5330.343837 10.778432
5330.779162 11.125006
5331.214488 11.589665
5331.649813 12.169825
5332.085138 12.531759
5332.520463 12.930743
5332.955788 12.717182
5333.391114 12.696672
5333.826439 12.709691
5334.261764 12.188911
5334.697089 11.729484
5335.132414 11.250085
5335.567740 11.773206
5336.003065 11.646156
5336.438390 11.386964
5336.873715 11.129475
5337.309040 10.697081
5337.744365 10.027681
5338.179691 9.610050
5338.615016 9.215819
5339.050341 9.131988
5339.485666 9.434401
5339.920991 9.910709
5340.356317 10.636231
5340.791642 11.531133
5341.226967 12.756865
5341.662292 13.704880
5342.097617 13.993306
5342.532943 13.282840
5342.968268 13.002097
5343.403593 11.961012
5343.838918 11.480951
5344.274243 11.086136
5344.709569 10.718390
5345.144894 11.132401
5345.580219 11.113936
5346.015544 11.360451
5346.450869 11.742343
5346.886195 12.152410
5347.321520 11.870978
5347.756845 11.355333
5348.192170 10.586313
5348.627495 9.778696
5349.062820 8.547975
5349.498146 7.519608
5349.933471 6.342141
5350.368796 5.834061
5350.804121 4.685887
5351.239446 5.229962
5351.674772 8.265758
5352.110097 9.935762
5352.545422 12.655199
5352.980747 13.761088
5353.416072 15.226958
5353.851398 17.352691
5354.286723 15.024143
5354.722048 14.520262
5355.157373 12.943511
5355.592698 11.734669
5356.028024 11.252627
5356.463349 10.895043
5356.898674 10.979344
5357.333999 10.639056
5357.769324 10.194748
5358.204650 9.938898
5358.639975 10.179118
5359.075300 10.056842
5359.510625 9.979886
5359.945950 9.986756
5360.381275 9.724492
5360.816601 9.433346
5361.251926 9.121863
5361.687251 8.498501
5362.122576 8.557772
5362.557901 8.353167
5362.993227 9.451875
5363.428552 10.314326
5363.863877 11.107499
5364.299202 11.787408
5364.734527 12.710773
5365.169853 12.858599
5365.605178 13.370349
5366.040503 11.648579
5366.475828 11.596092
5366.911153 11.033940
5367.346479 11.103414
5367.781804 10.665875
5368.217129 10.907962
5368.652454 11.051246
5369.087779 11.307219
5369.523105 10.796395
5369.958430 9.910737
5370.393755 9.168357
5370.829080 8.087562
5371.264405 6.444418
5371.699730 5.500977
5372.135056 4.957957
5372.570381 3.999592
5373.005706 4.095223
5373.441031 6.603328
5373.876356 9.457262
5374.311682 12.878748
5374.747007 19.279932
5375.182332 21.475299
5375.617657 22.834787
5376.052982 20.887734
5376.488308 19.522097
5376.923633 17.219066
5377.358958 13.770999
5377.794283 11.882404
5378.229608 10.805425
5378.664934 10.804311
5379.100259 10.167491
5379.535584 10.052012
5379.970909 9.860349
5380.406234 10.043754
5380.841560 10.343026
5381.276885 10.458518
5381.712210 10.753229
5382.147535 10.518278
5382.582860 10.472619
5383.018185 10.077648
5383.453511 9.457582
5383.888836 9.057804
5384.324161 8.905130
5384.759486 8.821035
5385.194811 8.844398
5385.630137 9.106557
5386.065462 8.950168
5386.500787 8.646203
5386.936112 8.472572
5387.371437 8.044296
5387.806763 8.033363
5388.242088 7.520484
5388.677413 8.065522
5389.112738 7.968322
5389.548063 8.676743
5389.983389 10.440094
5390.418714 10.590673
5390.854039 10.904255
5391.289364 11.956853
5391.724689 12.204304
5392.160015 11.444108
5392.595340 10.863413
5393.030665 10.297103
5393.465990 10.386831
5393.901315 10.565278
5394.336640 10.170234
5394.771966 9.394905
5395.207291 8.867045
5395.642616 8.001869
5396.077941 6.167273
5396.513266 6.053816
5396.948592 4.594000
5397.383917 4.873465
5397.819242 4.070659
5398.254567 4.148085
5398.689892 3.968656
5399.125218 6.238983
5399.560543 11.035670
5399.995868 15.658174
5400.431193 20.719727
5400.866518 21.285658
5401.301844 21.596256
5401.737169 21.746569
5402.172494 15.794176
5402.607819 11.956273
5403.043144 9.823601
5403.478470 9.230029
5403.913795 8.091766
5404.349120 8.650166
5404.784445 8.821487
5405.219770 9.945772
5405.655095 8.863028
5406.090421 8.612692
5406.525746 7.446501
5406.961071 6.757768
5407.396396 6.555077
5407.831721 5.850618
5408.267047 7.905490
5408.702372 7.328466
5409.137697 9.340596
5409.573022 12.979386
5410.008347 16.960555
5410.443673 17.695407
5410.878998 17.164748
5411.314323 14.773926
5411.749648 14.392248
5412.184973 12.392269
5412.620299 10.130693
5413.055624 9.509886
5413.490949 9.315083
5413.926274 8.960758
5414.361599 7.664421
5414.796925 6.914131
5415.232250 5.760397
5415.667575 6.174184
5416.102900 7.015166
5416.538225 6.483631
5416.973550 7.035279
5417.408876 7.601690
5417.844201 7.984244
5418.279526 6.894209
5418.714851 6.226836
5419.150176 6.279036
5419.585502 6.563526
5420.020827 7.970718
5420.456152 12.080197
5420.891477 15.546278
5421.326802 19.012364
5421.762128 20.473810
5422.197453 20.153498
5422.632778 18.337933
5423.068103 15.816357
5423.503428 12.715301
5423.938754 8.345462
5424.374079 7.656560
5424.809404 7.366574
5425.244729 6.885531
5425.680054 6.957511
5426.115380 7.075752
5426.550705 6.135656
5426.986030 5.663817
5427.421355 5.367791
5427.856680 5.755563
5428.292005 6.675718
5428.727331 9.860956
5429.162656 10.829404
5429.597981 11.388114
5430.033306 11.234806
5430.468631 11.969480
5430.903957 12.718570
5431.339282 11.109102
5431.774607 10.516908
5432.209932 11.044307
5432.645257 11.226534
5433.080583 11.810424
5433.515908 10.687860
5433.951233 9.675598
5434.386558 9.944750
5434.821883 9.824610
5435.257209 10.300033
5435.692534 9.788296
5436.127859 9.063624
5436.563184 9.405569
5436.998509 9.751809
5437.433835 9.840629
5437.869160 9.187110
5438.304485 8.886989
5438.739810 8.714449
5439.175135 9.363498
5439.610460 8.963593
5440.045786 8.843718
5440.481111 8.935286
5440.916436 9.098888
5441.351761 9.152786
5441.787086 9.037664
5442.222412 9.454505
5442.657737 9.398393
5443.093062 9.649098
5443.528387 9.481986
5443.963712 9.866955
5444.399038 10.290346
5444.834363 10.489838
5445.269688 10.774749
5445.705013 10.917005
5446.140338 10.947024
5446.575664 11.007071
5447.010989 10.714181
5447.446314 10.381946
5447.881639 10.217728
5448.316964 10.015104
5448.752290 10.060927
5449.187615 9.874295
5449.622940 9.726802
5450.058265 9.676625
5450.493590 9.494279
5450.928915 9.011817
5451.364241 8.447259
5451.799566 8.253195
5452.234891 8.193034
5452.670216 8.279960
5453.105541 8.709117
5453.540867 9.963863
5453.976192 10.600679
5454.411517 10.471241
5454.846842 10.128155
5455.282167 9.120658
5455.717493 7.127080
5456.152818 4.695916
5456.588143 1.840992
5457.023468 -0.026207
5457.458793 -1.756641
5457.894119 -5.226940
5458.329444 -5.923917
5458.764769 -4.064748
5459.200094 -1.223477
5459.635419 4.831394
5460.070745 12.420531
5460.506070 21.103153
5460.941395 25.173716
5461.376720 34.891416
5461.812045 36.498428
5462.247370 34.796497
5462.682696 26.932183
5463.118021 19.017618
5463.553346 14.596008
5463.988671 5.687915
5464.423996 6.564631
5464.859322 7.369016
5465.294647 9.300101
5465.729972 13.871883
5466.165297 16.088869
5466.600622 17.718784
5467.035948 18.742134
5467.471273 15.662145
5467.906598 14.888779
5468.341923 11.871923
5468.777248 10.092183
5469.212574 8.254131
5469.647899 7.670981
5470.083224 6.715196
5470.518549 6.007528
5470.953874 5.747040
5471.389200 7.665941
5471.824525 8.115184
5472.259850 8.935816
5472.695175 9.656247
5473.130500 10.416955
5473.565825 11.950033
5474.001151 12.379035
5474.436476 12.470882
5474.871801 10.740051
5475.307126 8.065385
5475.742451 7.936655
5476.177777 8.802196
5476.613102 8.953482
5477.048427 8.656922
5477.483752 9.068636
5477.919077 9.904396
5478.354403 9.977165
5478.789728 7.504452
5479.225053 5.499498
