2151.921241 67.373848
2152.410593 67.557946
2152.899945 67.449149
2153.389297 67.241299
2153.878649 65.348832
2154.368001 67.782390
2154.857353 68.735752
2155.346705 67.695293
2155.836057 66.368636
2156.325409 66.597688
2156.814760 68.057649
2157.304112 66.016613
2157.793464 67.182723
2158.282816 67.835711
2158.772168 68.532965
2159.261520 68.586947
2159.750872 68.114085
2160.240224 66.122365
2160.729576 67.398387
2161.218928 66.312157
2161.708280 65.901191
2162.197632 69.309701
2162.686984 67.428706
2163.176336 67.743427
2163.665688 67.520100
2164.155040 66.670782
2164.644392 67.790936
2165.133744 66.023365
2165.623096 64.054934
2166.112447 66.433785
2166.601799 66.022984
2167.091151 66.212725
2167.580503 65.077609
2168.069855 64.469314
2168.559207 66.121544
2169.048559 66.663649
2169.537911 65.574388
2170.027263 65.781480
2170.516615 65.349361
2171.005967 65.656757
2171.495319 65.494016
2171.984671 66.279448
2172.474023 66.780487
2172.963375 65.251915
2173.452727 64.670548
2173.942079 66.315114
2174.431431 66.979122
2174.920783 66.693444
2175.410135 66.320380
2175.899486 66.574073
2176.388838 66.414775
2176.878190 65.580452
2177.367542 67.025664
2177.856894 66.913743
2178.346246 64.789559
2178.835598 67.492929
2179.324950 67.286368
2179.814302 65.560768
2180.303654 66.340377
2180.793006 64.837496
2181.282358 66.422460
2181.771710 65.078103
2182.261062 65.933366
2182.750414 67.142471
2183.239766 68.240119
2183.729118 66.301976
2184.218470 65.923724
2184.707822 66.830838
2185.197173 64.526094
2185.686525 64.197423
2186.175877 63.786131
2186.665229 62.259803
2187.154581 62.988558
2187.643933 63.741832
2188.133285 64.956187
2188.622637 64.787729
2189.111989 63.245469
2189.601341 62.048562
2190.090693 63.202310
2190.580045 61.956322
2191.069397 62.923583
2191.558749 64.417963
2192.048101 63.405411
2192.537453 62.355387
2193.026805 62.501642
2193.516157 62.591110
2194.005509 61.737813
2194.494860 61.671072
2194.984212 60.917675
2195.473564 60.141057
2195.962916 60.791914
2196.452268 61.501093
2196.941620 60.668764
2197.430972 59.869659
2197.920324 60.000706
2198.409676 60.116653
2198.899028 59.465669
2199.388380 59.781175
2199.877732 59.692796
2200.367084 58.756565
2200.856436 58.633803
2201.345788 60.157206
2201.835140 59.062663
2202.324492 60.383308
2202.813844 58.930289
2203.303196 58.103153
2203.792547 59.830081
2204.281899 59.580498
2204.771251 59.682225
2205.260603 60.004254
2205.749955 60.580073
2206.239307 60.454566
2206.728659 61.021885
2207.218011 60.425874
2207.707363 60.786705
2208.196715 60.322760
2208.686067 59.318323
2209.175419 59.499678
2209.664771 58.427300
2210.154123 60.219332
2210.643475 59.772249
2211.132827 58.105787
2211.622179 57.711107
2212.111531 58.725573
2212.600883 58.783236
2213.090235 58.978828
2213.579586 60.655089
2214.068938 59.905279
2214.558290 59.370742
2215.047642 60.279970
2215.536994 61.371069
2216.026346 61.074712
2216.515698 60.761329
2217.005050 60.391337
2217.494402 59.740295
2217.983754 61.025400
2218.473106 59.991754
2218.962458 60.421492
2219.451810 59.441136
2219.941162 60.780414
2220.430514 60.714282
2220.919866 60.762802
2221.409218 60.566367
2221.898570 61.953820
2222.387922 61.360394
2222.877273 60.356533
2223.366625 61.069935
2223.855977 60.519392
2224.345329 60.308234
2224.834681 60.736805
2225.324033 60.226691
2225.813385 60.236402
2226.302737 60.774900
2226.792089 60.498509
2227.281441 61.476207
2227.770793 60.487115
2228.260145 59.825871
2228.749497 60.002021
2229.238849 60.016632
2229.728201 58.526733
2230.217553 60.960454
2230.706905 61.922261
2231.196257 60.727435
2231.685609 59.552455
2232.174960 60.357953
2232.664312 61.063522
2233.153664 59.113643
2233.643016 59.805725
2234.132368 59.745350
2234.621720 60.441551
2235.111072 59.494461
2235.600424 59.155762
2236.089776 60.037170
2236.579128 60.782222
2237.068480 58.852243
2237.557832 58.586308
2238.047184 58.953712
2238.536536 58.423819
2239.025888 59.172618
2239.515240 60.458658
2240.004592 60.997510
2240.493944 60.341754
2240.983296 60.691590
2241.472648 60.018652
2241.961999 59.467033
2242.451351 60.157288
2242.940703 59.540648
2243.430055 60.609139
2243.919407 59.590308
2244.408759 61.338202
2244.898111 60.921872
2245.387463 60.398639
2245.876815 60.300666
2246.366167 60.759471
2246.855519 60.744432
2247.344871 60.745977
2247.834223 60.026764
2248.323575 59.461536
2248.812927 59.917559
2249.302279 59.686130
2249.791631 60.118716
2250.280983 60.348594
2250.770335 60.370219
2251.259686 59.899558
2251.749038 59.207744
2252.238390 59.166133
2252.727742 59.754229
2253.217094 59.317937
2253.706446 61.343040
2254.195798 59.852045
2254.685150 59.212408
2255.174502 60.252084
2255.663854 60.415557
2256.153206 60.583674
2256.642558 61.425001
2257.131910 61.257201
2257.621262 59.607954
2258.110614 60.653767
2258.599966 62.858424
2259.089318 60.871242
2259.578670 59.143508
2260.068022 59.220663
2260.557373 59.932705
2261.046725 60.144745
2261.536077 59.660609
2262.025429 60.919229
2262.514781 61.410349
2263.004133 60.161068
2263.493485 60.283952
2263.982837 61.172270
2264.472189 60.730990
2264.961541 60.497264
2265.450893 61.655840
2265.940245 61.772631
2266.429597 62.136772
2266.918949 61.196982
2267.408301 60.009786
2267.897653 61.006230
2268.387005 60.046958
2268.876357 61.058755
2269.365709 61.354687
2269.855060 60.587129
2270.344412 60.813004
2270.833764 60.226463
2271.323116 60.992119
2271.812468 60.414476
2272.301820 60.851203
2272.791172 60.635577
2273.280524 60.935306
2273.769876 60.583329
2274.259228 60.690084
2274.748580 59.996881
2275.237932 60.555364
2275.727284 60.987589
2276.216636 60.916318
2276.705988 60.188410
2277.195340 61.051589
2277.684692 61.356048
2278.174044 60.685793
2278.663396 60.336112
2279.152748 60.989964
2279.642099 61.161312
2280.131451 60.372840
2280.620803 60.989281
2281.110155 61.711673
2281.599507 61.502818
2282.088859 61.833917
2282.578211 61.296189
2283.067563 62.135386
2283.556915 62.353866
2284.046267 61.710576
2284.535619 62.336769
2285.024971 62.400131
2285.514323 62.743972
2286.003675 62.308993
2286.493027 62.300450
2286.982379 62.614425
2287.471731 61.658173
2287.961083 61.824281
2288.450435 61.784643
2288.939786 62.898054
2289.429138 62.891794
2289.918490 61.676811
2290.407842 62.023536
2290.897194 62.719158
2291.386546 62.399681
2291.875898 62.310390
2292.365250 61.988280
2292.854602 62.552876
2293.343954 62.430429
2293.833306 62.597090
2294.322658 62.064846
2294.812010 62.577089
2295.301362 63.893908
2295.790714 62.884939
2296.280066 63.010820
2296.769418 63.342641
2297.258770 63.197483
2297.748122 62.618928
2298.237473 61.925246
2298.726825 62.512425
2299.216177 61.900330
2299.705529 61.229504
2300.194881 61.609331
2300.684233 61.279964
2301.173585 61.003171
2301.662937 61.244109
2302.152289 61.225449
2302.641641 60.953138
2303.130993 61.338584
2303.620345 61.531252
2304.109697 61.190452
2304.599049 61.272106
2305.088401 61.459245
2305.577753 61.378272
2306.067105 62.293698
2306.556457 61.664528
2307.045809 60.885525
2307.535160 61.505388
2308.024512 60.906612
2308.513864 60.369241
2309.003216 60.715962
2309.492568 61.111971
2309.981920 60.571366
2310.471272 60.551398
2310.960624 60.543221
2311.449976 61.158065
2311.939328 61.399647
2312.428680 60.359639
2312.918032 60.088816
2313.407384 60.873492
2313.896736 61.186193
2314.386088 61.371494
2314.875440 61.024189
2315.364792 61.205943
2315.854144 61.064374
2316.343496 62.095671
2316.832848 61.159773
2317.322199 60.065422
2317.811551 60.618468
2318.300903 61.137784
2318.790255 61.114066
2319.279607 61.537574
2319.768959 62.078438
2320.258311 61.533771
2320.747663 61.700469
2321.237015 61.086264
2321.726367 61.989730
2322.215719 62.252853
2322.705071 61.980457
2323.194423 62.730829
2323.683775 62.182945
2324.173127 61.956621
2324.662479 62.262069
2325.151831 62.746249
2325.641183 62.728932
2326.130535 62.130220
2326.619886 62.279037
2327.109238 62.673089
2327.598590 61.971100
2328.087942 62.245421
2328.577294 62.333356
2329.066646 62.030561
2329.555998 61.972987
2330.045350 61.988057
2330.534702 62.207314
2331.024054 62.134824
2331.513406 61.842456
2332.002758 61.817622
2332.492110 62.302923
2332.981462 61.648719
2333.470814 60.989127
2333.960166 61.408104
2334.449518 61.866364
2334.938870 61.380264
2335.428222 61.150536
2335.917573 62.165369
2336.406925 61.383361
2336.896277 60.813966
2337.385629 61.161035
2337.874981 60.959375
2338.364333 60.400778
2338.853685 60.689337
2339.343037 60.090100
2339.832389 61.159138
2340.321741 60.621991
2340.811093 60.029703
2341.300445 59.450791
2341.789797 59.790922
2342.279149 60.581709
2342.768501 59.619885
2343.257853 59.757172
2343.747205 59.701289
2344.236557 59.834284
2344.725909 59.665791
2345.215260 59.420501
2345.704612 59.302974
2346.193964 57.173266
2346.683316 56.582838
2347.172668 55.728995
2347.662020 57.433619
2348.151372 58.142618
2348.640724 58.025417
2349.130076 58.863043
2349.619428 58.339584
2350.108780 58.225679
2350.598132 58.681136
2351.087484 58.847993
2351.576836 58.699048
2352.066188 59.784336
2352.555540 59.176508
2353.044892 58.340764
2353.534244 58.529991
2354.023596 58.047881
2354.512948 58.612071
2355.002299 58.312148
2355.491651 58.148627
2355.981003 57.814587
2356.470355 58.405877
2356.959707 57.883475
2357.449059 57.972889
2357.938411 57.965692
2358.427763 58.250372
2358.917115 58.372316
2359.406467 57.505180
2359.895819 58.093088
2360.385171 58.204912
2360.874523 57.791999
2361.363875 57.530299
2361.853227 57.851095
2362.342579 58.337537
2362.831931 58.312507
2363.321283 57.020377
2363.810635 58.191968
2364.299986 58.118608
2364.789338 58.086966
2365.278690 58.104016
2365.768042 57.710792
2366.257394 56.887535
2366.746746 56.632201
2367.236098 56.275695
2367.725450 56.245107
2368.214802 55.068554
2368.704154 56.092809
2369.193506 56.016600
2369.682858 56.801107
2370.172210 57.779963
2370.661562 57.148033
2371.150914 57.073121
2371.640266 57.581294
2372.129618 57.646975
2372.618970 57.583348
2373.108322 57.679740
2373.597673 57.648037
2374.087025 57.587651
2374.576377 57.272720
2375.065729 57.597118
2375.555081 56.952500
2376.044433 56.657268
2376.533785 57.014897
2377.023137 57.040006
2377.512489 57.115848
2378.001841 57.177206
2378.491193 57.136753
2378.980545 57.258152
2379.469897 57.076636
2379.959249 56.863446
2380.448601 57.008418
2380.937953 57.695214
2381.427305 58.110361
2381.916657 57.168904
2382.406009 57.110983
2382.895361 57.259893
2383.384712 57.590192
2383.874064 58.114555
2384.363416 57.860967
2384.852768 56.828229
2385.342120 57.851556
2385.831472 57.856438
2386.320824 56.600178
2386.810176 57.299891
2387.299528 57.132879
2387.788880 57.184582
2388.278232 57.653264
2388.767584 58.074516
2389.256936 58.397748
2389.746288 58.085098
2390.235640 56.429463
2390.724992 57.074613
2391.214344 58.324013
2391.703696 58.192207
2392.193048 57.192137
2392.682399 57.252630
2393.171751 57.683848
2393.661103 58.052049
2394.150455 57.927235
2394.639807 57.387260
2395.129159 57.001583
2395.618511 56.156215
2396.107863 56.950908
2396.597215 57.284451
2397.086567 56.631701
2397.575919 55.893560
2398.065271 56.111311
2398.554623 56.776336
2399.043975 56.612392
2399.533327 56.854596
2400.022679 56.972713
2400.512031 57.310442
2401.001383 57.652627
2401.490735 56.952567
2401.980086 56.944024
2402.469438 57.291377
2402.958790 57.087735
2403.448142 57.032410
2403.937494 57.172828
2404.426846 57.490161
2404.916198 57.689287
2405.405550 57.149874
2405.894902 56.485286
2406.384254 56.600136
2406.873606 57.103756
2407.362958 56.767658
2407.852310 57.179469
2408.341662 57.570908
2408.831014 57.431290
2409.320366 57.562114
2409.809718 57.622583
2410.299070 57.864867
2410.788422 58.218036
2411.277773 58.355754
2411.767125 57.687970
2412.256477 58.070987
2412.745829 58.077223
2413.235181 58.665033
2413.724533 59.374641
2414.213885 59.338700
2414.703237 59.420327
2415.192589 59.292902
2415.681941 59.989547
2416.171293 59.333770
2416.660645 58.706520
2417.149997 59.745087
2417.639349 59.985896
2418.128701 59.909464
2418.618053 60.145285
2419.107405 60.413333
2419.596757 59.536615
2420.086109 60.152091
2420.575461 59.485687
2421.064812 59.445752
2421.554164 59.809057
2422.043516 59.501045
2422.532868 59.250352
2423.022220 59.372550
2423.511572 59.600379
2424.000924 58.814852
2424.490276 58.927193
2424.979628 58.703886
2425.468980 59.109411
2425.958332 59.250629
2426.447684 58.885728
2426.937036 58.310447
2427.426388 58.429886
2427.915740 59.257529
2428.405092 59.345381
2428.894444 58.833271
2429.383796 59.225989
2429.873148 58.811308
2430.362499 58.491195
2430.851851 58.420318
2431.341203 58.441150
2431.830555 58.672084
2432.319907 57.954248
2432.809259 58.988716
2433.298611 58.992097
2433.787963 59.014144
2434.277315 58.904972
2434.766667 58.737362
2435.256019 59.147669
2435.745371 58.578216
2436.234723 59.072075
2436.724075 58.435880
2437.213427 57.755269
2437.702779 57.387579
2438.192131 57.744971
2438.681483 57.855775
2439.170835 58.216089
2439.660186 58.242955
2440.149538 57.550043
2440.638890 57.366714
2441.128242 57.620950
2441.617594 57.689916
2442.106946 57.746449
2442.596298 57.621976
2443.085650 57.114798
2443.575002 56.759576
2444.064354 56.834023
2444.553706 56.880913
2445.043058 57.527240
2445.532410 57.300590
2446.021762 56.924338
2446.511114 56.640336
2447.000466 57.072462
2447.489818 56.479889
2447.979170 56.613900
2448.468522 56.213774
2448.957873 56.181566
2449.447225 56.658940
2449.936577 55.961794
2450.425929 56.243685
2450.915281 56.696065
2451.404633 57.031746
2451.893985 56.336872
2452.383337 56.515705
2452.872689 56.104192
2453.362041 56.597357
2453.851393 56.065464
2454.340745 55.847165
2454.830097 55.426824
2455.319449 55.621690
2455.808801 56.227374
2456.298153 56.186867
2456.787505 55.752612
2457.276857 56.529975
2457.766209 55.863110
2458.255561 56.327608
2458.744912 56.694835
2459.234264 56.073274
2459.723616 56.171244
2460.212968 56.437508
2460.702320 56.857557
2461.191672 56.711218
2461.681024 56.553997
2462.170376 56.540909
2462.659728 56.746676
2463.149080 56.669542
2463.638432 56.672885
2464.127784 56.499051
2464.617136 55.673630
2465.106488 56.263774
2465.595840 56.495318
2466.085192 57.188690
2466.574544 56.979057
2467.063896 56.821909
2467.553248 57.128442
2468.042599 56.472414
2468.531951 56.108518
2469.021303 56.063473
2469.510655 57.069676
2470.000007 57.228801
2470.489359 56.877465
2470.978711 57.025836
2471.468063 56.251458
2471.957415 56.223520
2472.446767 56.468422
2472.936119 56.898241
2473.425471 56.627884
2473.914823 56.225074
2474.404175 56.235124
2474.893527 55.876562
2475.382879 55.855254
2475.872231 56.898572
2476.361583 56.480018
2476.850935 56.058404
2477.340286 55.652351
2477.829638 55.774934
2478.318990 56.333824
2478.808342 56.637747
2479.297694 56.418017
2479.787046 56.472027
2480.276398 55.952054
2480.765750 56.997442
2481.255102 56.344814
2481.744454 56.139218
2482.233806 56.148653
2482.723158 55.727644
2483.212510 55.538443
2483.701862 55.626692
2484.191214 56.628935
2484.680566 56.521763
2485.169918 55.996113
2485.659270 55.692470
2486.148622 56.084948
2486.637974 55.885382
2487.127325 55.914262
2487.616677 56.421548
2488.106029 56.304181
2488.595381 55.862215
2489.084733 55.762055
2489.574085 55.821493
2490.063437 56.472098
2490.552789 56.175686
2491.042141 56.297056
2491.531493 56.602814
2492.020845 56.047300
2492.510197 55.643023
2492.999549 55.678901
2493.488901 55.678390
2493.978253 55.529548
2494.467605 55.410857
2494.956957 55.379118
2495.446309 55.827453
2495.935661 55.595755
2496.425012 55.647568
2496.914364 55.689414
2497.403716 55.951172
2497.893068 55.920595
2498.382420 55.791807
2498.871772 55.369218
2499.361124 55.559106
2499.850476 55.488797
2500.339828 55.703831
2500.829180 55.354811
2501.318532 54.991099
2501.807884 55.186213
2502.297236 55.681115
2502.786588 55.843163
2503.275940 54.853678
2503.765292 54.880903
2504.254644 54.942995
2504.743996 55.412797
2505.233348 54.888437
2505.722699 54.509883
2506.212051 55.451432
2506.701403 55.287627
2507.190755 55.173765
2507.680107 54.967647
2508.169459 54.933599
2508.658811 55.184912
2509.148163 55.204585
2509.637515 55.589970
2510.126867 55.286755
2510.616219 55.353608
2511.105571 55.218775
2511.594923 55.299393
2512.084275 55.297004
2512.573627 55.261155
2513.062979 54.634247
2513.552331 54.668135
2514.041683 54.631211
2514.531035 55.261585
2515.020386 54.837595
2515.509738 55.397001
2515.999090 55.296737
2516.488442 54.958917
2516.977794 54.372934
2517.467146 54.221888
2517.956498 54.610816
2518.445850 54.600120
2518.935202 54.257609
2519.424554 54.527315
2519.913906 54.156142
2520.403258 54.398832
2520.892610 54.132111
2521.381962 53.903672
2521.871314 54.560016
2522.360666 54.983499
2522.850018 54.470811
2523.339370 54.405649
2523.828722 54.447181
2524.318074 53.701294
2524.807425 54.576309
2525.296777 54.847518
2525.786129 54.529040
2526.275481 54.580457
2526.764833 54.128756
2527.254185 54.201464
2527.743537 54.411714
2528.232889 54.309905
2528.722241 54.127841
2529.211593 54.466443
2529.700945 55.047731
2530.190297 54.718019
2530.679649 54.437914
2531.169001 54.716483
2531.658353 54.880936
2532.147705 54.631108
2532.637057 54.249286
2533.126409 54.474890
2533.615761 54.193214
2534.105112 54.002188
2534.594464 54.855174
2535.083816 53.715617
2535.573168 53.875391
2536.062520 54.043360
2536.551872 54.435099
2537.041224 54.398002
2537.530576 53.820169
2538.019928 54.292869
2538.509280 54.605117
2538.998632 54.213822
2539.487984 54.289423
2539.977336 55.112047
2540.466688 54.313794
2540.956040 53.932625
2541.445392 54.192161
2541.934744 54.357325
2542.424096 54.701469
2542.913448 54.152458
2543.402799 54.406761
2543.892151 54.085295
2544.381503 54.065103
2544.870855 54.028118
2545.360207 54.278941
2545.849559 54.667784
2546.338911 54.969407
2546.828263 54.392447
2547.317615 54.078289
2547.806967 54.404917
2548.296319 53.914864
2548.785671 53.363573
2549.275023 53.778505
2549.764375 54.244295
2550.253727 54.073481
2550.743079 54.046125
2551.232431 53.674807
2551.721783 53.114905
2552.211135 53.819574
2552.700486 53.772272
2553.189838 53.471916
2553.679190 53.270387
2554.168542 53.524747
2554.657894 53.206097
2555.147246 53.057317
2555.636598 53.006822
2556.125950 52.832962
2556.615302 53.240265
2557.104654 53.391712
2557.594006 52.929289
2558.083358 52.751358
2558.572710 53.096613
2559.062062 53.943996
2559.551414 53.366818
2560.040766 53.327928
2560.530118 53.122596
2561.019470 52.839358
2561.508822 52.924588
2561.998174 53.306802
2562.487525 53.407062
2562.976877 53.231754
2563.466229 53.644979
2563.955581 53.381061
2564.444933 52.946839
2564.934285 52.997085
2565.423637 53.380888
2565.912989 52.971298
2566.402341 52.985930
2566.891693 53.153528
2567.381045 53.163795
2567.870397 53.130456
2568.359749 52.522159
2568.849101 52.639088
2569.338453 52.521703
2569.827805 53.045346
2570.317157 52.637685
2570.806509 52.601891
2571.295861 52.977536
2571.785212 53.158042
2572.274564 52.077475
2572.763916 52.429789
2573.253268 52.461300
2573.742620 52.560239
2574.231972 52.326528
2574.721324 52.322367
2575.210676 52.052794
2575.700028 52.404001
2576.189380 52.134173
2576.678732 51.906853
2577.168084 52.509337
2577.657436 52.002872
2578.146788 52.062977
2578.636140 52.280158
2579.125492 52.380790
2579.614844 52.071878
2580.104196 52.201513
2580.593548 52.362908
2581.082899 52.739254
2581.572251 52.377120
2582.061603 51.809061
2582.550955 51.820406
2583.040307 51.778155
2583.529659 51.487206
2584.019011 51.803140
2584.508363 51.992106
2584.997715 51.795017
2585.487067 52.009934
2585.976419 51.876379
2586.465771 51.900336
2586.955123 51.299118
2587.444475 51.241064
2587.933827 51.270804
2588.423179 51.981959
2588.912531 51.608235
2589.401883 51.545938
2589.891235 50.989203
2590.380586 51.154200
2590.869938 50.942718
2591.359290 51.341889
2591.848642 51.592429
2592.337994 51.453742
2592.827346 51.564221
2593.316698 51.848558
2593.806050 51.564792
2594.295402 51.267572
2594.784754 50.569007
2595.274106 51.174954
2595.763458 51.190263
2596.252810 51.440278
2596.742162 50.605390
2597.231514 51.269649
2597.720866 51.321061
2598.210218 51.288786
2598.699570 51.120684
2599.188922 50.955620
2599.678274 50.414267
2600.167625 51.665771
2600.656977 51.707077
2601.146329 51.713410
2601.635681 51.632830
2602.125033 51.160033
2602.614385 50.958140
2603.103737 50.829150
2603.593089 51.184595
2604.082441 51.189668
2604.571793 51.190135
2605.061145 50.504088
2605.550497 51.434574
2606.039849 51.277682
2606.529201 50.989769
2607.018553 51.627372
2607.507905 51.165701
2607.997257 51.111396
2608.486609 50.990665
2608.975961 50.678868
2609.465312 50.842276
2609.954664 51.558975
2610.444016 51.226181
2610.933368 51.508988
2611.422720 51.781355
2611.912072 51.639036
2612.401424 51.118706
2612.890776 50.735179
2613.380128 51.026696
2613.869480 50.887711
2614.358832 50.863501
2614.848184 50.959542
2615.337536 51.218435
2615.826888 51.100424
2616.316240 50.937649
2616.805592 50.821916
2617.294944 51.172635
2617.784296 51.163793
2618.273648 50.578352
2618.762999 50.937131
2619.252351 50.788296
2619.741703 50.173165
2620.231055 50.040552
2620.720407 50.344262
2621.209759 50.362558
2621.699111 50.264876
2622.188463 50.623172
2622.677815 50.689206
2623.167167 50.611995
2623.656519 50.288190
2624.145871 50.133519
2624.635223 50.485347
2625.124575 50.243050
2625.613927 50.090158
2626.103279 50.147673
2626.592631 50.630928
2627.081983 50.571969
2627.571335 50.593811
2628.060687 50.627604
2628.550038 50.495506
2629.039390 50.054318
2629.528742 50.356784
2630.018094 50.534238
2630.507446 50.398244
2630.996798 50.011445
2631.486150 49.980896
2631.975502 49.721183
2632.464854 49.543170
2632.954206 49.501275
2633.443558 49.780298
2633.932910 49.307073
2634.422262 49.616119
2634.911614 49.189262
2635.400966 49.376566
2635.890318 48.783536
2636.379670 49.113947
2636.869022 48.842691
2637.358374 48.668515
2637.847725 48.614556
2638.337077 48.246943
2638.826429 48.302191
2639.315781 48.266481
2639.805133 48.158636
2640.294485 48.184913
2640.783837 48.290371
2641.273189 47.824006
2641.762541 47.597828
2642.251893 47.761606
2642.741245 47.414005
2643.230597 47.117360
2643.719949 46.864344
2644.209301 47.374191
2644.698653 47.481622
2645.188005 47.228178
2645.677357 47.182678
2646.166709 46.327340
2646.656061 47.026245
2647.145412 46.790324
2647.634764 46.521729
2648.124116 46.429167
2648.613468 47.149312
2649.102820 46.492284
2649.592172 46.317953
2650.081524 46.031986
2650.570876 46.009607
2651.060228 46.227251
2651.549580 46.265293
2652.038932 45.907566
2652.528284 45.839811
2653.017636 45.731138
2653.506988 46.219478
2653.996340 46.171315
2654.485692 45.760255
2654.975044 45.681135
2655.464396 45.935629
2655.953748 46.257674
2656.443099 46.018379
2656.932451 46.085100
2657.421803 46.008434
2657.911155 46.140919
2658.400507 45.417531
2658.889859 46.140110
2659.379211 46.519140
2659.868563 46.189081
2660.357915 45.340791
2660.847267 45.721945
2661.336619 46.061463
2661.825971 46.028544
2662.315323 46.079631
2662.804675 46.330081
2663.294027 46.209973
2663.783379 46.331834
2664.272731 46.523346
2664.762083 46.762225
2665.251435 46.753212
2665.740787 46.520223
2666.230138 46.901886
2666.719490 46.808344
2667.208842 46.907716
2667.698194 46.342374
2668.187546 45.857879
2668.676898 46.236193
2669.166250 46.489193
2669.655602 46.594296
2670.144954 46.675916
2670.634306 46.558171
2671.123658 46.630661
2671.613010 46.403498
2672.102362 46.319283
2672.591714 46.155386
2673.081066 46.398556
2673.570418 46.480749
2674.059770 46.570066
2674.549122 46.550651
2675.038474 46.126145
2675.527825 46.282721
2676.017177 46.512555
2676.506529 46.403025
2676.995881 46.366761
2677.485233 46.506636
2677.974585 46.516593
2678.463937 46.332712
2678.953289 46.256403
2679.442641 46.196486
2679.931993 46.434201
2680.421345 46.096494
2680.910697 46.203608
2681.400049 46.355927
2681.889401 46.300358
2682.378753 46.292496
2682.868105 46.043749
2683.357457 46.242935
2683.846809 46.426767
2684.336161 46.441383
2684.825512 46.605639
2685.314864 46.564759
2685.804216 46.466194
2686.293568 46.330161
2686.782920 46.231509
2687.272272 46.492779
2687.761624 46.417298
2688.250976 46.515856
2688.740328 46.438646
2689.229680 46.393735
2689.719032 46.819668
2690.208384 46.646753
2690.697736 46.816056
2691.187088 46.572678
2691.676440 46.455380
2692.165792 46.418879
2692.655144 46.694696
2693.144496 46.913126
2693.633848 46.692666
2694.123199 46.617242
2694.612551 46.495877
2695.101903 46.842651
2695.591255 46.795940
2696.080607 46.581058
2696.569959 46.647429
2697.059311 46.397610
2697.548663 46.481512
2698.038015 46.469735
2698.527367 46.383698
2699.016719 46.354528
2699.506071 46.196064
2699.995423 46.086503
2700.484775 46.014199
2700.974127 46.874401
2701.463479 46.753830
2701.952831 46.897033
2702.442183 46.640209
2702.931535 46.721117
2703.420887 46.912026
2703.910238 47.191596
2704.399590 46.954726
2704.888942 46.574335
2705.378294 46.902352
2705.867646 46.727691
2706.356998 47.258627
2706.846350 47.411013
2707.335702 47.181633
2707.825054 47.190896
2708.314406 47.211068
2708.803758 46.889943
2709.293110 46.882454
2709.782462 47.041513
2710.271814 47.325150
2710.761166 47.361419
2711.250518 47.640048
2711.739870 47.645669
2712.229222 47.764179
2712.718574 46.990033
2713.207925 47.496191
2713.697277 47.908929
2714.186629 48.089094
2714.675981 48.129387
2715.165333 47.894754
2715.654685 47.886372
2716.144037 47.912139
2716.633389 48.429156
2717.122741 48.036936
2717.612093 47.876933
2718.101445 48.106644
2718.590797 48.600816
2719.080149 47.871014
2719.569501 47.836291
2720.058853 48.031085
2720.548205 48.496411
2721.037557 48.501497
2721.526909 48.242977
2722.016261 48.330305
2722.505612 48.218079
2722.994964 48.476349
2723.484316 48.098043
2723.973668 49.027291
2724.463020 48.723616
2724.952372 48.797917
2725.441724 48.789814
2725.931076 49.004874
2726.420428 48.805537
2726.909780 48.648636
2727.399132 48.957245
2727.888484 49.058769
2728.377836 48.856271
2728.867188 48.806299
2729.356540 48.731509
2729.845892 48.700312
2730.335244 48.324511
2730.824596 48.634226
2731.313948 48.807158
2731.803299 48.827800
2732.292651 48.715707
2732.782003 48.910031
2733.271355 48.711898
2733.760707 48.679458
2734.250059 48.713854
2734.739411 48.634360
2735.228763 49.337991
2735.718115 49.134635
2736.207467 48.993467
2736.696819 48.868328
2737.186171 48.707192
2737.675523 48.946877
2738.164875 49.039241
2738.654227 49.184934
2739.143579 49.262082
2739.632931 49.415037
2740.122283 49.288628
2740.611635 49.521541
2741.100987 49.536282
2741.590338 49.614091
2742.079690 49.541761
2742.569042 49.789732
2743.058394 49.916214
2743.547746 49.622987
2744.037098 49.569729
2744.526450 50.017063
2745.015802 49.867953
2745.505154 50.008968
2745.994506 49.903782
2746.483858 49.755806
2746.973210 50.417859
2747.462562 50.525483
2747.951914 49.922713
2748.441266 49.882463
2748.930618 49.900880
2749.419970 49.908048
2749.909322 50.031673
2750.398674 49.989108
2750.888025 50.131225
2751.377377 50.080032
2751.866729 49.973268
2752.356081 49.969766
2752.845433 50.269471
2753.334785 50.314601
2753.824137 50.215168
2754.313489 50.320346
2754.802841 50.073658
2755.292193 50.008276
2755.781545 50.471308
2756.270897 50.291435
2756.760249 50.175102
2757.249601 50.116813
2757.738953 50.006973
2758.228305 50.451660
2758.717657 50.390000
2759.207009 50.355388
2759.696361 50.481147
2760.185712 50.437525
2760.675064 50.020043
2761.164416 49.845783
2761.653768 50.078879
2762.143120 50.355688
2762.632472 50.248122
2763.121824 50.227662
2763.611176 49.901424
2764.100528 49.964491
2764.589880 50.754102
2765.079232 50.299148
2765.568584 49.822938
2766.057936 50.531748
2766.547288 50.350650
2767.036640 50.378555
2767.525992 50.357498
2768.015344 50.638043
2768.504696 50.786176
2768.994048 50.233345
2769.483400 50.323325
2769.972751 50.683996
2770.462103 50.733609
2770.951455 50.850821
2771.440807 51.169281
2771.930159 51.058097
2772.419511 50.851758
2772.908863 50.666122
2773.398215 51.211812
2773.887567 51.587719
2774.376919 51.718505
2774.866271 51.524148
2775.355623 51.309469
2775.844975 51.992591
2776.334327 51.922203
2776.823679 52.364417
2777.313031 52.671348
2777.802383 53.067250
2778.291735 52.913344
2778.781087 52.812645
2779.270438 53.124941
2779.759790 53.304054
2780.249142 53.450886
2780.738494 53.639389
2781.227846 54.016172
2781.717198 54.057725
2782.206550 54.661382
2782.695902 54.922515
2783.185254 55.641579
2783.674606 56.702141
2784.163958 56.801419
2784.653310 57.090725
2785.142662 57.789255
2785.632014 58.602285
2786.121366 58.648035
2786.610718 59.065938
2787.100070 59.914075
2787.589422 60.317086
2788.078774 61.356736
2788.568125 61.770322
2789.057477 62.241186
2789.546829 62.721697
2790.036181 63.261736
2790.525533 64.002107
2791.014885 64.447583
2791.504237 65.159475
2791.993589 66.023739
2792.482941 66.266825
2792.972293 66.617090
2793.461645 67.370776
2793.950997 67.833860
2794.440349 68.315021
2794.929701 68.722947
2795.419053 68.865243
2795.908405 70.383335
2796.397757 69.999311
2796.887109 70.157641
2797.376461 70.141958
2797.865812 71.253699
2798.355164 70.729540
2798.844516 71.366617
2799.333868 71.520784
2799.823220 71.470781
2800.312572 70.918474
2800.801924 71.173634
2801.291276 71.962223
2801.780628 71.132000
2802.269980 71.151595
2802.759332 70.917568
2803.248684 70.401682
2803.738036 69.706202
2804.227388 69.678629
2804.716740 69.544887
2805.206092 69.075272
2805.695444 68.673966
2806.184796 68.329346
2806.674148 67.396243
2807.163500 66.975705
2807.652851 66.451967
2808.142203 65.338896
2808.631555 64.484127
2809.120907 64.138259
2809.610259 63.644052
2810.099611 63.090490
2810.588963 62.471637
2811.078315 61.647538
2811.567667 61.206641
2812.057019 60.685787
2812.546371 60.383627
2813.035723 59.929415
2813.525075 59.205373
2814.014427 59.194009
2814.503779 58.369882
2814.993131 57.683497
2815.482483 57.333433
2815.971835 57.090104
2816.461187 56.606841
2816.950538 56.008288
2817.439890 55.441531
2817.929242 55.069882
2818.418594 55.033958
2818.907946 54.239920
2819.397298 54.128166
2819.886650 53.794891
2820.376002 53.430437
2820.865354 53.299343
2821.354706 53.214313
2821.844058 52.948685
2822.333410 52.983768
2822.822762 52.595788
2823.312114 52.124712
2823.801466 51.600084
2824.290818 51.812654
2824.780170 51.675908
2825.269522 51.759338
2825.758874 51.271963
2826.248225 50.896668
2826.737577 50.981419
2827.226929 50.947791
2827.716281 50.773278
2828.205633 50.280058
2828.694985 50.216393
2829.184337 50.241590
2829.673689 50.418130
2830.163041 50.168369
2830.652393 49.862964
2831.141745 50.114670
2831.631097 50.072008
2832.120449 50.079200
2832.609801 49.923436
2833.099153 49.674402
2833.588505 49.719169
2834.077857 49.639309
2834.567209 49.000960
2835.056561 48.864294
2835.545912 49.156476
2836.035264 49.094989
2836.524616 49.118779
2837.013968 48.977202
2837.503320 48.922350
2837.992672 48.889614
2838.482024 48.766339
2838.971376 48.542138
2839.460728 48.566060
2839.950080 48.514756
2840.439432 48.355289
2840.928784 48.516714
2841.418136 48.510037
2841.907488 48.430894
2842.396840 48.257952
2842.886192 48.080510
2843.375544 48.044476
2843.864896 48.063101
2844.354248 47.727916
2844.843600 47.705823
2845.332951 47.577701
2845.822303 47.405924
2846.311655 47.417128
2846.801007 47.620306
2847.290359 48.101212
2847.779711 47.706440
2848.269063 47.447185
2848.758415 47.406490
2849.247767 47.744969
2849.737119 47.478948
2850.226471 47.350257
2850.715823 47.476565
2851.205175 47.342309
2851.694527 47.412215
2852.183879 47.285023
2852.673231 47.069083
2853.162583 46.988502
2853.651935 46.510030
2854.141287 46.297036
2854.630638 46.529347
2855.119990 46.800600
2855.609342 46.469797
2856.098694 46.844393
2856.588046 46.750427
2857.077398 45.921487
2857.566750 46.142662
2858.056102 46.065680
2858.545454 45.972807
2859.034806 45.988233
2859.524158 45.666359
2860.013510 45.605911
2860.502862 45.320071
2860.992214 45.496741
2861.481566 45.566768
2861.970918 45.780150
2862.460270 45.833663
2862.949622 45.577373
2863.438974 45.244657
2863.928325 45.121231
2864.417677 45.284412
2864.907029 45.725420
2865.396381 45.510810
2865.885733 45.522870
2866.375085 45.386117
2866.864437 45.419958
2867.353789 45.266940
2867.843141 45.262321
2868.332493 44.931683
2868.821845 45.065389
2869.311197 45.329921
2869.800549 45.179947
2870.289901 44.756889
2870.779253 44.796088
2871.268605 44.781507
2871.757957 44.811286
2872.247309 44.913688
2872.736661 44.836049
2873.226013 44.385749
2873.715364 44.395099
2874.204716 44.422746
2874.694068 44.620652
2875.183420 44.527636
2875.672772 44.319279
2876.162124 43.968373
2876.651476 44.426558
2877.140828 44.559139
2877.630180 44.229425
2878.119532 44.299426
2878.608884 44.273039
2879.098236 44.415749
2879.587588 44.376918
2880.076940 44.105864
2880.566292 43.901104
2881.055644 43.985968
2881.544996 44.120934
2882.034348 44.237437
2882.523700 43.950075
2883.013051 43.985631
2883.502403 43.451060
2883.991755 43.544100
2884.481107 43.801780
2884.970459 44.001946
2885.459811 43.582661
2885.949163 43.468921
2886.438515 43.506182
2886.927867 43.592333
2887.417219 43.632989
2887.906571 43.525167
2888.395923 43.161755
2888.885275 43.243375
2889.374627 43.455673
2889.863979 43.384418
2890.353331 43.371532
2890.842683 43.166715
2891.332035 43.011861
2891.821387 43.062659
2892.310738 43.201354
2892.800090 43.118091
2893.289442 42.826105
2893.778794 42.408748
2894.268146 42.685187
2894.757498 42.891009
2895.246850 43.006698
2895.736202 42.702564
2896.225554 42.634374
2896.714906 42.624995
2897.204258 42.496993
2897.693610 42.318954
2898.182962 42.435086
2898.672314 42.423704
2899.161666 42.253145
2899.651018 42.273493
2900.140370 42.199790
2900.629722 42.420074
2901.119074 42.370488
2901.608425 42.214403
2902.097777 42.210740
2902.587129 42.348338
2903.076481 42.269833
2903.565833 42.009347
2904.055185 41.912002
2904.544537 41.656301
2905.033889 41.832949
2905.523241 41.897406
2906.012593 41.764040
2906.501945 41.693812
2906.991297 41.311676
2907.480649 41.500023
2907.970001 41.499926
2908.459353 41.602585
2908.948705 41.611068
2909.438057 41.480284
2909.927409 41.427715
2910.416761 41.504606
2910.906113 41.795482
2911.395464 41.236228
2911.884816 41.193233
2912.374168 41.040348
2912.863520 41.417428
2913.352872 41.422873
2913.842224 41.517718
2914.331576 41.584012
2914.820928 41.391179
2915.310280 41.581102
2915.799632 41.803430
2916.288984 41.691546
2916.778336 41.645258
2917.267688 41.626431
2917.757040 41.502444
2918.246392 41.885165
2918.735744 41.949569
2919.225096 41.985412
2919.714448 42.127126
2920.203800 41.939674
2920.693151 42.038619
2921.182503 42.086901
2921.671855 41.726064
2922.161207 42.389486
2922.650559 42.381164
2923.139911 42.552584
2923.629263 42.766674
2924.118615 42.420560
2924.607967 42.251100
2925.097319 42.440389
2925.586671 42.876957
2926.076023 42.947039
2926.565375 43.048214
2927.054727 43.408647
2927.544079 43.399623
2928.033431 43.200648
2928.522783 42.843791
2929.012135 42.766340
2929.501487 42.901232
2929.990838 42.963541
2930.480190 42.549242
2930.969542 42.688411
2931.458894 42.690633
2931.948246 42.676850
2932.437598 42.677589
2932.926950 42.906951
2933.416302 42.916073
2933.905654 42.706375
2934.395006 42.932945
2934.884358 43.411679
2935.373710 43.507630
2935.863062 43.107461
2936.352414 42.965396
2936.841766 42.737710
2937.331118 43.167343
2937.820470 43.212639
2938.309822 43.247083
2938.799174 43.046120
2939.288525 42.791434
2939.777877 42.692823
2940.267229 42.874369
2940.756581 42.909605
2941.245933 42.695407
2941.735285 42.638627
2942.224637 42.868494
2942.713989 43.275421
2943.203341 43.206374
2943.692693 43.163467
2944.182045 43.215843
2944.671397 43.154188
2945.160749 43.377169
2945.650101 43.384215
2946.139453 43.179333
2946.628805 43.026700
2947.118157 43.020676
2947.607509 42.962753
2948.096861 42.972148
2948.586213 43.284051
2949.075564 42.988705
2949.564916 42.840668
2950.054268 42.759469
2950.543620 43.355775
2951.032972 43.378860
2951.522324 43.013593
2952.011676 42.706473
2952.501028 42.945534
2952.990380 42.918045
2953.479732 42.994999
2953.969084 42.821042
2954.458436 42.634103
2954.947788 42.433084
2955.437140 42.467079
2955.926492 42.940948
2956.415844 43.016387
2956.905196 42.734268
2957.394548 43.067031
2957.883900 42.645105
2958.373251 42.744188
2958.862603 42.632848
2959.351955 42.750961
2959.841307 42.915432
2960.330659 42.862705
2960.820011 42.888743
2961.309363 42.693306
2961.798715 42.611927
2962.288067 42.591009
2962.777419 42.623820
2963.266771 42.556566
2963.756123 42.372258
2964.245475 42.404382
2964.734827 42.528844
2965.224179 42.410117
2965.713531 42.311052
2966.202883 42.277907
2966.692235 42.575347
2967.181587 42.307269
2967.670938 42.271721
2968.160290 42.523295
2968.649642 42.315718
2969.138994 42.237836
2969.628346 42.048295
2970.117698 42.037854
2970.607050 42.071871
2971.096402 42.070507
2971.585754 42.183085
2972.075106 42.181398
2972.564458 42.155388
2973.053810 41.935924
2973.543162 41.936934
2974.032514 42.239162
2974.521866 42.189809
2975.011218 41.988382
2975.500570 41.915489
2975.989922 42.082383
2976.479274 41.916574
2976.968625 41.906697
2977.457977 41.945543
2977.947329 42.175202
2978.436681 42.145049
2978.926033 42.093183
2979.415385 42.134408
2979.904737 41.841171
2980.394089 41.836014
2980.883441 41.787350
2981.372793 41.583989
2981.862145 41.706095
2982.351497 41.449858
2982.840849 41.672669
2983.330201 41.956665
2983.819553 41.669959
2984.308905 41.133877
2984.798257 41.315390
2985.287609 41.193970
2985.776961 41.227028
2986.266313 41.184136
2986.755664 41.142706
2987.245016 40.850161
2987.734368 41.046026
2988.223720 40.949463
2988.713072 40.810347
2989.202424 40.838526
2989.691776 40.750665
2990.181128 40.608926
2990.670480 40.405984
2991.159832 40.191578
2991.649184 40.333668
2992.138536 40.402974
2992.627888 40.453941
2993.117240 40.267647
2993.606592 39.996298
2994.095944 39.997861
2994.585296 39.912591
2995.074648 39.957753
2995.564000 40.205932
2996.053351 40.114421
2996.542703 39.760437
2997.032055 39.844889
2997.521407 39.906995
2998.010759 39.708366
2998.500111 39.636345
2998.989463 39.415837
2999.478815 39.430353
2999.968167 39.993785
3000.457519 39.677302
3000.946871 39.519538
3001.436223 39.236652
3001.925575 39.301861
3002.414927 39.147537
3002.904279 38.968938
3003.393631 39.096572
3003.882983 39.164082
3004.372335 38.830819
3004.861687 38.736300
3005.351038 38.519880
3005.840390 38.549721
3006.329742 38.328180
3006.819094 38.468665
3007.308446 38.267099
3007.797798 38.137960
3008.287150 38.282797
3008.776502 38.373348
3009.265854 38.101164
3009.755206 37.860835
3010.244558 37.723340
3010.733910 37.723528
3011.223262 37.727110
3011.712614 37.812566
3012.201966 37.525023
3012.691318 37.285555
3013.180670 37.461175
3013.670022 37.410847
3014.159374 37.239605
3014.648726 37.128598
3015.138077 37.421936
3015.627429 37.394287
3016.116781 37.164702
3016.606133 36.933399
3017.095485 37.160247
3017.584837 37.030915
3018.074189 36.856180
3018.563541 36.427112
3019.052893 36.683085
3019.542245 36.768549
3020.031597 36.843672
3020.520949 36.588353
3021.010301 36.475831
3021.499653 36.614132
3021.989005 36.749673
3022.478357 36.543507
3022.967709 36.583385
3023.457061 36.574886
3023.946413 36.592539
3024.435764 36.489846
3024.925116 36.313162
3025.414468 36.240816
3025.903820 36.217865
3026.393172 36.049818
3026.882524 36.255732
3027.371876 36.208155
3027.861228 36.108969
3028.350580 36.452285
3028.839932 36.499803
3029.329284 36.280036
3029.818636 36.140134
3030.307988 36.580975
3030.797340 36.697276
3031.286692 36.510234
3031.776044 36.430702
3032.265396 36.333225
3032.754748 36.413361
3033.244100 36.406020
3033.733451 36.692060
3034.222803 36.676700
3034.712155 36.401676
3035.201507 36.349356
3035.690859 36.321541
3036.180211 36.692711
3036.669563 36.182602
3037.158915 36.291482
3037.648267 35.977352
3038.137619 36.193598
3038.626971 36.262509
3039.116323 36.248460
3039.605675 36.311580
3040.095027 36.480201
3040.584379 36.597669
3041.073731 36.318936
3041.563083 36.571213
3042.052435 36.292676
3042.541787 36.348334
3043.031138 36.189343
3043.520490 36.410537
3044.009842 36.401814
3044.499194 36.615162
3044.988546 36.321499
3045.477898 36.178445
3045.967250 36.104169
3046.456602 36.297720
3046.945954 36.261428
3047.435306 36.044149
3047.924658 36.462527
3048.414010 36.594070
3048.903362 36.277762
3049.392714 36.500387
3049.882066 36.464851
3050.371418 36.525406
3050.860770 36.545633
3051.350122 36.338866
3051.839474 36.300167
3052.328826 36.137645
3052.818177 36.340967
3053.307529 36.201117
3053.796881 36.023950
3054.286233 36.180447
3054.775585 36.214008
3055.264937 36.234596
3055.754289 36.104803
3056.243641 36.155183
3056.732993 36.174089
3057.222345 36.119787
3057.711697 36.316711
3058.201049 36.379400
3058.690401 36.293350
3059.179753 36.182418
3059.669105 36.373474
3060.158457 36.538778
3060.647809 36.602028
3061.137161 36.707833
3061.626513 36.501861
3062.115864 36.428152
3062.605216 36.509796
3063.094568 36.485251
3063.583920 36.546431
3064.073272 36.707855
3064.562624 36.606119
3065.051976 36.585265
3065.541328 36.483604
3066.030680 36.435441
3066.520032 36.437580
3067.009384 36.598188
3067.498736 36.445538
3067.988088 36.384626
3068.477440 36.381588
3068.966792 36.829681
3069.456144 36.478495
3069.945496 36.324183
3070.434848 36.602260
3070.924200 36.651645
3071.413551 36.407363
3071.902903 36.448218
3072.392255 36.437976
3072.881607 36.654019
3073.370959 36.689392
3073.860311 36.863980
3074.349663 36.756038
3074.839015 36.837317
3075.328367 36.678281
3075.817719 36.608718
3076.307071 36.746132
3076.796423 36.625056
3077.285775 36.591919
3077.775127 36.255767
3078.264479 36.615377
3078.753831 36.589525
3079.243183 36.243386
3079.732535 36.420972
3080.221887 36.144943
3080.711238 36.314619
3081.200590 36.444337
3081.689942 36.282794
3082.179294 36.166807
3082.668646 36.309327
3083.157998 36.459701
3083.647350 36.227888
3084.136702 35.706971
3084.626054 35.881701
3085.115406 36.024881
3085.604758 36.347021
3086.094110 35.777350
3086.583462 35.719184
3087.072814 35.873010
3087.562166 35.908597
3088.051518 36.043752
3088.540870 35.857487
3089.030222 35.710067
3089.519574 36.035501
3090.008926 36.211859
3090.498277 35.992217
3090.987629 35.841615
3091.476981 35.838823
3091.966333 36.033457
3092.455685 36.056714
3092.945037 35.945022
3093.434389 35.888540
3093.923741 36.194670
3094.413093 36.086657
3094.902445 35.729995
3095.391797 35.728692
3095.881149 35.722571
3096.370501 35.892181
3096.859853 35.577432
3097.349205 35.620890
3097.838557 35.567569
3098.327909 35.524965
3098.817261 36.003693
3099.306613 36.081520
3099.795964 35.869100
3100.285316 35.745725
3100.774668 35.927832
3101.264020 35.993596
3101.753372 35.987801
3102.242724 36.214841
3102.732076 36.343718
3103.221428 36.400723
3103.710780 36.409457
3104.200132 36.239433
3104.689484 36.051529
3105.178836 35.813918
3105.668188 35.998408
3106.157540 36.344469
3106.646892 36.260811
3107.136244 36.372397
3107.625596 36.485843
3108.114948 36.403023
3108.604300 36.450823
3109.093651 36.373874
3109.583003 36.122138
3110.072355 36.205283
3110.561707 36.366349
3111.051059 36.441188
3111.540411 36.586739
3112.029763 36.646936
3112.519115 36.591744
3113.008467 36.732588
3113.497819 36.886496
3113.987171 37.089491
3114.476523 37.275279
3114.965875 37.015831
3115.455227 36.965156
3115.944579 36.947329
3116.433931 37.060112
3116.923283 37.107549
3117.412635 37.004856
3117.901987 37.086489
3118.391338 37.157983
3118.880690 37.170242
3119.370042 37.162145
3119.859394 37.097091
3120.348746 36.914967
3120.838098 37.260704
3121.327450 37.389623
3121.816802 37.463015
3122.306154 37.270456
3122.795506 37.080722
3123.284858 37.208320
3123.774210 37.401838
3124.263562 37.608922
3124.752914 37.592663
3125.242266 37.144277
3125.731618 37.362765
3126.220970 37.506176
3126.710322 37.376150
3127.199674 37.323932
3127.689026 37.460833
3128.178377 37.567711
3128.667729 37.583887
3129.157081 37.249490
3129.646433 37.719287
3130.135785 37.626239
3130.625137 37.364215
3131.114489 37.219304
3131.603841 37.113406
3132.093193 37.329398
3132.582545 37.615967
3133.071897 37.239914
3133.561249 37.024397
3134.050601 37.331837
3134.539953 37.275828
3135.029305 36.935949
3135.518657 36.883778
3136.008009 36.951657
3136.497361 37.077864
3136.986713 37.042349
3137.476064 36.752255
3137.965416 36.414303
3138.454768 36.967714
3138.944120 36.933240
3139.433472 36.710485
3139.922824 36.667843
3140.412176 36.692301
3140.901528 36.949693
3141.390880 36.710243
3141.880232 36.977881
3142.369584 36.777065
3142.858936 36.767817
3143.348288 36.678759
3143.837640 36.725158
3144.326992 36.815418
3144.816344 36.735191
3145.305696 36.845085
3145.795048 36.735250
3146.284400 36.633557
3146.773751 36.525995
3147.263103 36.455891
3147.752455 36.525182
3148.241807 36.612867
3148.731159 36.671782
3149.220511 36.934573
3149.709863 36.994373
3150.199215 36.728867
3150.688567 36.845353
3151.177919 36.901490
3151.667271 36.615267
3152.156623 36.518884
3152.645975 36.508091
3153.135327 36.517281
3153.624679 36.886487
3154.114031 36.757985
3154.603383 36.680668
3155.092735 36.692278
3155.582087 36.795027
3156.071439 36.873260
3156.560790 36.938889
3157.050142 36.905844
3157.539494 36.725219
3158.028846 36.764054
3158.518198 36.865452
3159.007550 36.970699
3159.496902 36.852687
3159.986254 37.002588
3160.475606 37.024986
3160.964958 36.667885
3161.454310 36.752738
3161.943662 36.873523
3162.433014 37.063016
3162.922366 36.855445
3163.411718 36.792853
3163.901070 36.967589
3164.390422 36.981105
3164.879774 36.890735
3165.369126 36.910648
3165.858477 37.024272
3166.347829 37.127700
3166.837181 36.928722
3167.326533 36.989040
3167.815885 37.211055
3168.305237 36.937790
3168.794589 36.871223
3169.283941 36.998565
3169.773293 36.983685
3170.262645 37.027721
3170.751997 37.241661
3171.241349 37.434921
3171.730701 37.336990
3172.220053 37.304441
3172.709405 37.212531
3173.198757 37.465694
3173.688109 37.451426
3174.177461 37.411681
3174.666813 37.322913
3175.156164 37.617351
3175.645516 37.537784
3176.134868 37.552201
3176.624220 37.533305
3177.113572 37.421548
3177.602924 37.463093
3178.092276 37.552776
3178.581628 37.451413
3179.070980 37.317465
3179.560332 37.515183
3180.049684 37.474164
3180.539036 37.282795
3181.028388 37.334468
3181.517740 37.460187
3182.007092 37.682738
3182.496444 37.703794
3182.985796 37.607648
3183.475148 37.748622
3183.964500 37.657450
3184.453851 37.269283
3184.943203 37.409661
3185.432555 37.610519
3185.921907 37.724783
3186.411259 37.786425
3186.900611 37.698298
3187.389963 37.730190
3187.879315 37.902693
3188.368667 38.122330
3188.858019 38.119702
3189.347371 38.042558
3189.836723 38.181067
3190.326075 37.881011
3190.815427 38.072389
3191.304779 38.102610
3191.794131 37.924003
3192.283483 37.828224
3192.772835 37.835410
3193.262187 37.660065
3193.751539 37.981694
3194.240890 37.970150
3194.730242 38.025065
3195.219594 37.785018
3195.708946 37.705372
3196.198298 37.900739
3196.687650 37.817968
3197.177002 37.771231
3197.666354 37.379527
3198.155706 37.500473
3198.645058 37.537327
3199.134410 37.493747
3199.623762 37.491254
3200.113114 37.500144
3200.602466 37.538896
3201.091818 37.482271
3201.581170 37.542180
3202.070522 37.419824
3202.559874 37.494792
3203.049226 37.421949
3203.538577 37.380742
3204.027929 37.359660
3204.517281 37.279176
3205.006633 37.029612
3205.495985 37.037959
3205.985337 37.001595
3206.474689 37.174046
3206.964041 37.163746
3207.453393 37.228579
3207.942745 37.253183
3208.432097 36.974021
3208.921449 37.041376
3209.410801 37.150324
3209.900153 36.885348
3210.389505 36.960204
3210.878857 36.832354
3211.368209 37.189557
3211.857561 37.127031
3212.346913 36.934325
3212.836264 36.817553
3213.325616 36.647425
3213.814968 36.695690
3214.304320 36.657833
3214.793672 36.805227
3215.283024 36.765083
3215.772376 36.747051
3216.261728 36.718021
3216.751080 36.720587
3217.240432 36.650161
3217.729784 36.510363
3218.219136 36.510974
3218.708488 36.567723
3219.197840 36.628957
3219.687192 36.692262
3220.176544 36.640104
3220.665896 36.294226
3221.155248 36.104652
3221.644600 36.365091
3222.133951 36.379618
3222.623303 36.383069
3223.112655 36.450128
3223.602007 36.452713
3224.091359 36.371788
3224.580711 36.355166
3225.070063 36.235217
3225.559415 36.120799
3226.048767 36.277419
3226.538119 36.374495
3227.027471 36.062537
3227.516823 36.111345
3228.006175 36.131422
3228.495527 36.234660
3228.984879 36.263020
3229.474231 36.166964
3229.963583 36.174768
3230.452935 36.132564
3230.942287 36.321652
3231.431639 36.104855
3231.920990 36.182132
3232.410342 36.133395
3232.899694 36.005189
3233.389046 36.045070
3233.878398 36.057869
3234.367750 35.904955
3234.857102 36.059941
3235.346454 35.982563
3235.835806 35.888847
3236.325158 35.889631
3236.814510 35.903819
3237.303862 35.823191
3237.793214 35.789230
3238.282566 35.706970
3238.771918 35.823265
3239.261270 36.048492
3239.750622 35.886887
3240.239974 35.713584
3240.729326 35.406025
3241.218677 35.426856
3241.708029 35.501387
3242.197381 35.376665
3242.686733 35.458345
3243.176085 35.474805
3243.665437 35.648288
3244.154789 35.380894
3244.644141 35.639958
3245.133493 35.863972
3245.622845 35.793057
3246.112197 35.742925
3246.601549 35.585448
3247.090901 35.282478
3247.580253 35.441409
3248.069605 35.623514
3248.558957 35.615928
3249.048309 35.668750
3249.537661 35.532843
3250.027013 35.670959
3250.516364 35.762846
3251.005716 35.943344
3251.495068 35.876668
3251.984420 35.610695
3252.473772 35.388376
3252.963124 35.566316
3253.452476 35.580847
3253.941828 35.593659
3254.431180 35.555854
3254.920532 35.527509
3255.409884 35.529858
3255.899236 35.530566
3256.388588 35.603786
3256.877940 35.396676
3257.367292 35.367548
3257.856644 35.229461
3258.345996 35.902791
3258.835348 36.117277
3259.324700 36.219002
3259.814052 35.784040
3260.303403 35.496405
3260.792755 35.402480
3261.282107 35.476873
3261.771459 35.494597
3262.260811 35.594194
3262.750163 35.521918
3263.239515 35.417683
3263.728867 35.213222
3264.218219 35.407495
3264.707571 35.238714
3265.196923 35.119168
3265.686275 35.451046
3266.175627 35.474556
3266.664979 34.970066
3267.154331 34.938977
3267.643683 34.916729
3268.133035 35.338924
3268.622387 35.352638
3269.111739 35.095564
3269.601090 35.196274
3270.090442 35.263009
3270.579794 35.407821
3271.069146 35.235462
3271.558498 35.318278
3272.047850 35.236623
3272.537202 35.369712
3273.026554 35.328771
3273.515906 35.275689
3274.005258 35.156027
3274.494610 35.076205
3274.983962 35.232340
3275.473314 35.111097
3275.962666 35.337473
3276.452018 35.405772
3276.941370 35.477966
3277.430722 35.360054
3277.920074 35.516028
3278.409426 35.399065
3278.898777 35.099082
3279.388129 35.284282
3279.877481 35.246032
3280.366833 35.096878
3280.856185 35.218044
3281.345537 35.351165
3281.834889 35.222338
3282.324241 35.199813
3282.813593 35.249516
3283.302945 35.271377
3283.792297 35.179618
3284.281649 35.109515
3284.771001 34.843468
3285.260353 34.975029
3285.749705 34.887342
3286.239057 35.006043
3286.728409 35.047230
3287.217761 34.533321
3287.707113 34.640782
3288.196464 34.807881
3288.685816 34.631154
3289.175168 34.794407
3289.664520 34.663541
3290.153872 34.688917
3290.643224 34.664836
3291.132576 34.598281
3291.621928 34.665965
3292.111280 34.579209
3292.600632 34.449359
3293.089984 34.380989
3293.579336 34.341504
3294.068688 34.427045
3294.558040 34.504576
3295.047392 34.404194
3295.536744 34.384852
3296.026096 34.317049
3296.515448 34.444329
3297.004800 34.150390
3297.494152 34.087044
3297.983503 34.100963
3298.472855 34.291554
3298.962207 34.151586
3299.451559 34.092861
3299.940911 33.886036
3300.430263 33.884880
3300.919615 33.971924
3301.408967 33.992887
3301.898319 33.876045
3302.387671 33.660857
3302.877023 33.861730
3303.366375 33.945440
3303.855727 33.926897
3304.345079 33.536951
3304.834431 33.349224
3305.323783 33.709556
3305.813135 33.569101
3306.302487 33.577441
3306.791839 33.546678
3307.281190 33.498929
3307.770542 33.443517
3308.259894 33.261197
3308.749246 33.153844
3309.238598 33.226810
3309.727950 33.425763
3310.217302 33.275378
3310.706654 33.130889
3311.196006 33.218109
3311.685358 33.285064
3312.174710 33.169528
3312.664062 32.862806
3313.153414 32.793081
3313.642766 32.821813
3314.132118 32.679898
3314.621470 32.849789
3315.110822 32.844202
3315.600174 32.791830
3316.089526 32.804574
3316.578877 32.747353
3317.068229 32.620717
3317.557581 32.649400
3318.046933 32.753780
3318.536285 32.903493
3319.025637 32.803275
3319.514989 32.735101
3320.004341 32.532954
3320.493693 32.569315
3320.983045 32.448186
3321.472397 32.451109
3321.961749 32.387992
3322.451101 32.521428
3322.940453 32.668720
3323.429805 32.351470
3323.919157 32.525650
3324.408509 32.240730
3324.897861 32.416951
3325.387213 32.492066
3325.876564 31.817189
3326.365916 30.009150
3326.855268 27.904487
3327.344620 29.445694
3327.833972 32.499198
3328.323324 34.263241
3328.812676 35.295052
3329.302028 33.545404
3329.791380 30.279366
3330.280732 30.426344
3330.770084 30.819214
3331.259436 32.361275
3331.748788 32.637916
3332.238140 32.517595
3332.727492 32.656547
3333.216844 32.529332
3333.706196 32.472835
3334.195548 32.420251
3334.684900 32.562937
3335.174252 32.612942
3335.663603 32.735722
3336.152955 32.785789
3336.642307 32.852024
3337.131659 32.686425
3337.621011 32.657991
3338.110363 32.584653
3338.599715 32.700243
3339.089067 32.965734
3339.578419 32.681679
3340.067771 32.649673
3340.557123 32.643767
3341.046475 32.498458
3341.535827 32.601247
3342.025179 32.741864
3342.514531 32.706734
3343.003883 32.680011
3343.493235 32.631957
3343.982587 32.407395
3344.471939 32.448900
3344.961290 32.294465
3345.450642 32.131956
3345.939994 32.311039
3346.429346 32.089379
3346.918698 32.198373
3347.408050 32.231636
3347.897402 32.150619
3348.386754 32.110297
3348.876106 32.151578
3349.365458 32.102995
3349.854810 31.890037
3350.344162 31.963518
3350.833514 31.883756
3351.322866 31.860753
3351.812218 32.049084
3352.301570 32.130190
3352.790922 31.723135
3353.280274 31.801437
3353.769626 31.739257
3354.258977 31.915143
3354.748329 31.787010
3355.237681 31.764625
3355.727033 31.882369
3356.216385 31.971923
3356.705737 31.881107
3357.195089 31.907062
3357.684441 32.113562
3358.173793 31.878908
3358.663145 31.733441
3359.152497 31.781166
3359.641849 31.933732
3360.131201 31.797631
3360.620553 31.722276
3361.109905 31.710574
3361.599257 31.896264
3362.088609 31.720011
3362.577961 31.770375
3363.067313 31.718567
3363.556664 31.528948
3364.046016 31.464821
3364.535368 31.558701
3365.024720 31.684567
3365.514072 31.764336
3366.003424 31.983778
3366.492776 31.760673
3366.982128 31.563933
3367.471480 31.691374
3367.960832 31.724160
3368.450184 31.702486
3368.939536 31.694625
3369.428888 31.531067
3369.918240 31.345968
3370.407592 31.556052
3370.896944 31.620742
3371.386296 31.536674
3371.875648 31.607496
3372.365000 31.682881
3372.854352 31.706336
3373.343703 31.524869
3373.833055 31.645471
3374.322407 31.634657
3374.811759 31.521663
3375.301111 31.377545
3375.790463 31.501702
3376.279815 31.550245
3376.769167 31.503304
3377.258519 31.452047
3377.747871 31.266923
3378.237223 31.229309
3378.726575 31.263930
3379.215927 31.304934
3379.705279 31.485006
3380.194631 31.394188
3380.683983 31.280055
3381.173335 31.467237
3381.662687 31.662448
3382.152039 31.580579
3382.641390 31.552490
3383.130742 31.557834
3383.620094 31.613758
3384.109446 31.682769
3384.598798 31.673871
3385.088150 31.599720
3385.577502 31.525420
3386.066854 31.451691
3386.556206 31.186637
3387.045558 31.426844
3387.534910 31.465518
3388.024262 31.528027
3388.513614 31.474658
3389.002966 31.364148
3389.492318 31.453933
3389.981670 31.500269
3390.471022 31.504613
3390.960374 31.453173
3391.449726 31.426124
3391.939077 31.643344
3392.428429 31.644108
3392.917781 31.353460
3393.407133 31.265056
3393.896485 31.514647
3394.385837 31.392184
3394.875189 31.299941
3395.364541 31.381317
3395.853893 31.272850
3396.343245 31.445388
3396.832597 31.430724
3397.321949 31.254692
3397.811301 31.316620
3398.300653 31.449985
3398.790005 31.471050
3399.279357 31.332156
3399.768709 31.276825
3400.258061 31.166185
3400.747413 31.466457
3401.236765 31.600733
3401.726116 31.757241
3402.215468 31.677330
3402.704820 31.627277
3403.194172 31.743048
3403.683524 31.863959
3404.172876 31.580076
3404.662228 31.714498
3405.151580 31.689127
3405.640932 31.851434
3406.130284 31.838124
3406.619636 31.587106
3407.108988 31.785821
3407.598340 31.878203
3408.087692 31.919620
3408.577044 31.853595
3409.066396 31.967117
3409.555748 31.974054
3410.045100 32.269436
3410.534452 32.329896
3411.023803 32.001339
3411.513155 32.071816
3412.002507 32.045036
3412.491859 32.324994
3412.981211 32.424125
3413.470563 32.377460
3413.959915 32.264179
3414.449267 32.460202
3414.938619 32.388104
3415.427971 32.266316
3415.917323 32.516330
3416.406675 32.543154
3416.896027 32.510432
3417.385379 32.553180
3417.874731 32.571641
3418.364083 32.655850
3418.853435 32.611795
3419.342787 32.556953
3419.832139 32.798361
3420.321490 32.768761
3420.810842 32.497369
3421.300194 32.672685
3421.789546 32.760912
3422.278898 32.803729
3422.768250 32.789556
3423.257602 32.787243
3423.746954 32.626175
3424.236306 32.402370
3424.725658 32.211284
3425.215010 32.425237
3425.704362 32.256021
3426.193714 32.175111
3426.683066 32.025760
3427.172418 31.958080
3427.661770 31.996100
3428.151122 31.939236
3428.640474 31.757338
3429.129826 31.384509
3429.619177 31.388566
3430.108529 31.266929
3430.597881 31.019560
3431.087233 30.973028
3431.576585 30.983940
3432.065937 30.921225
3432.555289 30.982171
3433.044641 31.000647
3433.533993 30.987828
3434.023345 30.946318
3434.512697 30.831577
3435.002049 30.957897
3435.491401 30.982380
3435.980753 30.751456
3436.470105 30.965023
3436.959457 30.851123
3437.448809 30.957482
3437.938161 30.892407
3438.427513 31.073434
3438.916865 30.957300
3439.406216 30.817793
3439.895568 30.927362
3440.384920 30.681714
3440.874272 30.719945
3441.363624 30.782267
3441.852976 30.760674
3442.342328 30.759194
3442.831680 30.678406
3443.321032 30.598023
3443.810384 30.713416
3444.299736 30.368802
3444.789088 30.411824
3445.278440 30.354134
3445.767792 30.512095
3446.257144 30.700236
3446.746496 30.742554
3447.235848 30.775905
3447.725200 30.697708
3448.214552 30.513349
3448.703903 30.567201
3449.193255 30.484319
3449.682607 30.540056
3450.171959 30.537296
3450.661311 30.710724
3451.150663 30.959866
3451.640015 30.769063
3452.129367 30.707017
3452.618719 30.743935
3453.108071 30.532453
3453.597423 30.612722
3454.086775 30.493432
3454.576127 30.468264
3455.065479 30.581752
3455.554831 30.581050
3456.044183 30.735513
3456.533535 30.630081
3457.022887 30.537584
3457.512239 30.715119
3458.001590 30.670010
3458.490942 30.726690
3458.980294 30.748940
3459.469646 30.752520
3459.958998 30.720612
3460.448350 30.618232
3460.937702 30.620457
3461.427054 30.670891
3461.916406 30.690506
3462.405758 30.762845
3462.895110 30.778015
3463.384462 30.457295
3463.873814 30.505793
3464.363166 30.568911
3464.852518 30.447726
3465.341870 30.401534
3465.831222 30.578916
3466.320574 30.614155
3466.809926 30.815431
3467.299277 30.630808
3467.788629 30.649168
3468.277981 30.538751
3468.767333 30.587210
3469.256685 30.922324
3469.746037 30.712723
3470.235389 30.602617
3470.724741 30.472498
3471.214093 30.604873
3471.703445 30.603110
3472.192797 30.678015
3472.682149 30.656098
3473.171501 30.658452
3473.660853 30.614973
3474.150205 30.386998
3474.639557 30.447099
3475.128909 30.457205
3475.618261 30.542023
3476.107613 30.449276
3476.596965 30.409122
3477.086316 30.678036
3477.575668 30.512883
3478.065020 30.452162
3478.554372 30.347386
3479.043724 30.189116
3479.533076 30.018114
3480.022428 30.122541
3480.511780 30.298666
3481.001132 30.456810
3481.490484 30.367466
3481.979836 30.484492
3482.469188 30.500263
3482.958540 30.480291
3483.447892 30.332229
3483.937244 30.477859
3484.426596 30.205298
3484.915948 30.693858
3485.405300 30.648185
3485.894652 30.741745
3486.384003 30.426435
3486.873355 30.468331
3487.362707 30.566675
3487.852059 30.691644
3488.341411 30.689323
3488.830763 30.461537
3489.320115 30.299678
3489.809467 30.429886
3490.298819 30.375770
3490.788171 30.576623
3491.277523 30.642894
3491.766875 30.593536
3492.256227 30.461264
3492.745579 30.460106
3493.234931 30.425197
3493.724283 30.307981
3494.213635 30.125853
3494.702987 30.200088
3495.192339 30.285655
3495.681690 30.177169
3496.171042 30.124698
3496.660394 30.379585
3497.149746 30.460078
3497.639098 30.306495
3498.128450 30.099780
3498.617802 30.099255
3499.107154 30.173106
3499.596506 29.874520
3500.085858 29.893025
3500.575210 29.909045
3501.064562 30.060500
3501.553914 29.970776
3502.043266 29.750241
3502.532618 30.076268
3503.021970 29.794870
3503.511322 30.062518
3504.000674 29.968434
3504.490026 29.919554
3504.979377 30.020274
3505.468729 29.975353
3505.958081 29.666009
3506.447433 29.702253
3506.936785 29.710576
3507.426137 29.814474
3507.915489 29.777097
3508.404841 29.851315
3508.894193 30.123717
3509.383545 29.756858
3509.872897 29.641429
3510.362249 29.627368
3510.851601 29.526462
3511.340953 29.461082
3511.830305 29.488058
3512.319657 29.103590
3512.809009 28.877787
3513.298361 28.682258
3513.787713 28.979154
3514.277065 29.224128
3514.766416 29.529501
3515.255768 29.662244
3515.745120 29.296431
3516.234472 28.527157
3516.723824 27.979236
3517.213176 28.048092
3517.702528 28.804006
3518.191880 29.540554
3518.681232 29.357472
3519.170584 28.935382
3519.659936 28.639561
3520.149288 28.155527
3520.638640 28.015303
3521.127992 28.263266
3521.617344 28.525496
3522.106696 28.489221
3522.596048 28.345699
3523.085400 28.018512
3523.574752 28.122191
3524.064103 28.507550
3524.553455 28.635029
3525.042807 28.458797
3525.532159 28.224026
3526.021511 28.056338
3526.510863 27.943849
3527.000215 27.994800
3527.489567 27.841681
3527.978919 27.898726
3528.468271 27.774508
3528.957623 27.730916
3529.446975 27.548728
3529.936327 27.834283
3530.425679 28.144835
3530.915031 27.835602
3531.404383 27.564818
3531.893735 27.305774
3532.383087 27.444465
3532.872439 27.583053
3533.361790 27.612301
3533.851142 27.561090
3534.340494 27.214839
3534.829846 27.150117
3535.319198 27.168860
3535.808550 27.207463
3536.297902 27.367679
3536.787254 27.290909
3537.276606 27.228383
3537.765958 27.169059
3538.255310 27.053173
3538.744662 27.105376
3539.234014 27.221525
3539.723366 27.116697
3540.212718 27.119335
3540.702070 27.115089
3541.191422 26.967401
3541.680774 26.998411
3542.170126 26.951652
3542.659478 26.779723
3543.148829 26.871134
3543.638181 27.063957
3544.127533 27.042319
3544.616885 26.798731
3545.106237 26.800352
3545.595589 26.724278
3546.084941 26.624545
3546.574293 26.542087
3547.063645 26.597094
3547.552997 26.532746
3548.042349 26.570673
3548.531701 26.659555
3549.021053 26.652437
3549.510405 26.657150
3549.999757 26.589797
3550.489109 26.541132
3550.978461 26.701405
3551.467813 26.842170
3551.957165 26.778621
3552.446516 26.738375
3552.935868 26.762231
3553.425220 26.711831
3553.914572 26.701308
3554.403924 26.649208
3554.893276 26.729323
3555.382628 26.564555
3555.871980 26.604708
3556.361332 26.679677
3556.850684 26.777607
3557.340036 27.036481
3557.829388 26.871575
3558.318740 26.812694
3558.808092 26.848523
3559.297444 26.708201
3559.786796 26.729541
3560.276148 26.816250
3560.765500 26.812975
3561.254852 26.742024
3561.744203 26.869346
3562.233555 26.892999
3562.722907 26.893429
3563.212259 27.014743
3563.701611 27.114395
3564.190963 27.091617
3564.680315 27.035741
3565.169667 27.043084
3565.659019 26.953301
3566.148371 26.885555
3566.637723 26.956759
3567.127075 27.109345
3567.616427 27.221168
3568.105779 27.157845
3568.595131 27.103533
3569.084483 27.170874
3569.573835 27.180340
3570.063187 27.363092
3570.552539 27.222500
3571.041890 27.147376
3571.531242 27.253905
3572.020594 27.210133
3572.509946 27.245521
3572.999298 27.461520
3573.488650 27.522810
3573.978002 27.350479
3574.467354 27.263551
3574.956706 27.518627
3575.446058 27.396455
3575.935410 27.516937
3576.424762 27.545620
3576.914114 27.551307
3577.403466 27.456872
3577.892818 27.277570
3578.382170 27.519317
3578.871522 27.668287
3579.360874 27.564821
3579.850226 27.491474
3580.339578 27.406551
3580.828929 27.373877
3581.318281 27.463886
3581.807633 27.288589
3582.296985 27.290160
3582.786337 27.279248
3583.275689 27.322980
3583.765041 27.286242
3584.254393 27.521982
3584.743745 27.332384
3585.233097 27.565156
3585.722449 27.458086
3586.211801 27.378486
3586.701153 27.061546
3587.190505 27.178494
3587.679857 27.321287
3588.169209 27.148739
3588.658561 27.137575
3589.147913 27.116977
3589.637265 27.086076
3590.126616 26.879612
3590.615968 26.778879
3591.105320 26.717379
3591.594672 26.765766
3592.084024 26.765229
3592.573376 26.972678
3593.062728 26.886772
3593.552080 26.907878
3594.041432 26.850468
3594.530784 26.943423
3595.020136 26.883679
3595.509488 26.959407
3595.998840 26.935359
3596.488192 26.964499
3596.977544 26.844592
3597.466896 26.812904
3597.956248 26.870273
3598.445600 26.917342
3598.934952 26.919790
3599.424303 26.847886
3599.913655 26.808703
3600.403007 26.728795
3600.892359 26.843215
3601.381711 26.896637
3601.871063 26.901400
3602.360415 26.796717
3602.849767 26.677740
3603.339119 26.808334
3603.828471 26.882239
3604.317823 26.826532
3604.807175 26.744306
3605.296527 26.884128
3605.785879 26.667991
3606.275231 26.590936
3606.764583 26.763338
3607.253935 26.710240
3607.743287 26.654365
3608.232639 26.588607
3608.721990 26.565530
3609.211342 26.650009
3609.700694 26.605358
3610.190046 26.988469
3610.679398 26.817720
3611.168750 26.708231
3611.658102 26.798174
3612.147454 26.686033
3612.636806 26.783317
3613.126158 26.825333
3613.615510 26.902916
3614.104862 26.908037
3614.594214 26.992841
3615.083566 26.849935
3615.572918 26.711279
3616.062270 26.536084
3616.551622 26.701185
3617.040974 26.605779
3617.530326 26.559161
3618.019678 26.773702
3618.509029 26.971293
3618.998381 26.921406
3619.487733 26.780526
3619.977085 26.523613
3620.466437 26.678175
3620.955789 26.617845
3621.445141 26.679358
3621.934493 26.680422
3622.423845 26.738950
3622.913197 26.645436
3623.402549 26.520966
3623.891901 26.717812
3624.381253 26.710920
3624.870605 26.734070
3625.359957 26.843400
3625.849309 26.627043
3626.338661 26.577275
3626.828013 26.564394
3627.317365 26.552425
3627.806716 26.485243
3628.296068 26.610495
3628.785420 26.629165
3629.274772 26.593038
3629.764124 26.610994
3630.253476 26.498762
3630.742828 26.541389
3631.232180 26.504091
3631.721532 26.612265
3632.210884 26.514739
3632.700236 26.480784
3633.189588 26.391387
3633.678940 26.306878
3634.168292 26.464804
3634.657644 26.459699
3635.146996 26.127959
3635.636348 26.209797
3636.125700 26.150160
3636.615052 26.144485
3637.104403 26.308052
3637.593755 26.199464
3638.083107 26.131285
3638.572459 26.176923
3639.061811 26.286730
3639.551163 26.133648
3640.040515 26.011030
3640.529867 25.979060
3641.019219 26.020750
3641.508571 25.935363
3641.997923 26.165123
3642.487275 26.277639
3642.976627 26.336025
3643.465979 26.199513
3643.955331 26.053003
3644.444683 25.953837
3644.934035 26.012270
3645.423387 26.067219
3645.912739 26.044305
3646.402091 25.956141
3646.891442 25.838262
3647.380794 25.862609
3647.870146 26.033552
3648.359498 25.957859
3648.848850 25.924578
3649.338202 25.865520
3649.827554 25.880038
3650.316906 25.896691
3650.806258 25.809574
3651.295610 25.645517
3651.784962 25.594606
3652.274314 25.591947
3652.763666 25.499523
3653.253018 25.598365
3653.742370 25.713154
3654.231722 25.601256
3654.721074 25.585307
3655.210426 25.471184
3655.699778 25.452131
3656.189129 25.608345
3656.678481 25.506738
3657.167833 25.676343
3657.657185 25.495689
3658.146537 25.423603
3658.635889 25.598513
3659.125241 25.463043
3659.614593 25.351556
3660.103945 25.648550
3660.593297 25.740562
3661.082649 25.582561
3661.572001 25.504126
3662.061353 25.475048
3662.550705 25.535163
3663.040057 25.575982
3663.529409 25.555184
3664.018761 25.569955
3664.508113 25.731512
3664.997465 25.491259
3665.486816 25.264429
3665.976168 25.333865
3666.465520 25.329013
3666.954872 25.316485
3667.444224 25.272459
3667.933576 25.317353
3668.422928 25.339668
3668.912280 25.464040
3669.401632 25.418478
3669.890984 25.288480
3670.380336 25.226762
3670.869688 25.213497
3671.359040 25.358888
3671.848392 25.230523
3672.337744 25.168687
3672.827096 25.161171
3673.316448 25.189700
3673.805800 25.176673
3674.295152 25.411012
3674.784503 25.351373
3675.273855 25.133151
3675.763207 24.999892
3676.252559 25.262480
3676.741911 25.331490
3677.231263 25.553621
3677.720615 25.323323
3678.209967 25.312600
3678.699319 25.373805
3679.188671 25.361657
3679.678023 25.368953
3680.167375 25.279660
3680.656727 25.151674
3681.146079 25.430883
3681.635431 25.297063
3682.124783 25.239054
3682.614135 25.300160
3683.103487 25.254232
3683.592839 25.369387
3684.082191 25.421711
3684.571542 25.228962
3685.060894 25.148891
3685.550246 25.067973
3686.039598 25.184458
3686.528950 25.295374
3687.018302 25.151734
3687.507654 25.041328
3687.997006 25.083748
3688.486358 25.038994
3688.975710 25.091196
3689.465062 24.972956
3689.954414 24.894076
3690.443766 24.937118
3690.933118 25.108579
3691.422470 25.137449
3691.911822 24.985165
3692.401174 25.058746
3692.890526 24.920216
3693.379878 24.895888
3693.869229 24.851740
3694.358581 24.794534
3694.847933 24.897738
3695.337285 24.910471
3695.826637 24.954541
3696.315989 24.975652
3696.805341 24.940577
3697.294693 24.994063
3697.784045 25.090490
3698.273397 24.991676
3698.762749 24.952019
3699.252101 24.945016
3699.741453 25.031068
3700.230805 24.935278
3700.720157 25.001381
3701.209509 25.063359
3701.698861 24.844840
3702.188213 24.695695
3702.677565 24.767100
3703.166916 24.793366
3703.656268 24.730695
3704.145620 24.626107
3704.634972 24.608639
3705.124324 24.867690
3705.613676 24.820030
3706.103028 24.967211
3706.592380 25.080845
3707.081732 25.014102
3707.571084 25.030740
3708.060436 24.879292
3708.549788 24.808221
3709.039140 24.725018
3709.528492 24.525113
3710.017844 24.572096
3710.507196 24.570007
3710.996548 24.499447
3711.485900 24.568585
3711.975252 24.603493
3712.464603 24.623848
3712.953955 24.688159
3713.443307 24.659744
3713.932659 24.794525
3714.422011 24.569474
3714.911363 24.494571
3715.400715 24.551550
3715.890067 24.506617
3716.379419 24.700360
3716.868771 24.511964
3717.358123 24.634683
3717.847475 24.559094
3718.336827 24.558118
3718.826179 24.564027
3719.315531 24.392518
3719.804883 24.278443
3720.294235 24.237817
3720.783587 24.577483
3721.272939 24.521729
3721.762291 24.676057
3722.251642 24.725351
3722.740994 24.575109
3723.230346 24.602837
3723.719698 24.495969
3724.209050 24.581578
3724.698402 24.407532
3725.187754 24.556884
3725.677106 24.498002
3726.166458 24.635143
3726.655810 24.582559
3727.145162 24.736972
3727.634514 24.672210
3728.123866 24.960635
3728.613218 25.131170
3729.102570 25.304937
3729.591922 25.261480
3730.081274 25.484936
3730.570626 25.760265
3731.059978 26.066867
3731.549329 26.075298
3732.038681 26.166478
3732.528033 25.807058
3733.017385 25.882048
3733.506737 25.914635
3733.996089 25.792897
3734.485441 25.834062
3734.974793 25.556650
3735.464145 25.295352
3735.953497 25.138646
3736.442849 24.811512
3736.932201 24.713094
3737.421553 24.650702
3737.910905 24.811446
3738.400257 24.705316
3738.889609 24.651087
3739.378961 24.424601
3739.868313 24.414991
3740.357665 24.406035
3740.847016 24.399058
3741.336368 24.428012
3741.825720 24.576606
3742.315072 24.872840
3742.804424 24.873632
3743.293776 24.675544
3743.783128 24.571641
3744.272480 24.613536
3744.761832 24.747311
3745.251184 24.637027
3745.740536 24.699080
3746.229888 24.655719
3746.719240 24.552936
3747.208592 24.618757
3747.697944 24.675234
3748.187296 24.746770
3748.676648 24.867452
3749.166000 24.900210
3749.655352 25.051182
3750.144703 24.825986
3750.634055 24.628393
3751.123407 24.598962
3751.612759 24.952012
3752.102111 24.937954
3752.591463 25.065129
3753.080815 24.898094
3753.570167 24.843505
3754.059519 24.821572
3754.548871 24.882644
3755.038223 24.734502
3755.527575 24.541723
3756.016927 24.789081
3756.506279 24.626921
3756.995631 24.747352
3757.484983 24.505883
3757.974335 24.480415
3758.463687 24.286884
3758.953039 24.707301
3759.442391 25.164135
3759.931742 25.918255
3760.421094 26.439836
3760.910446 25.789861
3761.399798 24.664115
3761.889150 23.689647
3762.378502 23.610138
3762.867854 23.932511
3763.357206 24.512646
3763.846558 25.027664
3764.335910 24.849905
3764.825262 24.709315
3765.314614 24.321483
3765.803966 24.223240
3766.293318 24.198880
3766.782670 24.090548
3767.272022 24.254473
3767.761374 24.394850
3768.250726 24.146450
3768.740078 24.187502
3769.229429 24.176189
3769.718781 24.009840
3770.208133 23.776346
3770.697485 23.849058
3771.186837 23.773377
3771.676189 23.754073
3772.165541 23.857528
3772.654893 23.872302
3773.144245 23.868290
3773.633597 23.624760
3774.122949 23.568336
3774.612301 23.532713
3775.101653 23.517247
3775.591005 23.609066
3776.080357 23.513802
3776.569709 23.372069
3777.059061 23.397076
3777.548413 23.589666
3778.037765 23.621608
3778.527116 23.510570
3779.016468 23.311888
3779.505820 23.108474
3779.995172 23.115087
3780.484524 23.009851
3780.973876 23.213146
3781.463228 23.139134
3781.952580 22.966388
3782.441932 22.876109
3782.931284 23.009799
3783.420636 23.112722
3783.909988 23.092709
3784.399340 22.772870
3784.888692 22.759392
3785.378044 22.869460
3785.867396 22.800587
3786.356748 22.782597
3786.846100 22.658848
3787.335452 22.621684
3787.824804 22.852640
3788.314155 22.913756
3788.803507 22.631559
3789.292859 22.557946
3789.782211 22.645870
3790.271563 22.402970
3790.760915 22.343070
3791.250267 22.266162
3791.739619 22.172919
3792.228971 22.262247
3792.718323 22.453858
3793.207675 22.512738
3793.697027 22.520749
3794.186379 22.308558
3794.675731 22.082481
3795.165083 21.896236
3795.654435 22.000924
3796.143787 21.933123
3796.633139 21.967352
3797.122491 22.073611
3797.611842 22.185528
3798.101194 22.226224
3798.590546 22.324870
3799.079898 21.823196
3799.569250 21.537402
3800.058602 21.716943
3800.547954 21.688480
3801.037306 21.661549
3801.526658 21.566458
3802.016010 21.506478
3802.505362 21.626128
3802.994714 21.870754
3803.484066 21.681143
3803.973418 21.537857
3804.462770 21.416121
3804.952122 21.624150
3805.441474 21.606500
3805.930826 21.642604
3806.420178 21.714231
3806.909529 21.650713
3807.398881 21.693105
3807.888233 21.578924
3808.377585 21.651461
3808.866937 21.604538
3809.356289 21.671564
3809.845641 21.528042
3810.334993 21.546503
3810.824345 21.704782
3811.313697 21.632644
3811.803049 21.663075
3812.292401 21.636608
3812.781753 21.582644
3813.271105 21.500147
3813.760457 21.607591
3814.249809 21.608485
3814.739161 21.618516
3815.228513 21.629566
3815.717865 21.856441
3816.207216 21.908637
3816.696568 21.905607
3817.185920 21.754232
3817.675272 21.937594
3818.164624 21.933914
3818.653976 21.982675
3819.143328 21.929716
3819.632680 21.822472
3820.122032 21.643604
3820.611384 21.650641
3821.100736 21.702727
3821.590088 21.755451
3822.079440 21.744463
3822.568792 21.826442
3823.058144 21.858577
3823.547496 21.802777
3824.036848 21.799724
3824.526200 21.709967
3825.015552 21.759564
3825.504904 21.765260
3825.994255 21.742776
3826.483607 21.950551
3826.972959 21.967483
3827.462311 21.829468
3827.951663 21.750520
3828.441015 21.749461
3828.930367 21.814894
3829.419719 21.707896
3829.909071 21.830634
3830.398423 21.920467
3830.887775 22.031880
3831.377127 22.081585
3831.866479 22.106453
3832.355831 21.925797
3832.845183 21.949033
3833.334535 21.946838
3833.823887 21.963221
3834.313239 21.889740
3834.802591 21.942580
3835.291942 22.095731
3835.781294 22.064941
3836.270646 21.754333
3836.759998 21.807942
3837.249350 21.746177
3837.738702 21.808905
3838.228054 21.877046
3838.717406 21.893304
3839.206758 21.955762
3839.696110 21.971038
3840.185462 21.917828
3840.674814 21.989162
3841.164166 21.858168
3841.653518 21.984635
3842.142870 21.912674
3842.632222 21.801776
3843.121574 21.736080
3843.610926 21.707219
3844.100278 21.821327
3844.589629 21.699103
3845.078981 21.979871
3845.568333 21.876188
3846.057685 21.880643
3846.547037 21.910786
3847.036389 22.001670
3847.525741 22.006713
3848.015093 22.085445
3848.504445 22.065227
3848.993797 22.005596
3849.483149 22.164481
3849.972501 22.202531
3850.461853 22.355633
3850.951205 22.288390
3851.440557 22.195219
3851.929909 22.128947
3852.419261 22.069438
3852.908613 22.108636
3853.397965 22.199715
3853.887316 22.340249
3854.376668 22.307174
3854.866020 22.137708
3855.355372 22.178627
3855.844724 22.329797
3856.334076 22.527488
3856.823428 22.728198
3857.312780 22.695372
3857.802132 22.671641
3858.291484 22.581959
3858.780836 22.692387
3859.270188 22.675319
3859.759540 22.659978
3860.248892 22.625556
3860.738244 22.699206
3861.227596 22.687792
3861.716948 22.678200
3862.206300 22.684930
3862.695652 22.675933
3863.185004 22.858305
3863.674355 22.876144
3864.163707 22.921759
3864.653059 22.937431
3865.142411 23.135515
3865.631763 23.212239
3866.121115 23.205147
3866.610467 23.193975
3867.099819 23.293709
3867.589171 23.116193
3868.078523 23.017948
3868.567875 23.172212
3869.057227 23.091847
3869.546579 23.039605
3870.035931 23.026365
3870.525283 22.970465
3871.014635 22.890835
3871.503987 22.767515
3871.993339 22.798532
3872.482691 22.702326
3872.972042 22.637622
3873.461394 22.472718
3873.950746 22.350285
3874.440098 22.218614
3874.929450 22.323087
3875.418802 22.156757
3875.908154 22.155651
3876.397506 22.130496
3876.886858 21.937466
3877.376210 21.813549
3877.865562 21.886776
3878.354914 21.919345
3878.844266 21.890029
3879.333618 21.829970
3879.822970 21.798146
3880.312322 21.719057
3880.801674 21.876753
3881.291026 22.121076
3881.780378 22.212373
3882.269729 22.155680
3882.759081 22.224324
3883.248433 22.061348
3883.737785 21.948401
3884.227137 21.974684
3884.716489 22.034273
3885.205841 22.129625
3885.695193 22.160405
3886.184545 22.154242
3886.673897 22.034239
3887.163249 22.077773
3887.652601 22.041485
3888.141953 22.029380
3888.631305 22.018856
3889.120657 22.049388
3889.610009 22.114185
3890.099361 22.111145
3890.588713 22.016549
3891.078065 21.860374
3891.567416 21.854337
3892.056768 21.818317
3892.546120 21.712597
3893.035472 21.771079
3893.524824 21.771428
3894.014176 21.721723
3894.503528 21.680746
3894.992880 21.711053
3895.482232 21.694897
3895.971584 21.635013
3896.460936 21.669066
3896.950288 21.576720
3897.439640 21.518717
3897.928992 21.549963
3898.418344 21.464779
3898.907696 21.555046
3899.397048 21.486567
3899.886400 21.402297
3900.375752 21.307720
3900.865104 21.178076
3901.354455 21.040830
3901.843807 21.027614
3902.333159 21.274019
3902.822511 21.209267
3903.311863 21.367673
3903.801215 21.206711
3904.290567 21.247643
3904.779919 21.300502
3905.269271 21.402528
3905.758623 21.205761
3906.247975 21.168934
3906.737327 21.133193
3907.226679 21.130681
3907.716031 21.013212
3908.205383 21.067407
3908.694735 21.086520
3909.184087 21.078073
3909.673439 21.201372
3910.162791 21.089537
3910.652142 21.018903
3911.141494 20.994787
3911.630846 21.017340
3912.120198 20.989003
3912.609550 21.060053
3913.098902 20.951407
3913.588254 20.874404
3914.077606 20.762111
3914.566958 20.827431
3915.056310 20.969935
3915.545662 20.820368
3916.035014 20.774900
3916.524366 20.827725
3917.013718 20.860759
3917.503070 20.968868
3917.992422 21.079401
3918.481774 20.976584
3918.971126 20.808211
3919.460478 20.751444
3919.949829 20.831809
3920.439181 20.896013
3920.928533 20.674985
3921.417885 20.751589
3921.907237 20.573167
3922.396589 20.454763
3922.885941 20.597447
3923.375293 20.572434
3923.864645 20.522073
3924.353997 20.602982
3924.843349 20.606991
3925.332701 20.603776
3925.822053 20.596907
3926.311405 20.574673
3926.800757 20.657271
3927.290109 20.600335
3927.779461 20.614781
3928.268813 20.666396
3928.758165 20.654964
3929.247517 20.658357
3929.736868 20.639328
3930.226220 20.674189
3930.715572 20.532923
3931.204924 20.556565
3931.694276 20.561481
3932.183628 20.460903
3932.672980 20.442384
3933.162332 20.414098
3933.651684 20.445141
3934.141036 20.345592
3934.630388 20.341464
3935.119740 20.361649
3935.609092 20.140977
3936.098444 20.064183
3936.587796 19.950402
3937.077148 19.921871
3937.566500 19.883944
3938.055852 20.052442
3938.545204 20.064047
3939.034555 20.207778
3939.523907 20.197503
3940.013259 19.917909
3940.502611 19.945211
3940.991963 20.107115
3941.481315 20.188432
3941.970667 20.041177
3942.460019 20.058060
3942.949371 19.970272
3943.438723 19.995474
3943.928075 20.114675
3944.417427 20.230893
3944.906779 20.196381
3945.396131 20.114733
3945.885483 20.096916
3946.374835 20.040523
3946.864187 20.048550
3947.353539 20.079678
3947.842891 20.110305
3948.332242 20.032505
3948.821594 19.992168
3949.310946 19.946241
3949.800298 20.084557
3950.289650 20.196117
3950.779002 19.996115
3951.268354 20.056005
3951.757706 20.177236
3952.247058 20.114748
3952.736410 20.115793
3953.225762 20.198304
3953.715114 20.262335
3954.204466 20.232732
3954.693818 20.294749
3955.183170 20.442358
3955.672522 20.570989
3956.161874 20.488224
3956.651226 20.687062
3957.140578 20.695179
3957.629929 20.627757
3958.119281 20.646909
3958.608633 20.555929
3959.097985 20.809688
3959.587337 20.666476
3960.076689 20.610605
3960.566041 20.665408
3961.055393 20.791650
3961.544745 20.979493
3962.034097 20.982732
3962.523449 20.986398
3963.012801 20.981380
3963.502153 21.068791
3963.991505 20.989512
3964.480857 21.048703
3964.970209 21.051411
3965.459561 20.929521
3965.948913 20.757999
3966.438265 20.914661
3966.927617 21.001796
3967.416968 20.943134
3967.906320 20.932760
3968.395672 20.864240
3968.885024 20.787349
3969.374376 20.848953
3969.863728 20.901822
3970.353080 20.741367
3970.842432 20.597868
3971.331784 20.595107
3971.821136 20.472628
3972.310488 20.413612
3972.799840 20.444420
3973.289192 20.274009
3973.778544 20.178516
3974.267896 20.149976
3974.757248 19.987390
3975.246600 19.939157
3975.735952 19.887736
3976.225304 19.828530
3976.714655 19.830322
3977.204007 19.879130
3977.693359 19.929871
3978.182711 19.908413
3978.672063 19.762325
3979.161415 19.803610
3979.650767 19.703695
3980.140119 19.734697
3980.629471 19.751548
3981.118823 19.713708
3981.608175 19.697509
3982.097527 19.563819
3982.586879 19.533671
3983.076231 19.612083
3983.565583 19.498889
3984.054935 19.440325
3984.544287 19.407438
3985.033639 19.563763
3985.522991 19.302361
3986.012342 19.222180
3986.501694 19.240987
3986.991046 19.293386
3987.480398 19.236048
3987.969750 19.269435
3988.459102 19.376561
3988.948454 19.318883
3989.437806 19.244233
3989.927158 19.153381
3990.416510 18.874117
3990.905862 18.880397
3991.395214 18.950870
3991.884566 18.990169
3992.373918 19.197668
3992.863270 18.960360
3993.352622 18.961395
3993.841974 18.882086
3994.331326 18.738284
3994.820678 18.653570
3995.310029 18.743496
3995.799381 18.751885
3996.288733 18.700918
3996.778085 18.585610
3997.267437 18.598865
3997.756789 18.512948
3998.246141 18.526783
3998.735493 18.441265
3999.224845 18.385645
3999.714197 18.386920
4000.203549 18.325368
4000.692901 18.228677
4001.182253 18.227853
4001.671605 18.145085
4002.160957 18.213306
4002.650309 18.114208
4003.139661 18.108131
4003.629013 18.243583
4004.118365 18.124543
4004.607717 18.063212
4005.097068 18.091520
4005.586420 18.112934
4006.075772 17.896643
4006.565124 18.052462
4007.054476 18.083861
4007.543828 17.998636
4008.033180 18.030723
4008.522532 17.947573
4009.011884 17.846499
4009.501236 17.909493
4009.990588 17.820187
4010.479940 17.898257
4010.969292 17.837280
4011.458644 17.821723
4011.947996 17.765333
4012.437348 17.663378
4012.926700 17.617289
4013.416052 17.643463
4013.905404 17.730612
4014.394755 17.707736
4014.884107 17.704717
4015.373459 17.653100
4015.862811 17.786957
4016.352163 17.815078
4016.841515 17.828669
4017.330867 17.862492
4017.820219 17.661920
4018.309571 17.568223
4018.798923 17.608669
4019.288275 17.569001
4019.777627 17.511068
4020.266979 17.640583
4020.756331 17.616051
4021.245683 17.682168
4021.735035 17.801189
4022.224387 17.950660
4022.713739 17.892666
4023.203091 17.711525
4023.692442 17.641368
4024.181794 17.660951
4024.671146 17.745907
4025.160498 17.787945
4025.649850 17.843797
4026.139202 17.842909
4026.628554 17.671335
4027.117906 17.575074
4027.607258 17.567866
4028.096610 17.659243
4028.585962 17.758237
4029.075314 17.699868
4029.564666 17.653798
4030.054018 17.435277
4030.543370 17.438133
4031.032722 17.472639
4031.522074 17.618399
4032.011426 17.532209
4032.500778 17.549740
4032.990130 17.588850
4033.479481 17.385174
4033.968833 17.360626
4034.458185 17.364524
4034.947537 17.181502
4035.436889 17.387578
4035.926241 17.403192
4036.415593 17.392354
4036.904945 17.382319
4037.394297 17.187668
4037.883649 17.156032
4038.373001 17.352708
4038.862353 17.383376
4039.351705 17.365277
4039.841057 17.447298
4040.330409 17.291775
4040.819761 17.301921
4041.309113 17.438574
4041.798465 17.430593
4042.287817 17.373919
4042.777168 17.419756
4043.266520 17.328587
4043.755872 17.359146
4044.245224 17.383087
4044.734576 17.498349
4045.223928 17.442469
4045.713280 17.340869
4046.202632 17.277561
4046.691984 17.319223
4047.181336 17.223389
4047.670688 17.226033
4048.160040 17.175725
4048.649392 17.277773
4049.138744 17.233885
4049.628096 17.186752
4050.117448 17.242435
4050.606800 17.104518
4051.096152 17.290281
4051.585504 17.301155
4052.074855 17.269635
4052.564207 17.280826
4053.053559 17.229348
4053.542911 17.254780
4054.032263 17.437231
4054.521615 17.352269
4055.010967 17.376053
4055.500319 17.399226
4055.989671 17.536712
4056.479023 17.492966
4056.968375 17.457717
4057.457727 17.328123
4057.947079 17.432389
4058.436431 17.467146
4058.925783 17.524053
4059.415135 17.572706
4059.904487 17.536809
4060.393839 17.457483
4060.883191 17.356270
4061.372542 17.390837
4061.861894 17.368608
4062.351246 17.462429
4062.840598 17.510849
4063.329950 17.578095
4063.819302 17.646544
4064.308654 17.619985
4064.798006 17.609052
4065.287358 17.629635
4065.776710 17.715336
4066.266062 17.839859
4066.755414 17.788910
4067.244766 17.628400
4067.734118 17.718050
4068.223470 17.844021
4068.712822 17.933238
4069.202174 17.835658
4069.691526 17.854534
4070.180878 17.813016
4070.670230 17.794147
4071.159581 17.685785
4071.648933 17.794938
4072.138285 17.808115
4072.627637 17.725641
4073.116989 17.817612
4073.606341 17.693719
4074.095693 17.661734
4074.585045 17.759134
4075.074397 17.797929
4075.563749 17.915302
4076.053101 17.857856
4076.542453 17.957292
4077.031805 17.945327
4077.521157 17.654392
4078.010509 17.554745
4078.499861 17.717577
4078.989213 17.875695
4079.478565 18.160053
4079.967917 18.055434
4080.457268 18.023145
4080.946620 18.089114
4081.435972 17.929939
4081.925324 18.044342
4082.414676 18.132437
4082.904028 18.067987
4083.393380 18.071659
4083.882732 18.054719
4084.372084 18.134347
4084.861436 18.409185
4085.350788 18.554257
4085.840140 18.695047
4086.329492 18.623749
4086.818844 18.733775
4087.308196 18.650897
4087.797548 18.583007
4088.286900 18.587574
4088.776252 18.647037
4089.265604 18.780256
4089.754955 18.844130
4090.244307 18.850129
4090.733659 18.933912
4091.223011 18.984710
4091.712363 19.008183
4092.201715 19.036314
4092.691067 19.027093
4093.180419 19.196856
4093.669771 19.200825
4094.159123 19.370159
4094.648475 19.370081
4095.137827 19.551398
4095.627179 19.724809
4096.116531 19.903166
4096.605883 20.042239
4097.095235 19.972568
4097.584587 20.107527
4098.073939 19.946109
4098.563291 19.707166
4099.052642 19.563786
4099.541994 19.604199
4100.031346 19.743728
4100.520698 20.047667
4101.010050 20.112676
4101.499402 20.224458
4101.988754 20.092808
4102.478106 20.079908
4102.967458 19.992650
4103.456810 19.977857
4103.946162 19.995451
4104.435514 20.081368
4104.924866 19.892895
4105.414218 19.854768
4105.903570 19.959640
4106.392922 20.017499
4106.882274 20.025984
4107.371626 20.073832
4107.860978 19.750951
4108.350330 19.671128
4108.839681 19.624329
4109.329033 19.686923
4109.818385 19.767234
4110.307737 19.734770
4110.797089 19.494882
4111.286441 19.556484
4111.775793 19.642741
4112.265145 19.635064
4112.754497 19.572365
4113.243849 19.679045
4113.733201 19.575430
4114.222553 19.438674
4114.711905 19.352565
4115.201257 19.383374
4115.690609 19.282210
4116.179961 19.256669
4116.669313 19.245677
4117.158665 19.250722
4117.648017 19.329816
4118.137368 19.286828
4118.626720 19.357832
4119.116072 19.332544
4119.605424 19.327854
4120.094776 19.227619
4120.584128 19.210546
4121.073480 19.272727
4121.562832 19.212011
4122.052184 19.160149
4122.541536 19.082811
4123.030888 19.088710
4123.520240 18.932879
4124.009592 18.706906
4124.498944 18.859057
4124.988296 18.829931
4125.477648 18.751553
4125.967000 19.051684
4126.456352 18.659775
4126.945704 18.617721
4127.435055 18.566489
4127.924407 18.554514
4128.413759 18.485787
4128.903111 18.465296
4129.392463 18.332491
4129.881815 18.269921
4130.371167 18.417150
4130.860519 18.375482
4131.349871 18.447231
4131.839223 18.399445
4132.328575 18.171612
4132.817927 18.058653
4133.307279 17.982842
4133.796631 17.870930
4134.285983 17.903655
4134.775335 17.856537
4135.264687 17.800623
4135.754039 17.810061
4136.243391 17.878067
4136.732742 17.810968
4137.222094 17.678170
4137.711446 17.698217
4138.200798 17.591659
4138.690150 17.694830
4139.179502 17.712322
4139.668854 17.620725
4140.158206 17.609951
4140.647558 17.627794
4141.136910 17.486177
4141.626262 17.487986
4142.115614 17.402490
4142.604966 17.363671
4143.094318 17.230277
4143.583670 17.290171
4144.073022 17.368259
4144.562374 17.286210
4145.051726 17.147408
4145.541078 17.126404
4146.030430 17.114635
4146.519781 17.167099
4147.009133 17.181448
4147.498485 17.135566
4147.987837 17.078483
4148.477189 16.844068
4148.966541 16.736291
4149.455893 16.875292
4149.945245 16.910019
4150.434597 16.757263
4150.923949 16.776843
4151.413301 16.820986
4151.902653 16.777284
4152.392005 16.796462
4152.881357 16.748391
4153.370709 16.700389
4153.860061 16.722475
4154.349413 16.693500
4154.838765 16.694433
4155.328117 16.763323
4155.817468 16.708408
4156.306820 16.703369
4156.796172 16.711632
4157.285524 16.768357
4157.774876 16.670931
4158.264228 16.502280
4158.753580 16.591831
4159.242932 16.660172
4159.732284 16.804568
4160.221636 16.871665
4160.710988 16.865526
4161.200340 16.832353
4161.689692 16.894759
4162.179044 16.846368
4162.668396 16.810187
4163.157748 16.788165
4163.647100 16.855594
4164.136452 16.917954
4164.625804 17.160568
4165.115155 17.162126
4165.604507 17.049353
4166.093859 16.989336
4166.583211 17.051476
4167.072563 17.097451
4167.561915 17.181386
4168.051267 17.292751
4168.540619 17.356389
4169.029971 17.170840
4169.519323 17.256704
4170.008675 17.322208
4170.498027 17.314029
4170.987379 17.305559
4171.476731 17.428382
4171.966083 17.312363
4172.455435 17.456691
4172.944787 17.470895
4173.434139 17.369602
4173.923491 17.317743
4174.412843 17.300663
4174.902194 17.314134
4175.391546 17.429027
4175.880898 17.459601
4176.370250 17.437348
4176.859602 17.437247
4177.348954 17.397070
4177.838306 17.383627
4178.327658 17.344438
4178.817010 17.367969
4179.306362 17.322716
4179.795714 17.270204
4180.285066 17.136113
4180.774418 17.159310
4181.263770 17.116169
4181.753122 17.079638
4182.242474 17.019306
4182.731826 17.004251
4183.221178 17.032808
4183.710530 17.133020
4184.199881 17.241911
4184.689233 17.177854
4185.178585 17.107175
4185.667937 17.075906
4186.157289 16.941050
4186.646641 16.937344
4187.135993 16.863533
4187.625345 16.873556
4188.114697 16.865135
4188.604049 16.818553
4189.093401 16.763950
4189.582753 16.772770
4190.072105 16.669596
4190.561457 16.620801
4191.050809 16.636584
4191.540161 16.593205
4192.029513 16.558722
4192.518865 16.679797
4193.008217 16.628298
4193.497568 16.533398
4193.986920 16.416654
4194.476272 16.345004
4194.965624 16.339467
4195.454976 16.513161
4195.944328 16.586770
4196.433680 16.454093
4196.923032 16.249658
4197.412384 16.262967
4197.901736 16.207153
4198.391088 16.176109
4198.880440 16.136876
4199.369792 16.233601
4199.859144 16.373715
4200.348496 16.377850
4200.837848 16.264279
4201.327200 16.062426
4201.816552 15.948823
4202.305904 16.012320
4202.795255 16.029202
4203.284607 16.080009
4203.773959 15.954610
4204.263311 15.805854
4204.752663 15.713143
4205.242015 15.768132
4205.731367 15.829811
4206.220719 15.769562
4206.710071 15.797033
4207.199423 15.781677
4207.688775 15.765449
4208.178127 15.812833
4208.667479 15.748293
4209.156831 15.722657
4209.646183 15.713597
4210.135535 15.798998
4210.624887 15.800760
4211.114239 15.804202
4211.603591 15.852233
4212.092943 15.683582
4212.582294 15.783971
4213.071646 15.807715
4213.560998 15.945881
4214.050350 15.814640
4214.539702 15.763798
4215.029054 15.855283
4215.518406 15.915377
4216.007758 15.899653
4216.497110 15.868899
4216.986462 15.825806
4217.475814 15.861317
4217.965166 15.998515
4218.454518 15.965174
4218.943870 15.963787
4219.433222 15.979701
4219.922574 16.024731
4220.411926 16.121479
4220.901278 16.094892
4221.390630 16.145918
4221.879981 16.201125
4222.369333 16.246306
4222.858685 16.277122
4223.348037 16.340516
4223.837389 16.454772
4224.326741 16.517777
4224.816093 16.639779
4225.305445 16.737674
4225.794797 16.772159
4226.284149 16.729324
4226.773501 16.729992
4227.262853 16.733689
4227.752205 16.710269
4228.241557 16.809363
4228.730909 16.794772
4229.220261 16.733853
4229.709613 16.678455
4230.198965 16.745892
4230.688317 16.773749
4231.177668 16.735475
4231.667020 16.814748
4232.156372 16.890890
4232.645724 16.723724
4233.135076 16.761845
4233.624428 16.839056
4234.113780 16.887600
4234.603132 16.862935
4235.092484 16.783284
4235.581836 16.853052
4236.071188 16.910007
4236.560540 17.000984
4237.049892 17.003557
4237.539244 16.943419
4238.028596 16.885122
4238.517948 16.917168
4239.007300 16.946998
4239.496652 16.958404
4239.986004 16.823019
4240.475355 16.852807
4240.964707 16.986416
4241.454059 16.845351
4241.943411 16.941761
4242.432763 16.971774
4242.922115 16.876800
4243.411467 16.781511
4243.900819 16.781010
4244.390171 16.819259
4244.879523 16.803365
4245.368875 16.919252
4245.858227 16.832009
4246.347579 16.856352
4246.836931 16.891324
4247.326283 16.731433
4247.815635 16.754697
4248.304987 16.791102
4248.794339 16.757363
4249.283691 16.720223
4249.773043 16.848517
4250.262394 16.913432
4250.751746 16.844316
4251.241098 16.851171
4251.730450 16.863501
4252.219802 16.833390
4252.709154 16.820243
4253.198506 16.690070
4253.687858 16.678961
4254.177210 16.705337
4254.666562 16.596536
4255.155914 16.616763
4255.645266 16.545051
4256.134618 16.554672
4256.623970 16.601905
4257.113322 16.617621
4257.602674 16.525012
4258.092026 16.558693
4258.581378 16.580585
4259.070730 16.444328
4259.560081 16.431336
4260.049433 16.337418
4260.538785 16.363912
4261.028137 16.445446
4261.517489 16.472534
4262.006841 16.483995
4262.496193 16.439891
4262.985545 16.277573
4263.474897 16.307873
4263.964249 16.242366
4264.453601 16.221384
4264.942953 16.283112
4265.432305 16.252120
4265.921657 16.252707
4266.411009 16.268868
4266.900361 16.265074
4267.389713 16.305600
4267.879065 16.330420
4268.368417 16.379738
4268.857768 16.342977
4269.347120 16.303149
4269.836472 16.319680
4270.325824 16.314976
4270.815176 16.544410
4271.304528 16.464782
4271.793880 16.514714
4272.283232 16.455712
4272.772584 16.500834
4273.261936 16.578642
4273.751288 16.537081
4274.240640 16.508526
4274.729992 16.416911
4275.219344 16.388129
4275.708696 16.354936
4276.198048 16.388241
4276.687400 16.458377
4277.176752 16.446496
4277.666104 16.453042
4278.155455 16.347529
4278.644807 16.490156
4279.134159 16.592062
4279.623511 16.636371
4280.112863 16.574336
4280.602215 16.536079
4281.091567 16.588988
4281.580919 16.723200
4282.070271 16.712746
4282.559623 16.772952
4283.048975 16.768032
4283.538327 16.833282
4284.027679 16.826207
4284.517031 16.872870
4285.006383 16.957011
4285.495735 17.049159
4285.985087 16.911969
4286.474439 16.844923
4286.963791 16.933800
4287.453143 17.079930
4287.942494 17.032789
4288.431846 16.953091
4288.921198 17.002714
4289.410550 17.075986
4289.899902 17.224275
4290.389254 17.309796
4290.878606 17.378445
4291.367958 17.231025
4291.857310 17.249968
4292.346662 17.198244
4292.836014 17.308254
4293.325366 17.311040
4293.814718 17.325100
4294.304070 17.431325
4294.793422 17.418753
4295.282774 17.555422
4295.772126 17.524244
4296.261478 17.578349
4296.750830 17.600225
4297.240181 17.737000
4297.729533 17.763824
4298.218885 17.749602
4298.708237 17.866008
4299.197589 17.687804
4299.686941 17.725273
4300.176293 17.690812
4300.665645 17.524222
4301.154997 17.627727
4301.644349 17.738721
4302.133701 17.832538
4302.623053 17.911256
4303.112405 17.944160
4303.601757 17.960146
4304.091109 17.970588
4304.580461 17.920742
4305.069813 17.847007
4305.559165 17.788389
4306.048517 17.902371
4306.537868 17.918072
4307.027220 17.999978
4307.516572 17.950476
4308.005924 18.032067
4308.495276 18.209981
4308.984628 18.128381
4309.473980 18.111747
4309.963332 18.094506
4310.452684 18.035718
4310.942036 18.120091
4311.431388 18.084779
4311.920740 18.104221
4312.410092 18.137005
4312.899444 18.213008
4313.388796 18.049924
4313.878148 18.110071
4314.367500 18.080450
4314.856852 18.236402
4315.346204 18.408311
4315.835556 18.516470
4316.324907 18.495051
4316.814259 18.411327
4317.303611 18.331264
4317.792963 18.424374
4318.282315 18.446849
4318.771667 18.665167
4319.261019 18.873133
4319.750371 19.155518
4320.239723 19.118736
4320.729075 19.217902
4321.218427 19.370393
4321.707779 19.325889
4322.197131 19.199470
4322.686483 19.417849
4323.175835 19.426142
4323.665187 19.606890
4324.154539 19.808703
4324.643891 19.857718
4325.133243 19.666967
4325.622594 19.566803
4326.111946 19.623995
4326.601298 19.583099
4327.090650 19.761973
4327.580002 19.959220
4328.069354 20.108457
4328.558706 20.198256
4329.048058 20.330563
4329.537410 20.341594
4330.026762 20.254138
4330.516114 20.254466
4331.005466 20.396595
4331.494818 20.477844
4331.984170 20.575833
4332.473522 20.767920
4332.962874 20.838901
4333.452226 21.016708
4333.941578 21.205510
4334.430930 21.273164
4334.920281 21.399260
4335.409633 21.361268
4335.898985 21.599281
4336.388337 21.599813
4336.877689 21.751453
4337.367041 21.669819
4337.856393 21.848075
4338.345745 21.981089
4338.835097 21.895871
4339.324449 22.028728
4339.813801 21.982588
4340.303153 21.888597
4340.792505 21.969065
4341.281857 22.093710
4341.771209 22.258056
4342.260561 22.515765
4342.749913 22.726036
4343.239265 22.680082
4343.728617 22.332547
4344.217968 22.157482
4344.707320 22.096163
4345.196672 22.033956
4345.686024 22.013288
4346.175376 22.083185
4346.664728 22.118218
4347.154080 22.168650
4347.643432 22.175582
4348.132784 22.342966
4348.622136 22.134363
4349.111488 21.867885
4349.600840 21.772109
4350.090192 21.802905
4350.579544 21.841422
4351.068896 21.773731
4351.558248 21.754438
4352.047600 21.751120
4352.536952 21.645572
4353.026304 21.779161
4353.515656 21.666758
4354.005007 21.552466
4354.494359 21.533133
4354.983711 21.440556
4355.473063 21.378291
4355.962415 21.382897
4356.451767 21.370837
4356.941119 21.384474
4357.430471 21.380555
4357.919823 21.348099
4358.409175 21.130923
4358.898527 21.246476
4359.387879 21.241992
4359.877231 21.219046
4360.366583 21.105634
4360.855935 20.972701
4361.345287 20.916167
4361.834639 20.848617
4362.323991 20.674504
4362.813343 20.633422
4363.302694 20.554028
4363.792046 20.654062
4364.281398 20.521669
4364.770750 20.399111
4365.260102 20.283768
4365.749454 20.430112
4366.238806 20.512373
4366.728158 20.281281
4367.217510 20.184977
4367.706862 20.054166
4368.196214 19.807474
4368.685566 19.653653
4369.174918 19.796389
4369.664270 19.628476
4370.153622 19.453264
4370.642974 19.335367
4371.132326 19.287404
4371.621678 19.166989
4372.111030 19.247347
4372.600381 19.119439
4373.089733 19.041578
4373.579085 19.046608
4374.068437 19.080350
4374.557789 19.173995
4375.047141 19.015652
4375.536493 18.740869
4376.025845 18.642706
4376.515197 18.482378
4377.004549 18.517456
4377.493901 18.419053
4377.983253 18.402418
4378.472605 18.279618
4378.961957 18.115410
4379.451309 18.093560
4379.940661 18.244331
4380.430013 18.359035
4380.919365 18.322815
4381.408717 18.533444
4381.898068 18.308916
4382.387420 18.093390
4382.876772 17.918039
4383.366124 17.872078
4383.855476 17.889917
4384.344828 17.872118
4384.834180 17.839347
4385.323532 17.807938
4385.812884 17.763329
4386.302236 17.658488
4386.791588 17.544419
4387.280940 17.526411
4387.770292 17.505764
4388.259644 17.503317
4388.748996 17.398855
4389.238348 17.171653
4389.727700 17.203420
4390.217052 17.148757
4390.706404 17.247743
4391.195756 17.170704
4391.685107 17.217542
4392.174459 17.298226
4392.663811 17.196402
4393.153163 17.078724
4393.642515 17.020752
4394.131867 17.045416
4394.621219 17.046319
4395.110571 16.888202
4395.599923 16.861013
4396.089275 16.779497
4396.578627 16.641278
4397.067979 16.649648
4397.557331 16.974313
4398.046683 17.015699
4398.536035 17.064624
4399.025387 16.999641
4399.514739 16.781687
4400.004091 16.640723
4400.493443 16.676570
4400.982794 16.707784
4401.472146 16.767580
4401.961498 16.753155
4402.450850 16.782687
4402.940202 16.760924
4403.429554 16.707942
4403.918906 16.761232
4404.408258 16.751705
4404.897610 16.643127
4405.386962 16.638591
4405.876314 16.571569
4406.365666 16.587634
4406.855018 16.597707
4407.344370 16.536266
4407.833722 16.545235
4408.323074 16.486256
4408.812426 16.468920
4409.301778 16.408954
4409.791130 16.484736
4410.280481 16.385425
4410.769833 16.410324
4411.259185 16.404650
4411.748537 16.425549
4412.237889 16.498274
4412.727241 16.487432
4413.216593 16.411631
4413.705945 16.377987
4414.195297 16.347740
4414.684649 16.261509
4415.174001 16.157451
4415.663353 16.048964
4416.152705 16.088511
4416.642057 16.079884
4417.131409 16.167891
4417.620761 16.106486
4418.110113 16.287921
4418.599465 16.239890
4419.088817 16.167673
4419.578169 16.208189
4420.067520 16.009259
4420.556872 15.953925
4421.046224 15.925551
4421.535576 15.763437
4422.024928 15.811475
4422.514280 15.868577
4423.003632 15.792308
4423.492984 15.761964
4423.982336 15.694100
4424.471688 15.727586
4424.961040 15.750616
4425.450392 15.725575
4425.939744 15.794126
4426.429096 15.781693
4426.918448 15.681397
4427.407800 15.577706
4427.897152 15.504249
4428.386504 15.474845
4428.875856 15.547196
4429.365207 15.558155
4429.854559 15.578471
4430.343911 15.475030
4430.833263 15.479031
4431.322615 15.545281
4431.811967 15.350493
4432.301319 15.296350
4432.790671 15.286495
4433.280023 15.474608
4433.769375 15.566235
4434.258727 15.559901
4434.748079 15.515179
4435.237431 15.415810
4435.726783 15.435764
4436.216135 15.331775
4436.705487 15.335883
4437.194839 15.215407
4437.684191 15.234533
4438.173543 15.260694
4438.662894 15.204717
4439.152246 15.262302
4439.641598 15.357322
4440.130950 15.286910
4440.620302 15.234501
4441.109654 15.250722
4441.599006 15.193379
4442.088358 15.156949
4442.577710 15.139880
4443.067062 15.186546
4443.556414 15.180799
4444.045766 15.146338
4444.535118 15.218595
4445.024470 15.313588
4445.513822 15.426838
4446.003174 15.317976
4446.492526 15.199374
4446.981878 15.157925
4447.471230 15.103168
4447.960581 15.062926
4448.449933 15.071692
4448.939285 15.056593
4449.428637 15.074842
4449.917989 15.141107
4450.407341 15.145398
4450.896693 15.243504
4451.386045 15.181272
4451.875397 15.233652
4452.364749 15.273466
4452.854101 15.237650
4453.343453 15.279974
4453.832805 15.246081
4454.322157 15.311407
4454.811509 15.335821
4455.300861 15.292944
4455.790213 15.371298
4456.279565 15.296814
4456.768917 15.275116
4457.258269 15.269106
4457.747620 15.240416
4458.236972 15.207351
4458.726324 15.317962
4459.215676 15.352484
4459.705028 15.384796
4460.194380 15.311640
4460.683732 15.495390
4461.173084 15.376637
4461.662436 15.353353
4462.151788 15.299621
4462.641140 15.404301
4463.130492 15.429342
4463.619844 15.480983
4464.109196 15.385645
4464.598548 15.399724
4465.087900 15.415210
4465.577252 15.449461
4466.066604 15.558652
4466.555956 15.462134
4467.045307 15.452538
4467.534659 15.371650
4468.024011 15.360938
4468.513363 15.433213
4469.002715 15.530092
4469.492067 15.536506
4469.981419 15.616901
4470.470771 15.614067
4470.960123 15.584212
4471.449475 15.674405
4471.938827 15.827434
4472.428179 15.869877
4472.917531 15.829786
4473.406883 15.802053
4473.896235 15.764937
4474.385587 15.741924
4474.874939 15.803152
4475.364291 15.906289
4475.853643 15.890705
4476.342994 15.813554
4476.832346 15.926948
4477.321698 16.019957
4477.811050 15.962034
4478.300402 15.837293
4478.789754 15.866864
4479.279106 15.859085
4479.768458 15.863184
4480.257810 16.022502
4480.747162 15.972341
4481.236514 16.084534
4481.725866 16.100776
4482.215218 16.220875
4482.704570 16.195695
4483.193922 16.225206
4483.683274 16.170147
4484.172626 16.230723
4484.661978 16.266262
4485.151330 16.231019
4485.640681 16.272365
4486.130033 16.234578
4486.619385 16.129265
4487.108737 16.147941
4487.598089 16.144220
4488.087441 16.299507
4488.576793 16.317404
4489.066145 16.286296
4489.555497 16.376721
4490.044849 16.491204
4490.534201 16.714174
4491.023553 16.720844
4491.512905 16.481107
4492.002257 16.357008
4492.491609 16.341543
4492.980961 16.321132
4493.470313 16.461858
4493.959665 16.537433
4494.449017 16.622105
4494.938369 16.583821
4495.427720 16.503243
4495.917072 16.509099
4496.406424 16.529734
4496.895776 16.574657
4497.385128 16.627034
4497.874480 16.641836
4498.363832 16.613096
4498.853184 16.730327
4499.342536 16.796253
4499.831888 16.764105
4500.321240 16.857716
4500.810592 16.900569
4501.299944 16.823794
4501.789296 16.786005
4502.278648 16.792273
4502.768000 16.946400
4503.257352 17.044025
4503.746704 17.123902
4504.236056 17.139690
4504.725407 17.139338
4505.214759 17.104643
4505.704111 17.154816
4506.193463 17.285369
4506.682815 17.326699
4507.172167 17.387327
4507.661519 17.418299
4508.150871 17.420037
4508.640223 17.320397
4509.129575 17.483569
4509.618927 17.598892
4510.108279 17.661534
4510.597631 17.661248
4511.086983 17.715956
4511.576335 17.626843
4512.065687 17.666620
4512.555039 17.559261
4513.044391 17.586322
4513.533743 17.736644
4514.023094 17.852831
4514.512446 17.826581
4515.001798 17.847334
4515.491150 17.818461
4515.980502 17.818613
4516.469854 17.810989
4516.959206 17.729978
4517.448558 17.712128
4517.937910 17.833258
4518.427262 17.882246
4518.916614 17.936790
4519.405966 17.885067
4519.895318 17.779544
4520.384670 17.749972
4520.874022 17.519124
4521.363374 17.652279
4521.852726 17.607472
4522.342078 17.712620
4522.831430 17.658730
4523.320781 17.674555
4523.810133 17.681805
4524.299485 17.683262
4524.788837 17.655729
4525.278189 17.554152
4525.767541 17.590326
4526.256893 17.656544
4526.746245 17.692092
4527.235597 17.742992
4527.724949 17.680721
4528.214301 17.670287
4528.703653 17.507472
4529.193005 17.330817
4529.682357 17.439027
4530.171709 17.450546
4530.661061 17.633574
4531.150413 17.700876
4531.639765 17.675851
4532.129117 17.608122
4532.618469 17.447119
4533.107820 17.266203
4533.597172 17.286124
4534.086524 17.679509
4534.575876 17.922855
4535.065228 18.009352
4535.554580 18.017046
4536.043932 17.763525
4536.533284 17.410998
4537.022636 17.414812
4537.511988 17.033835
4538.001340 17.295079
4538.490692 17.496488
4538.980044 17.658294
4539.469396 17.794729
4539.958748 17.820412
4540.448100 17.820483
4540.937452 17.733046
4541.426804 17.732017
4541.916156 17.570508
4542.405507 17.611669
4542.894859 17.680812
4543.384211 17.488388
4543.873563 17.428819
4544.362915 17.512232
4544.852267 17.264498
4545.341619 17.652132
4545.830971 17.891692
4546.320323 18.082694
4546.809675 18.261187
4547.299027 18.151888
4547.788379 17.976015
4548.277731 17.843697
4548.767083 17.618464
4549.256435 17.701161
4549.745787 17.634935
4550.235139 17.699876
4550.724491 17.657445
4551.213843 17.739656
4551.703194 17.711051
4552.192546 17.899788
4552.681898 18.027786
4553.171250 17.992933
4553.660602 17.811349
4554.149954 17.461721
4554.639306 17.532527
4555.128658 17.604397
4555.618010 17.662857
4556.107362 17.663197
4556.596714 17.672040
4557.086066 17.573546
4557.575418 17.479549
4558.064770 17.629981
4558.554122 17.926443
4559.043474 17.653950
4559.532826 17.328802
4560.022178 17.396719
4560.511530 17.525052
4561.000882 17.686332
4561.490233 17.685733
4561.979585 17.608884
4562.468937 17.312250
4562.958289 17.391062
4563.447641 17.728165
4563.936993 17.964701
4564.426345 17.796149
4564.915697 17.489025
4565.405049 17.512219
4565.894401 17.476451
4566.383753 17.753550
4566.873105 18.059702
4567.362457 17.889948
4567.851809 17.287523
4568.341161 17.342497
4568.830513 17.368242
4569.319865 17.523434
4569.809217 17.842337
4570.298569 17.846242
4570.787920 17.578859
4571.277272 17.398848
4571.766624 17.563108
4572.255976 17.768751
4572.745328 17.982364
4573.234680 18.089005
4573.724032 18.110582
4574.213384 17.753386
4574.702736 17.814345
4575.192088 17.649181
4575.681440 17.729222
4576.170792 17.846039
4576.660144 17.786275
4577.149496 17.667092
4577.638848 17.775925
4578.128200 17.719010
4578.617552 17.627444
4579.106904 17.735533
4579.596256 17.802540
4580.085607 17.927915
4580.574959 17.841252
4581.064311 17.794270
4581.553663 17.696540
4582.043015 17.524240
4582.532367 17.577088
4583.021719 17.650028
4583.511071 17.720781
4584.000423 17.719878
4584.489775 17.496330
4584.979127 17.433428
4585.468479 17.338899
4585.957831 17.190783
4586.447183 17.173336
4586.936535 17.200410
4587.425887 17.304968
4587.915239 17.373459
4588.404591 17.342908
4588.893943 17.122930
4589.383294 17.103048
4589.872646 17.084153
4590.361998 17.051140
4590.851350 17.117842
4591.340702 17.082114
4591.830054 17.015626
4592.319406 16.944437
4592.808758 16.891732
4593.298110 16.890955
4593.787462 16.852194
4594.276814 16.802528
4594.766166 16.826827
4595.255518 16.738128
4595.744870 16.741054
4596.234222 16.755536
4596.723574 16.764935
4597.212926 16.673383
4597.702278 16.573683
4598.191630 16.556702
4598.680982 16.444849
4599.170333 16.548857
4599.659685 16.417942
4600.149037 16.284360
4600.638389 16.026251
4601.127741 16.106993
4601.617093 16.372947
4602.106445 16.557608
4602.595797 16.687665
4603.085149 16.692664
4603.574501 16.653674
4604.063853 16.386916
4604.553205 16.054366
4605.042557 16.033846
4605.531909 16.553382
4606.021261 16.648232
4606.510613 16.490625
4606.999965 16.261738
4607.489317 16.072746
4607.978669 16.056790
4608.468020 15.984748
4608.957372 15.891558
4609.446724 15.957981
4609.936076 16.154207
4610.425428 16.252229
4610.914780 16.260409
4611.404132 16.199533
4611.893484 16.140697
4612.382836 16.031821
4612.872188 15.972438
4613.361540 15.974074
4613.850892 16.042727
4614.340244 16.134188
4614.829596 16.189498
4615.318948 16.249745
4615.808300 16.167765
4616.297652 16.237722
4616.787004 16.231072
4617.276356 16.166218
4617.765707 16.126294
4618.255059 16.154110
4618.744411 16.068613
4619.233763 16.191094
4619.723115 16.240701
4620.212467 16.209930
4620.701819 16.099286
4621.191171 16.094722
4621.680523 16.121596
4622.169875 16.147014
4622.659227 15.981994
4623.148579 15.874696
4623.637931 15.838130
4624.127283 15.716266
4624.616635 16.248401
4625.105987 16.861449
4625.595339 16.971153
4626.084691 17.150324
4626.574043 16.642409
4627.063394 16.180812
4627.552746 15.896181
4628.042098 15.718726
4628.531450 15.735723
4629.020802 15.946380
4629.510154 16.019472
4629.999506 16.116099
4630.488858 16.145374
4630.978210 16.339101
4631.467562 16.319260
4631.956914 16.248130
4632.446266 16.035031
4632.935618 16.018603
4633.424970 15.941521
4633.914322 15.870652
4634.403674 15.970109
4634.893026 15.930958
4635.382378 15.844337
4635.871730 15.826767
4636.361082 15.916650
4636.850433 15.938293
4637.339785 15.990937
4637.829137 15.947907
4638.318489 16.000094
4638.807841 16.107158
4639.297193 16.133979
4639.786545 15.915963
4640.275897 15.776553
4640.765249 15.694120
4641.254601 15.732478
4641.743953 15.740877
4642.233305 15.776604
4642.722657 15.702499
4643.212009 15.710440
4643.701361 15.628288
4644.190713 15.533457
4644.680065 15.457826
4645.169417 15.415360
4645.658769 15.296713
4646.148120 15.303115
4646.637472 15.378638
4647.126824 15.366833
4647.616176 15.356596
4648.105528 15.290608
4648.594880 15.401931
4649.084232 15.199007
4649.573584 15.251617
4650.062936 15.212752
4650.552288 15.359127
4651.041640 15.472115
4651.530992 15.614030
4652.020344 15.686788
4652.509696 15.585783
4652.999048 15.199076
4653.488400 15.101967
4653.977752 14.935897
4654.467104 15.053061
4654.956456 15.199953
4655.445807 15.210321
4655.935159 15.152356
4656.424511 15.011493
4656.913863 14.977091
4657.403215 14.847871
4657.892567 14.920390
4658.381919 15.063039
4658.871271 15.099451
4659.360623 14.995886
4659.849975 15.086139
4660.339327 15.084082
4660.828679 15.073094
4661.318031 14.974656
4661.807383 14.840028
4662.296735 14.905049
4662.786087 14.957231
4663.275439 14.894925
4663.764791 14.858475
4664.254143 14.815242
4664.743494 14.802385
4665.232846 14.606635
4665.722198 14.364292
4666.211550 14.511868
4666.700902 14.635144
4667.190254 14.915192
4667.679606 15.127843
4668.168958 15.112647
4668.658310 15.230779
4669.147662 15.007164
4669.637014 14.619491
4670.126366 14.241462
4670.615718 14.355262
4671.105070 14.532613
4671.594422 14.499310
4672.083774 14.421223
4672.573126 14.379754
4673.062478 14.354796
4673.551830 14.389655
4674.041182 14.417238
4674.530533 14.404415
4675.019885 14.510533
4675.509237 14.508673
4675.998589 14.406899
4676.487941 14.362645
4676.977293 14.257868
4677.466645 14.198649
4677.955997 14.195218
4678.445349 14.154285
4678.934701 14.310643
4679.424053 14.467664
4679.913405 14.499869
4680.402757 14.431546
4680.892109 14.328941
4681.381461 14.270059
4681.870813 14.081103
4682.360165 14.104794
4682.849517 14.128397
4683.338869 14.185455
4683.828220 14.240491
4684.317572 14.053600
4684.806924 13.850096
4685.296276 13.704204
4685.785628 13.971531
4686.274980 14.243820
4686.764332 14.467970
4687.253684 14.594066
4687.743036 14.385374
4688.232388 14.054526
4688.721740 14.019372
4689.211092 13.789883
4689.700444 13.685977
4690.189796 13.808392
4690.679148 14.063591
4691.168500 14.135557
4691.657852 14.182794
4692.147204 14.040995
4692.636556 13.859299
4693.125907 13.780290
4693.615259 13.681214
4694.104611 13.595500
4694.593963 13.601680
4695.083315 13.598234
4695.572667 13.708282
4696.062019 13.738834
4696.551371 13.845592
4697.040723 13.754644
4697.530075 13.738317
4698.019427 13.557750
4698.508779 13.567013
4698.998131 13.615730
4699.487483 13.349624
4699.976835 13.357090
4700.466187 13.376465
4700.955539 13.479032
4701.444891 13.595049
4701.934243 13.524409
4702.423595 13.429598
4702.912946 13.582795
4703.402298 13.624443
4703.891650 13.614642
4704.381002 13.525756
4704.870354 13.445675
4705.359706 13.467021
4705.849058 13.370169
4706.338410 13.158664
4706.827762 12.917662
4707.317114 13.122847
4707.806466 13.322411
4708.295818 13.562610
4708.785170 13.854279
4709.274522 13.804035
4709.763874 13.450869
4710.253226 13.336532
4710.742578 13.261809
4711.231930 13.065150
4711.721282 13.242337
4712.210633 13.395784
4712.699985 13.450084
4713.189337 13.357133
4713.678689 13.301297
4714.168041 13.219536
4714.657393 13.237591
4715.146745 13.326896
4715.636097 13.302021
4716.125449 13.291297
4716.614801 13.290907
4717.104153 13.360610
4717.593505 13.375930
4718.082857 13.427947
4718.572209 13.357333
4719.061561 13.307937
4719.550913 13.276307
4720.040265 13.162679
4720.529617 12.870749
4721.018969 12.841773
4721.508320 12.990675
4721.997672 13.185614
4722.487024 13.665994
4722.976376 14.331625
4723.465728 14.209033
4723.955080 14.053472
4724.444432 13.652817
4724.933784 13.267197
4725.423136 13.109475
4725.912488 13.206150
4726.401840 13.178342
4726.891192 13.597252
4727.380544 13.930450
4727.869896 13.890309
4728.359248 13.939952
4728.848600 13.640624
4729.337952 13.406283
4729.827304 13.229756
4730.316656 13.343861
4730.806007 13.239183
4731.295359 13.103606
4731.784711 13.148150
4732.274063 13.283086
4732.763415 13.510802
4733.252767 13.665540
4733.742119 13.653373
4734.231471 13.574447
4734.720823 13.318247
4735.210175 13.253150
4735.699527 13.216558
4736.188879 13.228659
4736.678231 13.204718
4737.167583 13.241440
4737.656935 13.310347
4738.146287 13.209733
4738.635639 13.272866
4739.124991 13.270785
4739.614343 13.135650
4740.103695 13.215930
4740.593046 13.085447
4741.082398 13.129560
4741.571750 13.134047
4742.061102 13.171162
4742.550454 13.044815
4743.039806 13.180973
4743.529158 13.299158
4744.018510 13.292371
4744.507862 13.488514
4744.997214 13.575373
4745.486566 13.318092
4745.975918 13.238454
4746.465270 13.189716
4746.954622 13.130513
4747.443974 13.098165
4747.933326 13.031530
4748.422678 13.018833
4748.912030 12.992077
4749.401382 13.020761
4749.890733 13.062464
4750.380085 13.051817
4750.869437 12.780002
4751.358789 12.542936
4751.848141 12.641806
4752.337493 12.960982
4752.826845 13.215250
4753.316197 13.423116
4753.805549 13.752614
4754.294901 13.580510
4754.784253 13.284728
4755.273605 13.073664
4755.762957 12.869568
4756.252309 12.806126
4756.741661 12.876412
4757.231013 12.907473
4757.720365 12.857354
4758.209717 12.833133
4758.699069 12.925524
4759.188420 12.949192
4759.677772 12.779597
4760.167124 12.758097
4760.656476 12.833676
4761.145828 13.032592
4761.635180 12.998696
4762.124532 13.083526
4762.613884 13.165818
4763.103236 13.054113
4763.592588 13.009672
4764.081940 12.893937
4764.571292 12.784864
4765.060644 12.859725
4765.549996 12.900887
4766.039348 13.036441
4766.528700 13.107019
4767.018052 13.115810
4767.507404 12.913420
4767.996756 12.991691
4768.486107 13.107057
4768.975459 13.024440
4769.464811 13.444874
4769.954163 13.197284
4770.443515 13.203618
4770.932867 12.918409
4771.422219 12.699936
4771.911571 12.686389
4772.400923 12.757518
4772.890275 12.823251
4773.379627 12.684009
4773.868979 12.503131
4774.358331 12.396967
4774.847683 12.619780
4775.337035 12.810020
4775.826387 12.920393
4776.315739 13.035456
4776.805091 13.090478
4777.294443 13.134909
4777.783795 13.210939
4778.273146 13.089342
4778.762498 13.003463
4779.251850 13.028223
4779.741202 13.086171
4780.230554 13.121209
4780.719906 13.290444
4781.209258 13.390527
4781.698610 13.459092
4782.187962 13.592617
4782.677314 13.548346
4783.166666 13.506243
4783.656018 13.326410
4784.145370 13.282033
4784.634722 13.104396
4785.124074 13.133752
4785.613426 13.124297
4786.102778 13.270031
4786.592130 13.278224
4787.081482 13.259619
4787.570833 13.185842
4788.060185 13.362244
4788.549537 13.391361
4789.038889 13.629040
4789.528241 13.785084
4790.017593 13.834301
4790.506945 13.443809
4790.996297 13.302228
4791.485649 13.128489
4791.975001 12.934112
4792.464353 13.090500
4792.953705 13.334871
4793.443057 13.380597
4793.932409 13.361134
4794.421761 13.384509
4794.911113 13.390752
4795.400465 13.387865
4795.889817 13.486877
4796.379169 13.544333
4796.868520 13.614548
4797.357872 13.772671
4797.847224 13.696814
4798.336576 13.743372
4798.825928 13.764922
4799.315280 13.789711
4799.804632 13.843285
4800.293984 13.845482
4800.783336 13.699516
4801.272688 13.714658
4801.762040 13.771027
4802.251392 13.859221
4802.740744 13.895794
4803.230096 13.818012
4803.719448 13.928353
4804.208800 14.077342
4804.698152 14.033631
4805.187504 14.114234
4805.676856 14.168165
4806.166208 14.060157
4806.655559 14.086088
4807.144911 14.153577
4807.634263 14.031090
4808.123615 14.209644
4808.612967 14.328077
4809.102319 14.237747
4809.591671 14.123488
4810.081023 14.214121
4810.570375 14.465372
4811.059727 14.663044
4811.549079 14.755546
4812.038431 14.835503
4812.527783 14.617789
4813.017135 14.405965
4813.506487 14.517249
4813.995839 14.461670
4814.485191 14.465924
4814.974543 14.625718
4815.463895 14.656789
4815.953246 14.736889
4816.442598 14.811750
4816.931950 14.939713
4817.421302 15.008100
4817.910654 14.971850
4818.400006 15.080023
4818.889358 15.156956
4819.378710 15.183352
4819.868062 15.184021
4820.357414 15.311514
4820.846766 15.204914
4821.336118 15.339744
4821.825470 15.303748
4822.314822 15.345987
4822.804174 15.467680
4823.293526 15.498692
4823.782878 15.530014
4824.272230 15.715308
4824.761582 15.818846
4825.250933 15.823367
4825.740285 15.883250
4826.229637 15.887319
4826.718989 15.950518
4827.208341 16.006560
4827.697693 16.025989
4828.187045 16.146385
4828.676397 16.201286
4829.165749 16.266716
4829.655101 16.395535
4830.144453 16.526796
4830.633805 16.608460
4831.123157 16.647830
4831.612509 16.743804
4832.101861 16.838417
4832.591213 16.929844
4833.080565 16.877455
4833.569917 17.084549
4834.059269 17.193031
4834.548620 17.336127
4835.037972 17.366720
4835.527324 17.505638
4836.016676 17.594959
4836.506028 17.608336
4836.995380 17.757004
4837.484732 17.946589
4837.974084 18.041948
4838.463436 18.130568
4838.952788 18.253373
4839.442140 18.460191
4839.931492 18.618089
4840.420844 18.820412
4840.910196 19.020885
4841.399548 19.136909
4841.888900 19.353848
4842.378252 19.508663
4842.867604 19.671882
4843.356956 19.776056
4843.846308 19.930996
4844.335659 20.220934
4844.825011 20.327573
4845.314363 20.470962
4845.803715 20.632911
4846.293067 20.846343
4846.782419 21.123090
4847.271771 21.403114
4847.761123 21.608678
4848.250475 21.785498
4848.739827 21.890652
4849.229179 21.989855
4849.718531 22.163737
4850.207883 22.429148
4850.697235 22.793922
4851.186587 22.941535
4851.675939 23.300895
4852.165291 23.461103
4852.654643 23.572814
4853.143995 23.674354
4853.633346 23.785932
4854.122698 24.032569
4854.612050 24.162644
4855.101402 24.443574
4855.590754 24.654879
4856.080106 24.888511
4856.569458 25.090670
4857.058810 25.253162
4857.548162 25.423034
4858.037514 25.434928
4858.526866 25.458687
4859.016218 25.471177
4859.505570 25.657589
4859.994922 25.664705
4860.484274 25.613176
4860.973626 25.929172
4861.462978 26.067293
4861.952330 26.200979
4862.441682 26.189553
4862.931033 26.262736
4863.420385 26.333270
4863.909737 26.348820
4864.399089 26.347520
4864.888441 26.322118
4865.377793 26.424023
4865.867145 26.635708
4866.356497 26.563892
4866.845849 26.389827
4867.335201 26.145605
4867.824553 25.965233
4868.313905 25.817415
4868.803257 25.666425
4869.292609 25.683489
4869.781961 25.641124
4870.271313 25.586481
4870.760665 25.637675
4871.250017 25.438954
4871.739369 25.134233
4872.228720 24.992581
4872.718072 24.869987
4873.207424 24.529767
4873.696776 24.552119
4874.186128 24.421607
4874.675480 24.190531
4875.164832 23.930244
4875.654184 23.675072
4876.143536 23.657584
4876.632888 23.587325
4877.122240 23.581804
4877.611592 23.429525
4878.100944 23.411558
4878.590296 23.350483
4879.079648 23.216586
4879.569000 22.910202
4880.058352 22.644188
4880.547704 22.647314
4881.037056 22.671204
4881.526408 22.701963
4882.015759 22.639620
4882.505111 22.648471
4882.994463 22.478590
4883.483815 22.279028
4883.973167 22.160152
4884.462519 22.095946
4884.951871 22.068081
4885.441223 21.866319
4885.930575 21.685977
4886.419927 21.483787
4886.909279 21.182875
4887.398631 21.235515
4887.887983 21.182026
4888.377335 20.905509
4888.866687 20.745462
4889.356039 20.775283
4889.845391 20.628243
4890.334743 20.505605
4890.824095 20.464299
4891.313446 20.403663
4891.802798 20.206088
4892.292150 19.950058
4892.781502 19.697400
4893.270854 19.560662
4893.760206 19.373006
4894.249558 19.252365
4894.738910 18.967376
4895.228262 19.008871
4895.717614 18.903347
4896.206966 18.890088
4896.696318 18.930756
4897.185670 18.855217
4897.675022 18.778307
4898.164374 18.599572
4898.653726 18.440814
4899.143078 18.430480
4899.632430 18.192138
4900.121782 18.111386
4900.611133 18.072844
4901.100485 18.025730
4901.589837 17.974257
4902.079189 17.960326
4902.568541 17.982608
4903.057893 17.788007
4903.547245 17.705082
4904.036597 17.698011
4904.525949 17.625331
4905.015301 17.561091
4905.504653 17.474150
4905.994005 17.370552
4906.483357 17.307824
4906.972709 17.243467
4907.462061 17.156220
4907.951413 17.139529
4908.440765 17.118553
4908.930117 17.135621
4909.419469 17.017983
4909.908820 16.893425
4910.398172 16.817889
4910.887524 16.754987
4911.376876 16.742132
4911.866228 16.716830
4912.355580 16.846700
4912.844932 16.733434
4913.334284 16.782301
4913.823636 16.696201
4914.312988 16.687784
4914.802340 16.696427
4915.291692 16.726262
4915.781044 16.661053
4916.270396 16.569059
4916.759748 16.540779
4917.249100 16.457179
4917.738452 16.457536
4918.227804 16.568818
4918.717156 16.597644
4919.206508 16.627564
4919.695859 16.586179
4920.185211 16.529824
4920.674563 16.409963
4921.163915 16.387783
4921.653267 16.346162
4922.142619 16.301417
4922.631971 16.423226
4923.121323 16.361247
4923.610675 16.345899
4924.100027 16.252310
4924.589379 16.192554
4925.078731 16.098697
4925.568083 16.083524
4926.057435 16.064115
4926.546787 15.993694
4927.036139 15.900635
4927.525491 15.938408
4928.014843 15.877397
4928.504195 15.872268
4928.993546 15.899136
4929.482898 15.877912
4929.972250 15.867284
4930.461602 15.759859
4930.950954 15.644590
4931.440306 15.678550
4931.929658 15.741752
4932.419010 15.801804
4932.908362 15.757911
4933.397714 15.773549
4933.887066 15.717344
4934.376418 15.720077
4934.865770 15.619294
4935.355122 15.562651
4935.844474 15.517525
4936.333826 15.578326
4936.823178 15.474277
4937.312530 15.448897
4937.801882 15.358925
4938.291233 15.280325
4938.780585 15.092909
4939.269937 15.152946
4939.759289 15.264351
4940.248641 15.270272
4940.737993 15.248582
4941.227345 15.330553
4941.716697 15.451609
4942.206049 15.632619
4942.695401 15.639661
4943.184753 15.788669
4943.674105 15.690082
4944.163457 15.413610
4944.652809 15.441165
4945.142161 15.378360
4945.631513 15.630163
4946.120865 15.553381
4946.610217 15.609022
4947.099569 15.743607
4947.588921 15.883059
4948.078272 15.758331
4948.567624 15.523594
4949.056976 15.324984
4949.546328 15.124729
4950.035680 15.146052
4950.525032 15.283468
4951.014384 15.626055
4951.503736 15.694800
4951.993088 15.983627
4952.482440 16.339696
4952.971792 16.342264
4953.461144 16.384283
4953.950496 16.210142
4954.439848 16.116357
4954.929200 16.219149
4955.418552 16.114138
4955.907904 16.170284
4956.397256 16.159518
4956.886608 16.097073
4957.375959 16.208115
4957.865311 16.035803
4958.354663 16.014277
4958.844015 16.133342
4959.333367 16.265651
4959.822719 16.446810
4960.312071 16.473712
4960.801423 16.446120
4961.290775 16.215778
4961.780127 16.052385
4962.269479 15.909796
4962.758831 15.787907
4963.248183 15.719376
4963.737535 15.671358
4964.226887 15.443238
4964.716239 15.277478
4965.205591 15.011361
4965.694943 14.621038
4966.184295 14.335370
4966.673646 14.107030
4967.162998 13.927903
4967.652350 13.812071
4968.141702 13.816628
4968.631054 13.670625
4969.120406 13.401488
4969.609758 13.184877
4970.099110 13.197126
4970.588462 13.143791
4971.077814 13.027940
4971.567166 13.030731
4972.056518 13.004699
4972.545870 13.025627
4973.035222 13.012464
4973.524574 12.956696
4974.013926 12.977042
4974.503278 12.965064
4974.992630 13.053936
4975.481982 13.027720
4975.971333 13.129881
4976.460685 13.111485
4976.950037 12.888844
4977.439389 12.622293
4977.928741 12.756342
4978.418093 13.192936
4978.907445 13.435275
4979.396797 14.109799
4979.886149 14.392647
4980.375501 13.918907
4980.864853 13.502967
4981.354205 13.211630
4981.843557 12.958903
4982.332909 12.927383
4982.822261 13.189290
4983.311613 13.370806
4983.800965 13.833834
4984.290317 14.166115
4984.779669 14.211182
4985.269021 14.200209
4985.758372 14.034100
4986.247724 13.923191
4986.737076 13.605993
4987.226428 13.677493
4987.715780 13.971814
4988.205132 14.227008
4988.694484 14.345571
4989.183836 14.537890
4989.673188 14.557226
4990.162540 14.643111
4990.651892 14.858504
4991.141244 14.991915
4991.630596 15.259165
4992.119948 15.474167
4992.609300 15.609058
4993.098652 15.712654
4993.588004 15.948588
4994.077356 16.024921
4994.566708 16.085007
4995.056059 16.172098
4995.545411 16.359029
4996.034763 16.596945
4996.524115 16.910424
4997.013467 17.202643
4997.502819 17.478341
4997.992171 17.685286
4998.481523 17.942709
4998.970875 18.222426
4999.460227 18.432522
4999.949579 18.818297
5000.438931 19.065735
5000.928283 19.472183
5001.417635 20.037258
5001.906987 20.417245
5002.396339 20.817391
5002.885691 21.231109
5003.375043 21.332064
5003.864395 21.349068
5004.353746 21.405860
5004.843098 21.528943
5005.332450 21.813463
5005.821802 22.104920
5006.311154 22.308750
5006.800506 22.549637
5007.289858 22.622494
5007.779210 22.735279
5008.268562 22.872116
5008.757914 23.081916
5009.247266 22.980718
5009.736618 22.753232
5010.225970 22.494906
5010.715322 22.332030
5011.204674 22.254003
5011.694026 22.389113
5012.183378 22.413158
5012.672730 21.805222
5013.162082 20.828883
5013.651433 19.848624
5014.140785 18.500760
5014.630137 17.551472
5015.119489 17.199812
5015.608841 16.782190
5016.098193 16.408064
5016.587545 16.054327
5017.076897 15.801910
5017.566249 15.456917
5018.055601 15.209046
5018.544953 15.027331
5019.034305 14.718494
5019.523657 14.599343
5020.013009 14.373535
5020.502361 14.352701
5020.991713 14.390738
5021.481065 14.478675
5021.970417 14.738185
5022.459769 14.910695
5022.949121 14.738217
5023.438472 14.549607
5023.927824 14.264182
5024.417176 14.234837
5024.906528 14.094488
5025.395880 14.160343
5025.885232 14.163979
5026.374584 14.151947
5026.863936 14.153969
5027.353288 14.103700
5027.842640 13.917397
5028.331992 13.712593
5028.821344 13.300693
5029.310696 13.231119
5029.800048 13.511800
5030.289400 14.052314
5030.778752 14.450668
5031.268104 14.695266
5031.757456 15.064909
5032.246808 14.553848
5032.736159 13.910278
5033.225511 13.569476
5033.714863 13.675359
5034.204215 13.680262
5034.693567 13.708234
5035.182919 13.734891
5035.672271 13.662465
5036.161623 13.551866
5036.650975 13.469069
5037.140327 13.571201
5037.629679 13.616139
5038.119031 13.524784
5038.608383 13.527461
5039.097735 13.465287
5039.587087 13.415958
5040.076439 13.358114
5040.565791 13.362684
5041.055143 13.397064
5041.544495 13.256644
5042.033846 13.174554
5042.523198 13.075174
5043.012550 13.046401
5043.501902 13.066476
5043.991254 13.160653
5044.480606 13.411462
5044.969958 13.376631
5045.459310 13.321463
5045.948662 13.128473
5046.438014 12.861986
5046.927366 12.717655
5047.416718 12.862826
5047.906070 12.744214
5048.395422 12.675256
5048.884774 12.617564
5049.374126 12.402591
5049.863478 12.205561
5050.352830 11.997496
5050.842182 12.264752
5051.331533 12.511234
5051.820885 12.855565
5052.310237 13.204003
5052.799589 13.309300
5053.288941 12.981793
5053.778293 12.636214
5054.267645 12.378970
5054.756997 12.223872
5055.246349 12.212524
5055.735701 12.311135
5056.225053 12.312422
5056.714405 12.211165
5057.203757 12.120312
5057.693109 12.111603
5058.182461 12.129205
5058.671813 12.126786
5059.161165 12.119652
5059.650517 12.113720
5060.139869 12.092313
5060.629221 12.014823
5061.118572 12.011312
5061.607924 12.020206
5062.097276 12.058734
5062.586628 12.047887
5063.075980 12.061877
5063.565332 11.993886
5064.054684 11.904827
5064.544036 11.875256
5065.033388 11.873512
5065.522740 11.953775
5066.012092 11.753387
5066.501444 11.661330
5066.990796 11.650112
5067.480148 11.638604
5067.969500 11.690888
5068.458852 11.940278
5068.948204 12.048355
5069.437556 12.027115
5069.926908 11.923200
5070.416259 11.764921
5070.905611 11.625176
5071.394963 11.526673
5071.884315 11.557907
5072.373667 11.560959
5072.863019 11.444677
5073.352371 11.324203
5073.841723 11.236276
5074.331075 11.277571
5074.820427 11.392581
5075.309779 11.555843
5075.799131 11.714136
5076.288483 11.669177
5076.777835 11.634447
5077.267187 11.372181
5077.756539 11.268504
5078.245891 11.231773
5078.735243 11.314429
5079.224595 11.230445
5079.713946 11.255853
5080.203298 11.286382
5080.692650 11.260996
5081.182002 11.247180
5081.671354 11.303874
5082.160706 11.228100
5082.650058 11.264030
5083.139410 11.257808
5083.628762 11.251726
5084.118114 11.245254
5084.607466 11.231513
5085.096818 11.143405
5085.586170 11.150636
5086.075522 11.162252
5086.564874 11.190660
5087.054226 11.137834
5087.543578 11.145084
5088.032930 11.098018
5088.522282 11.081574
5089.011634 11.080529
5089.500985 11.069566
5089.990337 11.038720
5090.479689 11.019245
5090.969041 11.011143
5091.458393 11.031018
5091.947745 10.994108
5092.437097 11.004726
5092.926449 11.000514
5093.415801 10.919304
5093.905153 10.919934
5094.394505 10.925445
5094.883857 11.006719
5095.373209 11.210050
5095.862561 11.247100
5096.351913 11.242140
5096.841265 11.196077
5097.330617 11.178585
5097.819969 11.066273
5098.309321 10.969251
5098.798672 10.964481
5099.288024 10.955614
5099.777376 11.000000
5100.266728 10.944841
5100.756080 10.961728
5101.245432 11.149556
5101.734784 11.210872
5102.224136 11.136920
5102.713488 11.065238
5103.202840 11.119261
5103.692192 11.021467
5104.181544 10.888202
5104.670896 10.991395
5105.160248 11.030006
5105.649600 11.078396
5106.138952 11.052171
5106.628304 10.984087
5107.117656 10.914562
5107.607008 10.923251
5108.096359 10.898861
5108.585711 10.962292
5109.075063 10.997237
5109.564415 11.033019
5110.053767 10.970394
5110.543119 10.982475
5111.032471 11.105185
5111.521823 11.076921
5112.011175 10.987395
5112.500527 10.926416
5112.989879 10.907161
5113.479231 10.906556
5113.968583 10.906556
5114.457935 10.978175
5114.947287 11.066809
5115.436639 11.000881
5115.925991 10.935851
5116.415343 10.954726
5116.904695 10.967608
5117.394046 10.960338
5117.883398 10.965125
5118.372750 10.992191
5118.862102 11.007949
5119.351454 11.042634
5119.840806 11.086126
5120.330158 11.074019
5120.819510 11.121698
5121.308862 11.129917
5121.798214 11.168762
5122.287566 11.176367
5122.776918 11.164438
5123.266270 11.197442
5123.755622 11.203434
5124.244974 11.166035
5124.734326 11.258390
5125.223678 11.352590
5125.713030 11.332063
5126.202382 11.220364
5126.691734 11.103622
5127.181085 11.139513
5127.670437 11.035786
5128.159789 11.066739
5128.649141 11.122503
5129.138493 11.256978
5129.627845 11.242609
5130.117197 11.333584
5130.606549 11.268006
5131.095901 11.245266
5131.585253 11.188435
5132.074605 11.249022
5132.563957 11.243993
5133.053309 11.207664
5133.542661 11.220672
5134.032013 11.294068
5134.521365 11.327767
5135.010717 11.320147
5135.500069 11.439887
5135.989421 11.484213
5136.478772 11.424255
5136.968124 11.418300
5137.457476 11.437575
5137.946828 11.405418
5138.436180 11.420672
5138.925532 11.570246
5139.414884 11.519140
5139.904236 11.662227
5140.393588 11.654369
5140.882940 11.665127
5141.372292 11.667765
5141.861644 11.714802
5142.350996 11.831562
5142.840348 11.831263
5143.329700 11.943539
5143.819052 11.914097
5144.308404 11.834262
5144.797756 11.835869
5145.287108 11.952061
5145.776459 11.989632
5146.265811 11.981577
5146.755163 11.985379
5147.244515 11.977334
5147.733867 12.081115
5148.223219 12.121578
5148.712571 12.287735
5149.201923 12.314250
5149.691275 12.333501
5150.180627 12.463374
5150.669979 12.386325
5151.159331 12.458524
5151.648683 12.449028
5152.138035 12.526021
5152.627387 12.432234
5153.116739 12.459356
5153.606091 12.569299
5154.095443 12.669192
5154.584795 12.671401
5155.074146 12.766615
5155.563498 12.798543
5156.052850 12.781074
5156.542202 12.720250
5157.031554 12.757392
5157.520906 12.881093
5158.010258 12.879578
5158.499610 12.838624
5158.988962 12.796664
5159.478314 12.850908
5159.967666 12.926159
5160.457018 12.910767
5160.946370 12.942911
5161.435722 13.039168
5161.925074 13.087333
5162.414426 13.199223
5162.903778 13.278631
5163.393130 13.308979
5163.882482 13.319926
5164.371834 13.289724
5164.861185 13.368208
5165.350537 13.474955
5165.839889 13.456620
5166.329241 13.475624
5166.818593 13.358500
5167.307945 13.363795
5167.797297 13.302135
5168.286649 13.404141
5168.776001 13.495018
5169.265353 13.639921
5169.754705 13.538983
5170.244057 13.439311
5170.733409 13.498081
5171.222761 13.454279
5171.712113 13.436239
5172.201465 13.342329
5172.690817 13.259494
5173.180169 13.264056
5173.669521 13.397306
5174.158872 13.440654
5174.648224 13.499933
5175.137576 13.451150
5175.626928 13.213077
5176.116280 13.126714
5176.605632 13.134900
5177.094984 13.291261
5177.584336 13.319180
5178.073688 13.269957
5178.563040 13.148609
5179.052392 13.084076
5179.541744 13.133080
5180.031096 13.167801
5180.520448 13.250538
5181.009800 13.363126
5181.499152 13.330004
5181.988504 13.279984
5182.477856 13.206471
5182.967208 13.120815
5183.456559 13.095284
5183.945911 13.184698
5184.435263 13.216030
5184.924615 13.206814
5185.413967 13.208307
5185.903319 13.301674
5186.392671 13.296105
5186.882023 13.216619
5187.371375 13.200442
5187.860727 13.213753
5188.350079 13.136699
5188.839431 13.137245
5189.328783 13.139549
5189.818135 13.102405
5190.307487 13.169060
5190.796839 13.081816
5191.286191 13.229119
5191.775543 13.155505
5192.264895 13.093962
5192.754247 13.068908
5193.243598 13.037766
5193.732950 13.036891
5194.222302 13.006757
5194.711654 13.039406
5195.201006 13.061897
5195.690358 13.042565
5196.179710 13.060293
5196.669062 12.957501
5197.158414 13.033022
5197.647766 13.012770
5198.137118 12.894197
5198.626470 12.886095
5199.115822 12.799756
5199.605174 12.748321
5200.094526 12.728649
5200.583878 12.732946
5201.073230 12.763508
5201.562582 12.775032
5202.051934 12.738357
5202.541285 12.731990
5203.030637 12.680872
5203.519989 12.619758
5204.009341 12.666542
5204.498693 12.618797
5204.988045 12.636909
5205.477397 12.567469
5205.966749 12.520263
5206.456101 12.483102
5206.945453 12.461754
5207.434805 12.418290
5207.924157 12.436532
5208.413509 12.396140
5208.902861 12.404944
5209.392213 12.473326
5209.881565 12.324578
5210.370917 12.386743
5210.860269 12.339691
5211.349621 12.330874
5211.838972 12.292328
5212.328324 12.246793
5212.817676 12.206824
5213.307028 12.149840
5213.796380 12.142013
5214.285732 12.090817
5214.775084 12.026761
5215.264436 12.080155
5215.753788 12.167399
5216.243140 12.214989
5216.732492 12.141318
5217.221844 12.144500
5217.711196 12.185969
5218.200548 12.195291
5218.689900 12.209284
5219.179252 12.214514
5219.668604 12.210158
5220.157956 12.327164
5220.647308 12.345603
5221.136659 12.282491
5221.626011 12.319021
5222.115363 12.305765
5222.604715 12.240501
5223.094067 12.095031
5223.583419 12.197613
5224.072771 12.193724
5224.562123 12.207882
5225.051475 12.110284
5225.540827 12.081290
5226.030179 12.096676
5226.519531 12.139914
5227.008883 12.175698
5227.498235 12.441841
5227.987587 12.603827
5228.476939 12.695582
5228.966291 12.850930
5229.455643 12.687048
5229.944995 12.366865
5230.434347 11.922612
5230.923698 12.189341
5231.413050 12.292315
5231.902402 12.571347
5232.391754 12.818181
5232.881106 13.075214
5233.370458 12.732033
5233.859810 12.254131
5234.349162 12.109288
5234.838514 12.061685
5235.327866 11.903914
5235.817218 11.916961
5236.306570 11.919330
5236.795922 11.946707
5237.285274 12.134673
5237.774626 12.200956
5238.263978 12.457848
5238.753330 12.476277
5239.242682 12.593204
5239.732034 12.531462
5240.221385 12.434042
5240.710737 12.164929
5241.200089 11.972696
5241.689441 12.094487
5242.178793 12.069061
5242.668145 12.112578
5243.157497 12.066399
5243.646849 12.052687
5244.136201 11.930886
5244.625553 11.796126
5245.114905 11.930133
5245.604257 12.281803
5246.093609 12.427863
5246.582961 12.484172
5247.072313 12.378622
5247.561665 12.269316
5248.051017 12.140805
5248.540369 11.980601
5249.029721 12.118848
5249.519072 12.201510
5250.008424 12.259299
5250.497776 12.212937
5250.987128 12.249730
5251.476480 12.185349
5251.965832 12.072919
5252.455184 12.178173
5252.944536 12.187086
5253.433888 12.186970
5253.923240 12.184286
5254.412592 12.193182
5254.901944 12.143149
5255.391296 12.191689
5255.880648 12.223695
5256.370000 12.323693
5256.859352 12.351929
5257.348704 12.326975
5257.838056 12.342987
5258.327408 12.382944
5258.816759 12.341402
5259.306111 12.336467
5259.795463 12.221844
5260.284815 12.123699
5260.774167 12.138349
5261.263519 12.216981
5261.752871 12.294032
5262.242223 12.381688
5262.731575 12.388677
5263.220927 12.434987
5263.710279 12.456091
5264.199631 12.422644
5264.688983 12.007180
5265.178335 11.760168
5265.667687 11.760241
5266.157039 11.756778
5266.646391 11.813088
5267.135743 12.825413
5267.625095 13.446703
5268.114447 13.794044
5268.603798 13.707894
5269.093150 13.173829
5269.582502 12.895967
5270.071854 12.299025
5270.561206 12.166621
5271.050558 11.969777
5271.539910 11.805232
5272.029262 12.173848
5272.518614 12.292075
5273.007966 12.771037
5273.497318 13.089210
5273.986670 13.266649
5274.476022 13.002698
5274.965374 12.732537
5275.454726 12.608908
5275.944078 12.393299
5276.433430 12.192347
5276.922782 12.316601
5277.412134 12.285185
5277.901485 12.268326
5278.390837 12.190261
5278.880189 12.171057
5279.369541 12.245677
5279.858893 12.217299
5280.348245 12.342383
5280.837597 12.533825
5281.326949 12.563110
5281.816301 12.477675
5282.305653 12.564876
5282.795005 12.515860
5283.284357 12.343074
5283.773709 12.224077
5284.263061 12.320573
5284.752413 12.291640
5285.241765 12.257466
5285.731117 12.306844
5286.220469 12.303100
5286.709821 12.283408
5287.199172 12.333186
5287.688524 12.250398
5288.177876 12.207702
5288.667228 12.205266
5289.156580 12.109570
5289.645932 11.922944
5290.135284 11.889441
5290.624636 11.906695
5291.113988 12.071547
5291.603340 12.457310
5292.092692 12.701406
5292.582044 12.786076
5293.071396 12.755964
5293.560748 12.648876
5294.050100 12.478525
5294.539452 12.183553
5295.028804 12.284438
5295.518156 12.335541
5296.007508 12.232269
5296.496859 12.243744
5296.986211 12.169959
5297.475563 12.228419
5297.964915 12.242469
5298.454267 12.280008
5298.943619 12.231961
5299.432971 12.247755
5299.922323 11.962492
5300.411675 11.897367
5300.901027 11.735241
5301.390379 11.886740
5301.879731 12.052256
5302.369083 12.323989
5302.858435 12.797254
5303.347787 13.104529
5303.837139 13.133318
5304.326491 12.974520
5304.815843 12.704259
5305.305195 12.457226
5305.794547 12.352776
5306.283898 12.372471
5306.773250 12.341575
5307.262602 12.432363
5307.751954 12.481792
5308.241306 12.476497
5308.730658 12.463796
5309.220010 12.505081
5309.709362 12.406157
5310.198714 12.306279
5310.688066 12.157148
5311.177418 12.102240
5311.666770 12.057377
5312.156122 12.320269
5312.645474 12.690319
5313.134826 12.772093
5313.624178 13.047372
5314.113530 12.884624
5314.602882 12.759667
5315.092234 12.573904
5315.581585 12.391293
5316.070937 12.392369
5316.560289 12.292340
5317.049641 12.415472
5317.538993 12.254398
5318.028345 12.359752
5318.517697 12.484024
5319.007049 12.422419
5319.496401 12.232128
5319.985753 12.039947
5320.475105 11.962315
5320.964457 11.793287
5321.453809 11.640791
5321.943161 12.367199
5322.432513 12.946345
5322.921865 13.429360
5323.411217 13.738743
5323.900569 13.571810
5324.389921 12.976461
5324.879272 12.457529
5325.368624 11.921500
5325.857976 11.761480
5326.347328 11.991866
5326.836680 12.118773
5327.326032 12.220014
5327.815384 12.219210
5328.304736 12.167667
5328.794088 12.090749
5329.283440 12.100053
5329.772792 12.023947
5330.262144 12.024373
5330.751496 11.975893
5331.240848 11.947728
5331.730200 11.872412
5332.219552 11.868039
5332.708904 11.796960
5333.198256 11.790504
5333.687608 11.684132
5334.176960 11.558849
5334.666311 11.467346
5335.155663 11.566663
5335.645015 11.651686
5336.134367 11.654364
5336.623719 12.048516
5337.113071 12.164444
5337.602423 12.111477
5338.091775 11.793879
5338.581127 11.670726
5339.070479 11.475600
5339.559831 11.302195
5340.049183 11.323018
5340.538535 11.436452
5341.027887 11.542119
5341.517239 11.520485
5342.006591 11.560634
5342.495943 11.459082
5342.985295 11.080033
5343.474647 10.837603
5343.963998 10.882711
5344.453350 10.869295
5344.942702 11.248110
5345.432054 12.203606
5345.921406 12.851644
5346.410758 12.690466
5346.900110 11.902044
5347.389462 11.632568
5347.878814 11.073395
5348.368166 10.721196
5348.857518 10.836645
5349.346870 10.964552
5349.836222 11.103161
5350.325574 11.075055
5350.814926 11.160412
5351.304278 11.135325
5351.793630 11.120407
5352.282982 11.117534
5352.772334 11.156208
5353.261685 11.113975
5353.751037 11.140995
5354.240389 11.102717
5354.729741 11.064403
5355.219093 11.184700
5355.708445 11.199304
5356.197797 11.170039
5356.687149 11.064939
5357.176501 11.025299
5357.665853 11.033810
5358.155205 11.058595
5358.644557 11.036003
5359.133909 10.972942
5359.623261 10.928192
5360.112613 11.052701
5360.601965 11.081053
5361.091317 11.097304
5361.580669 10.992682
5362.070021 10.871648
5362.559372 10.812556
5363.048724 10.683625
5363.538076 10.606062
5364.027428 10.609550
5364.516780 10.511872
5365.006132 10.377412
5365.495484 10.158136
5365.984836 10.321655
5366.474188 10.676989
5366.963540 10.839312
5367.452892 11.424384
5367.942244 11.759267
5368.431596 11.867936
5368.920948 11.774115
5369.410300 11.708418
5369.899652 11.347515
5370.389004 11.016190
5370.878356 10.777717
5371.367708 10.907403
5371.857060 10.963844
5372.346411 10.900799
5372.835763 10.898187
5373.325115 10.741258
5373.814467 10.538447
5374.303819 10.263704
5374.793171 10.213158
5375.282523 10.107367
5375.771875 10.059707
5376.261227 10.160374
5376.750579 10.261172
5377.239931 10.248845
5377.729283 10.186662
5378.218635 10.161462
5378.707987 10.077922
5379.197339 10.076960
5379.686691 9.894025
5380.176043 9.706295
5380.665395 9.498065
5381.154747 9.423428
5381.644098 9.323706
5382.133450 9.492555
5382.622802 9.822101
5383.112154 10.096142
5383.601506 9.941086
5384.090858 9.909524
5384.580210 9.741367
5385.069562 9.500653
5385.558914 9.269804
5386.048266 9.302411
5386.537618 9.349454
5387.026970 9.437896
5387.516322 9.593127
5388.005674 9.829120
5388.495026 9.863684
5388.984378 9.929081
5389.473730 9.964998
5389.963082 9.918514
5390.452434 9.912673
5390.941785 9.916672
5391.431137 10.018463
5391.920489 10.131427
5392.409841 10.340087
5392.899193 10.441939
5393.388545 10.601311
5393.877897 10.618193
5394.367249 10.584099
5394.856601 10.358242
5395.345953 10.099291
5395.835305 9.979811
5396.324657 9.890774
5396.814009 9.867842
5397.303361 9.940996
5397.792713 9.926182
5398.282065 9.946738
5398.771417 10.000407
5399.260769 10.035047
5399.750121 10.073464
5400.239472 10.336612
5400.728824 10.289394
5401.218176 10.194110
5401.707528 10.015661
5402.196880 9.963347
5402.686232 9.849252
5403.175584 9.872367
5403.664936 9.926794
5404.154288 9.947317
5404.643640 9.990264
5405.132992 9.994254
5405.622344 9.998565
5406.111696 10.044050
5406.601048 10.090589
5407.090400 10.054653
5407.579752 10.024708
5408.069104 10.015090
5408.558456 10.035092
5409.047808 9.824122
5409.537160 9.897892
5410.026511 9.979934
5410.515863 10.026729
5411.005215 9.943751
5411.494567 9.880084
5411.983919 9.926111
5412.473271 9.993611
5412.962623 10.004528
5413.451975 9.965680
5413.941327 10.032502
5414.430679 10.077465
5414.920031 9.938470
5415.409383 9.853618
5415.898735 9.990872
5416.388087 10.048804
5416.877439 10.071016
5417.366791 10.089843
5417.856143 10.097569
5418.345495 9.968566
5418.834847 9.896560
5419.324198 9.911067
5419.813550 10.019370
5420.302902 9.997103
5420.792254 10.033776
5421.281606 10.047738
5421.770958 10.111593
5422.260310 10.032558
5422.749662 10.026037
5423.239014 9.974871
5423.728366 9.924388
5424.217718 9.967694
5424.707070 10.041075
5425.196422 10.152130
5425.685774 10.133342
5426.175126 10.116236
5426.664478 10.150741
5427.153830 10.130637
5427.643182 10.028263
5428.132534 10.010730
5428.621885 10.048455
5429.111237 9.938409
5429.600589 9.875224
5430.089941 9.812994
5430.579293 9.827136
5431.068645 9.988981
5431.557997 10.070125
5432.047349 10.090866
5432.536701 10.144887
5433.026053 10.227934
5433.515405 9.985774
5434.004757 9.894715
5434.494109 9.848276
5434.983461 9.853087
5435.472813 9.808022
5435.962165 9.855130
5436.451517 9.943666
5436.940869 9.944231
5437.430221 9.902495
5437.919572 9.830982
5438.408924 9.877776
5438.898276 9.775975
5439.387628 9.770026
5439.876980 9.755754
5440.366332 9.758875
5440.855684 9.753148
5441.345036 9.691213
5441.834388 9.680385
5442.323740 9.717467
5442.813092 9.750274
5443.302444 9.781929
5443.791796 9.751058
5444.281148 9.756597
5444.770500 9.806141
5445.259852 9.746604
5445.749204 9.838539
5446.238556 9.843906
5446.727908 9.816822
5447.217260 9.765488
5447.706611 9.687787
5448.195963 9.621045
5448.685315 9.591032
5449.174667 9.584468
5449.664019 9.660564
5450.153371 9.809956
5450.642723 9.831938
5451.132075 9.776387
5451.621427 9.685606
5452.110779 9.699514
5452.600131 9.684107
5453.089483 9.637821
5453.578835 9.735261
5454.068187 9.730964
5454.557539 9.722346
5455.046891 9.686793
5455.536243 9.653935
5456.025595 9.600264
5456.514947 9.503516
5457.004298 9.483451
5457.493650 9.595826
5457.983002 9.573100
5458.472354 9.563050
5458.961706 9.587809
5459.451058 9.606687
5459.940410 9.572353
5460.429762 9.508225
5460.919114 9.489981
5461.408466 9.511471
5461.897818 9.497607
5462.387170 9.528125
5462.876522 9.585253
5463.365874 9.487710
5463.855226 9.221306
5464.344578 9.137669
5464.833930 9.283526
5465.323282 9.449561
5465.812634 9.511619
5466.301985 9.664278
5466.791337 9.609827
5467.280689 9.570346
5467.770041 9.415168
5468.259393 9.444450
5468.748745 9.535577
5469.238097 9.518054
5469.727449 9.534397
5470.216801 9.441828
5470.706153 9.436852
5471.195505 9.495743
5471.684857 9.455605
5472.174209 9.462706
5472.663561 9.420375
5473.152913 9.444175
5473.642265 9.464435
5474.131617 9.338789
5474.620969 9.380783
5475.110321 9.425786
5475.599673 9.450567
5476.089024 9.509300
5476.578376 9.438586
5477.067728 9.411183
5477.557080 9.404614
5478.046432 9.449661
5478.535784 9.466837
5479.025136 9.342739
5479.514488 9.347097
5480.003840 9.363673
5480.493192 9.405286
5480.982544 9.415567
5481.471896 9.416132
5481.961248 9.391403
5482.450600 9.382092
5482.939952 9.384419
5483.429304 9.418526
5483.918656 9.394079
5484.408008 9.378095
5484.897360 9.322470
5485.386711 9.305143
5485.876063 9.307166
5486.365415 9.372457
5486.854767 9.385074
5487.344119 9.303554
5487.833471 9.315706
5488.322823 9.334159
5488.812175 9.291115
5489.301527 9.294002
5489.790879 9.351282
5490.280231 9.367124
5490.769583 9.419867
5491.258935 9.410799
5491.748287 9.436965
5492.237639 9.422293
5492.726991 9.395581
5493.216343 9.359770
5493.705695 9.376276
5494.195047 9.382126
5494.684398 9.398923
5495.173750 9.377357
5495.663102 9.415939
5496.152454 9.444983
5496.641806 9.478067
5497.131158 9.549866
5497.620510 9.460123
5498.109862 9.376963
5498.599214 9.250135
5499.088566 9.224432
5499.577918 9.159348
5500.067270 9.144451
5500.556622 9.209903
5501.045974 9.276634
5501.535326 9.398746
5502.024678 9.497419
5502.514030 9.527790
5503.003382 9.591141
5503.492734 9.699765
5503.982085 9.662345
5504.471437 9.710529
5504.960789 9.753484
5505.450141 9.769915
5505.939493 9.703599
5506.428845 9.746526
5506.918197 9.734254
5507.407549 9.662776
5507.896901 9.582805
5508.386253 9.573353
5508.875605 9.562339
5509.364957 9.633411
5509.854309 9.672434
5510.343661 9.613257
5510.833013 9.650678
5511.322365 9.574248
5511.811717 9.551027
5512.301069 9.555536
5512.790421 9.527478
5513.279773 9.499046
5513.769124 9.497946
5514.258476 9.500161
5514.747828 9.566695
5515.237180 9.515377
5515.726532 9.501300
5516.215884 9.412389
5516.705236 9.374269
5517.194588 9.322654
5517.683940 9.431776
5518.173292 9.486327
5518.662644 9.503593
5519.151996 9.494108
5519.641348 9.536739
5520.130700 9.576950
5520.620052 9.478666
5521.109404 9.456734
5521.598756 9.540695
5522.088108 9.626003
5522.577460 9.698372
5523.066811 9.788223
5523.556163 9.938302
5524.045515 9.855711
5524.534867 9.700829
5525.024219 9.646839
5525.513571 9.627741
5526.002923 9.604262
5526.492275 9.583814
5526.981627 9.533856
5527.470979 9.518039
5527.960331 9.550104
5528.449683 9.644190
5528.939035 9.681218
5529.428387 9.687365
5529.917739 9.742216
5530.407091 9.682711
5530.896443 9.689057
5531.385795 9.634599
5531.875147 9.661171
5532.364498 9.666224
5532.853850 9.670519
5533.343202 9.648019
5533.832554 9.600280
5534.321906 9.626251
5534.811258 9.632026
5535.300610 9.665189
5535.789962 9.590845
5536.279314 9.658218
5536.768666 9.548524
5537.258018 9.589827
5537.747370 9.484316
5538.236722 9.585578
5538.726074 9.572852
5539.215426 9.572874
5539.704778 9.606370
5540.194130 9.613675
5540.683482 9.614470
5541.172834 9.517699
5541.662185 9.538473
5542.151537 9.575476
5542.640889 9.576126
5543.130241 9.608261
5543.619593 9.544234
5544.108945 9.495894
5544.598297 9.509827
5545.087649 9.501763
5545.577001 9.539903
5546.066353 9.595304
5546.555705 9.610010
5547.045057 9.576702
5547.534409 9.561268
5548.023761 9.544411
5548.513113 9.621254
5549.002465 9.614955
5549.491817 9.549589
5549.981169 9.416268
5550.470521 9.374378
5550.959873 9.084733
5551.449224 9.073947
5551.938576 9.238259
5552.427928 9.595818
5552.917280 9.921863
5553.406632 10.215099
5553.895984 10.444862
5554.385336 10.144172
5554.874688 9.125139
5555.364040 8.421217
5555.853392 8.634653
5556.342744 9.201309
5556.832096 9.815597
5557.321448 10.865810
5557.810800 11.396184
5558.300152 11.440027
5558.789504 10.743336
5559.278856 9.848314
5559.768208 8.827641
5560.257560 8.454516
5560.746911 8.353754
5561.236263 8.634576
5561.725615 9.204203
5562.214967 9.599244
5562.704319 9.707180
5563.193671 10.280227
5563.683023 10.289843
5564.172375 10.336092
5564.661727 10.141182
5565.151079 9.184224
5565.640431 8.414774
5566.129783 8.726382
5566.619135 8.907728
5567.108487 9.151015
5567.597839 9.407782
5568.087191 9.614430
5568.576543 9.674853
5569.065895 9.397260
5569.555247 9.141603
5570.044598 8.922389
5570.533950 8.556649
5571.023302 8.413529
5571.512654 8.926846
5572.002006 9.411971
5572.491358 9.595378
5572.980710 9.811884
5573.470062 9.946043
5573.959414 9.846748
5574.448766 9.849749
5574.938118 9.389448
5575.427470 8.960962
5575.916822 8.624104
5576.406174 8.536567
5576.895526 8.561130
5577.384878 8.408308
5577.874230 8.776452
5578.363582 9.143052
5578.852934 9.507035
5579.342286 9.635145
5579.831637 9.653847
5580.320989 9.664082
5580.810341 9.525959
5581.299693 9.339793
5581.789045 9.162728
5582.278397 8.959976
5582.767749 8.957488
5583.257101 9.105411
5583.746453 9.140207
5584.235805 9.093846
5584.725157 8.947327
5585.214509 8.916535
5585.703861 8.956145
5586.193213 9.035529
5586.682565 9.238153
5587.171917 9.350443
5587.661269 9.337080
5588.150621 9.228933
5588.639973 8.993796
5589.129324 8.829608
5589.618676 8.896746
5590.108028 9.129316
5590.597380 8.948528
5591.086732 8.874625
5591.576084 8.751944
5592.065436 8.541069
5592.554788 8.462410
5593.044140 8.508923
5593.533492 8.890744
5594.022844 9.193685
5594.512196 9.351984
5595.001548 9.507380
5595.490900 9.761432
5595.980252 9.650511
5596.469604 9.686964
5596.958956 8.938092
5597.448308 8.386928
5597.937660 7.726540
5598.427011 8.262114
5598.916363 8.516751
5599.405715 8.666938
5599.895067 9.089983
5600.384419 9.441204
5600.873771 9.300304
5601.363123 9.048849
5601.852475 8.839708
5602.341827 8.912375
5602.831179 8.853902
5603.320531 8.829936
5603.809883 9.015096
5604.299235 9.212965
5604.788587 9.084300
5605.277939 9.004318
5605.767291 8.853591
5606.256643 8.886416
5606.745995 8.901442
5607.235347 8.961281
5607.724698 8.871124
5608.214050 8.727170
5608.703402 8.710803
5609.192754 8.626885
5609.682106 8.654335
5610.171458 8.877783
5610.660810 9.229435
5611.150162 9.296841
5611.639514 9.350662
5612.128866 9.370586
5612.618218 9.279541
5613.107570 9.173195
5613.596922 9.035535
5614.086274 9.005597
5614.575626 9.038041
5615.064978 8.995330
5615.554330 8.894493
5616.043682 8.835408
5616.533034 8.864710
5617.022386 8.933396
5617.511737 8.901473
5618.001089 8.857885
5618.490441 8.853540
5618.979793 8.684845
5619.469145 8.537888
5619.958497 8.528415
5620.447849 8.739989
5620.937201 9.017695
5621.426553 9.237223
5621.915905 9.306980
5622.405257 9.422840
5622.894609 9.349393
5623.383961 9.243624
5623.873313 9.239745
5624.362665 9.211791
5624.852017 9.123566
5625.341369 8.932519
5625.830721 8.618375
5626.320073 8.347816
5626.809424 8.442591
5627.298776 8.504610
5627.788128 8.663872
5628.277480 9.051955
5628.766832 9.247335
5629.256184 9.326730
5629.745536 9.183526
5630.234888 9.151882
5630.724240 8.908032
5631.213592 8.640261
5631.702944 8.646026
5632.192296 8.856717
5632.681648 9.175154
5633.171000 9.368270
5633.660352 9.207482
5634.149704 8.992001
5634.639056 8.960905
5635.128408 8.428895
5635.617760 8.259402
5636.107111 8.608328
5636.596463 8.818388
5637.085815 8.968776
5637.575167 8.986426
5638.064519 9.020342
5638.553871 8.999224
5639.043223 9.011583
5639.532575 8.880649
5640.021927 9.033145
5640.511279 8.983451
5641.000631 8.824020
5641.489983 8.650191
5641.979335 8.317021
5642.468687 8.339202
5642.958039 8.334943
5643.447391 8.760099
5643.936743 9.628986
5644.426095 10.397482
5644.915447 9.916601
5645.404798 9.185797
5645.894150 9.043926
5646.383502 8.703971
5646.872854 8.617114
5647.362206 8.631278
5647.851558 8.794716
5648.340910 8.972716
5648.830262 8.960935
5649.319614 8.857162
5649.808966 8.817078
5650.298318 8.649561
5650.787670 8.602255
5651.277022 8.626668
5651.766374 8.715513
5652.255726 8.706188
5652.745078 8.613384
5653.234430 8.731902
5653.723782 8.633745
5654.213134 8.789689
5654.702486 8.771729
5655.191837 8.956081
5655.681189 9.555888
5656.170541 9.547164
5656.659893 9.407760
5657.149245 9.034897
5657.638597 8.900339
5658.127949 8.618906
5658.617301 8.256425
5659.106653 8.193082
5659.596005 8.642816
5660.085357 8.970793
5660.574709 8.970060
5661.064061 9.073739
5661.553413 9.078713
5662.042765 8.972655
5662.532117 9.029729
5663.021469 9.027875
5663.510821 9.071291
5664.000173 9.154551
5664.489524 9.043718
5664.978876 8.898437
5665.468228 8.776038
5665.957580 8.751028
5666.446932 8.705273
5666.936284 8.756117
5667.425636 8.700572
5667.914988 8.693339
5668.404340 8.640873
5668.893692 8.325921
5669.383044 8.064963
5669.872396 8.334178
5670.361748 8.776616
5670.851100 9.075952
5671.340452 9.316439
5671.829804 9.651384
5672.319156 9.606835
5672.808508 9.114160
5673.297860 8.965804
5673.787211 8.934480
5674.276563 9.003703
5674.765915 8.938642
5675.255267 8.921066
5675.744619 8.903137
5676.233971 8.850210
5676.723323 8.895508
5677.212675 8.961937
5677.702027 8.775562
5678.191379 8.713979
5678.680731 8.567131
5679.170083 8.599420
5679.659435 8.433292
5680.148787 8.778230
5680.638139 9.149981
5681.127491 9.431978
5681.616843 9.491127
5682.106195 9.517750
5682.595547 9.234311
5683.084898 8.898763
5683.574250 8.803224
5684.063602 8.854912
5684.552954 9.027172
5685.042306 9.024473
5685.531658 8.971594
5686.021010 8.906842
5686.510362 8.915353
5686.999714 8.828590
5687.489066 8.895677
5687.978418 8.919308
5688.467770 9.006925
5688.957122 9.054683
5689.446474 8.946176
5689.935826 8.839852
5690.425178 8.830141
5690.914530 8.913357
5691.403882 8.980456
5691.893234 9.021751
5692.382586 8.993873
5692.871937 8.954934
5693.361289 8.993210
5693.850641 8.965155
5694.339993 8.886375
5694.829345 8.814972
5695.318697 8.811473
5695.808049 8.825539
5696.297401 8.767848
5696.786753 8.729740
5697.276105 8.731680
5697.765457 8.656378
5698.254809 8.720107
5698.744161 8.840302
5699.233513 8.914750
5699.722865 9.157507
5700.212217 9.431749
5700.701569 9.569622
5701.190921 9.408934
5701.680273 9.349153
5702.169624 9.161200
5702.658976 8.915469
5703.148328 8.795347
5703.637680 8.834577
5704.127032 9.010223
5704.616384 9.187458
5705.105736 9.205882
5705.595088 9.312216
5706.084440 9.138548
5706.573792 8.725091
5707.063144 8.436597
5707.552496 8.574359
5708.041848 8.676230
5708.531200 8.816645
5709.020552 9.427207
5709.509904 10.146124
5709.999256 10.489870
5710.488608 9.837236
5710.977960 9.693191
5711.467311 9.543152
5711.956663 9.159952
5712.446015 9.001075
5712.935367 8.993978
5713.424719 8.986526
5713.914071 8.873447
5714.403423 8.925724
5714.892775 8.983972
5715.382127 9.037079
5715.871479 8.969532
5716.360831 8.986535
5716.850183 8.882466
5717.339535 8.760965
5717.828887 8.673420
5718.318239 8.672415
5718.807591 8.662324
5719.296943 8.829070
5719.786295 8.973182
5720.275647 9.047195
5720.764999 9.075715
5721.254350 8.954159
5721.743702 8.855080
5722.233054 8.894897
5722.722406 8.891178
5723.211758 8.757055
5723.701110 8.851070
5724.190462 8.786275
5724.679814 8.856974
5725.169166 8.878001
5725.658518 8.908152
5726.147870 8.913669
5726.637222 8.886918
5727.126574 8.829804
5727.615926 8.786572
5728.105278 8.727251
5728.594630 8.750900
5729.083982 8.774193
5729.573334 8.726810
5730.062686 8.712366
5730.552037 8.691953
5731.041389 8.615646
5731.530741 8.638840
5732.020093 8.631496
5732.509445 8.638564
5732.998797 8.635459
5733.488149 8.812795
5733.977501 8.990065
5734.466853 8.972370
5734.956205 9.023111
5735.445557 8.988963
5735.934909 8.855673
5736.424261 8.796060
5736.913613 8.777159
5737.402965 8.749298
5737.892317 8.668855
5738.381669 8.524799
5738.871021 8.361072
5739.360373 8.548361
5739.849724 8.582612
5740.339076 8.727093
5740.828428 8.799004
5741.317780 8.993077
5741.807132 8.970956
5742.296484 8.999743
5742.785836 9.022401
5743.275188 9.126122
5743.764540 8.871784
5744.253892 8.855168
5744.743244 8.888324
5745.232596 8.786798
5745.721948 8.834307
5746.211300 8.876677
5746.700652 8.829997
5747.190004 8.885908
5747.679356 8.875213
5748.168708 8.851374
5748.658060 8.907110
5749.147411 8.922586
5749.636763 8.948546
5750.126115 8.861729
5750.615467 8.734339
5751.104819 8.783423
5751.594171 8.816854
5752.083523 8.811822
5752.572875 8.854559
5753.062227 8.838983
5753.551579 8.856599
5754.040931 8.842140
5754.530283 8.855340
5755.019635 8.895667
5755.508987 8.808013
5755.998339 8.769244
5756.487691 8.782602
5756.977043 8.691127
5757.466395 8.614811
5757.955747 8.762414
5758.445099 8.796186
5758.934450 8.860260
5759.423802 8.779826
5759.913154 8.755306
5760.402506 8.724194
5760.891858 8.718771
5761.381210 8.721579
5761.870562 8.724428
5762.359914 8.726614
5762.849266 8.712187
5763.338618 8.728727
5763.827970 8.849027
5764.317322 8.937079
5764.806674 8.954561
5765.296026 9.009989
5765.785378 8.857017
5766.274730 8.705621
5766.764082 8.530172
5767.253434 8.601762
5767.742786 8.660292
5768.232137 8.708452
5768.721489 8.874328
5769.210841 8.953555
5769.700193 8.964140
5770.189545 8.922261
5770.678897 8.921939
5771.168249 8.854566
5771.657601 8.973750
5772.146953 8.982787
5772.636305 8.927870
5773.125657 8.905907
5773.615009 8.884549
5774.104361 8.738010
5774.593713 8.721310
5775.083065 8.608179
5775.572417 8.557932
5776.061769 8.579132
5776.551121 8.514127
5777.040473 8.712714
5777.529824 8.940769
5778.019176 9.077912
5778.508528 9.065865
5778.997880 9.104059
5779.487232 9.167412
5779.976584 9.174169
5780.465936 8.970072
5780.955288 8.834957
5781.444640 8.817248
5781.933992 8.771891
5782.423344 8.826722
5782.912696 8.874934
5783.402048 8.942582
5783.891400 9.106122
5784.380752 8.886960
5784.870104 8.619136
5785.359456 8.583177
5785.848808 8.479687
5786.338160 8.463538
5786.827511 8.535817
5787.316863 8.685273
5787.806215 9.010357
5788.295567 9.288048
5788.784919 9.414984
5789.274271 9.663477
5789.763623 9.449120
5790.252975 9.250388
5790.742327 9.124359
5791.231679 8.929542
5791.721031 8.826948
5792.210383 8.696422
5792.699735 8.675953
5793.189087 8.566639
5793.678439 8.607645
5794.167791 8.754074
5794.657143 8.795325
5795.146495 8.861658
5795.635847 9.066351
5796.125199 9.099887
5796.614550 8.884055
5797.103902 8.517344
5797.593254 8.655030
5798.082606 8.734236
5798.571958 8.579631
5799.061310 8.538162
5799.550662 8.726656
5800.040014 8.946054
5800.529366 9.250822
5801.018718 9.176213
5801.508070 9.277569
5801.997422 9.124495
5802.486774 9.135570
5802.976126 8.985978
5803.465478 9.038150
5803.954830 8.903101
5804.444182 8.945948
5804.933534 9.024980
5805.422886 8.958554
5805.912237 8.973839
5806.401589 9.000657
5806.890941 8.905137
5807.380293 8.670161
5807.869645 8.703470
5808.358997 8.659109
5808.848349 8.862058
5809.337701 9.016328
5809.827053 8.934515
5810.316405 8.855959
5810.805757 8.853151
5811.295109 8.972421
5811.784461 9.119973
5812.273813 9.093876
5812.763165 9.159631
5813.252517 9.214173
5813.741869 9.108290
5814.231221 9.012651
5814.720573 8.901046
5815.209924 8.873392
5815.699276 8.853402
5816.188628 8.987134
5816.677980 9.050705
5817.167332 9.134084
5817.656684 9.107170
5818.146036 9.125489
5818.635388 9.013674
5819.124740 9.043606
5819.614092 9.032496
5820.103444 8.950985
5820.592796 9.011457
5821.082148 9.092131
5821.571500 9.047057
5822.060852 9.044117
5822.550204 9.030788
5823.039556 9.048804
5823.528908 9.024232
5824.018260 9.037333
5824.507611 9.103860
5824.996963 9.118084
5825.486315 9.106587
5825.975667 9.068325
5826.465019 9.071069
5826.954371 9.050695
5827.443723 9.093489
5827.933075 9.169907
5828.422427 9.160416
5828.911779 9.195151
5829.401131 9.192087
5829.890483 9.167079
5830.379835 9.046630
5830.869187 9.039481
5831.358539 9.112664
5831.847891 9.092845
5832.337243 9.218499
5832.826595 9.282671
5833.315947 9.278010
5833.805299 9.298246
5834.294650 9.286463
5834.784002 9.264756
5835.273354 9.299310
5835.762706 9.256123
5836.252058 9.196541
5836.741410 9.234428
5837.230762 9.310912
5837.720114 9.301961
5838.209466 9.156313
5838.698818 9.025409
5839.188170 9.036661
5839.677522 9.008540
5840.166874 9.091195
5840.656226 8.816711
5841.145578 8.603811
5841.634930 8.813911
5842.124282 9.336624
5842.613634 9.765282
5843.102986 10.102228
5843.592337 10.098100
5844.081689 10.084636
5844.571041 9.870389
5845.060393 9.623057
5845.549745 9.428811
5846.039097 9.319846
5846.528449 9.377026
5847.017801 9.257632
5847.507153 9.269200
5847.996505 9.474837
5848.485857 9.467635
5848.975209 9.542259
5849.464561 9.607842
5849.953913 9.540512
5850.443265 9.607942
5850.932617 9.515434
5851.421969 9.525719
5851.911321 9.419058
5852.400673 9.308877
5852.890024 9.306711
5853.379376 9.388913
5853.868728 9.398876
5854.358080 9.393408
5854.847432 9.455325
5855.336784 9.579131
5855.826136 9.674644
5856.315488 9.752839
5856.804840 9.758433
5857.294192 9.711904
5857.783544 9.700157
5858.272896 9.815549
5858.762248 9.741684
5859.251600 9.717366
5859.740952 9.701596
5860.230304 9.709744
5860.719656 9.705818
5861.209008 9.671719
5861.698360 9.686536
5862.187712 9.658784
5862.677063 9.708322
5863.166415 9.774688
5863.655767 9.748503
5864.145119 9.671049
5864.634471 9.705500
5865.123823 9.825061
5865.613175 9.983924
5866.102527 10.064029
5866.591879 10.016928
5867.081231 10.079401
5867.570583 10.044248
5868.059935 9.992796
5868.549287 10.035521
5869.038639 10.030011
5869.527991 10.074335
5870.017343 10.176986
5870.506695 10.252517
5870.996047 10.227324
5871.485399 10.264511
5871.974750 10.172568
5872.464102 10.088206
5872.953454 10.105817
5873.442806 10.106083
5873.932158 10.082333
5874.421510 10.039833
5874.910862 9.949596
5875.400214 9.887730
5875.889566 9.871290
5876.378918 9.969440
5876.868270 10.303829
5877.357622 10.476266
5877.846974 10.919214
5878.336326 10.939436
5878.825678 10.985985
5879.315030 11.075103
5879.804382 11.007418
5880.293734 10.825677
5880.783086 10.624468
5881.272437 10.595544
5881.761789 10.517070
5882.251141 10.414744
5882.740493 10.485810
5883.229845 10.600205
5883.719197 10.612852
5884.208549 10.635453
5884.697901 10.540423
5885.187253 10.516015
5885.676605 10.548069
5886.165957 10.478226
5886.655309 10.296712
5887.144661 10.186487
5887.634013 10.077472
5888.123365 10.110015
5888.612717 10.059760
5889.102069 9.930182
5889.591421 9.808813
5890.080773 9.943751
5890.570124 10.234095
5891.059476 10.760175
5891.548828 10.719228
5892.038180 11.565610
5892.527532 11.941607
5893.016884 11.645401
5893.506236 11.199144
5893.995588 10.843165
5894.484940 10.738457
5894.974292 10.618473
5895.463644 10.340488
5895.952996 10.169376
5896.442348 10.209287
5896.931700 10.159087
5897.421052 10.196395
5897.910404 10.181152
5898.399756 10.205395
5898.889108 10.255883
5899.378460 10.284737
5899.867812 10.234149
5900.357163 10.229556
5900.846515 10.173649
5901.335867 10.000773
5901.825219 10.000379
5902.314571 9.919826
5902.803923 9.810123
5903.293275 9.724038
5903.782627 9.539253
5904.271979 9.767518
5904.761331 10.218808
5905.250683 10.392668
5905.740035 10.541845
5906.229387 10.568312
5906.718739 10.568566
5907.208091 10.557208
5907.697443 10.321510
5908.186795 10.320361
5908.676147 10.199662
5909.165499 9.950109
5909.654850 9.963907
5910.144202 9.876264
5910.633554 9.897998
5911.122906 9.757012
5911.612258 9.741415
5912.101610 9.698401
5912.590962 9.581392
5913.080314 9.666112
5913.569666 9.419073
5914.059018 9.378753
5914.548370 9.230938
5915.037722 8.945646
5915.527074 9.055871
5916.016426 9.108208
5916.505778 9.828384
5916.995130 10.545152
5917.484482 11.260454
5917.973834 11.065096
5918.463186 11.537491
5918.952537 11.339323
5919.441889 10.659831
5919.931241 9.955824
5920.420593 9.745034
5920.909945 9.759772
5921.399297 9.423949
5921.888649 9.572708
5922.378001 9.788288
5922.867353 9.911508
5923.356705 9.758646
5923.846057 9.612160
5924.335409 9.549123
5924.824761 9.545253
5925.314113 9.416535
5925.803465 9.431511
5926.292817 9.462260
5926.782169 9.449516
5927.271521 9.422772
5927.760873 9.410202
5928.250224 9.404151
5928.739576 9.187155
5929.228928 9.028800
5929.718280 8.899157
5930.207632 8.727160
5930.696984 8.441642
5931.186336 8.381428
5931.675688 8.466005
5932.165040 8.295175
5932.654392 8.484720
5933.143744 8.637503
5933.633096 8.782287
5934.122448 9.482055
5934.611800 9.606096
5935.101152 9.628413
5935.590504 9.931567
5936.079856 10.176338
5936.569208 10.344254
5937.058560 9.812507
5937.547912 9.576577
5938.037263 9.205082
5938.526615 9.056050
5939.015967 8.764103
5939.505319 8.166390
5939.994671 8.416092
5940.484023 8.582198
5940.973375 8.868864
5941.462727 9.339497
5941.952079 9.627190
5942.441431 9.712515
5942.930783 9.627729
5943.420135 9.756254
5943.909487 9.439004
5944.398839 9.135842
5944.888191 9.517880
5945.377543 9.766701
5945.866895 10.246610
5946.356247 10.177477
5946.845599 10.010157
5947.334950 9.748794
5947.824302 9.438672
5948.313654 9.068177
5948.803006 8.672869
5949.292358 8.586651
5949.781710 8.596584
5950.271062 8.682972
5950.760414 8.911320
5951.249766 9.056141
5951.739118 8.939363
5952.228470 9.204412
5952.717822 9.258254
5953.207174 9.382355
5953.696526 9.239429
5954.185878 9.114181
5954.675230 9.146304
5955.164582 9.124346
5955.653934 9.018786
5956.143286 9.044657
5956.632637 9.187770
5957.121989 9.114214
5957.611341 9.051682
5958.100693 8.997887
5958.590045 8.911006
5959.079397 8.801707
5959.568749 8.719187
5960.058101 8.800503
5960.547453 8.932142
5961.036805 8.957714
5961.526157 8.964804
5962.015509 8.901502
5962.504861 8.859319
5962.994213 8.843002
5963.483565 8.839849
5963.972917 8.828394
5964.462269 8.817755
5964.951621 8.756293
5965.440973 8.624189
5965.930325 8.527477
5966.419676 8.435129
5966.909028 8.592233
5967.398380 8.760307
5967.887732 8.936696
5968.377084 9.047919
5968.866436 9.266487
5969.355788 9.439203
5969.845140 9.052068
5970.334492 8.888775
5970.823844 8.623362
5971.313196 8.396002
5971.802548 8.071176
5972.291900 7.866129
5972.781252 7.865060
5973.270604 8.467740
5973.759956 9.154767
5974.249308 9.524238
5974.738660 10.165727
5975.228012 10.451080
5975.717363 11.097548
5976.206715 12.815238
5976.696067 11.527774
5977.185419 11.971367
5977.674771 11.106400
5978.164123 10.294692
5978.653475 9.003731
5979.142827 8.315922
5979.632179 8.351537
5980.121531 7.949835
5980.610883 7.849600
5981.100235 7.919927
5981.589587 7.812137
5982.078939 8.618073
5982.568291 9.079761
5983.057643 9.449558
5983.546995 9.753293
5984.036347 10.326170
5984.525699 10.527015
5985.015050 10.035858
5985.504402 9.535348
5985.993754 9.218655
5986.483106 8.902137
5986.972458 8.650667
5987.461810 8.417760
5987.951162 8.631201
5988.440514 8.658491
5988.929866 8.697344
5989.419218 8.639523
5989.908570 8.535778
5990.397922 8.552710
5990.887274 8.483244
5991.376626 8.384313
5991.865978 8.433273
5992.355330 8.435953
5992.844682 8.484837
5993.334034 8.509936
5993.823386 8.720405
5994.312737 8.963302
5994.802089 9.061002
5995.291441 9.300580
5995.780793 9.031465
5996.270145 9.098011
5996.759497 8.919999
5997.248849 8.795386
5997.738201 8.820266
5998.227553 8.720076
5998.716905 8.700710
5999.206257 8.474655
5999.695609 8.429944
6000.184961 8.353853
6000.674313 8.370220
6001.163665 8.248611
6001.653017 8.008385
6002.142369 7.830395
6002.631721 8.015129
6003.121073 8.112617
6003.610425 8.140100
6004.099776 8.652065
6004.589128 9.202437
6005.078480 9.554362
6005.567832 9.433919
6006.057184 9.249913
6006.546536 9.432708
6007.035888 9.025400
6007.525240 8.667892
6008.014592 8.596355
6008.503944 8.543634
6008.993296 8.618427
6009.482648 8.690378
6009.972000 8.854100
6010.461352 8.951616
6010.950704 8.949444
6011.440056 8.703821
6011.929408 8.419316
6012.418760 8.287143
6012.908112 8.183941
6013.397463 7.899429
6013.886815 7.771813
6014.376167 7.296039
6014.865519 6.933465
6015.354871 6.904100
6015.844223 7.028599
6016.333575 7.104927
6016.822927 8.034687
6017.312279 9.813448
6017.801631 10.743726
6018.290983 11.023352
6018.780335 10.755878
6019.269687 10.351418
6019.759039 9.530795
6020.248391 9.000776
6020.737743 8.678023
6021.227095 8.588143
6021.716447 8.503676
6022.205799 8.614304
6022.695150 8.818636
6023.184502 8.821022
6023.673854 8.732049
6024.163206 8.368759
6024.652558 8.189924
6025.141910 8.268769
6025.631262 8.115741
6026.120614 8.208275
6026.609966 8.268380
6027.099318 8.139545
6027.588670 8.117802
6028.078022 7.843148
6028.567374 7.711930
6029.056726 8.146070
6029.546078 8.573288
6030.035430 9.044271
6030.524782 9.708460
6031.014134 9.577356
6031.503486 9.926038
6031.992837 9.365005
6032.482189 9.024747
6032.971541 8.710073
6033.460893 8.637776
6033.950245 8.525726
6034.439597 8.445969
6034.928949 8.368615
6035.418301 8.402352
6035.907653 8.390755
6036.397005 8.233463
6036.886357 7.807124
6037.375709 7.801517
6037.865061 7.987770
6038.354413 8.109183
6038.843765 7.494029
6039.333117 6.769285
6039.822469 6.507321
6040.311821 6.628024
6040.801173 6.484752
6041.290525 6.130775
6041.779876 8.635478
6042.269228 11.360835
6042.758580 12.855740
6043.247932 12.163771
6043.737284 11.715907
6044.226636 11.126827
6044.715988 10.175638
6045.205340 8.874859
6045.694692 8.679353
6046.184044 8.701246
6046.673396 8.635235
6047.162748 8.676015
6047.652100 8.742599
6048.141452 8.800158
6048.630804 8.732599
6049.120156 8.606420
6049.609508 8.438731
6050.098860 8.570913
6050.588212 8.507389
6051.077563 8.424627
6051.566915 8.473851
6052.056267 8.585614
6052.545619 8.580705
6053.034971 8.480278
6053.524323 8.543358
6054.013675 8.407481
6054.503027 8.556111
6054.992379 8.762771
6055.481731 8.664406
6055.971083 8.574291
6056.460435 8.541691
6056.949787 8.283667
6057.439139 8.061283
6057.928491 7.739952
6058.417843 8.274328
6058.907195 8.747048
6059.396547 9.063202
6059.885899 9.116795
6060.375250 9.579977
6060.864602 9.823861
6061.353954 9.571121
6061.843306 9.134388
6062.332658 9.157910
6062.822010 9.170818
6063.311362 9.186184
6063.800714 9.115423
6064.290066 8.689570
6064.779418 8.376590
6065.268770 8.242682
6065.758122 8.039923
6066.247474 7.845860
6066.736826 7.731909
6067.226178 7.838054
6067.715530 7.338857
6068.204882 6.754033
6068.694234 5.635821
6069.183586 4.705432
6069.672937 6.012901
6070.162289 8.153000
6070.651641 9.668180
6071.140993 11.580758
6071.630345 12.528361
6072.119697 12.442305
6072.609049 11.537658
6073.098401 10.314410
6073.587753 9.539285
6074.077105 8.828267
6074.566457 8.255289
6075.055809 8.071245
6075.545161 8.251110
6076.034513 8.274331
6076.523865 8.628496
6077.013217 8.679215
6077.502569 9.033295
6077.991921 8.749764
6078.481273 8.207357
6078.970625 8.231006
6079.459976 7.839001
6079.949328 7.364821
6080.438680 7.474793
6080.928032 9.027470
6081.417384 10.734590
6081.906736 11.843549
6082.396088 11.788047
6082.885440 11.286689
6083.374792 10.846868
6083.864144 10.040911
6084.353496 9.302479
6084.842848 8.980806
6085.332200 8.875047
6085.821552 8.594428
6086.310904 8.000220
6086.800256 7.791166
6087.289608 7.276615
6087.778960 7.228989
6088.268312 7.065687
6088.757663 6.879045
6089.247015 7.925838
6089.736367 8.358817
6090.225719 8.854311
6090.715071 8.409493
6091.204423 7.685510
6091.693775 7.291559
6092.183127 7.006740
6092.672479 6.830808
6093.161831 7.797614
6093.651183 9.709197
6094.140535 12.284281
6094.629887 12.988960
6095.119239 12.733554
6095.608591 12.966440
6096.097943 11.706146
6096.587295 10.539129
6097.076647 8.857207
6097.565999 8.484891
6098.055350 8.348042
6098.544702 7.831236
6099.034054 7.970651
6099.523406 7.859382
6100.012758 7.560437
6100.502110 7.023369
6100.991462 6.647702
6101.480814 6.776954
6101.970166 7.300003
6102.459518 8.009108
6102.948870 9.050353
6103.438222 9.002049
6103.927574 9.568464
6104.416926 9.634320
6104.906278 9.459631
6105.395630 9.442099
6105.884982 9.447151
6106.374334 9.594988
6106.863686 9.964796
6107.353038 9.938535
6107.842389 9.931856
6108.331741 9.314415
6108.821093 8.996807
6109.310445 8.846279
6109.799797 8.613323
6110.289149 8.802034
6110.778501 8.635183
6111.267853 8.864911
6111.757205 8.640551
6112.246557 8.651978
6112.735909 8.489503
6113.225261 8.596119
6113.714613 8.579438
6114.203965 8.531690
6114.693317 8.667167
6115.182669 8.843468
6115.672021 8.788361
6116.161373 8.740090
6116.650725 8.732430
6117.140076 8.633759
6117.629428 8.510563
6118.118780 8.440571
6118.608132 8.460431
6119.097484 8.660405
6119.586836 8.648587
6120.076188 8.645408
6120.565540 8.561559
6121.054892 8.580925
6121.544244 8.536065
6122.033596 8.520641
6122.522948 8.666539
6123.012300 8.600677
6123.501652 8.467475
6123.991004 8.450517
6124.480356 8.382125
6124.969708 8.151467
6125.459060 8.073663
6125.948412 8.179745
6126.437763 8.202790
6126.927115 8.256077
6127.416467 8.487098
6127.905819 8.255856
6128.395171 8.344963
6128.884523 8.566326
6129.373875 8.535511
6129.863227 8.883203
6130.352579 9.076579
6130.841931 9.151843
6131.331283 9.156720
6131.820635 9.133885
6132.309987 9.378428
6132.799339 8.670636
6133.288691 8.080146
6133.778043 7.265138
6134.267395 7.221314
6134.756747 7.301925
6135.246099 7.233928
6135.735450 5.362959
6136.224802 4.533821
6136.714154 3.379219
6137.203506 4.167468
6137.692858 2.353056
6138.182210 3.862336
6138.671562 8.533349
6139.160914 12.812874
6139.650266 15.300310
6140.139618 15.549660
6140.628970 15.866539
6141.118322 14.845113
6141.607674 12.866206
6142.097026 8.935769
6142.586378 7.739799
6143.075730 7.918187
6143.565082 6.411606
6144.054434 7.806791
6144.543786 9.534068
6145.033138 11.073892
6145.522489 10.876034
6146.011841 10.831906
6146.501193 11.146010
6146.990545 9.928145
6147.479897 9.024118
6147.969249 8.101880
6148.458601 8.589658
6148.947953 8.961898
6149.437305 9.164757
6149.926657 8.417120
6150.416009 7.872336
6150.905361 7.670873
6151.394713 8.442789
6151.884065 8.253117
6152.373417 8.715002
6152.862769 9.098677
6153.352121 10.221894
6153.841473 10.497545
6154.330825 9.695313
6154.820176 9.115295
6155.309528 8.772358
6155.798880 8.354797
6156.288232 7.904907
6156.777584 8.694707
6157.266936 9.038233
6157.756288 9.354620
6158.245640 9.121867
6158.734992 9.290430
6159.224344 8.537339
