1960.570652 46.538556
1961.016387 36.361753
1961.462122 39.152373
1961.907857 43.139036
1962.353593 41.605414
1962.799328 37.328154
1963.245063 36.875147
1963.690798 38.614487
1964.136533 43.057129
1964.582268 43.721807
1965.028003 39.944784
1965.473739 38.424907
1965.919474 47.540420
1966.365209 43.845520
1966.810944 44.560799
1967.256679 41.606777
1967.702414 39.137137
1968.148149 49.914300
1968.593885 41.835124
1969.039620 42.592189
1969.485355 39.982002
1969.931090 37.165664
1970.376825 38.835991
1970.822560 42.350351
1971.268295 39.077143
1971.714031 35.319807
1972.159766 41.566147
1972.605501 37.876580
1973.051236 35.617129
1973.496971 34.702387
1973.942706 35.921942
1974.388441 41.188428
1974.834177 38.625615
1975.279912 41.252608
1975.725647 37.900013
1976.171382 37.838842
1976.617117 43.819450
1977.062852 41.230313
1977.508587 43.823274
1977.954323 42.025135
1978.400058 40.230850
1978.845793 37.448564
1979.291528 39.812972
1979.737263 41.725382
1980.182998 40.757019
1980.628733 36.685802
1981.074469 34.224849
1981.520204 30.948425
1981.965939 35.663652
1982.411674 31.453573
1982.857409 41.973946
1983.303144 43.311360
1983.748879 40.046349
1984.194615 40.543849
1984.640350 38.948527
1985.086085 50.178708
1985.531820 36.632573
1985.977555 40.740969
1986.423290 34.580713
1986.869025 39.152363
1987.314761 46.726371
1987.760496 38.705130
1988.206231 39.567104
1988.651966 38.275231
1989.097701 42.577973
1989.543436 34.956834
1989.989171 39.857376
1990.434907 40.089361
1990.880642 36.249050
1991.326377 32.532344
1991.772112 38.038354
1992.217847 38.407034
1992.663582 40.631384
1993.109317 37.837881
1993.555053 36.829869
1994.000788 36.884755
1994.446523 35.891930
1994.892258 37.737081
1995.337993 35.513839
1995.783728 36.277110
1996.229463 39.646844
1996.675199 44.865994
1997.120934 38.426299
1997.566669 38.516070
1998.012404 38.740848
1998.458139 37.262474
1998.903874 40.721321
1999.349609 40.673632
1999.795345 40.307923
2000.241080 38.602183
2000.686815 38.373473
2001.132550 40.003522
2001.578285 41.604404
2002.024020 37.446632
2002.469755 38.363521
2002.915491 38.534208
2003.361226 38.710140
2003.806961 38.840158
2004.252696 37.960810
2004.698431 38.865022
2005.144166 38.562563
2005.589901 38.033472
2006.035637 38.181314
2006.481372 35.366849
2006.927107 37.053236
2007.372842 36.685792
2007.818577 38.159989
2008.264312 35.934639
2008.710047 36.057989
2009.155783 38.341402
2009.601518 35.031564
2010.047253 39.314138
2010.492988 36.070490
2010.938723 35.815229
2011.384458 37.366333
2011.830193 36.115316
2012.275929 41.193408
2012.721664 39.355238
2013.167399 34.312599
2013.613134 37.035343
2014.058869 32.172744
2014.504604 36.156887
2014.950339 41.091824
2015.396075 39.619352
2015.841810 39.839532
2016.287545 41.551695
2016.733280 34.618147
2017.179015 37.843892
2017.624750 37.415601
2018.070485 37.137476
2018.516221 40.384546
2018.961956 36.058970
2019.407691 37.726747
2019.853426 36.720647
2020.299161 35.359329
2020.744896 34.874927
2021.190631 36.491202
2021.636367 40.009013
2022.082102 39.419389
2022.527837 39.310530
2022.973572 39.906801
2023.419307 37.338959
2023.865042 34.871329
2024.310777 35.691163
2024.756513 39.010737
2025.202248 40.042623
2025.647983 38.195884
2026.093718 36.820692
2026.539453 35.454296
2026.985188 34.709251
2027.430923 33.069485
2027.876659 37.598269
2028.322394 38.769585
2028.768129 40.949482
2029.213864 39.247134
2029.659599 36.240961
2030.105334 37.074110
2030.551069 33.028227
2030.996805 42.409708
2031.442540 39.908115
2031.888275 36.314054
2032.334010 37.930269
2032.779745 36.382430
2033.225480 35.274481
2033.671215 36.423364
2034.116951 36.755826
2034.562686 36.426188
2035.008421 36.815123
2035.454156 35.561371
2035.899891 29.867340
2036.345626 37.541658
2036.791361 33.806676
2037.237097 36.414785
2037.682832 37.961752
2038.128567 37.256474
2038.574302 36.742158
2039.020037 38.819343
2039.465772 38.337892
2039.911507 35.573401
2040.357243 37.589925
2040.802978 38.762545
2041.248713 41.202801
2041.694448 36.449366
2042.140183 37.496439
2042.585918 35.321572
2043.031653 32.700031
2043.477389 41.109472
2043.923124 42.738943
2044.368859 38.961538
2044.814594 36.106120
2045.260329 36.274953
2045.706064 37.311595
2046.151799 37.497116
2046.597535 35.280099
2047.043270 35.435854
2047.489005 36.489319
2047.934740 36.171575
2048.380475 33.761772
2048.826210 36.578050
2049.271945 34.654600
2049.717681 34.957040
2050.163416 36.667232
2050.609151 35.501838
2051.054886 37.506528
2051.500621 39.452479
2051.946356 36.979143
2052.392091 38.226885
2052.837827 39.967501
2053.283562 38.524717
2053.729297 38.781037
2054.175032 41.250118
2054.620767 39.620107
2055.066502 35.025191
2055.512237 33.001206
2055.957973 29.196309
2056.403708 25.611611
2056.849443 28.650736
2057.295178 31.726570
2057.740913 37.941907
2058.186648 39.800079
2058.632383 38.569171
2059.078119 42.527107
2059.523854 41.333338
2059.969589 40.966806
2060.415324 41.787827
2060.861059 38.858659
2061.306794 36.958848
2061.752529 36.536401
2062.198265 37.954369
2062.644000 41.003475
2063.089735 37.483340
2063.535470 36.772101
2063.981205 37.516156
2064.426940 40.070909
2064.872675 44.042012
2065.318411 39.059014
2065.764146 37.265082
2066.209881 30.774257
2066.655616 28.118596
2067.101351 21.366932
2067.547086 20.660360
2067.992821 27.270653
2068.438557 33.422918
2068.884292 38.590398
2069.330027 40.685054
2069.775762 42.776945
2070.221497 39.369396
2070.667232 38.233709
2071.112967 39.742811
2071.558703 38.700306
2072.004438 39.450901
2072.450173 36.290915
2072.895908 38.499618
2073.341643 39.947598
2073.787378 39.302794
2074.233113 40.234840
2074.678849 41.665182
2075.124584 39.166893
2075.570319 37.537030
2076.016054 40.306217
2076.461789 40.375545
2076.907524 37.991999
2077.353259 39.105331
2077.798995 40.800414
2078.244730 38.056483
2078.690465 41.839183
2079.136200 41.993878
2079.581935 36.849057
2080.027670 35.745931
2080.473405 36.752002
2080.919141 38.736769
2081.364876 36.912325
2081.810611 34.856828
2082.256346 37.351166
2082.702081 37.857245
2083.147816 36.927689
2083.593551 36.499585
2084.039287 32.964753
2084.485022 34.447480
2084.930757 34.717526
2085.376492 37.431582
2085.822227 35.291031
2086.267962 37.082316
2086.713697 36.996252
2087.159433 38.859885
2087.605168 39.595331
2088.050903 38.318842
2088.496638 39.149853
2088.942373 37.679333
2089.388108 37.510715
2089.833843 37.844549
2090.279579 39.400751
2090.725314 41.395264
2091.171049 41.353487
2091.616784 38.813392
2092.062519 37.983165
2092.508254 38.354825
2092.953989 37.603152
2093.399725 41.671731
2093.845460 38.296507
2094.291195 33.975461
2094.736930 35.712135
2095.182665 39.367415
2095.628400 39.307549
2096.074135 37.025881
2096.519871 41.353085
2096.965606 39.424870
2097.411341 39.387573
2097.857076 40.749617
2098.302811 37.452289
2098.748546 40.339366
2099.194281 39.506218
2099.640017 37.594210
2100.085752 39.210425
2100.531487 38.962528
2100.977222 36.417776
2101.422957 35.314209
2101.868692 37.379883
2102.314427 38.603712
2102.760163 37.308261
2103.205898 40.710732
2103.651633 37.169243
2104.097368 36.517586
2104.543103 39.020522
2104.988838 39.153294
2105.434573 37.766867
2105.880309 35.816622
2106.326044 36.440591
2106.771779 38.719631
2107.217514 37.640644
2107.663249 33.469009
2108.108984 37.629751
2108.554719 39.162687
2109.000455 38.189766
2109.446190 36.154044
2109.891925 36.629240
2110.337660 37.338449
2110.783395 36.943866
2111.229130 34.604568
2111.674865 35.184603
2112.120601 35.285070
2112.566336 34.833327
2113.012071 36.412452
2113.457806 36.993418
2113.903541 32.755446
2114.349276 34.927303
2114.795011 36.389333
2115.240746 36.064431
2115.686482 34.536524
2116.132217 34.129696
2116.577952 34.865584
2117.023687 36.311544
2117.469422 37.888992
2117.915157 38.725631
2118.360892 36.617602
2118.806628 37.453878
2119.252363 36.586266
2119.698098 38.478205
2120.143833 37.810694
2120.589568 39.705916
2121.035303 38.513618
2121.481038 35.734205
2121.926774 35.211105
2122.372509 34.225692
2122.818244 33.501364
2123.263979 33.721083
2123.709714 34.545839
2124.155449 36.404844
2124.601184 38.312342
2125.046920 38.371580
2125.492655 37.044490
2125.938390 38.418358
2126.384125 38.495255
2126.829860 35.793346
2127.275595 34.585684
2127.721330 37.897620
2128.167066 34.979532
2128.612801 35.123403
2129.058536 36.004182
2129.504271 36.002162
2129.950006 35.711733
2130.395741 36.553500
2130.841476 34.253321
2131.287212 34.650208
2131.732947 35.759824
2132.178682 36.893697
2132.624417 35.204987
2133.070152 36.710205
2133.515887 37.368716
2133.961622 35.759285
2134.407358 38.794371
2134.853093 38.390738
2135.298828 35.256470
2135.744563 36.405353
2136.190298 35.229743
2136.636033 33.603841
2137.081768 34.179189
2137.527504 32.943526
2137.973239 32.502940
2138.418974 32.289241
2138.864709 30.484622
2139.310444 32.649371
2139.756179 34.814443
2140.201914 35.391380
2140.647650 34.488571
2141.093385 35.024397
2141.539120 36.810103
2141.984855 38.039237
2142.430590 39.322138
2142.876325 38.086544
2143.322060 33.856856
2143.767796 38.493676
2144.213531 38.807126
2144.659266 36.319897
2145.105001 36.258315
2145.550736 38.612115
2145.996471 37.386011
2146.442206 37.154634
2146.887942 36.831497
2147.333677 36.321741
2147.779412 37.519597
2148.225147 38.627312
2148.670882 37.535765
2149.116617 35.243665
2149.562352 35.909598
2150.008088 35.508172
2150.453823 35.157650
2150.899558 33.744506
2151.345293 35.242450
2151.791028 37.171488
2152.236763 36.001368
2152.682498 33.619057
2153.128234 37.532745
2153.573969 34.773794
2154.019704 33.704778
2154.465439 34.582076
2154.911174 34.665846
2155.356909 33.138312
2155.802644 33.887309
2156.248380 33.890770
2156.694115 33.260526
2157.139850 31.334556
2157.585585 33.173716
2158.031320 33.380288
2158.477055 33.192129
2158.922790 33.288576
2159.368526 35.368957
2159.814261 35.397469
2160.259996 36.512115
2160.705731 36.339477
2161.151466 33.513345
2161.597201 30.445355
2162.042936 31.634947
2162.488672 32.157586
2162.934407 34.366965
2163.380142 34.282293
2163.825877 34.961227
2164.271612 36.209234
2164.717347 36.105541
2165.163082 35.499151
2165.608818 35.286884
2166.054553 36.109679
2166.500288 34.281264
2166.946023 35.685496
2167.391758 33.868553
2167.837493 34.459981
2168.283228 33.905820
2168.728964 36.078589
2169.174699 36.665095
2169.620434 36.115375
2170.066169 36.056803
2170.511904 37.981723
2170.957639 37.900405
2171.403374 36.373508
2171.849110 35.696320
2172.294845 35.790120
2172.740580 37.439749
2173.186315 35.702556
2173.632050 35.600942
2174.077785 35.027878
2174.523520 37.421062
2174.969256 37.748278
2175.414991 39.661923
2175.860726 38.942752
2176.306461 37.562345
2176.752196 37.893767
2177.197931 37.894532
2177.643666 36.775523
2178.089402 37.546981
2178.535137 35.139532
2178.980872 35.582235
2179.426607 36.918669
2179.872342 36.167770
2180.318077 35.545948
2180.763812 37.348940
2181.209548 37.353734
2181.655283 37.813488
2182.101018 38.726033
2182.546753 36.373136
2182.992488 36.891765
2183.438223 36.749090
2183.883958 35.876115
2184.329694 36.596463
2184.775429 35.650210
2185.221164 37.489203
2185.666899 34.506572
2186.112634 35.689026
2186.558369 36.671585
2187.004104 33.950969
2187.449840 32.941555
2187.895575 35.732509
2188.341310 36.419041
2188.787045 38.096397
2189.232780 37.063325
2189.678515 36.501781
2190.124250 35.476689
2190.569986 34.483453
2191.015721 33.938086
2191.461456 35.733264
2191.907191 37.178900
2192.352926 37.068747
2192.798661 36.613170
2193.244396 37.619447
2193.690132 36.167212
2194.135867 36.857851
2194.581602 36.446444
2195.027337 36.205194
2195.473072 36.461073
2195.918807 36.423433
2196.364542 34.419429
2196.810278 32.925603
2197.256013 31.704520
2197.701748 34.457667
2198.147483 36.112120
2198.593218 35.227243
2199.038953 37.427817
2199.484688 36.526792
2199.930424 39.383289
2200.376159 37.985577
2200.821894 33.362238
2201.267629 35.155111
2201.713364 34.098351
2202.159099 35.047153
2202.604834 36.831585
2203.050570 37.108161
2203.496305 36.723598
2203.942040 35.332053
2204.387775 36.988281
2204.833510 37.986430
2205.279245 35.318523
2205.724980 34.914116
2206.170716 33.539523
2206.616451 34.204191
2207.062186 35.074302
2207.507921 37.169782
2207.953656 36.935248
2208.399391 34.865750
2208.845126 37.065531
2209.290862 36.606875
2209.736597 35.353839
2210.182332 36.412903
2210.628067 35.017230
2211.073802 33.828776
2211.519537 34.356170
2211.965272 37.993146
2212.411008 36.384244
2212.856743 33.598899
2213.302478 35.803033
2213.748213 36.395667
2214.193948 36.283111
2214.639683 35.093843
2215.085418 37.405238
2215.531154 35.959552
2215.976889 34.997278
2216.422624 35.459463
2216.868359 34.792844
2217.314094 35.023181
2217.759829 36.739011
2218.205564 34.381760
2218.651300 36.093472
2219.097035 38.102613
2219.542770 36.039116
2219.988505 35.176818
2220.434240 35.801905
2220.879975 36.057342
2221.325710 35.831240
2221.771446 30.508378
2222.217181 25.364998
2222.662916 16.849913
2223.108651 11.373248
2223.554386 15.087610
2224.000121 22.526208
2224.445856 28.687758
2224.891592 33.917497
2225.337327 35.979622
2225.783062 32.743122
2226.228797 34.644727
2226.674532 34.754959
2227.120267 33.872023
2227.566002 29.496199
2228.011738 23.027356
2228.457473 15.232002
2228.903208 12.530965
2229.348943 14.219323
2229.794678 21.884130
2230.240413 28.049367
2230.686148 32.228492
2231.131884 33.651510
2231.577619 32.682951
2232.023354 33.229328
2232.469089 35.040379
2232.914824 33.464577
2233.360559 33.561014
2233.806294 32.938575
2234.252030 34.129588
2234.697765 34.925401
2235.143500 34.990238
2235.589235 35.119579
2236.034970 35.544291
2236.480705 32.780104
2236.926440 33.667374
2237.372176 33.028237
2237.817911 33.802117
2238.263646 32.901151
2238.709381 33.720230
2239.155116 33.945999
2239.600851 33.159451
2240.046586 33.033943
2240.492322 35.757853
2240.938057 35.400038
2241.383792 35.440501
2241.829527 36.105580
2242.275262 35.345730
2242.720997 34.972512
2243.166732 34.861848
2243.612468 34.341660
2244.058203 35.689781
2244.503938 35.542958
2244.949673 34.626991
2245.395408 33.688444
2245.841143 35.612129
2246.286878 36.032743
2246.732614 36.671860
2247.178349 36.496624
2247.624084 36.507056
2248.069819 37.392364
2248.515554 37.736767
2248.961289 36.231480
2249.407024 36.425551
2249.852760 35.751147
2250.298495 35.559792
2250.744230 35.447835
2251.189965 37.865952
2251.635700 35.063115
2252.081435 34.253017
2252.527170 36.286680
2252.972906 35.870233
2253.418641 36.660261
2253.864376 38.069180
2254.310111 36.285983
2254.755846 37.974870
2255.201581 37.025371
2255.647316 36.904835
2256.093052 36.000976
2256.538787 35.707713
2256.984522 35.968170
2257.430257 37.849147
2257.875992 37.596975
2258.321727 36.307289
2258.767462 37.990087
2259.213198 37.648193
2259.658933 36.075922
2260.104668 36.291141
2260.550403 36.250668
2260.996138 37.911307
2261.441873 38.133017
2261.887608 33.737525
2262.333344 36.569481
2262.779079 36.214567
2263.224814 35.902284
2263.670549 36.320035
2264.116284 36.471808
2264.562019 36.503095
2265.007754 38.183618
2265.453490 38.013843
2265.899225 35.964091
2266.344960 35.648837
2266.790695 35.302169
2267.236430 34.388545
2267.682165 30.619111
2268.127900 29.804385
2268.573636 31.270523
2269.019371 32.856550
2269.465106 36.913874
2269.910841 37.717443
2270.356576 38.273506
2270.802311 39.267566
2271.248046 36.929689
2271.693782 36.164849
2272.139517 36.229794
2272.585252 37.246826
2273.030987 36.476789
2273.476722 35.743813
2273.922457 36.535234
2274.368192 36.772797
2274.813928 36.426227
2275.259663 37.162144
2275.705398 38.715915
2276.151133 36.515282
2276.596868 38.230013
2277.042603 37.863912
2277.488338 36.666673
2277.934074 37.224462
2278.379809 37.459868
2278.825544 38.233415
2279.271279 38.091054
2279.717014 36.908992
2280.162749 38.489342
2280.608484 36.918355
2281.054220 35.896862
2281.499955 36.225441
2281.945690 37.178185
2282.391425 37.964566
2282.837160 39.029375
2283.282895 37.686774
2283.728630 37.313771
2284.174366 36.541950
2284.620101 37.084806
2285.065836 37.115485
2285.511571 39.002697
2285.957306 38.786880
2286.403041 38.414916
2286.848776 37.159105
2287.294512 36.835987
2287.740247 36.709146
2288.185982 38.589505
2288.631717 36.071088
2289.077452 37.975125
2289.523187 38.004333
2289.968922 38.356432
2290.414658 37.270975
2290.860393 37.389560
2291.306128 38.185363
2291.751863 38.633851
2292.197598 37.964007
2292.643333 38.000244
2293.089068 39.622558
2293.534804 37.182969
2293.980539 36.135474
2294.426274 39.766057
2294.872009 39.436439
2295.317744 39.007109
2295.763479 38.798498
2296.209214 38.808685
2296.654950 37.901993
2297.100685 39.356032
2297.546420 40.428882
2297.992155 38.929967
2298.437890 39.302519
2298.883625 39.879829
2299.329360 40.910274
2299.775096 40.179386
2300.220831 39.260036
2300.666566 39.043994
2301.112301 38.936723
2301.558036 38.073670
2302.003771 37.366284
2302.449506 38.925634
2302.895242 40.959875
2303.340977 40.466972
2303.786712 40.492023
2304.232447 39.871926
2304.678182 39.529680
2305.123917 38.143959
2305.569652 39.085398
2306.015388 39.907409
2306.461123 40.002826
2306.906858 40.755088
2307.352593 40.990151
2307.798328 38.182402
2308.244063 40.842917
2308.689798 39.391799
2309.135534 39.384181
2309.581269 38.827098
2310.027004 38.625978
2310.472739 38.680462
2310.918474 40.175347
2311.364209 39.401045
2311.809944 39.686356
2312.255680 38.699532
2312.701415 40.180239
2313.147150 41.637396
2313.592885 41.213655
2314.038620 39.431429
2314.484355 39.787098
2314.930090 40.000532
2315.375826 40.711575
2315.821561 40.193475
2316.267296 41.059939
2316.713031 40.082017
2317.158766 40.299482
2317.604501 39.312069
2318.050236 42.323800
2318.495972 43.102593
2318.941707 41.984241
2319.387442 41.187810
2319.833177 42.793054
2320.278912 43.863972
2320.724647 43.285349
2321.170382 43.531197
2321.616118 46.276697
2322.061853 46.377458
2322.507588 45.674513
2322.953323 46.408273
2323.399058 46.534477
2323.844793 47.090972
2324.290528 49.931408
2324.736264 48.580640
2325.181999 50.040778
2325.627734 51.416528
2326.073469 52.136189
2326.519204 51.178200
2326.964939 49.660088
2327.410674 49.330147
2327.856410 48.296780
2328.302145 47.741315
2328.747880 47.347026
2329.193615 47.426825
2329.639350 46.817583
2330.085085 45.282078
2330.530820 44.539327
2330.976556 43.343519
2331.422291 42.650369
2331.868026 42.006144
2332.313761 43.784712
2332.759496 43.751181
2333.205231 43.478351
2333.650966 43.419435
2334.096702 42.077746
2334.542437 41.670594
2334.988172 43.127231
2335.433907 44.481853
2335.879642 42.421522
2336.325377 41.355153
2336.771112 40.525162
2337.216848 42.850666
2337.662583 41.909079
2338.108318 40.942324
2338.554053 42.371117
2338.999788 41.163750
2339.445523 39.267782
2339.891258 40.402243
2340.336994 41.445796
2340.782729 40.558713
2341.228464 41.416785
2341.674199 41.557950
2342.119934 41.110325
2342.565669 42.023331
2343.011404 40.987121
2343.457140 39.710524
2343.902875 39.282891
2344.348610 41.040958
2344.794345 40.299138
2345.240080 39.381867
2345.685815 39.100478
2346.131550 42.096179
2346.577286 41.614522
2347.023021 39.996267
2347.468756 40.598215
2347.914491 40.284030
2348.360226 40.299178
2348.805961 42.124612
2349.251696 40.961581
2349.697432 40.008738
2350.143167 40.812699
2350.588902 39.765969
2351.034637 40.594205
2351.480372 40.193750
2351.926107 40.794021
2352.371842 41.357546
2352.817578 42.593689
2353.263313 39.649295
2353.709048 38.031991
2354.154783 38.370276
2354.600518 41.096148
2355.046253 42.009605
2355.491988 38.912515
2355.937724 39.445773
2356.383459 39.621450
2356.829194 37.961663
2357.274929 38.638861
2357.720664 38.481264
2358.166399 38.658951
2358.612134 38.120438
2359.057870 38.721082
2359.503605 38.272957
2359.949340 39.263536
2360.395075 40.005915
2360.840810 39.645864
2361.286545 38.515864
2361.732280 38.271516
2362.178016 38.626861
2362.623751 39.531259
2363.069486 40.235988
2363.515221 41.578275
2363.960956 40.539486
2364.406691 40.255783
2364.852426 38.819951
2365.298162 40.366613
2365.743897 40.224055
2366.189632 40.010768
2366.635367 38.655431
2367.081102 38.186030
2367.526837 38.643744
2367.972572 39.638089
2368.418308 39.020453
2368.864043 38.308420
2369.309778 38.879601
2369.755513 39.245202
2370.201248 38.407563
2370.646983 37.158311
2371.092718 35.764491
2371.538454 37.021616
2371.984189 38.587486
2372.429924 37.783761
2372.875659 37.471997
2373.321394 38.441065
2373.767129 39.667228
2374.212864 40.667004
2374.658600 39.353336
2375.104335 37.570169
2375.550070 38.033383
2375.995805 40.559380
2376.441540 38.678413
2376.887275 38.013784
2377.333010 41.183731
2377.778746 39.871750
2378.224481 40.645659
2378.670216 40.655993
2379.115951 40.454050
2379.561686 39.539387
2380.007421 40.400105
2380.453156 40.810611
2380.898892 41.273227
2381.344627 42.101708
2381.790362 42.555520
2382.236097 42.619407
2382.681832 38.853188
2383.127567 39.122763
2383.573302 40.120863
2384.019038 39.268262
2384.464773 38.529933
2384.910508 39.214102
2385.356243 39.079878
2385.801978 41.641367
2386.247713 40.551232
2386.693448 40.376025
2387.139184 38.235700
2387.584919 37.164870
2388.030654 40.134462
2388.476389 39.191650
2388.922124 37.936809
2389.367859 39.550083
2389.813594 39.605979
2390.259330 37.611554
2390.705065 37.733101
2391.150800 37.323674
2391.596535 39.740536
2392.042270 38.995373
2392.488005 39.194836
2392.933740 39.206935
2393.379476 39.891212
2393.825211 41.103442
2394.270946 38.676334
2394.716681 39.503875
2395.162416 39.053230
2395.608151 39.399300
2396.053886 40.102303
2396.499622 39.130097
2396.945357 39.762920
2397.391092 39.641814
2397.836827 41.241450
2398.282562 40.226036
2398.728297 41.436109
2399.174032 39.481961
2399.619768 39.818972
2400.065503 39.693082
2400.511238 39.740016
2400.956973 39.622382
2401.402708 39.678444
2401.848443 40.597421
2402.294178 40.128893
2402.739914 39.046464
2403.185649 39.610244
2403.631384 39.502247
2404.077119 38.575034
2404.522854 39.927410
2404.968589 39.776381
2405.414324 36.682909
2405.860060 38.739632
2406.305795 38.723445
2406.751530 39.302755
2407.197265 39.286528
2407.643000 39.037660
2408.088735 40.262352
2408.534470 40.459727
2408.980206 39.020355
2409.425941 39.240712
2409.871676 38.972548
2410.317411 38.225581
2410.763146 38.011078
2411.208881 38.506481
2411.654616 39.374690
2412.100352 40.266725
2412.546087 38.554307
2412.991822 37.248885
2413.437557 37.732708
2413.883292 37.169253
2414.329027 36.166908
2414.774762 38.741191
2415.220498 37.998499
2415.666233 38.606232
2416.111968 38.835148
2416.557703 39.942440
2417.003438 38.681482
2417.449173 38.888092
2417.894908 38.012147
2418.340643 37.422592
2418.786379 38.632214
2419.232114 40.705604
2419.677849 40.551399
2420.123584 39.310775
2420.569319 40.602010
2421.015054 42.323712
2421.460789 43.673872
2421.906525 43.360098
2422.352260 43.510196
2422.797995 43.170636
2423.243730 44.779214
2423.689465 45.685122
2424.135200 45.510572
2424.580935 44.454547
2425.026671 43.633086
2425.472406 43.020941
2425.918141 43.294938
2426.363876 42.321055
2426.809611 41.153327
2427.255346 38.944390
2427.701081 40.471325
2428.146817 40.123902
2428.592552 39.850494
2429.038287 38.504510
2429.484022 39.128911
2429.929757 39.233721
2430.375492 40.634237
2430.821227 40.282304
2431.266963 39.479804
2431.712698 39.863955
2432.158433 40.394448
2432.604168 38.046169
2433.049903 37.913170
2433.495638 39.450087
2433.941373 39.069809
2434.387109 38.882827
2434.832844 39.356356
2435.278579 38.353589
2435.724314 38.615693
2436.170049 39.963432
2436.615784 40.349759
2437.061519 39.981237
2437.507255 38.719700
2437.952990 40.708918
2438.398725 39.406859
2438.844460 39.766018
2439.290195 38.915957
2439.735930 39.350493
2440.181665 38.949537
2440.627401 38.536571
2441.073136 38.403926
2441.518871 38.099358
2441.964606 39.717172
2442.410341 40.102940
2442.856076 39.290646
2443.301811 39.658256
2443.747547 40.126746
2444.193282 40.357603
2444.639017 40.129981
2445.084752 39.494717
2445.530487 39.453411
2445.976222 39.752056
2446.421957 38.869689
2446.867693 39.327109
2447.313428 38.952508
2447.759163 37.665998
2448.204898 39.483344
2448.650633 41.483877
2449.096368 39.947852
2449.542103 38.896710
2449.987839 39.345061
2450.433574 38.557043
2450.879309 38.874523
2451.325044 40.217369
2451.770779 40.694408
2452.216514 39.956608
2452.662249 40.728439
2453.107985 40.921951
2453.553720 40.448589
2453.999455 39.038650
2454.445190 38.808734
2454.890925 39.438243
2455.336660 39.081594
2455.782395 38.662843
2456.228131 39.851856
2456.673866 39.815129
2457.119601 41.549244
2457.565336 40.973915
2458.011071 41.260520
2458.456806 40.765167
2458.902541 40.784991
2459.348277 40.622638
2459.794012 42.252492
2460.239747 40.425989
2460.685482 40.227791
2461.131217 41.162259
2461.576952 42.369803
2462.022687 41.096314
2462.468423 42.094051
2462.914158 40.992700
2463.359893 42.579708
2463.805628 42.612475
2464.251363 40.199681
2464.697098 41.482985
2465.142833 39.803167
2465.588569 42.063422
2466.034304 42.517724
2466.480039 42.392187
2466.925774 44.247054
2467.371509 44.192002
2467.817244 42.687322
2468.262979 40.962159
2468.708715 41.464140
2469.154450 42.242707
2469.600185 42.917689
2470.045920 42.995959
2470.491655 42.226510
2470.937390 44.830492
2471.383125 45.695740
2471.828861 44.878926
2472.274596 43.860648
2472.720331 44.151813
2473.166066 43.474988
2473.611801 42.730619
2474.057536 42.097620
2474.503271 42.589797
2474.949007 40.920186
2475.394742 41.265726
2475.840477 42.245198
2476.286212 43.253916
2476.731947 42.110170
2477.177682 44.497893
2477.623417 43.686785
2478.069153 43.487165
2478.514888 43.053874
2478.960623 43.002714
2479.406358 43.139918
2479.852093 41.221390
2480.297828 41.353536
2480.743563 42.667498
2481.189299 41.693292
2481.635034 41.685693
2482.080769 42.080815
2482.526504 42.502948
2482.972239 41.796984
2483.417974 41.436149
2483.863709 41.496888
2484.309445 42.263630
2484.755180 41.101373
2485.200915 43.867786
2485.646650 43.433926
2486.092385 41.825839
2486.538120 41.967191
2486.983855 42.997665
2487.429591 42.207636
2487.875326 40.994583
2488.321061 41.970151
2488.766796 40.387173
2489.212531 41.742304
2489.658266 40.731351
2490.104001 40.142070
2490.549737 42.112562
2490.995472 40.160356
2491.441207 40.799208
2491.886942 40.728527
2492.332677 41.953866
2492.778412 40.777834
2493.224147 40.016847
2493.669883 41.502986
2494.115618 42.326516
2494.561353 41.911913
2495.007088 41.440247
2495.452823 42.320957
2495.898558 42.142633
2496.344293 41.170681
2496.790029 43.571641
2497.235764 42.348714
2497.681499 41.445600
2498.127234 41.978603
2498.572969 41.700596
2499.018704 42.274091
2499.464439 41.373890
2499.910175 41.925963
2500.355910 42.171889
2500.801645 41.692223
2501.247380 41.735304
2501.693115 42.568874
2502.138850 41.953650
2502.584585 40.253979
2503.030321 41.776277
2503.476056 42.377049
2503.921791 41.400980
2504.367526 40.630443
2504.813261 41.214017
2505.258996 42.727433
2505.704731 42.385324
2506.150467 42.306348
2506.596202 42.155045
2507.041937 42.294544
2507.487672 40.633835
2507.933407 41.816162
2508.379142 42.680744
2508.824877 41.820005
2509.270613 42.384833
2509.716348 42.384353
2510.162083 40.832141
2510.607818 41.985113
2511.053553 42.639849
2511.499288 41.325367
2511.945023 40.678456
2512.390759 40.614883
2512.836494 40.191122
2513.282229 39.907987
2513.727964 40.171876
2514.173699 40.818846
2514.619434 41.493466
2515.065169 42.138809
2515.510905 41.335378
2515.956640 40.819278
2516.402375 40.066262
2516.848110 38.905427
2517.293845 39.453019
2517.739580 39.642079
2518.185315 40.149522
2518.631051 40.959404
2519.076786 40.157218
2519.522521 40.622001
2519.968256 40.672289
2520.413991 40.319395
2520.859726 40.678456
2521.305461 41.482063
2521.751197 41.157122
2522.196932 40.879272
2522.642667 39.771999
2523.088402 41.272697
2523.534137 41.298170
2523.979872 40.215967
2524.425607 41.960347
2524.871343 41.581834
2525.317078 41.797347
2525.762813 39.564388
2526.208548 39.489903
2526.654283 39.559613
2527.100018 38.928840
2527.545753 38.532512
2527.991489 38.611105
2528.437224 40.369133
2528.882959 41.057322
2529.328694 40.595617
2529.774429 38.881533
2530.220164 40.755009
2530.665899 41.420510
2531.111635 40.772706
2531.557370 39.297450
2532.003105 39.151912
2532.448840 38.272408
2532.894575 37.958663
2533.340310 37.588464
2533.786045 38.083279
2534.231781 40.105362
2534.677516 39.640157
2535.123251 39.494364
2535.568986 38.827794
2536.014721 39.681611
2536.460456 39.596537
2536.906191 39.890123
2537.351927 39.925253
2537.797662 39.650805
2538.243397 39.543171
2538.689132 39.934499
2539.134867 38.953841
2539.580602 39.991414
2540.026337 40.356799
2540.472073 39.074662
2540.917808 39.031826
2541.363543 38.600408
2541.809278 39.001825
2542.255013 39.839483
2542.700748 37.899905
2543.146483 37.475634
2543.592219 36.982300
2544.037954 37.918210
2544.483689 40.120981
2544.929424 39.436341
2545.375159 39.610744
2545.820894 39.158246
2546.266629 38.868807
2546.712365 39.804481
2547.158100 38.396611
2547.603835 38.708895
2548.049570 37.781996
2548.495305 38.144753
2548.941040 38.048090
2549.386775 38.264456
2549.832511 39.624225
2550.278246 39.741026
2550.723981 37.364578
2551.169716 37.125064
2551.615451 37.677274
2552.061186 38.143714
2552.506921 38.382052
2552.952657 37.167811
2553.398392 37.160438
2553.844127 36.850537
2554.289862 35.993083
2554.735597 36.547882
2555.181332 37.182508
2555.627067 37.128760
2556.072803 37.846509
2556.518538 37.681529
2556.964273 36.268894
2557.410008 36.970750
2557.855743 36.483456
2558.301478 36.011016
2558.747213 35.849810
2559.192949 36.526439
2559.638684 37.136398
2560.084419 36.225705
2560.530154 36.290562
2560.975889 37.615662
2561.421624 38.766144
2561.867359 37.689127
2562.313095 37.438573
2562.758830 36.696410
2563.204565 37.093032
2563.650300 36.755983
2564.096035 36.756434
2564.541770 37.875962
2564.987505 38.349707
2565.433241 37.794163
2565.878976 36.597630
2566.324711 36.571815
2566.770446 37.671920
2567.216181 38.725955
2567.661916 38.814774
2568.107651 38.117702
2568.553387 36.155593
2568.999122 37.093660
2569.444857 36.453249
2569.890592 36.580815
2570.336327 36.651231
2570.782062 36.442326
2571.227797 35.764295
2571.673533 35.796238
2572.119268 36.995625
2572.565003 37.057383
2573.010738 36.613141
2573.456473 36.521439
2573.902208 37.316026
2574.347943 36.179114
2574.793679 36.426453
2575.239414 36.668997
2575.685149 37.952702
2576.130884 36.307034
2576.576619 37.167684
2577.022354 36.999791
2577.468089 36.384333
2577.913825 35.686143
2578.359560 34.532132
2578.805295 35.279060
2579.251030 35.369026
2579.696765 35.854987
2580.142500 36.388539
2580.588235 36.686116
2581.033971 35.852251
2581.479706 34.703868
2581.925441 36.365988
2582.371176 37.004351
2582.816911 37.520735
2583.262646 34.877810
2583.708381 34.912479
2584.154117 35.456247
2584.599852 35.726548
2585.045587 37.129191
2585.491322 37.213040
2585.937057 37.000056
2586.382792 35.951198
2586.828527 36.722196
2587.274263 36.827546
2587.719998 36.096658
2588.165733 35.960836
2588.611468 36.333594
2589.057203 36.140377
2589.502938 35.906725
2589.948673 34.591842
2590.394409 35.446207
2590.840144 36.042841
2591.285879 36.653731
2591.731614 35.418490
2592.177349 36.722726
2592.623084 35.968592
2593.068819 36.611503
2593.514555 37.577483
2593.960290 36.005996
2594.406025 36.608856
2594.851760 36.580893
2595.297495 38.153087
2595.743230 36.050626
2596.188965 37.130652
2596.634701 37.093513
2597.080436 35.829838
2597.526171 35.180446
2597.971906 35.935747
2598.417641 36.270159
2598.863376 34.964492
2599.309111 35.310140
2599.754847 37.038951
2600.200582 35.992191
2600.646317 35.931315
2601.092052 35.684369
2601.537787 36.109032
2601.983522 36.740874
2602.429257 37.619113
2602.874993 35.486837
2603.320728 35.910216
2603.766463 35.194074
2604.212198 35.901146
2604.657933 36.778651
2605.103668 36.606013
2605.549403 36.985928
2605.995139 36.273316
2606.440874 36.263247
2606.886609 35.662426
2607.332344 36.176957
2607.778079 36.996193
2608.223814 36.193703
2608.669549 36.812133
2609.115285 37.197921
2609.561020 37.640193
2610.006755 36.430031
2610.452490 35.466424
2610.898225 36.354252
2611.343960 37.234198
2611.789695 37.540108
2612.235431 37.701893
2612.681166 37.392864
2613.126901 36.956240
2613.572636 37.310320
2614.018371 37.272582
2614.464106 36.613297
2614.909841 35.468836
2615.355577 36.476436
2615.801312 37.177734
2616.247047 36.719873
2616.692782 36.505624
2617.138517 36.378156
2617.584252 37.337900
2618.029987 37.509862
2618.475723 36.361096
2618.921458 36.327123
2619.367193 36.391519
2619.812928 38.412250
2620.258663 38.654588
2620.704398 38.408867
2621.150133 37.445662
2621.595869 36.892618
2622.041604 36.504948
2622.487339 36.680007
2622.933074 37.822018
2623.378809 37.200608
2623.824544 37.158840
2624.270279 37.516950
2624.716015 38.625135
2625.161750 37.116955
2625.607485 36.581452
2626.053220 37.361490
2626.498955 36.227617
2626.944690 36.762767
2627.390425 37.013194
2627.836161 36.848272
2628.281896 37.184724
2628.727631 37.192205
2629.173366 37.139290
2629.619101 37.007243
2630.064836 37.503224
2630.510571 38.429162
2630.956307 38.254191
2631.402042 37.749347
2631.847777 36.570010
2632.293512 36.768160
2632.739247 37.304624
2633.184982 37.573924
2633.630717 36.775160
2634.076453 36.233098
2634.522188 35.542036
2634.967923 35.699909
2635.413658 34.902341
2635.859393 34.382652
2636.305128 35.322190
2636.750863 37.205971
2637.196599 36.021193
2637.642334 35.738695
2638.088069 35.567499
2638.533804 34.747106
2638.979539 33.805304
2639.425274 34.518818
2639.871009 34.455676
2640.316745 33.469862
2640.762480 33.573692
2641.208215 33.685414
2641.653950 33.570476
2642.099685 32.738366
2642.545420 32.143644
2642.991155 33.243613
2643.436891 32.755848
2643.882626 33.125772
2644.328361 33.209709
2644.774096 32.698982
2645.219831 32.341088
2645.665566 33.141528
2646.111301 33.974304
2646.557037 33.503844
2647.002772 31.305182
2647.448507 32.948605
2647.894242 31.499889
2648.339977 32.683795
2648.785712 32.962419
2649.231447 33.184286
2649.677183 33.473019
2650.122918 34.092929
2650.568653 33.663207
2651.014388 32.833696
2651.460123 33.262398
2651.905858 33.405691
2652.351593 33.451410
2652.797329 32.785977
2653.243064 32.823313
2653.688799 31.770131
2654.134534 31.445945
2654.580269 32.800027
2655.026004 31.588444
2655.471739 31.679175
2655.917475 32.991382
2656.363210 32.767202
2656.808945 32.168381
2657.254680 32.654999
2657.700415 32.447996
2658.146150 32.524981
2658.591885 32.848559
2659.037621 33.075544
2659.483356 32.465007
2659.929091 31.700696
2660.374826 31.583777
2660.820561 32.976548
2661.266296 33.569799
2661.712031 32.430946
2662.157767 32.240738
2662.603502 33.514865
2663.049237 33.092260
2663.494972 31.525420
2663.940707 31.975369
2664.386442 33.260996
2664.832177 33.889995
2665.277913 32.285437
2665.723648 32.275838
2666.169383 34.239830
2666.615118 33.880338
2667.060853 33.029178
2667.506588 33.144136
2667.952323 33.670217
2668.398059 32.815518
2668.843794 31.302760
2669.289529 32.610545
2669.735264 32.218070
2670.180999 32.790566
2670.626734 33.585918
2671.072469 34.350023
2671.518205 33.199679
2671.963940 32.889866
2672.409675 32.977224
2672.855410 32.846716
2673.301145 32.652773
2673.746880 32.844344
2674.192615 32.260916
2674.638351 33.239093
2675.084086 32.888307
2675.529821 32.604682
2675.975556 32.888817
2676.421291 32.496156
2676.867026 33.894770
2677.312761 33.481951
2677.758497 32.022784
2678.204232 32.948615
2678.649967 33.200228
2679.095702 33.546229
2679.541437 32.390228
2679.987172 32.413984
2680.432907 32.387110
2680.878643 32.511343
2681.324378 32.313498
2681.770113 31.519734
2682.215848 31.602857
2682.661583 32.115182
2683.107318 33.583545
2683.553053 32.969449
2683.998789 32.930182
2684.444524 32.327802
2684.890259 32.203687
2685.335994 33.390141
2685.781729 32.945359
2686.227464 33.152411
2686.673199 33.069798
2687.118935 33.420486
2687.564670 33.526483
2688.010405 32.603652
2688.456140 31.763621
2688.901875 31.125475
2689.347610 30.738343
2689.793345 30.850831
2690.239081 31.706353
2690.684816 31.675675
2691.130551 32.277427
2691.576286 33.200542
2692.022021 32.684667
2692.467756 32.531128
2692.913491 33.010854
2693.359227 33.077220
2693.804962 32.131006
2694.250697 32.687785
2694.696432 32.653597
2695.142167 32.364314
2695.587902 32.407758
2696.033637 32.287927
2696.479373 33.456547
2696.925108 34.493296
2697.370843 32.755436
2697.816578 32.544286
2698.262313 33.006275
2698.708048 33.183913
2699.153783 33.981265
2699.599519 34.063447
2700.045254 33.477833
2700.490989 34.162119
2700.936724 34.407340
2701.382459 34.019611
2701.828194 33.144705
2702.273929 32.336146
2702.719665 32.633586
2703.165400 33.313450
2703.611135 34.103802
2704.056870 34.340395
2704.502605 33.871092
2704.948340 34.745753
2705.394075 33.795215
2705.839811 34.964394
2706.285546 34.212897
2706.731281 34.300461
2707.177016 33.487304
2707.622751 33.405378
2708.068486 33.264271
2708.514221 33.152607
2708.959957 33.508354
2709.405692 34.822150
2709.851427 34.947549
2710.297162 34.586155
2710.742897 34.460441
2711.188632 34.786569
2711.634367 34.109283
2712.080103 35.336759
2712.525838 34.005277
2712.971573 34.315825
2713.417308 34.329747
2713.863043 35.063351
2714.308778 34.834856
2714.754513 34.200298
2715.200249 35.582000
2715.645984 35.513250
2716.091719 35.854261
2716.537454 35.094186
2716.983189 35.156974
2717.428924 36.050881
2717.874659 35.093274
2718.320395 35.380987
2718.766130 35.674417
2719.211865 35.373703
2719.657600 34.125411
2720.103335 35.740245
2720.549070 34.808747
2720.994805 34.446833
2721.440540 35.232184
2721.886276 34.761234
2722.332011 35.134884
2722.777746 35.072979
2723.223481 37.082895
2723.669216 35.643366
2724.114951 35.897950
2724.560686 35.883557
2725.006422 35.685300
2725.452157 35.672662
2725.897892 36.685370
2726.343627 36.306857
2726.789362 35.148483
2727.235097 35.164474
2727.680832 36.763463
2728.126568 36.632240
2728.572303 36.871980
2729.018038 37.591406
2729.463773 36.919512
2729.909508 36.881578
2730.355243 36.719912
2730.800978 37.365941
2731.246714 36.487878
2731.692449 38.175137
2732.138184 38.746515
2732.583919 38.969558
2733.029654 38.319440
2733.475389 38.478273
2733.921124 38.067327
2734.366860 37.763661
2734.812595 37.882198
2735.258330 37.968262
2735.704065 38.033785
2736.149800 38.537424
2736.595535 37.637203
2737.041270 38.087485
2737.487006 38.034452
2737.932741 37.101013
2738.378476 37.489507
2738.824211 38.958371
2739.269946 39.304117
2739.715681 39.145931
2740.161416 36.901187
2740.607152 37.402257
2741.052887 37.773515
2741.498622 39.523121
2741.944357 39.337531
2742.390092 39.228456
2742.835827 38.384660
2743.281562 39.180649
2743.727298 38.791488
2744.173033 38.521580
2744.618768 39.065034
2745.064503 38.797812
2745.510238 39.233741
2745.955973 39.158305
2746.401708 38.802175
2746.847444 39.051484
2747.293179 39.296529
2747.738914 39.252448
2748.184649 39.137941
2748.630384 39.682415
2749.076119 41.129983
2749.521854 40.602941
2749.967590 39.546524
2750.413325 40.225095
2750.859060 39.679071
2751.304795 39.960108
2751.750530 40.705938
2752.196265 39.838738
2752.642000 40.443784
2753.087736 40.323071
2753.533471 39.227338
2753.979206 39.300617
2754.424941 39.972168
2754.870676 39.614401
2755.316411 40.385948
2755.762146 39.625088
2756.207882 39.017776
2756.653617 40.684299
2757.099352 40.728978
2757.545087 41.873528
2757.990822 41.141229
2758.436557 41.335613
2758.882292 42.516371
2759.328028 42.495526
2759.773763 40.794306
2760.219498 41.051449
2760.665233 40.859819
2761.110968 40.912754
2761.556703 42.779681
2762.002438 42.847087
2762.448174 42.792329
2762.893909 42.659938
2763.339644 41.976270
2763.785379 41.743226
2764.231114 41.462356
2764.676849 41.067303
2765.122584 43.233169
2765.568320 44.382611
2766.014055 43.007342
2766.459790 42.355175
2766.905525 43.032706
2767.351260 43.981283
2767.796995 43.188500
2768.242730 42.352302
2768.688466 42.068001
2769.134201 42.995537
2769.579936 44.424761
2770.025671 46.175769
2770.471406 44.766772
2770.917141 45.431832
2771.362876 45.598283
2771.808612 45.345042
2772.254347 45.751518
2772.700082 45.219858
2773.145817 46.899382
2773.591552 47.361694
2774.037287 47.972251
2774.483022 46.505917
2774.928758 48.206618
2775.374493 48.261415
2775.820228 48.627712
2776.265963 49.468018
2776.711698 49.143547
2777.157433 49.796665
2777.603168 52.409225
2778.048904 52.097657
2778.494639 51.934795
2778.940374 51.643208
2779.386109 52.436629
2779.831844 54.096779
2780.277579 55.076985
2780.723314 55.401564
2781.169050 55.102732
2781.614785 56.054662
2782.060520 56.880212
2782.506255 57.642278
2782.951990 59.033088
2783.397725 59.463359
2783.843460 60.453056
2784.289196 62.077341
2784.734931 62.976032
2785.180666 61.424027
2785.626401 63.416589
2786.072136 65.813371
2786.517871 66.714602
2786.963606 66.712582
2787.409342 65.853991
2787.855077 67.114989
2788.300812 68.696634
2788.746547 70.275622
2789.192282 71.299184
2789.638017 71.648058
2790.083752 73.695692
2790.529488 74.532125
2790.975223 76.279094
2791.420958 79.442334
2791.866693 82.337225
2792.312428 83.223044
2792.758163 84.362632
2793.203898 87.147939
2793.649634 90.533163
2794.095369 91.069843
2794.541104 92.584013
2794.986839 94.742781
2795.432574 94.854866
2795.878309 95.522044
2796.324044 94.569977
2796.769780 95.282157
2797.215515 93.587133
2797.661250 93.061071
2798.106985 94.890967
2798.552720 96.628641
2798.998455 97.925856
2799.444190 97.313378
2799.889926 96.496270
2800.335661 97.391050
2800.781396 97.253355
2801.227131 97.978575
2801.672866 97.478986
2802.118601 96.045860
2802.564336 96.584824
2803.010072 95.896096
2803.455807 95.021406
2803.901542 93.246416
2804.347277 92.383050
2804.793012 92.004066
2805.238747 92.000340
2805.684482 90.813641
2806.130218 88.754291
2806.575953 89.025631
2807.021688 86.512900
2807.467423 85.787856
2807.913158 85.150925
2808.358893 83.240280
2808.804628 80.174830
2809.250364 78.942029
2809.696099 78.190209
2810.141834 76.536795
2810.587569 75.557726
2811.033304 75.021341
2811.479039 74.474769
2811.924774 74.800445
2812.370510 72.745330
2812.816245 72.373729
2813.261980 70.934446
2813.707715 70.221785
2814.153450 68.298688
2814.599185 66.880887
2815.044920 65.887415
2815.490656 66.682188
2815.936391 65.039785
2816.382126 63.266658
2816.827861 62.845613
2817.273596 63.029526
2817.719331 62.187847
2818.165066 60.174951
2818.610802 59.859255
2819.056537 59.456839
2819.502272 59.741238
2819.948007 58.598218
2820.393742 57.287041
2820.839477 56.784079
2821.285212 56.114303
2821.730948 56.117156
2822.176683 54.904024
2822.622418 54.618800
2823.068153 53.757523
2823.513888 53.411051
2823.959623 52.879744
2824.405358 52.947601
2824.851094 52.761835
2825.296829 52.517153
2825.742564 50.802187
2826.188299 49.175167
2826.634034 51.577685
2827.079769 51.270813
2827.525504 50.656070
2827.971240 50.207553
2828.416975 49.666216
2828.862710 48.729316
2829.308445 48.805987
2829.754180 48.840362
2830.199915 48.459682
2830.645650 47.385813
2831.091386 48.104111
2831.537121 47.621318
2831.982856 46.826220
2832.428591 45.957472
2832.874326 46.076322
2833.320061 46.328837
2833.765796 46.929609
2834.211532 45.732409
2834.657267 44.407907
2835.103002 43.790026
2835.548737 44.842884
2835.994472 45.314060
2836.440207 44.411888
2836.885942 43.413111
2837.331678 43.206658
2837.777413 44.243515
2838.223148 43.909681
2838.668883 43.519706
2839.114618 43.019274
2839.560353 42.101287
2840.006088 41.949160
2840.451824 40.681054
2840.897559 41.376282
2841.343294 40.267558
2841.789029 39.792176
2842.234764 40.443784
2842.680499 39.639412
2843.126234 39.145059
2843.571970 39.228730
2844.017705 39.654462
2844.463440 38.598231
2844.909175 38.302321
2845.354910 39.602086
2845.800645 39.747870
2846.246380 39.160569
2846.692116 38.218875
2847.137851 39.106860
2847.583586 39.953206
2848.029321 39.176943
2848.475056 38.941693
2848.920791 38.441810
2849.366526 38.432182
2849.812262 37.510832
2850.257997 36.938641
2850.703732 37.442524
2851.149467 37.605946
2851.595202 37.518833
2852.040937 37.772201
2852.486672 37.420111
2852.932408 36.729344
2853.378143 36.812241
2853.823878 36.820290
2854.269613 37.893287
2854.715348 36.788024
2855.161083 35.452100
2855.606818 35.673211
2856.052554 35.422108
2856.498289 34.946020
2856.944024 34.924509
2857.389759 35.164102
2857.835494 35.412254
2858.281229 34.679925
2858.726964 35.391557
2859.172700 35.597697
2859.618435 35.144777
2860.064170 35.524006
2860.509905 34.639570
2860.955640 35.232214
2861.401375 35.949845
2861.847110 34.323590
2862.292846 34.396143
2862.738581 35.849781
2863.184316 35.502338
2863.630051 35.041359
2864.075786 35.474464
2864.521521 35.309640
2864.967256 35.259304
2865.412992 33.340148
2865.858727 34.435636
2866.304462 34.178140
2866.750197 34.707613
2867.195932 34.224055
2867.641667 34.193141
2868.087402 34.070584
2868.533138 35.528192
2868.978873 35.106324
2869.424608 35.145650
2869.870343 34.352857
2870.316078 34.430185
2870.761813 35.432951
2871.207548 34.399310
2871.653284 33.852591
2872.099019 32.902975
2872.544754 32.854687
2872.990489 33.398936
2873.436224 33.074132
2873.881959 32.422132
2874.327694 32.891366
2874.773430 33.030090
2875.219165 32.875532
2875.664900 33.316960
2876.110635 33.397906
2876.556370 32.821881
2877.002105 32.818920
2877.447840 32.801086
2877.893576 33.061200
2878.339311 33.148980
2878.785046 33.013079
2879.230781 33.636941
2879.676516 32.812508
2880.122251 32.044864
2880.567986 32.844000
2881.013722 31.865735
2881.459457 31.702912
2881.905192 32.141477
2882.350927 33.494501
2882.796662 33.572427
2883.242397 33.051072
2883.688132 33.389641
2884.133868 33.092790
2884.579603 32.715493
2885.025338 33.092241
2885.471073 32.802076
2885.916808 31.638359
2886.362543 30.603325
2886.808278 30.463297
2887.254014 31.142701
2887.699749 31.441111
2888.145484 30.996202
2888.591219 30.889598
2889.036954 30.018349
2889.482689 31.692734
2889.928424 31.954495
2890.374160 30.339045
2890.819895 29.964189
2891.265630 30.809220
2891.711365 31.457632
2892.157100 31.539235
2892.602835 31.335242
2893.048570 30.141327
2893.494306 30.912844
2893.940041 32.244346
2894.385776 30.946454
2894.831511 30.253177
2895.277246 30.345898
2895.722981 31.347449
2896.168716 31.194979
2896.614452 30.386479
2897.060187 31.054362
2897.505922 30.377812
2897.951657 30.437825
2898.397392 30.898392
2898.843127 30.708263
2899.288862 30.402274
2899.734598 29.117745
2900.180333 30.094059
2900.626068 30.197330
2901.071803 30.614208
2901.517538 30.509545
2901.963273 30.105138
2902.409008 30.018309
2902.854744 30.347908
2903.300479 30.813524
2903.746214 30.128042
2904.191949 28.524621
2904.637684 28.815295
2905.083419 29.632257
2905.529154 30.159740
2905.974890 28.547671
2906.420625 28.986178
2906.866360 29.247978
2907.312095 29.521328
2907.757830 28.827169
2908.203565 29.304011
2908.649300 29.504112
2909.095036 29.160748
2909.540771 29.984249
2909.986506 30.142435
2910.432241 28.813403
2910.877976 29.941442
2911.323711 30.520203
2911.769446 30.157563
2912.215182 29.691496
2912.660917 29.665445
2913.106652 29.675416
2913.552387 30.150514
2913.998122 29.075733
2914.443857 29.261136
2914.889592 29.566076
2915.335328 29.102479
2915.781063 28.800667
2916.226798 28.679179
2916.672533 29.342484
2917.118268 30.644730
2917.564003 30.700665
2918.009738 30.421608
2918.455474 30.588119
2918.901209 30.170838
2919.346944 30.872665
2919.792679 29.896930
2920.238414 29.831406
2920.684149 29.802718
2921.129884 30.009446
2921.575620 30.971701
2922.021355 31.884099
2922.467090 30.781836
2922.912825 30.280590
2923.358560 29.922882
2923.804295 29.687927
2924.250030 31.130102
2924.695766 30.798553
2925.141501 30.881548
2925.587236 30.093912
2926.032971 29.714222
2926.478706 30.765365
2926.924441 30.691517
2927.370176 31.093894
2927.815912 30.708106
2928.261647 30.995408
2928.707382 31.461319
2929.153117 31.273474
2929.598852 31.740061
2930.044587 31.181566
2930.490322 30.879626
2930.936058 31.407247
2931.381793 31.963623
2931.827528 31.323349
2932.273263 30.876401
2932.718998 30.929100
2933.164733 30.979074
2933.610468 31.170517
2934.056204 30.596227
2934.501939 31.091777
2934.947674 31.142731
2935.393409 32.087249
2935.839144 31.487957
2936.284879 31.601484
2936.730614 32.035089
2937.176350 31.961329
2937.622085 32.626928
2938.067820 31.665713
2938.513555 30.354781
2938.959290 29.916382
2939.405025 31.327497
2939.850760 30.981172
2940.296496 31.414355
2940.742231 32.012960
2941.187966 31.533980
2941.633701 31.858186
2942.079436 31.923925
2942.525171 32.400670
2942.970906 31.650016
2943.416642 31.744394
2943.862377 30.946258
2944.308112 32.155459
2944.753847 32.475556
2945.199582 32.479086
2945.645317 32.629134
2946.091052 31.757719
2946.536788 31.750924
2946.982523 31.393128
2947.428258 31.727452
2947.873993 31.062628
2948.319728 30.476259
2948.765463 31.561981
2949.211198 31.581022
2949.656934 31.362714
2950.102669 31.070373
2950.548404 31.829223
2950.994139 32.729729
2951.439874 31.825007
2951.885609 31.442298
2952.331344 31.374274
2952.777080 31.477163
2953.222815 31.196753
2953.668550 31.921013
2954.114285 31.464201
2954.560020 31.718785
2955.005755 31.112778
2955.451490 31.588120
2955.897226 31.043872
2956.342961 31.200665
2956.788696 31.072991
2957.234431 30.998830
2957.680166 31.249806
2958.125901 30.768335
2958.571636 31.140299
2959.017372 31.344988
2959.463107 32.303389
2959.908842 32.263946
2960.354577 31.585140
2960.800312 30.938365
2961.246047 31.152927
2961.691782 31.690744
2962.137518 30.902657
2962.583253 31.741845
2963.028988 31.294201
2963.474723 30.901324
2963.920458 31.645928
2964.366193 31.407090
2964.811928 31.767141
2965.257664 32.197294
2965.703399 31.093777
2966.149134 32.993274
2966.594869 31.166497
2967.040604 31.266209
2967.486339 30.271639
2967.932074 32.009332
2968.377810 31.462181
2968.823545 31.351694
2969.269280 29.437049
2969.715015 29.995612
2970.160750 30.955111
2970.606485 31.450916
2971.052220 30.899981
2971.497956 29.682044
2971.943691 30.403960
2972.389426 30.395950
2972.835161 30.600649
2973.280896 30.108109
2973.726631 30.191496
2974.172366 31.899051
2974.618102 31.730217
2975.063837 31.319496
2975.509572 31.104179
2975.955307 31.035146
2976.401042 30.942248
2976.846777 30.639249
2977.292512 29.722743
2977.738248 30.519840
2978.183983 29.939883
2978.629718 30.657221
2979.075453 30.306670
2979.521188 29.927343
2979.966923 29.856888
2980.412658 29.310992
2980.858394 29.059712
2981.304129 30.314131
2981.749864 29.841701
2982.195599 31.015772
2982.641334 30.985701
2983.087069 30.344937
2983.532804 29.847319
2983.978540 29.888978
2984.424275 29.920166
2984.870010 30.339760
2985.315745 30.602012
2985.761480 30.567196
2986.207215 29.839485
2986.652950 28.979345
2987.098686 29.791766
2987.544421 29.519907
2987.990156 30.241186
2988.435891 29.236929
2988.881626 29.381340
2989.327361 28.339541
2989.773096 28.614813
2990.218832 30.117168
2990.664567 29.691025
2991.110302 29.938079
2991.556037 31.397305
2992.001772 30.629915
2992.447507 30.279453
2992.893242 28.970050
2993.338978 30.193908
2993.784713 29.837867
2994.230448 29.179053
2994.676183 29.442343
2995.121918 29.917068
2995.567653 29.962120
2996.013388 30.388479
2996.459124 30.015839
2996.904859 30.343241
2997.350594 30.022927
2997.796329 29.139413
2998.242064 29.015857
2998.687799 29.571939
2999.133534 29.782570
2999.579270 30.625170
3000.025005 29.315777
3000.470740 28.370092
3000.916475 28.439155
3001.362210 28.027355
3001.807945 28.705916
3002.253680 29.808218
3002.699416 29.479591
3003.145151 29.463550
3003.590886 28.477491
3004.036621 28.250575
3004.482356 28.295382
3004.928091 27.439790
3005.373826 27.300458
3005.819562 27.376728
3006.265297 27.468351
3006.711032 28.992649
3007.156767 29.012837
3007.602502 28.779205
3008.048237 29.435235
3008.493972 28.093075
3008.939708 27.494735
3009.385443 28.220916
3009.831178 28.539122
3010.276913 28.075535
3010.722648 27.863689
3011.168383 28.026110
3011.614118 28.349316
3012.059854 28.314657
3012.505589 27.838589
3012.951324 27.511099
3013.397059 27.690041
3013.842794 27.660274
3014.288529 28.378455
3014.734264 28.240810
3015.180000 28.117292
3015.625735 28.571712
3016.071470 28.496462
3016.517205 27.721768
3016.962940 27.179275
3017.408675 26.814958
3017.854410 27.837736
3018.300146 27.391248
3018.745881 27.278055
3019.191616 26.133868
3019.637351 27.518256
3020.083086 28.035817
3020.528821 27.491519
3020.974556 27.159705
3021.420292 27.453419
3021.866027 26.866422
3022.311762 28.322746
3022.757497 28.346551
3023.203232 28.602410
3023.648967 28.998248
3024.094702 27.780899
3024.540438 28.464647
3024.986173 28.424291
3025.431908 27.475999
3025.877643 26.810801
3026.323378 26.972194
3026.769113 27.714111
3027.214848 27.644813
3027.660583 27.766467
3028.106319 27.436624
3028.552054 27.390307
3028.997789 26.504646
3029.443524 24.413607
3029.889259 19.156573
3030.334994 17.651080
3030.780729 26.003772
3031.226465 31.052421
3031.672200 30.846644
3032.117935 26.642585
3032.563670 23.279323
3033.009405 16.204462
3033.455140 17.897055
3033.900875 21.584769
3034.346611 25.842213
3034.792346 25.728550
3035.238081 28.145833
3035.683816 27.248965
3036.129551 27.422289
3036.575286 27.064964
3037.021021 28.441626
3037.466757 28.220073
3037.912492 27.799351
3038.358227 28.132313
3038.803962 28.588811
3039.249697 28.971472
3039.695432 27.951488
3040.141167 27.464214
3040.586903 26.694618
3041.032638 27.338422
3041.478373 28.300186
3041.924108 28.911684
3042.369843 28.719662
3042.815578 28.076447
3043.261313 27.035619
3043.707049 26.552599
3044.152784 28.204366
3044.598519 28.369612
3045.044254 27.907691
3045.489989 28.342482
3045.935724 27.593908
3046.381459 28.029493
3046.827195 28.291950
3047.272930 28.392456
3047.718665 28.696220
3048.164400 28.412761
3048.610135 28.296597
3049.055870 28.530268
3049.501605 28.429645
3049.947341 26.899071
3050.393076 27.005411
3050.838811 27.358158
3051.284546 27.969734
3051.730281 27.936399
3052.176016 27.984980
3052.621751 27.468478
3053.067487 27.184991
3053.513222 27.781046
3053.958957 26.877933
3054.404692 27.755466
3054.850427 26.726924
3055.296162 27.296380
3055.741897 27.612899
3056.187633 28.190650
3056.633368 27.151018
3057.079103 27.566700
3057.524838 27.186452
3057.970573 27.411553
3058.416308 27.411308
3058.862043 27.556749
3059.307779 27.289448
3059.753514 27.982970
3060.199249 28.373259
3060.644984 28.210710
3061.090719 29.051908
3061.536454 27.567641
3061.982189 26.843705
3062.427925 27.574093
3062.873660 28.116086
3063.319395 28.345326
3063.765130 27.033658
3064.210865 28.335021
3064.656600 28.612352
3065.102335 27.045306
3065.548071 26.536618
3065.993806 26.799281
3066.439541 27.020794
3066.885276 27.215904
3067.331011 27.590437
3067.776746 28.001442
3068.222481 28.100713
3068.668217 26.774554
3069.113952 26.867550
3069.559687 26.818812
3070.005422 26.942005
3070.451157 26.966713
3070.896892 26.417444
3071.342627 26.728689
3071.788363 27.796430
3072.234098 27.485852
3072.679833 27.384777
3073.125568 26.801840
3073.571303 27.262309
3074.017038 27.904946
3074.462773 27.732151
3074.908509 27.686707
3075.354244 27.834756
3075.799979 27.567739
3076.245714 28.067191
3076.691449 27.908231
3077.137184 27.566269
3077.582919 27.573602
3078.028655 27.752662
3078.474390 27.085553
3078.920125 26.776329
3079.365860 27.022657
3079.811595 28.222367
3080.257330 28.009678
3080.703065 27.349785
3081.148801 27.610654
3081.594536 27.737367
3082.040271 26.951594
3082.486006 26.491880
3082.931741 26.692579
3083.377476 27.130497
3083.823211 28.169688
3084.268947 27.724916
3084.714682 27.203600
3085.160417 26.518039
3085.606152 27.770203
3086.051887 28.236074
3086.497622 28.286832
3086.943357 27.370149
3087.389093 27.140674
3087.834828 27.600604
3088.280563 26.960399
3088.726298 27.824755
3089.172033 27.969401
3089.617768 27.881641
3090.063503 28.481148
3090.509239 27.229268
3090.954974 26.863559
3091.400709 26.473506
3091.846444 26.434563
3092.292179 26.653155
3092.737914 26.473987
3093.183649 26.838303
3093.629385 27.567671
3094.075120 27.058679
3094.520855 26.553011
3094.966590 26.762014
3095.412325 27.954008
3095.858060 28.385279
3096.303795 28.405320
3096.749531 28.854298
3097.195266 28.345620
3097.641001 27.037217
3098.086736 27.592947
3098.532471 27.721857
3098.978206 26.745572
3099.423941 26.472663
3099.869677 27.010088
3100.315412 28.307245
3100.761147 27.603791
3101.206882 28.072054
3101.652617 27.126419
3102.098352 26.613387
3102.544087 26.806644
3102.989823 27.655098
3103.435558 28.032738
3103.881293 27.924281
3104.327028 27.650764
3104.772763 27.227542
3105.218498 27.164921
3105.664233 26.984861
3106.109969 28.097448
3106.555704 28.678454
3107.001439 28.527572
3107.447174 28.196738
3107.892909 28.674444
3108.338644 28.025512
3108.784379 28.283773
3109.230115 29.306531
3109.675850 29.510592
3110.121585 29.903665
3110.567320 29.140119
3111.013055 28.932891
3111.458790 28.912811
3111.904525 29.412930
3112.350261 28.850974
3112.795996 30.386381
3113.241731 30.197889
3113.687466 28.385779
3114.133201 28.118224
3114.578936 28.868583
3115.024671 29.157757
3115.470407 29.214810
3115.916142 29.791727
3116.361877 30.868704
3116.807612 30.992976
3117.253347 30.486759
3117.699082 30.095304
3118.144817 30.299346
3118.590553 30.155053
3119.036288 30.146043
3119.482023 31.197155
3119.927758 30.656436
3120.373493 30.485955
3120.819228 30.413863
3121.264963 30.554420
3121.710699 31.405148
3122.156434 31.456995
3122.602169 32.317929
3123.047904 31.973791
3123.493639 32.087366
3123.939374 31.766739
3124.385109 30.722166
3124.830845 30.761884
3125.276580 31.995135
3125.722315 31.588679
3126.168050 30.748011
3126.613785 30.735039
3127.059520 29.674573
3127.505255 29.104107
3127.950991 27.585329
3128.396726 27.477685
3128.842461 28.598596
3129.288196 29.657317
3129.733931 30.712195
3130.179666 32.963664
3130.625401 32.653126
3131.071137 32.267044
3131.516872 32.365118
3131.962607 33.354051
3132.408342 33.649461
3132.854077 35.101000
3133.299812 35.029084
3133.745547 34.665366
3134.191283 34.736978
3134.637018 34.032867
3135.082753 33.743388
3135.528488 32.864188
3135.974223 32.831480
3136.419958 32.932594
3136.865693 32.834637
3137.311429 31.654664
3137.757164 32.112682
3138.202899 32.560836
3138.648634 31.934475
3139.094369 31.532588
3139.540104 32.541678
3139.985839 31.263405
3140.431575 29.977778
3140.877310 31.964241
3141.323045 32.030686
3141.768780 31.848205
3142.214515 31.757660
3142.660250 30.220586
3143.105985 30.586187
3143.551721 30.931796
3143.997456 30.279227
3144.443191 30.742069
3144.888926 30.383802
3145.334661 32.171136
3145.780396 31.986497
3146.226131 32.016676
3146.671867 31.059510
3147.117602 30.691046
3147.563337 31.247060
3148.009072 29.981092
3148.454807 29.192112
3148.900542 30.478043
3149.346277 30.668604
3149.792013 30.326897
3150.237748 29.965218
3150.683483 29.933736
3151.129218 30.812260
3151.574953 30.157014
3152.020688 30.049743
3152.466423 30.363056
3152.912159 29.773569
3153.357894 30.049164
3153.803629 30.109854
3154.249364 30.055822
3154.695099 28.902085
3155.140834 28.350601
3155.586569 28.598920
3156.032305 27.839383
3156.478040 27.435369
3156.923775 29.722664
3157.369510 29.140952
3157.815245 29.103440
3158.260980 29.939285
3158.706715 29.201485
3159.152451 30.583422
3159.598186 28.734791
3160.043921 28.236466
3160.489656 29.487052
3160.935391 30.324083
3161.381126 29.334474
3161.826861 28.983874
3162.272597 29.110725
3162.718332 29.904028
3163.164067 29.551193
3163.609802 30.229048
3164.055537 29.614354
3164.501272 30.629396
3164.947007 30.305288
3165.392743 30.522830
3165.838478 29.191259
3166.284213 29.355867
3166.729948 28.575526
3167.175683 29.500053
3167.621418 29.293932
3168.067153 29.426176
3168.512889 29.623119
3168.958624 30.676987
3169.404359 31.075530
3169.850094 30.540341
3170.295829 30.492691
3170.741564 30.561195
3171.187299 29.543830
3171.633035 29.402919
3172.078770 28.442724
3172.524505 28.317589
3172.970240 29.960943
3173.415975 29.932804
3173.861710 30.636131
3174.307445 29.586362
3174.753181 29.432637
3175.198916 29.944138
3175.644651 31.291024
3176.090386 30.896627
3176.536121 28.283312
3176.981856 29.364368
3177.427591 29.790296
3177.873327 30.476073
3178.319062 30.496897
3178.764797 29.374349
3179.210532 29.200113
3179.656267 30.003995
3180.102002 29.648983
3180.547737 30.196154
3180.993473 29.845426
3181.439208 30.550450
3181.884943 29.580312
3182.330678 30.288473
3182.776413 31.213176
3183.222148 30.878195
3183.667883 30.136140
3184.113619 30.218557
3184.559354 30.373458
3185.005089 30.713185
3185.450824 30.145386
3185.896559 29.105578
3186.342294 28.861759
3186.788029 29.703418
3187.233765 30.294865
3187.679500 30.385940
3188.125235 31.273111
3188.570970 31.617436
3189.016705 30.152396
3189.462440 31.581090
3189.908175 32.310076
3190.353911 30.916884
3190.799646 29.572479
3191.245381 28.910340
3191.691116 28.625539
3192.136851 30.433442
3192.582586 30.344643
3193.028321 29.743038
3193.474057 29.683623
3193.919792 28.883721
3194.365527 29.436411
3194.811262 30.743608
3195.256997 31.337272
3195.702732 31.469741
3196.148467 30.678683
3196.594203 31.052078
3197.039938 29.962296
3197.485673 29.352416
3197.931408 29.301776
3198.377143 30.493005
3198.822878 31.893943
3199.268613 30.779552
3199.714349 29.629521
3200.160084 29.403115
3200.605819 28.703877
3201.051554 29.924853
3201.497289 31.427287
3201.943024 30.657564
3202.388759 28.381034
3202.834495 27.881994
3203.280230 27.372335
3203.725965 29.547320
3204.171700 31.692548
3204.617435 33.395073
3205.063170 32.258435
3205.508905 32.078062
3205.954641 29.982974
3206.400376 29.351377
3206.846111 29.184377
3207.291846 29.826474
3207.737581 29.700045
3208.183316 30.297179
3208.629051 30.524830
3209.074787 30.781885
3209.520522 30.428079
3209.966257 30.390273
3210.411992 30.358811
3210.857727 30.983593
3211.303462 30.205233
3211.749197 29.882762
3212.194933 29.699643
3212.640668 31.103267
3213.086403 30.643141
3213.532138 28.940136
3213.977873 30.318504
3214.423608 29.690241
3214.869343 29.758647
3215.315079 29.753744
3215.760814 30.506074
3216.206549 30.000004
3216.652284 30.049429
3217.098019 30.240990
3217.543754 29.946687
3217.989489 28.467627
3218.435225 30.207037
3218.880960 29.461942
3219.326695 29.006934
3219.772430 29.557791
3220.218165 29.293560
3220.663900 29.295619
3221.109635 29.854505
3221.555371 29.462893
3222.001106 29.873193
3222.446841 29.908852
3222.892576 29.867859
3223.338311 29.637355
3223.784046 29.581107
3224.229781 29.411508
3224.675517 29.463325
3225.121252 28.637794
3225.566987 28.170511
3226.012722 29.538820
3226.458457 28.883251
3226.904192 29.321022
3227.349927 29.002944
3227.795663 28.918811
3228.241398 29.828220
3228.687133 28.452166
3229.132868 28.340355
3229.578603 27.117918
3230.024338 26.641987
3230.470073 26.520509
3230.915809 27.459968
3231.361544 28.958902
3231.807279 28.167864
3232.253014 28.029552
3232.698749 28.520464
3233.144484 27.903358
3233.590219 27.877709
3234.035955 26.559963
3234.481690 27.711581
3234.927425 29.302227
3235.373160 27.569259
3235.818895 25.923424
3236.264630 27.787155
3236.710365 28.603910
3237.156101 28.795628
3237.601836 28.549995
3238.047571 28.092938
3238.493306 28.126479
3238.939041 28.239506
3239.384776 27.215532
3239.830511 26.722806
3240.276247 27.223307
3240.721982 28.708014
3241.167717 29.065213
3241.613452 29.507161
3242.059187 28.659551
3242.504922 26.904582
3242.950657 28.326178
3243.396393 29.083429
3243.842128 27.572553
3244.287863 27.381150
3244.733598 27.508069
3245.179333 27.924663
3245.625068 28.028169
3246.070803 28.368513
3246.516539 28.397466
3246.962274 27.993275
3247.408009 27.495372
3247.853744 27.953714
3248.299479 29.678122
3248.745214 28.556074
3249.190949 28.713152
3249.636685 28.280273
3250.082420 27.758123
3250.528155 27.279359
3250.973890 27.019490
3251.419625 27.424946
3251.865360 27.667667
3252.311095 28.258428
3252.756831 29.217300
3253.202566 28.701357
3253.648301 27.819451
3254.094036 27.208914
3254.539771 27.407661
3254.985506 27.075337
3255.431241 26.543207
3255.876977 26.501479
3256.322712 25.720539
3256.768447 26.547001
3257.214182 27.326833
3257.659917 27.164901
3258.105652 27.016059
3258.551387 26.431886
3258.997123 27.255260
3259.442858 27.226856
3259.888593 27.107672
3260.334328 26.731365
3260.780063 27.096672
3261.225798 27.429496
3261.671533 28.636657
3262.117269 27.224013
3262.563004 26.633948
3263.008739 27.325293
3263.454474 28.987492
3263.900209 28.562957
3264.345944 28.986365
3264.791679 27.330284
3265.237415 26.672156
3265.683150 27.416701
3266.128885 27.232572
3266.574620 26.491282
3267.020355 27.382777
3267.466090 28.002638
3267.911825 28.252644
3268.357561 27.689394
3268.803296 27.321479
3269.249031 27.206786
3269.694766 27.734279
3270.140501 27.976097
3270.586236 27.121938
3271.031971 27.022000
3271.477707 25.693028
3271.923442 26.340410
3272.369177 28.601998
3272.814912 28.436469
3273.260647 26.109984
3273.706382 25.914149
3274.152117 27.603516
3274.597853 27.858316
3275.043588 27.510412
3275.489323 27.868964
3275.935058 27.712846
3276.380793 27.316969
3276.826528 28.146892
3277.272263 28.734143
3277.717999 27.763594
3278.163734 27.573377
3278.609469 28.230829
3279.055204 27.136615
3279.500939 26.681088
3279.946674 27.057081
3280.392409 26.312271
3280.838145 26.604465
3281.283880 26.143281
3281.729615 26.419180
3282.175350 24.895509
3282.621085 25.995664
3283.066820 28.151471
3283.512555 27.282536
3283.958291 26.909798
3284.404026 28.083996
3284.849761 28.278724
3285.295496 27.283957
3285.741231 27.259054
3286.186966 26.988057
3286.632701 26.554394
3287.078437 26.410228
3287.524172 26.868726
3287.969907 26.247777
3288.415642 26.505077
3288.861377 26.587592
3289.307112 27.238847
3289.752847 27.189001
3290.198583 26.592151
3290.644318 26.170939
3291.090053 26.864795
3291.535788 27.486019
3291.981523 28.046994
3292.427258 28.408447
3292.872993 27.840305
3293.318729 28.322422
3293.764464 27.955675
3294.210199 27.298321
3294.655934 27.152714
3295.101669 26.592808
3295.547404 26.708913
3295.993139 27.481656
3296.438875 27.828530
3296.884610 27.241337
3297.330345 27.331343
3297.776080 27.817460
3298.221815 28.676179
3298.667550 28.362346
3299.113285 27.850296
3299.559021 27.574887
3300.004756 27.251524
3300.450491 27.563494
3300.896226 26.503175
3301.341961 25.837527
3301.787696 26.036617
3302.233431 26.477438
3302.679167 27.003676
3303.124902 27.528090
3303.570637 27.464400
3304.016372 26.909709
3304.462107 27.169607
3304.907842 26.819861
3305.353577 25.313083
3305.799313 27.247043
3306.245048 25.964583
3306.690783 26.376491
3307.136518 26.494086
3307.582253 26.452338
3308.027988 27.309234
3308.473723 26.243247
3308.919459 27.554905
3309.365194 26.426386
3309.810929 26.654733
3310.256664 27.550111
3310.702399 27.415662
3311.148134 27.245749
3311.593869 26.125201
3312.039605 25.246883
3312.485340 27.315567
3312.931075 27.077121
3313.376810 27.130448
3313.822545 26.802781
3314.268280 26.620937
3314.714015 27.148528
3315.159751 27.188452
3315.605486 27.513177
3316.051221 27.048022
3316.496956 27.188295
3316.942691 26.603877
3317.388426 25.984879
3317.834161 26.496802
3318.279897 26.965644
3318.725632 26.166174
3319.171367 25.774817
3319.617102 26.096640
3320.062837 26.384962
3320.508572 26.919661
3320.954307 26.956036
3321.400043 27.076847
3321.845778 26.555129
3322.291513 27.458507
3322.737248 26.785231
3323.182983 26.194558
3323.628718 25.498820
3324.074453 26.864893
3324.520189 26.965036
3324.965924 27.972215
3325.411659 26.867520
3325.857394 26.208059
3326.303129 26.976606
3326.748864 26.902611
3327.194599 26.006390
3327.640335 26.173920
3328.086070 27.041031
3328.531805 26.970321
3328.977540 27.029815
3329.423275 27.268506
3329.869010 27.123860
3330.314745 26.070511
3330.760480 25.378067
3331.206216 26.089640
3331.651951 26.112249
3332.097686 26.970919
3332.543421 27.428231
3332.989156 26.757582
3333.434891 26.179734
3333.880626 25.173859
3334.326362 26.193264
3334.772097 26.235874
3335.217832 26.565434
3335.663567 27.218179
3336.109302 26.757004
3336.555037 27.246504
3337.000772 26.441926
3337.446508 26.429739
3337.892243 26.758847
3338.337978 27.490813
3338.783713 28.634873
3339.229448 27.286114
3339.675183 26.675470
3340.120918 26.678519
3340.566654 27.826834
3341.012389 28.670414
3341.458124 27.998667
3341.903859 28.799647
3342.349594 28.425919
3342.795329 28.782058
3343.241064 29.001297
3343.686800 29.789845
3344.132535 30.089177
3344.578270 30.772826
3345.024005 30.012270
3345.469740 30.202615
3345.915475 31.145348
3346.361210 31.732482
3346.806946 31.823488
3347.252681 31.914660
3347.698416 30.941101
3348.144151 30.622395
3348.589886 29.936638
3349.035621 29.642257
3349.481356 29.387026
3349.927092 29.724262
3350.372827 29.114068
3350.818562 28.899722
3351.264297 28.209994
3351.710032 27.886308
3352.155767 27.370698
3352.601502 26.017753
3353.047238 26.265925
3353.492973 26.794389
3353.938708 26.562973
3354.384443 26.849676
3354.830178 26.586347
3355.275913 27.116575
3355.721648 27.477910
3356.167384 26.210285
3356.613119 25.846302
3357.058854 26.538932
3357.504589 26.502528
3357.950324 27.311038
3358.396059 26.959183
3358.841794 27.296664
3359.287530 26.609495
3359.733265 25.636652
3360.179000 25.285797
3360.624735 24.895460
3361.070470 24.202702
3361.516205 25.630612
3361.961940 27.024403
3362.407676 26.733130
3362.853411 26.952859
3363.299146 25.254354
3363.744881 26.029244
3364.190616 24.910823
3364.636351 25.491065
3365.082086 26.224285
3365.527822 26.270327
3365.973557 25.235020
3366.419292 26.331929
3366.865027 25.404069
3367.310762 26.378001
3367.756497 26.083287
3368.202232 26.020391
3368.647968 26.422494
3369.093703 26.426062
3369.539438 26.633751
3369.985173 26.516882
3370.430908 25.672791
3370.876643 25.556657
3371.322378 25.308269
3371.768114 26.478330
3372.213849 27.122654
3372.659584 26.709834
3373.105319 26.217089
3373.551054 26.236423
3373.996789 26.282211
3374.442524 26.091738
3374.888260 25.659957
3375.333995 25.757022
3375.779730 25.976770
3376.225465 25.846665
3376.671200 26.252571
3377.116935 26.234570
3377.562670 26.289672
3378.008406 26.143575
3378.454141 26.161458
3378.899876 25.971751
3379.345611 25.695910
3379.791346 26.671097
3380.237081 27.319067
3380.682816 27.098280
3381.128552 26.277328
3381.574287 26.603906
3382.020022 26.335714
3382.465757 26.111092
3382.911492 25.765944
3383.357227 26.019920
3383.802962 25.698714
3384.248698 25.208155
3384.694433 25.300533
3385.140168 26.102906
3385.585903 26.341155
3386.031638 25.924963
3386.477373 26.197803
3386.923108 26.135535
3387.368844 26.342989
3387.814579 27.218944
3388.260314 27.538473
3388.706049 26.876188
3389.151784 25.707568
3389.597519 24.853340
3390.043254 25.367194
3390.488990 25.737325
3390.934725 25.671291
3391.380460 25.263188
3391.826195 25.281179
3392.271930 26.201735
3392.717665 26.413924
3393.163400 26.649115
3393.609136 26.678450
3394.054871 26.874099
3394.500606 26.225393
3394.946341 26.314693
3395.392076 25.779160
3395.837811 26.106141
3396.283546 25.209469
3396.729282 26.228286
3397.175017 26.301623
3397.620752 26.672107
3398.066487 26.421131
3398.512222 27.759467
3398.957957 25.826252
3399.403692 25.939101
3399.849428 26.166576
3400.295163 26.252405
3400.740898 26.340469
3401.186633 26.261141
3401.632368 25.624004
3402.078103 25.948769
3402.523838 26.305771
3402.969574 25.944023
3403.415309 25.779317
3403.861044 26.237610
3404.306779 26.317262
3404.752514 25.687616
3405.198249 25.877451
3405.643984 25.408863
3406.089720 25.871264
3406.535455 25.861048
3406.981190 26.314516
3407.426925 25.670546
3407.872660 25.778347
3408.318395 24.982887
3408.764130 25.344575
3409.209866 25.339281
3409.655601 25.738011
3410.101336 26.699971
3410.547071 26.943986
3410.992806 26.889983
3411.438541 27.313842
3411.884276 27.477136
3412.330012 27.107819
3412.775747 26.034872
3413.221482 25.806554
3413.667217 26.000125
3414.112952 25.610591
3414.558687 25.764297
3415.004422 26.162899
3415.450158 26.241179
3415.895893 26.288162
3416.341628 27.981588
3416.787363 26.518999
3417.233098 26.722963
3417.678833 27.854178
3418.124568 27.476391
3418.570304 28.247065
3419.016039 28.145206
3419.461774 27.884739
3419.907509 28.647795
3420.353244 29.287540
3420.798979 29.542212
3421.244714 29.573851
3421.690450 29.240517
3422.136185 29.595019
3422.581920 30.549195
3423.027655 30.843909
3423.473390 31.217921
3423.919125 31.480643
3424.364860 32.722728
3424.810596 37.763965
3425.256331 44.219003
3425.702066 44.625401
3426.147801 43.298408
3426.593536 36.859195
3427.039271 35.430118
3427.485006 37.339861
3427.930742 38.101476
3428.376477 38.918780
3428.822212 37.715374
3429.267947 35.447972
3429.713682 33.808118
3430.159417 30.831839
3430.605152 30.173564
3431.050888 29.030289
3431.496623 27.526796
3431.942358 26.968134
3432.388093 26.706707
3432.833828 27.058767
3433.279563 27.179343
3433.725298 27.044776
3434.171034 27.459596
3434.616769 26.930936
3435.062504 26.578366
3435.508239 25.534008
3435.953974 26.728100
3436.399709 26.954624
3436.845444 26.504910
3437.291180 26.215530
3437.736915 25.835585
3438.182650 26.357676
3438.628385 26.239541
3439.074120 26.927603
3439.519855 26.936123
3439.965590 27.426662
3440.411326 26.981557
3440.857061 26.259601
3441.302796 27.210551
3441.748531 28.410673
3442.194266 26.460339
3442.640001 25.339830
3443.085736 25.149044
3443.531472 25.791779
3443.977207 26.279946
3444.422942 26.520617
3444.868677 27.051336
3445.314412 26.019459
3445.760147 25.916218
3446.205882 24.998368
3446.651618 25.835654
3447.097353 26.023244
3447.543088 26.153330
3447.988823 26.164762
3448.434558 25.861911
3448.880293 25.802260
3449.326028 26.116975
3449.771764 25.468975
3450.217499 26.192048
3450.663234 26.227462
3451.108969 25.802397
3451.554704 26.112436
3452.000439 26.493468
3452.446174 25.834605
3452.891910 25.040567
3453.337645 25.815682
3453.783380 26.321595
3454.229115 25.516399
3454.674850 25.491672
3455.120585 24.698664
3455.566320 25.106992
3456.012056 25.078589
3456.457791 25.498055
3456.903526 25.596826
3457.349261 25.319240
3457.794996 25.680086
3458.240731 25.289229
3458.686466 25.358772
3459.132202 25.544774
3459.577937 25.696999
3460.023672 25.858351
3460.469407 25.562932
3460.915142 25.390951
3461.360877 26.629035
3461.806612 26.117573
3462.252348 25.940915
3462.698083 25.070157
3463.143818 24.987103
3463.589553 24.296541
3464.035288 24.430530
3464.481023 24.646298
3464.926758 25.451562
3465.372494 25.332437
3465.818229 24.828799
3466.263964 25.144975
3466.709699 25.377224
3467.155434 25.375283
3467.601169 26.088542
3468.046904 26.394913
3468.492640 26.569885
3468.938375 26.667940
3469.384110 25.951053
3469.829845 25.474818
3470.275580 26.068482
3470.721315 25.596110
3471.167050 25.324594
3471.612786 25.325407
3472.058521 25.581786
3472.504256 25.664967
3472.949991 25.527341
3473.395726 25.290288
3473.841461 25.283993
3474.287196 25.013967
3474.732932 24.779012
3475.178667 25.618670
3475.624402 25.199596
3476.070137 25.747453
3476.515872 24.927452
3476.961607 25.225401
3477.407342 25.228676
3477.853078 24.449364
3478.298813 24.255392
3478.744548 24.858389
3479.190283 25.452935
3479.636018 24.733891
3480.081753 24.980083
3480.527488 24.804307
3480.973224 24.640984
3481.418959 24.629581
3481.864694 25.183615
3482.310429 25.250177
3482.756164 25.074402
3483.201899 24.574548
3483.647634 24.934472
3484.093370 24.732577
3484.539105 25.641534
3484.984840 25.517115
3485.430575 26.057893
3485.876310 26.107563
3486.322045 25.531714
3486.767780 25.531332
3487.213516 25.070804
3487.659251 24.973249
3488.104986 25.574423
3488.550721 24.581666
3488.996456 24.567558
3489.442191 25.535832
3489.887926 25.902178
3490.333662 25.541421
3490.779397 25.860391
3491.225132 25.953671
3491.670867 24.859987
3492.116602 25.724010
3492.562337 24.639533
3493.008072 24.864585
3493.453808 24.918883
3493.899543 24.650043
3494.345278 25.316946
3494.791013 25.003741
3495.236748 25.062950
3495.682483 25.035341
3496.128218 24.978808
3496.573954 24.751500
3497.019689 24.000709
3497.465424 24.357966
3497.911159 24.714508
3498.356894 24.948110
3498.802629 24.122344
3499.248364 24.128805
3499.694100 24.570244
3500.139835 25.000074
3500.585570 24.926001
3501.031305 24.785610
3501.477040 24.406695
3501.922775 24.469591
3502.368510 25.354076
3502.814246 24.957179
3503.259981 24.570852
3503.705716 24.452443
3504.151451 24.422951
3504.597186 23.810521
3505.042921 23.648541
3505.488656 23.662944
3505.934392 23.975894
3506.380127 24.680878
3506.825862 24.917353
3507.271597 24.385860
3507.717332 25.008722
3508.163067 25.247922
3508.608802 25.263345
3509.054538 24.909931
3509.500273 23.982767
3509.946008 23.911302
3510.391743 24.749892
3510.837478 24.805337
3511.283213 24.086028
3511.728948 24.231498
3512.174684 24.434765
3512.620419 24.835280
3513.066154 24.867762
3513.511889 24.039928
3513.957624 23.691965
3514.403359 23.547633
3514.849094 24.289021
3515.294830 24.549664
3515.740565 24.491259
3516.186300 23.131716
3516.632035 23.350592
3517.077770 25.180703
3517.523505 24.843790
3517.969240 24.804141
3518.414976 24.482641
3518.860711 24.366555
3519.306446 24.653739
3519.752181 24.406195
3520.197916 23.510866
3520.643651 24.110471
3521.089386 24.965621
3521.535122 24.457296
3521.980857 24.280295
3522.426592 23.585645
3522.872327 25.057411
3523.318062 23.407968
3523.763797 23.308638
3524.209532 23.805207
3524.655268 24.025623
3525.101003 24.502652
3525.546738 23.854083
3525.992473 23.838719
3526.438208 23.836856
3526.883943 23.776755
3527.329678 23.741262
3527.775414 23.275028
3528.221149 24.037839
3528.666884 23.573184
3529.112619 24.103255
3529.558354 24.471954
3530.004089 24.688839
3530.449824 24.733303
3530.895560 23.963815
3531.341295 24.135276
3531.787030 24.678103
3532.232765 23.349641
3532.678500 24.964680
3533.124235 24.475307
3533.569970 24.897529
3534.015706 24.460473
3534.461441 23.956305
3534.907176 23.922871
3535.352911 24.247823
3535.798646 24.264216
3536.244381 24.600942
3536.690116 24.658700
3537.135852 23.663679
3537.581587 23.726340
3538.027322 23.670278
3538.473057 24.026535
3538.918792 24.804209
3539.364527 25.007074
3539.810262 25.354125
3540.255998 24.401391
3540.701733 24.361192
3541.147468 24.425569
3541.593203 24.827142
3542.038938 23.954893
3542.484673 23.413556
3542.930408 23.949040
3543.376144 24.346181
3543.821879 24.732332
3544.267614 24.519486
3544.713349 24.500034
3545.159084 24.389988
3545.604819 23.736880
3546.050554 24.466600
3546.496290 23.785147
3546.942025 24.406852
3547.387760 24.318395
3547.833495 23.681925
3548.279230 23.417841
3548.724965 23.657444
3549.170700 23.293461
3549.616436 23.409340
3550.062171 22.971422
3550.507906 23.582331
3550.953641 23.523945
3551.399376 24.130188
3551.845111 24.243773
3552.290846 23.888193
3552.736582 23.863133
3553.182317 23.940265
3553.628052 24.183956
3554.073787 23.540652
3554.519522 24.181358
3554.965257 23.484855
3555.410992 23.700191
3555.856728 24.075802
3556.302463 23.743213
3556.748198 24.340593
3557.193933 24.246087
3557.639668 23.870407
3558.085403 23.908086
3558.531138 23.498306
3558.976874 23.960648
3559.422609 24.087293
3559.868344 23.338120
3560.314079 23.181983
3560.759814 23.597871
3561.205549 24.184054
3561.651284 24.438962
3562.097020 24.081783
3562.542755 23.138147
3562.988490 22.985403
3563.434225 23.982365
3563.879960 23.552222
3564.325695 24.454237
3564.771430 23.861623
3565.217166 23.840396
3565.662901 23.396094
3566.108636 23.708123
3566.554371 23.948344
3567.000106 23.773549
3567.445841 23.010257
3567.891576 23.400987
3568.337312 22.557259
3568.783047 23.087272
3569.228782 23.757626
3569.674517 23.697083
3570.120252 23.256155
3570.565987 23.019621
3571.011722 23.074291
3571.457458 23.543594
3571.903193 24.122217
3572.348928 23.904919
3572.794663 23.663307
3573.240398 23.811433
3573.686133 23.549565
3574.131868 22.831531
3574.577604 23.424361
3575.023339 23.577929
3575.469074 23.585498
3575.914809 25.171104
3576.360544 24.485072
3576.806279 25.048763
3577.252014 24.626669
3577.697750 23.775235
3578.143485 23.958687
3578.589220 24.361927
3579.034955 23.642502
3579.480690 23.357033
3579.926425 23.284499
3580.372160 22.888770
3580.817896 24.268137
3581.263631 23.614098
3581.709366 24.348025
3582.155101 23.621726
3582.600836 23.522984
3583.046571 23.428185
3583.492306 23.337846
3583.938042 25.152760
3584.383777 24.349544
3584.829512 25.236039
3585.275247 24.660946
3585.720982 23.792775
3586.166717 24.288374
3586.612452 24.000984
3587.058188 23.385486
3587.503923 22.961803
3587.949658 23.390771
3588.395393 23.696828
3588.841128 23.325423
3589.286863 22.463136
3589.732598 22.673286
3590.178334 23.002982
3590.624069 23.971727
3591.069804 24.258529
3591.515539 24.340289
3591.961274 24.351054
3592.407009 24.142581
3592.852744 24.257000
3593.298480 24.420578
3593.744215 23.663228
3594.189950 23.616490
3594.635685 24.421274
3595.081420 24.836937
3595.527155 23.996307
3595.972890 23.685867
3596.418626 23.586165
3596.864361 23.749626
3597.310096 24.290345
3597.755831 22.710504
3598.201566 22.532268
3598.647301 23.338209
3599.093036 24.551762
3599.538772 24.225782
3599.984507 24.566038
3600.430242 23.929048
3600.875977 23.518072
3601.321712 24.134727
3601.767447 24.081087
3602.213182 23.143834
3602.658918 22.878347
3603.104653 23.129774
3603.550388 23.594479
3603.996123 23.567870
3604.441858 23.476433
3604.887593 22.489863
3605.333328 23.058094
3605.779064 23.298530
3606.224799 23.094321
3606.670534 23.265381
3607.116269 23.126598
3607.562004 23.238291
3608.007739 23.986836
3608.453474 23.547045
3608.899210 23.312619
3609.344945 22.742359
3609.790680 22.359894
3610.236415 22.669570
3610.682150 23.529681
3611.127885 23.342513
3611.573620 23.685122
3612.019356 23.310305
3612.465091 22.946273
3612.910826 23.312021
3613.356561 23.644374
3613.802296 23.279352
3614.248031 23.381790
3614.693766 23.104283
3615.139502 23.037945
3615.585237 23.105685
3616.030972 23.289451
3616.476707 23.115470
3616.922442 22.901525
3617.368177 22.426722
3617.813912 22.616469
3618.259648 23.234134
3618.705383 23.866437
3619.151118 23.650326
3619.596853 23.647796
3620.042588 23.375740
3620.488323 23.139844
3620.934058 22.328814
3621.379794 23.161580
3621.825529 23.232898
3622.271264 24.428735
3622.716999 23.800540
3623.162734 23.600793
3623.608469 23.116872
3624.054204 24.191368
3624.499940 24.876508
3624.945675 24.547056
3625.391410 23.411772
3625.837145 22.928027
3626.282880 22.625293
3626.728615 22.655491
3627.174350 23.593381
3627.620086 23.632805
3628.065821 24.249627
3628.511556 23.340120
3628.957291 23.160766
3629.403026 23.564595
3629.848761 23.962972
3630.294496 24.068027
3630.740232 24.190937
3631.185967 23.515092
3631.631702 23.088546
3632.077437 22.678080
3632.523172 23.403840
3632.968907 23.378907
3633.414642 23.277303
3633.860377 23.125666
3634.306113 23.279989
3634.751848 23.791844
3635.197583 23.815688
3635.643318 23.742233
3636.089053 24.188937
3636.534788 24.642356
3636.980523 23.759714
3637.426259 23.799550
3637.871994 23.647825
3638.317729 23.769774
3638.763464 23.306697
3639.209199 23.426596
3639.654934 23.845465
3640.100669 23.555428
3640.546405 23.968717
3640.992140 22.768115
3641.437875 23.240810
3641.883610 22.973637
3642.329345 23.643080
3642.775080 23.498865
3643.220815 23.389339
3643.666551 23.685386
3644.112286 23.401712
3644.558021 23.910430
3645.003756 23.371063
3645.449491 23.637580
3645.895226 23.907547
3646.340961 23.441627
3646.786697 23.479972
3647.232432 22.988168
3647.678167 23.145256
3648.123902 23.942765
3648.569637 23.979189
3649.015372 23.578968
3649.461107 23.595999
3649.906843 23.307775
3650.352578 22.913830
3650.798313 23.630187
3651.244048 23.461363
3651.689783 23.309707
3652.135518 24.138708
3652.581253 23.756705
3653.026989 23.225113
3653.472724 23.816051
3653.918459 23.350601
3654.364194 23.201151
3654.809929 23.001237
3655.255664 23.322943
3655.701399 23.256880
3656.147135 22.836992
3656.592870 22.875504
3657.038605 23.171953
3657.484340 23.894625
3657.930075 24.071449
3658.375810 23.987875
3658.821545 24.445756
3659.267281 24.405244
3659.713016 24.213526
3660.158751 23.181797
3660.604486 23.135245
3661.050221 22.776508
3661.495956 22.550043
3661.941691 22.153401
3662.387427 22.831031
3662.833162 22.689208
3663.278897 23.164767
3663.724632 23.569438
3664.170367 23.542692
3664.616102 22.946302
3665.061837 23.013140
3665.507573 22.665168
3665.953308 22.819383
3666.399043 23.758224
3666.844778 23.830513
3667.290513 23.896135
3667.736248 24.145199
3668.181983 23.768833
3668.627719 23.492522
3669.073454 23.624785
3669.519189 23.156021
3669.964924 23.288255
3670.410659 22.930047
3670.856394 23.259567
3671.302129 22.856454
3671.747865 22.374817
3672.193600 22.242583
3672.639335 22.496207
3673.085070 23.112018
3673.530805 24.392684
3673.976540 23.737978
3674.422275 23.354396
3674.868011 23.259410
3675.313746 22.935802
3675.759481 23.306932
3676.205216 23.458628
3676.650951 22.951371
3677.096686 22.643490
3677.542421 22.300381
3677.988157 22.548592
3678.433892 23.186072
3678.879627 22.242240
3679.325362 22.266526
3679.771097 22.717985
3680.216832 24.082587
3680.662567 23.232732
3681.108303 23.100194
3681.554038 22.477254
3681.999773 22.764213
3682.445508 22.931086
3682.891243 22.454881
3683.336978 22.773723
3683.782713 22.859278
3684.228449 21.675902
3684.674184 22.101800
3685.119919 21.678961
3685.565654 21.556424
3686.011389 21.776330
3686.457124 22.186364
3686.902859 22.990658
3687.348595 23.459343
3687.794330 23.691504
3688.240065 23.220015
3688.685800 22.570662
3689.131535 22.396416
3689.577270 22.621793
3690.023005 22.318784
3690.468741 22.660824
3690.914476 22.089064
3691.360211 21.985715
3691.805946 22.007324
3692.251681 22.358551
3692.697416 21.342323
3693.143151 21.299330
3693.588887 21.235973
3694.034622 21.877179
3694.480357 22.181021
3694.926092 22.634833
3695.371827 22.385847
3695.817562 22.395681
3696.263297 23.018209
3696.709033 22.560789
3697.154768 22.199679
3697.600503 22.231553
3698.046238 22.283282
3698.491973 22.619773
3698.937708 23.190229
3699.383443 23.537201
3699.829179 23.069408
3700.274914 22.309519
3700.720649 22.247309
3701.166384 22.227955
3701.612119 22.559034
3702.057854 22.796225
3702.503589 22.665089
3702.949325 22.383847
3703.395060 23.001237
3703.840795 22.608390
3704.286530 22.334275
3704.732265 22.542602
3705.178000 22.316205
3705.623735 21.923025
3706.069471 22.235975
3706.515206 22.555387
3706.960941 21.983940
3707.406676 22.172069
3707.852411 22.025129
3708.298146 22.632999
3708.743881 22.004706
3709.189617 21.371334
3709.635352 21.581769
3710.081087 22.032129
3710.526822 22.420663
3710.972557 21.843814
3711.418292 22.770851
3711.864027 23.064339
3712.309763 21.975773
3712.755498 21.485930
3713.201233 22.329569
3713.646968 23.300873
3714.092703 24.424294
3714.538438 23.624902
3714.984173 22.677276
3715.429909 23.197573
3715.875644 23.441783
3716.321379 23.304648
3716.767114 23.165541
3717.212849 23.404909
3717.658584 23.066810
3718.104319 23.481874
3718.550055 24.519555
3718.995790 24.236930
3719.441525 24.231822
3719.887260 25.505909
3720.332995 26.031578
3720.778730 27.092632
3721.224465 27.814901
3721.670201 29.325062
3722.115936 30.592011
3722.561671 31.699617
3723.007406 32.994862
3723.453141 35.311473
3723.898876 38.066248
3724.344611 40.516985
3724.790347 43.246101
3725.236082 44.962411
3725.681817 46.928099
3726.127552 49.423162
3726.573287 51.049555
3727.019022 52.983476
3727.464757 54.541982
3727.910493 54.612928
3728.356228 53.841587
3728.801963 53.161467
3729.247698 51.886262
3729.693433 50.523091
3730.139168 47.818937
3730.584903 45.538887
3731.030639 42.365411
3731.476374 39.220230
3731.922109 37.800291
3732.367844 35.712282
3732.813579 34.146932
3733.259314 31.038263
3733.705049 28.148078
3734.150785 25.842341
3734.596520 24.032260
3735.042255 23.365171
3735.487990 23.465442
3735.933725 22.759624
3736.379460 22.278282
3736.825195 21.563885
3737.270931 21.566435
3737.716666 21.657813
3738.162401 22.028904
3738.608136 22.089123
3739.053871 21.963361
3739.499606 21.657695
3739.945341 21.800870
3740.391077 21.232777
3740.836812 21.022853
3741.282547 21.067091
3741.728282 21.621977
3742.174017 21.175489
3742.619752 20.956349
3743.065487 20.515773
3743.511223 20.476319
3743.956958 20.435650
3744.402693 20.560628
3744.848428 21.005567
3745.294163 21.714512
3745.739898 21.414259
3746.185633 19.926453
3746.631369 20.756562
3747.077104 21.288633
3747.522839 21.310292
3747.968574 20.993439
3748.414309 20.780210
3748.860044 20.692685
3749.305779 20.977173
3749.751515 20.661831
3750.197250 20.380716
3750.642985 20.074746
3751.088720 21.462732
3751.534455 21.811694
3751.980190 21.554228
3752.425925 21.240621
3752.871661 21.157723
3753.317396 21.300301
3753.763131 20.839743
3754.208866 20.507743
3754.654601 21.276064
3755.100336 21.565778
3755.546071 21.633635
3755.991807 20.996135
3756.437542 21.418877
3756.883277 21.635841
3757.329012 22.188972
3757.774747 21.444555
3758.220482 22.361149
3758.666217 21.726150
3759.111953 22.075563
3759.557688 21.945781
3760.003423 21.908073
3760.449158 21.808812
3760.894893 21.727905
3761.340628 21.380090
3761.786363 21.223022
3762.232099 20.768023
3762.677834 20.875491
3763.123569 20.162045
3763.569304 20.922788
3764.015039 21.452418
3764.460774 21.467987
3764.906509 20.475349
3765.352245 20.936318
3765.797980 20.835929
3766.243715 20.892854
3766.689450 21.196598
3767.135185 21.181441
3767.580920 20.973653
3768.026655 20.559952
3768.472391 20.777867
3768.918126 20.255865
3769.363861 20.368038
3769.809596 20.297946
3770.255331 20.041626
3770.701066 19.542253
3771.146801 19.508898
3771.592537 20.602435
3772.038272 21.051825
3772.484007 20.903434
3772.929742 21.022078
3773.375477 20.050166
3773.821212 19.295493
3774.266947 19.359271
3774.712683 19.648789
3775.158418 19.758207
3775.604153 19.829319
3776.049888 19.470739
3776.495623 20.574031
3776.941358 19.959974
3777.387093 18.709222
3777.832829 19.552940
3778.278564 20.420904
3778.724299 20.063461
3779.170034 20.324418
3779.615769 20.209666
3780.061504 20.419571
3780.507239 19.237342
3780.952975 19.602570
3781.398710 19.443247
3781.844445 19.224361
3782.290180 19.723774
3782.735915 20.006095
3783.181650 20.081648
3783.627385 20.096983
3784.073121 19.801229
3784.518856 19.297581
3784.964591 19.487661
3785.410326 19.189526
3785.856061 18.953580
3786.301796 19.390126
3786.747531 19.150063
3787.193267 19.157612
3787.639002 19.755256
3788.084737 19.761217
3788.530472 19.061891
3788.976207 19.220283
3789.421942 19.727990
3789.867677 19.448443
3790.313413 19.539067
3790.759148 18.321699
3791.204883 18.531780
3791.650618 18.898685
3792.096353 19.244902
3792.542088 18.845779
3792.987823 19.651152
3793.433559 19.570196
3793.879294 20.168899
3794.325029 20.308819
3794.770764 20.277160
3795.216499 19.468219
3795.662234 19.641004
3796.107969 19.383439
3796.553705 20.257571
3796.999440 19.797523
3797.445175 19.907756
3797.890910 19.119727
3798.336645 18.796737
3798.782380 19.251520
3799.228115 18.860859
3799.673851 19.206370
3800.119586 19.707743
3800.565321 20.160134
3801.011056 19.951386
3801.456791 19.392273
3801.902526 19.079813
3802.348261 19.113403
3802.793997 19.117472
3803.239732 19.359046
3803.685467 19.846860
3804.131202 19.692370
3804.576937 19.337329
3805.022672 19.194046
3805.468407 19.197575
3805.914143 19.026535
3806.359878 18.863957
3806.805613 19.011740
3807.251348 18.855633
3807.697083 19.305709
3808.142818 19.178113
3808.588553 19.544606
3809.034289 18.691466
3809.480024 18.238184
3809.925759 18.663572
3810.371494 18.948423
3810.817229 18.847632
3811.262964 18.845819
3811.708699 19.193320
3812.154435 18.863055
3812.600170 17.842042
3813.045905 18.257410
3813.491640 18.111431
3813.937375 18.470423
3814.383110 18.262901
3814.828845 18.350445
3815.274581 17.621637
3815.720316 17.248006
3816.166051 17.713368
3816.611786 18.467707
3817.057521 18.464943
3817.503256 18.669092
3817.948991 18.009748
3818.394727 18.001787
3818.840462 17.737173
3819.286197 18.245321
3819.731932 17.943097
3820.177667 18.332631
3820.623402 17.977854
3821.069137 17.988620
3821.514873 18.099538
3821.960608 18.919039
3822.406343 18.218810
3822.852078 18.213584
3823.297813 18.349249
3823.743548 18.673220
3824.189283 18.488532
3824.635019 18.128393
3825.080754 18.244145
3825.526489 18.474433
3825.972224 18.258763
3826.417959 18.625217
3826.863694 18.200799
3827.309429 18.675230
3827.755165 18.422832
3828.200900 19.178564
3828.646635 18.686093
3829.092370 18.577489
3829.538105 18.301972
3829.983840 18.403184
3830.429575 18.044211
3830.875311 17.816992
3831.321046 18.525495
3831.766781 18.615893
3832.212516 18.507994
3832.658251 18.629649
3833.103986 18.790090
3833.549721 18.701957
3833.995457 18.753950
3834.441192 18.870840
3834.886927 19.055135
3835.332662 19.127414
3835.778397 19.444629
3836.224132 18.937697
3836.669867 18.570243
3837.115603 18.450265
3837.561338 18.961581
3838.007073 18.821886
3838.452808 18.115529
3838.898543 18.576312
3839.344278 18.882399
3839.790013 18.346475
3840.235749 18.188455
3840.681484 18.336651
3841.127219 18.514857
3841.572954 18.914999
3842.018689 18.461305
3842.464424 18.892449
3842.910159 18.922823
3843.355895 18.956021
3843.801630 18.353701
3844.247365 17.806040
3844.693100 17.821992
3845.138835 18.281118
3845.584570 18.152012
3846.030305 18.247008
3846.476041 17.876427
3846.921776 17.817992
3847.367511 18.143874
3847.813246 18.685623
3848.258981 18.318993
3848.704716 18.370035
3849.150451 17.885290
3849.596187 17.470029
3850.041922 17.587066
3850.487657 17.894987
3850.933392 18.441824
3851.379127 18.639463
3851.824862 18.646101
3852.270597 19.172466
3852.716333 19.372360
3853.162068 19.055586
3853.607803 18.132952
3854.053538 18.064007
3854.499273 17.827326
3854.945008 18.176435
3855.390743 18.473061
3855.836479 18.236174
3856.282214 18.144413
3856.727949 18.082047
3857.173684 18.554213
3857.619419 18.683819
3858.065154 19.256245
3858.510889 18.957208
3858.956625 18.770265
3859.402360 18.886919
3859.848095 19.053959
3860.293830 18.837495
3860.739565 19.462131
3861.185300 19.532978
3861.631035 19.517183
3862.076771 20.269503
3862.522506 20.447249
3862.968241 20.848077
3863.413976 20.601003
3863.859711 21.346735
3864.305446 22.347776
3864.751181 23.102930
3865.196917 23.583694
3865.642652 24.794483
3866.088387 26.076473
3866.534122 27.419711
3866.979857 28.955216
3867.425592 30.077372
3867.871327 30.973083
3868.317063 31.942103
3868.762798 33.113468
3869.208533 33.342531
3869.654268 34.420910
3870.100003 34.225525
3870.545738 34.562261
3870.991473 33.669590
3871.437209 32.371364
3871.882944 30.872832
3872.328679 30.102226
3872.774414 28.328717
3873.220149 26.356793
3873.665884 25.087285
3874.111619 23.427518
3874.557355 22.644863
3875.003090 21.892680
3875.448825 21.505548
3875.894560 20.644790
3876.340295 20.615524
3876.786030 20.700019
3877.231765 20.652889
3877.677501 21.157880
3878.123236 20.676204
3878.568971 19.676428
3879.014706 19.236215
3879.460441 18.912617
3879.906176 18.560556
3880.351911 18.681632
3880.797647 18.894312
3881.243382 18.995367
3881.689117 18.830024
3882.134852 18.871154
3882.580587 19.026202
3883.026322 19.281669
3883.472057 19.013495
3883.917793 18.904048
3884.363528 19.202497
3884.809263 19.216096
3885.254998 19.693723
3885.700733 20.071226
3886.146468 20.188204
3886.592203 20.163212
3887.037939 20.295122
3887.483674 20.298299
3887.929409 20.243923
3888.375144 20.667439
3888.820879 20.795172
3889.266614 20.475172
3889.712349 20.778632
3890.158085 21.249405
3890.603820 21.342215
3891.049555 21.748965
3891.495290 21.641488
3891.941025 21.651126
3892.386760 21.098857
3892.832495 20.814467
3893.278231 20.225157
3893.723966 19.326201
3894.169701 19.253637
3894.615436 19.487514
3895.061171 19.386371
3895.506906 19.216449
3895.952641 19.478151
3896.398377 19.051812
3896.844112 19.216282
3897.289847 19.371174
3897.735582 19.096000
3898.181317 19.002760
3898.627052 18.848485
3899.072787 18.741754
3899.518523 18.777364
3899.964258 19.123630
3900.409993 19.061028
3900.855728 18.559664
3901.301463 18.185092
3901.747198 18.210104
3902.192933 18.151453
3902.638669 17.788274
3903.084404 18.054359
3903.530139 17.926145
3903.975874 17.975795
3904.421609 17.745634
3904.867344 17.675650
3905.313079 17.698661
3905.758815 17.559456
3906.204550 17.216073
3906.650285 17.009139
3907.096020 17.024091
3907.541755 16.765977
3907.987490 16.829294
3908.433225 16.815637
3908.878961 17.370916
3909.324696 17.315324
3909.770431 17.333923
3910.216166 17.062524
3910.661901 17.322638
3911.107636 16.827481
3911.553371 17.689092
3911.999107 17.667041
3912.444842 17.285332
3912.890577 16.785645
3913.336312 16.433251
3913.782047 16.828265
3914.227782 16.822402
3914.673517 16.914035
3915.119253 17.218906
3915.564988 17.311794
3916.010723 16.713395
3916.456458 16.428388
3916.902193 16.369894
3917.347928 16.930654
3917.793663 16.766644
3918.239399 17.269409
3918.685134 16.979627
3919.130869 16.894132
3919.576604 16.819686
3920.022339 16.988981
3920.468074 16.476391
3920.913809 16.591466
3921.359545 17.261840
3921.805280 17.691023
3922.251015 17.188404
3922.696750 17.410771
3923.142485 16.827118
3923.588220 16.507648
3924.033955 16.447663
3924.479691 16.287977
3924.925426 15.982684
3925.371161 16.398415
3925.816896 16.822892
3926.262631 16.797322
3926.708366 16.411132
3927.154101 15.952653
3927.599837 16.146939
3928.045572 16.718092
3928.491307 16.299488
3928.937042 16.269084
3929.382777 16.049081
3929.828512 15.916063
3930.274247 15.810429
3930.719983 16.097936
3931.165718 15.988155
3931.611453 16.111673
3932.057188 15.980625
3932.502923 15.841872
3932.948658 15.679931
3933.394393 15.397433
3933.840129 15.438838
3934.285864 15.655596
3934.731599 15.299025
3935.177334 13.747059
3935.623069 13.887646
3936.068804 15.134996
3936.514539 14.635867
3936.960275 15.295849
3937.406010 15.240679
3937.851745 14.804711
3938.297480 15.328772
3938.743215 16.009676
3939.188950 16.432359
3939.634685 16.134860
3940.080420 16.744250
3940.526156 16.652490
3940.971891 16.298841
3941.417626 16.292291
3941.863361 16.063170
3942.309096 16.054649
3942.754831 16.157156
3943.200566 15.825900
3943.646302 16.039305
3944.092037 16.041649
3944.537772 16.056728
3944.983507 16.349452
3945.429242 16.166058
3945.874977 15.868844
3946.320712 16.067435
3946.766448 15.871678
3947.212183 15.706981
3947.657918 15.845980
3948.103653 16.419289
3948.549388 15.870511
3948.995123 15.484752
3949.440858 16.016853
3949.886594 16.695835
3950.332329 16.902564
3950.778064 17.361180
3951.223799 16.365011
3951.669534 15.893993
3952.115269 15.857951
3952.561004 16.561661
3953.006740 16.536424
3953.452475 16.942037
3953.898210 16.812323
3954.343945 16.249161
3954.789680 16.167509
3955.235415 15.564012
3955.681150 16.159960
3956.126886 16.536345
3956.572621 16.889014
3957.018356 17.229044
3957.464091 17.578536
3957.909826 16.816147
3958.355561 16.921879
3958.801296 16.669265
3959.247032 16.945703
3959.692767 17.154010
3960.138502 17.003570
3960.584237 17.804226
3961.029972 17.553142
3961.475707 16.985990
3961.921442 17.096575
3962.367178 17.462843
3962.812913 18.564762
3963.258648 19.548783
3963.704383 19.585109
3964.150118 19.727568
3964.595853 19.574235
3965.041588 20.215147
3965.487324 20.422238
3965.933059 20.789505
3966.378794 21.272907
3966.824529 21.568660
3967.270264 21.841402
3967.715999 22.084946
3968.161734 22.628116
3968.607470 22.334981
3969.053205 22.599046
3969.498940 23.119362
3969.944675 22.981275
3970.390410 22.623126
3970.836145 23.241820
3971.281880 22.382366
3971.727616 21.502009
3972.173351 20.908297
3972.619086 20.448386
3973.064821 19.614257
3973.510556 19.166044
3973.956291 18.829435
3974.402026 18.983964
3974.847762 19.000093
3975.293497 19.247902
3975.739232 18.557321
3976.184967 18.401145
3976.630702 18.058300
3977.076437 17.508561
3977.522172 17.896947
3977.967908 18.273137
3978.413643 17.459313
3978.859378 18.085714
3979.305113 17.409663
3979.750848 17.210778
3980.196583 16.583338
3980.642318 17.126597
3981.088054 17.273194
3981.533789 17.179963
3981.979524 17.296852
3982.425259 17.893428
3982.870994 17.465980
3983.316729 16.566533
3983.762464 16.575573
3984.208200 17.003442
3984.653935 16.973333
3985.099670 16.841138
3985.545405 16.921506
3985.991140 16.927673
3986.436875 16.740377
3986.882610 16.228307
3987.328346 16.177892
3987.774081 16.430829
3988.219816 16.396190
3988.665551 16.543777
3989.111286 17.682248
3989.557021 16.413583
3990.002756 16.400180
3990.448492 15.998352
3990.894227 15.684745
3991.339962 16.280349
3991.785697 16.760575
3992.231432 16.770497
3992.677167 16.480607
3993.122902 15.860108
3993.568638 16.025265
3994.014373 15.871334
3994.460108 16.045463
3994.905843 15.589886
3995.351578 15.957800
3995.797313 16.303576
3996.243048 16.641097
3996.688784 16.378571
3997.134519 16.895102
3997.580254 16.938301
3998.025989 16.442575
3998.471724 15.789869
3998.917459 16.086485
3999.363194 16.184961
3999.808930 16.294968
4000.254665 16.504824
4000.700400 16.386072
4001.146135 16.077916
4001.591870 15.725590
4002.037605 15.431180
4002.483340 15.763063
4002.929076 15.587062
4003.374811 15.610574
4003.820546 15.898003
4004.266281 16.534110
4004.712016 16.109074
4005.157751 16.292674
4005.603486 15.612044
4006.049222 15.378442
4006.494957 14.422776
4006.940692 14.985614
4007.386427 14.999419
4007.832162 14.573001
4008.277897 15.034460
4008.723632 15.290093
4009.169368 14.832428
4009.615103 15.021577
4010.060838 15.430121
4010.506573 15.673146
4010.952308 15.624359
4011.398043 15.731355
4011.843778 15.809027
4012.289514 15.419268
4012.735249 15.203108
4013.180984 15.172488
4013.626719 15.114171
4014.072454 14.970172
4014.518189 14.827536
4014.963924 15.117122
4015.409660 14.795720
4015.855395 15.246846
4016.301130 14.981379
4016.746865 15.389648
4017.192600 15.061658
4017.638335 14.643917
4018.084070 14.461073
4018.529806 14.852851
4018.975541 14.652937
4019.421276 14.314446
4019.867011 14.194586
4020.312746 14.744649
4020.758481 15.349734
4021.204216 15.213951
4021.649952 15.436671
4022.095687 15.519078
4022.541422 15.742464
4022.987157 15.146643
4023.432892 15.130878
4023.878627 15.117534
4024.324362 15.879080
4024.770098 16.036501
4025.215833 15.568022
4025.661568 15.485919
4026.107303 15.127338
4026.553038 14.778562
4026.998773 15.290917
4027.444508 14.547539
4027.890244 14.510154
4028.335979 14.160025
4028.781714 14.533018
4029.227449 14.077363
4029.673184 14.523155
4030.118919 14.323231
4030.564654 14.258992
4031.010390 14.517752
4031.456125 14.358066
4031.901860 14.521409
4032.347595 14.325976
4032.793330 14.627337
4033.239065 14.449238
4033.684800 14.333898
4034.130536 14.097580
4034.576271 13.915265
4035.022006 14.362116
4035.467741 14.646809
4035.913476 14.984094
4036.359211 14.570314
4036.804946 14.280983
4037.250682 14.465739
4037.696417 14.236990
4038.142152 14.202429
4038.587887 14.311671
4039.033622 14.843537
4039.479357 14.530234
4039.925092 14.429433
4040.370828 14.155613
4040.816563 13.932070
4041.262298 14.177457
4041.708033 14.528381
4042.153768 14.367626
4042.599503 14.531753
4043.045238 14.179801
4043.490974 14.205498
4043.936709 13.798415
4044.382444 14.048400
4044.828179 14.614876
4045.273914 14.569373
4045.719649 14.605934
4046.165384 14.155299
4046.611120 14.244314
4047.056855 13.825583
4047.502590 13.700879
4047.948325 13.823848
4048.394060 13.785081
4048.839795 13.752941
4049.285530 13.939610
4049.731266 14.164711
4050.177001 14.508624
4050.622736 14.041410
4051.068471 13.875527
4051.514206 13.728008
4051.959941 14.050146
4052.405676 14.402334
4052.851412 14.461553
4053.297147 14.327349
4053.742882 13.905392
4054.188617 14.011026
4054.634352 13.780845
4055.080087 14.471632
4055.525822 14.287278
4055.971558 14.247089
4056.417293 14.307151
4056.863028 14.463739
4057.308763 14.581188
4057.754498 14.277424
4058.200233 14.224058
4058.645968 14.265257
4059.091704 14.202478
4059.537439 14.322152
4059.983174 13.826465
4060.428909 14.583825
4060.874644 14.203998
4061.320379 13.474601
4061.766114 13.836711
4062.211850 14.660271
4062.657585 14.497663
4063.103320 14.292396
4063.549055 14.330712
4063.994790 14.589688
4064.440525 14.498271
4064.886260 14.638799
4065.331996 14.788592
4065.777731 14.825183
4066.223466 14.869323
4066.669201 15.134711
4067.114936 15.673921
4067.560671 15.539059
4068.006406 16.377689
4068.452142 16.183432
4068.897877 16.350118
4069.343612 16.096574
4069.789347 16.031177
4070.235082 16.016441
4070.680817 15.927397
4071.126552 15.763426
4071.572288 15.637497
4072.018023 15.663891
4072.463758 15.862040
4072.909493 15.506293
4073.355228 15.608573
4073.800963 15.837725
4074.246698 15.982939
4074.692434 15.981978
4075.138169 15.807566
4075.583904 15.932770
4076.029639 15.629692
4076.475374 15.487909
4076.921109 15.431896
4077.366844 15.470006
4077.812580 15.512509
4078.258315 15.262974
4078.704050 15.481213
4079.149785 15.883590
4079.595520 15.903209
4080.041255 15.768407
4080.486990 15.937966
4080.932726 16.140919
4081.378461 15.538324
4081.824196 15.354901
4082.269931 15.443014
4082.715666 15.594602
4083.161401 15.831018
4083.607136 15.803232
4084.052872 16.290350
4084.498607 15.916867
4084.944342 15.731620
4085.390077 15.132035
4085.835812 15.665704
4086.281547 15.423092
4086.727282 15.708942
4087.173018 15.875648
4087.618753 16.701365
4088.064488 16.340461
4088.510223 16.596937
4088.955958 15.834920
4089.401693 15.523127
4089.847428 15.671724
4090.293164 16.426417
4090.738899 16.388003
4091.184634 17.565947
4091.630369 17.691513
4092.076104 17.446969
4092.521839 17.430625
4092.967574 17.327001
4093.413310 16.687776
4093.859045 16.617242
4094.304780 16.930742
4094.750515 17.031699
4095.196250 17.262566
4095.641985 17.529200
4096.087720 17.180669
4096.533456 17.182041
4096.979191 17.474843
4097.424926 17.510993
4097.870661 18.199466
4098.316396 18.845828
4098.762131 18.984082
4099.207866 19.158073
4099.653602 19.059116
4100.099337 19.457022
4100.545072 19.196418
4100.990807 19.505780
4101.436542 20.079129
4101.882277 20.384471
4102.328012 19.749452
4102.773748 19.669359
4103.219483 19.668604
4103.665218 19.510084
4104.110953 19.607345
4104.556688 19.853488
4105.002423 19.786444
4105.448158 19.474072
4105.893894 19.005132
4106.339629 18.663935
4106.785364 18.298305
4107.231099 18.665465
4107.676834 17.633951
4108.122569 18.023014
4108.568304 18.610010
4109.014040 18.180053
4109.459775 17.877397
4109.905510 17.416006
4110.351245 17.335178
4110.796980 17.141598
4111.242715 17.878868
4111.688450 18.417146
4112.134186 17.918625
4112.579921 17.274694
4113.025656 16.731406
4113.471391 16.640391
4113.917126 17.242800
4114.362861 17.133764
4114.808596 17.018473
4115.254332 16.444173
4115.700067 16.236298
4116.145802 16.834403
4116.591537 16.967048
4117.037272 16.979431
4117.483007 17.184306
4117.928742 16.914692
4118.374478 16.426868
4118.820213 16.405455
4119.265948 16.629655
4119.711683 15.646703
4120.157418 15.659469
4120.603153 15.857118
4121.048888 16.052012
4121.494624 16.785135
4121.940359 16.972293
4122.386094 16.388130
4122.831829 16.592623
4123.277564 16.886680
4123.723299 16.924575
4124.169034 16.861826
4124.614770 16.982529
4125.060505 16.757888
4125.506240 16.943213
4125.951975 16.844786
4126.397710 16.329245
4126.843445 16.227699
4127.289180 16.118889
4127.734916 16.378895
4128.180651 16.175402
4128.626386 16.327127
4129.072121 16.715317
4129.517856 17.297695
4129.963591 16.726151
4130.409326 15.984567
4130.855062 15.483595
4131.300797 15.358372
4131.746532 15.907297
4132.192267 15.719796
4132.638002 15.890287
4133.083737 14.957475
4133.529472 15.984410
4133.975208 16.745682
4134.420943 16.155558
4134.866678 15.490762
4135.312413 14.976682
4135.758148 15.049775
4136.203883 15.119465
4136.649618 15.810233
4137.095354 15.931838
4137.541089 14.640505
4137.986824 14.621729
4138.432559 14.525214
4138.878294 14.770415
4139.324029 14.864724
4139.769764 14.813525
4140.215500 15.178714
4140.661235 15.494880
4141.106970 15.973380
4141.552705 15.875854
4141.998440 16.140763
4142.444175 15.146094
4142.889910 14.652594
4143.335646 14.808898
4143.781381 15.045069
4144.227116 14.920424
4144.672851 14.768993
4145.118586 15.233982
4145.564321 14.930493
4146.010056 14.245403
4146.455792 13.768472
4146.901527 14.408981
4147.347262 14.505575
4147.792997 14.655378
4148.238732 14.759267
4148.684467 14.086364
4149.130202 13.756030
4149.575938 13.598520
4150.021673 14.040380
4150.467408 14.684723
4150.913143 14.567402
4151.358878 14.345458
4151.804613 14.316132
4152.250348 13.375193
4152.696084 14.375842
4153.141819 14.926552
4153.587554 14.230715
4154.033289 13.647759
4154.479024 13.684094
4154.924759 13.605560
4155.370494 13.839966
4155.816230 14.414795
4156.261965 14.263766
4156.707700 13.922844
4157.153435 14.058685
4157.599170 13.446893
4158.044905 13.329033
4158.490640 13.602873
4158.936376 13.722302
4159.382111 13.738303
4159.827846 14.176732
4160.273581 13.531261
4160.719316 13.413372
4161.165051 12.987973
4161.610786 12.980247
4162.056522 12.955883
4162.502257 13.420941
4162.947992 13.977563
4163.393727 13.944355
4163.839462 14.124689
4164.285197 13.838790
4164.730932 13.638278
4165.176668 13.660034
4165.622403 14.209175
4166.068138 13.573058
4166.513873 13.068027
4166.959608 12.898762
4167.405343 12.695917
4167.851078 13.466130
4168.296814 13.671799
4168.742549 13.341309
4169.188284 12.990699
4169.634019 12.682778
4170.079754 12.936068
4170.525489 13.030731
4170.971224 12.811649
4171.416960 13.023681
4171.862695 12.802697
4172.308430 13.181534
4172.754165 13.020868
4173.199900 12.800031
4173.645635 12.738596
4174.091370 13.376889
4174.537106 13.291933
4174.982841 13.438687
4175.428576 13.388115
4175.874311 12.910135
4176.320046 13.105804
4176.765781 12.978414
4177.211516 12.977738
4177.657252 12.883134
4178.102987 12.843935
4178.548722 13.299600
4178.994457 12.935911
4179.440192 12.732429
4179.885927 13.010710
4180.331662 12.930372
4180.777398 13.232096
4181.223133 12.814718
4181.668868 13.206369
4182.114603 13.193172
4182.560338 13.151777
4183.006073 13.134463
4183.451808 12.948353
4183.897544 12.848347
4184.343279 13.289551
4184.789014 13.535350
4185.234749 13.201094
4185.680484 12.624373
4186.126219 12.612392
4186.571954 13.007759
4187.017690 12.689220
4187.463425 12.449255
4187.909160 12.655012
4188.354895 13.007014
4188.800630 13.061458
4189.246365 12.521906
4189.692100 12.383760
4190.137836 13.106186
4190.583571 13.665044
4191.029306 14.221989
4191.475041 14.590600
4191.920776 13.768874
4192.366511 12.816973
4192.812246 12.135235
4193.257982 12.019934
4193.703717 12.447245
4194.149452 12.802296
4194.595187 14.132690
4195.040922 12.238330
4195.486657 10.952536
4195.932392 11.475813
4196.378128 12.061780
4196.823863 12.428881
4197.269598 12.023180
4197.715333 12.240742
4198.161068 12.627579
4198.606803 12.633364
4199.052538 12.321198
4199.498274 12.137245
4199.944009 12.008747
4200.389744 12.120127
4200.835479 11.946969
4201.281214 12.136285
4201.726949 12.797197
4202.172684 13.167651
4202.618420 12.726899
4203.064155 12.477864
4203.509890 12.532622
4203.955625 12.595999
4204.401360 13.013073
4204.847095 12.797021
4205.292830 12.588606
4205.738566 12.103498
4206.184301 11.391122
4206.630036 11.745457
4207.075771 12.364896
4207.521506 12.534887
4207.967241 12.894203
4208.412976 12.584880
4208.858712 12.187572
4209.304447 12.192435
4209.750182 12.184895
4210.195917 12.328130
4210.641652 13.576617
4211.087387 13.975582
4211.533122 14.095129
4211.978858 14.001113
4212.424593 12.203916
4212.870328 10.922819
4213.316063 9.386187
4213.761798 9.586875
4214.207533 10.068257
4214.653268 11.017276
4215.099004 11.338844
4215.544739 11.735956
4215.990474 12.531073
4216.436209 13.383723
4216.881944 13.252842
4217.327679 12.953050
4217.773414 13.350113
4218.219150 12.596803
4218.664885 11.616763
4219.110620 11.505531
4219.556355 12.346062
4220.002090 12.737674
4220.447825 12.604636
4220.893560 12.662395
4221.339296 12.859877
4221.785031 12.315844
4222.230766 12.322090
4222.676501 12.123196
4223.122236 12.412566
4223.567971 12.448411
4224.013706 12.933294
4224.459442 13.258980
4224.905177 12.914557
4225.350912 12.913920
4225.796647 12.773451
4226.242382 12.545231
4226.688117 12.432067
4227.133852 12.907890
4227.579588 12.329659
4228.025323 12.744527
4228.471058 12.862270
4228.916793 12.936166
4229.362528 12.857103
4229.808263 12.163521
4230.253998 11.931360
4230.699734 11.659256
4231.145469 12.007032
4231.591204 12.260331
4232.036939 12.771107
4232.482674 13.237685
4232.928409 12.644511
4233.374144 12.341846
4233.819880 12.629393
4234.265615 12.878967
4234.711350 13.447482
4235.157085 14.235569
4235.602820 12.878624
4236.048555 12.016424
4236.494290 11.365816
4236.940026 10.553542
4237.385761 9.994459
4237.831496 10.826754
4238.277231 11.829452
4238.722966 12.760636
4239.168701 12.651071
4239.614436 12.684455
4240.060172 12.649267
4240.505907 12.393957
4240.951642 12.440038
4241.397377 12.346562
4241.843112 12.427998
4242.288847 12.731987
4242.734582 13.492730
4243.180317 12.886801
4243.626053 12.742410
4244.071788 12.619167
4244.517523 12.415370
4244.963258 12.354886
4245.408993 12.061231
4245.854728 12.352739
4246.300463 12.152197
4246.746199 12.195553
4247.191934 12.274705
4247.637669 12.619961
4248.083404 12.514131
4248.529139 12.625608
4248.974874 12.512150
4249.420609 13.405460
4249.866345 14.416384
4250.312080 15.208098
4250.757815 14.713009
4251.203550 13.603217
4251.649285 10.870924
4252.095020 9.784544
4252.540755 9.955603
4252.986491 11.100173
4253.432226 11.828452
4253.877961 11.999865
4254.323696 12.121441
4254.769431 12.248654
4255.215166 12.323315
4255.660901 12.551859
4256.106637 12.328296
4256.552372 12.657051
4256.998107 12.742517
4257.443842 12.326865
4257.889577 12.237144
4258.335312 12.108557
4258.781047 11.895505
4259.226783 11.774223
4259.672518 12.544545
4260.118253 12.504287
4260.563988 13.040467
4261.009723 13.179711
4261.455458 13.031064
4261.901193 12.880820
4262.346929 12.241350
4262.792664 11.625254
4263.238399 11.197512
4263.684134 12.050858
4264.129869 12.056084
4264.575604 13.283697
4265.021339 13.144444
4265.467075 12.890438
4265.912810 12.643992
4266.358545 12.721477
4266.804280 12.737380
4267.250015 13.382468
4267.695750 14.215371
4268.141485 12.491894
4268.587221 11.863748
4269.032956 10.108613
4269.478691 8.646759
4269.924426 9.821850
4270.370161 10.853746
4270.815896 12.713643
4271.261631 12.830101
4271.707367 13.304895
4272.153102 12.477658
4272.598837 11.614233
4273.044572 11.855601
4273.490307 11.570750
4273.936042 12.088958
4274.381777 11.954695
4274.827513 12.436989
4275.273248 12.026543
4275.718983 12.399702
4276.164718 13.164455
4276.610453 12.896389
4277.056188 12.670003
4277.501923 12.747410
4277.947659 11.655461
4278.393394 10.968743
4278.839129 10.833362
4279.284864 10.808596
4279.730599 11.774282
4280.176334 12.325365
4280.622069 12.574341
4281.067805 13.256970
4281.513540 13.387782
4281.959275 13.357496
4282.405010 13.300718
4282.850745 12.357533
4283.296480 11.506197
4283.742215 11.616047
4284.187951 12.378672
4284.633686 12.450588
4285.079421 12.579321
4285.525156 12.098576
4285.970891 12.388790
4286.416626 12.634844
4286.862361 12.848710
4287.308097 12.834690
4287.753832 12.506464
4288.199567 11.970402
4288.645302 12.052064
4289.091037 12.810012
4289.536772 12.662473
4289.982507 13.268726
4290.428243 12.804786
4290.873978 13.330494
4291.319713 13.033947
4291.765448 12.972237
4292.211183 12.815179
4292.656918 12.850524
4293.102653 13.638199
4293.548389 13.256460
4293.994124 12.799148
4294.439859 12.670944
4294.885594 12.940686
4295.331329 12.764117
4295.777064 12.696122
4296.222799 13.093999
4296.668535 12.985356
4297.114270 13.148758
4297.560005 12.505189
4298.005740 12.912263
4298.451475 12.913949
4298.897210 13.762707
4299.342945 14.117042
4299.788681 14.958034
4300.234416 15.227237
4300.680151 13.748608
4301.125886 13.344779
4301.571621 13.095098
4302.017356 10.964292
4302.463091 11.857366
4302.908827 11.903163
4303.354562 13.330857
4303.800297 13.646562
4304.246032 14.351693
4304.691767 13.299786
4305.137502 12.917753
4305.583237 12.685985
4306.028973 11.615184
4306.474708 11.921007
4306.920443 12.618078
4307.366178 13.039173
4307.811913 13.757295
4308.257648 13.955385
4308.703383 14.022556
4309.149119 13.973288
4309.594854 13.898754
4310.040589 13.759687
4310.486324 14.121846
4310.932059 14.518135
4311.377794 14.657222
4311.823529 13.875949
4312.269265 13.320827
4312.715000 13.434618
4313.160735 13.071596
4313.606470 13.691418
4314.052205 14.711941
4314.497940 14.774278
4314.943675 14.921757
4315.389411 15.212216
4315.835146 15.463761
4316.280881 15.250189
4316.726616 14.888000
4317.172351 15.378256
4317.618086 15.347646
4318.063821 15.306281
4318.509557 15.593720
4318.955292 16.095250
4319.401027 15.979380
4319.846762 16.118369
4320.292497 16.302890
4320.738232 15.533481
4321.183967 15.705207
4321.629703 15.396070
4322.075438 15.501302
4322.521173 15.432680
4322.966908 15.689578
4323.412643 15.696226
4323.858378 15.701559
4324.304113 15.597877
4324.749849 15.994842
4325.195584 15.832440
4325.641319 16.001578
4326.087054 16.282938
4326.532789 16.934144
4326.978524 17.574849
4327.424259 17.576261
4327.869995 18.274931
4328.315730 18.155277
4328.761465 16.906240
4329.207200 16.231670
4329.652935 15.883443
4330.098670 15.659871
4330.544405 16.048551
4330.990141 17.535788
4331.435876 18.575096
4331.881611 19.692546
4332.327346 18.786697
4332.773081 18.883360
4333.218816 18.975993
4333.664551 18.531976
4334.110287 19.353918
4334.556022 19.421216
4335.001757 20.226461
4335.447492 20.674586
4335.893227 21.051482
4336.338962 20.942965
4336.784697 20.873491
4337.230433 20.867333
4337.676168 20.704078
4338.121903 21.020833
4338.567638 20.891550
4339.013373 21.404640
4339.459108 22.557426
4339.904843 23.676455
4340.350579 23.359131
4340.796314 24.091931
4341.242049 23.991738
4341.687784 24.035908
4342.133519 24.134963
4342.579254 23.935343
4343.024989 23.495257
4343.470725 24.694850
4343.916460 24.405489
4344.362195 22.420908
4344.807930 21.672598
4345.253665 18.187367
4345.699400 16.983343
4346.145135 15.818410
4346.590871 17.216877
4347.036606 18.183798
4347.482341 19.612198
4347.928076 20.819056
4348.373811 20.298407
4348.819546 20.372029
4349.265281 20.343684
4349.711017 20.239256
4350.156752 20.019527
4350.602487 20.250668
4351.048222 20.768533
4351.493957 20.695637
4351.939692 20.773416
4352.385427 20.910110
4352.831163 20.942054
4353.276898 21.038157
4353.722633 20.813712
4354.168368 20.834322
4354.614103 21.293545
4355.059838 21.505156
4355.505573 20.742904
4355.951309 20.519548
4356.397044 20.236266
4356.842779 19.925266
4357.288514 20.068069
4357.734249 21.033363
4358.179984 21.094082
4358.625719 21.366167
4359.071455 21.885611
4359.517190 21.839873
4359.962925 21.785281
4360.408660 21.950546
4360.854395 21.862247
4361.300130 22.666991
4361.745865 23.232104
4362.191601 23.515984
4362.637336 22.093074
4363.083071 21.409915
4363.528806 21.896798
4363.974541 22.606713
4364.420276 23.473570
4364.866011 23.053809
4365.311747 22.771155
4365.757482 22.503658
4366.203217 22.566593
4366.648952 22.056082
4367.094687 21.843981
4367.540422 21.629732
4367.986157 21.372325
4368.431893 20.567050
4368.877628 20.585561
4369.323363 20.087629
4369.769098 19.511506
4370.214833 19.344319
4370.660568 19.658476
4371.106303 19.427648
4371.552039 18.655493
4371.997774 18.270156
4372.443509 18.275333
4372.889244 18.010768
4373.334979 17.955922
4373.780714 17.882241
4374.226449 17.805010
4374.672185 18.096185
4375.117920 17.552642
4375.563655 17.936744
4376.009390 17.628000
4376.455125 17.108370
4376.900860 16.467694
4377.346595 16.358060
4377.792331 16.692914
4378.238066 17.148373
4378.683801 16.711454
4379.129536 16.870140
4379.575271 16.584456
4380.021006 16.404631
4380.466741 16.476175
4380.912477 16.322872
4381.358212 15.893571
4381.803947 15.925524
4382.249682 15.710129
4382.695417 14.416589
4383.141152 14.126376
4383.586887 14.705460
4384.032623 14.602081
4384.478358 14.848792
4384.924093 15.084561
4385.369828 15.107357
4385.815563 15.336782
4386.261298 15.037598
4386.707033 14.980261
4387.152769 14.680988
4387.598504 14.791583
4388.044239 15.056716
4388.489974 14.900599
4388.935709 14.606611
4389.381444 14.497369
4389.827179 14.708607
4390.272915 14.649035
4390.718650 14.668193
4391.164385 14.594786
4391.610120 14.495094
4392.055855 14.196341
4392.501590 14.344614
4392.947325 14.398333
4393.393061 14.167447
4393.838796 14.684115
4394.284531 14.496712
4394.730266 14.146455
4395.176001 13.920942
4395.621736 14.274238
4396.067471 14.100217
4396.513207 14.151495
4396.958942 14.042567
4397.404677 14.251217
4397.850412 14.198841
4398.296147 14.638377
4398.741882 14.457004
4399.187617 14.026742
4399.633353 13.835593
4400.079088 13.597422
4400.524823 13.689094
4400.970558 14.518674
4401.416293 14.734413
4401.862028 14.723284
4402.307763 13.982338
4402.753499 14.434855
4403.199234 14.595728
4403.644969 13.946257
4404.090704 13.498298
4404.536439 13.401322
4404.982174 12.496532
4405.427909 12.765195
4405.873645 13.007788
4406.319380 13.070067
4406.765115 13.181407
4407.210850 12.728026
4407.656585 13.114030
4408.102320 13.196859
4408.548055 13.381213
4408.993791 13.478905
4409.439526 13.391547
4409.885261 13.227184
4410.330996 13.530634
4410.776731 13.381301
4411.222466 13.181289
4411.668201 13.355662
4412.113937 13.642788
4412.559672 13.961464
4413.005407 13.516888
4413.451142 13.745421
4413.896877 13.878380
4414.342612 13.874459
4414.788347 13.710351
4415.234083 13.307228
4415.679818 13.229616
4416.125553 13.383262
4416.571288 13.520555
4417.017023 13.258774
4417.462758 13.186093
4417.908493 13.273206
4418.354229 13.132355
4418.799964 12.934529
4419.245699 12.673905
4419.691434 12.933696
4420.137169 13.180926
4420.582904 13.442226
4421.028639 13.146356
4421.474375 13.223586
4421.920110 13.247136
4422.365845 13.005651
4422.811580 12.966629
4423.257315 13.115334
4423.703050 12.886908
4424.148785 12.813688
4424.594521 12.714839
4425.040256 12.710388
4425.485991 13.047065
4425.931726 13.327190
4426.377461 13.137208
4426.823196 13.172406
4427.268931 12.878026
4427.714667 12.714329
4428.160402 12.642207
4428.606137 12.280254
4429.051872 12.176532
4429.497607 12.170542
4429.943342 12.319011
4430.389077 12.905096
4430.834813 12.927509
4431.280548 12.638590
4431.726283 12.513013
4432.172018 12.895733
4432.617753 12.759607
4433.063488 12.840317
4433.509223 12.585145
4433.954959 12.654159
4434.400694 12.573135
4434.846429 12.689308
4435.292164 12.524769
4435.737899 12.655718
4436.183634 12.636178
4436.629369 12.490414
4437.075105 12.442205
4437.520840 12.378917
4437.966575 12.728154
4438.412310 12.616137
4438.858045 12.903625
4439.303780 13.210801
4439.749515 12.799835
4440.195251 12.563840
4440.640986 12.830042
4441.086721 12.350141
4441.532456 12.625971
4441.978191 12.442666
4442.423926 12.515435
4442.869661 12.775470
4443.315397 12.915351
4443.761132 12.555839
4444.206867 12.896262
4444.652602 12.588949
4445.098337 12.374456
4445.544072 12.277362
4445.989807 12.178248
4446.435543 12.456500
4446.881278 12.572193
4447.327013 12.731683
4447.772748 12.638197
4448.218483 12.838249
4448.664218 12.614598
4449.109953 12.538025
4449.555689 12.625785
4450.001424 12.961844
4450.447159 12.686357
4450.892894 12.671572
4451.338629 12.621981
4451.784364 12.756950
4452.230099 12.926931
4452.675835 12.579282
4453.121570 12.844651
4453.567305 12.470334
4454.013040 12.463059
4454.458775 12.417145
4454.904510 12.367299
4455.350245 13.169043
4455.795981 12.549104
4456.241716 12.256174
4456.687451 12.168894
4457.133186 11.792528
4457.578921 11.876279
4458.024656 12.042073
4458.470391 12.610892
4458.916127 12.365151
4459.361862 12.286833
4459.807597 12.643453
4460.253332 12.662189
4460.699067 12.730262
4461.144802 13.209605
4461.590537 13.282403
4462.036273 12.714310
4462.482008 12.821297
4462.927743 12.590479
4463.373478 12.323041
4463.819213 12.449529
4464.264948 12.514729
4464.710683 12.528995
4465.156419 12.535505
4465.602154 12.459539
4466.047889 12.574997
4466.493624 12.963286
4466.939359 13.045516
4467.385094 13.002425
4467.830829 13.100549
4468.276565 13.271128
4468.722300 13.452041
4469.168035 13.387037
4469.613770 13.368310
4470.059505 12.993101
4470.505240 12.582851
4470.950975 12.696593
4471.396711 13.089803
4471.842446 13.193094
4472.288181 13.294345
4472.733916 13.746372
4473.179651 13.578970
4473.625386 13.934276
4474.071121 14.289592
4474.516857 13.624806
4474.962592 13.432814
4475.408327 13.583578
4475.854062 13.411607
4476.299797 13.339338
4476.745532 13.385233
4477.191267 13.022564
4477.637003 12.994425
4478.082738 12.972080
4478.528473 12.848073
4478.974208 13.472973
4479.419943 13.140414
4479.865678 12.972816
4480.311413 13.241636
4480.757149 13.397636
4481.202884 13.121403
4481.648619 13.176230
4482.094354 13.167171
4482.540089 13.084675
4482.985824 13.096696
4483.431559 13.319278
4483.877295 12.915596
4484.323030 13.236890
4484.768765 13.468797
4485.214500 13.098343
4485.660235 13.371301
4486.105970 13.389743
4486.551705 13.401812
4486.997441 13.283570
4487.443176 13.341858
4487.888911 13.248989
4488.334646 13.296423
4488.780381 13.588735
4489.226116 13.723665
4489.671851 13.679202
4490.117587 13.448119
4490.563322 12.967776
4491.009057 13.012946
4491.454792 13.349554
4491.900527 13.135198
4492.346262 12.934705
4492.791997 12.780284
4493.237733 13.077587
4493.683468 12.968727
4494.129203 12.908478
4494.574938 13.009573
4495.020673 12.983944
4495.466408 12.871829
4495.912143 12.737448
4496.357879 13.096353
4496.803614 13.433726
4497.249349 12.748429
4497.695084 13.111246
4498.140819 13.502965
4498.586554 13.614276
4499.032289 13.684231
4499.478025 13.515084
4499.923760 13.465365
4500.369495 13.080881
4500.815230 12.153119
4501.260965 12.715486
4501.706700 12.806708
4502.152435 12.531858
4502.598171 12.345621
4503.043906 12.989660
4503.489641 13.210869
4503.935376 13.574793
4504.381111 13.462983
4504.826846 13.745686
4505.272581 12.975247
4505.718317 11.640421
4506.164052 11.038493
4506.609787 11.600850
4507.055522 12.009855
4507.501257 13.281893
4507.946992 14.218685
4508.392727 13.568479
4508.838463 13.263539
4509.284198 13.389370
4509.729933 13.973631
4510.175668 13.130276
4510.621403 11.365071
4511.067138 9.927974
4511.512873 9.883844
4511.958609 9.700931
4512.404344 10.743200
4512.850079 12.503032
4513.295814 14.038096
4513.741549 13.621404
4514.187284 12.924960
4514.633019 13.183750
4515.078755 12.921558
4515.524490 13.303846
4515.970225 13.254303
4516.415960 13.637758
4516.861695 13.212163
4517.307430 12.862652
4517.753165 12.443656
4518.198901 12.072310
4518.644636 12.188847
4519.090371 12.883193
4519.536106 13.100529
4519.981841 13.329239
4520.427576 13.555645
4520.873311 13.534271
4521.319047 13.283168
4521.764782 13.480876
4522.210517 13.035006
4522.656252 12.772931
4523.101987 12.713829
4523.547722 13.032780
4523.993457 13.031545
4524.439193 13.193280
4524.884928 13.008769
4525.330663 13.038496
4525.776398 12.881330
4526.222133 12.264106
4526.667868 11.898947
4527.113603 11.967255
4527.559339 12.632119
4528.005074 12.340405
4528.450809 12.312874
4528.896544 12.348121
4529.342279 12.545329
4529.788014 12.476776
4530.233749 12.440038
4530.679485 12.589547
4531.125220 12.658551
4531.570955 12.559938
4532.016690 12.740566
4532.462425 12.951079
4532.908160 12.989405
4533.353895 13.378223
4533.799631 14.360968
4534.245366 14.624563
4534.691101 15.788418
4535.136836 15.225913
4535.582571 12.902743
4536.028306 9.574825
4536.474041 8.044860
4536.919777 8.354261
4537.365512 7.614207
4537.811247 10.608251
4538.256982 12.333395
4538.702717 12.993905
4539.148452 14.252550
4539.594187 12.885791
4540.039923 11.716573
4540.485658 10.898543
4540.931393 10.851932
4541.377128 10.208040
4541.822863 10.699178
4542.268598 11.441291
4542.714333 12.330600
4543.160069 12.522798
4543.605804 12.720496
4544.051539 12.743939
4544.497274 12.612480
4544.943009 12.390094
4545.388744 12.232653
4545.834479 12.214966
4546.280214 12.573203
4546.725950 12.589145
4547.171685 12.592802
4547.617420 11.533268
4548.063155 11.585722
4548.508890 12.355925
4548.954625 12.329541
4549.400360 12.493924
4549.846096 12.503621
4550.291831 12.519043
4550.737566 13.067753
4551.183301 12.805276
4551.629036 12.671160
4552.074771 12.754538
4552.520506 12.940255
4552.966242 12.905527
4553.411977 13.144679
4553.857712 13.238038
4554.303447 13.520319
4554.749182 13.127737
4555.194917 13.243705
4555.640652 13.251019
4556.086388 12.722614
4556.532123 11.851375
4556.977858 10.565748
4557.423593 10.595828
4557.869328 11.143960
4558.315063 11.702121
4558.760798 12.651679
4559.206534 13.184319
4559.652269 12.878192
4560.098004 12.747675
4560.543739 12.629167
4560.989474 12.439421
4561.435209 12.637795
4561.880944 12.658022
4562.326680 12.910645
4562.772415 12.759391
4563.218150 13.145738
4563.663885 13.525741
4564.109620 14.711450
4564.555355 14.366106
4565.001090 13.890587
4565.446826 12.028513
4565.892561 10.913142
4566.338296 7.926500
4566.784031 8.076882
4567.229766 9.794143
4567.675501 11.844826
4568.121236 12.516494
4568.566972 12.447431
4569.012707 12.671846
4569.458442 12.864182
4569.904177 13.065311
4570.349912 12.447147
4570.795647 12.425449
4571.241382 12.461540
4571.687118 12.221143
4572.132853 12.822356
4572.578588 13.322347
4573.024323 13.433246
4573.470058 13.238155
4573.915793 12.139736
4574.361528 11.298342
4574.807264 9.638084
4575.252999 9.905463
4575.698734 10.152253
4576.144469 10.838892
4576.590204 11.538268
4577.035939 12.965737
4577.481674 12.360710
4577.927410 12.729566
4578.373145 12.611960
4578.818880 12.629971
4579.264615 12.338836
4579.710350 13.051644
4580.156085 13.127805
4580.601820 14.947739
4581.047556 16.585358
4581.493291 16.796557
4581.939026 13.734077
4582.384761 12.242467
4582.830496 8.794592
4583.276231 6.027630
4583.721966 7.113117
4584.167702 9.438572
4584.613437 10.720463
4585.059172 11.975000
4585.504907 13.125854
4585.950642 12.782608
4586.396377 12.412076
4586.842112 12.452559
4587.287848 13.020789
4587.733583 12.820022
4588.179318 12.630687
4588.625053 12.475315
4589.070788 12.440646
4589.516523 12.708054
4589.962258 12.725958
4590.407994 12.591498
4590.853729 12.464530
4591.299464 12.576390
4591.745199 12.542535
4592.190934 12.596714
4592.636669 12.948402
4593.082404 12.996297
4593.528140 12.752067
4593.973875 12.712339
4594.419610 11.716651
4594.865345 10.702364
4595.311080 10.935633
4595.756815 11.375582
4596.202550 12.029562
4596.648286 12.521416
4597.094021 13.095245
4597.539756 12.913969
4597.985491 12.539544
4598.431226 12.641403
4598.876961 12.947863
4599.322696 13.059792
4599.768432 13.331298
4600.214167 14.241657
4600.659902 13.471905
4601.105637 12.165031
4601.551372 12.062839
4601.997107 10.198785
4602.442842 8.968014
4602.888578 9.834420
4603.334313 10.244268
4603.780048 11.163539
4604.225783 12.701878
4604.671518 12.969433
4605.117253 12.550388
4605.562988 12.252497
4606.008724 12.155501
4606.454459 12.136255
4606.900194 12.559496
4607.345929 12.511023
4607.791664 12.664032
4608.237399 12.837082
4608.683134 12.685857
4609.128870 12.809257
4609.574605 12.703515
4610.020340 12.026798
4610.466075 12.254851
4610.911810 11.839453
4611.357545 11.874926
4611.803280 11.987187
4612.249016 11.721730
4612.694751 11.619381
4613.140486 12.010120
4613.586221 12.291794
4614.031956 12.662718
4614.477691 12.925558
4614.923426 12.842729
4615.369162 12.756077
4615.814897 13.199133
4616.260632 12.911028
4616.706367 11.952479
4617.152102 11.738476
4617.597837 11.151235
4618.043572 11.411888
4618.489308 11.247123
4618.935043 11.574711
4619.380778 11.490285
4619.826513 11.620685
4620.272248 11.791332
4620.717983 12.329306
4621.163718 12.779726
4621.609454 13.135747
4622.055189 13.902048
4622.500924 13.455266
4622.946659 12.875692
4623.392394 11.289008
4623.838129 11.241868
4624.283864 11.650598
4624.729600 11.929880
4625.175335 11.706190
4625.621070 11.871769
4626.066805 12.312187
4626.512540 12.147795
4626.958275 12.143903
4627.404010 12.098302
4627.849746 12.298226
4628.295481 12.028631
4628.741216 12.232437
4629.186951 12.593616
4629.632686 12.913341
4630.078421 12.563467
4630.524156 12.407487
4630.969892 12.297059
4631.415627 12.484982
4631.861362 12.573654
4632.307097 12.733115
4632.752832 12.775863
4633.198567 12.710153
4633.644302 12.727997
4634.090038 12.649031
4634.535773 12.466795
4634.981508 12.728526
4635.427243 12.700456
4635.872978 12.706437
4636.318713 12.631903
4636.764448 12.903262
4637.210184 12.884487
4637.655919 12.813973
4638.101654 13.134522
4638.547389 13.297022
4638.993124 12.691701
4639.438859 12.575399
4639.884594 12.502424
4640.330330 12.533465
4640.776065 12.727497
4641.221800 12.639335
4641.667535 12.417076
4642.113270 12.421253
4642.559005 12.612794
4643.004740 12.490041
4643.450476 12.654355
4643.896211 12.994023
4644.341946 12.891997
4644.787681 12.751292
4645.233416 13.054458
4645.679151 13.885910
4646.124886 13.560371
4646.570622 13.448835
4647.016357 12.504797
4647.462092 12.456216
4647.907827 12.146344
4648.353562 12.188670
4648.799297 12.553594
4649.245032 12.846553
4649.690768 12.654139
4650.136503 13.096294
4650.582238 12.757430
4651.027973 12.795599
4651.473708 12.642590
4651.919443 12.343513
4652.365178 12.154492
4652.810914 12.507631
4653.256649 12.517082
4653.702384 12.427488
4654.148119 12.700878
4654.593854 13.042663
4655.039589 12.584331
4655.485324 12.692848
4655.931060 12.665042
4656.376795 12.399487
4656.822530 12.388486
4657.268265 12.577233
4657.714000 12.838837
4658.159735 13.033329
4658.605470 13.263010
4659.051206 13.241067
4659.496941 13.251911
4659.942676 13.379350
4660.388411 12.610578
4660.834146 12.849279
4661.279881 13.004249
4661.725616 13.272648
4662.171352 13.211575
4662.617087 13.086421
4663.062822 13.067841
4663.508557 13.023799
4663.954292 13.170661
4664.400027 13.281177
4664.845762 13.071665
4665.291498 13.271667
4665.737233 13.285991
4666.182968 13.519339
4666.628703 13.365702
4667.074438 13.356859
4667.520173 13.346240
4667.965908 12.816698
4668.411644 12.516200
4668.857379 12.598969
4669.303114 12.659846
4669.748849 12.879771
4670.194584 12.616069
4670.640319 13.091068
4671.086054 13.020662
4671.531790 12.675023
4671.977525 12.975600
4672.423260 12.827513
4672.868995 12.998141
4673.314730 13.332249
4673.760465 13.435716
4674.206200 13.208614
4674.651936 13.090176
4675.097671 13.569891
4675.543406 13.496740
4675.989141 13.510701
4676.434876 13.379948
4676.880611 13.574695
4677.326346 13.707948
4677.772082 13.549194
4678.217817 13.773982
4678.663552 13.670456
4679.109287 14.085579
4679.555022 14.362498
4680.000757 14.139151
4680.446492 13.963582
4680.892228 14.298984
4681.337963 14.365665
4681.783698 14.688812
4682.229433 15.252670
4682.675168 14.986800
4683.120903 14.564402
4683.566638 14.376754
4684.012374 14.758953
4684.458109 14.992134
4684.903844 15.724326
4685.349579 15.458456
4685.795314 15.509911
4686.241049 15.923661
4686.686784 16.063307
4687.132520 16.143586
4687.578255 15.574199
4688.023990 14.375077
4688.469725 14.413432
4688.915460 13.368967
4689.361195 13.414646
4689.806930 14.160123
4690.252666 13.796150
4690.698401 13.171387
4691.144136 12.230869
4691.589871 11.930135
4692.035606 12.668591
4692.481341 12.601332
4692.927076 13.315944
4693.372812 14.176575
4693.818547 13.967435
4694.264282 13.364143
4694.710017 13.022662
4695.155752 12.921999
4695.601487 12.459314
4696.047222 12.634177
4696.492958 12.648649
4696.938693 12.847190
4697.384428 13.002523
4697.830163 12.772107
4698.275898 12.895438
4698.721633 13.422931
4699.167368 13.320092
4699.613104 13.674721
4700.058839 13.657504
4700.504574 13.343632
4700.950309 13.371055
4701.396044 13.227223
4701.841779 13.138316
4702.287514 12.979659
4702.733250 13.284021
4703.178985 12.945647
4703.624720 13.091744
4704.070455 12.827121
4704.516190 12.926489
4704.961925 13.311032
4705.407660 13.398940
4705.853396 12.637952
4706.299131 12.640207
4706.744866 11.801196
4707.190601 12.579047
4707.636336 13.166533
4708.082071 12.667150
4708.527806 12.775578
4708.973542 12.663140
4709.419277 12.404193
4709.865012 11.955528
4710.310747 12.760989
4710.756482 13.380693
4711.202217 13.288884
4711.647952 13.511191
4712.093688 13.588000
4712.539423 12.897870
4712.985158 12.726095
4713.430893 12.572184
4713.876628 11.823138
4714.322363 12.541133
4714.768098 13.226802
4715.213834 13.549576
4715.659569 13.328798
4716.105304 13.178456
4716.551039 13.232498
4716.996774 13.434128
4717.442509 12.798805
4717.888244 12.551957
4718.333980 12.061162
4718.779715 12.638884
4719.225450 12.165453
4719.671185 12.139138
4720.116920 12.439009
4720.562655 12.543427
4721.008390 12.600705
4721.454126 12.827209
4721.899861 12.693309
4722.345596 12.262037
4722.791331 12.554820
4723.237066 13.016985
4723.682801 13.366261
4724.128536 13.184044
4724.574272 13.138169
4725.020007 13.186034
4725.465742 12.949363
4725.911477 13.143032
4726.357212 12.967315
4726.802947 12.859456
4727.248682 12.635913
4727.694418 12.642786
4728.140153 12.621667
4728.585888 13.046222
4729.031623 12.871692
4729.477358 12.899645
4729.923093 12.496404
4730.368828 12.423567
4730.814564 12.709388
4731.260299 12.957795
4731.706034 12.724761
4732.151769 12.733380
4732.597504 12.837415
4733.043239 12.622863
4733.488974 12.498836
4733.934710 12.651639
4734.380445 12.754204
4734.826180 12.720487
4735.271915 12.638011
4735.717650 12.986611
4736.163385 13.007965
4736.609120 12.782785
4737.054856 12.491973
4737.500591 12.590832
4737.946326 12.647678
4738.392061 12.357631
4738.837796 12.424880
4739.283531 12.433636
4739.729266 12.477178
4740.175002 12.506993
4740.620737 12.397006
4741.066472 12.260478
4741.512207 12.186258
4741.957942 12.212446
4742.403677 12.163227
4742.849412 12.130951
4743.295148 11.971000
4743.740883 12.325345
4744.186618 12.174267
4744.632353 12.549270
4745.078088 12.357739
4745.523823 12.672239
4745.969558 12.527416
4746.415294 12.419537
4746.861029 12.531093
4747.306764 12.102106
4747.752499 12.087546
4748.198234 12.225721
4748.643969 12.219780
4749.089704 12.277538
4749.535440 12.267900
4749.981175 12.396663
4750.426910 12.092047
4750.872645 11.655020
4751.318380 11.498197
4751.764115 11.842022
4752.209850 11.795293
4752.655586 11.869337
4753.101321 12.171130
4753.547056 12.024788
4753.992791 12.116411
4754.438526 11.844845
4754.884261 11.488402
4755.329996 11.419623
4755.775732 11.714279
4756.221467 11.792126
4756.667202 11.953724
4757.112937 11.880475
4757.558672 11.953273
4758.004407 12.225280
4758.450142 12.242664
4758.895878 12.348072
4759.341613 12.010032
4759.787348 12.560908
4760.233083 12.437332
4760.678818 12.740821
4761.124553 12.086576
4761.570288 11.154215
4762.016024 10.225316
4762.461759 9.371029
4762.907494 9.050735
4763.353229 10.106544
4763.798964 10.924544
4764.244699 11.853826
4764.690434 10.839569
4765.136170 11.005294
4765.581905 8.903432
4766.027640 8.075695
4766.473375 7.616079
4766.919110 9.463936
4767.364845 10.429848
4767.810580 11.524130
4768.256316 11.722740
4768.702051 12.963286
4769.147786 13.038741
4769.593521 13.306552
4770.039256 12.384692
4770.484991 11.144195
4770.930726 10.403856
4771.376462 8.375939
4771.822197 7.299256
4772.267932 9.145966
4772.713667 10.443937
4773.159402 11.543955
4773.605137 12.537966
4774.050872 13.689447
4774.496608 13.043026
4774.942343 12.154531
4775.388078 11.963196
4775.833813 12.018513
4776.279548 12.395065
4776.725283 12.474138
4777.171018 12.415154
4777.616754 12.664620
4778.062489 12.045916
4778.508224 10.850207
4778.953959 10.511451
4779.399694 10.300487
4779.845429 10.448623
4780.291164 11.412947
4780.736900 12.041779
4781.182635 12.008855
4781.628370 11.826913
4782.074105 12.062329
4782.519840 11.849365
4782.965575 11.931478
4783.411310 12.316580
4783.857046 12.575743
4784.302781 12.402350
4784.748516 12.421723
4785.194251 12.440205
4785.639986 12.478864
4786.085721 12.161933
4786.531456 12.185739
4786.977192 12.341542
4787.422927 12.404664
4787.868662 12.234751
4788.314397 11.900878
4788.760132 11.900133
4789.205867 12.121823
4789.651602 12.284607
4790.097338 12.360935
4790.543073 12.140167
4790.988808 12.014042
4791.434543 12.546731
4791.880278 12.351602
4792.326013 12.472168
4792.771748 12.786795
4793.217484 12.705652
4793.663219 12.574517
4794.108954 12.582312
4794.554689 12.650433
4795.000424 12.869927
4795.446159 13.489710
4795.891894 14.009388
4796.337630 13.935845
4796.783365 12.290392
4797.229100 12.589243
4797.674835 10.846334
4798.120570 8.617581
4798.566305 7.744528
4799.012040 6.690925
4799.457776 8.082411
4799.903511 11.259094
4800.349246 14.143661
4800.794981 14.857665
4801.240716 14.024419
4801.686451 14.474289
4802.132186 12.199288
4802.577922 11.207071
4803.023657 10.194373
4803.469392 9.624544
4803.915127 8.923207
4804.360862 11.315774
4804.806597 12.631383
4805.252332 12.613362
4805.698068 12.835033
4806.143803 13.531467
4806.589538 13.053419
4807.035273 12.725820
4807.481008 13.184230
4807.926743 13.193858
4808.372478 13.549949
4808.818214 13.733548
4809.263949 13.712008
4809.709684 13.346093
4810.155419 12.793677
4810.601154 12.618216
4811.046889 12.914292
4811.492624 12.907204
4811.938360 12.973306
4812.384095 13.443854
4812.829830 13.651700
4813.275565 13.351231
4813.721300 13.546546
4814.167035 13.718027
4814.612770 13.876321
4815.058506 13.970445
4815.504241 14.620768
4815.949976 14.488711
4816.395711 14.198821
4816.841446 14.280699
4817.287181 14.561265
4817.732916 14.741854
4818.178652 15.320821
4818.624387 14.560892
4819.070122 14.376146
4819.515857 13.649308
4819.961592 11.696258
4820.407327 10.565385
4820.853062 12.543368
4821.298798 12.756244
4821.744533 14.445934
4822.190268 15.135309
4822.636003 15.181528
4823.081738 15.233286
4823.527473 15.241316
4823.973208 15.553835
4824.418944 15.930573
4824.864679 15.964664
4825.310414 15.710021
4825.756149 15.415385
4826.201884 15.374010
4826.647619 15.452133
4827.093354 15.965526
4827.539090 16.999609
4827.984825 18.754666
4828.430560 18.777246
4828.876295 16.967460
4829.322030 15.404159
4829.767765 13.777217
4830.213500 10.964155
4830.659236 12.021719
4831.104971 16.431015
4831.550706 16.561661
4831.996441 17.922204
4832.442176 19.572892
4832.887911 18.598333
4833.333646 18.392095
4833.779382 18.096646
4834.225117 18.502043
4834.670852 18.459207
4835.116587 18.471894
4835.562322 18.563233
4836.008057 18.282569
4836.453792 18.845887
4836.899528 18.918617
4837.345263 18.999936
4837.790998 19.667319
4838.236733 20.007713
4838.682468 19.269923
4839.128203 17.733359
4839.573938 17.052230
4840.019674 16.358668
4840.465409 16.654490
4840.911144 18.453050
4841.356879 20.151780
4841.802614 20.270934
4842.248349 20.424748
4842.694084 20.588248
4843.139820 20.972712
4843.585555 21.276397
4844.031290 21.539109
4844.477025 21.527579
4844.922760 21.264504
4845.368495 21.987382
4845.814230 22.211405
4846.259966 23.196112
4846.705701 24.043428
4847.151436 25.090050
4847.597171 22.289165
4848.042906 19.741951
4848.488641 19.801396
4848.934376 18.759166
4849.380112 18.899047
4849.825847 18.885056
4850.271582 22.158451
4850.717317 23.191170
4851.163052 24.182956
4851.608787 25.091285
4852.054522 25.998860
4852.500257 25.682557
4852.945993 25.992585
4853.391728 25.953583
4853.837463 26.185901
4854.283198 26.934779
4854.728933 26.969233
4855.174668 27.083269
4855.620403 27.550376
4856.066139 28.102782
4856.511874 29.207721
4856.957609 29.955119
4857.403344 30.466817
4857.849079 31.085894
4858.294814 31.844861
4858.740549 32.658666
4859.186285 33.711220
4859.632020 34.365151
4860.077755 34.708260
4860.523490 35.229870
4860.969225 35.331043
4861.414960 34.535828
4861.860695 33.632215
4862.306431 33.509364
4862.752166 35.134365
4863.197901 35.303708
4863.643636 35.932119
4864.089371 35.940953
4864.535106 36.215430
4864.980841 35.372154
4865.426577 35.100235
4865.872312 33.969755
4866.318047 33.689522
4866.763782 32.828725
4867.209517 31.773759
4867.655252 31.161173
4868.100987 31.029253
4868.546723 31.037812
4868.992458 27.583927
4869.438193 24.675505
4869.883928 24.826514
4870.329663 25.559490
4870.775398 26.127015
4871.221133 27.040139
4871.666869 27.486313
4872.112604 27.596731
4872.558339 27.671569
4873.004074 27.796979
4873.449809 27.428368
4873.895544 27.262299
4874.341279 26.858794
4874.787015 27.101682
4875.232750 26.948721
4875.678485 26.953859
4876.124220 26.592955
4876.569955 26.246336
4877.015690 25.866548
4877.461425 25.908904
4877.907161 25.402020
4878.352896 25.512938
4878.798631 25.282777
4879.244366 25.146151
4879.690101 25.474171
4880.135836 25.463298
4880.581571 25.361076
4881.027307 24.759442
4881.473042 24.161994
4881.918777 24.135963
4882.364512 24.118668
4882.810247 24.277736
4883.255982 24.683937
4883.701717 24.380056
4884.147453 24.091637
4884.593188 23.692191
4885.038923 22.791744
4885.484658 21.460536
4885.930393 19.915687
4886.376128 19.456218
4886.821863 20.336958
4887.267599 21.721267
4887.713334 21.633125
4888.159069 21.824254
4888.604804 23.176758
4889.050539 24.209585
4889.496274 24.791738
4889.942009 26.186440
4890.387745 26.775848
4890.833480 27.208845
4891.279215 26.009596
4891.724950 25.429590
4892.170685 23.072418
4892.616420 20.458877
4893.062155 18.568449
4893.507891 18.620060
4893.953626 19.162956
4894.399361 18.627923
4894.845096 19.171917
4895.290831 20.421865
4895.736566 19.791533
4896.182301 19.805200
4896.628037 20.146496
4897.073772 19.954043
4897.519507 19.749403
4897.965242 19.732088
4898.410977 19.786385
4898.856712 20.123690
4899.302447 19.763776
4899.748183 19.667810
4900.193918 19.380371
4900.639653 18.980131
4901.085388 18.614814
4901.531123 18.719478
4901.976858 18.482561
4902.422593 18.657003
4902.868329 18.844544
4903.314064 18.952276
4903.759799 18.620138
4904.205534 18.484169
4904.651269 17.902516
4905.097004 17.461490
4905.542739 17.181786
4905.988475 17.282077
4906.434210 17.355856
4906.879945 17.583370
4907.325680 17.325089
4907.771415 17.523297
4908.217150 17.232162
4908.662885 17.056808
4909.108621 17.243888
4909.554356 17.581105
4910.000091 17.610391
4910.445826 17.968746
4910.891561 18.248606
4911.337296 18.511377
4911.783031 18.539418
4912.228767 18.416861
4912.674502 17.659355
4913.120237 17.181904
4913.565972 16.986314
4914.011707 16.635508
4914.457442 17.025100
4914.903177 16.868424
4915.348913 16.541375
4915.794648 16.474547
4916.240383 16.681972
4916.686118 16.883386
4917.131853 17.039052
4917.577588 17.309735
4918.023323 17.418565
4918.469059 15.999411
4918.914794 15.277642
4919.360529 14.083648
4919.806264 14.492447
4920.251999 12.971149
4920.697734 13.663142
4921.143469 14.523792
4921.589205 15.177587
4922.034940 15.524990
4922.480675 16.413308
4922.926410 15.975958
4923.372145 15.425533
4923.817880 15.538814
4924.263615 15.751151
4924.709351 15.431121
4925.155086 15.768485
4925.600821 15.709580
4926.046556 15.837578
4926.492291 15.823890
4926.938026 15.692961
4927.383761 15.368961
4927.829497 15.173733
4928.275232 15.177753
4928.720967 15.033676
4929.166702 15.030891
4929.612437 14.782023
4930.058172 14.927669
4930.503907 15.389266
4930.949643 15.457535
4931.395378 15.085954
4931.841113 15.151193
4932.286848 14.938170
4932.732583 14.969054
4933.178318 14.757179
4933.624053 14.645692
4934.069789 14.473465
4934.515524 14.849106
4934.961259 14.842076
4935.406994 14.618141
4935.852729 14.579982
4936.298464 14.485672
4936.744199 14.404177
4937.189935 14.065774
4937.635670 14.213410
4938.081405 14.741501
4938.527140 14.678154
4938.972875 14.688292
4939.418610 14.073186
4939.864345 13.716694
4940.310081 13.626875
4940.755816 14.156368
4941.201551 14.723696
4941.647286 15.000586
4942.093021 14.747570
4942.538756 13.587951
4942.984491 13.515437
4943.430227 13.649984
4943.875962 13.760510
4944.321697 13.818298
4944.767432 14.395588
4945.213167 14.696146
4945.658902 14.677586
4946.104637 14.546754
4946.550373 14.337398
4946.996108 14.794053
4947.441843 15.974047
4947.887578 15.385658
4948.333313 14.530861
4948.779048 14.811584
4949.224783 15.018998
4949.670519 14.714833
4950.116254 15.440534
4950.561989 16.222581
4951.007724 16.739926
4951.453459 17.652619
4951.899194 18.646159
4952.344929 19.035595
4952.790665 19.471494
4953.236400 19.673888
4953.682135 20.517940
4954.127870 21.488008
4954.573605 22.560014
4955.019340 24.297110
4955.465075 25.874294
4955.910811 28.470735
4956.356546 31.359969
4956.802281 34.410164
4957.248016 37.550462
4957.693751 40.723017
4958.139486 43.140654
4958.585221 46.505436
4959.030957 48.242855
4959.476692 48.771172
4959.922427 49.597594
4960.368162 49.376022
4960.813897 48.758073
4961.259632 47.697773
4961.705367 45.796883
4962.151103 43.894052
4962.596838 41.293640
4963.042573 37.825253
4963.488308 34.402526
4963.934043 31.394599
4964.379778 28.939185
4964.825513 26.174116
4965.271249 23.735684
4965.716984 21.510813
4966.162719 19.664005
4966.608454 18.085900
4967.054189 16.946145
4967.499924 15.898326
4967.945659 15.574964
4968.391395 14.801270
4968.837130 14.718912
4969.282865 14.375793
4969.728600 14.070392
4970.174335 13.932354
4970.620070 13.935747
4971.065805 14.076334
4971.511541 13.921687
4971.957276 13.983083
4972.403011 13.695614
4972.848746 13.364290
4973.294481 13.020975
4973.740216 12.935500
4974.185951 12.952785
4974.631687 12.700525
4975.077422 12.422380
4975.523157 12.313482
4975.968892 12.212779
4976.414627 12.367504
4976.860362 12.547957
4977.306097 12.649541
4977.751833 13.033770
4978.197568 12.870594
4978.643303 12.922440
4979.089038 12.738331
4979.534773 12.194180
4979.980508 12.380848
4980.426243 11.768174
4980.871979 11.534130
4981.317714 11.402534
4981.763449 11.851012
4982.209184 12.109616
4982.654919 12.461353
4983.100654 12.464893
4983.546389 12.326678
4983.992125 12.171081
4984.437860 12.312982
4984.883595 12.274862
4985.329330 12.358122
4985.775065 12.407654
4986.220800 12.686877
4986.666535 12.817022
4987.112271 12.925489
4987.558006 12.965256
4988.003741 13.143885
4988.449476 13.401195
4988.895211 13.457561
4989.340946 13.147542
4989.786681 13.416607
4990.232417 13.562920
4990.678152 13.842751
4991.123887 13.860379
4991.569622 13.793787
4992.015357 13.852987
4992.461092 14.543283
4992.906827 15.055197
4993.352563 15.457329
4993.798298 15.909543
4994.244033 16.132791
4994.689768 16.482705
4995.135503 16.630282
4995.581238 16.986226
4996.026973 17.587625
4996.472709 17.919929
4996.918444 18.995553
4997.364179 19.860076
4997.809914 20.643104
4998.255649 21.593554
4998.701384 22.908408
4999.147119 24.489063
4999.592855 25.779376
5000.038590 27.267584
5000.484325 28.990884
5000.930060 30.954327
5001.375795 33.310833
5001.821530 36.739766
5002.267265 39.775587
5002.713001 44.263653
5003.158736 49.605202
5003.604471 54.905494
5004.050206 63.818633
5004.495941 71.914388
5004.941676 80.345114
5005.387411 90.126766
5005.833147 99.109840
5006.278882 106.962659
5006.724617 114.562041
5007.170352 120.372070
5007.616087 122.317011
5008.061822 123.378850
5008.507557 120.931770
5008.953293 116.949706
5009.399028 112.272500
5009.844763 106.158826
5010.290498 100.628981
5010.736233 93.738799
5011.181968 85.778316
5011.627703 77.419839
5012.073439 68.390498
5012.519174 58.757718
5012.964909 50.368455
5013.410644 43.745690
5013.856379 37.240698
5014.302114 32.906455
5014.747849 29.118628
5015.193585 25.856557
5015.639320 24.101059
5016.085055 22.163902
5016.530790 20.891394
5016.976525 20.020115
5017.422260 19.432099
5017.867995 18.376722
5018.313731 17.548485
5018.759466 16.866797
5019.205201 16.278104
5019.650936 15.748013
5020.096671 15.510185
5020.542406 15.168213
5020.988141 14.890295
5021.433877 14.678899
5021.879612 14.781298
5022.325347 14.208675
5022.771082 13.990201
5023.216817 13.824818
5023.662552 13.533203
5024.108287 13.639925
5024.554023 13.461992
5024.999758 12.888703
5025.445493 12.583537
5025.891228 12.442195
5026.336963 12.403183
5026.782698 12.413066
5027.228433 12.431901
5027.674169 13.008210
5028.119904 13.037771
5028.565639 12.640717
5029.011374 12.403114
5029.457109 12.477070
5029.902844 12.116558
5030.348579 12.231986
5030.794315 12.108097
5031.240050 12.439028
5031.685785 12.434773
5032.131520 12.156913
5032.577255 12.388819
5033.022990 12.011542
5033.468725 11.966676
5033.914461 11.655824
5034.360196 11.653795
5034.805931 11.899407
5035.251666 11.829580
5035.697401 12.133706
5036.143136 12.025650
5036.588871 11.998217
5037.034607 11.356276
5037.480342 11.703062
5037.926077 11.975883
5038.371812 12.306079
5038.817547 12.493051
5039.263282 12.565614
5039.709017 12.242840
5040.154753 11.822628
5040.600488 11.677051
5041.046223 11.763458
5041.491958 11.749055
5041.937693 11.990991
5042.383428 12.285843
5042.829163 12.669729
5043.274899 12.542868
5043.720634 12.308952
5044.166369 12.141118
5044.612104 11.957333
5045.057839 11.914173
5045.503574 12.090243
5045.949309 12.252262
5046.395045 12.541603
5046.840780 12.111489
5047.286515 11.969284
5047.732250 11.622479
5048.177985 11.524649
5048.623720 11.315656
5049.069455 11.561965
5049.515191 11.770086
5049.960926 11.921674
5050.406661 11.551514
5050.852396 11.877641
5051.298131 11.739035
5051.743866 11.220121
5052.189601 11.082525
5052.635337 11.700660
5053.081072 11.601438
5053.526807 11.823148
5053.972542 12.244085
5054.418277 12.167453
5054.864012 12.307991
5055.309747 11.892368
5055.755483 11.121507
5056.201218 11.215964
5056.646953 11.240142
5057.092688 10.830284
5057.538423 10.930300
5057.984158 11.169079
5058.429893 10.541080
5058.875629 8.478063
5059.321364 6.749203
5059.767099 8.791298
5060.212834 10.269701
5060.658569 11.165186
5061.104304 11.627911
5061.550039 10.170597
5061.995775 10.698884
5062.441510 9.839665
5062.887245 8.307964
5063.332980 3.517056
5063.778715 9.708402
5064.224450 9.529499
5064.670185 11.450400
5065.115921 9.243345
5065.561656 10.819558
5066.007391 11.462263
5066.453126 11.770282
5066.898861 12.492561
5067.344596 10.886836
5067.790331 10.939741
5068.236067 6.589566
5068.681802 3.264384
5069.127537 6.155834
5069.573272 7.495327
5070.019007 8.789748
5070.464742 10.284829
5070.910477 11.622028
5071.356213 12.125872
5071.801948 11.498079
5072.247683 11.403309
5072.693418 10.883856
5073.139153 11.359022
5073.584888 11.550837
5074.030623 13.405322
5074.476359 13.135492
5074.922094 13.287060
5075.367829 12.570262
5075.813564 11.036992
5076.259299 10.175372
5076.705034 9.804673
5077.150769 9.675067
5077.596505 11.734917
5078.042240 12.339620
5078.487975 11.523845
5078.933710 10.960321
5079.379445 11.126361
5079.825180 10.864570
5080.270915 10.250160
5080.716651 10.636233
5081.162386 10.757544
5081.608121 11.482902
5082.053856 11.579408
5082.499591 11.719465
5082.945326 11.128018
5083.391061 11.541817
5083.836797 11.183550
5084.282532 10.916407
5084.728267 10.479165
5085.174002 10.322155
5085.619737 10.328969
5086.065472 10.811449
5086.511207 11.112811
5086.956943 11.556416
5087.402678 11.822295
5087.848413 12.050387
5088.294148 11.609586
5088.739883 11.168402
5089.185618 11.157304
5089.631353 11.376052
5090.077089 11.430663
5090.522824 11.383337
5090.968559 11.323431
5091.414294 11.567613
5091.860029 11.267026
5092.305764 10.805674
5092.751499 11.041228
5093.197235 11.395602
5093.642970 10.239474
5094.088705 10.174970
5094.534440 10.613320
5094.980175 3.691998
5095.425910 1.284205
5095.871645 4.505675
5096.317381 7.254244
5096.763116 7.611157
5097.208851 14.347987
5097.654586 10.054178
5098.100321 5.275231
5098.546056 7.472561
5098.991791 7.651748
5099.437527 10.069081
5099.883262 11.000000
5100.328997 10.235885
5100.774732 10.693942
5101.220467 10.591465
5101.666202 10.776839
5102.111937 10.776065
5102.557673 10.666372
5103.003408 10.298036
5103.449143 10.396777
5103.894878 10.333224
5104.340613 10.856442
5104.786348 10.874355
5105.232083 10.801782
5105.677819 10.816636
5106.123554 10.634350
5106.569289 10.498391
5107.015024 10.571641
5107.460759 10.268495
5107.906494 10.567082
5108.352229 11.261241
5108.797965 10.675392
5109.243700 11.294822
5109.689435 11.213307
5110.135170 10.788948
5110.580905 10.090082
5111.026640 9.587277
5111.472375 9.515920
5111.918111 9.868010
5112.363846 11.012962
5112.809581 10.782379
5113.255316 11.077299
5113.701051 10.694982
5114.146786 10.719865
5114.592521 10.587985
5115.038257 10.618791
5115.483992 10.906279
5115.929727 10.525118
5116.375462 10.456545
5116.821197 10.477615
5117.266932 10.833686
5117.712667 10.489116
5118.158403 10.650391
5118.604138 10.650244
5119.049873 11.041640
5119.495608 9.409845
5119.941343 8.330936
5120.387078 7.830671
5120.832813 7.421293
5121.278549 7.792649
5121.724284 9.042460
5122.170019 10.984891
5122.615754 11.247123
5123.061489 10.870963
5123.507224 11.081260
5123.952959 10.884915
5124.398695 10.412504
5124.844430 10.771447
5125.290165 10.629085
5125.735900 10.980675
5126.181635 10.874953
5126.627370 11.075887
5127.073105 10.361638
5127.518841 10.701776
5127.964576 10.160077
5128.410311 10.873953
5128.856046 11.376444
5129.301781 12.294108
5129.747516 11.919526
5130.193251 8.633219
5130.638987 7.945374
5131.084722 3.050106
5131.530457 0.205336
5131.976192 0.241485
5132.421927 3.145504
5132.867662 5.841432
5133.313397 7.564400
5133.759133 9.674626
5134.204868 8.961524
5134.650603 9.863568
5135.096338 10.182607
5135.542073 11.099006
5135.987808 11.051601
5136.433543 11.103467
5136.879279 10.823558
5137.325014 10.689030
5137.770749 10.661921
5138.216484 10.572719
5138.662219 10.681363
5139.107954 10.816381
5139.553689 11.125262
5139.999425 10.875394
5140.445160 10.558983
5140.890895 10.381021
5141.336630 9.405178
5141.782365 7.931383
5142.228100 7.932853
5142.673835 5.347010
5143.119571 6.082565
5143.565306 7.613510
5144.011041 9.140574
5144.456776 10.509274
5144.902511 11.617145
5145.348246 11.258594
5145.793981 11.153372
5146.239717 10.820401
5146.685452 10.777898
5147.131187 10.593642
5147.576922 10.186813
5148.022657 10.518167
5148.468392 10.494244
5148.914127 11.180903
5149.359863 12.425684
5149.805598 13.249087
5150.251333 10.348019
5150.697068 10.962664
5151.142803 10.808312
5151.588538 5.636773
5152.034273 6.032552
5152.480009 8.154337
5152.925744 6.397505
5153.371479 6.766106
5153.817214 7.920598
5154.262949 7.916813
5154.708684 9.360410
5155.154419 10.194657
5155.600154 10.778369
5156.045890 11.200061
5156.491625 10.734955
5156.937360 10.724121
5157.383095 10.886934
5157.828830 10.906788
5158.274565 10.935692
5158.720300 11.152558
5159.166036 11.654726
5159.611771 11.594918
5160.057506 11.649647
5160.503241 11.688973
5160.948976 11.729299
5161.394711 11.826932
5161.840446 11.890123
5162.286182 11.436840
5162.731917 11.436056
5163.177652 10.585181
5163.623387 10.516618
5164.069122 11.395230
5164.514857 10.608976
5164.960592 8.765669
5165.406328 9.491085
5165.852063 7.984072
5166.297798 8.660809
5166.743533 7.021200
5167.189268 8.159681
5167.635003 10.151909
5168.080738 9.924905
5168.526474 10.820303
5168.972209 10.523295
5169.417944 10.528177
5169.863679 10.291506
5170.309414 10.030177
5170.755149 9.915101
5171.200884 10.058531
5171.646620 10.515010
5172.092355 11.162804
5172.538090 11.744859
5172.983825 13.129531
5173.429560 14.236451
5173.875295 13.824426
5174.321030 12.092311
5174.766766 9.648202
5175.212501 9.875089
5175.658236 9.640133
5176.103971 10.148635
5176.549706 10.161488
5176.995441 10.366844
5177.441176 10.839118
5177.886912 10.629027
5178.332647 10.425877
5178.778382 10.438476
5179.224117 10.560405
5179.669852 10.370560
5180.115587 10.641106
5180.561322 10.821293
5181.007058 10.667656
5181.452793 10.811479
5181.898528 11.204993
5182.344263 10.900808
5182.789998 10.974567
5183.235733 11.106232
5183.681468 11.204336
5184.127204 11.765252
5184.572939 11.654736
5185.018674 11.251339
5185.464409 11.193914
5185.910144 10.638537
5186.355879 10.677020
5186.801614 10.688609
5187.247350 10.780918
5187.693085 11.308744
5188.138820 11.119341
5188.584555 11.016079
5189.030290 10.590191
5189.476025 10.198775
5189.921760 10.461203
5190.367496 10.661430
5190.813231 11.103144
5191.258966 12.003071
5191.704701 11.758801
5192.150436 10.228502
5192.596171 9.725315
5193.041906 10.552747
5193.487642 10.386482
5193.933377 10.171028
5194.379112 10.829088
5194.824847 10.145772
5195.270582 10.459350
5195.716317 11.475264
5196.162052 10.799704
5196.607788 11.228014
5197.053523 11.033992
5197.499258 11.187894
5197.944993 11.684600
5198.390728 12.201279
5198.836463 12.424184
5199.282198 12.197916
5199.727934 11.772880
5200.173669 11.290272
5200.619404 8.395117
5201.065139 7.061555
5201.510874 7.129393
5201.956609 8.066175
5202.402344 9.648144
5202.848080 10.996098
5203.293815 11.563760
5203.739550 11.511394
5204.185285 11.607625
5204.631020 11.848855
5205.076755 11.479078
5205.522490 11.448861
5205.968226 11.564956
5206.413961 11.453910
5206.859696 11.306372
5207.305431 11.273821
5207.751166 11.605282
5208.196901 11.493697
5208.642636 10.969518
5209.088372 11.121096
5209.534107 10.937163
5209.979842 10.978861
5210.425577 11.014805
5210.871312 10.889238
5211.317047 10.746916
5211.762782 11.216405
5212.208518 10.688432
5212.654253 10.643988
5213.099988 10.771849
5213.545723 11.105281
5213.991458 10.960527
5214.437193 10.994353
5214.882928 11.587869
5215.328664 11.772233
5215.774399 11.719936
5216.220134 11.407554
5216.665869 11.264398
5217.111604 11.309097
5217.557339 10.936535
5218.003074 11.413407
5218.448810 11.813255
5218.894545 12.393702
5219.340280 12.362494
5219.786015 12.460451
5220.231750 12.736556
5220.677485 13.000641
5221.123220 12.931480
5221.568956 12.605686
5222.014691 11.961921
5222.460426 11.426898
5222.906161 10.985450
5223.351896 10.396052
5223.797631 9.733786
5224.243366 10.632419
5224.689102 11.275978
5225.134837 11.554161
5225.580572 11.223837
5226.026307 11.282223
5226.472042 11.477451
5226.917777 11.333305
5227.363512 11.310234
5227.809248 11.537376
5228.254983 11.832531
5228.700718 11.337864
5229.146453 10.233159
5229.592188 8.919482
5230.037923 9.359695
5230.483658 9.615083
5230.929394 9.127298
5231.375129 9.486467
5231.820864 10.082660
5232.266599 10.804831
5232.712334 10.726905
5233.158069 10.392914
5233.603804 10.876257
5234.049540 10.788497
5234.495275 10.731346
5234.941010 10.604554
5235.386745 10.602329
5235.832480 10.333244
5236.278215 10.897376
5236.723950 11.411388
5237.169686 11.752438
5237.615421 11.597213
5238.061156 11.433252
5238.506891 11.603762
5238.952626 11.308430
5239.398361 11.077162
5239.844096 10.990215
5240.289832 11.341354
5240.735567 11.607145
5241.181302 11.645069
5241.627037 11.859611
5242.072772 11.887936
5242.518507 11.624097
5242.964242 11.409348
5243.409978 11.233132
5243.855713 11.145783
5244.301448 10.937496
5244.747183 11.019325
5245.192918 11.263849
5245.638653 11.242417
5246.084388 11.262085
5246.530124 10.835353
5246.975859 10.972116
5247.421594 11.107948
5247.867329 10.946271
5248.313064 10.937830
5248.758799 10.849618
5249.204534 10.810459
5249.650270 10.952644
5250.096005 10.906945
5250.541740 10.626017
5250.987475 10.715924
5251.433210 10.443211
5251.878945 11.070593
5252.324680 10.986352
5252.770416 11.290822
5253.216151 11.422565
5253.661886 11.262692
5254.107621 11.041081
5254.553356 10.646528
5254.999091 10.669166
5255.444826 10.611947
5255.890562 9.559687
5256.336297 9.310878
5256.782032 10.019176
5257.227767 10.292634
5257.673502 10.372599
5258.119237 9.955123
5258.564972 10.127231
5259.010708 10.254553
5259.456443 10.817361
5259.902178 10.903112
5260.347913 10.253141
5260.793648 9.575188
5261.239383 10.181519
5261.685118 10.309184
5262.130854 9.520263
5262.576589 10.465154
5263.022324 10.341588
5263.468059 10.054296
5263.913794 10.514794
5264.359529 10.627830
5264.805264 10.464948
5265.251000 9.841969
5265.696735 9.536892
5266.142470 10.138575
5266.588205 10.959713
5267.033940 10.928123
5267.479675 10.784860
5267.925410 10.924956
5268.371146 10.483920
5268.816881 10.418729
5269.262616 10.222296
5269.708351 9.611024
5270.154086 10.687922
5270.599821 10.817763
5271.045556 10.038589
5271.491292 10.062473
5271.937027 10.366256
5272.382762 10.694197
5272.828497 9.282641
5273.274232 9.006173
5273.719967 9.085315
5274.165702 10.205932
5274.611438 10.045187
5275.057173 10.081542
5275.502908 10.565650
5275.948643 11.077338
5276.394378 10.791340
5276.840113 10.806978
5277.285848 10.531579
5277.731584 10.713179
5278.177319 10.456251
5278.623054 10.718306
5279.068789 10.602437
5279.514524 11.290351
5279.960259 11.665746
5280.405994 11.481804
5280.851730 11.101163
5281.297465 10.414572
5281.743200 10.768937
5282.188935 10.780065
5282.634670 10.295085
5283.080405 9.232177
5283.526140 8.597198
5283.971876 8.878087
5284.417611 8.866577
5284.863346 9.452102
5285.309081 9.132259
5285.754816 9.840440
5286.200551 9.660350
5286.646286 9.534499
5287.092022 10.200167
5287.537757 10.940614
5287.983492 11.276370
5288.429227 11.190355
5288.874962 11.172412
5289.320697 10.704237
5289.766432 10.564081
5290.212168 10.314723
5290.657903 10.501460
5291.103638 11.145038
5291.549373 11.430340
5291.995108 11.204071
5292.440843 11.135547
5292.886578 10.906788
5293.332314 10.566327
5293.778049 9.709990
5294.223784 9.818566
5294.669519 10.652008
5295.115254 10.293340
5295.560989 10.447467
5296.006724 10.494930
5296.452460 9.971771
5296.898195 11.003402
5297.343930 11.324059
5297.789665 11.365395
5298.235400 11.384827
5298.681135 10.972812
5299.126870 10.727258
5299.572606 10.827372
5300.018341 10.576935
5300.464076 10.633635
5300.909811 10.764584
5301.355546 10.699403
5301.801281 10.684118
5302.247016 10.593309
5302.692752 10.751907
5303.138487 11.212582
5303.584222 10.963292
5304.029957 10.869963
5304.475692 11.019727
5304.921427 11.132518
5305.367162 11.372895
5305.812898 11.703788
5306.258633 11.835688
5306.704368 11.531062
5307.150103 11.346158
5307.595838 11.489255
5308.041573 11.496599
5308.487308 11.513227
5308.933044 11.753850
5309.378779 11.322735
5309.824514 11.913055
5310.270249 11.687375
5310.715984 11.601929
5311.161719 11.663746
5311.607454 11.587389
5312.053190 11.529444
5312.498925 11.465714
5312.944660 11.894495
5313.390395 11.422026
5313.836130 11.421467
5314.281865 11.126684
5314.727600 10.740484
5315.173336 10.921211
5315.619071 11.401946
5316.064806 11.646422
5316.510541 11.141685
5316.956276 11.076544
5317.402011 11.175089
5317.847746 11.602654
5318.293482 11.779155
5318.739217 10.875689
5319.184952 9.768082
5319.630687 9.400854
5320.076422 12.312256
5320.522157 12.379946
5320.967892 13.694791
5321.413628 11.292459
5321.859363 10.488440
5322.305098 12.284597
5322.750833 10.198775
5323.196568 11.899702
5323.642303 11.761458
5324.088038 8.894863
5324.533774 9.417433
5324.979509 9.536902
5325.425244 11.544562
5325.870979 11.038247
5326.316714 9.462397
5326.762449 9.332222
5327.208184 8.379714
5327.653920 8.791601
5328.099655 10.978518
5328.545390 10.829980
5328.991125 10.087778
5329.436860 10.529187
5329.882595 10.297752
5330.328330 9.667939
5330.774066 9.365489
5331.219801 10.256592
5331.665536 10.837745
5332.111271 11.170667
5332.557006 11.389131
5333.002741 10.775771
5333.448476 10.788840
5333.894212 10.413661
5334.339947 9.455377
5334.785682 10.507666
5335.231417 10.352922
5335.677152 10.447094
5336.122887 10.708816
5336.568622 10.872041
5337.014358 10.919985
5337.460093 10.631340
5337.905828 10.979783
5338.351563 10.902906
5338.797298 10.636635
5339.243033 10.729199
5339.688768 10.551100
5340.134504 11.125488
5340.580239 11.476029
5341.025974 11.596311
5341.471709 11.752310
5341.917444 11.678267
5342.363179 11.712367
5342.808914 11.411025
5343.254650 11.456969
5343.700385 11.555092
5344.146120 11.297449
5344.591855 11.090721
5345.037590 10.995902
5345.483325 10.663725
5345.929060 10.350049
5346.374796 10.061600
5346.820531 10.526981
5347.266266 10.813214
5347.712001 11.212072
5348.157736 11.286792
5348.603471 11.203591
5349.049206 11.201042
5349.494942 11.092849
5349.940677 11.115713
5350.386412 11.275370
5350.832147 10.510902
5351.277882 10.695246
5351.723617 10.765731
5352.169352 10.111005
5352.615088 9.679881
5353.060823 10.395856
5353.506558 11.350806
5353.952293 12.408076
5354.398028 12.771941
5354.843763 13.418666
5355.289498 12.429381
5355.735234 11.885348
5356.180969 11.252760
5356.626704 10.726307
5357.072439 10.825509
5357.518174 10.888425
5357.963909 10.959605
5358.409644 10.638204
5358.855380 10.593171
5359.301115 10.544698
5359.746850 10.381413
5360.192585 10.834872
5360.638320 10.608319
5361.084055 10.404846
5361.529790 10.408739
5361.975526 10.893160
5362.421261 11.387916
5362.866996 11.188766
5363.312731 10.540668
5363.758466 11.009363
5364.204201 8.549048
5364.649936 9.680744
5365.095672 8.661241
5365.541407 8.816476
5365.987142 9.770671
5366.432877 10.207148
5366.878612 11.526081
5367.324347 11.580418
5367.770082 10.495862
5368.215818 8.899069
5368.661553 8.292493
5369.107288 7.928569
5369.553023 8.792827
5369.998758 10.103426
5370.444493 10.179205
5370.890228 10.247209
5371.335964 10.661646
5371.781699 10.245170
5372.227434 10.175548
5372.673169 9.881668
5373.118904 10.132212
5373.564639 10.711777
5374.010374 10.693481
5374.456110 11.296067
5374.901845 11.034639
5375.347580 10.624605
5375.793315 10.365275
5376.239050 10.210354
5376.684785 10.502372
5377.130520 9.691430
5377.576256 9.888384
5378.021991 9.910875
5378.467726 9.350282
5378.913461 8.431472
5379.359196 8.413990
5379.804931 9.023096
5380.250666 7.510210
5380.696402 7.727498
5381.142137 8.871567
5381.587872 8.711871
5382.033607 9.256502
5382.479342 8.990163
5382.925077 9.721040
5383.370812 10.531099
5383.816548 10.647694
5384.262283 10.522383
5384.708018 10.251023
5385.153753 10.084317
5385.599488 10.054080
5386.045223 9.301691
5386.490958 9.234413
5386.936694 8.755668
5387.382429 9.290504
5387.828164 8.830398
5388.273899 9.749630
5388.719634 8.933179
5389.165369 8.031271
5389.611104 5.942458
5390.056840 7.033446
5390.502575 7.744107
5390.948310 5.403739
5391.394045 6.498904
5391.839780 5.981363
5392.285515 7.467835
5392.731250 8.908305
5393.176986 9.456799
5393.622721 9.880432
5394.068456 9.922582
5394.514191 9.479408
5394.959926 9.349223
5395.405661 9.357851
5395.851396 9.861774
5396.297132 10.091984
5396.742867 10.144311
5397.188602 9.712402
5397.634337 8.938601
5398.080072 10.020715
5398.525807 10.394885
5398.971542 10.378864
5399.417278 10.772555
5399.863013 10.531599
5400.308748 10.345931
5400.754483 10.281770
5401.200218 9.678096
5401.645953 10.178009
5402.091688 10.050060
5402.537424 10.878591
5402.983159 11.701945
5403.428894 11.971059
5403.874629 9.698068
5404.320364 9.578188
5404.766099 11.619704
5405.211834 13.095853
5405.657570 13.381203
5406.103305 16.565435
5406.549040 14.449454
5406.994775 12.429528
5407.440510 14.128905
5407.886245 15.418895
5408.331980 11.659373
5408.777716 8.961229
5409.223451 9.054255
5409.669186 5.102868
5410.114921 7.385653
5410.560656 8.119531
5411.006391 12.731095
5411.452126 12.782206
5411.897862 11.799597
5412.343597 12.441283
5412.789332 13.227625
5413.235067 14.741648
5413.680802 13.678839
5414.126537 13.543899
5414.572272 14.043537
5415.018008 14.331976
5415.463743 13.591637
5415.909478 13.173769
5416.355213 12.769009
5416.800948 12.408781
5417.246683 10.007999
5417.692418 9.388902
5418.138154 7.882223
5418.583889 6.476647
5419.029624 8.170407
5419.475359 8.974162
5419.921094 9.762356
5420.366829 10.295193
5420.812564 11.356404
5421.258300 11.456057
5421.704035 11.534983
5422.149770 11.535915
5422.595505 10.826284
5423.041240 9.702225
5423.486975 8.819260
5423.932710 9.097247
5424.378446 9.669949
5424.824181 9.022292
5425.269916 9.108268
5425.715651 9.516341
5426.161386 9.926778
5426.607121 9.065618
5427.052856 9.302476
5427.498592 9.967761
5427.944327 10.453565
5428.390062 10.707972
5428.835797 10.347970
5429.281532 10.080895
5429.727267 9.338125
5430.173002 9.313162
5430.618738 9.118180
5431.064473 8.721166
5431.510208 10.262347
5431.955943 11.130930
5432.401678 11.300175
5432.847413 10.677686
5433.293148 10.374011
5433.738884 9.411257
5434.184619 9.152437
5434.630354 10.352569
5435.076089 9.549569
5435.521824 9.251188
5435.967559 10.735758
5436.413294 10.776173
5436.859030 11.472029
5437.304765 12.270028
5437.750500 10.896229
5438.196235 10.293408
5438.641970 9.451190
5439.087705 8.452630
5439.533440 6.375631
5439.979176 5.620645
5440.424911 6.465451
5440.870646 7.486424
5441.316381 4.564443
5441.762116 2.957640
5442.207851 3.163780
5442.653586 11.422398
5443.099322 17.604008
5443.545057 18.979121
5443.990792 19.368390
5444.436527 11.433791
5444.882262 8.579098
5445.327997 5.926496
5445.773732 6.137039
5446.219468 7.065271
5446.665203 7.914921
5447.110938 9.972055
5447.556673 10.206942
5448.002408 9.601533
5448.448143 9.406070
5448.893878 9.995233
5449.339614 11.330991
5449.785349 12.167159
5450.231084 14.967868
5450.676819 14.330163
5451.122554 13.029388
5451.568289 10.591250
5452.014024 7.556478
5452.459760 6.410947
5452.905495 8.075548
5453.351230 8.394705
5453.796965 8.673281
5454.242700 8.664339
5454.688435 9.201362
5455.134170 9.082854
5455.579906 9.189439
5456.025641 9.339782
5456.471376 9.523577
5456.917111 9.571168
5457.362846 8.926659
5457.808581 9.708883
5458.254316 9.665556
5458.700051 9.512861
5459.145787 9.489506
5459.591522 10.329597
5460.037257 10.100749
5460.482992 9.908738
5460.928727 8.891019
5461.374462 9.501605
5461.820197 9.143574
5462.265933 9.748081
5462.711668 9.554932
5463.157403 10.138134
5463.603138 10.275505
5464.048873 10.060580
5464.494608 9.873628
5464.940343 10.590809
5465.386079 10.621997
5465.831814 10.809675
5466.277549 10.555826
5466.723284 10.050168
5467.169019 9.747012
5467.614754 9.885805
5468.060489 8.788533
5468.506225 8.982584
5468.951960 9.484898
5469.397695 11.115301
5469.843430 11.061200
5470.289165 11.005559
5470.734900 11.412819
5471.180635 10.865874
5471.626371 10.254406
5472.072106 8.509751
5472.517841 7.658621
5472.963576 9.286926
5473.409311 10.012077
5473.855046 9.981115
5474.300781 11.454557
5474.746517 11.525365
5475.192252 11.163941
5475.637987 11.032698
5476.083722 10.706923
5476.529457 10.872247
5476.975192 8.970602
5477.420927 8.947385
5477.866663 10.030069
5478.312398 11.010373
5478.758133 9.734296
5479.203868 8.007897
5479.649603 6.872730
5480.095338 4.898464
5480.541073 8.584952
5480.986809 13.859938
5481.432544 15.186773
5481.878279 13.698007
5482.324014 9.169360
5482.769749 6.558045
5483.215484 7.265068
5483.661219 8.655279
5484.106955 8.029624
5484.552690 8.531546
5484.998425 8.904000
5485.444160 9.181792
5485.889895 9.350145
5486.335630 9.729648
5486.781365 10.454722
5487.227101 10.729729
5487.672836 10.481557
5488.118571 10.151292
5488.564306 9.083854
5489.010041 8.868224
5489.455776 8.760835
5489.901511 10.815106
5490.347247 11.317941
5490.792982 10.366373
5491.238717 9.785544
5491.684452 8.523036
5492.130187 11.306587
5492.575922 11.288066
5493.021657 11.500864
5493.467393 13.235694
5493.913128 11.851895
5494.358863 11.684914
5494.804598 10.715993
5495.250333 9.621887
5495.696068 9.972065
5496.141803 10.161390
5496.587539 9.548255
5497.033274 9.661497
5497.479009 9.028812
5497.924744 8.872851
5498.370479 8.733470
5498.816214 9.202156
5499.261949 9.467221
5499.707685 10.417769
5500.153420 12.274538
5500.599155 12.880683
5501.044890 14.140131
5501.490625 16.199139
5501.936360 13.521016
5502.382095 15.434435
5502.827831 13.324268
5503.273566 17.134274
5503.719301 20.348920
5504.165036 22.748124
5504.610771 14.227460
5505.056506 11.720789
5505.502241 5.524952
5505.947977 5.606281
5506.393712 8.403970
5506.839447 8.858213
5507.285182 8.970250
5507.730917 8.441914
5508.176652 8.875960
5508.622387 8.653848
5509.068123 9.614740
5509.513858 8.992810
5509.959593 8.511839
5510.405328 9.936955
5510.851063 10.715806
5511.296798 9.491007
5511.742533 9.344782
5512.188269 9.781642
5512.634004 9.322526
5513.079739 9.320712
5513.525474 8.748001
5513.971209 10.130643
5514.416944 11.504884
5514.862679 11.168687
5515.308415 9.866637
5515.754150 10.039187
5516.199885 10.676186
5516.645620 11.413956
5517.091355 10.770094
5517.537090 11.627822
5517.982825 10.824852
5518.428561 10.100210
5518.874296 11.433732
5519.320031 13.180014
5519.765766 11.527473
5520.211501 9.972163
5520.657236 10.865560
5521.102971 9.113307
5521.548707 9.021645
5521.994442 8.318965
5522.440177 7.801806
5522.885912 8.488348
5523.331647 8.381194
5523.777382 8.859762
5524.223117 9.295995
5524.668853 10.235405
5525.114588 10.706600
5525.560323 11.328559
5526.006058 11.136626
5526.451793 13.904882
5526.897528 14.450425
5527.343263 13.581039
5527.788999 10.803763
5528.234734 7.981464
5528.680469 10.861982
5529.126204 20.126945
5529.571939 17.234172
5530.017674 17.642559
5530.463409 14.752767
5530.909145 17.295097
5531.354880 13.002768
5531.800615 7.569057
5532.246350 5.516707
5532.692085 5.970617
5533.137820 6.436263
5533.583555 7.605304
5534.029291 10.400777
5534.475026 11.478029
5534.920761 11.718671
5535.366496 9.755738
5535.812231 8.996026
5536.257966 8.816936
5536.703701 8.331427
5537.149437 8.980034
5537.595172 10.118633
5538.040907 8.885068
5538.486642 9.370891
5538.932377 9.989939
5539.378112 12.000688
5539.823847 10.287810
5540.269583 8.325073
5540.715318 6.968962
5541.161053 8.274305
5541.606788 7.021347
5542.052523 6.487736
5542.498258 7.266421
5542.943993 9.011517
5543.389729 9.936524
5543.835464 10.381012
5544.281199 11.114046
5544.726934 8.960827
5545.172669 11.702229
5545.618404 9.807790
5546.064139 9.940759
5546.509875 13.159954
5546.955610 14.331006
5547.401345 16.813833
5547.847080 11.881014
5548.292815 8.815289
5548.738550 6.026532
5549.184285 6.827747
5549.630021 9.599925
5550.075756 9.091453
5550.521491 10.983626
5550.967226 14.615817
5551.412961 15.835715
5551.858696 16.059120
5552.304431 12.490620
5552.750167 10.683500
5553.195902 10.398316
5553.641637 6.346855
5554.087372 6.452401
5554.533107 8.986094
5554.978842 11.125694
5555.424577 10.921544
5555.870313 10.227287
5556.316048 11.608792
5556.761783 12.079575
5557.207518 10.428475
5557.653253 9.785122
5558.098988 11.145852
5558.544723 13.210712
5558.990459 14.088834
5559.436194 15.213971
5559.881929 13.040114
5560.327664 13.481886
5560.773399 11.939684
5561.219134 10.442486
5561.664869 9.676665
5562.110605 11.534758
5562.556340 10.515549
5563.002075 9.131014
5563.447810 10.303242
5563.893545 9.371490
5564.339280 9.838135
5564.785015 10.736013
5565.230751 11.046807
5565.676486 11.091319
5566.122221 11.338324
5566.567956 9.615416
5567.013691 9.529931
5567.459426 10.731386
5567.905161 11.269408
5568.350897 9.122622
5568.796632 11.646706
5569.242367 12.256694
5569.688102 11.028864
5570.133837 11.697974
5570.579572 12.136314
5571.025307 11.366993
5571.471043 11.888672
5571.916778 10.816930
5572.362513 11.434232
5572.808248 11.460508
5573.253983 10.716649
5573.699718 11.606488
5574.145453 11.537033
5574.591189 11.761203
5575.036924 13.637258
5575.482659 12.320668
5575.928394 12.752694
5576.374129 12.016866
5576.819864 12.601725
5577.265599 13.836701
5577.711335 12.950157
5578.157070 12.429038
5578.602805 10.889964
5579.048540 10.557924
5579.494275 10.968008
5579.940010 10.451879
5580.385745 11.050660
5580.831481 11.089878
5581.277216 9.965094
5581.722951 10.308870
5582.168686 11.200208
5582.614421 11.035777
5583.060156 10.747151
5583.505891 10.754750
5583.951627 11.328971
5584.397362 11.309646
5584.843097 10.020097
5585.288832 9.142642
5585.734567 7.654699
5586.180302 10.525942
5586.626037 10.446898
5587.071773 8.938002
5587.517508 8.787993
5587.963243 11.366395
5588.408978 14.357311
5588.854713 14.397059
5589.300448 7.728821
5589.746183 8.913883
5590.191919 13.098500
5590.637654 0.371258
5591.083389 11.296194
5591.529124 10.419975
5591.974859 26.953967
5592.420594 24.230998
5592.866329 17.940715
5593.312065 15.999274
5593.757800 11.928968
5594.203535 11.882367
5594.649270 0.881024
5595.095005 7.158993
5595.540740 7.299393
5595.986475 13.284060
5596.432211 14.437395
5596.877946 12.945608
5597.323681 14.311622
5597.769416 10.207746
5598.215151 10.641655
5598.660886 7.699584
5599.106621 10.413092
5599.552357 8.915727
5599.998092 4.655576
5600.443827 6.799785
5600.889562 8.775453
5601.335297 7.799934
5601.781032 6.493315
5602.226767 4.915847
5602.672503 5.792773
5603.118238 8.535596
5603.563973 11.047572
5604.009708 12.802423
5604.455443 17.103850
5604.901178 25.362282
5605.346913 24.602109
5605.792649 18.681946
5606.238384 14.558706
5606.684119 10.362961
5607.129854 6.883996
5607.575589 4.862775
5608.021324 6.433380
5608.467059 10.031461
5608.912795 13.301394
5609.358530 13.793836
5609.804265 15.621594
5610.250000 14.141485
