1815.525918 43.331643
1815.938677 40.477032
1816.351437 36.395330
1816.764196 33.065258
1817.176955 31.201340
1817.589714 35.166177
1818.002474 35.900200
1818.415233 31.528244
1818.827992 42.898754
1819.240751 42.420097
1819.653511 40.756374
1820.066270 37.003868
1820.479029 40.076437
1820.891788 38.316197
1821.304548 35.952866
1821.717307 39.141200
1822.130066 31.734433
1822.542826 38.004788
1822.955585 36.201643
1823.368344 37.772518
1823.781103 37.812682
1824.193863 35.631549
1824.606622 35.218640
1825.019381 33.894388
1825.432140 34.371446
1825.844900 28.512704
1826.257659 32.293844
1826.670418 31.298233
1827.083177 34.629666
1827.495937 36.574925
1827.908696 37.886153
1828.321455 35.584061
1828.734215 39.074171
1829.146974 35.574544
1829.559733 33.682375
1829.972492 31.442108
1830.385252 33.317721
1830.798011 30.418606
1831.210770 32.662967
1831.623529 34.510624
1832.036289 37.502016
1832.449048 37.199105
1832.861807 35.384868
1833.274566 34.257525
1833.687326 31.327086
1834.100085 31.025871
1834.512844 32.107341
1834.925604 30.703510
1835.338363 31.840142
1835.751122 29.260795
1836.163881 37.792245
1836.576641 32.942611
1836.989400 35.661617
1837.402159 38.138551
1837.814918 35.412898
1838.227678 34.773321
1838.640437 42.929100
1839.053196 32.578096
1839.465955 34.548407
1839.878715 37.034246
1840.291474 37.644611
1840.704233 37.836602
1841.116993 36.353534
1841.529752 38.909288
1841.942511 33.568308
1842.355270 35.780864
1842.768030 37.245704
1843.180789 36.060116
1843.593548 35.411968
1844.006307 32.744259
1844.419067 33.181438
1844.831826 36.903640
1845.244585 34.699541
1845.657344 29.945283
1846.070104 34.884241
1846.482863 32.907340
1846.895622 34.288899
1847.308382 35.989516
1847.721141 33.134782
1848.133900 30.703266
1848.546659 31.836619
1848.959419 34.622580
1849.372178 33.576659
1849.784937 31.260270
1850.197696 32.500466
1850.610456 35.049287
1851.023215 33.696933
1851.435974 32.984228
1851.848733 28.923387
1852.261493 35.109677
1852.674252 33.692602
1853.087011 34.853088
1853.499771 35.170263
1853.912530 34.029080
1854.325289 34.154321
1854.738048 35.417555
1855.150808 33.170111
1855.563567 35.210917
1855.976326 39.836477
1856.389085 35.117808
1856.801845 30.014366
1857.214604 26.715879
1857.627363 29.372000
1858.040122 33.221293
1858.452882 31.197646
1858.865641 31.067357
1859.278400 31.893168
1859.691160 32.957063
1860.103919 32.659330
1860.516678 34.731534
1860.929437 32.916743
1861.342197 32.903238
1861.754956 35.303283
1862.167715 31.848811
1862.580474 33.512167
1862.993234 33.881551
1863.405993 34.444460
1863.818752 34.880792
1864.231511 31.840917
1864.644271 32.661051
1865.057030 34.657908
1865.469789 32.688836
1865.882549 33.875264
1866.295308 37.641063
1866.708067 36.568002
1867.120826 32.891339
1867.533586 33.632310
1867.946345 33.533591
1868.359104 33.733729
1868.771863 32.780322
1869.184623 28.929985
1869.597382 28.858781
1870.010141 32.892962
1870.422900 32.610774
1870.835660 33.486453
1871.248419 34.041036
1871.661178 32.589105
1872.073938 32.877524
1872.486697 33.923739
1872.899456 34.301947
1873.312215 34.892674
1873.724975 34.992926
1874.137734 33.671309
1874.550493 34.566594
1874.963252 32.744275
1875.376012 31.112505
1875.788771 32.543909
1876.201530 32.596176
1876.614289 32.571987
1877.027049 32.195051
1877.439808 36.111682
1877.852567 30.990421
1878.265327 32.735533
1878.678086 31.969697
1879.090845 32.758417
1879.503604 33.151949
1879.916364 36.755809
1880.329123 38.925370
1880.741882 37.889513
1881.154641 35.994548
1881.567401 36.877698
1881.980160 37.023326
1882.392919 34.563739
1882.805678 35.392257
1883.218438 37.889929
1883.631197 35.967913
1884.043956 36.859740
1884.456716 35.986727
1884.869475 39.810306
1885.282234 36.091995
1885.694993 41.226011
1886.107753 39.804492
1886.520512 36.617096
1886.933271 38.555252
1887.346030 36.508835
1887.758790 36.984988
1888.171549 38.723397
1888.584308 39.725818
1888.997067 38.718015
1889.409827 42.756281
1889.822586 42.148290
1890.235345 38.997014
1890.648105 38.766123
1891.060864 43.378691
1891.473623 44.077426
1891.886382 42.636130
1892.299142 41.979664
1892.711901 43.385452
1893.124660 44.999379
1893.537419 42.817226
1893.950179 42.418392
1894.362938 42.529883
1894.775697 40.874120
1895.188456 37.844235
1895.601216 40.889134
1896.013975 39.688075
1896.426734 38.478943
1896.839493 38.481284
1897.252253 41.057817
1897.665012 42.123955
1898.077771 40.759710
1898.490531 41.355745
1898.903290 41.561976
1899.316049 39.670933
1899.728808 42.034671
1900.141568 41.595502
1900.554327 40.877569
1900.967086 41.549001
1901.379845 43.444936
1901.792605 43.858620
1902.205364 45.306979
1902.618123 49.553711
1903.030882 50.688891
1903.443642 54.080779
1903.856401 58.866395
1904.269160 62.749899
1904.681920 67.732806
1905.094679 76.366051
1905.507438 82.490793
1905.920197 84.405861
1906.332957 93.154967
1906.745716 98.805228
1907.158475 99.690563
1907.571234 99.025991
1907.983994 95.218298
1908.396753 88.838280
1908.809512 82.841102
1909.222271 79.122652
1909.635031 72.255332
1910.047790 65.873194
1910.460549 64.124876
1910.873309 60.425812
1911.286068 58.681229
1911.698827 54.986560
1912.111586 49.994470
1912.524346 50.811888
1912.937105 50.608431
1913.349864 48.901934
1913.762623 46.134551
1914.175383 43.960284
1914.588142 42.443910
1915.000901 42.041432
1915.413660 40.417286
1915.826420 38.636927
1916.239179 40.997786
1916.651938 39.662680
1917.064698 39.662802
1917.477457 37.722330
1917.890216 38.407739
1918.302975 35.724772
1918.715735 36.719453
1919.128494 38.481398
1919.541253 36.728024
1919.954012 36.255068
1920.366772 35.232756
1920.779531 35.795290
1921.192290 36.293577
1921.605049 35.927748
1922.017809 35.373647
1922.430568 34.378541
1922.843327 35.693537
1923.256087 34.874210
1923.668846 33.423821
1924.081605 34.514734
1924.494364 37.324614
1924.907124 33.998408
1925.319883 34.036665
1925.732642 34.692511
1926.145401 34.689273
1926.558161 33.453816
1926.970920 31.509601
1927.383679 32.706533
1927.796438 32.395622
1928.209198 33.135459
1928.621957 34.782390
1929.034716 33.605284
1929.447476 34.401768
1929.860235 33.346803
1930.272994 31.912022
1930.685753 31.976433
1931.098513 31.280781
1931.511272 32.490802
1931.924031 31.615619
1932.336790 31.571948
1932.749550 30.359056
1933.162309 30.323116
1933.575068 31.170081
1933.987827 29.862311
1934.400587 29.113046
1934.813346 32.028757
1935.226105 30.339883
1935.638865 30.752956
1936.051624 32.829816
1936.464383 30.937158
1936.877142 29.178786
1937.289902 30.105958
1937.702661 30.544735
1938.115420 29.059727
1938.528179 28.088802
1938.940939 28.058456
1939.353698 29.877374
1939.766457 29.766071
1940.179216 29.463535
1940.591976 28.377376
1941.004735 28.934462
1941.417494 29.399019
1941.830254 29.184307
1942.243013 28.320256
1942.655772 27.879024
1943.068531 26.957911
1943.481291 28.737235
1943.894050 27.184228
1944.306809 27.058360
1944.719568 28.245008
1945.132328 29.678532
1945.545087 27.557919
1945.957846 27.024303
1946.370605 28.094462
1946.783365 29.171397
1947.196124 27.207291
1947.608883 25.781922
1948.021643 27.760520
1948.434402 27.487172
1948.847161 26.234401
1949.259920 26.648827
1949.672680 28.267084
1950.085439 26.839440
1950.498198 26.835215
1950.910957 27.242082
1951.323717 27.938590
1951.736476 27.652022
1952.149235 27.002570
1952.561994 26.370113
1952.974754 25.753330
1953.387513 26.293836
1953.800272 26.514314
1954.213032 27.428152
1954.625791 27.860463
1955.038550 27.919939
1955.451309 27.305489
1955.864069 27.282785
1956.276828 27.295719
1956.689587 27.331202
1957.102346 28.416391
1957.515106 27.238836
1957.927865 27.326627
1958.340624 26.925405
1958.753383 27.360463
1959.166143 26.250173
1959.578902 26.210253
1959.991661 26.260742
1960.404421 26.762903
1960.817180 26.852448
1961.229939 25.234729
1961.642698 26.433503
1962.055458 26.180690
1962.468217 26.671197
1962.880976 27.636226
1963.293735 25.259904
1963.706495 25.192859
1964.119254 25.125701
1964.532013 27.370119
1964.944772 25.714234
1965.357532 25.728554
1965.770291 26.184776
1966.183050 27.434097
1966.595810 25.178058
1967.008569 24.788636
1967.421328 26.000818
1967.834087 26.463074
1968.246847 26.769484
1968.659606 26.875144
1969.072365 26.831913
1969.485124 25.653901
1969.897884 23.796890
1970.310643 25.011046
1970.723402 26.147319
1971.136161 25.995443
1971.548921 24.092649
1971.961680 26.206175
1972.374439 26.722436
1972.787199 24.971827
1973.199958 26.893607
1973.612717 26.935705
1974.025476 25.080252
1974.438236 24.742346
1974.850995 26.397408
1975.263754 25.828154
1975.676513 26.693795
1976.089273 25.271476
1976.502032 25.073336
1976.914791 25.913532
1977.327550 26.489163
1977.740310 27.123414
1978.153069 27.081684
1978.565828 26.747008
1978.978588 24.628923
1979.391347 25.135177
1979.804106 24.348153
1980.216865 24.535488
1980.629625 25.607799
1981.042384 25.269193
1981.455143 26.416059
1981.867902 26.745198
1982.280662 26.848435
1982.693421 26.826359
1983.106180 27.305146
1983.518939 26.732272
1983.931699 23.636990
1984.344458 23.846866
1984.757217 24.626493
1985.169977 25.525439
1985.582736 26.447702
1985.995495 25.954545
1986.408254 26.224892
1986.821014 25.417447
1987.233773 24.959081
1987.646532 25.115988
1988.059291 25.488757
1988.472051 26.474174
1988.884810 25.934524
1989.297569 26.924230
1989.710328 26.235012
1990.123088 26.447229
1990.535847 26.282802
1990.948606 25.859332
1991.361366 26.157660
1991.774125 25.896683
1992.186884 25.903941
1992.599643 27.002847
1993.012403 25.148111
1993.425162 24.574756
1993.837921 25.034207
1994.250680 25.898877
1994.663440 25.525015
1995.076199 26.300377
1995.488958 25.695640
1995.901717 25.746520
1996.314477 24.732087
1996.727236 26.465831
1997.139995 25.152817
1997.552755 26.045509
1997.965514 26.059381
1998.378273 26.022511
1998.791032 26.023677
1999.203792 26.133341
1999.616551 26.576384
2000.029310 26.232639
2000.442069 26.599341
2000.854829 25.840045
2001.267588 25.290543
2001.680347 26.552097
2002.093106 27.578429
2002.505866 26.415276
2002.918625 25.727176
2003.331384 26.380364
2003.744144 27.629514
2004.156903 26.897432
2004.569662 25.429647
2004.982421 26.134874
2005.395181 26.545353
2005.807940 25.717112
2006.220699 27.471522
2006.633458 28.114336
2007.046218 27.782833
2007.458977 27.378487
2007.871736 27.413717
2008.284495 27.276162
2008.697255 26.651078
2009.110014 27.448084
2009.522773 26.927835
2009.935533 26.381620
2010.348292 27.683493
2010.761051 27.316474
2011.173810 27.322802
2011.586570 25.546822
2011.999329 26.828194
2012.412088 26.671287
2012.824847 26.468840
2013.237607 27.728160
2013.650366 27.797496
2014.063125 26.645394
2014.475884 26.758483
2014.888644 27.454665
2015.301403 26.177689
2015.714162 26.789350
2016.126922 27.161222
2016.539681 26.104740
2016.952440 26.066753
2017.365199 27.792309
2017.777959 26.817600
2018.190718 25.955532
2018.603477 26.285730
2019.016236 27.546868
2019.428996 27.342775
2019.841755 25.539059
2020.254514 25.402123
2020.667273 26.996461
2021.080033 25.362081
2021.492792 26.318873
2021.905551 26.642303
2022.318311 26.633878
2022.731070 26.889978
2023.143829 26.426082
2023.556588 26.980412
2023.969348 26.391691
2024.382107 26.959844
2024.794866 27.047212
2025.207625 27.004282
2025.620385 26.651412
2026.033144 26.732214
2026.445903 26.832304
2026.858662 25.878587
2027.271422 25.817985
2027.684181 25.338659
2028.096940 24.463550
2028.509700 26.998443
2028.922459 26.173359
2029.335218 25.894922
2029.747977 26.657455
2030.160737 27.178014
2030.573496 26.345859
2030.986255 26.344008
2031.399014 26.532639
2031.811774 26.168979
2032.224533 26.834514
2032.637292 26.522453
2033.050051 25.540111
2033.462811 26.101209
2033.875570 26.816866
2034.288329 27.770380
2034.701089 27.478698
2035.113848 26.860937
2035.526607 25.887827
2035.939366 26.165676
2036.352126 25.775961
2036.764885 26.120537
2037.177644 24.261039
2037.590403 24.654204
2038.003163 27.232703
2038.415922 26.211501
2038.828681 25.749962
2039.241440 26.617282
2039.654200 26.352701
2040.066959 24.638008
2040.479718 24.369023
2040.892478 24.737779
2041.305237 26.466720
2041.717996 26.493787
2042.130755 25.825879
2042.543515 27.243974
2042.956274 26.090183
2043.369033 25.722829
2043.781792 24.950444
2044.194552 25.858990
2044.607311 26.331791
2045.020070 25.005215
2045.432829 24.984908
2045.845589 24.935218
2046.258348 25.454415
2046.671107 25.006577
2047.083866 25.490363
2047.496626 26.264208
2047.909385 27.751704
2048.322144 26.260881
2048.734904 24.451986
2049.147663 27.019272
2049.560422 26.060221
2049.973181 26.208744
2050.385941 26.067772
2050.798700 26.343453
2051.211459 26.284107
2051.624218 26.761728
2052.036978 27.514019
2052.449737 26.217299
2052.862496 25.883830
2053.275255 25.563174
2053.688015 25.976662
2054.100774 26.707887
2054.513533 26.610921
2054.926293 26.668873
2055.339052 26.847399
2055.751811 26.906484
2056.164570 26.316842
2056.577330 26.435860
2056.990089 28.004770
2057.402848 27.712583
2057.815607 26.075137
2058.228367 25.745762
2058.641126 26.796812
2059.053885 27.128161
2059.466644 25.765400
2059.879404 26.009968
2060.292163 27.155726
2060.704922 26.138976
2061.117682 26.987164
2061.530441 27.536014
2061.943200 26.808083
2062.355959 27.785581
2062.768719 27.132369
2063.181478 26.906737
2063.594237 26.194758
2064.006996 26.572649
2064.419756 27.573136
2064.832515 28.013684
2065.245274 27.264859
2065.658033 27.451982
2066.070793 28.117207
2066.483552 27.126603
2066.896311 28.231429
2067.309071 27.376513
2067.721830 28.302494
2068.134589 27.343182
2068.547348 26.939954
2068.960108 26.989962
2069.372867 27.940450
2069.785626 27.636209
2070.198385 27.943402
2070.611145 28.720802
2071.023904 25.883945
2071.436663 26.156216
2071.849422 26.698884
2072.262182 28.200733
2072.674941 27.272664
2073.087700 27.165406
2073.500460 25.627992
2073.913219 27.033046
2074.325978 27.364517
2074.738737 26.312333
2075.151497 26.144057
2075.564256 26.202815
2075.977015 26.924728
2076.389774 27.034025
2076.802534 26.455767
2077.215293 27.564157
2077.628052 26.992139
2078.040811 26.562577
2078.453571 27.288436
2078.866330 27.038102
2079.279089 25.509292
2079.691849 27.563668
2080.104608 26.585542
2080.517367 25.115238
2080.930126 25.851527
2081.342886 26.000769
2081.755645 26.168588
2082.168404 26.115106
2082.581163 27.186088
2082.993923 26.439277
2083.406682 25.980813
2083.819441 27.018945
2084.232200 27.049250
2084.644960 25.835095
2085.057719 25.356438
2085.470478 25.102173
2085.883238 25.816770
2086.295997 25.861297
2086.708756 25.506804
2087.121515 25.668393
2087.534275 25.814005
2087.947034 25.918923
2088.359793 24.743684
2088.772552 25.547980
2089.185312 25.400460
2089.598071 25.107270
2090.010830 25.442223
2090.423589 25.185675
2090.836349 25.496782
2091.249108 26.868750
2091.661867 26.557773
2092.074627 25.232567
2092.487386 25.483962
2092.900145 25.588846
2093.312904 26.317136
2093.725664 27.049373
2094.138423 25.173531
2094.551182 25.839344
2094.963941 25.915595
2095.376701 26.799495
2095.789460 26.222298
2096.202219 26.348240
2096.614978 26.380396
2097.027738 25.828848
2097.440497 26.281636
2097.853256 26.281449
2098.266016 27.430591
2098.678775 26.905604
2099.091534 26.947660
2099.504293 26.418865
2099.917053 25.024388
2100.329812 25.403265
2100.742571 25.528351
2101.155330 25.431768
2101.568090 25.360662
2101.980849 25.405516
2102.393608 25.370408
2102.806367 25.348690
2103.219127 26.898827
2103.631886 26.336790
2104.044645 26.282085
2104.457405 26.029736
2104.870164 25.220530
2105.282923 25.237077
2105.695682 25.171346
2106.108442 25.224649
2106.521201 24.916029
2106.933960 25.229754
2107.346719 25.493210
2107.759479 25.408697
2108.172238 25.873066
2108.584997 25.925969
2108.997756 26.132199
2109.410516 25.718988
2109.823275 25.378914
2110.236034 25.777160
2110.648794 26.345051
2111.061553 25.813361
2111.474312 26.100907
2111.887071 25.908484
2112.299831 26.318563
2112.712590 25.997947
2113.125349 25.851536
2113.538108 26.249382
2113.950868 25.129167
2114.363627 24.394337
2114.776386 25.326940
2115.189145 25.594604
2115.601905 25.550272
2116.014664 26.061852
2116.427423 25.441350
2116.840183 25.084027
2117.252942 25.489393
2117.665701 25.885413
2118.078460 25.511698
2118.491220 25.652319
2118.903979 25.806828
2119.316738 24.574731
2119.729497 24.803527
2120.142257 24.884134
2120.555016 25.417814
2120.967775 25.087037
2121.380534 24.904750
2121.793294 25.420938
2122.206053 24.602337
2122.618812 25.400786
2123.031572 24.973833
2123.444331 24.726395
2123.857090 24.638130
2124.269849 24.179723
2124.682609 25.428604
2125.095368 25.461942
2125.508127 24.605167
2125.920886 24.786124
2126.333646 25.593389
2126.746405 25.885258
2127.159164 24.770457
2127.571923 24.937200
2127.984683 25.388194
2128.397442 25.333652
2128.810201 24.478311
2129.222961 24.750583
2129.635720 25.562538
2130.048479 26.147759
2130.461238 25.663834
2130.873998 25.538194
2131.286757 25.223898
2131.699516 24.621273
2132.112275 25.594759
2132.525035 25.855083
2132.937794 26.620659
2133.350553 26.407407
2133.763312 26.295451
2134.176072 25.489426
2134.588831 25.337664
2135.001590 24.643350
2135.414350 25.242199
2135.827109 25.451471
2136.239868 25.224004
2136.652627 24.900518
2137.065387 25.690698
2137.478146 26.196144
2137.890905 24.267514
2138.303664 24.590748
2138.716424 25.521753
2139.129183 25.823286
2139.541942 24.737575
2139.954701 25.075733
2140.367461 25.357115
2140.780220 24.651570
2141.192979 24.561650
2141.605739 24.878874
2142.018498 25.035210
2142.431257 24.882225
2142.844016 25.895346
2143.256776 25.240502
2143.669535 26.252620
2144.082294 26.757431
2144.495053 27.101754
2144.907813 26.442556
2145.320572 25.909422
2145.733331 25.938707
2146.146090 25.661502
2146.558850 25.498625
2146.971609 26.226099
2147.384368 25.369657
2147.797128 25.871247
2148.209887 26.515749
2148.622646 26.247816
2149.035405 26.126384
2149.448165 26.960961
2149.860924 25.887223
2150.273683 25.430854
2150.686442 25.149310
2151.099202 25.074624
2151.511961 24.939899
2151.924720 24.659595
2152.337479 24.886531
2152.750239 24.786972
2153.162998 25.099270
2153.575757 24.586214
2153.988517 24.192861
2154.401276 24.670246
2154.814035 24.455901
2155.226794 24.385749
2155.639554 25.022626
2156.052313 25.388839
2156.465072 24.443831
2156.877831 25.264862
2157.290591 25.495118
2157.703350 25.168100
2158.116109 25.440347
2158.528868 25.530716
2158.941628 24.952002
2159.354387 24.760304
2159.767146 25.260654
2160.179906 26.151454
2160.592665 25.752498
2161.005424 25.907016
2161.418183 25.440168
2161.830943 25.975716
2162.243702 25.470872
2162.656461 25.402800
2163.069220 25.466273
2163.481980 25.405875
2163.894739 25.614576
2164.307498 26.131204
2164.720257 25.065548
2165.133017 25.915938
2165.545776 26.498207
2165.958535 26.320716
2166.371295 25.896765
2166.784054 25.067717
2167.196813 25.831099
2167.609572 26.095672
2168.022332 25.512024
2168.435091 25.476296
2168.847850 25.470636
2169.260609 25.857766
2169.673369 25.883888
2170.086128 25.985241
2170.498887 26.365627
2170.911646 26.632337
2171.324406 25.413068
2171.737165 25.233717
2172.149924 25.601830
2172.562684 26.348028
2172.975443 26.245720
2173.388202 25.931408
2173.800961 25.871067
2174.213721 25.367146
2174.626480 25.273662
2175.039239 24.498691
2175.451998 25.447255
2175.864758 26.771401
2176.277517 25.373719
2176.690276 26.087133
2177.103035 25.164601
2177.515795 25.578595
2177.928554 24.969177
2178.341313 24.206554
2178.754073 24.488652
2179.166832 25.702678
2179.579591 24.714733
2179.992350 25.627364
2180.405110 25.473474
2180.817869 25.387224
2181.230628 25.093178
2181.643387 25.863499
2182.056147 25.654969
2182.468906 25.331336
2182.881665 25.464438
2183.294424 25.852857
2183.707184 25.308273
2184.119943 25.588838
2184.532702 25.893421
2184.945462 25.829769
2185.358221 25.689001
2185.770980 25.400150
2186.183739 25.493732
2186.596499 25.587591
2187.009258 25.027601
2187.422017 24.669145
2187.834776 25.622161
2188.247536 25.046652
2188.660295 25.509781
2189.073054 24.799237
2189.485813 24.410916
2189.898573 24.405615
2190.311332 24.050413
2190.724091 24.097281
2191.136851 24.387323
2191.549610 24.563664
2191.962369 24.877210
2192.375128 25.481433
2192.787888 25.511461
2193.200647 23.658552
2193.613406 23.211073
2194.026165 24.356586
2194.438925 25.335789
2194.851684 24.484950
2195.264443 25.081956
2195.677202 23.641753
2196.089962 24.074389
2196.502721 23.988792
2196.915480 23.089087
2197.328240 23.765704
2197.740999 24.624185
2198.153758 24.115737
2198.566517 24.734175
2198.979277 25.503069
2199.392036 24.271298
2199.804795 23.974773
2200.217554 24.765287
2200.630314 25.181426
2201.043073 24.517082
2201.455832 23.861782
2201.868591 24.954685
2202.281351 24.810655
2202.694110 25.032633
2203.106869 24.955362
2203.519628 25.058469
2203.932388 24.288196
2204.345147 23.697217
2204.757906 24.191450
2205.170666 24.159547
2205.583425 23.772310
2205.996184 24.650681
2206.408943 25.371460
2206.821703 24.673964
2207.234462 24.339696
2207.647221 24.805395
2208.059980 25.434214
2208.472740 24.530489
2208.885499 23.282896
2209.298258 24.000429
2209.711017 24.664162
2210.123777 24.904644
2210.536536 23.810819
2210.949295 25.134598
2211.362055 24.534885
2211.774814 23.912075
2212.187573 24.583172
2212.600332 24.895608
2213.013092 24.610777
2213.425851 25.866191
2213.838610 25.649244
2214.251369 24.557026
2214.664129 24.956895
2215.076888 25.408379
2215.489647 25.447826
2215.902406 24.872969
2216.315166 25.132429
2216.727925 24.742860
2217.140684 24.595682
2217.553444 25.367643
2217.966203 24.928270
2218.378962 24.134037
2218.791721 25.327421
2219.204481 26.478194
2219.617240 25.541432
2220.029999 25.319339
2220.442758 25.213027
2220.855518 26.214641
2221.268277 24.948878
2221.681036 24.999849
2222.093795 25.825520
2222.506555 25.522724
2222.919314 24.642118
2223.332073 25.460034
2223.744833 25.104970
2224.157592 24.765776
2224.570351 24.254449
2224.983110 25.429713
2225.395870 24.635178
2225.808629 24.434461
2226.221388 23.656432
2226.634147 23.957035
2227.046907 24.598300
2227.459666 23.858691
2227.872425 24.150560
2228.285184 23.976755
2228.697944 24.425580
2229.110703 24.782911
2229.523462 23.670133
2229.936222 22.878526
2230.348981 23.562728
2230.761740 23.937210
2231.174499 23.347388
2231.587259 23.352135
2232.000018 23.935057
2232.412777 24.370450
2232.825536 24.006953
2233.238296 23.813560
2233.651055 23.883581
2234.063814 23.028583
2234.476573 23.613397
2234.889333 23.061620
2235.302092 23.637977
2235.714851 23.966724
2236.127611 23.493009
2236.540370 24.751749
2236.953129 24.672105
2237.365888 24.153585
2237.778648 24.334673
2238.191407 24.686858
2238.604166 23.716748
2239.016925 23.558781
2239.429685 23.207110
2239.842444 23.698301
2240.255203 23.624594
2240.667962 23.935750
2241.080722 24.186027
2241.493481 24.225376
2241.906240 24.206513
2242.319000 24.217792
2242.731759 23.862980
2243.144518 23.797608
2243.557277 24.445389
2243.970037 23.636386
2244.382796 24.701888
2244.795555 24.450298
2245.208314 24.002020
2245.621074 23.973460
2246.033833 25.173727
2246.446592 24.809391
2246.859351 25.007604
2247.272111 24.766437
2247.684870 24.688203
2248.097629 24.887094
2248.510389 25.146268
2248.923148 25.082674
2249.335907 25.510907
2249.748666 26.518604
2250.161426 25.130423
2250.574185 24.645878
2250.986944 24.881867
2251.399703 25.722976
2251.812463 26.433194
2252.225222 26.478618
2252.637981 25.563312
2253.050740 26.908605
2253.463500 26.946633
2253.876259 26.357374
2254.289018 25.649954
2254.701778 25.099229
2255.114537 25.514992
2255.527296 25.571476
2255.940055 25.687003
2256.352815 25.854064
2256.765574 26.295394
2257.178333 25.548926
2257.591092 25.986146
2258.003852 25.461543
2258.416611 26.039767
2258.829370 25.494620
2259.242129 26.186921
2259.654889 26.446576
2260.067648 26.343812
2260.480407 26.063042
2260.893167 25.723702
2261.305926 26.084507
2261.718685 25.919461
2262.131444 25.446733
2262.544204 25.183815
2262.956963 26.007456
2263.369722 25.894946
2263.782481 26.199252
2264.195241 25.235071
2264.608000 25.211388
2265.020759 25.376679
2265.433518 25.363843
2265.846278 25.689809
2266.259037 25.767887
2266.671796 25.965995
2267.084556 25.761730
2267.497315 25.568279
2267.910074 25.568719
2268.322833 26.190868
2268.735593 25.808468
2269.148352 26.110253
2269.561111 25.880112
2269.973870 25.179656
2270.386630 25.800557
2270.799389 25.764739
2271.212148 25.789042
2271.624907 24.752712
2272.037667 24.907009
2272.450426 25.505712
2272.863185 26.164184
2273.275945 25.676181
2273.688704 25.393601
2274.101463 25.054995
2274.514222 25.408411
2274.926982 26.212112
2275.339741 25.700149
2275.752500 25.091889
2276.165259 26.204112
2276.578019 27.063979
2276.990778 26.380038
2277.403537 25.958688
2277.816296 26.939277
2278.229056 27.648499
2278.641815 26.686374
2279.054574 26.500605
2279.467334 27.102211
2279.880093 26.573692
2280.292852 25.508843
2280.705611 25.832844
2281.118371 26.140004
2281.531130 25.554358
2281.943889 24.934435
2282.356648 26.093519
2282.769408 26.182664
2283.182167 26.317128
2283.594926 26.833266
2284.007685 25.758003
2284.420445 25.371672
2284.833204 25.341383
2285.245963 26.229304
2285.658723 26.608034
2286.071482 25.778130
2286.484241 25.632934
2286.897000 26.867298
2287.309760 26.824891
2287.722519 25.766868
2288.135278 26.060914
2288.548037 25.376695
2288.960797 25.767789
2289.373556 25.825235
2289.786315 25.987337
2290.199074 26.426596
2290.611834 25.789205
2291.024593 25.334435
2291.437352 26.111966
2291.850112 25.251422
2292.262871 25.916231
2292.675630 26.336325
2293.088389 26.408491
2293.501149 25.623743
2293.913908 27.565658
2294.326667 27.595596
2294.739426 27.428845
2295.152186 27.285574
2295.564945 27.899355
2295.977704 27.878518
2296.390463 28.155308
2296.803223 27.436895
2297.215982 27.715788
2297.628741 27.502854
2298.041501 27.215960
2298.454260 27.246412
2298.867019 26.333275
2299.279778 27.119736
2299.692538 27.615103
2300.105297 27.644242
2300.518056 27.839544
2300.930815 28.230875
2301.343575 28.275582
2301.756334 27.923095
2302.169093 27.299071
2302.581852 27.030086
2302.994612 27.295123
2303.407371 26.781725
2303.820130 27.484268
2304.232890 26.769150
2304.645649 27.101925
2305.058408 27.486756
2305.471167 26.727802
2305.883927 26.574500
2306.296686 27.127166
2306.709445 27.566237
2307.122204 27.833811
2307.534964 27.318072
2307.947723 27.458229
2308.360482 26.835517
2308.773241 27.045336
2309.186001 26.619941
2309.598760 26.484776
2310.011519 26.503769
2310.424279 27.227761
2310.837038 26.730396
2311.249797 27.398336
2311.662556 27.321416
2312.075316 27.607054
2312.488075 27.260692
2312.900834 27.215577
2313.313593 27.837400
2313.726353 27.505570
2314.139112 26.628773
2314.551871 27.526749
2314.964630 27.943239
2315.377390 27.940980
2315.790149 26.849732
2316.202908 27.660683
2316.615668 27.787620
2317.028427 27.984292
2317.441186 28.787716
2317.853945 28.714678
2318.266705 29.287854
2318.679464 29.182847
2319.092223 28.899272
2319.504982 29.184266
2319.917742 29.849589
2320.330501 30.175000
2320.743260 30.557604
2321.156019 30.467733
2321.568779 30.336311
2321.981538 30.318777
2322.394297 30.405085
2322.807057 30.669609
2323.219816 31.191725
2323.632575 31.747408
2324.045334 32.405432
2324.458094 31.898566
2324.870853 32.312617
2325.283612 33.284521
2325.696371 33.690180
2326.109131 34.333590
2326.521890 33.724408
2326.934649 32.830110
2327.347408 32.272616
2327.760168 32.426660
2328.172927 31.519461
2328.585686 31.908679
2328.998446 31.691186
2329.411205 30.907163
2329.823964 29.453218
2330.236723 29.691841
2330.649483 29.691972
2331.062242 29.511830
2331.475001 29.365541
2331.887760 30.046220
2332.300520 29.386451
2332.713279 29.460721
2333.126038 28.874129
2333.538797 28.780173
2333.951557 28.401744
2334.364316 28.786591
2334.777075 28.329080
2335.189835 28.384765
2335.602594 28.375476
2336.015353 28.158570
2336.428112 28.544021
2336.840872 28.051671
2337.253631 28.338263
2337.666390 27.459273
2338.079149 28.286412
2338.491909 27.994853
2338.904668 27.637188
2339.317427 28.557991
2339.730186 28.472874
2340.142946 28.327237
2340.555705 27.750570
2340.968464 27.466824
2341.381224 27.692896
2341.793983 27.886820
2342.206742 28.169417
2342.619501 28.506922
2343.032261 28.970133
2343.445020 28.991321
2343.857779 28.558953
2344.270538 29.235302
2344.683298 28.957966
2345.096057 28.616448
2345.508816 27.684921
2345.921575 28.519873
2346.334335 29.042177
2346.747094 29.398162
2347.159853 28.751613
2347.572613 28.799223
2347.985372 27.556761
2348.398131 27.476774
2348.810890 28.042586
2349.223650 29.006082
2349.636409 28.063439
2350.049168 28.459573
2350.461927 28.621814
2350.874687 27.864891
2351.287446 27.628943
2351.700205 27.312184
2352.112964 28.333232
2352.525724 27.341233
2352.938483 27.364704
2353.351242 28.425223
2353.764001 28.223951
2354.176761 29.015958
2354.589520 28.389095
2355.002279 27.393280
2355.415039 28.161840
2355.827798 27.525608
2356.240557 28.000440
2356.653316 28.872221
2357.066076 29.235506
2357.478835 28.214638
2357.891594 27.998719
2358.304353 28.271904
2358.717113 28.492023
2359.129872 29.242446
2359.542631 29.187210
2359.955390 28.317043
2360.368150 28.455911
2360.780909 28.501466
2361.193668 27.925680
2361.606428 27.004364
2362.019187 27.790654
2362.431946 28.230940
2362.844705 28.272760
2363.257465 28.839731
2363.670224 28.495056
2364.082983 28.341346
2364.495742 28.480679
2364.908502 28.371292
2365.321261 28.205952
2365.734020 28.746597
2366.146779 28.580458
2366.559539 29.151735
2366.972298 28.264173
2367.385057 28.737659
2367.797817 28.846524
2368.210576 28.189577
2368.623335 26.815080
2369.036094 27.570005
2369.448854 27.762461
2369.861613 27.338632
2370.274372 27.586030
2370.687131 28.058848
2371.099891 28.079040
2371.512650 27.801875
2371.925409 27.486674
2372.338168 28.126178
2372.750928 27.573764
2373.163687 27.901940
2373.576446 27.306264
2373.989206 27.339847
2374.401965 27.886698
2374.814724 27.680590
2375.227483 28.237587
2375.640243 27.699722
2376.053002 27.547137
2376.465761 27.512233
2376.878520 27.535826
2377.291280 28.112811
2377.704039 28.743498
2378.116798 28.282840
2378.529557 28.753505
2378.942317 28.334887
2379.355076 29.132920
2379.767835 29.019203
2380.180595 28.412713
2380.593354 27.688183
2381.006113 29.623867
2381.418872 29.642730
2381.831632 29.275589
2382.244391 29.260901
2382.657150 29.165060
2383.069909 28.519139
2383.482669 28.351149
2383.895428 29.242894
2384.308187 28.793033
2384.720946 28.664213
2385.133706 28.998530
2385.546465 28.482783
2385.959224 28.567785
2386.371984 28.935922
2386.784743 29.422359
2387.197502 28.177931
2387.610261 27.760006
2388.023021 28.330997
2388.435780 27.770143
2388.848539 28.543972
2389.261298 28.424978
2389.674058 27.856670
2390.086817 27.979587
2390.499576 28.190539
2390.912335 28.178143
2391.325095 27.982735
2391.737854 27.801394
2392.150613 27.712885
2392.563373 27.729212
2392.976132 28.489413
2393.388891 29.165590
2393.801650 29.287740
2394.214410 28.830849
2394.627169 28.724073
2395.039928 28.895537
2395.452687 28.233900
2395.865447 28.436893
2396.278206 28.636795
2396.690965 28.569441
2397.103724 28.466334
2397.516484 27.841575
2397.929243 27.847528
2398.342002 28.049314
2398.754762 27.973307
2399.167521 27.759288
2399.580280 27.242979
2399.993039 27.342546
2400.405799 27.754583
2400.818558 27.394528
2401.231317 27.172330
2401.644076 27.929636
2402.056836 28.779846
2402.469595 28.844787
2402.882354 28.524921
2403.295113 28.238598
2403.707873 28.008807
2404.120632 28.487847
2404.533391 28.622866
2404.946151 28.563218
2405.358910 28.348360
2405.771669 27.940556
2406.184428 27.758864
2406.597188 27.728258
2407.009947 27.854721
2407.422706 27.584994
2407.835465 28.060723
2408.248225 27.706026
2408.660984 28.259728
2409.073743 28.365086
2409.486502 28.655658
2409.899262 28.483549
2410.312021 28.764588
2410.724780 28.574913
2411.137540 28.399909
2411.550299 28.070681
2411.963058 27.968838
2412.375817 28.482897
2412.788577 28.343018
2413.201336 28.158146
2413.614095 28.392357
2414.026854 28.603937
2414.439614 28.204525
2414.852373 28.455079
2415.265132 28.273796
2415.677891 27.919034
2416.090651 28.014695
2416.503410 28.084349
2416.916169 28.680442
2417.328929 28.542912
2417.741688 29.382553
2418.154447 29.407737
2418.567206 29.904033
2418.979966 30.920946
2419.392725 31.496210
2419.805484 31.936692
2420.218243 33.425990
2420.631003 35.201122
2421.043762 35.659929
2421.456521 36.946887
2421.869280 36.997686
2422.282040 36.944375
2422.694799 37.230764
2423.107558 37.294742
2423.520318 37.990223
2423.933077 38.454437
2424.345836 38.864606
2424.758595 37.164021
2425.171355 35.332691
2425.584114 34.546034
2425.996873 34.043091
2426.409632 33.134252
2426.822392 32.217241
2427.235151 30.978383
2427.647910 29.300063
2428.060669 29.922236
2428.473429 29.873035
2428.886188 29.599581
2429.298947 30.013167
2429.711707 29.104238
2430.124466 29.282928
2430.537225 29.166838
2430.949984 29.162915
2431.362744 28.787879
2431.775503 29.032358
2432.188262 29.274512
2432.601021 28.871854
2433.013781 28.869187
2433.426540 29.953014
2433.839299 29.097388
2434.252058 28.694616
2434.664818 28.648302
2435.077577 29.161904
2435.490336 28.064858
2435.903096 29.127489
2436.315855 29.505950
2436.728614 29.050838
2437.141373 29.560550
2437.554133 28.981330
2437.966892 28.821006
2438.379651 28.420281
2438.792410 29.148065
2439.205170 29.162655
2439.617929 28.942780
2440.030688 28.465575
2440.443447 29.120997
2440.856207 28.776715
2441.268966 28.852958
2441.681725 29.104304
2442.094485 29.256138
2442.507244 29.364497
2442.920003 29.468159
2443.332762 29.194419
2443.745522 29.509718
2444.158281 29.391760
2444.571040 29.143718
2444.983799 28.826617
2445.396559 28.895749
2445.809318 28.922368
2446.222077 29.161382
2446.634836 29.046434
2447.047596 28.186885
2447.460355 28.360413
2447.873114 28.827563
2448.285874 28.959409
2448.698633 28.166774
2449.111392 27.588860
2449.524151 27.994119
2449.936911 27.874816
2450.349670 27.671897
2450.762429 28.342300
2451.175188 27.937595
2451.587948 28.483492
2452.000707 28.635376
2452.413466 28.567777
2452.826225 28.904182
2453.238985 29.022881
2453.651744 28.154688
2454.064503 28.898440
2454.477263 28.387374
2454.890022 27.996297
2455.302781 26.999446
2455.715540 28.780311
2456.128300 28.440041
2456.541059 28.229325
2456.953818 28.929667
2457.366577 29.335530
2457.779337 29.138091
2458.192096 29.095537
2458.604855 29.449353
2459.017614 29.326959
2459.430374 29.439599
2459.843133 30.331761
2460.255892 30.347941
2460.668652 29.961822
2461.081411 29.800983
2461.494170 30.273059
2461.906929 30.342460
2462.319689 30.604619
2462.732448 30.739834
2463.145207 30.775407
2463.557966 31.184858
2463.970726 30.958289
2464.383485 31.006511
2464.796244 30.552165
2465.209003 30.441889
2465.621763 31.153640
2466.034522 30.982282
2466.447281 30.806903
2466.860041 30.742166
2467.272800 31.114919
2467.685559 31.268605
2468.098318 30.973131
2468.511078 31.329158
2468.923837 30.730015
2469.336596 31.085307
2469.749355 31.392744
2470.162115 31.655466
2470.574874 31.644220
2470.987633 31.189246
2471.400392 30.668981
2471.813152 30.928277
2472.225911 30.323573
2472.638670 30.178393
2473.051430 29.612972
2473.464189 30.115956
2473.876948 30.496375
2474.289707 30.450371
2474.702467 30.165719
2475.115226 30.254098
2475.527985 28.898375
2475.940744 29.179626
2476.353504 29.585709
2476.766263 29.502044
2477.179022 29.047992
2477.591781 29.524601
2478.004541 29.468591
2478.417300 29.055812
2478.830059 29.469725
2479.242819 28.958014
2479.655578 29.029463
2480.068337 29.510061
2480.481096 28.835808
2480.893856 28.852298
2481.306615 28.618707
2481.719374 29.860174
2482.132133 29.069228
2482.544893 28.826853
2482.957652 28.583517
2483.370411 28.484985
2483.783170 28.457762
2484.195930 28.983801
2484.608689 29.335089
2485.021448 28.861660
2485.434208 29.174398
2485.846967 28.911750
2486.259726 29.357288
2486.672485 28.647739
2487.085245 28.771944
2487.498004 28.906163
2487.910763 29.121495
2488.323522 28.971919
2488.736282 28.710755
2489.149041 28.343744
2489.561800 28.105700
2489.974559 28.724578
2490.387319 28.138516
2490.800078 28.500398
2491.212837 28.527710
2491.625597 28.814025
2492.038356 28.619750
2492.451115 28.786990
2492.863874 28.343842
2493.276634 28.106001
2493.689393 27.845066
2494.102152 27.988721
2494.514911 28.284455
2494.927671 27.628633
2495.340430 27.637098
2495.753189 27.951549
2496.165948 28.225786
2496.578708 28.310111
2496.991467 28.171553
2497.404226 28.194983
2497.816986 27.575477
2498.229745 27.555627
2498.642504 27.541429
2499.055263 27.544193
2499.468023 28.062689
2499.880782 28.535694
2500.293541 28.150130
2500.706300 28.099918
2501.119060 28.393001
2501.531819 28.544200
2501.944578 29.229275
2502.357337 28.455715
2502.770097 28.465543
2503.182856 27.778364
2503.595615 28.991280
2504.008375 29.030768
2504.421134 29.863901
2504.833893 29.197135
2505.246652 28.697886
2505.659412 29.598089
2506.072171 30.161095
2506.484930 30.358787
2506.897689 29.477970
2507.310449 29.620100
2507.723208 29.629829
2508.135967 30.210369
2508.548726 30.276109
2508.961486 30.035977
2509.374245 30.158739
2509.787004 29.835138
2510.199763 29.837902
2510.612523 30.466877
2511.025282 29.808861
2511.438041 30.524160
2511.850801 30.472007
2512.263560 29.296597
2512.676319 29.070141
2513.089078 28.851474
2513.501838 28.674228
2513.914597 29.238931
2514.327356 29.360852
2514.740115 28.621202
2515.152875 28.457877
2515.565634 28.550178
2515.978393 28.818013
2516.391152 27.548426
2516.803912 28.031152
2517.216671 27.987041
2517.629430 27.774001
2518.042190 27.976512
2518.454949 28.119270
2518.867708 28.073674
2519.280467 28.229872
2519.693227 28.466815
2520.105986 27.935613
2520.518745 27.921064
2520.931504 28.353147
2521.344264 28.165005
2521.757023 28.400773
2522.169782 28.540734
2522.582541 28.943327
2522.995301 28.595358
2523.408060 28.039707
2523.820819 27.948091
2524.233579 28.529227
2524.646338 28.386445
2525.059097 28.391240
2525.471856 28.120599
2525.884616 28.210968
2526.297375 28.428142
2526.710134 28.662443
2527.122893 28.670321
2527.535653 28.450741
2527.948412 27.571595
2528.361171 28.303913
2528.773930 28.259834
2529.186690 27.714288
2529.599449 28.509287
2530.012208 28.163080
2530.424968 27.711368
2530.837727 27.767485
2531.250486 28.064401
2531.663245 27.278585
2532.076005 27.997047
2532.488764 27.882645
2532.901523 27.184987
2533.314282 27.476170
2533.727042 27.351615
2534.139801 27.261059
2534.552560 27.371049
2534.965319 27.359583
2535.378079 27.680125
2535.790838 28.203033
2536.203597 27.526823
2536.616357 28.183036
2537.029116 28.908928
2537.441875 29.200046
2537.854634 28.927343
2538.267394 27.918324
2538.680153 28.432212
2539.092912 28.429088
2539.505671 28.440392
2539.918431 28.246199
2540.331190 27.586584
2540.743949 28.349811
2541.156708 27.822329
2541.569468 28.262998
2541.982227 27.903058
2542.394986 28.055700
2542.807746 27.793059
2543.220505 27.451044
2543.633264 26.490574
2544.046023 26.352603
2544.458783 27.245678
2544.871542 27.399168
2545.284301 27.124483
2545.697060 26.921686
2546.109820 26.833894
2546.522579 26.959404
2546.935338 27.080934
2547.348097 27.232597
2547.760857 26.734881
2548.173616 26.936610
2548.586375 26.941397
2548.999135 26.721988
2549.411894 26.323032
2549.824653 26.345459
2550.237412 26.467193
2550.650172 25.930601
2551.062931 26.130878
2551.475690 25.761135
2551.888449 26.806794
2552.301209 26.835126
2552.713968 26.058883
2553.126727 25.299865
2553.539486 25.369584
2553.952246 26.423008
2554.365005 25.895566
2554.777764 25.951658
2555.190524 26.103476
2555.603283 26.278920
2556.016042 25.483880
2556.428801 25.412994
2556.841561 25.056577
2557.254320 24.777308
2557.667079 25.742891
2558.079838 26.361272
2558.492598 25.806967
2558.905357 26.362194
2559.318116 26.679768
2559.730875 26.749308
2560.143635 26.385738
2560.556394 26.966686
2560.969153 26.677338
2561.381913 26.225805
2561.794672 26.306012
2562.207431 26.899740
2562.620190 26.738119
2563.032950 26.315562
2563.445709 26.267046
2563.858468 26.546266
2564.271227 26.491316
2564.683987 26.798256
2565.096746 26.902089
2565.509505 26.986153
2565.922264 26.626848
2566.335024 26.882500
2566.747783 26.954682
2567.160542 27.078952
2567.573302 26.517136
2567.986061 26.457806
2568.398820 26.008109
2568.811579 26.107065
2569.224339 26.242866
2569.637098 25.734932
2570.049857 25.551903
2570.462616 25.317888
2570.875376 26.085363
2571.288135 26.117422
2571.700894 26.377925
2572.113653 26.003607
2572.526413 25.971606
2572.939172 26.313890
2573.351931 26.561468
2573.764691 25.589996
2574.177450 25.830952
2574.590209 25.820872
2575.002968 26.674810
2575.415728 26.087272
2575.828487 25.359243
2576.241246 26.048730
2576.654005 26.179793
2577.066765 25.881082
2577.479524 25.836701
2577.892283 25.588969
2578.305042 25.589010
2578.717802 25.546602
2579.130561 25.168190
2579.543320 25.764772
2579.956080 25.378188
2580.368839 25.872617
2580.781598 25.739588
2581.194357 25.786196
2581.607117 25.954064
2582.019876 25.806796
2582.432635 25.919926
2582.845394 25.685821
2583.258154 25.775439
2583.670913 26.071997
2584.083672 26.145182
2584.496431 26.372910
2584.909191 26.237125
2585.321950 26.295296
2585.734709 25.226712
2586.147469 24.896954
2586.560228 25.167276
2586.972987 25.778872
2587.385746 25.946789
2587.798506 25.901071
2588.211265 25.784981
2588.624024 25.822144
2589.036783 25.865848
2589.449543 25.424330
2589.862302 25.748314
2590.275061 26.205507
2590.687820 26.480616
2591.100580 26.129108
2591.513339 25.839466
2591.926098 24.878564
2592.338858 25.703069
2592.751617 25.844889
2593.164376 25.968678
2593.577135 26.197539
2593.989895 26.713800
2594.402654 26.900849
2594.815413 26.286007
2595.228172 25.598918
2595.640932 25.761387
2596.053691 25.818825
2596.466450 25.434728
2596.879209 25.128735
2597.291969 25.965269
2597.704728 26.441895
2598.117487 26.284972
2598.530247 26.273040
2598.943006 25.872364
2599.355765 26.270822
2599.768524 26.156151
2600.181284 26.231522
2600.594043 25.616248
2601.006802 25.446423
2601.419561 25.288488
2601.832321 25.227250
2602.245080 24.918655
2602.657839 25.339377
2603.070598 26.249570
2603.483358 26.058875
2603.896117 26.143046
2604.308876 25.942540
2604.721636 26.334629
2605.134395 26.250622
2605.547154 25.864910
2605.959913 25.844065
2606.372673 26.378431
2606.785432 25.544930
2607.198191 26.316549
2607.610950 26.008149
2608.023710 26.524891
2608.436469 26.243054
2608.849228 26.284229
2609.261987 26.356322
2609.674747 26.914591
2610.087506 26.896975
2610.500265 26.873504
2610.913025 27.391046
2611.325784 26.823839
2611.738543 27.026636
2612.151302 26.006657
2612.564062 26.515529
2612.976821 26.693665
2613.389580 26.839693
2613.802339 26.353362
2614.215099 25.921744
2614.627858 26.277999
2615.040617 26.303704
2615.453376 26.140615
2615.866136 25.765914
2616.278895 25.902139
2616.691654 26.388013
2617.104414 26.642099
2617.517173 26.491120
2617.929932 26.539000
2618.342691 26.988200
2618.755451 26.244913
2619.168210 26.413988
2619.580969 26.742091
2619.993728 26.815512
2620.406488 26.582598
2620.819247 26.508124
2621.232006 25.980283
2621.644765 25.859821
2622.057525 25.859805
2622.470284 26.260220
2622.883043 25.908174
2623.295803 25.755630
2623.708562 26.321059
2624.121321 26.690859
2624.534080 26.818652
2624.946840 26.928985
2625.359599 27.232336
2625.772358 27.418562
2626.185117 26.845483
2626.597877 26.458524
2627.010636 27.107968
2627.423395 27.180681
2627.836154 27.566351
2628.248914 27.515895
2628.661673 26.934865
2629.074432 26.148567
2629.487192 26.270496
2629.899951 26.639359
2630.312710 26.317585
2630.725469 26.688005
2631.138229 26.666866
2631.550988 26.043152
2631.963747 25.630185
2632.376506 25.196635
2632.789266 24.722659
2633.202025 24.016120
2633.614784 23.965199
2634.027543 23.651686
2634.440303 23.917417
2634.853062 24.323949
2635.265821 23.896906
2635.678581 23.686582
2636.091340 23.824863
2636.504099 24.091369
2636.916858 22.930442
2637.329618 23.591108
2637.742377 23.860803
2638.155136 23.659213
2638.567895 22.825949
2638.980655 23.003905
2639.393414 22.929325
2639.806173 23.166562
2640.218932 23.107705
2640.631692 22.945008
2641.044451 22.896851
2641.457210 22.735825
2641.869970 22.707918
2642.282729 22.458195
2642.695488 22.482898
2643.108247 22.781299
2643.521007 23.106531
2643.933766 22.878306
2644.346525 22.734985
2644.759284 22.902853
2645.172044 22.733028
2645.584803 22.805675
2645.997562 21.991747
2646.410321 23.031535
2646.823081 22.898661
2647.235840 22.514377
2647.648599 22.507730
2648.061359 22.759508
2648.474118 22.991036
2648.886877 22.877670
2649.299636 22.953147
2649.712396 22.721154
2650.125155 23.102233
2650.537914 22.967174
2650.950673 22.995644
2651.363433 22.716782
2651.776192 22.658554
2652.188951 22.605496
2652.601710 22.378200
2653.014470 22.317395
2653.427229 22.177499
2653.839988 22.168227
2654.252748 22.798058
2654.665507 22.761269
2655.078266 22.037416
2655.491025 22.211906
2655.903785 22.118243
2656.316544 21.943141
2656.729303 22.002324
2657.142062 22.210944
2657.554822 22.254183
2657.967581 22.809916
2658.380340 22.491926
2658.793099 21.904331
2659.205859 22.022476
2659.618618 22.229685
2660.031377 22.332882
2660.444137 22.276569
2660.856896 22.432637
2661.269655 22.381683
2661.682414 22.481927
2662.095174 22.289455
2662.507933 22.631723
2662.920692 22.606988
2663.333451 22.664401
2663.746211 22.552780
2664.158970 23.027612
2664.571729 22.726968
2664.984488 22.800692
2665.397248 22.709092
2665.810007 22.596117
2666.222766 23.040807
2666.635525 23.405087
2667.048285 23.312680
2667.461044 22.056125
2667.873803 22.119042
2668.286563 22.484724
2668.699322 23.107289
2669.112081 22.786110
2669.524840 22.693817
2669.937600 22.659435
2670.350359 22.648392
2670.763118 22.656270
2671.175877 22.419336
2671.588637 22.201965
2672.001396 22.397724
2672.414155 22.507225
2672.826914 22.726968
2673.239674 23.020835
2673.652433 22.398360
2674.065192 23.022222
2674.477952 23.246002
2674.890711 23.284095
2675.303470 22.923739
2675.716229 22.976617
2676.128989 23.312068
2676.541748 22.626724
2676.954507 22.824538
2677.367266 22.604215
2677.780026 22.866326
2678.192785 22.875924
2678.605544 22.672826
2679.018303 22.843059
2679.431063 22.981641
2679.843822 22.584977
2680.256581 22.258179
2680.669341 22.423552
2681.082100 22.956384
2681.494859 22.841322
2681.907618 23.159409
2682.320378 23.025427
2682.733137 22.910209
2683.145896 22.335769
2683.558655 22.117990
2683.971415 22.861612
2684.384174 22.840946
2684.796933 22.460242
2685.209692 22.555586
2685.622452 22.707575
2686.035211 22.379717
2686.447970 22.718821
2686.860730 22.911122
2687.273489 22.886037
2687.686248 22.786110
2688.099007 22.893140
2688.511767 23.385408
2688.924526 23.362981
2689.337285 23.679577
2689.750044 22.960658
2690.162804 22.933321
2690.575563 23.066921
2690.988322 23.598089
2691.401081 23.389624
2691.813841 23.459564
2692.226600 23.419538
2692.639359 23.401066
2693.052119 23.361497
2693.464878 23.700837
2693.877637 23.302159
2694.290396 23.123755
2694.703156 23.172442
2695.115915 22.948425
2695.528674 22.491681
2695.941433 23.297168
2696.354193 22.857485
2696.766952 23.023029
2697.179711 23.854197
2697.592470 23.275973
2698.005230 23.660673
2698.417989 23.730743
2698.830748 23.423143
2699.243508 23.185172
2699.656267 23.226005
2700.069026 23.473493
2700.481785 23.496817
2700.894545 23.602208
2701.307304 24.010990
2701.720063 23.701531
2702.132822 23.441883
2702.545582 23.635269
2702.958341 23.612173
2703.371100 24.339248
2703.783859 24.645943
2704.196619 23.963021
2704.609378 23.750544
2705.022137 24.103455
2705.434897 24.143603
2705.847656 24.152158
2706.260415 24.522953
2706.673174 24.555142
2707.085934 24.058576
2707.498693 24.545560
2707.911452 24.538399
2708.324211 24.354784
2708.736971 24.598161
2709.149730 24.864577
2709.562489 25.193960
2709.975248 25.067562
2710.388008 24.726403
2710.800767 24.876370
2711.213526 24.927234
2711.626286 24.589924
2712.039045 24.549075
2712.451804 24.793545
2712.864563 25.050501
2713.277323 25.027210
2713.690082 25.124665
2714.102841 25.030292
2714.515600 25.091147
2714.928360 25.231630
2715.341119 25.411869
2715.753878 25.351006
2716.166637 25.210238
2716.579397 24.936866
2716.992156 25.342696
2717.404915 24.939590
2717.817675 25.083856
2718.230434 24.680154
2718.643193 24.983864
2719.055952 25.350117
2719.468712 25.721785
2719.881471 25.806135
2720.294230 25.376385
2720.706989 25.567512
2721.119749 25.730634
2721.532508 25.675333
2721.945267 25.467390
2722.358026 26.223179
2722.770786 26.409527
2723.183545 26.630461
2723.596304 26.244880
2724.009064 25.988723
2724.421823 26.366638
2724.834582 26.513776
2725.247341 25.920872
2725.660101 27.017869
2726.072860 27.204037
2726.485619 27.169361
2726.898378 26.872077
2727.311138 27.093297
2727.723897 27.112250
2728.136656 27.609207
2728.549415 27.139749
2728.962175 26.168857
2729.374934 26.814729
2729.787693 27.295425
2730.200453 26.985289
2730.613212 27.190964
2731.025971 27.368341
2731.438730 27.951369
2731.851490 28.211865
2732.264249 27.967737
2732.677008 28.356808
2733.089767 28.255683
2733.502527 28.138386
2733.915286 27.843320
2734.328045 27.929391
2734.740804 27.988223
2735.153564 28.543376
2735.566323 29.036297
2735.979082 29.617139
2736.391842 28.899166
2736.804601 28.912443
2737.217360 28.511718
2737.630119 28.331503
2738.042879 28.505136
2738.455638 28.591011
2738.868397 29.028990
2739.281156 28.580703
2739.693916 28.842022
2740.106675 28.730931
2740.519434 28.667149
2740.932193 28.289226
2741.344953 28.822727
2741.757712 28.911383
2742.170471 28.883614
2742.583231 28.937740
2742.995990 29.119693
2743.408749 29.122082
2743.821508 29.415827
2744.234268 29.730522
2744.647027 29.500870
2745.059786 29.382667
2745.472545 29.445512
2745.885305 29.487307
2746.298064 29.332439
2746.710823 29.688188
2747.123582 30.781841
2747.536342 30.041507
2747.949101 28.962166
2748.361860 28.864653
2748.774620 29.149459
2749.187379 30.308934
2749.600138 30.130880
2750.012897 30.037894
2750.425657 29.313413
2750.838416 29.698243
2751.251175 29.560525
2751.663934 29.123876
2752.076694 29.249410
2752.489453 29.286215
2752.902212 29.630742
2753.314971 29.726216
2753.727731 29.570116
2754.140490 29.973532
2754.553249 29.966185
2754.966009 29.488637
2755.378768 29.125727
2755.791527 29.154401
2756.204286 29.930391
2756.617046 29.320027
2757.029805 29.320695
2757.442564 29.062133
2757.855323 28.594591
2758.268083 28.620860
2758.680842 29.077318
2759.093601 28.928109
2759.506360 28.577343
2759.919120 28.704166
2760.331879 28.681747
2760.744638 28.907003
2761.157398 28.666431
2761.570157 28.948359
2761.982916 29.051727
2762.395675 28.604484
2762.808435 28.762231
2763.221194 28.203228
2763.633953 28.631274
2764.046712 29.232977
2764.459472 28.643874
2764.872231 29.098293
2765.284990 28.889217
2765.697749 28.716390
2766.110509 29.019228
2766.523268 29.190904
2766.936027 29.849369
2767.348787 29.465941
2767.761546 29.336239
2768.174305 29.411366
2768.587064 29.682708
2768.999824 29.362752
2769.412583 28.550765
2769.825342 29.213910
2770.238101 29.360550
2770.650861 29.283067
2771.063620 28.904018
2771.476379 29.232561
2771.889138 29.111309
2772.301898 29.838653
2772.714657 30.088497
2773.127416 30.254742
2773.540176 30.046139
2773.952935 29.613111
2774.365694 30.712889
2774.778453 31.045640
2775.191213 31.303607
2775.603972 30.866738
2776.016731 31.029998
2776.429490 31.229199
2776.842250 31.024901
2777.255009 30.886514
2777.667768 31.429394
2778.080527 31.716247
2778.493287 31.683610
2778.906046 31.730103
2779.318805 32.021034
2779.731565 33.393834
2780.144324 32.636642
2780.557083 33.022093
2780.969842 34.108814
2781.382602 34.274162
2781.795361 34.417401
2782.208120 33.977694
2782.620879 34.154084
2783.033639 34.775075
2783.446398 35.164317
2783.859157 34.928492
2784.271916 34.746662
2784.684676 34.776225
2785.097435 35.255273
2785.510194 35.097942
2785.922954 34.767050
2786.335713 35.858967
2786.748472 36.023475
2787.161231 36.518507
2787.573991 36.015621
2787.986750 36.738544
2788.399509 37.049562
2788.812268 38.010285
2789.225028 38.222786
2789.637787 38.503393
2790.050546 39.209410
2790.463305 39.218136
2790.876065 40.517678
2791.288824 41.406536
2791.701583 42.844032
2792.114343 44.269360
2792.527102 45.141884
2792.939861 47.414389
2793.352620 48.980477
2793.765380 51.581811
2794.178139 52.250151
2794.590898 54.116842
2795.003657 54.552904
2795.416417 54.481969
2795.829176 53.611150
2796.241935 52.297843
2796.654694 51.409620
2797.067454 50.404851
2797.480213 49.421995
2797.892972 48.711712
2798.305732 48.081408
2798.718491 48.648786
2799.131250 47.614071
2799.544009 45.988661
2799.956769 46.254988
2800.369528 46.607540
2800.782287 48.153142
2801.195046 48.237361
2801.607806 48.785077
2802.020565 47.990118
2802.433324 47.911664
2802.846083 46.920131
2803.258843 45.820793
2803.671602 44.830255
2804.084361 43.969834
2804.497121 43.180649
2804.909880 42.386807
2805.322639 43.938208
2805.735398 42.989106
2806.148158 43.085827
2806.560917 38.707478
2806.973676 36.457995
2807.386435 36.250607
2807.799195 41.742460
2808.211954 42.712740
2808.624713 40.257484
2809.037472 41.239182
2809.450232 38.628013
2809.862991 36.702449
2810.275750 35.396025
2810.688510 33.606792
2811.101269 33.338639
2811.514028 33.430875
2811.926787 33.317444
2812.339547 32.723496
2812.752306 32.527117
2813.165065 32.241210
2813.577824 32.673602
2813.990584 32.271327
2814.403343 32.074981
2814.816102 31.497686
2815.228861 31.161640
2815.641621 31.182395
2816.054380 30.781768
2816.467139 30.579624
2816.879898 30.581744
2817.292658 30.537363
2817.705417 30.135496
2818.118176 30.287241
2818.530936 30.375008
2818.943695 30.489810
2819.356454 30.051888
2819.769213 29.616144
2820.181973 29.297461
2820.594732 29.433417
2821.007491 28.993433
2821.420250 29.199794
2821.833010 28.730792
2822.245769 28.780262
2822.658528 28.877979
2823.071287 28.814881
2823.484047 29.549263
2823.896806 29.298847
2824.309565 29.103871
2824.722325 29.343767
2825.135084 29.347885
2825.547843 29.613681
2825.960602 29.544125
2826.373362 29.958323
2826.786121 29.815377
2827.198880 29.629176
2827.611639 29.551530
2828.024399 29.773125
2828.437158 30.172839
2828.849917 30.330603
2829.262676 30.114635
2829.675436 30.014896
2830.088195 29.516250
2830.500954 29.476983
2830.913714 29.999654
2831.326473 29.403259
2831.739232 29.368053
2832.151991 29.740235
2832.564751 29.982675
2832.977510 29.974642
2833.390269 29.899948
2833.803028 30.612269
2834.215788 30.816860
2834.628547 30.942949
2835.041306 31.226165
2835.454065 31.398861
2835.866825 30.474364
2836.279584 29.901048
2836.692343 29.669423
2837.105103 29.267238
2837.517862 29.278810
2837.930621 29.172172
2838.343380 28.760111
2838.756140 28.680915
2839.168899 28.576634
2839.581658 28.508619
2839.994417 28.047487
2840.407177 27.291845
2840.819936 26.878626
2841.232695 27.214965
2841.645454 27.349356
2842.058214 27.396616
2842.470973 27.387311
2842.883732 27.631128
2843.296492 27.802878
2843.709251 27.808522
2844.122010 27.087898
2844.534769 27.074475
2844.947529 27.043517
2845.360288 27.238086
2845.773047 27.164998
2846.185806 26.967796
2846.598566 26.650572
2847.011325 26.512830
2847.424084 26.843713
2847.836843 26.691161
2848.249603 26.716613
2848.662362 26.346715
2849.075121 26.100483
2849.487881 26.958588
2849.900640 26.567168
2850.313399 26.748435
2850.726158 26.823733
2851.138918 26.904674
2851.551677 26.964982
2851.964436 27.062723
2852.377195 26.653475
2852.789955 26.758972
2853.202714 26.997187
2853.615473 27.029213
2854.028232 26.643502
2854.440992 26.342792
2854.853751 26.343282
2855.266510 26.384531
2855.679270 26.791797
2856.092029 25.971997
2856.504788 25.524730
2856.917547 26.262993
2857.330307 25.235781
2857.743066 24.401676
2858.155825 24.671143
2858.568584 25.194376
2858.981344 24.925416
2859.394103 24.817978
2859.806862 24.560582
2860.219621 24.860247
2860.632381 24.679127
2861.045140 24.234037
2861.457899 24.490740
2861.870659 24.010036
2862.283418 23.796988
2862.696177 24.215957
2863.108936 24.020035
2863.521696 23.857207
2863.934455 23.990610
2864.347214 23.568265
2864.759973 24.112173
2865.172733 24.323419
2865.585492 24.674331
2865.998251 24.549499
2866.411010 24.858632
2866.823770 24.189085
2867.236529 23.901098
2867.649288 23.645333
2868.062048 23.979756
2868.474807 23.931542
2868.887566 23.812336
2869.300325 24.125914
2869.713085 23.994248
2870.125844 23.029088
2870.538603 23.180532
2870.951362 23.435840
2871.364122 23.675418
2871.776881 23.168437
2872.189640 23.087366
2872.602399 23.602322
2873.015159 23.354916
2873.427918 22.883933
2873.840677 23.466920
2874.253437 23.312704
2874.666196 22.833044
2875.078955 23.012582
2875.491714 22.692129
2875.904474 22.731576
2876.317233 22.605145
2876.729992 22.818617
2877.142751 22.889372
2877.555511 22.694111
2877.968270 22.610340
2878.381029 22.475582
2878.793788 22.060928
2879.206548 22.119026
2879.619307 22.460944
2880.032066 22.576863
2880.444826 22.170755
2880.857585 21.972696
2881.270344 22.289129
2881.683103 22.268267
2882.095863 22.554778
2882.508622 22.447096
2882.921381 22.369531
2883.334140 22.185614
2883.746900 22.239129
2884.159659 22.085239
2884.572418 22.724081
2884.985177 22.190376
2885.397937 22.629709
2885.810696 22.207927
2886.223455 21.816955
2886.636215 22.153107
2887.048974 22.020046
2887.461733 21.995278
2887.874492 22.054706
2888.287252 22.227483
2888.700011 22.366897
2889.112770 22.044634
2889.525529 21.642074
2889.938289 21.418513
2890.351048 22.060740
2890.763807 21.822044
2891.176566 21.726905
2891.589326 21.931031
2892.002085 21.617681
2892.414844 21.441071
2892.827604 22.006989
2893.240363 22.423095
2893.653122 21.696486
2894.065881 20.978675
2894.478641 21.215741
2894.891400 21.448884
2895.304159 21.275340
2895.716918 21.598076
2896.129678 22.267240
2896.542437 22.284782
2896.955196 21.919801
2897.367955 21.186064
2897.780715 21.712649
2898.193474 21.932442
2898.606233 21.092458
2899.018993 20.947058
2899.431752 21.043836
2899.844511 21.194456
2900.257270 21.408858
2900.670030 21.374255
2901.082789 21.763505
2901.495548 21.872036
2901.908307 22.083257
2902.321067 21.647383
2902.733826 20.849569
2903.146585 21.165072
2903.559344 20.969803
2903.972104 21.307977
2904.384863 21.019207
2904.797622 20.913825
2905.210382 21.166711
2905.623141 21.047180
2906.035900 21.068400
2906.448659 21.375013
2906.861419 21.294888
2907.274178 21.445181
2907.686937 21.760268
2908.099696 21.711499
2908.512456 21.723561
2908.925215 21.413645
2909.337974 21.581725
2909.750733 21.217005
2910.163493 20.680323
2910.576252 20.676066
2910.989011 21.327965
2911.401771 22.087286
2911.814530 21.557120
2912.227289 21.346902
2912.640048 21.315007
2913.052808 20.690191
2913.465567 20.219445
2913.878326 20.772225
2914.291085 20.694807
2914.703845 20.396593
2915.116604 20.968530
2915.529363 20.623057
2915.942122 20.579125
2916.354882 20.907741
2916.767641 20.502188
2917.180400 21.147856
2917.593160 21.509991
2918.005919 21.320887
2918.418678 20.871744
2918.831437 20.848958
2919.244197 20.985917
2919.656956 20.859233
2920.069715 21.252268
2920.482474 21.954649
2920.895234 21.957609
2921.307993 21.888893
2921.720752 21.948173
2922.133511 21.388535
2922.546271 21.591128
2922.959030 21.544031
2923.371789 21.228430
2923.784549 21.861279
2924.197308 21.709909
2924.610067 22.024547
2925.022826 22.035280
2925.435586 22.285181
2925.848345 22.323854
2926.261104 22.807428
2926.673863 23.351711
2927.086623 22.995962
2927.499382 22.208383
2927.912141 22.335940
2928.324900 22.422002
2928.737660 22.561539
2929.150419 22.207503
2929.563178 22.149576
2929.975938 21.862861
2930.388697 21.795270
2930.801456 22.517900
2931.214215 21.991886
2931.626975 21.800539
2932.039734 22.200823
2932.452493 21.876154
2932.865252 21.953939
2933.278012 21.889439
2933.690771 21.943582
2934.103530 22.063505
2934.516289 21.919402
2934.929049 21.946934
2935.341808 22.017575
2935.754567 22.529269
2936.167327 22.590400
2936.580086 22.055594
2936.992845 21.315227
2937.405604 21.565267
2937.818364 21.314615
2938.231123 22.322280
2938.643882 22.374783
2939.056641 22.183958
2939.469401 21.548777
2939.882160 21.676587
2940.294919 22.419230
2940.707678 22.672997
2941.120438 21.964565
2941.533197 22.143418
2941.945956 22.220469
2942.358716 22.629252
2942.771475 22.639218
2943.184234 22.830818
2943.596993 22.734398
2944.009753 22.935164
2944.422512 23.137659
2944.835271 23.205886
2945.248030 22.931535
2945.660790 22.741950
2946.073549 22.571138
2946.486308 22.409329
2946.899067 22.575974
2947.311827 22.593752
2947.724586 22.908178
2948.137345 23.171863
2948.550105 23.455160
2948.962864 22.901458
2949.375623 22.707428
2949.788382 22.915649
2950.201142 22.937766
2950.613901 22.826667
2951.026660 22.739625
2951.439419 22.645505
2951.852179 22.890351
2952.264938 22.681413
2952.677697 22.966603
2953.090456 22.596068
2953.503216 22.204534
2953.915975 22.958570
2954.328734 22.372745
2954.741494 22.116367
2955.154253 22.180647
2955.567012 21.551615
2955.979771 21.850954
2956.392531 22.351076
2956.805290 22.716016
2957.218049 21.988420
2957.630808 21.988020
2958.043568 22.299861
2958.456327 22.375778
2958.869086 22.537416
2959.281845 22.204126
2959.694605 21.805905
2960.107364 21.453067
2960.520123 22.165022
2960.932883 22.034007
2961.345642 22.059607
2961.758401 22.268928
2962.171160 22.492937
2962.583920 22.854166
2962.996679 23.153994
2963.409438 23.048849
2963.822197 21.606623
2964.234957 19.812946
2964.647716 18.678451
2965.060475 19.491343
2965.473234 20.902668
2965.885994 22.219719
2966.298753 22.734145
2966.711512 22.812224
2967.124272 21.846020
2967.537031 19.475579
2967.949790 20.445354
2968.362549 21.643998
2968.775309 22.143949
2969.188068 22.749811
2969.600827 22.727156
2970.013586 22.593703
2970.426346 21.561500
2970.839105 21.490997
2971.251864 22.123193
2971.664623 21.979302
2972.077383 21.589586
2972.490142 21.220862
2972.902901 22.327124
2973.315660 21.616613
2973.728420 21.340386
2974.141179 21.445075
2974.553938 21.887971
2974.966698 22.172728
2975.379457 22.090809
2975.792216 22.177679
2976.204975 22.474971
2976.617735 22.759451
2977.030494 22.099356
2977.443253 22.294935
2977.856012 22.436486
2978.268772 22.363129
2978.681531 22.274107
2979.094290 22.433077
2979.507049 21.924776
2979.919809 21.934244
2980.332568 21.973944
2980.745327 21.989056
2981.158087 22.134407
2981.570846 21.702675
2981.983605 21.484579
2982.396364 21.589497
2982.809124 21.819345
2983.221883 22.219548
2983.634642 22.231699
2984.047401 22.211352
2984.460161 22.469988
2984.872920 22.529326
2985.285679 21.997823
2985.698438 21.517934
2986.111198 21.175731
2986.523957 21.085950
2986.936716 21.124891
2987.349476 21.727304
2987.762235 22.214630
2988.174994 21.855236
2988.587753 21.771750
2989.000513 21.600465
2989.413272 21.257406
2989.826031 21.199096
2990.238790 20.606241
2990.651550 20.529655
2991.064309 20.785983
2991.477068 20.165180
2991.889827 21.000360
2992.302587 21.390508
2992.715346 20.510457
2993.128105 20.609266
2993.540865 21.122282
2993.953624 20.993420
2994.366383 20.456592
2994.779142 20.946234
2995.191902 21.291683
2995.604661 21.699748
2996.017420 20.931310
2996.430179 20.486301
2996.842939 20.410400
2997.255698 20.517088
2997.668457 20.950067
2998.081216 20.864314
2998.493976 20.262562
2998.906735 20.125243
2999.319494 20.850401
2999.732254 20.788332
3000.145013 20.397238
3000.557772 20.787834
3000.970531 20.356934
3001.383291 20.666361
3001.796050 20.949047
3002.208809 21.026946
3002.621568 21.032941
3003.034328 20.645778
3003.447087 19.885315
3003.859846 20.066264
3004.272605 19.766094
3004.685365 20.137215
3005.098124 19.716428
3005.510883 19.345290
3005.923643 20.098828
3006.336402 19.999652
3006.749161 20.039499
3007.161920 19.999815
3007.574680 20.121753
3007.987439 20.106600
3008.400198 19.719470
3008.812957 19.269218
3009.225717 19.836637
3009.638476 20.083627
3010.051235 19.608077
3010.463994 19.366559
3010.876754 19.378001
3011.289513 19.492982
3011.702272 19.644034
3012.115032 20.495419
3012.527791 20.312007
3012.940550 19.864316
3013.353309 19.420147
3013.766069 19.100102
3014.178828 19.332054
3014.591587 19.604008
3015.004346 19.581450
3015.417106 19.209187
3015.829865 19.359904
3016.242624 19.301896
3016.655383 19.342207
3017.068143 19.111870
3017.480902 19.452573
3017.893661 18.993627
3018.306421 19.394988
3018.719180 19.843512
3019.131939 20.128171
3019.544698 20.165066
3019.957458 19.962228
3020.370217 19.851740
3020.782976 19.970481
3021.195735 19.132332
3021.608495 19.501284
3022.021254 19.912603
3022.434013 20.094123
3022.846772 20.301625
3023.259532 20.214217
3023.672291 19.978816
3024.085050 19.334060
3024.497810 19.497337
3024.910569 20.078481
3025.323328 19.453046
3025.736087 19.381418
3026.148847 19.226199
3026.561606 19.383008
3026.974365 19.187013
3027.387124 19.568712
3027.799884 19.424184
3028.212643 19.353609
3028.625402 18.765174
3029.038161 19.091327
3029.450921 19.429428
3029.863680 19.032234
3030.276439 19.103372
3030.689199 19.408714
3031.101958 19.587493
3031.514717 19.849587
3031.927476 19.825945
3032.340236 19.741473
3032.752995 19.662824
3033.165754 19.123443
3033.578513 19.339753
3033.991273 19.093806
3034.404032 19.192974
3034.816791 19.162335
3035.229550 19.332266
3035.642310 19.294597
3036.055069 19.034534
3036.467828 19.395225
3036.880588 19.139932
3037.293347 18.858927
3037.706106 19.174070
3038.118865 19.264219
3038.531625 19.305460
3038.944384 19.453201
3039.357143 19.072162
3039.769902 19.523417
3040.182662 19.715246
3040.595421 19.711241
3041.008180 19.384003
3041.420939 19.423352
3041.833699 19.271991
3042.246458 19.337045
3042.659217 19.406830
3043.071977 18.941009
3043.484736 19.726565
3043.897495 20.024860
3044.310254 19.928734
3044.723014 20.235812
3045.135773 20.111616
3045.548532 20.098722
3045.961291 20.399774
3046.374051 20.275471
3046.786810 20.670064
3047.199569 20.183766
3047.612328 20.078603
3048.025088 19.749726
3048.437847 19.917415
3048.850606 19.840046
3049.263366 19.052337
3049.676125 19.434925
3050.088884 19.676508
3050.501643 19.857873
3050.914403 19.649408
3051.327162 19.596350
3051.739921 19.523507
3052.152680 19.796040
3052.565440 19.913402
3052.978199 19.893658
3053.390958 19.745665
3053.803717 19.433506
3054.216477 18.820915
3054.629236 18.847134
3055.041995 19.154367
3055.454755 19.601765
3055.867514 19.533065
3056.280273 19.257352
3056.693032 19.035178
3057.105792 18.734714
3057.518551 19.503559
3057.931310 19.167130
3058.344069 19.123532
3058.756829 19.279567
3059.169588 20.034704
3059.582347 19.476003
3059.995106 19.493846
3060.407866 19.688456
3060.820625 19.578922
3061.233384 18.947101
3061.646144 19.280464
3062.058903 19.346709
3062.471662 19.783375
3062.884421 19.605459
3063.297181 19.542346
3063.709940 19.472912
3064.122699 19.115426
3064.535458 18.658552
3064.948218 18.957246
3065.360977 19.207368
3065.773736 19.183539
3066.186495 19.486825
3066.599255 20.055027
3067.012014 19.996023
3067.424773 19.680610
3067.837533 19.822283
3068.250292 19.950199
3068.663051 19.730374
3069.075810 19.526598
3069.488570 19.424845
3069.901329 19.518712
3070.314088 19.622618
3070.726847 19.417260
3071.139607 18.982601
3071.552366 19.237217
3071.965125 19.741514
3072.377884 19.456585
3072.790644 19.666909
3073.203403 18.845405
3073.616162 19.219185
3074.028922 19.506136
3074.441681 19.461568
3074.854440 19.487021
3075.267199 19.628139
3075.679959 19.813696
3076.092718 20.782998
3076.505477 20.304839
3076.918236 20.045281
3077.330996 19.978351
3077.743755 19.716077
3078.156514 19.868801
3078.569273 19.930887
3078.982033 19.669943
3079.394792 19.283433
3079.807551 19.276623
3080.220311 18.709228
3080.633070 18.807956
3081.045829 19.404685
3081.458588 19.760124
3081.871348 19.863166
3082.284107 19.952637
3082.696866 19.940624
3083.109625 19.677275
3083.522385 19.609782
3083.935144 19.803249
3084.347903 20.005508
3084.760662 19.830520
3085.173422 19.947858
3085.586181 19.856584
3085.998940 19.969853
3086.411700 19.701659
3086.824459 19.459815
3087.237218 19.634378
3087.649977 19.844702
3088.062737 19.569152
3088.475496 19.331891
3088.888255 19.580015
3089.301014 19.904521
3089.713774 19.756046
3090.126533 19.446432
3090.539292 19.026109
3090.952051 19.709724
3091.364811 19.662457
3091.777570 19.622692
3092.190329 19.512775
3092.603089 19.583669
3093.015848 20.301837
3093.428607 20.261983
3093.841366 20.151299
3094.254126 19.745322
3094.666885 19.491987
3095.079644 19.784500
3095.492403 19.702727
3095.905163 19.548650
3096.317922 19.423197
3096.730681 19.264300
3097.143440 19.977992
3097.556200 19.966102
3097.968959 19.285912
3098.381718 19.179665
3098.794478 19.347574
3099.207237 18.978222
3099.619996 18.606855
3100.032755 18.920890
3100.445515 19.667162
3100.858274 19.838773
3101.271033 19.840429
3101.683792 19.503837
3102.096552 19.526557
3102.509311 19.839687
3102.922070 19.668655
3103.334829 19.640731
3103.747589 19.555655
3104.160348 19.468369
3104.573107 19.917170
3104.985867 19.863998
3105.398626 19.816575
3105.811385 20.015082
3106.224144 20.080699
3106.636904 19.858941
3107.049663 19.750289
3107.462422 19.380382
3107.875181 19.823923
3108.287941 19.913223
3108.700700 19.840812
3109.113459 20.402897
3109.526218 19.994694
3109.938978 20.133529
3110.351737 19.789573
3110.764496 19.951226
3111.177256 19.787730
3111.590015 20.155573
3112.002774 20.356690
3112.415533 20.435747
3112.828293 20.901804
3113.241052 20.803525
3113.653811 20.597996
3114.066570 20.685926
3114.479330 20.598175
3114.892089 20.375006
3115.304848 20.248869
3115.717607 20.333496
3116.130367 20.758622
3116.543126 20.875201
3116.955885 20.696536
3117.368645 20.526221
3117.781404 20.885428
3118.194163 21.258825
3118.606922 21.458335
3119.019682 21.708906
3119.432441 21.721294
3119.845200 22.042815
3120.257959 21.710284
3120.670719 21.776954
3121.083478 21.458050
3121.496237 21.786707
3121.908996 21.858164
3122.321756 21.780199
3122.734515 21.728723
3123.147274 22.001501
3123.560033 21.757903
3123.972793 21.622256
3124.385552 21.603703
3124.798311 21.887384
3125.211071 21.738069
3125.623830 21.192392
3126.036589 20.750866
3126.449348 21.391454
3126.862108 21.584881
3127.274867 21.642644
3127.687626 21.515806
3128.100385 21.343061
3128.513145 21.839920
3128.925904 22.699836
3129.338663 22.936844
3129.751422 23.458153
3130.164182 23.481909
3130.576941 23.692813
3130.989700 23.799182
3131.402460 23.962124
3131.815219 24.558657
3132.227978 24.029568
3132.640737 23.618967
3133.053497 23.467589
3133.466256 22.909875
3133.879015 22.732123
3134.291774 22.580467
3134.704534 22.499265
3135.117293 22.220584
3135.530052 22.011589
3135.942811 21.726644
3136.355571 21.498174
3136.768330 21.724727
3137.181089 21.202203
3137.593849 21.068881
3138.006608 20.610294
3138.419367 20.838674
3138.832126 21.083356
3139.244886 20.520121
3139.657645 20.545484
3140.070404 20.197287
3140.483163 20.806917
3140.895923 20.427649
3141.308682 20.292826
3141.721441 20.042174
3142.134200 20.581604
3142.546960 20.670602
3142.959719 21.084914
3143.372478 20.536725
3143.785238 20.584866
3144.197997 20.154284
3144.610756 20.099717
3145.023515 20.109985
3145.436275 20.053518
3145.849034 19.780716
3146.261793 19.741840
3146.674552 20.391708
3147.087312 20.733757
3147.500071 20.738829
3147.912830 20.676083
3148.325589 20.273604
3148.738349 19.888716
3149.151108 19.892313
3149.563867 19.834288
3149.976627 20.051919
3150.389386 20.064438
3150.802145 19.554726
3151.214904 20.389596
3151.627664 20.425267
3152.040423 20.354129
3152.453182 20.000280
3152.865941 19.408681
3153.278701 20.088602
3153.691460 20.308321
3154.104219 20.434630
3154.516978 20.308802
3154.929738 20.094408
3155.342497 19.768116
3155.755256 19.702320
3156.168016 19.722528
3156.580775 19.749865
3156.993534 20.256119
3157.406293 20.108068
3157.819053 20.095273
3158.231812 19.702417
3158.644571 19.386254
3159.057330 20.024974
3159.470090 19.962489
3159.882849 19.979623
3160.295608 19.450257
3160.708367 19.962448
3161.121127 20.343274
3161.533886 20.461844
3161.946645 20.508834
3162.359405 20.390852
3162.772164 20.372886
3163.184923 20.076760
3163.597682 20.476792
3164.010442 20.399113
3164.423201 20.610816
3164.835960 20.282852
3165.248719 20.746446
3165.661479 20.037966
3166.074238 19.523295
3166.486997 20.034891
3166.899756 20.101022
3167.312516 20.504683
3167.725275 20.919044
3168.138034 20.795386
3168.550794 20.584744
3168.963553 20.137150
3169.376312 20.247964
3169.789071 19.675334
3170.201831 18.840414
3170.614590 19.279991
3171.027349 19.986767
3171.440108 23.281045
3171.852868 26.042972
3172.265627 23.149664
3172.678386 19.442721
3173.091145 17.974790
3173.503905 16.380077
3173.916664 18.230653
3174.329423 20.192011
3174.742183 22.180321
3175.154942 22.028176
3175.567701 21.822525
3175.980460 21.120928
3176.393220 20.363116
3176.805979 19.402312
3177.218738 19.629436
3177.631497 19.924012
3178.044257 20.377510
3178.457016 20.878300
3178.869775 21.048289
3179.282534 21.152162
3179.695294 20.518115
3180.108053 20.529590
3180.520812 20.179190
3180.933572 20.072520
3181.346331 19.996725
3181.759090 20.878937
3182.171849 21.463506
3182.584609 21.014665
3182.997368 21.560692
3183.410127 21.060195
3183.822886 21.419043
3184.235646 21.318326
3184.648405 21.517608
3185.061164 21.586096
3185.473923 21.584489
3185.886683 21.618782
3186.299442 22.347643
3186.712201 22.083453
3187.124961 22.248124
3187.537720 21.990662
3187.950479 21.718488
3188.363238 21.450197
3188.775998 21.215733
3189.188757 21.320919
3189.601516 21.208360
3190.014275 21.521653
3190.427035 21.763261
3190.839794 21.252823
3191.252553 21.429058
3191.665312 20.975324
3192.078072 20.856314
3192.490831 20.903810
3192.903590 21.492278
3193.316350 21.437890
3193.729109 20.928561
3194.141868 20.997180
3194.554627 20.914265
3194.967387 20.850458
3195.380146 21.033242
3195.792905 21.496779
3196.205664 21.065945
3196.618424 21.417257
3197.031183 20.913172
3197.443942 20.794195
3197.856701 21.179768
3198.269461 21.110929
3198.682220 21.288094
3199.094979 21.667877
3199.507739 22.090409
3199.920498 22.224041
3200.333257 23.014645
3200.746016 22.976006
3201.158776 22.420192
3201.571535 22.062828
3201.984294 22.218463
3202.397053 22.901630
3202.809813 22.832033
3203.222572 23.984657
3203.635331 23.330107
3204.048090 22.796777
3204.460850 22.190695
3204.873609 21.135379
3205.286368 21.764060
3205.699128 21.910202
3206.111887 21.876815
3206.524646 21.603124
3206.937405 21.286830
3207.350165 20.878382
3207.762924 21.455946
3208.175683 21.198354
3208.588442 21.249814
3209.001202 21.122575
3209.413961 21.228218
3209.826720 21.079214
3210.239479 20.815945
3210.652239 20.707309
3211.064998 21.195230
3211.477757 20.656706
3211.890517 20.585690
3212.303276 20.729932
3212.716035 20.608532
3213.128794 20.430731
3213.541554 20.486301
3213.954313 20.976164
3214.367072 21.214077
3214.779831 20.870643
3215.192591 20.452147
3215.605350 20.517251
3216.018109 20.563972
3216.430868 20.241578
3216.843628 20.137109
3217.256387 20.085723
3217.669146 19.958305
3218.081906 19.708093
3218.494665 20.234067
3218.907424 20.120888
3219.320183 20.443152
3219.732943 20.411624
3220.145702 20.578415
3220.558461 20.272087
3220.971220 20.068687
3221.383980 20.292638
3221.796739 20.747058
3222.209498 20.452049
3222.622257 20.800703
3223.035017 20.520399
3223.447776 20.577494
3223.860535 20.680788
3224.273295 20.702595
3224.686054 20.955988
3225.098813 20.723783
3225.511572 20.108631
3225.924332 20.208248
3226.337091 20.259063
3226.749850 20.537353
3227.162609 20.277991
3227.575369 20.353770
3227.988128 20.373922
3228.400887 20.396781
3228.813646 20.630152
3229.226406 20.293560
3229.639165 20.367520
3230.051924 20.536309
3230.464684 20.209569
3230.877443 20.502335
3231.290202 20.079990
3231.702961 19.777650
3232.115721 20.026247
3232.528480 20.165074
3232.941239 20.047189
3233.353998 20.258003
3233.766758 19.779966
3234.179517 19.592786
3234.592276 19.983921
3235.005035 19.780055
3235.417795 19.776647
3235.830554 19.993006
3236.243313 20.090380
3236.656073 19.877813
3237.068832 19.706691
3237.481591 19.308282
3237.894350 19.742827
3238.307110 19.965938
3238.719869 19.786172
3239.132628 19.759072
3239.545387 19.513036
3239.958147 19.580447
3240.370906 19.375742
3240.783665 19.644132
3241.196424 19.649310
3241.609184 19.875497
3242.021943 19.943291
3242.434702 19.847622
3242.847462 19.475929
3243.260221 19.435528
3243.672980 19.288864
3244.085739 18.876379
3244.498499 19.135113
3244.911258 19.196033
3245.324017 19.459456
3245.736776 19.714471
3246.149536 19.211992
3246.562295 19.211470
3246.975054 19.622414
3247.387813 19.649816
3247.800573 19.622178
3248.213332 19.416714
3248.626091 19.581483
3249.038851 19.714748
3249.451610 19.473556
3249.864369 19.510924
3250.277128 19.444597
3250.689888 19.546203
3251.102647 19.560638
3251.515406 19.351986
3251.928165 19.561698
3252.340925 19.468818
3252.753684 19.382576
3253.166443 19.461601
3253.579202 19.269422
3253.991962 19.389728
3254.404721 19.381059
3254.817480 19.638097
3255.230240 19.213819
3255.642999 19.407107
3256.055758 19.608705
3256.468517 19.655419
3256.881277 19.551178
3257.294036 19.317937
3257.706795 18.999124
3258.119554 19.341783
3258.532314 19.435659
3258.945073 19.094948
3259.357832 18.984273
3259.770591 19.028385
3260.183351 19.525978
3260.596110 18.806186
3261.008869 19.371575
3261.421629 19.314618
3261.834388 19.186630
3262.247147 19.131900
3262.659906 19.277414
3263.072666 19.236629
3263.485425 19.307768
3263.898184 19.305664
3264.310943 19.718850
3264.723703 19.247778
3265.136462 18.992037
3265.549221 18.931386
3265.961980 19.270996
3266.374740 19.455509
3266.787499 19.526582
3267.200258 19.287355
3267.613018 19.416510
3268.025777 19.641677
3268.438536 19.149580
3268.851295 19.199939
3269.264055 19.071689
3269.676814 18.900021
3270.089573 19.043309
3270.502332 19.145739
3270.915092 19.209668
3271.327851 19.104473
3271.740610 19.321656
3272.153369 19.216543
3272.566129 18.961838
3272.978888 18.996441
3273.391647 18.763290
3273.804407 19.138114
3274.217166 19.425008
3274.629925 19.130546
3275.042684 19.423091
3275.455444 19.350273
3275.868203 19.558249
3276.280962 19.201227
3276.693721 19.311601
3277.106481 19.072594
3277.519240 19.245739
3277.931999 19.089672
3278.344758 19.070776
3278.757518 19.397932
3279.170277 19.159742
3279.583036 19.224299
3279.995795 19.313419
3280.408555 19.265956
3280.821314 19.511119
3281.234073 19.346530
3281.646833 18.986157
3282.059592 18.919691
3282.472351 18.832389
3282.885110 18.789786
3283.297870 19.021233
3283.710629 18.723117
3284.123388 18.208430
3284.536147 18.652492
3284.948907 19.006733
3285.361666 19.105501
3285.774425 18.960802
3286.187184 19.016217
3286.599944 18.810639
3287.012703 18.514530
3287.425462 18.802419
3287.838222 19.019805
3288.250981 19.524828
3288.663740 19.120776
3289.076499 19.064040
3289.489259 18.838220
3289.902018 18.545495
3290.314777 18.637111
3290.727536 18.681851
3291.140296 19.060892
3291.553055 19.077667
3291.965814 19.180644
3292.378573 19.253707
3292.791333 19.093301
3293.204092 19.005289
3293.616851 19.242093
3294.029611 19.024226
3294.442370 19.102133
3294.855129 19.299180
3295.267888 19.403878
3295.680648 19.431010
3296.093407 19.142387
3296.506166 19.217497
3296.918925 18.769194
3297.331685 18.584583
3297.744444 18.695250
3298.157203 18.991841
3298.569962 19.409056
3298.982722 19.288203
3299.395481 19.229885
3299.808240 19.405109
3300.221000 19.020539
3300.633759 18.800934
3301.046518 18.984950
3301.459277 18.808445
3301.872037 18.715019
3302.284796 18.836100
3302.697555 18.371437
3303.110314 18.431607
3303.523074 18.526241
3303.935833 18.835863
3304.348592 19.180187
3304.761351 19.007002
3305.174111 18.677553
3305.586870 18.860378
3305.999629 18.785374
3306.412389 18.900845
3306.825148 19.016674
3307.237907 19.182674
3307.650666 19.097411
3308.063426 19.124119
3308.476185 19.079608
3308.888944 19.178303
3309.301703 19.116951
3309.714463 18.996359
3310.127222 19.093048
3310.539981 18.992901
3310.952740 19.374592
3311.365500 19.255117
3311.778259 19.002940
3312.191018 18.786867
3312.603778 18.441915
3313.016537 18.446808
3313.429296 18.895372
3313.842055 18.939680
3314.254815 18.815810
3314.667574 18.846082
3315.080333 19.024030
3315.493092 19.186442
3315.905852 19.101880
3316.318611 18.995747
3316.731370 18.968223
3317.144129 19.091825
3317.556889 19.008225
3317.969648 18.785806
3318.382407 18.629935
3318.795167 18.875718
3319.207926 19.210720
3319.620685 19.454424
3320.033444 19.290470
3320.446204 18.687405
3320.858963 18.571837
3321.271722 18.499312
3321.684481 18.743032
3322.097241 18.447281
3322.510000 18.380930
3322.922759 18.439795
3323.335518 18.727863
3323.748278 18.574626
3324.161037 18.541157
3324.573796 18.692151
3324.986556 18.760248
3325.399315 18.819357
3325.812074 18.824829
3326.224833 18.987388
3326.637593 18.694769
3327.050352 18.942428
3327.463111 18.877561
3327.875870 19.045331
3328.288630 18.813094
3328.701389 18.351359
3329.114148 18.446556
3329.526907 18.366936
3329.939667 18.607508
3330.352426 18.765051
3330.765185 18.615394
3331.177945 18.804262
3331.590704 18.053301
3332.003463 18.232162
3332.416222 18.350576
3332.828982 18.467262
3333.241741 18.776004
3333.654500 18.683466
3334.067259 18.839737
3334.480019 18.944059
3334.892778 19.007132
3335.305537 18.961985
3335.718296 18.482365
3336.131056 18.448684
3336.543815 18.804914
3336.956574 18.867628
3337.369334 18.766364
3337.782093 19.278914
3338.194852 19.360753
3338.607611 19.565809
3339.020371 20.094718
3339.433130 20.074257
3339.845889 20.415122
3340.258648 20.363508
3340.671408 20.445990
3341.084167 20.695875
3341.496926 21.199634
3341.909685 21.531252
3342.322445 21.569842
3342.735204 22.210708
3343.147963 21.999690
3343.560723 22.533917
3343.973482 22.545571
3344.386241 22.534162
3344.799000 22.977800
3345.211760 23.217190
3345.624519 23.456571
3346.037278 23.395831
3346.450037 23.020827
3346.862797 22.521399
3347.275556 21.470797
3347.688315 20.988568
3348.101074 21.062968
3348.513834 20.974867
3348.926593 20.469110
3349.339352 20.218874
3349.752112 20.040339
3350.164871 19.934312
3350.577630 19.680039
3350.990389 19.827666
3351.403149 19.619911
3351.815908 19.303706
3352.228667 19.058478
3352.641426 18.753968
3353.054186 18.967636
3353.466945 18.989191
3353.879704 18.815304
3354.292463 18.851269
3354.705223 18.655559
3355.117982 18.663070
3355.530741 18.742200
3355.943501 18.633972
3356.356260 18.571331
3356.769019 18.432904
3357.181778 18.384796
3357.594538 18.232667
3358.007297 17.949851
3358.420056 17.962214
3358.832815 18.294705
3359.245575 17.855674
3359.658334 18.067776
3360.071093 17.998840
3360.483852 18.117752
3360.896612 18.375662
3361.309371 18.448978
3361.722130 18.249761
3362.134890 18.400168
3362.547649 18.459351
3362.960408 18.607483
3363.373167 18.542421
3363.785927 18.469456
3364.198686 18.485375
3364.611445 18.386777
3365.024204 18.477709
3365.436964 18.259580
3365.849723 17.993245
3366.262482 18.389697
3366.675241 18.477945
3367.088001 18.623786
3367.500760 18.314514
3367.913519 18.595666
3368.326279 18.663249
3368.739038 18.222172
3369.151797 18.084111
3369.564556 18.433458
3369.977316 18.697460
3370.390075 18.710452
3370.802834 18.870222
3371.215593 18.540692
3371.628353 18.436410
3372.041112 18.197102
3372.453871 18.327978
3372.866630 18.418534
3373.279390 18.513706
3373.692149 18.701603
3374.104908 18.683621
3374.517668 18.854612
3374.930427 19.016380
3375.343186 19.320294
3375.755945 18.866258
3376.168705 18.756896
3376.581464 18.558315
3376.994223 18.731501
3377.406982 18.925645
3377.819742 19.057222
3378.232501 19.003715
3378.645260 18.801978
3379.058019 18.549687
3379.470779 18.520361
3379.883538 18.358740
3380.296297 18.130033
3380.709057 17.772474
3381.121816 18.014172
3381.534575 18.283581
3381.947334 18.368714
3382.360094 18.115517
3382.772853 18.309066
3383.185612 18.301743
3383.598371 18.127579
3384.011131 18.238923
3384.423890 18.624748
3384.836649 18.309196
3385.249408 18.571804
3385.662168 18.432602
3386.074927 18.819447
3386.487686 18.241394
3386.900446 18.225752
3387.313205 18.178443
3387.725964 17.867393
3388.138723 17.859067
3388.551483 17.771373
3388.964242 18.332300
3389.377001 18.130939
3389.789760 18.050993
3390.202520 17.905030
3390.615279 17.893547
3391.028038 18.357402
3391.440797 18.166129
3391.853557 18.124235
3392.266316 17.753285
3392.679075 18.227440
3393.091835 18.490374
3393.504594 18.272481
3393.917353 17.930980
3394.330112 17.934674
3394.742872 18.407370
3395.155631 18.292568
3395.568390 18.455102
3395.981149 18.439403
3396.393909 18.497412
3396.806668 18.244778
3397.219427 18.292943
3397.632186 18.452639
3398.044946 18.586655
3398.457705 18.926640
3398.870464 18.805999
3399.283224 18.082374
3399.695983 18.082831
3400.108742 18.141190
3400.521501 18.234038
3400.934261 18.395104
3401.347020 18.578100
3401.759779 18.767310
3402.172538 18.638637
3402.585298 18.689835
3402.998057 18.521429
3403.410816 18.485122
3403.823575 18.599426
3404.236335 18.315207
3404.649094 18.462858
3405.061853 18.390015
3405.474613 18.797379
3405.887372 18.897909
3406.300131 18.863404
3406.712890 18.647338
3407.125650 18.387552
3407.538409 18.396972
3407.951168 18.091932
3408.363927 18.280041
3408.776687 18.727407
3409.189446 18.631745
3409.602205 18.929127
3410.014964 18.613845
3410.427724 18.979877
3410.840483 18.807924
3411.253242 18.457435
3411.666002 18.480327
3412.078761 18.491997
3412.491520 18.765410
3412.904279 18.444680
3413.317039 18.653243
3413.729798 18.765532
3414.142557 18.892722
3414.555316 18.989819
3414.968076 19.035170
3415.380835 18.996832
3415.793594 18.713159
3416.206353 18.830620
3416.619113 18.818468
3417.031872 19.201089
3417.444631 19.300192
3417.857391 19.479461
3418.270150 19.624412
3418.682909 19.697125
3419.095668 19.997018
3419.508428 20.652253
3419.921187 20.953533
3420.333946 21.417233
3420.746705 22.231870
3421.159465 22.834781
3421.572224 23.345823
3421.984983 24.026632
3422.397742 24.973279
3422.810502 25.985706
3423.223261 26.874581
3423.636020 27.545188
3424.048780 28.679072
3424.461539 29.439240
3424.874298 30.526345
3425.287057 31.508598
3425.699817 31.475528
3426.112576 31.384524
3426.525335 30.049646
3426.938094 28.993058
3427.350854 27.950660
3427.763613 26.872053
3428.176372 26.186366
3428.589131 25.225154
3429.001891 24.452190
3429.414650 23.423428
3429.827409 22.564295
3430.240168 22.006630
3430.652928 21.502659
3431.065687 21.201763
3431.478446 20.710799
3431.891206 20.329949
3432.303965 20.036269
3432.716724 19.926239
3433.129483 19.978000
3433.542243 19.646660
3433.955002 19.614716
3434.367761 19.288929
3434.780520 19.258037
3435.193280 19.287526
3435.606039 19.168093
3436.018798 19.215834
3436.431557 19.148031
3436.844317 19.047949
3437.257076 19.039019
3437.669835 19.302002
3438.082595 18.797827
3438.495354 18.817816
3438.908113 18.759677
3439.320872 18.906007
3439.733632 19.035398
3440.146391 19.079323
3440.559150 19.243912
3440.971909 19.712603
3441.384669 19.568410
3441.797428 19.148447
3442.210187 18.967155
3442.622946 18.952549
3443.035706 19.403657
3443.448465 19.712766
3443.861224 19.536156
3444.273984 19.299180
3444.686743 19.053136
3445.099502 19.088987
3445.512261 18.709245
3445.925021 18.769961
3446.337780 18.677162
3446.750539 18.689754
3447.163298 18.789892
3447.576058 18.767229
3447.988817 19.003666
3448.401576 18.657793
3448.814335 18.697518
3449.227095 18.346034
3449.639854 18.345634
3450.052613 18.700886
3450.465373 18.726738
3450.878132 18.477472
3451.290891 18.463943
3451.703650 18.416430
3452.116410 18.429715
3452.529169 18.430302
3452.941928 18.550894
3453.354687 18.156807
3453.767447 17.998783
3454.180206 18.191810
3454.592965 18.655396
3455.005724 19.239696
3455.418484 18.735578
3455.831243 18.462385
3456.244002 18.217964
3456.656762 17.950683
3457.069521 18.002118
3457.482280 17.341093
3457.895039 17.429415
3458.307799 17.921495
3458.720558 17.998774
3459.133317 18.219203
3459.546076 18.334404
3459.958836 18.210901
3460.371595 18.106848
3460.784354 18.097894
3461.197113 17.965126
3461.609873 18.001604
3462.022632 17.851980
3462.435391 17.798310
3462.848151 17.883590
3463.260910 17.875964
3463.673669 17.996597
3464.086428 18.086403
3464.499188 18.194803
3464.911947 18.240766
3465.324706 17.912133
3465.737465 17.814686
3466.150225 17.855046
3466.562984 17.975989
3466.975743 17.765697
3467.388502 18.176306
3467.801262 18.357843
3468.214021 18.001833
3468.626780 18.003382
3469.039540 17.784674
3469.452299 17.689511
3469.865058 17.841272
3470.277817 18.220500
3470.690577 18.231322
3471.103336 18.085579
3471.516095 17.957060
3471.928854 17.559230
3472.341614 17.572295
3472.754373 17.680222
3473.167132 17.843197
3473.579891 18.219277
3473.992651 18.350837
3474.405410 18.016749
3474.818169 17.940823
3475.230929 17.444853
3475.643688 17.629382
3476.056447 17.606629
3476.469206 17.692104
3476.881966 17.966626
3477.294725 18.014661
3477.707484 17.945317
3478.120243 17.880760
3478.533003 17.869391
3478.945762 17.741737
3479.358521 18.002461
3479.771280 18.255421
3480.184040 18.220573
3480.596799 17.986860
3481.009558 17.685180
3481.422318 17.899280
3481.835077 17.632522
3482.247836 17.745986
3482.660595 17.640913
3483.073355 17.912981
3483.486114 17.835310
3483.898873 18.062932
3484.311632 18.242992
3484.724392 18.011016
3485.137151 17.684503
3485.549910 17.586281
3485.962669 17.432269
3486.375429 17.657134
3486.788188 17.973061
3487.200947 17.926706
3487.613707 17.934560
3488.026466 17.786256
3488.439225 17.653220
3488.851984 17.580882
3489.264744 17.678118
3489.677503 17.743482
3490.090262 17.774056
3490.503021 17.921707
3490.915781 17.941843
3491.328540 17.944526
3491.741299 17.911366
3492.154058 17.930181
3492.566818 18.071691
3492.979577 18.112777
3493.392336 17.869881
3493.805096 17.862312
3494.217855 17.936835
3494.630614 17.745969
3495.043373 17.484569
3495.456133 17.432196
3495.868892 17.712859
3496.281651 17.765208
3496.694410 17.973004
3497.107170 18.129438
3497.519929 18.219228
3497.932688 18.242054
3498.345447 17.968070
3498.758207 17.419685
3499.170966 17.318291
3499.583725 17.460103
3499.996485 17.902836
3500.409244 17.877131
3500.822003 18.051066
3501.234762 18.217352
3501.647522 18.259645
3502.060281 18.199908
3502.473040 17.835620
3502.885799 17.720770
3503.298559 17.581266
3503.711318 17.502673
3504.124077 17.609002
3504.536836 18.018453
3504.949596 18.167058
3505.362355 17.963633
3505.775114 17.884038
3506.187874 17.698424
3506.600633 17.346908
3507.013392 17.606033
3507.426151 17.603603
3507.838911 17.976184
3508.251670 18.355535
3508.664429 18.310118
3509.077188 17.891810
3509.489948 17.775304
3509.902707 17.754671
3510.315466 17.547283
3510.728225 17.572466
3511.140985 17.736102
3511.553744 17.364246
3511.966503 17.860037
3512.379263 18.551049
3512.792022 17.866105
3513.204781 18.031689
3513.617540 17.540489
3514.030300 17.151728
3514.443059 17.450521
3514.855818 17.613202
3515.268577 17.263096
3515.681337 17.328485
3516.094096 17.590220
3516.506855 17.494820
3516.919614 17.586192
3517.332374 17.429847
3517.745133 17.423347
3518.157892 17.297112
3518.570652 17.629618
3518.983411 17.491737
3519.396170 17.611856
3519.808929 17.648408
3520.221689 17.651116
3520.634448 17.768657
3521.047207 17.691150
3521.459966 17.510160
3521.872726 17.284683
3522.285485 17.258798
3522.698244 17.210421
3523.111003 17.511579
3523.523763 17.636061
3523.936522 17.629480
3524.349281 17.446630
3524.762041 17.384349
3525.174800 17.572515
3525.587559 17.767736
3526.000318 17.743857
3526.413078 17.441501
3526.825837 17.200040
3527.238596 17.287562
3527.651355 17.451385
3528.064115 17.493107
3528.476874 17.539617
3528.889633 17.336983
3529.302392 17.457200
3529.715152 17.694950
3530.127911 17.543442
3530.540670 17.463895
3530.953430 17.030818
3531.366189 17.198042
3531.778948 17.311987
3532.191707 17.468185
3532.604467 17.668087
3533.017226 17.381095
3533.429985 17.160421
3533.842744 17.374065
3534.255504 17.569033
3534.668263 17.378526
3535.081022 17.106695
3535.493781 17.451140
3535.906541 17.579716
3536.319300 17.518992
3536.732059 17.657566
3537.144819 17.429537
3537.557578 17.623665
3537.970337 17.372785
3538.383096 17.503905
3538.795856 17.631437
3539.208615 17.428338
3539.621374 17.400667
3540.034133 17.443385
3540.446893 17.316252
3540.859652 17.232490
3541.272411 17.131364
3541.685170 17.050880
3542.097930 17.375981
3542.510689 17.303130
3542.923448 17.208301
3543.336208 17.159125
3543.748967 16.959492
3544.161726 16.971986
3544.574485 17.363504
3544.987245 17.305618
3545.400004 17.643556
3545.812763 17.640840
3546.225522 17.429863
3546.638282 17.327401
3547.051041 17.252005
3547.463800 17.070542
3547.876559 16.979130
3548.289319 16.872378
3548.702078 17.106654
3549.114837 17.057518
3549.527597 17.346003
3549.940356 17.174791
3550.353115 17.239960
3550.765874 17.340995
3551.178634 17.472866
3551.591393 17.415273
3552.004152 17.618340
3552.416911 17.691166
3552.829671 17.655014
3553.242430 17.383337
3553.655189 17.344217
3554.067948 17.348441
3554.480708 17.629431
3554.893467 17.489193
3555.306226 17.250333
3555.718986 17.113137
3556.131745 17.104403
3556.544504 16.953514
3556.957263 17.412126
3557.370023 17.412150
3557.782782 17.098441
3558.195541 17.177335
3558.608300 17.056670
3559.021060 16.943532
3559.433819 17.468332
3559.846578 17.298955
3560.259337 17.242300
3560.672097 17.508170
3561.084856 17.614042
3561.497615 17.557118
3561.910375 17.380565
3562.323134 17.369090
3562.735893 17.370574
3563.148652 17.235058
3563.561412 17.350423
3563.974171 17.272499
3564.386930 17.141721
3564.799689 17.097789
3565.212449 17.174416
3565.625208 17.526715
3566.037967 17.612615
3566.450726 17.628941
3566.863486 17.321504
3567.276245 17.295562
3567.689004 17.244837
3568.101764 17.323869
3568.514523 17.410470
3568.927282 17.765289
3569.340041 17.147658
3569.752801 17.110674
3570.165560 17.121415
3570.578319 17.084741
3570.991078 17.197397
3571.403838 17.196386
3571.816597 17.278958
3572.229356 17.349387
3572.642115 17.285605
3573.054875 17.012982
3573.467634 17.009794
3573.880393 16.988019
3574.293153 17.086266
3574.705912 17.178869
3575.118671 17.141534
3575.531430 17.337073
3575.944190 17.486510
3576.356949 17.384389
3576.769708 17.385009
3577.182467 17.576454
3577.595227 17.437472
3578.007986 17.518650
3578.420745 17.279301
3578.833504 17.121953
3579.246264 16.785565
3579.659023 17.131152
3580.071782 17.388435
3580.484542 17.586632
3580.897301 17.585058
3581.310060 17.493784
3581.722819 17.536395
3582.135579 17.571145
3582.548338 17.796801
3582.961097 17.968902
3583.373856 18.097845
3583.786616 17.906008
3584.199375 17.348881
3584.612134 17.398351
3585.024893 17.624929
3585.437653 17.606963
3585.850412 17.573575
3586.263171 17.461710
3586.675930 17.353367
3587.088690 17.563071
3587.501449 17.659483
3587.914208 17.861742
3588.326968 17.592903
3588.739727 17.675997
3589.152486 17.513642
3589.565245 17.282677
3589.978005 17.368144
3590.390764 17.599827
3590.803523 17.843229
3591.216282 17.595749
3591.629042 17.249200
3592.041801 17.355120
3592.454560 16.871905
3592.867319 17.164687
3593.280079 17.268732
3593.692838 17.336583
3594.105597 17.453514
3594.518357 17.337391
3594.931116 17.358056
3595.343875 17.443817
3595.756634 17.390987
3596.169394 17.192798
3596.582153 17.378355
3596.994912 17.534495
3597.407671 17.597976
3597.820431 17.482351
3598.233190 17.340433
3598.645949 17.473469
3599.058708 17.458888
3599.471468 17.619245
3599.884227 17.499835
3600.296986 17.394763
3600.709746 17.068136
3601.122505 17.023299
3601.535264 17.307958
3601.948023 17.150146
3602.360783 17.276397
3602.773542 17.254150
3603.186301 17.185222
3603.599060 17.338679
3604.011820 17.173225
3604.424579 17.109736
3604.837338 17.208962
3605.250097 16.926422
3605.662857 16.985132
3606.075616 17.044984
3606.488375 16.945375
3606.901135 16.905822
3607.313894 17.004199
3607.726653 17.008138
3608.139412 17.041159
3608.552172 17.169148
3608.964931 17.522140
3609.377690 17.582872
3609.790449 17.461155
3610.203209 17.168210
3610.615968 17.176952
3611.028727 17.077140
3611.441486 17.068748
3611.854246 17.236730
3612.267005 16.966440
3612.679764 16.878323
3613.092524 17.038729
3613.505283 16.774465
3613.918042 16.953857
3614.330801 16.933509
3614.743561 16.968341
3615.156320 16.916424
3615.569079 16.967419
3615.981838 16.927116
3616.394598 17.218250
3616.807357 17.150806
3617.220116 16.929350
3617.632875 16.786788
3618.045635 16.781495
3618.458394 16.953677
3618.871153 16.844519
3619.283913 16.921366
3619.696672 16.974751
3620.109431 17.065062
3620.522190 16.962510
3620.934950 16.778665
3621.347709 16.932514
3621.760468 17.382139
3622.173227 17.267329
3622.585987 17.296565
3622.998746 17.307110
3623.411505 16.987799
3623.824264 17.222964
3624.237024 17.198164
3624.649783 17.082400
3625.062542 16.931968
3625.475302 17.055920
3625.888061 17.160332
3626.300820 17.226977
3626.713579 17.343499
3627.126339 17.233411
3627.539098 17.384096
3627.951857 17.313015
3628.364616 16.981397
3628.777376 16.988508
3629.190135 17.171765
3629.602894 17.213610
3630.015653 17.192839
3630.428413 17.225867
3630.841172 17.125851
3631.253931 17.079782
3631.666691 17.167639
3632.079450 17.112517
3632.492209 17.246835
3632.904968 17.305487
3633.317728 17.506604
3633.730487 17.097014
3634.143246 16.935499
3634.556005 16.969319
3634.968765 17.285743
3635.381524 17.422874
3635.794283 17.481494
3636.207042 17.518519
3636.619802 17.331894
3637.032561 17.121333
3637.445320 17.016359
3637.858080 17.131731
3638.270839 17.077980
3638.683598 16.982971
3639.096357 16.876113
3639.509117 17.022916
3639.921876 17.260356
3640.334635 17.310650
3640.747394 17.246875
3641.160154 17.125125
3641.572913 16.788705
3641.985672 16.656418
3642.398431 16.339553
3642.811191 16.635557
3643.223950 16.710748
3643.636709 17.016636
3644.049469 17.917809
3644.462228 18.026168
3644.874987 17.321618
3645.287746 16.697741
3645.700506 16.477500
3646.113265 16.645359
3646.526024 16.857494
3646.938783 16.716963
3647.351543 17.417410
3647.764302 17.894591
3648.177061 16.625795
3648.589820 16.575143
3649.002580 16.213359
3649.415339 16.501280
3649.828098 16.830060
3650.240858 16.788582
3650.653617 16.653980
3651.066376 16.739610
3651.479135 16.690605
3651.891895 16.665960
3652.304654 16.863235
3652.717413 17.042676
3653.130172 16.908285
3653.542932 16.415087
3653.955691 16.613179
3654.368450 16.603295
3654.781209 16.643785
3655.193969 16.780794
3655.606728 16.895669
3656.019487 17.118927
3656.432247 16.933689
3656.845006 16.647798
3657.257765 16.722166
3657.670524 16.676309
3658.083284 16.430118
3658.496043 16.413456
3658.908802 16.981324
3659.321561 17.130337
3659.734321 16.602316
3660.147080 16.309713
3660.559839 16.092563
3660.972598 15.782141
3661.385358 15.875592
3661.798117 16.843532
3662.210876 17.365331
3662.623636 17.777685
3663.036395 17.920101
3663.449154 17.672295
3663.861913 16.103303
3664.274673 15.871033
3664.687432 15.826016
3665.100191 15.632949
3665.512950 16.152537
3665.925710 16.646265
3666.338469 16.628413
3666.751228 16.867843
3667.163987 16.771546
3667.576747 16.820641
3667.989506 16.516898
3668.402265 16.003353
3668.815025 15.782108
3669.227784 16.302316
3669.640543 16.623389
3670.053302 16.805406
3670.466062 16.791331
3670.878821 16.707837
3671.291580 16.319108
3671.704339 16.645082
3672.117099 16.568007
3672.529858 16.591910
3672.942617 16.728633
3673.355376 16.456068
3673.768136 16.404437
3674.180895 16.619711
3674.593654 16.148671
3675.006414 16.117991
3675.419173 16.158303
3675.831932 16.614663
3676.244691 16.802658
3676.657451 16.549600
3677.070210 16.369393
3677.482969 16.451827
3677.895728 16.089570
3678.308488 16.438452
3678.721247 16.626733
3679.134006 16.389300
3679.546765 16.503254
3679.959525 16.173096
3680.372284 15.820414
3680.785043 15.774353
3681.197803 15.413401
3681.610562 15.676498
3682.023321 16.296551
3682.436080 16.643843
3682.848840 17.374513
3683.261599 17.023030
3683.674358 16.656361
3684.087117 15.801461
3684.499877 15.340533
3684.912636 15.060082
3685.325395 15.600858
3685.738154 15.966556
3686.150914 16.068595
3686.563673 16.104877
3686.976432 16.165112
3687.389192 16.001991
3687.801951 16.051575
3688.214710 16.053214
3688.627469 16.670103
3689.040229 17.127719
3689.452988 16.879905
3689.865747 16.336699
3690.278506 16.229498
3690.691266 15.562406
3691.104025 16.083657
3691.516784 15.752953
3691.929543 15.955995
3692.342303 15.937434
3692.755062 16.052105
3693.167821 15.710636
3693.580581 15.805171
3693.993340 16.073977
3694.406099 16.515144
3694.818858 17.286437
3695.231618 17.544282
3695.644377 16.984170
3696.057136 16.683746
3696.469895 15.722396
3696.882655 14.991170
3697.295414 15.153101
3697.708173 15.355409
3698.120932 15.841772
3698.533692 16.047521
3698.946451 15.907960
3699.359210 15.847057
3699.771970 16.160839
3700.184729 16.107968
3700.597488 16.104641
3701.010247 16.285712
3701.423007 16.386560
3701.835766 16.326293
3702.248525 16.077329
3702.661284 16.095564
3703.074044 16.605105
3703.486803 16.952633
3703.899562 16.611817
3704.312321 16.864214
3704.725081 16.355016
3705.137840 16.130779
3705.550599 16.023814
3705.963359 15.638918
3706.376118 15.753810
3706.788877 16.169834
3707.201636 15.959029
3707.614396 15.703255
3708.027155 16.039187
3708.439914 16.266556
3708.852673 17.120493
3709.265433 17.386216
3709.678192 17.539919
3710.090951 16.854053
3710.503710 16.188608
3710.916470 15.389506
3711.329229 15.167242
3711.741988 15.778112
3712.154748 16.124499
3712.567507 16.194063
3712.980266 16.370274
3713.393025 16.067208
3713.805785 16.184783
3714.218544 16.420706
3714.631303 16.644560
3715.044062 16.733608
3715.456822 16.475298
3715.869581 16.485704
3716.282340 16.414990
3716.695099 16.636560
3717.107859 16.854346
3717.520618 16.902984
3717.933377 17.204232
3718.346137 17.443385
3718.758896 17.777065
3719.171655 18.186835
3719.584414 18.562703
3719.997174 19.839964
3720.409933 20.801103
3720.822692 22.041168
3721.235451 22.760193
3721.648211 23.508006
3722.060970 24.048774
3722.473729 25.162253
3722.886488 26.901485
3723.299248 28.416586
3723.712007 30.952931
3724.124766 33.563627
3724.537526 36.707408
3724.950285 39.672662
3725.363044 42.461599
3725.775803 44.979243
3726.188563 46.103071
3726.601322 47.527796
3727.014081 49.522655
3727.426840 50.713446
3727.839600 52.268525
3728.252359 53.680739
3728.665118 52.779012
3729.077877 51.950518
3729.490637 49.543092
3729.903396 46.911862
3730.316155 44.173324
3730.728915 41.570653
3731.141674 38.771260
3731.554433 36.322740
3731.967192 33.924244
3732.379952 31.664934
3732.792711 29.238507
3733.205470 27.354600
3733.618229 25.411257
3734.030989 23.691679
3734.443748 22.277931
3734.856507 20.693943
3735.269266 19.773344
3735.682026 19.066135
3736.094785 18.299076
3736.507544 17.829903
3736.920303 17.233778
3737.333063 17.110748
3737.745822 16.517493
3738.158581 16.497235
3738.571341 16.247252
3738.984100 16.269622
3739.396859 16.436006
3739.809618 16.641543
3740.222378 16.291812
3740.635137 16.102088
3741.047896 15.701167
3741.460655 15.520235
3741.873415 15.128431
3742.286174 15.385355
3742.698933 15.317209
3743.111692 15.673374
3743.524452 16.178291
3743.937211 16.251061
3744.349970 16.029719
3744.762730 16.235296
3745.175489 15.477542
3745.588248 15.362814
3746.001007 14.982925
3746.413767 14.898453
3746.826526 15.233887
3747.239285 15.533666
3747.652044 15.708124
3748.064804 15.964794
3748.477563 15.764656
3748.890322 15.795989
3749.303081 15.829539
3749.715841 16.011516
3750.128600 15.801135
3750.541359 15.653149
3750.954119 15.705041
3751.366878 15.886846
3751.779637 15.863832
3752.192396 16.029506
3752.605156 16.064354
3753.017915 15.967200
3753.430674 15.995491
3753.843433 16.173912
3754.256193 16.256843
3754.668952 16.150547
3755.081711 16.255081
3755.494470 16.228079
3755.907230 16.276228
3756.319989 16.463456
3756.732748 16.394512
3757.145508 16.356834
3757.558267 16.535581
3757.971026 16.540328
3758.383785 16.266384
3758.796545 16.239146
3759.209304 16.015749
3759.622063 16.073871
3760.034822 15.866238
3760.447582 15.518514
3760.860341 15.788747
3761.273100 15.651216
3761.685859 15.634637
3762.098619 15.604609
3762.511378 15.096161
3762.924137 14.918996
3763.336897 14.995990
3763.749656 15.113165
3764.162415 15.152343
3764.575174 15.415839
3764.987934 15.330372
3765.400693 15.164845
3765.813452 14.943519
3766.226211 15.165163
3766.638971 15.297816
3767.051730 15.422445
3767.464489 15.517780
3767.877248 15.354968
3768.290008 15.418155
3768.702767 15.803125
3769.115526 15.597644
3769.528286 15.699300
3769.941045 15.615562
3770.353804 15.795369
3770.766563 15.658768
3771.179323 15.706648
3771.592082 15.969109
3772.004841 15.688714
3772.417600 15.408532
3772.830360 15.338062
3773.243119 15.208891
3773.655878 15.393518
3774.068637 15.309193
3774.481397 15.186309
3774.894156 15.015089
3775.306915 14.919966
3775.719675 15.110751
3776.132434 14.902270
3776.545193 14.688732
3776.957952 14.700810
3777.370712 14.683162
3777.783471 14.654831
3778.196230 14.771614
3778.608989 14.730047
3779.021749 14.322357
3779.434508 14.273833
3779.847267 14.448812
3780.260026 14.397850
3780.672786 14.570464
3781.085545 14.687370
3781.498304 14.570375
3781.911064 14.697572
3782.323823 14.541636
3782.736582 14.630422
3783.149341 14.742924
3783.562101 15.099456
3783.974860 14.760507
3784.387619 14.640119
3784.800378 14.573311
3785.213138 14.373335
3785.625897 14.194042
3786.038656 14.022985
3786.451415 14.652229
3786.864175 14.960751
3787.276934 15.343298
3787.689693 15.319648
3788.102453 15.467438
3788.515212 14.987802
3788.927971 14.586702
3789.340730 14.021795
3789.753490 13.737877
3790.166249 14.485340
3790.579008 14.932387
3790.991767 14.711526
3791.404527 14.353901
3791.817286 14.560898
3792.230045 14.276133
3792.642804 14.465996
3793.055564 14.738283
3793.468323 14.784793
3793.881082 14.857815
3794.293842 15.104691
3794.706601 15.372453
3795.119360 15.526164
3795.532119 15.535094
3795.944879 15.338046
3796.357638 15.655555
3796.770397 15.637279
3797.183156 15.828520
3797.595916 15.979588
3798.008675 15.725470
3798.421434 15.509796
3798.834193 15.680714
3799.246953 15.506085
3799.659712 15.483210
3800.072471 15.215236
3800.485231 15.254626
3800.897990 15.150866
3801.310749 15.054357
3801.723508 15.052277
3802.136268 15.042809
3802.549027 14.693536
3802.961786 14.480031
3803.374545 14.527894
3803.787305 14.282918
3804.200064 14.523914
3804.612823 14.594327
3805.025582 14.587607
3805.438342 14.374306
3805.851101 14.486930
3806.263860 14.306291
3806.676620 14.274371
3807.089379 14.345885
3807.502138 14.285446
3807.914897 13.962530
3808.327657 14.145616
3808.740416 14.269021
3809.153175 14.092664
3809.565934 13.659945
3809.978694 14.029991
3810.391453 14.272455
3810.804212 14.468149
3811.216971 14.808867
3811.629731 14.781131
3812.042490 14.778163
3812.455249 14.355027
3812.868009 13.959064
3813.280768 13.676688
3813.693527 13.969373
3814.106286 13.960597
3814.519046 14.163647
3814.931805 14.488798
3815.344564 14.316762
3815.757323 14.326598
3816.170083 14.348380
3816.582842 14.173368
3816.995601 14.126174
3817.408360 14.481874
3817.821120 14.612032
3818.233879 14.937337
3818.646638 15.180878
3819.059398 14.926776
3819.472157 14.775268
3819.884916 14.466778
3820.297675 14.159276
3820.710435 14.237461
3821.123194 14.231736
3821.535953 14.400656
3821.948712 14.410132
3822.361472 14.214724
3822.774231 13.934264
3823.186990 13.670865
3823.599749 13.428997
3824.012509 13.526248
3824.425268 14.222928
3824.838027 14.727967
3825.250787 14.605671
3825.663546 14.304766
3826.076305 13.950770
3826.489064 12.123453
3826.901824 12.861806
3827.314583 13.386972
3827.727342 13.514203
3828.140101 14.415172
3828.552861 14.242753
3828.965620 13.945755
3829.378379 13.960516
3829.791138 14.354660
3830.203898 14.585658
3830.616657 14.705532
3831.029416 15.173179
3831.442176 14.876939
3831.854935 14.881066
3832.267694 14.763434
3832.680453 14.399824
3833.093213 15.186301
3833.505972 15.177412
3833.918731 15.698444
3834.331490 15.883511
3834.744250 16.279775
3835.157009 16.647651
3835.569768 16.321334
3835.982527 16.474596
3836.395287 16.054462
3836.808046 15.335616
3837.220805 14.887933
3837.633565 14.923840
3838.046324 15.129051
3838.459083 15.383316
3838.871842 14.967650
3839.284602 15.221328
3839.697361 15.633210
3840.110120 15.083333
3840.522879 14.554782
3840.935639 14.350174
3841.348398 13.228230
3841.761157 12.978043
3842.173916 13.450510
3842.586676 13.871452
3842.999435 14.109031
3843.412194 14.189711
3843.824954 14.111861
3844.237713 13.668500
3844.650472 13.997019
3845.063231 13.938921
3845.475991 13.935593
3845.888750 13.743741
3846.301509 14.125717
3846.714268 14.574705
3847.127028 14.593585
3847.539787 14.057392
3847.952546 14.034207
3848.365305 13.709888
3848.778065 13.698683
3849.190824 14.124771
3849.603583 14.393691
3850.016343 13.993879
3850.429102 13.926500
3850.841861 13.779795
3851.254620 13.702622
3851.667380 13.821395
3852.080139 14.042639
3852.492898 13.900306
3852.905657 13.765083
3853.318417 13.773418
3853.731176 14.230887
3854.143935 14.465172
3854.556694 14.531376
3854.969454 14.118777
3855.382213 14.163623
3855.794972 14.204293
3856.207732 14.528465
3856.620491 15.397294
3857.033250 15.308206
3857.446009 15.446568
3857.858769 15.076963
3858.271528 14.604154
3858.684287 14.728571
3859.097046 14.935478
3859.509806 15.150883
3859.922565 15.194579
3860.335324 15.642409
3860.748083 15.960505
3861.160843 16.436927
3861.573602 16.863374
3861.986361 17.306743
3862.399121 18.428973
3862.811880 19.264822
3863.224639 20.337965
3863.637398 21.734367
3864.050158 22.588753
3864.462917 23.337887
3864.875676 24.669120
3865.288435 26.216190
3865.701195 28.051573
3866.113954 30.115369
3866.526713 32.057129
3866.939472 34.468543
3867.352232 36.506307
3867.764991 38.000205
3868.177750 39.185752
3868.590510 38.685956
3869.003269 37.979670
3869.416028 35.915915
3869.828787 33.859475
3870.241547 31.892107
3870.654306 30.573931
3871.067065 28.970215
3871.479824 27.650367
3871.892584 26.478431
3872.305343 25.475472
3872.718102 24.142690
3873.130861 22.818992
3873.543621 21.394406
3873.956380 20.205581
3874.369139 19.401945
3874.781899 19.020866
3875.194658 18.459066
3875.607417 17.783565
3876.020176 17.177017
3876.432936 16.581944
3876.845695 16.028128
3877.258454 15.871922
3877.671213 15.543167
3878.083973 15.303704
3878.496732 15.361395
3878.909491 15.198069
3879.322250 15.038789
3879.735010 14.972511
3880.147769 15.051756
3880.560528 14.602017
3880.973288 15.453459
3881.386047 16.207324
3881.798806 16.434407
3882.211565 16.569124
3882.624325 16.104201
3883.037084 15.871710
3883.449843 16.450424
3883.862602 17.696948
3884.275362 18.104401
3884.688121 18.109009
3885.100880 17.704451
3885.513639 15.913506
3885.926399 15.674842
3886.339158 16.242962
3886.751917 16.970118
3887.164677 18.018176
3887.577436 19.150820
3887.990195 19.887738
3888.402954 20.054651
3888.815714 19.662995
3889.228473 19.066576
3889.641232 18.348994
3890.053991 18.194403
3890.466751 17.330190
3890.879510 17.310397
3891.292269 17.533892
3891.705028 17.355642
3892.117788 17.096639
3892.530547 16.728511
3892.943306 16.564524
3893.356065 16.409452
3893.768825 16.268888
3894.181584 15.903565
3894.594343 15.206909
3895.007103 15.360587
3895.419862 15.246593
3895.832621 14.876956
3896.245380 14.796651
3896.658140 14.719649
3897.070899 14.675985
3897.483658 14.299767
3897.896417 14.117285
3898.309177 13.864080
3898.721936 13.924470
3899.134695 13.625514
3899.547454 13.512767
3899.960214 14.161005
3900.372973 15.545002
3900.785732 17.364246
3901.198492 17.922914
3901.611251 16.704192
3902.024010 14.352352
3902.436769 12.702077
3902.849529 11.999811
3903.262288 11.666823
3903.675047 11.814328
3904.087806 12.566643
3904.500566 13.192266
3904.913325 13.816372
3905.326084 14.155410
3905.738843 14.080937
3906.151603 14.356797
3906.564362 14.117464
3906.977121 13.631092
3907.389881 12.609596
3907.802640 12.757190
3908.215399 13.001302
3908.628158 13.210843
3909.040918 13.441474
3909.453677 13.359815
3909.866436 13.454253
3910.279195 13.725873
3910.691955 13.623932
3911.104714 13.501660
3911.517473 13.248080
3911.930232 13.648846
3912.342992 13.547362
3912.755751 13.814447
3913.168510 13.703535
3913.581270 13.332243
3913.994029 13.045944
3914.406788 12.770557
3914.819547 12.777220
3915.232307 13.268224
3915.645066 13.640430
3916.057825 13.837053
3916.470584 13.682250
3916.883344 13.774421
3917.296103 13.449401
3917.708862 13.171404
3918.121621 13.035163
3918.534381 13.010305
3918.947140 13.193008
3919.359899 13.363175
3919.772659 13.376884
3920.185418 13.356170
3920.598177 13.028997
3921.010936 12.925890
3921.423696 12.730139
3921.836455 13.015435
3922.249214 13.484925
3922.661973 14.296986
3923.074733 14.768833
3923.487492 14.537680
3923.900251 13.978735
3924.313010 12.861969
3924.725770 11.426390
3925.138529 12.309988
3925.551288 12.396353
3925.964048 12.655975
3926.376807 12.937748
3926.789566 13.172693
3927.202325 12.990814
3927.615085 12.916993
3928.027844 12.557476
3928.440603 12.494509
3928.853362 13.015883
3929.266122 13.233262
3929.678881 13.575734
3930.091640 13.722847
3930.504399 13.410990
3930.917159 13.202533
3931.329918 13.075776
3931.742677 12.631069
3932.155437 12.744142
3932.568196 12.367874
3932.980955 12.408479
3933.393714 12.756163
3933.806474 13.069382
3934.219233 13.220776
3934.631992 12.982610
3935.044751 12.322074
3935.457511 12.068666
3935.870270 12.624031
3936.283029 13.567758
3936.695788 14.300696
3937.108548 15.313352
3937.521307 15.401633
3937.934066 13.993961
3938.346826 12.557427
3938.759585 11.672964
3939.172344 11.355537
3939.585103 11.905381
3939.997863 12.701262
3940.410622 12.706848
3940.823381 12.526747
3941.236140 12.759523
3941.648900 12.834665
3942.061659 13.125458
3942.474418 12.812932
3942.887177 13.000323
3943.299937 13.086117
3943.712696 13.063469
3944.125455 13.156505
3944.538215 13.174446
3944.950974 12.807296
3945.363733 12.212541
3945.776492 12.687234
3946.189252 13.065900
3946.602011 13.815776
3947.014770 14.216534
3947.427529 13.953405
3947.840289 13.245650
3948.253048 12.860860
3948.665807 12.508487
3949.078566 11.998041
3949.491326 12.236395
3949.904085 12.597828
3950.316844 12.883116
3950.729604 12.774398
3951.142363 12.779487
3951.555122 12.649035
3951.967881 12.384992
3952.380641 13.398944
3952.793400 13.604172
3953.206159 14.410801
3953.618918 15.072380
3954.031678 14.176590
3954.444437 12.991915
3954.857196 12.165379
3955.269955 12.283785
3955.682715 12.632358
3956.095474 13.833783
3956.508233 14.193528
3956.920993 13.964398
3957.333752 13.989483
3957.746511 13.652451
3958.159270 13.306700
3958.572030 13.418321
3958.984789 13.477423
3959.397548 13.649360
3959.810307 13.475017
3960.223067 13.725131
3960.635826 14.124478
3961.048585 14.467447
3961.461344 15.215228
3961.874104 15.865578
3962.286863 16.283274
3962.699622 16.424931
3963.112382 16.228780
3963.525141 16.559599
3963.937900 17.096076
3964.350659 17.955209
3964.763419 18.748896
3965.176178 20.260205
3965.588937 21.241520
3966.001696 22.401785
3966.414456 23.277571
3966.827215 23.314474
3967.239974 23.222833
3967.652733 23.012737
3968.065493 22.620501
3968.478252 22.044291
3968.891011 21.506843
3969.303771 21.030078
3969.716530 20.174363
3970.129289 19.614977
3970.542048 19.982722
3970.954808 20.445011
3971.367567 19.936995
3971.780326 20.200745
3972.193085 18.917946
3972.605845 17.033803
3973.018604 16.131822
3973.431363 15.447270
3973.844122 14.942296
3974.256882 15.056559
3974.669641 14.955850
3975.082400 14.939246
3975.495160 14.525920
3975.907919 14.421525
3976.320678 14.271321
3976.733437 14.003323
3977.146197 13.598137
3977.558956 13.573932
3977.971715 13.679322
3978.384474 13.611112
3978.797234 13.347313
3979.209993 13.206276
3979.622752 13.100478
3980.035511 13.340210
3980.448271 13.012352
3980.861030 12.714946
3981.273789 12.433940
3981.686549 11.366799
3982.099308 11.175420
3982.512067 12.685612
3982.924826 13.819275
3983.337586 15.669688
3983.750345 15.785346
3984.163104 15.176009
3984.575863 13.801668
3984.988623 12.105919
3985.401382 11.054820
3985.814141 11.048401
3986.226900 11.659125
3986.639660 12.591965
3987.052419 13.723883
3987.465178 13.536630
3987.877938 13.483580
3988.290697 13.066087
3988.703456 12.424863
3989.116215 12.121398
3989.528975 11.979619
3989.941734 12.201409
3990.354493 12.320696
3990.767252 12.370011
3991.180012 12.062574
3991.592771 12.591704
3992.005530 12.910354
3992.418289 13.288750
3992.831049 13.648463
3993.243808 13.469039
3993.656567 12.997183
3994.069327 12.586289
3994.482086 12.536811
3994.894845 12.172727
3995.307604 12.218902
3995.720364 12.124717
3996.133123 12.167043
3996.545882 12.343270
3996.958641 12.246100
3997.371401 12.413030
3997.784160 12.532366
3998.196919 12.671633
3998.609678 12.459613
3999.022438 12.362573
3999.435197 11.999640
3999.847956 12.019840
4000.260716 11.856254
4000.673475 12.376959
4001.086234 13.040056
4001.498993 13.495658
4001.911753 12.748138
4002.324512 12.566088
4002.737271 12.333353
4003.150030 12.029692
4003.562790 12.350365
4003.975549 12.430123
4004.388308 12.541859
4004.801067 12.492340
4005.213827 12.485979
4005.626586 12.404239
4006.039345 12.550528
4006.452105 12.127808
4006.864864 11.974473
4007.277623 11.451687
4007.690382 10.564264
4008.103142 11.273340
4008.515901 12.560363
4008.928660 13.568101
4009.341419 14.627119
4009.754179 15.436325
4010.166938 13.715238
4010.579697 12.289845
4010.992456 12.209972
4011.405216 11.959744
4011.817975 11.852323
4012.230734 12.030662
4012.643494 12.324325
4013.056253 12.033117
4013.469012 12.030320
4013.881771 12.270615
4014.294531 12.424031
4014.707290 12.187276
4015.120049 11.955748
4015.532808 12.040375
4015.945568 12.301556
4016.358327 12.579650
4016.771086 13.337242
4017.183845 13.529372
4017.596605 12.740790
4018.009364 12.102828
4018.422123 11.720371
4018.834883 11.528950
4019.247642 11.659997
4019.660401 12.170403
4020.073160 12.332399
4020.485920 12.256384
4020.898679 12.019090
4021.311438 11.258310
4021.724197 10.796208
4022.136957 10.062348
4022.549716 10.163767
4022.962475 11.801402
4023.375234 12.997273
4023.787994 13.823173
4024.200753 14.463190
4024.613512 14.484549
4025.026272 12.487178
4025.439031 12.026609
4025.851790 11.948800
4026.264549 11.873160
4026.677309 12.030768
4027.090068 12.487431
4027.502827 12.504067
4027.915586 12.476967
4028.328346 12.171055
4028.741105 12.103106
4029.153864 11.953505
4029.566623 11.917932
4029.979383 11.960242
4030.392142 12.146948
4030.804901 12.184789
4031.217661 12.039584
4031.630420 11.848669
4032.043179 12.147283
4032.455938 11.780500
4032.868698 12.129512
4033.281457 12.756774
4033.694216 13.319749
4034.106975 13.187413
4034.519735 12.948285
4034.932494 12.676739
4035.345253 11.743923
4035.758012 11.331683
4036.170772 11.510585
4036.583531 11.611767
4036.996290 11.921064
4037.409050 12.205315
4037.821809 11.517770
4038.234568 11.191412
4038.647327 11.629578
4039.060087 12.572417
4039.472846 13.214236
4039.885605 13.655476
4040.298364 13.884819
4040.711124 12.967441
4041.123883 11.890114
4041.536642 11.581552
4041.949401 11.343989
4042.362161 11.540311
4042.774920 12.027661
4043.187679 12.188891
4043.600438 12.202331
4044.013198 12.167475
4044.425957 11.928982
4044.838716 11.841476
4045.251476 11.743091
4045.664235 11.699583
4046.076994 11.964931
4046.489753 12.143776
4046.902513 12.052804
4047.315272 11.893442
4047.728031 11.958138
4048.140790 12.076764
4048.553550 12.143450
4048.966309 12.234152
4049.379068 12.188010
4049.791827 11.940718
4050.204587 11.947038
4050.617346 11.812868
4051.030105 11.981935
4051.442865 11.907656
4051.855624 12.004565
4052.268383 12.355022
4052.681142 12.501303
4053.093902 12.917637
4053.506661 12.632725
4053.919420 12.240253
4054.332179 12.157852
4054.744939 12.006474
4055.157698 11.867361
4055.570457 12.081200
4055.983216 12.021675
4056.395976 11.758350
4056.808735 11.249021
4057.221494 11.754468
4057.634254 12.700234
4058.047013 13.216715
4058.459772 13.445315
4058.872531 13.084885
4059.285291 12.379080
4059.698050 11.606956
4060.110809 11.708847
4060.523568 11.952690
4060.936328 12.118185
4061.349087 12.429952
4061.761846 12.701612
4062.174605 12.420451
4062.587365 12.265387
4063.000124 12.645781
4063.412883 12.231404
4063.825643 12.511570
4064.238402 12.630099
4064.651161 12.758161
4065.063920 12.999124
4065.476680 13.271339
4065.889439 13.232593
4066.302198 13.472032
4066.714957 13.261960
4067.127717 13.397721
4067.540476 13.475685
4067.953235 13.610728
4068.365994 13.815907
4068.778754 13.935292
4069.191513 13.997092
4069.604272 14.048642
4070.017032 13.866486
4070.429791 13.982837
4070.842550 13.896905
4071.255309 13.697794
4071.668069 13.647851
4072.080828 13.622570
4072.493587 13.652214
4072.906346 13.579396
4073.319106 13.598561
4073.731865 13.908991
4074.144624 13.611609
4074.557383 13.409766
4074.970143 13.257190
4075.382902 12.931158
4075.795661 12.841296
4076.208421 12.733002
4076.621180 12.592446
4077.033939 12.688197
4077.446698 12.724651
4077.859458 12.882211
4078.272217 13.511715
4078.684976 13.751872
4079.097735 13.373076
4079.510495 13.204034
4079.923254 12.711766
4080.336013 12.389828
4080.748772 12.354304
4081.161532 12.440260
4081.574291 12.452110
4081.987050 12.722710
4082.399810 12.616357
4082.812569 12.762744
4083.225328 12.720288
4083.638087 12.705886
4084.050847 12.659955
4084.463606 12.873794
4084.876365 12.872954
4085.289124 12.947526
4085.701884 12.919986
4086.114643 12.586770
4086.527402 12.570533
4086.940161 12.800299
4087.352921 12.668070
4087.765680 12.864783
4088.178439 12.733092
4088.591199 12.492454
4089.003958 12.454687
4089.416717 12.535750
4089.829476 12.778492
4090.242236 12.858348
4090.654995 12.906122
4091.067754 13.178165
4091.480513 13.143081
4091.893273 13.195862
4092.306032 13.084200
4092.718791 12.980954
4093.131550 13.000119
4093.544310 12.791247
4093.957069 12.894207
4094.369828 13.207924
4094.782588 13.289966
4095.195347 13.615206
4095.608106 13.925758
4096.020865 14.048405
4096.433625 14.351447
4096.846384 14.668752
4097.259143 15.029329
4097.671902 15.597465
4098.084662 15.765863
4098.497421 16.000694
4098.910180 16.159722
4099.322939 16.619988
4099.735699 17.317386
4100.148458 17.942927
4100.561217 18.487022
4100.973977 19.006349
4101.386736 19.008600
4101.799495 18.608079
4102.212254 17.909890
4102.625014 17.609728
4103.037773 17.132082
4103.450532 16.671350
4103.863291 16.404583
4104.276051 16.359085
4104.688810 15.996828
4105.101569 15.709584
4105.514328 15.493543
4105.927088 15.182175
4106.339847 14.874175
4106.752606 14.791570
4107.165366 14.384435
4107.578125 13.887388
4107.990884 13.474911
4108.403643 13.359457
4108.816403 13.198203
4109.229162 13.013812
4109.641921 13.118566
4110.054680 12.770206
4110.467440 12.667466
4110.880199 12.549035
4111.292958 12.493922
4111.705717 12.418918
4112.118477 12.483891
4112.531236 12.501792
4112.943995 12.586068
4113.356755 12.404385
4113.769514 12.602248
4114.182273 12.244126
4114.595032 12.255666
4115.007792 12.288507
4115.420551 12.045285
4115.833310 11.974701
4116.246069 12.290326
4116.658829 12.131306
4117.071588 12.031396
4117.484347 12.274937
4117.897106 12.316048
4118.309866 12.515966
4118.722625 12.618502
4119.135384 12.430238
4119.548144 12.219718
4119.960903 11.889747
4120.373662 11.890539
4120.786421 11.947976
4121.199181 12.109760
4121.611940 11.794062
4122.024699 11.728029
4122.437458 11.945636
4122.850218 12.174578
4123.262977 12.192936
4123.675736 12.194347
4124.088495 12.049990
4124.501255 12.202535
4124.914014 12.224701
4125.326773 12.251654
4125.739533 12.478933
4126.152292 12.117777
4126.565051 11.705430
4126.977810 11.898351
4127.390570 12.259597
4127.803329 12.269033
4128.216088 12.178297
4128.628847 11.937236
4129.041607 11.850243
4129.454366 11.675623
4129.867125 11.746508
4130.279884 11.896027
4130.692644 12.089861
4131.105403 12.113520
4131.518162 12.185808
4131.930922 11.862142
4132.343681 11.862166
4132.756440 11.605178
4133.169199 11.504003
4133.581959 11.641151
4133.994718 11.858448
4134.407477 11.884471
4134.820236 11.886681
4135.232996 11.682702
4135.645755 11.704215
4136.058514 11.592741
4136.471273 11.607298
4136.884033 11.578273
4137.296792 11.685523
4137.709551 11.648539
4138.122311 11.615111
4138.535070 11.849200
4138.947829 12.017907
4139.360588 12.012998
4139.773348 12.173233
4140.186107 12.220623
4140.598866 12.243539
4141.011625 12.309026
4141.424385 12.011473
4141.837144 11.955463
4142.249903 11.796973
4142.662662 11.857746
4143.075422 11.793907
4143.488181 11.798311
4143.900940 12.045480
4144.313700 11.932033
4144.726459 11.685124
4145.139218 11.773975
4145.551977 11.811832
4145.964737 11.946704
4146.377496 12.028248
4146.790255 11.799656
4147.203014 11.808945
4147.615774 11.853122
4148.028533 12.152755
4148.441292 12.160437
4148.854051 12.167353
4149.266811 11.907330
4149.679570 11.953726
4150.092329 11.599975
4150.505089 11.479742
4150.917848 11.545326
4151.330607 11.399241
4151.743366 11.764140
4152.156126 11.822238
4152.568885 11.609174
4152.981644 11.576186
4153.394403 11.226888
4153.807163 11.253800
4154.219922 11.323071
4154.632681 11.548026
4155.045440 11.636796
4155.458200 11.649184
4155.870959 11.677433
4156.283718 11.559133
4156.696478 11.506858
4157.109237 11.334741
4157.521996 11.068227
4157.934755 11.365690
4158.347515 11.435874
4158.760274 11.157209
4159.173033 11.258750
4159.585792 10.979090
4159.998552 11.257747
4160.411311 11.460903
4160.824070 11.494535
4161.236829 11.568128
4161.649589 11.221440
4162.062348 11.167729
4162.475107 11.250913
4162.887867 11.259753
4163.300626 11.178038
4163.713385 11.429358
4164.126144 11.484708
4164.538904 11.029025
4164.951663 10.872664
4165.364422 11.016270
4165.777181 10.965650
4166.189941 11.157185
4166.602700 11.580793
4167.015459 11.862077
4167.428218 11.614858
4167.840978 11.693173
4168.253737 12.267116
4168.666496 13.012360
4169.079256 12.074187
4169.492015 11.383795
4169.904774 10.601787
4170.317533 9.847302
4170.730293 9.728219
4171.143052 11.422296
4171.555811 12.242177
4171.968570 12.759670
4172.381330 13.543790
4172.794089 11.979521
4173.206848 11.198108
4173.619607 11.103931
4174.032367 10.409347
4174.445126 10.034531
4174.857885 10.283601
4175.270645 10.619606
4175.683404 11.282294
4176.096163 11.747193
4176.508922 12.324961
4176.921682 13.265712
4177.334441 13.476631
4177.747200 12.178403
4178.159959 11.807363
4178.572719 10.703246
4178.985478 9.949357
4179.398237 10.163017
4179.810996 10.598361
4180.223756 10.923748
4180.636515 10.859379
4181.049274 11.099796
4181.462034 11.035630
4181.874793 10.862755
4182.287552 11.220233
4182.700311 11.922597
4183.113071 12.582431
4183.525830 12.033288
4183.938589 11.840987
4184.351348 11.280778
4184.764108 10.226220
4185.176867 9.922934
4185.589626 10.382516
4186.002385 10.763106
4186.415145 10.919744
4186.827904 11.124360
4187.240663 11.174376
4187.653423 11.127002
4188.066182 11.209289
4188.478941 10.926097
4188.891700 10.782393
4189.304460 10.789741
4189.717219 10.992717
4190.129978 10.884562
4190.542737 10.989708
4190.955497 10.841723
4191.368256 10.749258
4191.781015 10.506704
4192.193774 10.578332
4192.606534 10.542677
4193.019293 10.732793
4193.432052 10.819084
4193.844812 10.955195
4194.257571 10.885647
4194.670330 10.967004
4195.083089 10.878813
4195.495849 10.978038
4195.908608 10.961581
4196.321367 11.061262
4196.734126 10.997276
4197.146886 10.903295
4197.559645 10.769059
4197.972404 10.620625
4198.385163 10.429702
4198.797923 11.780671
4199.210682 13.756357
4199.623441 15.700768
4200.036200 13.785259
4200.448960 17.687105
4200.861719 11.889552
4201.274478 8.841204
4201.687238 7.276005
4202.099997 7.818852
4202.512756 7.802525
4202.925515 8.868010
4203.338275 10.738477
4203.751034 12.132815
4204.163793 12.618102
4204.576552 12.970711
4204.989312 11.738435
4205.402071 10.278577
4205.814830 9.715766
4206.227589 8.298316
4206.640349 9.230283
4207.053108 9.745011
4207.465867 10.326816
4207.878627 10.772248
4208.291386 11.146990
4208.704145 11.331128
4209.116904 11.264443
4209.529664 11.716530
4209.942423 11.728918
4210.355182 11.909834
4210.767941 11.352968
4211.180701 11.218170
4211.593460 10.845621
4212.006219 10.559045
4212.418978 10.328602
4212.831738 10.381040
4213.244497 10.263359
4213.657256 10.726799
4214.070016 10.869940
4214.482775 10.813840
4214.895534 10.802618
4215.308293 10.855326
4215.721053 10.866759
4216.133812 10.672460
4216.546571 10.769916
4216.959330 10.593273
4217.372090 10.762135
4217.784849 10.752683
4218.197608 11.028609
4218.610367 12.017426
4219.023127 12.690684
4219.435886 12.260584
4219.848645 11.665421
4220.261405 11.159998
4220.674164 10.212332
4221.086923 9.836358
4221.499682 9.919175
4221.912442 10.178675
4222.325201 10.558963
4222.737960 11.111344
4223.150719 11.039015
4223.563479 10.776187
4223.976238 10.794781
4224.388997 11.121668
4224.801756 11.306671
4225.214516 10.672835
4225.627275 9.899039
4226.040034 10.031399
4226.452794 10.678699
4226.865553 10.968358
4227.278312 13.443064
4227.691071 15.051503
4228.103831 14.277894
4228.516590 12.823827
4228.929349 10.812445
4229.342108 8.872716
4229.754868 8.661282
4230.167627 9.533773
4230.580386 10.562454
4230.993145 10.806166
4231.405905 11.129351
4231.818664 11.219580
4232.231423 11.125265
4232.644183 10.888363
4233.056942 10.724401
4233.469701 10.650514
4233.882460 10.400507
4234.295220 10.320805
4234.707979 10.522632
4235.120738 11.631103
4235.533497 12.250577
4235.946257 12.147413
4236.359016 12.729952
4236.771775 11.656996
4237.184534 10.723496
4237.597294 10.351828
4238.010053 10.426677
4238.422812 10.508923
4238.835572 10.662144
4239.248331 11.088721
4239.661090 11.455610
4240.073849 11.608407
4240.486609 11.615339
4240.899368 10.999356
4241.312127 9.967560
4241.724886 9.848281
4242.137646 9.273245
4242.550405 10.329841
4242.963164 12.546140
4243.375923 14.204962
4243.788683 16.072273
4244.201442 14.235405
4244.614201 12.896368
4245.026961 10.780477
4245.439720 10.185379
4245.852479 10.279548
4246.265238 10.758457
4246.677998 11.028543
4247.090757 11.186413
4247.503516 11.179342
4247.916275 11.138599
4248.329035 11.225852
4248.741794 11.445294
4249.154553 11.621806
4249.567312 11.432090
4249.980072 11.226635
4250.392831 11.113277
4250.805590 11.346648
4251.218350 11.415845
4251.631109 11.224400
4252.043868 10.824939
4252.456627 10.481341
4252.869387 10.114485
4253.282146 10.125772
4253.694905 11.437970
4254.107664 12.303170
4254.520424 11.898661
4254.933183 12.589192
4255.345942 12.215567
4255.758701 11.142220
4256.171461 10.479254
4256.584220 10.418685
4256.996979 10.404870
4257.409739 10.660398
4257.822498 11.055113
4258.235257 11.070094
4258.648016 10.477460
4259.060776 10.289024
4259.473535 10.019680
4259.886294 9.665407
4260.299053 10.936976
4260.711813 12.085849
4261.124572 12.382635
4261.537331 12.952729
4261.950090 13.427007
4262.362850 11.807958
4262.775609 10.263841
4263.188368 9.995589
4263.601128 10.036586
4264.013887 10.523667
4264.426646 10.885027
4264.839405 11.205953
4265.252165 11.206247
4265.664924 11.256989
4266.077683 11.242415
4266.490442 11.381112
4266.903202 11.577515
4267.315961 11.271326
4267.728720 11.146534
4268.141479 11.255227
4268.554239 11.343141
4268.966998 11.390221
4269.379757 11.398010
4269.792517 11.277997
4270.205276 11.444274
4270.618035 11.742887
4271.030794 11.736893
4271.443554 11.735230
4271.856313 11.804411
4272.269072 11.722149
4272.681831 11.620265
4273.094591 11.552650
4273.507350 11.253637
4273.920109 11.481438
4274.332868 12.129765
4274.745628 12.377522
4275.158387 12.866438
4275.571146 13.720352
4275.983906 13.255273
4276.396665 12.194012
4276.809424 11.843907
4277.222183 11.889250
4277.634943 11.516987
4278.047702 11.980744
4278.460461 12.021895
4278.873220 11.701369
4279.285980 11.539405
4279.698739 11.549216
4280.111498 12.258635
4280.524257 13.350967
4280.937017 13.593814
4281.349776 13.407304
4281.762535 12.730482
4282.175295 12.059238
4282.588054 11.527964
4283.000813 11.449836
4283.413572 11.723038
4283.826332 12.111636
4284.239091 12.416993
4284.651850 12.650422
4285.064609 12.568249
4285.477369 12.401221
4285.890128 12.457721
4286.302887 12.700381
4286.715646 12.796792
4287.128406 12.489477
4287.541165 12.205650
4287.953924 12.345700
4288.366684 12.849761
4288.779443 12.798578
4289.192202 12.536672
4289.604961 12.481640
4290.017721 12.566096
4290.430480 12.699443
4290.843239 12.443661
4291.255998 12.449419
4291.668758 12.382056
4292.081517 12.453227
4292.494276 12.434429
4292.907035 12.375067
4293.319795 12.436493
4293.732554 12.418926
4294.145313 12.320965
4294.558073 12.491924
4294.970832 12.408912
4295.383591 12.308439
4295.796350 12.265183
4296.209110 12.370313
4296.621869 12.504214
4297.034628 12.368160
4297.447387 12.484234
4297.860147 12.859196
4298.272906 12.901539
4298.685665 12.857932
4299.098424 12.610575
4299.511184 12.450985
4299.923943 12.568111
4300.336702 12.232774
4300.749462 12.166708
4301.162221 12.091183
4301.574980 12.267434
4301.987739 12.446516
4302.400499 12.783605
4302.813258 13.591955
4303.226017 13.735789
4303.638776 13.706479
4304.051536 13.143057
4304.464295 12.567075
4304.877054 12.505739
4305.289813 12.478460
4305.702573 12.511309
4306.115332 12.610290
4306.528091 12.503766
4306.940851 12.697991
4307.353610 12.878565
4307.766369 12.865558
4308.179128 12.793065
4308.591888 12.861031
4309.004647 13.041972
4309.417406 13.039183
4309.830165 12.944827
4310.242925 13.012850
4310.655684 12.877668
4311.068443 12.902126
4311.481202 12.850193
4311.893962 12.840602
4312.306721 12.879633
4312.719480 13.073982
4313.132240 13.145601
4313.544999 12.937935
4313.957758 12.903064
4314.370517 12.871698
4314.783277 13.141956
4315.196036 13.235121
4315.608795 13.501016
4316.021554 13.336793
4316.434314 13.449417
4316.847073 13.474584
4317.259832 13.575832
4317.672591 13.619406
4318.085351 13.525620
4318.498110 13.431239
4318.910869 13.450208
4319.323629 13.271404
4319.736388 13.403764
4320.149147 13.449262
4320.561906 13.445870
4320.974666 13.448537
4321.387425 13.463771
4321.800184 13.303299
4322.212943 13.571657
4322.625703 13.759709
4323.038462 13.961560
4323.451221 13.993398
4323.863980 13.695323
4324.276740 13.862498
4324.689499 13.494663
4325.102258 13.471437
4325.515018 13.302712
4325.927777 13.193978
4326.340536 13.082251
4326.753295 13.298447
4327.166055 13.584061
4327.578814 13.591246
4327.991573 13.580897
4328.404332 13.976443
4328.817092 14.011747
4329.229851 13.682625
4329.642610 14.080243
4330.055369 14.058159
4330.468129 13.949400
4330.880888 14.015050
4331.293647 14.144450
4331.706407 14.143593
4332.119166 14.294808
4332.531925 14.553640
4332.944684 15.000222
4333.357444 15.350997
4333.770203 15.836333
4334.182962 16.308066
4334.595721 16.436886
4335.008481 16.833452
4335.421240 17.166473
4335.833999 17.834373
4336.246758 18.153855
4336.659518 18.975049
4337.072277 19.487975
4337.485036 19.955842
4337.897796 20.913890
4338.310555 21.795882
4338.723314 22.748629
4339.136073 23.282627
4339.548833 23.346744
4339.961592 23.992706
4340.374351 23.476527
4340.787110 23.127661
4341.199870 22.503889
4341.612629 22.498433
4342.025388 21.709730
4342.438147 21.280820
4342.850907 20.314144
4343.263666 20.276752
4343.676425 19.648014
4344.089185 19.797916
4344.501944 19.181076
4344.914703 18.541263
4345.327462 18.084160
4345.740222 17.739641
4346.152981 17.196427
4346.565740 17.024351
4346.978499 16.499193
4347.391259 16.319345
4347.804018 15.834253
4348.216777 15.455400
4348.629536 15.231595
4349.042296 15.205278
4349.455055 15.277183
4349.867814 14.858215
4350.280574 14.610898
4350.693333 14.366395
4351.106092 13.974135
4351.518851 14.116485
4351.931611 14.257017
4352.344370 14.296961
4352.757129 14.343561
4353.169888 14.952343
4353.582648 14.983953
4353.995407 15.337565
4354.408166 15.850140
4354.820925 16.007349
4355.233685 16.149731
4355.646444 16.157479
4356.059203 16.239814
4356.471962 16.557535
4356.884722 17.370314
4357.297481 17.752127
4357.710240 17.741460
4358.123000 18.450527
4358.535759 18.462467
4358.948518 18.718909
4359.361277 19.319968
4359.774037 20.084125
4360.186796 20.517463
4360.599555 20.872217
4361.012314 21.298231
4361.425074 21.975673
4361.837833 22.300473
4362.250592 22.178103
4362.663351 21.247334
4363.076111 20.295819
4363.488870 20.166248
4363.901629 20.620015
4364.314389 20.203379
4364.727148 20.044449
4365.139907 19.119805
4365.552666 18.585954
4365.965426 17.784870
4366.378185 17.365110
4366.790944 17.321961
4367.203703 17.270982
4367.616463 16.467232
4368.029222 16.208767
4368.441981 15.816475
4368.854740 15.432647
4369.267500 15.392564
4369.680259 15.262390
4370.093018 15.159894
4370.505778 14.713426
4370.918537 14.619380
4371.331296 14.232885
4371.744055 14.068475
4372.156815 13.956561
4372.569574 14.112253
4372.982333 14.442745
4373.395092 14.117138
4373.807852 13.677569
4374.220611 13.175914
4374.633370 13.168444
4375.046129 13.435488
4375.458889 13.509595
4375.871648 13.387176
4376.284407 13.319463
4376.697167 13.176599
4377.109926 13.033719
4377.522685 12.841565
4377.935444 12.860827
4378.348204 13.024088
4378.760963 13.188000
4379.173722 13.070067
4379.586481 12.741491
4379.999241 12.720084
4380.412000 12.853300
4380.824759 12.914962
4381.237518 12.738539
4381.650278 12.701498
4382.063037 12.627342
4382.475796 12.610420
4382.888556 12.816862
4383.301315 12.704736
4383.714074 12.699745
4384.126833 12.407664
4384.539593 12.177221
4384.952352 12.354328
4385.365111 12.197193
4385.777870 12.363789
4386.190630 12.040693
4386.603389 12.330385
4387.016148 12.395977
4387.428907 12.414270
4387.841667 12.481673
4388.254426 12.587651
4388.667185 12.681787
4389.079945 12.627106
4389.492704 12.544061
4389.905463 12.361456
4390.318222 12.320019
4390.730982 12.333272
4391.143741 12.412573
4391.556500 12.454100
4391.969259 12.376543
4392.382019 12.143686
4392.794778 12.102347
4393.207537 11.982701
4393.620296 11.812664
4394.033056 11.903677
4394.445815 11.739185
4394.858574 11.888288
4395.271334 12.039959
4395.684093 11.874424
4396.096852 11.896785
4396.509611 12.005047
4396.922371 12.050251
4397.335130 11.784512
4397.747889 11.681095
4398.160648 11.660699
4398.573408 11.797373
4398.986167 11.940384
4399.398926 11.910788
4399.811685 11.878550
4400.224445 11.710870
4400.637204 11.827262
4401.049963 11.916073
4401.462723 12.017410
4401.875482 11.817810
4402.288241 11.866986
4402.701000 11.842390
4403.113760 11.859410
4403.526519 11.891460
4403.939278 11.828436
4404.352037 11.908382
4404.764797 11.716456
4405.177556 11.786461
4405.590315 11.843458
4406.003074 11.969367
4406.415834 11.838728
4406.828593 11.861620
4407.241352 11.575802
4407.654112 11.523894
4408.066871 11.567663
4408.479630 11.943801
4408.892389 12.662516
4409.305149 13.311985
4409.717908 14.424673
4410.130667 13.586018
4410.543426 13.364888
4410.956186 11.218137
4411.368945 10.189057
4411.781704 9.675822
4412.194463 12.061245
4412.607223 13.319439
4413.019982 14.739417
4413.432741 15.223359
4413.845501 14.170424
4414.258260 12.711244
4414.671019 11.428796
4415.083778 10.246706
4415.496538 10.040802
4415.909297 10.143061
4416.322056 10.803580
4416.734815 11.095767
4417.147575 11.922010
4417.560334 12.743522
4417.973093 13.804701
4418.385852 14.714437
4418.798612 14.836987
4419.211371 13.255428
4419.624130 10.969124
4420.036890 10.365708
4420.449649 10.195092
4420.862408 9.811884
4421.275167 10.468472
4421.687927 11.481112
4422.100686 11.565046
4422.513445 11.292652
4422.926204 11.013187
4423.338964 10.155000
4423.751723 10.049692
4424.164482 10.432695
4424.577241 11.582726
4424.990001 12.050741
4425.402760 12.565892
4425.815519 12.796156
4426.228279 12.323730
4426.641038 11.518463
4427.053797 11.260601
4427.466556 11.235924
4427.879316 11.314948
4428.292075 11.280582
4428.704834 11.150187
4429.117593 10.995792
4429.530353 11.037946
4429.943112 10.728585
4430.355871 10.880786
4430.768630 11.040866
4431.181390 10.964777
4431.594149 10.991934
4432.006908 10.880892
4432.419668 11.118382
4432.832427 10.993892
4433.245186 11.028331
4433.657945 10.908971
4434.070705 11.240132
4434.483464 11.162257
4434.896223 11.174400
4435.308982 11.144307
4435.721742 10.735786
4436.134501 10.639244
4436.547260 10.571286
4436.960019 10.601827
4437.372779 10.693248
4437.785538 10.773936
4438.198297 10.867045
4438.611057 10.975673
4439.023816 10.860904
4439.436575 11.078511
4439.849334 10.953238
4440.262094 10.732467
4440.674853 9.705735
4441.087612 8.944596
4441.500371 7.421397
4441.913131 6.297454
4442.325890 5.906295
4442.738649 10.583429
4443.151408 13.112091
4443.564168 14.722193
4443.976927 15.068148
4444.389686 12.977440
4444.802446 10.973520
4445.215205 9.730861
4445.627964 9.339360
4446.040723 9.412268
4446.453483 9.786489
4446.866242 10.346078
4447.279001 11.459052
4447.691760 12.806481
4448.104520 13.188302
4448.517279 13.639525
4448.930038 12.137007
4449.342797 11.311808
4449.755557 11.037425
4450.168316 10.663987
4450.581075 10.577639
4450.993835 11.102618
4451.406594 11.625297
4451.819353 11.469066
4452.232112 11.165609
4452.644872 10.808066
4453.057631 10.777296
4453.470390 10.725021
4453.883149 11.293532
4454.295909 11.849216
4454.708668 12.156115
4455.121427 11.784398
4455.534186 11.405700
4455.946946 10.961222
4456.359705 10.832915
4456.772464 10.703621
4457.185224 11.034334
4457.597983 11.236641
4458.010742 11.160194
4458.423501 10.981406
4458.836261 11.000889
4459.249020 11.160178
4459.661779 11.111964
4460.074538 11.186862
4460.487298 11.160618
4460.900057 10.932442
4461.312816 10.388787
4461.725575 9.897253
4462.138335 10.363033
4462.551094 11.432547
4462.963853 12.850919
4463.376613 13.263559
4463.789372 14.410964
4464.202131 12.701922
4464.614890 11.041143
4465.027650 10.322518
4465.440409 9.997196
4465.853168 9.982443
4466.265927 10.258523
4466.678687 11.074229
4467.091446 11.433933
4467.504205 11.300179
4467.916964 11.220160
4468.329724 11.170714
4468.742483 11.400114
4469.155242 11.404933
4469.568002 11.382262
4469.980761 11.242317
4470.393520 10.877108
4470.806279 10.885092
4471.219039 10.858906
4471.631798 12.269302
4472.044557 12.465468
4472.457316 15.121238
4472.870076 15.574883
4473.282835 13.529453
4473.695594 11.721211
4474.108353 9.860913
4474.521113 9.121215
4474.933872 8.684370
4475.346631 9.507872
4475.759391 10.526391
4476.172150 11.757812
4476.584909 11.403376
4476.997668 11.229220
4477.410428 11.245743
4477.823187 11.148980
4478.235946 11.180558
4478.648705 11.043215
4479.061465 11.022207
4479.474224 10.576693
4479.886983 10.991690
4480.299742 11.020029
4480.712502 12.024619
4481.125261 13.578042
4481.538020 13.069227
4481.950780 12.316398
4482.363539 10.559559
4482.776298 10.517551
4483.189057 9.375210
4483.601817 9.602237
4484.014576 10.256868
4484.427335 10.747064
4484.840094 10.998964
4485.252854 11.310585
4485.665613 11.293769
4486.078372 11.010276
4486.491131 10.858229
4486.903891 10.523374
4487.316650 10.037573
4487.729409 9.609275
4488.142169 9.921352
4488.554928 9.788111
4488.967687 11.581788
4489.380446 13.657050
4489.793206 14.265865
4490.205965 13.674707
4490.618724 12.849630
4491.031483 10.356044
4491.444243 8.072081
4491.857002 8.156895
4492.269761 9.050044
4492.682520 10.636259
4493.095280 10.720560
4493.508039 11.102658
4493.920798 10.999478
4494.333558 10.606525
4494.746317 10.307846
4495.159076 10.673276
4495.571835 10.746298
4495.984595 10.833518
4496.397354 10.781317
4496.810113 10.805685
4497.222872 10.854502
4497.635632 10.856647
4498.048391 10.842987
4498.461150 10.943500
4498.873909 11.064745
4499.286669 10.412666
4499.699428 10.083250
4500.112187 10.101102
4500.524947 11.326325
4500.937706 11.947789
4501.350465 12.460673
4501.763224 12.487243
4502.175984 12.401278
4502.588743 11.265446
4503.001502 9.488887
4503.414261 9.610131
4503.827021 9.714608
4504.239780 10.089220
4504.652539 10.503532
4505.065298 10.893036
4505.478058 11.000848
4505.890817 11.176186
4506.303576 10.874490
4506.716335 10.176914
4507.129095 9.409177
4507.541854 10.736520
4507.954613 10.999250
4508.367373 12.169041
4508.780132 13.390104
4509.192891 15.380796
4509.605650 14.087950
4510.018410 11.394454
4510.431169 8.937574
4510.843928 8.042860
4511.256687 8.187885
4511.669447 9.448526
4512.082206 10.082818
4512.494965 11.211499
4512.907724 11.146656
4513.320484 10.899666
4513.733243 10.964060
4514.146002 10.947643
4514.558762 10.942864
4514.971521 10.960716
4515.384280 10.978070
4515.797039 11.001737
4516.209799 10.950179
4516.622558 10.935198
4517.035317 11.013318
4517.448076 10.981553
4517.860836 11.077540
4518.273595 10.761899
4518.686354 10.855114
4519.099113 10.818154
4519.511873 10.810064
4519.924632 10.770128
4520.337391 10.830925
4520.750151 10.649528
4521.162910 10.806891
4521.575669 10.885810
4521.988428 11.093337
4522.401188 10.937930
4522.813947 11.077508
4523.226706 11.320698
4523.639465 12.030222
4524.052225 12.314555
4524.464984 12.235718
4524.877743 12.126022
4525.290502 11.058840
4525.703262 9.935469
4526.116021 10.062830
4526.528780 10.252293
4526.941540 10.161671
4527.354299 10.932352
4527.767058 11.437008
4528.179817 11.632327
4528.592577 11.304567
4529.005336 11.200432
4529.418095 11.101696
4529.830854 11.085426
4530.243614 11.917630
4530.656373 12.276323
4531.069132 12.693702
4531.481891 12.324660
4531.894651 11.225110
4532.307410 10.549063
4532.720169 9.812969
4533.132929 9.264209
4533.545688 9.427078
4533.958447 9.946585
4534.371206 10.421645
4534.783966 10.689643
4535.196725 10.732018
4535.609484 10.683559
4536.022243 10.726497
4536.435003 10.543436
4536.847762 10.515316
4537.260521 10.453581
4537.673280 10.311883
4538.086040 10.108988
4538.498799 9.911908
4538.911558 10.070944
4539.324318 10.058010
4539.737077 10.232035
4540.149836 10.352154
4540.562595 10.638306
4540.975355 10.514215
4541.388114 10.374026
4541.800873 10.270365
4542.213632 9.935069
4542.626392 9.749390
4543.039151 9.838234
4543.451910 9.804349
4543.864669 9.858475
4544.277429 10.127485
4544.690188 10.451355
4545.102947 10.639121
4545.515707 10.684734
4545.928466 10.802471
4546.341225 10.855505
4546.753984 10.833347
4547.166744 10.475331
4547.579503 10.187662
4547.992262 10.290508
4548.405021 10.819622
4548.817781 11.174881
4549.230540 11.446248
4549.643299 11.769588
4550.056058 11.850056
4550.468818 11.392464
4550.881577 10.427011
4551.294336 10.168693
4551.707096 10.130714
4552.119855 10.084107
4552.532614 10.324548
4552.945373 10.409812
4553.358133 10.120316
4553.770892 9.890754
4554.183651 9.836994
4554.596410 11.250954
4555.009170 12.401784
4555.421929 12.757606
4555.834688 12.017793
4556.247447 11.525925
4556.660207 11.303343
4557.072966 11.034668
4557.485725 10.990882
4557.898485 10.691372
4558.311244 10.635443
4558.724003 10.576929
4559.136762 10.946542
4559.549522 11.012127
4559.962281 10.734587
4560.375040 10.729800
4560.787799 10.671457
4561.200559 10.371759
4561.613318 10.490793
4562.026077 10.615292
4562.438836 10.659412
4562.851596 10.590198
4563.264355 10.493664
4563.677114 10.560806
4564.089874 10.627109
4564.502633 10.672746
4564.915392 10.638281
4565.328151 10.460317
4565.740911 10.563669
4566.153670 10.675119
4566.566429 10.994976
4566.979188 10.818244
4567.391948 10.686675
4567.804707 10.660602
4568.217466 10.562119
4568.630225 10.620935
4569.042985 10.659273
4569.455744 10.722501
4569.868503 10.921652
4570.281263 10.649250
4570.694022 10.561206
4571.106781 10.609151
4571.519540 10.736658
4571.932300 10.954779
4572.345059 10.958922
4572.757818 10.929848
4573.170577 10.959493
4573.583337 10.999503
4573.996096 10.928968
4574.408855 10.768382
4574.821614 11.057486
4575.234374 10.894120
4575.647133 10.972207
4576.059892 10.776733
4576.472652 10.987416
4576.885411 11.250497
4577.298170 11.500081
4577.710929 11.313081
4578.123689 11.004991
4578.536448 10.746722
4578.949207 10.820943
4579.361966 10.792253
4579.774726 10.529727
4580.187485 10.375087
4580.600244 10.252334
4581.013003 10.215659
4581.425763 10.833290
4581.838522 11.074164
4582.251281 11.056818
4582.664041 11.209892
4583.076800 10.995213
4583.489559 10.404437
4583.902318 10.481439
4584.315078 10.576073
4584.727837 10.545385
4585.140596 10.940491
4585.553355 11.007715
4585.966115 11.068643
4586.378874 11.007951
4586.791633 10.790483
4587.204392 10.737017
4587.617152 10.740026
4588.029911 10.788183
4588.442670 10.979685
4588.855430 10.918521
4589.268189 10.861907
4589.680948 10.725959
4590.093707 10.757617
4590.506467 10.665504
4590.919226 10.697277
4591.331985 10.785305
4591.744744 10.817004
4592.157504 10.925420
4592.570263 10.876195
4592.983022 10.879212
4593.395781 10.736079
4593.808541 10.703148
4594.221300 10.645344
4594.634059 10.725836
4595.046819 10.731912
4595.459578 10.693794
4595.872337 10.626008
4596.285096 10.587115
4596.697856 10.599104
4597.110615 10.415904
4597.523374 10.373977
4597.936133 10.301347
4598.348893 10.226082
4598.761652 10.289089
4599.174411 10.321890
4599.587170 10.180429
4599.999930 10.391193
4600.412689 10.521368
4600.825448 10.645629
4601.238208 10.645385
4601.650967 10.693868
4602.063726 10.759444
4602.476485 10.782891
4602.889245 10.788713
4603.302004 10.493746
4603.714763 10.482989
4604.127522 10.574099
4604.540282 10.426856
4604.953041 10.418367
4605.365800 10.292408
4605.778559 10.301681
4606.191319 10.604665
4606.604078 10.627207
4607.016837 10.787254
4607.429597 11.079285
4607.842356 11.214622
4608.255115 11.057552
4608.667874 10.373456
4609.080634 10.145508
4609.493393 10.491568
4609.906152 10.518407
4610.318911 10.516075
4610.731671 10.674833
4611.144430 10.562870
4611.557189 10.801264
4611.969948 10.835973
4612.382708 10.818374
4612.795467 10.743117
4613.208226 10.654478
4613.620986 10.737572
4614.033745 10.594365
4614.446504 10.627631
4614.859263 10.802602
4615.272023 10.986691
4615.684782 10.773447
4616.097541 10.576277
4616.510300 10.575902
4616.923060 10.522681
4617.335819 10.556851
4617.748578 10.668268
4618.161337 10.552243
4618.574097 10.448557
4618.986856 10.296429
4619.399615 10.313098
4619.812375 10.434767
4620.225134 10.368603
4620.637893 10.164999
4621.050652 10.376636
4621.463412 10.415520
4621.876171 10.433682
4622.288930 10.700677
4622.701689 10.740703
4623.114449 10.710977
4623.527208 10.769279
4623.939967 10.638273
4624.352726 10.666132
4624.765486 10.779661
4625.178245 10.726513
4625.591004 10.718040
4626.003764 10.687433
4626.416523 10.656199
4626.829282 10.547146
4627.242041 10.593615
4627.654801 10.434049
4628.067560 10.326367
4628.480319 10.351714
4628.893078 10.539211
4629.305838 10.578022
4629.718597 10.598940
4630.131356 10.776252
4630.544115 10.683608
4630.956875 10.655187
4631.369634 10.540043
4631.782393 10.739774
4632.195153 10.684375
4632.607912 10.729938
4633.020671 10.833983
4633.433430 11.052414
4633.846190 10.747586
4634.258949 10.654086
4634.671708 10.697334
4635.084467 10.539896
4635.497227 10.589448
4635.909986 10.631333
4636.322745 10.778609
4636.735504 10.642905
4637.148264 10.735859
4637.561023 10.572550
4637.973782 10.655913
4638.386542 10.618374
4638.799301 10.481774
4639.212060 10.921465
4639.624819 10.588934
4640.037579 10.804828
4640.450338 11.009737
4640.863097 10.859061
4641.275856 10.808955
4641.688616 11.009664
4642.101375 10.995931
4642.514134 11.140099
4642.926893 11.158294
4643.339653 11.119344
4643.752412 10.667477
4644.165171 10.730093
4644.577931 10.981251
4644.990690 10.873047
4645.403449 10.855269
4645.816208 10.726790
4646.228968 10.651468
4646.641727 10.650971
4647.054486 10.681341
4647.467245 10.753581
4647.880005 10.868635
4648.292764 10.982801
4648.705523 10.970462
4649.118282 10.836242
4649.531042 10.737555
4649.943801 10.712445
4650.356560 10.659510
4650.769320 10.735851
4651.182079 11.007454
4651.594838 11.176945
4652.007597 11.233991
4652.420357 11.345759
4652.833116 11.291339
4653.245875 11.226170
4653.658634 10.937253
4654.071394 10.853434
4654.484153 10.671677
4654.896912 10.490198
4655.309671 10.836503
4655.722431 11.129514
4656.135190 11.114361
4656.547949 10.903825
4656.960709 10.699788
4657.373468 11.004404
4657.786227 10.819043
4658.198986 10.905847
4658.611746 10.965479
4659.024505 11.034554
4659.437264 10.843721
4659.850023 10.783478
4660.262783 10.947782
4660.675542 10.805081
4661.088301 10.691119
4661.501060 10.617779
4661.913820 10.914337
4662.326579 10.894234
4662.739338 10.925999
4663.152097 10.642041
4663.564857 10.784677
4663.977616 10.764541
4664.390375 10.844365
4664.803135 10.838624
4665.215894 10.723537
4665.628653 10.741070
4666.041412 10.874156
4666.454172 10.970054
4666.866931 10.898059
4667.279690 10.724319
4667.692449 10.793231
4668.105209 10.714452
4668.517968 10.459983
4668.930727 10.460684
4669.343486 10.606305
4669.756246 10.597481
4670.169005 10.640736
4670.581764 10.529458
4670.994524 10.511255
4671.407283 10.858196
4671.820042 11.031284
4672.232801 10.954192
4672.645561 10.777435
4673.058320 10.736381
4673.471079 10.616132
4673.883838 10.697391
4674.296598 10.877010
4674.709357 11.050815
4675.122116 11.233648
4675.534875 11.044585
4675.947635 11.119621
4676.360394 11.108816
4676.773153 11.322728
4677.185913 11.492154
4677.598672 11.868552
4678.011431 11.792153
4678.424190 11.851401
4678.836950 12.128044
4679.249709 11.941688
4679.662468 12.009565
4680.075227 12.264343
4680.487987 12.490538
4680.900746 12.664636
4681.313505 12.686753
4681.726264 12.768273
4682.139024 12.728459
4682.551783 13.048244
4682.964542 13.201522
4683.377302 14.793013
4683.790061 16.518610
4684.202820 17.535009
4684.615579 16.282727
4685.028339 16.517681
4685.441098 14.859348
4685.853857 12.792103
4686.266616 11.595383
4686.679376 14.694922
4687.092135 18.979249
4687.504894 19.961143
4687.917653 20.181678
4688.330413 18.639558
4688.743172 14.371460
4689.155931 10.349797
4689.568691 10.335721
4689.981450 9.138496
4690.394209 8.711176
4690.806968 9.847107
4691.219728 11.781747
4691.632487 13.265981
4692.045246 14.677763
4692.458005 15.414673
4692.870765 15.798036
4693.283524 12.881444
4693.696283 11.060210
4694.109042 10.010718
4694.521802 5.905268
4694.934561 6.273608
4695.347320 8.818769
4695.760080 10.587172
4696.172839 10.389897
4696.585598 10.789227
4696.998357 10.836569
4697.411117 10.700131
4697.823876 10.269696
4698.236635 10.403654
4698.649394 9.971531
4699.062154 9.981497
4699.474913 11.382572
4699.887672 12.263911
4700.300431 12.069082
4700.713191 11.889177
4701.125950 11.614100
4701.538709 10.872305
4701.951469 10.246959
4702.364228 9.481041
4702.776987 9.591382
4703.189746 9.638764
4703.602506 10.066075
4704.015265 10.010106
4704.428024 10.286210
4704.840783 10.576204
4705.253543 11.260455
4705.666302 11.406189
4706.079061 11.379693
4706.491820 11.141347
4706.904580 11.194479
4707.317339 10.964908
4707.730098 10.980925
4708.142858 11.014639
4708.555617 10.692718
4708.968376 10.588184
4709.381135 10.830428
4709.793895 11.148377
4710.206654 11.149747
4710.619413 11.181765
4711.032172 11.258448
4711.444932 11.445098
4711.857691 11.922768
4712.270450 11.876838
4712.683209 11.743336
4713.095969 11.560299
4713.508728 10.900302
4713.921487 10.175519
4714.334247 10.298435
4714.747006 11.310373
4715.159765 11.737448
4715.572524 11.220616
4715.985284 10.381105
4716.398043 10.066638
4716.810802 10.678650
4717.223561 10.604535
4717.636321 11.088476
4718.049080 10.968358
4718.461839 10.687221
4718.874598 11.026496
4719.287358 10.159388
4719.700117 9.605564
4720.112876 9.599855
4720.525636 8.662856
4720.938395 8.141384
4721.351154 6.200766
4721.763913 6.186657
4722.176673 7.859326
4722.589432 10.662339
4723.002191 12.132024
4723.414950 11.560617
4723.827710 11.323063
4724.240469 11.150236
4724.653228 10.942832
4725.065987 10.498419
4725.478747 10.716287
4725.891506 10.754934
4726.304265 10.941013
4726.717025 10.868863
4727.129784 10.947162
4727.542543 10.927899
4727.955302 10.556199
4728.368062 10.454706
4728.780821 10.594373
4729.193580 10.871326
4729.606339 10.757299
4730.019099 10.578878
4730.431858 10.257871
4730.844617 10.482059
4731.257376 11.109851
4731.670136 11.719775
4732.082895 12.617646
4732.495654 12.949377
4732.908414 12.714408
4733.321173 10.780860
4733.733932 10.014290
4734.146691 10.144325
4734.559451 9.946764
4734.972210 9.965097
4735.384969 10.740663
4735.797728 11.246689
4736.210488 11.251304
4736.623247 11.167175
4737.036006 11.183885
4737.448765 11.247471
4737.861525 11.199828
4738.274284 10.977312
4738.687043 11.327768
4739.099803 11.282694
4739.512562 11.040099
4739.925321 11.193940
4740.338080 10.873080
4740.750840 11.568919
4741.163599 12.189788
4741.576358 11.765331
4741.989117 12.099305
4742.401877 11.509288
4742.814636 11.323258
4743.227395 10.675902
4743.640154 10.301787
4744.052914 10.724523
4744.465673 10.955252
4744.878432 11.008490
4745.291192 10.801525
4745.703951 10.539595
4746.116710 10.614811
4746.529469 10.723129
4746.942229 10.821661
4747.354988 10.880175
4747.767747 10.910961
4748.180506 11.080435
4748.593266 10.816613
4749.006025 10.281342
4749.418784 11.167313
4749.831543 12.990496
4750.244303 14.968653
4750.657062 13.197379
4751.069821 11.315862
4751.482581 12.221724
4751.895340 10.563799
4752.308099 10.517893
4752.720858 10.181611
4753.133618 8.008339
4753.546377 7.991140
4753.959136 9.498053
4754.371895 10.843941
4754.784655 10.518799
4755.197414 10.481668
4755.610173 10.550286
4756.022932 10.982018
4756.435692 10.518171
4756.848451 10.400922
4757.261210 10.416458
4757.673970 10.539219
4758.086729 10.193559
4758.499488 10.048126
4758.912247 10.024157
4759.325007 9.930021
4759.737766 10.252488
4760.150525 10.276277
4760.563284 13.590275
4760.976044 14.402988
4761.388803 12.412296
4761.801562 10.887800
4762.214321 9.614877
4762.627081 10.234612
4763.039840 9.448551
4763.452599 10.308417
4763.865359 10.648541
4764.278118 11.489194
4764.690877 11.124637
4765.103636 10.944903
4765.516396 10.550987
4765.929155 10.903515
4766.341914 10.565031
4766.754673 10.645075
4767.167433 10.232500
4767.580192 10.069770
4767.992951 9.933389
4768.405710 10.426342
4768.818470 10.482703
4769.231229 10.936120
4769.643988 12.088997
4770.056748 14.103013
4770.469507 14.019144
4770.882266 14.819518
4771.295025 14.857456
4771.707785 10.282997
4772.120544 10.439945
4772.533303 10.609746
4772.946062 11.299624
4773.358822 11.264850
4773.771581 11.077230
4774.184340 11.109949
4774.597099 11.102879
4775.009859 10.929865
4775.422618 11.004273
4775.835377 11.066995
4776.248137 10.942693
4776.660896 11.111058
4777.073655 11.733134
4777.486414 12.344118
4777.899174 12.120827
4778.311933 11.655985
4778.724692 11.569874
4779.137451 11.614654
4779.550211 11.760707
4779.962970 11.574563
4780.375729 11.292505
4780.788488 11.061580
4781.201248 11.271839
4781.614007 10.801069
4782.026766 10.251542
4782.439526 11.134317
4782.852285 11.530671
4783.265044 12.958756
4783.677803 14.127422
4784.090563 13.868443
4784.503322 12.845063
4784.916081 11.881625
4785.328840 12.622482
4785.741600 12.421218
4786.154359 12.157844
4786.567118 11.962395
4786.979877 11.703416
4787.392637 11.846606
4787.805396 12.036289
4788.218155 12.130140
4788.630915 12.190897
4789.043674 12.112655
4789.456433 12.329708
4789.869192 12.082595
4790.281952 12.259507
4790.694711 13.155061
4791.107470 12.234348
4791.520229 12.486134
4791.932989 11.885654
4792.345748 12.083011
4792.758507 13.110705
4793.171266 12.397763
4793.584026 12.325010
4793.996785 12.073877
4794.409544 12.402208
4794.822304 12.471397
4795.235063 12.589665
4795.647822 12.513364
4796.060581 12.683703
4796.473341 12.589151
4796.886100 12.682431
4797.298859 12.692764
4797.711618 12.752224
4798.124378 12.891899
4798.537137 13.276102
4798.949896 13.444459
4799.362655 13.392469
4799.775415 13.323614
4800.188174 13.193709
4800.600933 13.052476
4801.013693 13.046180
4801.426452 13.275572
4801.839211 13.485896
4802.251970 13.250070
4802.664730 13.362515
4803.077489 13.330285
4803.490248 13.210419
4803.903007 13.218403
4804.315767 13.220972
4804.728526 13.246947
4805.141285 13.061431
4805.554044 12.901490
4805.966804 12.800470
4806.379563 13.273932
4806.792322 13.858926
4807.205082 14.866101
4807.617841 14.815383
4808.030600 15.316859
4808.443359 15.950425
4808.856119 15.136423
4809.268878 14.489238
4809.681637 14.721394
4810.094396 14.164218
4810.507156 13.903348
4810.919915 14.027715
4811.332674 14.546064
4811.745433 14.767055
4812.158193 14.729769
4812.570952 14.830112
4812.983711 14.715971
4813.396470 14.568108
4813.809230 14.031956
4814.221989 14.014357
4814.634748 15.363694
4815.047508 17.032041
4815.460267 17.504182
4815.873026 17.298050
4816.285785 16.516629
4816.698545 15.545328
4817.111304 14.898143
4817.524063 15.880387
4817.936822 15.278097
4818.349582 15.030462
4818.762341 15.508728
4819.175100 15.282443
4819.587859 15.470064
4820.000619 15.383145
4820.413378 15.611965
4820.826137 15.451021
4821.238897 15.697269
4821.651656 15.489824
4822.064415 15.784270
4822.477174 15.835150
4822.889934 15.848680
4823.302693 16.014615
4823.715452 16.090149
4824.128211 16.083576
4824.540971 15.935680
4824.953730 15.882410
4825.366489 15.636961
4825.779248 15.731538
4826.192008 15.689163
4826.604767 15.872257
4827.017526 15.705604
4827.430286 16.033731
4827.843045 15.944472
4828.255804 16.164501
4828.668563 16.269924
4829.081323 16.152227
4829.494082 16.248687
4829.906841 16.398141
4830.319600 16.549502
4830.732360 16.656867
4831.145119 17.000456
4831.557878 16.783697
4831.970637 16.585329
4832.383397 16.494577
4832.796156 16.352757
4833.208915 16.194569
4833.621675 16.436470
4834.034434 16.264354
4834.447193 16.620828
4834.859952 16.725354
4835.272712 16.855284
4835.685471 16.795628
4836.098230 16.412013
4836.510989 16.330672
4836.923749 16.504893
4837.336508 16.610822
4837.749267 16.927393
4838.162026 16.351175
4838.574786 16.312421
4838.987545 16.583485
4839.400304 16.438199
4839.813064 16.710202
4840.225823 16.394234
4840.638582 16.177402
4841.051341 17.314393
4841.464101 17.666700
4841.876860 17.246525
4842.289619 17.919815
4842.702378 17.976592
4843.115138 17.964457
4843.527897 17.901360
4843.940656 17.469628
4844.353415 17.443678
4844.766175 17.610168
4845.178934 17.812900
4845.591693 17.565860
4846.004453 17.183990
4846.417212 17.456042
4846.829971 17.689690
4847.242730 18.159637
4847.655490 18.017841
4848.068249 17.881763
4848.481008 17.697780
4848.893767 17.694485
4849.306527 17.365698
4849.719286 17.516774
4850.132045 17.851409
4850.544804 18.282317
4850.957564 18.808739
4851.370323 18.812001
4851.783082 19.091588
4852.195842 19.717488
4852.608601 20.334622
4853.021360 20.576433
4853.434119 21.256085
4853.846879 22.000530
4854.259638 22.589895
4854.672397 22.977099
4855.085156 23.544982
4855.497916 24.566364
4855.910675 25.771573
4856.323434 26.739603
4856.736193 27.269394
4857.148953 28.106915
4857.561712 29.220190
4857.974471 30.519674
4858.387231 32.055425
4858.799990 33.339879
4859.212749 35.198733
4859.625508 37.164323
4860.038268 37.950009
4860.451027 38.880525
4860.863786 39.346386
4861.276545 39.157804
4861.689305 38.753979
4862.102064 37.627550
4862.514823 35.711389
4862.927582 33.939968
4863.340342 32.783290
4863.753101 31.635371
4864.165860 30.038791
4864.578620 29.134649
4864.991379 28.493947
4865.404138 27.952682
4865.816897 27.264533
4866.229657 26.509192
4866.642416 25.731082
4867.055175 23.629609
4867.467934 22.555920
4867.880694 21.796420
4868.293453 20.862732
4868.706212 20.892140
4869.118971 20.191056
4869.531731 19.795053
4869.944490 19.324152
4870.357249 19.015899
4870.770009 18.877211
4871.182768 18.242429
4871.595527 18.247551
4872.008286 17.734862
4872.421046 17.717622
4872.833805 18.689338
4873.246564 18.979788
4873.659323 18.601522
4874.072083 18.480612
4874.484842 17.894624
4874.897601 17.419318
4875.310360 17.285238
4875.723120 16.959174
4876.135879 16.506883
4876.548638 16.511931
4876.961398 16.414411
4877.374157 16.462836
4877.786916 16.295335
4878.199675 16.624025
4878.612435 16.728682
4879.025194 16.308743
4879.437953 16.201982
4879.850712 15.776277
4880.263472 16.617803
4880.676231 16.917158
4881.088990 16.898907
4881.501749 17.651947
4881.914509 17.985530
4882.327268 17.226577
4882.740027 17.135980
4883.152787 16.720616
4883.565546 16.572313
4883.978305 16.200115
4884.391064 15.870373
4884.803824 15.939171
4885.216583 15.735354
4885.629342 15.957716
4886.042101 15.949683
4886.454861 15.677933
4886.867620 16.275771
4887.280379 16.391519
4887.693138 16.782539
4888.105898 16.639969
4888.518657 16.337368
4888.931416 16.386446
4889.344176 15.848778
4889.756935 15.588576
4890.169694 14.945395
4890.582453 15.047776
4890.995213 15.301877
4891.407972 16.763660
4891.820731 16.531830
4892.233490 16.787905
4892.646250 17.004713
4893.059009 15.947171
4893.471768 16.236308
4893.884527 15.286415
4894.297287 15.651893
4894.710046 15.582614
4895.122805 15.504895
4895.535565 15.552595
4895.948324 16.152627
4896.361083 15.852415
4896.773842 16.411401
4897.186602 16.021726
4897.599361 15.474655
4898.012120 15.290264
4898.424879 15.779393
4898.837639 15.918709
4899.250398 15.648068
4899.663157 15.904560
4900.075916 16.000629
4900.488676 16.261540
4900.901435 16.634537
4901.314194 16.723626
4901.726954 15.848965
4902.139713 15.668840
4902.552472 15.829882
4902.965231 15.593118
4903.377991 15.239335
4903.790750 15.422380
4904.203509 15.252171
4904.616268 15.516720
4905.029028 15.678218
4905.441787 15.630633
4905.854546 15.682606
4906.267305 15.309902
4906.680065 15.065603
4907.092824 15.124737
4907.505583 15.047727
4907.918343 15.369566
4908.331102 15.196870
4908.743861 15.239547
4909.156620 14.778432
4909.569380 14.944897
4909.982139 14.878424
4910.394898 14.817879
4910.807657 14.683937
4911.220417 14.490380
4911.633176 14.495273
4912.045935 14.676442
4912.458694 14.804390
4912.871454 14.959935
4913.284213 14.871263
4913.696972 14.647018
4914.109732 14.481923
4914.522491 14.564870
4914.935250 14.517887
4915.348009 14.275073
4915.760769 14.404440
4916.173528 14.312815
4916.586287 14.364601
4916.999046 14.595110
4917.411806 14.574240
4917.824565 14.700215
4918.237324 14.323735
4918.650083 14.211404
4919.062843 14.359790
4919.475602 14.470889
4919.888361 14.359692
4920.301121 14.123368
4920.713880 14.173833
4921.126639 14.180578
4921.539398 14.169503
4921.952158 14.217880
4922.364917 13.915295
4922.777676 13.672309
4923.190435 14.179485
4923.603195 13.961992
4924.015954 14.118663
4924.428713 13.578401
4924.841472 13.390178
4925.254232 13.678442
4925.666991 13.371290
4926.079750 13.499841
4926.492510 13.358494
4926.905269 13.747411
4927.318028 13.365451
4927.730787 12.558447
4928.143547 13.342061
4928.556306 13.360337
4928.969065 13.728376
4929.381824 13.762571
4929.794584 13.429763
4930.207343 12.092202
4930.620102 11.785939
4931.032861 13.085994
4931.445621 13.741253
4931.858380 14.193332
4932.271139 14.298128
4932.683899 14.461013
4933.096658 14.268948
4933.509417 12.872465
4933.922176 12.698211
4934.334936 12.745276
4934.747695 13.169994
4935.160454 13.460688
4935.573213 13.522692
4935.985973 13.227831
4936.398732 12.874683
4936.811491 13.231117
4937.224250 12.981705
4937.637010 12.938718
4938.049769 12.720492
4938.462528 13.399980
4938.875288 13.230824
4939.288047 12.887503
4939.700806 12.740276
4940.113565 12.746385
4940.526325 12.917825
4940.939084 13.192176
4941.351843 13.378369
4941.764602 13.576403
4942.177362 13.668044
4942.590121 13.471151
4943.002880 13.303781
4943.415639 13.616144
4943.828399 13.777455
4944.241158 13.923842
4944.653917 13.877479
4945.066677 14.434916
4945.479436 14.574085
4945.892195 15.003272
4946.304954 15.198412
4946.717714 15.659372
4947.130473 15.650735
4947.543232 15.793950
4947.955991 15.809029
4948.368751 16.173553
4948.781510 16.685190
4949.194269 17.454109
4949.607028 18.665296
4950.019788 19.948739
4950.432547 22.300481
4950.845306 24.119472
4951.258066 25.936774
4951.670825 28.032310
4952.083584 30.400705
4952.496343 33.169173
4952.909103 36.301055
4953.321862 39.109736
4953.734621 41.682975
4954.147380 43.992677
4954.560140 46.706863
4954.972899 50.913609
4955.385658 54.698182
4955.798417 59.818921
4956.211177 66.824929
4956.623936 73.031436
4957.036695 78.910901
4957.449455 83.418601
4957.862214 87.723479
4958.274973 88.122190
4958.687732 86.862120
4959.100492 84.733115
4959.513251 80.195053
4959.926010 76.105596
4960.338769 71.885222
4960.751529 67.591997
4961.164288 62.909090
4961.577047 59.147107
4961.989806 55.717027
4962.402566 51.714668
4962.815325 48.611003
4963.228084 45.715566
4963.640844 42.719787
4964.053603 39.507811
4964.466362 36.509797
4964.879121 33.490515
4965.291881 30.552246
4965.704640 27.765984
4966.117399 25.641130
4966.530158 23.285987
4966.942918 21.742905
4967.355677 21.363645
4967.768436 20.376515
4968.181195 19.101562
4968.593955 17.815501
4969.006714 16.544952
4969.419473 14.838275
4969.832232 13.469341
4970.244992 12.834584
4970.657751 12.785823
4971.070510 11.796190
4971.483270 13.970800
4971.896029 14.306201
4972.308788 13.504873
4972.721547 13.364749
4973.134307 13.006717
4973.547066 12.735497
4973.959825 12.676290
4974.372584 12.327726
4974.785344 12.044706
4975.198103 12.017540
4975.610862 11.949542
4976.023621 11.814434
4976.436381 11.596623
4976.849140 11.467223
4977.261899 11.030289
4977.674659 11.199355
4978.087418 11.292798
4978.500177 11.856996
4978.912936 11.437611
4979.325696 11.784594
4979.738455 12.051426
4980.151214 11.538843
4980.563973 12.523069
4980.976733 12.017695
4981.389492 11.444968
4981.802251 10.831414
4982.215010 11.958007
4982.627770 12.438148
4983.040529 12.779405
4983.453288 12.599941
4983.866048 12.520182
4984.278807 11.925712
4984.691566 12.285098
4985.104325 12.460086
4985.517085 12.463177
4985.929844 12.828655
4986.342603 13.527210
4986.755362 13.243505
4987.168122 13.086011
4987.580881 13.010224
4987.993640 12.642038
4988.406399 12.730376
4988.819159 11.999199
4989.231918 14.239426
4989.644677 14.292468
4990.057437 13.973891
4990.470196 14.524664
4990.882955 13.900412
4991.295714 13.813387
4991.708474 13.803217
4992.121233 13.904245
4992.533992 13.137177
4992.946751 15.982426
4993.359511 17.697013
4993.772270 18.476624
4994.185029 18.897085
4994.597788 18.636973
4995.010548 19.899375
4995.423307 21.237581
4995.836066 22.551965
4996.248826 24.623989
4996.661585 26.805596
4997.074344 29.608837
4997.487103 33.474000
4997.899863 37.057472
4998.312622 41.626255
4998.725381 47.936758
4999.138140 53.624329
4999.550900 60.851957
4999.963659 68.235170
5000.376418 75.112880
5000.789177 83.006515
5001.201937 90.321266
5001.614696 98.833355
5002.027455 106.558756
5002.440215 115.404233
5002.852974 125.934302
5003.265733 138.831233
5003.678492 154.257005
5004.091252 171.869709
5004.504011 190.596349
5004.916770 208.770079
5005.329529 221.640358
5005.742289 231.430060
5006.155048 244.858624
5006.567807 238.896057
5006.980566 230.636716
5007.393326 218.979842
5007.806085 203.642383
5008.218844 187.964148
5008.631604 178.547435
5009.044363 168.285723
5009.457122 155.399566
5009.869881 142.607414
5010.282641 133.525997
5010.695400 125.319419
5011.108159 116.228241
5011.520918 105.025803
5011.933678 95.376698
5012.346437 87.800767
5012.759196 78.432456
5013.171955 70.937319
5013.584715 63.819951
5013.997474 56.430702
5014.410233 48.996616
5014.822993 43.482043
5015.235752 39.751809
5015.648511 35.079291
5016.061270 30.632682
5016.474030 28.740595
5016.886789 27.044365
5017.299548 25.422495
5017.712307 22.892545
5018.125067 21.737751
5018.537826 20.918571
5018.950585 19.277161
5019.363344 17.743311
5019.776104 16.225869
5020.188863 14.794661
5020.601622 14.782583
5021.014382 14.701234
5021.427141 14.494425
5021.839900 14.654488
5022.252659 15.502986
5022.665419 14.347018
5023.078178 13.588881
5023.490937 12.812410
5023.903696 12.937373
5024.316456 12.757647
5024.729215 13.088563
5025.141974 12.463650
5025.554733 12.297348
5025.967493 12.170590
5026.380252 12.017222
5026.793011 11.864189
5027.205771 11.526341
5027.618530 11.824514
5028.031289 11.572141
5028.444048 11.601891
5028.856808 11.346501
5029.269567 11.430965
5029.682326 11.257193
5030.095085 11.250236
5030.507845 11.296240
5030.920604 11.394168
5031.333363 11.751540
5031.746122 11.397504
5032.158882 11.459704
5032.571641 10.624140
5032.984400 10.759297
5033.397160 11.013016
5033.809919 10.596225
5034.222678 11.265519
5034.635437 11.468202
5035.048197 11.452470
5035.460956 11.581470
5035.873715 10.921277
5036.286474 10.921236
5036.699234 10.708221
5037.111993 10.925363
5037.524752 10.257113
5037.937511 9.834507
5038.350271 11.192994
5038.763030 10.204111
5039.175789 9.615579
5039.588549 7.898390
5040.001308 8.016592
5040.414067 12.540684
5040.826826 11.412926
5041.239586 11.717753
5041.652345 14.621068
5042.065104 19.418655
5042.477863 15.355645
5042.890623 11.717427
5043.303382 11.346811
5043.716141 11.201435
5044.128900 10.115284
5044.541660 9.542116
5044.954419 9.196268
5045.367178 9.374060
5045.779938 8.831711
5046.192697 8.409285
5046.605456 6.909050
5047.018215 8.750688
5047.430975 10.666776
5047.843734 10.537091
5048.256493 10.384490
5048.669252 10.884252
5049.082012 10.678095
5049.494771 10.017592
5049.907530 10.426946
5050.320289 10.185395
5050.733049 9.736162
5051.145808 9.381726
5051.558567 9.832419
5051.971327 10.483397
5052.384086 10.797529
5052.796845 10.348003
5053.209604 10.165578
5053.622364 9.979801
5054.035123 9.676719
5054.447882 10.310481
5054.860641 9.779932
5055.273401 9.547311
5055.686160 9.505858
5056.098919 10.074524
5056.511678 10.104112
5056.924438 9.430780
5057.337197 9.868278
5057.749956 10.217315
5058.162716 10.675796
5058.575475 10.491527
5058.988234 10.613595
5059.400993 10.410383
5059.813753 10.036252
5060.226512 10.237581
5060.639271 10.381146
5061.052030 10.484522
5061.464790 10.459453
5061.877549 10.605041
5062.290308 10.433348
5062.703067 9.909560
5063.115827 9.771450
5063.528586 9.572829
5063.941345 9.663075
5064.354105 9.198779
5064.766864 9.750817
5065.179623 8.673792
5065.592382 10.450873
5066.005142 10.380200
5066.417901 11.262510
5066.830660 10.746526
5067.243419 10.304911
5067.656179 10.717616
5068.068938 10.009111
5068.481697 9.504308
5068.894456 9.084858
5069.307216 9.373596
5069.719975 9.752734
5070.132734 9.804781
5070.545494 9.593013
5070.958253 9.299913
5071.371012 8.678400
5071.783771 9.347695
5072.196531 9.444742
5072.609290 10.419834
5073.022049 11.181724
5073.434808 12.212981
5073.847568 11.621154
5074.260327 12.066325
5074.673086 12.927750
5075.085845 12.641255
5075.498605 10.298998
5075.911364 12.181135
5076.324123 9.803884
5076.736883 10.496184
5077.149642 11.966823
5077.562401 10.923773
5077.975160 9.679549
5078.387920 10.058907
5078.800679 9.814159
5079.213438 9.298339
5079.626197 9.560033
5080.038957 10.055620
5080.451716 9.912838
5080.864475 10.137825
5081.277234 10.597415
5081.689994 10.530028
5082.102753 9.893722
5082.515512 9.345289
5082.928272 8.985625
5083.341031 9.485714
5083.753790 8.899131
5084.166549 10.381130
5084.579309 12.240008
5084.992068 11.472206
5085.404827 11.082066
5085.817586 10.613750
5086.230346 10.223056
5086.643105 10.360056
5087.055864 9.909323
5087.468623 8.894164
5087.881383 10.292001
5088.294142 10.594121
5088.706901 11.645285
5089.119661 10.893590
5089.532420 10.673659
5089.945179 10.785337
5090.357938 10.559559
5090.770698 9.886431
5091.183457 10.251787
5091.596216 10.252937
5092.008975 10.158825
5092.421735 9.750434
5092.834494 10.907079
5093.247253 10.698272
5093.660012 10.676171
5094.072772 11.114166
5094.485531 12.178232
5094.898290 12.167940
5095.311050 12.167051
5095.723809 11.383558
5096.136568 4.674092
5096.549327 2.340357
5096.962087 0.675166
5097.374846 4.868815
5097.787605 9.722135
5098.200364 11.326504
5098.613124 9.994546
5099.025883 9.091929
5099.438642 10.719271
5099.851401 11.000000
5100.264161 10.512764
5100.676920 10.139098
5101.089679 10.486683
5101.502439 9.998599
5101.915198 10.121458
5102.327957 10.691959
5102.740716 11.058400
5103.153476 10.806092
5103.566235 10.225299
5103.978994 9.813433
5104.391753 9.478228
5104.804513 9.721100
5105.217272 10.516058
5105.630031 10.319044
5106.042790 11.303270
5106.455550 11.271277
5106.868309 10.956744
5107.281068 10.558433
5107.693828 10.464142
5108.106587 10.430444
5108.519346 11.427719
5108.932105 13.175262
5109.344865 13.535072
5109.757624 14.832721
5110.170383 14.109407
5110.583142 12.132823
5110.995902 10.371939
5111.408661 10.817616
5111.821420 8.981376
5112.234179 8.187380
5112.646939 9.997327
5113.059698 10.528096
5113.472457 10.915830
5113.885217 11.000913
5114.297976 11.051109
5114.710735 10.081619
5115.123494 10.869622
5115.536254 9.768588
5115.949013 9.968041
5116.361772 10.158744
5116.774531 9.468710
5117.187291 10.689855
5117.600050 11.720779
5118.012809 12.388156
5118.425568 12.050618
5118.838328 11.078755
5119.251087 13.913354
5119.663846 8.407001
5120.076605 8.871150
5120.489365 5.112242
5120.902124 3.697964
5121.314883 2.531671
5121.727643 2.149646
5122.140402 4.035233
5122.553161 7.089583
5122.965920 9.930445
5123.378680 10.962315
5123.791439 11.884602
5124.204198 11.378380
5124.616957 11.927082
5125.029717 11.851997
5125.442476 10.652105
5125.855235 9.827387
5126.267994 9.995973
5126.680754 10.853001
5127.093513 11.078649
5127.506272 12.585057
5127.919032 11.016792
5128.331791 8.794344
5128.744550 7.533205
5129.157309 7.196246
5129.570069 7.362320
5129.982828 7.539452
5130.395587 10.260326
5130.808346 11.920574
5131.221106 11.339308
5131.633865 10.198166
5132.046624 11.163277
5132.459383 11.345848
5132.872143 11.549510
5133.284902 10.687107
5133.697661 9.696381
5134.110421 9.183195
5134.523180 9.543829
5134.935939 9.750361
5135.348698 11.215625
5135.761458 10.981390
5136.174217 10.958082
5136.586976 11.666220
5136.999735 10.601289
5137.412495 9.669216
5137.825254 10.006982
5138.238013 9.853435
5138.650772 8.702996
5139.063532 6.241762
5139.476291 5.626439
5139.889050 3.837843
5140.301810 3.671304
5140.714569 4.265489
5141.127328 5.859019
5141.540087 7.098309
5141.952847 8.571493
5142.365606 10.758645
5142.778365 12.415093
5143.191124 11.367476
5143.603884 10.238763
5144.016643 8.235447
5144.429402 10.133503
5144.842161 11.009917
5145.254921 11.642855
5145.667680 11.970411
5146.080439 12.399729
5146.493199 13.807915
5146.905958 11.660976
5147.318717 12.290326
5147.731476 11.021889
5148.144236 11.145580
5148.556995 12.955967
5148.969754 12.449272
5149.382513 13.718557
5149.795273 13.491947
5150.208032 12.096948
5150.620791 11.440792
5151.033550 13.169276
5151.446310 12.886459
5151.859069 12.477514
5152.271828 12.286199
5152.684588 11.828208
5153.097347 10.594765
5153.510106 9.977681
5153.922865 10.584563
5154.335625 10.635280
5154.748384 11.597071
5155.161143 11.258522
5155.573902 11.170037
5155.986662 10.827410
5156.399421 10.603100
5156.812180 11.088256
5157.224939 10.951623
5157.637699 10.782589
5158.050458 11.376577
5158.463217 11.342260
5158.875977 11.739870
5159.288736 12.002437
5159.701495 12.278509
5160.114254 11.805504
5160.527014 11.730434
5160.939773 11.906180
5161.352532 11.593826
5161.765291 11.212412
5162.178051 12.595961
5162.590810 12.387626
5163.003569 11.987978
5163.416328 11.768911
5163.829088 10.947790
5164.241847 10.051649
5164.654606 10.552782
5165.067366 10.024565
5165.480125 10.015048
5165.892884 11.646313
5166.305643 12.867898
5166.718403 14.204326
5167.131162 13.332039
5167.543921 12.392471
5167.956680 11.944942
5168.369440 10.289212
5168.782199 9.621630
5169.194958 9.677673
5169.607717 10.758351
5170.020477 11.107234
5170.433236 11.628347
5170.845995 10.741413
5171.258755 9.950654
5171.671514 11.200497
5172.084273 11.251704
5172.497032 10.986250
5172.909792 10.308319
5173.322551 9.759225
5173.735310 10.357390
5174.148069 10.320560
5174.560829 9.959176
5174.973588 8.647549
5175.386347 11.776218
5175.799106 13.869601
5176.211866 14.550370
5176.624625 18.668819
5177.037384 17.422034
5177.450144 14.913785
5177.862903 13.296164
5178.275662 18.690838
5178.688421 19.836041
5179.101181 13.879200
5179.513940 18.740219
5179.926699 18.510835
5180.339458 20.318450
5180.752218 12.917857
5181.164977 10.687458
5181.577736 8.015214
5181.990495 4.265562
5182.403255 5.045417
5182.816014 6.700300
5183.228773 8.509961
5183.641533 8.242721
5184.054292 10.870927
5184.467051 12.059328
5184.879810 10.205849
5185.292570 11.270111
5185.705329 11.040899
5186.118088 9.766655
5186.530847 7.195145
5186.943607 8.242730
5187.356366 7.783596
5187.769125 6.863152
5188.181884 7.389640
5188.594644 9.538813
5189.007403 7.686647
5189.420162 10.441780
5189.832922 13.926141
5190.245681 15.086587
5190.658440 16.687090
5191.071199 14.696683
5191.483959 10.336455
5191.896718 9.914208
5192.309477 9.308614
5192.722236 10.281529
5193.134996 9.681889
5193.547755 11.074311
5193.960514 12.752338
5194.373273 10.283218
5194.786033 9.436269
5195.198792 8.650958
