1832.368421 99.991463
1832.783497 105.068497
1833.198573 102.424995
1833.613650 104.676709
1834.028726 106.236199
1834.443802 106.284220
1834.858878 103.276396
1835.273955 108.469120
1835.689031 108.389457
1836.104107 105.103212
1836.519183 105.208698
1836.934260 102.709359
1837.349336 105.707341
1837.764412 106.406709
1838.179488 104.211013
1838.594565 100.933538
1839.009641 104.396100
1839.424717 105.092785
1839.839793 106.674104
1840.254869 107.524298
1840.669946 108.090367
1841.085022 106.016766
1841.500098 107.043088
1841.915174 112.433813
1842.330251 111.463232
1842.745327 110.931514
1843.160403 110.917360
1843.575479 113.961551
1843.990556 110.622269
1844.405632 110.702458
1844.820708 110.984464
1845.235784 111.920805
1845.650861 110.129033
1846.065937 110.560668
1846.481013 112.036794
1846.896089 111.299749
1847.311165 111.292643
1847.726242 111.092943
1848.141318 109.879880
1848.556394 111.371400
1848.971470 111.457212
1849.386547 111.586266
1849.801623 110.764135
1850.216699 111.733846
1850.631775 109.704066
1851.046852 113.421797
1851.461928 113.526331
1851.877004 111.474300
1852.292080 113.642698
1852.707156 113.880158
1853.122233 114.290131
1853.537309 111.836453
1853.952385 111.251338
1854.367461 113.781825
1854.782538 111.014756
1855.197614 113.911080
1855.612690 114.668623
1856.027766 111.510097
1856.442843 114.028562
1856.857919 115.294128
1857.272995 112.725333
1857.688071 113.573705
1858.103148 115.579549
1858.518224 113.401185
1858.933300 113.031264
1859.348376 108.969221
1859.763452 111.145957
1860.178529 111.736720
1860.593605 110.284630
1861.008681 112.180019
1861.423757 109.139036
1861.838834 110.236900
1862.253910 111.290030
1862.668986 111.512744
1863.084062 110.624372
1863.499139 109.619127
1863.914215 110.915196
1864.329291 107.942813
1864.744367 107.015674
1865.159444 107.269367
1865.574520 106.755256
1865.989596 105.407363
1866.404672 105.442817
1866.819748 104.349336
1867.234825 106.144358
1867.649901 105.567620
1868.064977 107.175776
1868.480053 106.851309
1868.895130 104.178395
1869.310206 104.092620
1869.725282 103.414067
1870.140358 105.691457
1870.555435 104.634123
1870.970511 103.155019
1871.385587 103.227457
1871.800663 104.399572
1872.215740 104.175182
1872.630816 102.617537
1873.045892 101.778721
1873.460968 102.150605
1873.876044 102.425458
1874.291121 102.351223
1874.706197 102.518926
1875.121273 101.571423
1875.536349 104.441702
1875.951426 103.618642
1876.366502 104.510218
1876.781578 104.288737
1877.196654 104.664842
1877.611731 106.226520
1878.026807 105.653139
1878.441883 105.045882
1878.856959 107.831882
1879.272035 106.518521
1879.687112 107.017180
1880.102188 106.478249
1880.517264 105.993071
1880.932340 107.087363
1881.347417 108.945382
1881.762493 109.331201
1882.177569 109.222293
1882.592645 109.342748
1883.007722 109.783796
1883.422798 110.721657
1883.837874 111.436258
1884.252950 113.291372
1884.668027 113.551063
1885.083103 113.326974
1885.498179 111.877819
1885.913255 112.443590
1886.328331 114.663323
1886.743408 112.093550
1887.158484 115.009724
1887.573560 114.766545
1887.988636 114.469735
1888.403713 116.162947
1888.818789 115.197171
1889.233865 116.395171
1889.648941 117.332230
1890.064018 117.333721
1890.479094 116.564669
1890.894170 117.365940
1891.309246 118.069736
1891.724323 118.398140
1892.139399 117.571344
1892.554475 118.891647
1892.969551 120.220226
1893.384627 118.042374
1893.799704 118.413717
1894.214780 120.112748
1894.629856 120.999403
1895.044932 119.297733
1895.460009 117.905530
1895.875085 119.887388
1896.290161 118.348409
1896.705237 116.643960
1897.120314 117.318815
1897.535390 117.294444
1897.950466 117.656318
1898.365542 118.147299
1898.780619 117.397874
1899.195695 116.604749
1899.610771 115.763225
1900.025847 117.076613
1900.440923 116.717808
1900.856000 116.316192
1901.271076 115.567774
1901.686152 114.553485
1902.101228 115.362964
1902.516305 114.646134
1902.931381 114.647143
1903.346457 118.081129
1903.761533 115.793138
1904.176610 117.227052
1904.591686 116.170113
1905.006762 117.998004
1905.421838 116.864786
1905.836914 116.655258
1906.251991 117.735691
1906.667067 115.880641
1907.082143 113.938478
1907.497219 114.574317
1907.912296 116.441556
1908.327372 115.770923
1908.742448 114.867653
1909.157524 115.027585
1909.572601 115.718188
1909.987677 113.391642
1910.402753 114.351680
1910.817829 115.180384
1911.232906 115.454194
1911.647982 114.855819
1912.063058 113.232258
1912.478134 111.837546
1912.893210 110.540882
1913.308287 110.055606
1913.723363 110.507378
1914.138439 108.707464
1914.553515 109.727166
1914.968592 108.893172
1915.383668 108.801158
1915.798744 106.972696
1916.213820 106.028730
1916.628897 105.446136
1917.043973 106.978637
1917.459049 106.098285
1917.874125 104.990015
1918.289202 104.686361
1918.704278 106.121300
1919.119354 103.041162
1919.534430 102.714029
1919.949506 102.459888
1920.364583 101.206083
1920.779659 101.371020
1921.194735 101.542516
1921.609811 100.668976
1922.024888 99.201509
1922.439964 100.168865
1922.855040 98.297209
1923.270116 98.760645
1923.685193 98.597528
1924.100269 96.442476
1924.515345 96.893211
1924.930421 95.540650
1925.345498 93.217371
1925.760574 93.739054
1926.175650 94.710977
1926.590726 92.891074
1927.005802 93.350156
1927.420879 93.987577
1927.835955 93.453907
1928.251031 93.115141
1928.666107 92.196875
1929.081184 91.245820
1929.496260 91.509657
1929.911336 91.161179
1930.326412 91.155765
1930.741489 91.072804
1931.156565 89.911692
1931.571641 88.494101
1931.986717 89.560593
1932.401793 89.522139
1932.816870 89.369928
1933.231946 88.708456
1933.647022 88.960430
1934.062098 88.776509
1934.477175 87.984181
1934.892251 87.399663
1935.307327 87.171277
1935.722403 85.406266
1936.137480 85.918155
1936.552556 86.415468
1936.967632 86.274222
1937.382708 86.014402
1937.797785 86.046511
1938.212861 85.415652
1938.627937 84.790233
1939.043013 85.730312
1939.458089 86.461110
1939.873166 86.137406
1940.288242 83.767098
1940.703318 83.824471
1941.118394 84.800435
1941.533471 85.051346
1941.948547 85.549411
1942.363623 84.595226
1942.778699 84.622797
1943.193776 83.791193
1943.608852 83.718183
1944.023928 84.079825
1944.439004 84.618567
1944.854081 83.132165
1945.269157 83.122568
1945.684233 82.987908
1946.099309 83.858939
1946.514385 84.648269
1946.929462 84.850086
1947.344538 85.436070
1947.759614 84.351750
1948.174690 83.408607
1948.589767 83.357322
1949.004843 81.485450
1949.419919 81.633651
1949.834995 82.948444
1950.250072 83.095323
1950.665148 83.479297
1951.080224 82.731002
1951.495300 80.998783
1951.910377 81.402974
1952.325453 80.730091
1952.740529 80.962751
1953.155605 80.707255
1953.570681 80.881530
1953.985758 80.744248
1954.400834 81.073370
1954.815910 80.087260
1955.230986 80.888803
1955.646063 81.323110
1956.061139 82.002861
1956.476215 81.653319
1956.891291 81.655162
1957.306368 80.113807
1957.721444 81.163192
1958.136520 80.291297
1958.551596 79.129684
1958.966672 78.737207
1959.381749 78.558116
1959.796825 78.338771
1960.211901 78.237077
1960.626977 77.188220
1961.042054 77.363073
1961.457130 79.477656
1961.872206 78.763845
1962.287282 77.530594
1962.702359 77.201589
1963.117435 77.501938
1963.532511 76.554736
1963.947587 75.833757
1964.362664 76.286342
1964.777740 76.243911
1965.192816 75.945388
1965.607892 75.310769
1966.022968 75.866761
1966.438045 75.517828
1966.853121 75.498032
1967.268197 75.314017
1967.683273 74.559023
1968.098350 74.994769
1968.513426 74.607534
1968.928502 75.186337
1969.343578 76.476101
1969.758655 75.385258
1970.173731 74.029296
1970.588807 74.976973
1971.003883 74.967702
1971.418960 75.332584
1971.834036 74.181486
1972.249112 73.252420
1972.664188 73.975739
1973.079264 75.210125
1973.494341 75.293133
1973.909417 73.395587
1974.324493 72.953707
1974.739569 74.442867
1975.154646 74.332941
1975.569722 74.714985
1975.984798 74.393881
1976.399874 74.511180
1976.814951 75.381998
1977.230027 75.292056
1977.645103 75.101009
1978.060179 75.886861
1978.475256 75.737827
1978.890332 74.767035
1979.305408 75.592669
1979.720484 74.551283
1980.135560 75.629938
1980.550637 76.253437
1980.965713 75.870970
1981.380789 75.494376
1981.795865 76.050795
1982.210942 76.440628
1982.626018 74.955095
1983.041094 75.528460
1983.456170 75.795112
1983.871247 74.437699
1984.286323 75.084080
1984.701399 75.684916
1985.116475 75.702509
1985.531551 75.794863
1985.946628 76.768400
1986.361704 74.926787
1986.776780 74.976093
1987.191856 76.063745
1987.606933 75.103604
1988.022009 76.057320
1988.437085 75.763714
1988.852161 75.875527
1989.267238 76.815330
1989.682314 75.107543
1990.097390 73.410084
1990.512466 72.481073
1990.927543 70.392526
1991.342619 70.438771
1991.757695 72.225227
1992.172771 73.469583
1992.587847 75.387302
1993.002924 75.376224
1993.418000 74.554060
1993.833076 76.225042
1994.248152 76.588682
1994.663229 75.694071
1995.078305 75.526345
1995.493381 74.361359
1995.908457 75.188905
1996.323534 75.631720
1996.738610 74.781124
1997.153686 74.355673
1997.568762 75.097447
1997.983839 73.234032
1998.398915 74.303782
1998.813991 74.453147
1999.229067 73.724602
1999.644143 74.429427
2000.059220 74.816574
2000.474296 73.349049
2000.889372 73.333564
2001.304448 72.413141
2001.719525 72.916036
2002.134601 72.689956
2002.549677 73.396791
2002.964753 73.865323
2003.379830 73.010850
2003.794906 73.372647
2004.209982 73.569491
2004.625058 73.341648
2005.040135 72.542911
2005.455211 72.321204
2005.870287 72.752994
2006.285363 72.024248
2006.700439 71.489740
2007.115516 71.805016
2007.530592 71.191956
2007.945668 69.725983
2008.360744 69.183737
2008.775821 69.350582
2009.190897 69.819677
2009.605973 70.374201
2010.021049 71.710369
2010.436126 71.077231
2010.851202 70.813534
2011.266278 71.221417
2011.681354 71.297300
2012.096430 70.799683
2012.511507 70.170245
2012.926583 69.395457
2013.341659 68.979711
2013.756735 70.271359
2014.171812 70.232129
2014.586888 70.198238
2015.001964 69.338143
2015.417040 69.093439
2015.832117 68.843132
2016.247193 69.609211
2016.662269 69.795385
2017.077345 70.846583
2017.492422 69.153481
2017.907498 69.685159
2018.322574 70.030080
2018.737650 69.776349
2019.152726 69.673430
2019.567803 69.328970
2019.982879 68.738473
2020.397955 68.686746
2020.813031 68.769240
2021.228108 69.043923
2021.643184 69.286719
2022.058260 69.632785
2022.473336 70.163278
2022.888413 70.243392
2023.303489 69.137404
2023.718565 68.494348
2024.133641 68.836760
2024.548718 69.340013
2024.963794 69.466719
2025.378870 68.837034
2025.793946 69.314653
2026.209022 70.130647
2026.624099 69.427179
2027.039175 69.433918
2027.454251 69.042631
2027.869327 68.688348
2028.284404 69.292737
2028.699480 70.086063
2029.114556 69.184325
2029.529632 68.836297
2029.944709 68.793388
2030.359785 69.120936
2030.774861 68.947651
2031.189937 68.798031
2031.605014 68.885472
2032.020090 68.574437
2032.435166 69.539237
2032.850242 69.309076
2033.265318 69.415798
2033.680395 69.229588
2034.095471 69.083741
2034.510547 68.580229
2034.925623 68.320364
2035.340700 68.639380
2035.755776 69.770146
2036.170852 68.341084
2036.585928 69.975737
2037.001005 69.427261
2037.416081 69.622647
2037.831157 70.543140
2038.246233 70.095993
2038.661309 69.721660
2039.076386 70.079810
2039.491462 69.860515
2039.906538 69.192116
2040.321614 69.791599
2040.736691 69.461079
2041.151767 70.043575
2041.566843 69.663114
2041.981919 69.610300
2042.396996 69.580628
2042.812072 69.822318
2043.227148 68.277623
2043.642224 69.631363
2044.057301 69.164936
2044.472377 69.187148
2044.887453 68.658766
2045.302529 68.616029
2045.717605 69.563862
2046.132682 69.543283
2046.547758 68.753509
2046.962834 68.470228
2047.377910 69.263268
2047.792987 68.467089
2048.208063 68.825762
2048.623139 69.669715
2049.038215 69.592732
2049.453292 68.616236
2049.868368 69.061615
2050.283444 68.672954
2050.698520 69.619853
2051.113597 68.520025
2051.528673 69.388155
2051.943749 69.644562
2052.358825 68.876442
2052.773901 69.362286
2053.188978 69.545247
2053.604054 69.822904
2054.019130 68.943511
2054.434206 69.650811
2054.849283 70.447992
2055.264359 70.647646
2055.679435 70.224387
2056.094511 69.790128
2056.509588 69.887238
2056.924664 70.002387
2057.339740 70.452674
2057.754816 69.157715
2058.169893 70.184127
2058.584969 70.619521
2059.000045 70.598272
2059.415121 70.963743
2059.830197 70.853574
2060.245274 70.363950
2060.660350 70.223100
2061.075426 70.075307
2061.490502 70.272875
2061.905579 70.757291
2062.320655 71.379454
2062.735731 71.206006
2063.150807 71.446630
2063.565884 70.689049
2063.980960 70.602643
2064.396036 70.919736
2064.811112 70.503774
2065.226188 70.725940
2065.641265 71.124183
2066.056341 70.539355
2066.471417 70.787671
2066.886493 70.381025
2067.301570 70.500700
2067.716646 70.376318
2068.131722 70.004142
2068.546798 70.064552
2068.961875 70.678160
2069.376951 70.342074
2069.792027 70.655641
2070.207103 70.462793
2070.622180 70.549455
2071.037256 69.989133
2071.452332 68.633510
2071.867408 69.005571
2072.282484 69.928175
2072.697561 70.174729
2073.112637 69.520518
2073.527713 69.000449
2073.942789 70.203833
2074.357866 69.474970
2074.772942 69.631317
2075.188018 68.783730
2075.603094 68.724694
2076.018171 69.080230
2076.433247 69.647739
2076.848323 69.199085
2077.263399 68.901385
2077.678476 68.845658
2078.093552 68.792071
2078.508628 69.305673
2078.923704 69.059956
2079.338780 68.126775
2079.753857 67.986884
2080.168933 68.924708
2080.584009 68.292219
2080.999085 68.742406
2081.414162 68.660200
2081.829238 68.787099
2082.244314 69.016869
2082.659390 69.781993
2083.074467 68.743055
2083.489543 69.438438
2083.904619 69.396994
2084.319695 68.370237
2084.734772 68.460084
2085.149848 68.667371
2085.564924 67.881905
2085.980000 67.893420
2086.395076 68.468006
2086.810153 68.777347
2087.225229 68.287352
2087.640305 68.662039
2088.055381 67.829373
2088.470458 67.492058
2088.885534 68.646563
2089.300610 67.752974
2089.715686 68.050217
2090.130763 67.183408
2090.545839 66.695045
2090.960915 66.437166
2091.375991 67.270066
2091.791067 67.584509
2092.206144 67.172869
2092.621220 67.745932
2093.036296 67.781522
2093.451372 68.396267
2093.866449 67.956033
2094.281525 67.617734
2094.696601 67.275825
2095.111677 67.173331
2095.526754 66.737251
2095.941830 66.806891
2096.356906 67.484411
2096.771982 66.803920
2097.187059 66.980701
2097.602135 67.442689
2098.017211 67.416927
2098.432287 66.559627
2098.847363 66.303056
2099.262440 66.367177
2099.677516 66.645862
2100.092592 66.358315
2100.507668 66.459035
2100.922745 66.266480
2101.337821 65.794242
2101.752897 66.370427
2102.167973 65.719428
2102.583050 65.746497
2102.998126 65.048677
2103.413202 65.457379
2103.828278 65.069322
2104.243355 65.543020
2104.658431 65.552083
2105.073507 65.614866
2105.488583 64.834589
2105.903659 64.549676
2106.318736 65.946815
2106.733812 64.958248
2107.148888 64.771873
2107.563964 64.825896
2107.979041 64.735328
2108.394117 65.245123
2108.809193 64.858276
2109.224269 64.479112
2109.639346 65.045714
2110.054422 64.627061
2110.469498 64.217861
2110.884574 63.887417
2111.299651 64.008959
2111.714727 63.857016
2112.129803 64.431675
2112.544879 63.988784
2112.959955 63.977679
2113.375032 63.360023
2113.790108 63.074875
2114.205184 63.164161
2114.620260 63.688525
2115.035337 63.473662
2115.450413 63.261830
2115.865489 62.660526
2116.280565 62.734518
2116.695642 62.796245
2117.110718 61.958869
2117.525794 62.342360
2117.940870 62.099520
2118.355946 61.367239
2118.771023 61.757768
2119.186099 62.109560
2119.601175 62.981655
2120.016251 61.949054
2120.431328 61.734724
2120.846404 61.873277
2121.261480 61.379006
2121.676556 60.816163
2122.091633 61.171035
2122.506709 61.265131
2122.921785 60.500686
2123.336861 60.806084
2123.751938 60.854500
2124.167014 60.486039
2124.582090 60.243355
2124.997166 60.221396
2125.412242 60.670102
2125.827319 61.217225
2126.242395 60.567188
2126.657471 59.991174
2127.072547 60.030267
2127.487624 60.685283
2127.902700 60.459247
2128.317776 60.258418
2128.732852 60.629846
2129.147929 59.748912
2129.563005 60.117019
2129.978081 60.289573
2130.393157 59.973528
2130.808234 59.438214
2131.223310 60.509155
2131.638386 60.841680
2132.053462 60.416405
2132.468538 59.967617
2132.883615 60.334335
2133.298691 60.719367
2133.713767 60.208054
2134.128843 60.104649
2134.543920 60.691607
2134.958996 60.674205
2135.374072 60.226767
2135.789148 60.965302
2136.204225 60.888907
2136.619301 60.723541
2137.034377 61.331486
2137.449453 60.852626
2137.864530 60.550872
2138.279606 60.389696
2138.694682 59.813444
2139.109758 60.192034
2139.524834 61.224163
2139.939911 60.864173
2140.354987 60.819639
2140.770063 61.050667
2141.185139 60.188482
2141.600216 59.855831
2142.015292 59.760552
2142.430368 59.751059
2142.845444 59.806499
2143.260521 60.667759
2143.675597 59.899415
2144.090673 59.886793
2144.505749 60.612201
2144.920825 61.103905
2145.335902 60.738698
2145.750978 59.828846
2146.166054 60.064898
2146.581130 59.751836
2146.996207 59.853479
2147.411283 59.763710
2147.826359 59.517995
2148.241435 60.152609
2148.656512 59.832295
2149.071588 60.561667
2149.486664 59.515828
2149.901740 58.950331
2150.316817 59.031406
2150.731893 59.098161
2151.146969 59.061255
2151.562045 58.304477
2151.977121 58.181082
2152.392198 58.702212
2152.807274 58.723679
2153.222350 58.049012
2153.637426 57.659874
2154.052503 57.585601
2154.467579 57.748282
2154.882655 58.651661
2155.297731 58.237274
2155.712808 58.243690
2156.127884 57.407468
2156.542960 57.550392
2156.958036 57.930624
2157.373113 57.577735
2157.788189 57.321977
2158.203265 58.205441
2158.618341 57.533375
2159.033417 57.307297
2159.448494 58.001207
2159.863570 57.692854
2160.278646 57.705457
2160.693722 57.969514
2161.108799 57.297494
2161.523875 57.861272
2161.938951 57.629264
2162.354027 57.314327
2162.769104 57.289652
2163.184180 57.579609
2163.599256 57.811224
2164.014332 57.973393
2164.429409 57.940648
2164.844485 58.337366
2165.259561 58.341374
2165.674637 57.970320
2166.089713 58.079270
2166.504790 57.750494
2166.919866 58.372011
2167.334942 58.855124
2167.750018 57.826733
2168.165095 57.937292
2168.580171 58.374214
2168.995247 58.347952
2169.410323 58.213036
2169.825400 58.166772
2170.240476 57.431804
2170.655552 58.392458
2171.070628 58.423892
2171.485704 58.009100
2171.900781 58.328891
2172.315857 58.478496
2172.730933 58.212021
2173.146009 57.733650
2173.561086 57.904778
2173.976162 57.358985
2174.391238 58.306649
2174.806314 57.805396
2175.221391 57.326014
2175.636467 57.582474
2176.051543 57.808569
2176.466619 58.103282
2176.881696 57.801750
2177.296772 57.941532
2177.711848 57.840712
2178.126924 57.825152
2178.542000 57.920243
2178.957077 57.154705
2179.372153 57.191124
2179.787229 56.865799
2180.202305 57.249509
2180.617382 57.490908
2181.032458 57.327966
2181.447534 57.059928
2181.862610 57.524824
2182.277687 56.985242
2182.692763 57.330934
2183.107839 57.248914
2183.522915 57.489094
2183.937992 57.290416
2184.353068 56.531619
2184.768144 56.754949
2185.183220 57.064579
2185.598296 56.216408
2186.013373 56.081648
2186.428449 56.752120
2186.843525 56.449451
2187.258601 55.878245
2187.673678 56.469875
2188.088754 56.345041
2188.503830 56.265243
2188.918906 56.103397
2189.333983 55.380749
2189.749059 55.909494
2190.164135 55.899551
2190.579211 55.701947
2190.994288 56.141448
2191.409364 55.360212
2191.824440 55.890659
2192.239516 55.718255
2192.654592 55.674407
2193.069669 55.137851
2193.484745 54.942660
2193.899821 54.853822
2194.314897 54.800616
2194.729974 55.240127
2195.145050 54.938262
2195.560126 54.692433
2195.975202 54.216437
2196.390279 54.559383
2196.805355 54.743090
2197.220431 54.528358
2197.635507 54.579456
2198.050583 54.145850
2198.465660 54.283674
2198.880736 54.213604
2199.295812 54.229027
2199.710888 54.119189
2200.125965 53.442738
2200.541041 53.055235
2200.956117 53.358552
2201.371193 53.486854
2201.786270 53.316905
2202.201346 53.366516
2202.616422 53.079251
2203.031498 53.312489
2203.446575 53.852253
2203.861651 53.532969
2204.276727 53.275242
2204.691803 52.531954
2205.106879 52.294654
2205.521956 53.044201
2205.937032 53.875332
2206.352108 54.318106
2206.767184 54.135765
2207.182261 53.346496
2207.597337 53.073517
2208.012413 53.740631
2208.427489 53.897390
2208.842566 53.644463
2209.257642 53.811191
2209.672718 54.558033
2210.087794 53.913130
2210.502871 54.005320
2210.917947 54.448329
2211.333023 54.373297
2211.748099 54.371241
2212.163175 54.846028
2212.578252 54.312033
2212.993328 54.120339
2213.408404 54.456251
2213.823480 54.180008
2214.238557 54.816295
2214.653633 54.340715
2215.068709 53.997149
2215.483785 54.433422
2215.898862 54.543539
2216.313938 54.479508
2216.729014 54.013368
2217.144090 54.527251
2217.559167 54.543985
2217.974243 53.922547
2218.389319 54.331666
2218.804395 54.646362
2219.219471 54.499271
2219.634548 54.304341
2220.049624 54.431234
2220.464700 54.283318
2220.879776 54.464355
2221.294853 53.722544
2221.709929 53.829594
2222.125005 53.744256
2222.540081 54.487257
2222.955158 54.279545
2223.370234 54.172037
2223.785310 54.115573
2224.200386 54.049211
2224.615462 54.459317
2225.030539 54.497738
2225.445615 53.726160
2225.860691 54.247169
2226.275767 53.515866
2226.690844 53.854104
2227.105920 54.492928
2227.520996 54.004284
2227.936072 53.660842
2228.351149 54.149109
2228.766225 54.069397
2229.181301 53.743464
2229.596377 53.405844
2230.011454 53.502495
2230.426530 53.425411
2230.841606 53.138013
2231.256682 52.424487
2231.671758 52.544829
2232.086835 53.013459
2232.501911 52.799972
2232.916987 52.667674
2233.332063 52.930761
2233.747140 52.883557
2234.162216 53.220547
2234.577292 52.006740
2234.992368 52.355504
2235.407445 52.695851
2235.822521 52.841970
2236.237597 52.425327
2236.652673 52.342832
2237.067750 52.031784
2237.482826 52.385370
2237.897902 52.441031
2238.312978 51.935529
2238.728054 51.897788
2239.143131 52.311290
2239.558207 51.672515
2239.973283 51.642897
2240.388359 52.106323
2240.803436 52.232261
2241.218512 51.651747
2241.633588 51.804850
2242.048664 52.383416
2242.463741 52.160993
2242.878817 52.150788
2243.293893 52.027405
2243.708969 51.937198
2244.124046 51.478957
2244.539122 50.930542
2244.954198 51.661903
2245.369274 52.111975
2245.784350 51.821549
2246.199427 51.946079
2246.614503 52.509570
2247.029579 51.935250
2247.444655 51.521455
2247.859732 51.455783
2248.274808 51.625093
2248.689884 51.787565
2249.104960 51.448430
2249.520037 51.822994
2249.935113 51.804050
2250.350189 51.832168
2250.765265 51.588024
2251.180341 51.677346
2251.595418 51.786254
2252.010494 51.842976
2252.425570 51.773048
2252.840646 51.800308
2253.255723 51.617818
2253.670799 51.819507
2254.085875 51.739789
2254.500951 51.447802
2254.916028 51.436217
2255.331104 51.404347
2255.746180 51.803774
2256.161256 52.194171
2256.576333 52.287915
2256.991409 52.241706
2257.406485 51.969289
2257.821561 51.796578
2258.236637 51.525438
2258.651714 51.590625
2259.066790 51.843399
2259.481866 51.777257
2259.896942 51.832788
2260.312019 52.379017
2260.727095 52.008464
2261.142171 52.078714
2261.557247 52.078042
2261.972324 51.978672
2262.387400 52.029399
2262.802476 52.299598
2263.217552 52.397229
2263.632629 51.692319
2264.047705 51.796863
2264.462781 52.012554
2264.877857 51.610096
2265.292933 51.343681
2265.708010 51.859631
2266.123086 52.531184
2266.538162 51.872774
2266.953238 51.742614
2267.368315 51.148611
2267.783391 51.555301
2268.198467 51.443396
2268.613543 51.631111
2269.028620 51.845317
2269.443696 51.271270
2269.858772 51.795803
2270.273848 51.888507
2270.688925 51.588183
2271.104001 51.769172
2271.519077 51.927127
2271.934153 51.732818
2272.349229 51.898062
2272.764306 51.837033
2273.179382 51.578950
2273.594458 51.835894
2274.009534 52.383731
2274.424611 52.480415
2274.839687 52.215240
2275.254763 52.270220
2275.669839 51.406099
2276.084916 51.647776
2276.499992 51.908950
2276.915068 52.298945
2277.330144 52.352046
2277.745220 52.773317
2278.160297 52.321375
2278.575373 52.096642
2278.990449 51.942664
2279.405525 52.175120
2279.820602 52.599964
2280.235678 52.254524
2280.650754 52.440172
2281.065830 52.989749
2281.480907 52.683342
2281.895983 52.655264
2282.311059 52.357899
2282.726135 52.185308
2283.141212 52.597932
2283.556288 52.550270
2283.971364 53.109558
2284.386440 53.321225
2284.801516 52.705810
2285.216593 52.542243
2285.631669 52.787425
2286.046745 52.249529
2286.461821 52.644060
2286.876898 52.542287
2287.291974 52.404010
2287.707050 52.543244
2288.122126 52.885189
2288.537203 52.748340
2288.952279 52.136975
2289.367355 51.938423
2289.782431 52.408349
2290.197508 52.473490
2290.612584 52.677443
2291.027660 52.487535
2291.442736 52.438486
2291.857812 52.703283
2292.272889 52.266312
2292.687965 52.396277
2293.103041 52.930114
2293.518117 52.993404
2293.933194 52.742669
2294.348270 53.136800
2294.763346 52.679943
2295.178422 53.145426
2295.593499 53.209379
2296.008575 53.143324
2296.423651 53.220141
2296.838727 53.277810
2297.253804 52.891798
2297.668880 52.904287
2298.083956 53.133791
2298.499032 53.148785
2298.914108 52.812099
2299.329185 52.778749
2299.744261 53.483708
2300.159337 53.216805
2300.574413 52.943944
2300.989490 53.060113
2301.404566 53.374547
2301.819642 53.420662
2302.234718 53.151434
2302.649795 53.443536
2303.064871 53.389444
2303.479947 53.043896
2303.895023 53.510254
2304.310099 53.805641
2304.725176 53.760814
2305.140252 53.194653
2305.555328 53.701828
2305.970404 53.285587
2306.385481 53.584590
2306.800557 53.639213
2307.215633 53.912145
2307.630709 53.588707
2308.045786 53.653552
2308.460862 54.077489
2308.875938 53.607294
2309.291014 53.754898
2309.706091 53.921665
2310.121167 54.189373
2310.536243 53.597829
2310.951319 53.307947
2311.366395 54.136793
2311.781472 53.980879
2312.196548 53.303857
2312.611624 53.639812
2313.026700 54.562491
2313.441777 54.335083
2313.856853 54.093318
2314.271929 54.084050
2314.687005 53.988462
2315.102082 53.710320
2315.517158 53.617637
2315.932234 53.963506
2316.347310 54.530092
2316.762387 55.060025
2317.177463 54.627353
2317.592539 54.312645
2318.007615 54.720193
2318.422691 54.625946
2318.837768 54.992072
2319.252844 55.534332
2319.667920 55.408562
2320.082996 55.701053
2320.498073 54.938870
2320.913149 54.943873
2321.328225 55.702460
2321.743301 56.170144
2322.158378 56.302588
2322.573454 56.270127
2322.988530 55.581274
2323.403606 55.635220
2323.818683 55.599565
2324.233759 55.898776
2324.648835 56.198059
2325.063911 55.812820
2325.478987 55.438830
2325.894064 55.859898
2326.309140 56.105330
2326.724216 56.021148
2327.139292 56.520788
2327.554369 56.081685
2327.969445 55.444711
2328.384521 55.303448
2328.799597 55.489611
2329.214674 55.650469
2329.629750 55.474439
2330.044826 55.088406
2330.459902 55.571493
2330.874979 55.246850
2331.290055 55.565453
2331.705131 55.541023
2332.120207 55.352975
2332.535283 55.224819
2332.950360 55.015178
2333.365436 55.181971
2333.780512 54.628775
2334.195588 54.233145
2334.610665 54.214913
2335.025741 54.241567
2335.440817 53.643630
2335.855893 53.094298
2336.270970 53.802297
2336.686046 53.838153
2337.101122 53.650256
2337.516198 53.913534
2337.931274 53.262878
2338.346351 53.432305
2338.761427 52.696743
2339.176503 53.483518
2339.591579 53.147263
2340.006656 52.473251
2340.421732 52.386667
2340.836808 52.323046
2341.251884 52.222997
2341.666961 51.984486
2342.082037 52.044540
2342.497113 52.469622
2342.912189 52.559509
2343.327266 52.299558
2343.742342 52.370948
2344.157418 52.281584
2344.572494 52.206172
2344.987570 51.782977
2345.402647 51.731322
2345.817723 52.244223
2346.232799 51.590527
2346.647875 51.377625
2347.062952 51.590388
2347.478028 51.415479
2347.893104 51.990955
2348.308180 51.876047
2348.723257 51.159204
2349.138333 51.334752
2349.553409 50.533743
2349.968485 50.600812
2350.383562 50.820808
2350.798638 50.985239
2351.213714 51.549297
2351.628790 51.324939
2352.043866 51.212010
2352.458943 51.188067
2352.874019 50.729219
2353.289095 51.476775
2353.704171 51.702557
2354.119248 51.177109
2354.534324 50.883042
2354.949400 51.222533
2355.364476 50.999473
2355.779553 51.161218
2356.194629 51.011018
2356.609705 50.914480
2357.024781 50.785315
2357.439858 50.937277
2357.854934 50.793038
2358.270010 50.963127
2358.685086 50.953263
2359.100162 51.098633
2359.515239 50.386772
2359.930315 50.559501
2360.345391 51.536345
2360.760467 51.017078
2361.175544 50.417176
2361.590620 50.284433
2362.005696 50.574246
2362.420772 50.701159
2362.835849 50.739489
2363.250925 51.201914
2363.666001 51.037779
2364.081077 50.628775
2364.496153 50.698175
2364.911230 50.662273
2365.326306 50.523739
2365.741382 50.565760
2366.156458 50.587108
2366.571535 50.117636
2366.986611 50.796856
2367.401687 50.554414
2367.816763 50.420979
2368.231840 50.975901
2368.646916 50.633784
2369.061992 50.133436
2369.477068 49.855455
2369.892145 49.707125
2370.307221 49.096411
2370.722297 47.409911
2371.137373 45.546904
2371.552449 44.789173
2371.967526 46.321971
2372.382602 48.394524
2372.797678 49.671325
2373.212754 50.063301
2373.627831 50.040125
2374.042907 50.760468
2374.457983 50.474788
2374.873059 50.056106
2375.288136 49.708343
2375.703212 49.580443
2376.118288 49.611925
2376.533364 49.538142
2376.948441 48.512869
2377.363517 47.391843
2377.778593 47.663619
2378.193669 47.843780
2378.608745 49.075285
2379.023822 49.358973
2379.438898 49.771174
2379.853974 49.823050
2380.269050 50.230098
2380.684127 50.384334
2381.099203 50.382772
2381.514279 49.868020
2381.929355 49.551067
2382.344432 49.653791
2382.759508 49.809859
2383.174584 50.289417
2383.589660 50.644858
2384.004737 50.591805
2384.419813 50.146248
2384.834889 50.251481
2385.249965 50.087840
2385.665041 50.396342
2386.080118 50.235959
2386.495194 50.149731
2386.910270 50.222270
2387.325346 49.969816
2387.740423 49.895179
2388.155499 49.992104
2388.570575 50.172605
2388.985651 50.571107
2389.400728 50.077868
2389.815804 50.028641
2390.230880 50.193974
2390.645956 49.990128
2391.061032 49.590361
2391.476109 49.717038
2391.891185 49.814370
2392.306261 49.727515
2392.721337 49.820858
2393.136414 49.704966
2393.551490 49.979154
2393.966566 49.783128
2394.381642 50.371158
2394.796719 50.307981
2395.211795 50.266867
2395.626871 50.478795
2396.041947 50.381760
2396.457024 50.468709
2396.872100 49.995826
2397.287176 49.686761
2397.702252 49.965308
2398.117328 50.155687
2398.532405 50.020143
2398.947481 50.013800
2399.362557 49.943240
2399.777633 49.879201
2400.192710 49.530718
2400.607786 50.394989
2401.022862 50.257362
2401.437938 50.725269
2401.853015 50.524007
2402.268091 50.335256
2402.683167 50.248244
2403.098243 50.239289
2403.513320 50.132938
2403.928396 49.880899
2404.343472 50.790343
2404.758548 50.639954
2405.173624 50.232494
2405.588701 50.013446
2406.003777 50.051092
2406.418853 50.313623
2406.833929 50.599093
2407.249006 50.667381
2407.664082 50.859425
2408.079158 50.930188
2408.494234 51.377405
2408.909311 51.383751
2409.324387 51.791366
2409.739463 51.588694
2410.154539 51.718944
2410.569616 51.535882
2410.984692 51.474561
2411.399768 51.956795
2411.814844 52.005274
2412.229920 52.092408
2412.644997 52.607379
2413.060073 52.594467
2413.475149 52.721933
2413.890225 52.740307
2414.305302 52.981006
2414.720378 53.236609
2415.135454 53.512524
2415.550530 53.686396
2415.965607 53.403821
2416.380683 54.000192
2416.795759 53.891355
2417.210835 54.342886
2417.625911 53.550830
2418.040988 53.583624
2418.456064 54.253558
2418.871140 54.105136
2419.286216 53.580098
2419.701293 53.599303
2420.116369 53.680472
2420.531445 53.520444
2420.946521 54.135300
2421.361598 53.947090
2421.776674 54.104378
2422.191750 53.804756
2422.606826 54.118381
2423.021903 53.823500
2423.436979 53.660697
2423.852055 53.249721
2424.267131 53.224076
2424.682207 53.450397
2425.097284 53.164996
2425.512360 52.842200
2425.927436 52.738098
2426.342512 53.466762
2426.757589 53.478286
2427.172665 52.757743
2427.587741 52.777395
2428.002817 52.633994
2428.417894 51.909161
2428.832970 52.003394
2429.248046 51.966405
2429.663122 51.939024
2430.078199 52.085719
2430.493275 51.995080
2430.908351 51.927808
2431.323427 52.150103
2431.738503 52.020193
2432.153580 51.611514
2432.568656 51.900605
2432.983732 52.346103
2433.398808 51.914684
2433.813885 51.710674
2434.228961 51.444933
2434.644037 51.639375
2435.059113 52.109550
2435.474190 51.222302
2435.889266 51.443241
2436.304342 51.740411
2436.719418 51.793950
2437.134495 51.639768
2437.549571 51.840027
2437.964647 51.471858
2438.379723 51.015868
2438.794799 51.443059
2439.209876 51.468427
2439.624952 51.489532
2440.040028 51.700549
2440.455104 51.713026
2440.870181 51.476781
2441.285257 51.166841
2441.700333 50.791197
2442.115409 50.831093
2442.530486 50.743072
2442.945562 50.947707
2443.360638 50.651382
2443.775714 50.608630
2444.190790 50.372282
2444.605867 50.395791
2445.020943 50.146609
2445.436019 50.343517
2445.851095 50.716662
2446.266172 50.292824
2446.681248 49.858314
2447.096324 49.971016
2447.511400 49.795705
2447.926477 49.836053
2448.341553 49.995853
2448.756629 49.551726
2449.171705 49.006591
2449.586782 48.915665
2450.001858 49.165532
2450.416934 48.968293
2450.832010 48.755559
2451.247086 48.790917
2451.662163 48.992864
2452.077239 48.770738
2452.492315 48.460946
2452.907391 48.146682
2453.322468 48.518014
2453.737544 48.751951
2454.152620 48.315918
2454.567696 48.386969
2454.982773 48.472900
2455.397849 48.663829
2455.812925 48.551206
2456.228001 48.664638
2456.643078 48.410232
2457.058154 47.691553
2457.473230 48.291522
2457.888306 48.595236
2458.303382 49.000909
2458.718459 48.796016
2459.133535 48.762694
2459.548611 48.822501
2459.963687 48.947766
2460.378764 48.897792
2460.793840 48.708550
2461.208916 48.682807
2461.623992 48.937817
2462.039069 49.207799
2462.454145 49.226133
2462.869221 49.320376
2463.284297 49.108459
2463.699374 48.589416
2464.114450 49.396699
2464.529526 49.526745
2464.944602 49.632642
2465.359678 49.389302
2465.774755 49.113187
2466.189831 49.468947
2466.604907 49.911312
2467.019983 49.851221
2467.435060 49.136541
2467.850136 49.361842
2468.265212 49.386459
2468.680288 49.320371
2469.095365 49.045270
2469.510441 49.004199
2469.925517 49.301646
2470.340593 49.065794
2470.755669 48.999033
2471.170746 49.144811
2471.585822 48.994851
2472.000898 48.669088
2472.415974 48.549814
2472.831051 48.899942
2473.246127 48.796445
2473.661203 49.277379
2474.076279 49.057477
2474.491356 49.135747
2474.906432 49.059269
2475.321508 48.821234
2475.736584 48.448285
2476.151661 48.582287
2476.566737 48.839065
2476.981813 48.931654
2477.396889 48.594792
2477.811965 49.026992
2478.227042 48.589127
2478.642118 48.323916
2479.057194 48.506720
2479.472270 48.579689
2479.887347 48.532200
2480.302423 48.541785
2480.717499 48.969874
2481.132575 48.790268
2481.547652 48.484968
2481.962728 47.991661
2482.377804 48.106033
2482.792880 48.453554
2483.207957 48.637782
2483.623033 49.036646
2484.038109 48.720315
2484.453185 48.046370
2484.868261 48.106682
2485.283338 49.024479
2485.698414 49.095678
2486.113490 48.594092
2486.528566 48.439540
2486.943643 48.798952
2487.358719 48.719496
2487.773795 48.690002
2488.188871 48.717142
2488.603948 48.476232
2489.019024 48.570910
2489.434100 48.579670
2489.849176 48.755926
2490.264253 49.162554
2490.679329 48.526441
2491.094405 48.429896
2491.509481 48.523712
2491.924557 48.306275
2492.339634 48.848010
2492.754710 48.571119
2493.169786 48.643535
2493.584862 48.259180
2493.999939 48.115911
2494.415015 48.178465
2494.830091 48.253680
2495.245167 48.430688
2495.660244 48.322184
2496.075320 48.226628
2496.490396 47.812641
2496.905472 48.095424
2497.320548 48.036808
2497.735625 48.125525
2498.150701 48.291838
2498.565777 47.546068
2498.980853 47.622163
2499.395930 47.691207
2499.811006 47.826223
2500.226082 47.821065
2500.641158 47.710333
2501.056235 47.295141
2501.471311 47.740692
2501.886387 47.735605
2502.301463 47.688514
2502.716540 47.415458
2503.131616 47.613860
2503.546692 47.948944
2503.961768 47.899181
2504.376844 47.918960
2504.791921 47.800474
2505.206997 47.939493
2505.622073 47.856435
2506.037149 47.553157
2506.452226 47.293504
2506.867302 47.829299
2507.282378 47.429994
2507.697454 47.575277
2508.112531 47.697251
2508.527607 47.338207
2508.942683 47.410506
2509.357759 47.322709
2509.772836 47.062733
2510.187912 47.022595
2510.602988 47.390436
2511.018064 47.278642
2511.433140 47.035961
2511.848217 47.115198
2512.263293 47.102587
2512.678369 47.039459
2513.093445 47.070127
2513.508522 46.932462
2513.923598 46.867228
2514.338674 46.661848
2514.753750 46.842000
2515.168827 46.836433
2515.583903 46.754736
2515.998979 46.559281
2516.414055 46.845585
2516.829132 46.573076
2517.244208 46.509807
2517.659284 46.717978
2518.074360 46.709051
2518.489436 46.615626
2518.904513 46.489620
2519.319589 46.452811
2519.734665 46.327602
2520.149741 46.498141
2520.564818 46.842035
2520.979894 46.576504
2521.394970 46.559826
2521.810046 46.564431
2522.225123 46.773938
2522.640199 46.520186
2523.055275 46.233382
2523.470351 46.541822
2523.885427 46.724746
2524.300504 46.787853
2524.715580 46.585450
2525.130656 46.844923
2525.545732 46.697202
2525.960809 46.996110
2526.375885 46.935558
2526.790961 46.984146
2527.206037 46.729464
2527.621114 46.211161
2528.036190 45.996415
2528.451266 45.823562
2528.866342 46.017507
2529.281419 46.452400
2529.696495 46.607995
2530.111571 46.265917
2530.526647 46.544208
2530.941723 46.478439
2531.356800 46.494296
2531.771876 46.070219
2532.186952 46.268970
2532.602028 45.513188
2533.017105 44.979263
2533.432181 44.540717
2533.847257 44.967202
2534.262333 45.073252
2534.677410 45.601974
2535.092486 46.078304
2535.507562 46.329776
2535.922638 46.518058
2536.337715 46.348734
2536.752791 46.350082
2537.167867 46.034206
2537.582943 46.058514
2537.998019 46.575107
2538.413096 46.239702
2538.828172 46.121511
2539.243248 46.017304
2539.658324 45.705544
2540.073401 45.410079
2540.488477 44.972905
2540.903553 45.537118
2541.318629 45.946180
2541.733706 45.991410
2542.148782 46.071697
2542.563858 46.030960
2542.978934 45.967781
2543.394011 46.632539
2543.809087 46.286818
2544.224163 46.129219
2544.639239 46.249769
2545.054315 46.148734
2545.469392 45.864653
2545.884468 46.066466
2546.299544 46.203277
2546.714620 45.900390
2547.129697 45.611835
2547.544773 45.736003
2547.959849 45.940578
2548.374925 45.465035
2548.790002 45.336000
2549.205078 45.907845
2549.620154 45.450598
2550.035230 45.663071
2550.450306 45.094721
2550.865383 45.281178
2551.280459 45.347223
2551.695535 45.525870
2552.110611 45.109035
2552.525688 45.202968
2552.940764 45.367670
2553.355840 45.618551
2553.770916 45.583390
2554.185993 45.435506
2554.601069 45.435087
2555.016145 45.219604
2555.431221 44.741286
2555.846298 44.983262
2556.261374 45.326767
2556.676450 45.002610
2557.091526 45.080368
2557.506602 44.753478
2557.921679 45.051661
2558.336755 45.216676
2558.751831 44.968815
2559.166907 44.683113
2559.581984 44.784735
2559.997060 44.625714
2560.412136 44.269278
2560.827212 44.742159
2561.242289 44.821961
2561.657365 44.506626
2562.072441 44.820099
2562.487517 44.608109
2562.902594 44.650643
2563.317670 44.687998
2563.732746 44.368670
2564.147822 43.895529
2564.562898 44.005899
2564.977975 44.267889
2565.393051 44.424603
2565.808127 44.239671
2566.223203 44.845344
2566.638280 44.805897
2567.053356 44.802801
2567.468432 44.556595
2567.883508 44.458643
2568.298585 44.637850
2568.713661 44.978561
2569.128737 44.776729
2569.543813 44.740088
2569.958890 44.432337
2570.373966 44.333958
2570.789042 44.319248
2571.204118 44.173510
2571.619194 44.282628
2572.034271 44.460339
2572.449347 44.343708
2572.864423 44.326670
2573.279499 44.026210
2573.694576 44.289558
2574.109652 44.388734
2574.524728 44.558161
2574.939804 44.582656
2575.354881 44.443387
2575.769957 44.009047
2576.185033 43.842891
2576.600109 43.597413
2577.015185 43.713623
2577.430262 44.051512
2577.845338 44.208843
2578.260414 43.946208
2578.675490 43.841000
2579.090567 44.041311
2579.505643 43.976441
2579.920719 43.747559
2580.335795 44.110225
2580.750872 43.763933
2581.165948 43.815807
2581.581024 43.834772
2581.996100 43.638351
2582.411177 43.561494
2582.826253 43.847934
2583.241329 43.641103
2583.656405 43.700508
2584.071481 43.404222
2584.486558 43.593285
2584.901634 43.298987
2585.316710 43.768147
2585.731786 43.982028
2586.146863 43.797586
2586.561939 43.584429
2586.977015 43.616003
2587.392091 43.522767
2587.807168 43.648104
2588.222244 43.459643
2588.637320 43.281126
2589.052396 43.344582
2589.467473 43.556665
2589.882549 43.216484
2590.297625 43.098441
2590.712701 43.200562
2591.127777 43.310894
2591.542854 43.166306
2591.957930 42.835165
2592.373006 42.970266
2592.788082 43.280918
2593.203159 43.678494
2593.618235 43.425992
2594.033311 42.996747
2594.448387 42.829190
2594.863464 43.220839
2595.278540 43.210917
2595.693616 43.307740
2596.108692 43.156723
2596.523769 43.222406
2596.938845 43.471676
2597.353921 43.489755
2597.768997 43.136563
2598.184073 43.312854
2598.599150 43.031200
2599.014226 42.880771
2599.429302 43.085214
2599.844378 43.030471
2600.259455 42.852173
2600.674531 42.929958
2601.089607 42.955538
2601.504683 43.270406
2601.919760 43.424478
2602.334836 43.499803
2602.749912 43.392157
2603.164988 43.268720
2603.580064 42.876897
2603.995141 42.888942
2604.410217 42.988471
2604.825293 42.843020
2605.240369 42.706892
2605.655446 42.914845
2606.070522 43.175352
2606.485598 43.112620
2606.900674 42.821886
2607.315751 42.648524
2607.730827 42.740513
2608.145903 42.920091
2608.560979 42.778819
2608.976056 42.971822
2609.391132 43.125834
2609.806208 43.295186
2610.221284 42.997769
2610.636360 43.114398
2611.051437 43.151496
2611.466513 42.999815
2611.881589 43.248279
2612.296665 43.495057
2612.711742 43.069839
2613.126818 43.039863
2613.541894 42.962663
2613.956970 43.048181
2614.372047 43.062067
2614.787123 42.923025
2615.202199 42.706433
2615.617275 42.986425
2616.032352 43.044916
2616.447428 42.880122
2616.862504 42.565606
2617.277580 42.449794
2617.692656 42.410553
2618.107733 42.653162
2618.522809 43.016972
2618.937885 43.165215
2619.352961 42.880876
2619.768038 42.763101
2620.183114 42.524044
2620.598190 42.497253
2621.013266 42.595607
2621.428343 42.602725
2621.843419 42.534701
2622.258495 42.300031
2622.673571 42.210315
2623.088648 42.481432
2623.503724 42.608547
2623.918800 42.746551
2624.333876 42.526848
2624.748952 42.392904
2625.164029 42.574422
2625.579105 42.374984
2625.994181 42.883516
2626.409257 42.251798
2626.824334 41.977166
2627.239410 42.250525
2627.654486 42.191539
2628.069562 41.878623
2628.484639 41.639382
2628.899715 42.222357
2629.314791 42.636409
2629.729867 42.813859
2630.144943 42.577698
2630.560020 42.430758
2630.975096 42.504419
2631.390172 42.367988
2631.805248 42.341279
2632.220325 42.423120
2632.635401 42.141433
2633.050477 42.052731
2633.465553 41.871859
2633.880630 42.069798
2634.295706 41.957843
2634.710782 41.775449
2635.125858 41.854116
2635.540935 41.730153
2635.956011 41.813309
2636.371087 41.535194
2636.786163 41.324290
2637.201239 41.322965
2637.616316 41.351717
2638.031392 41.317608
2638.446468 41.274033
2638.861544 41.427071
2639.276621 41.322546
2639.691697 41.359870
2640.106773 41.523381
2640.521849 41.061607
2640.936926 41.069956
2641.352002 40.988042
2641.767078 40.944766
2642.182154 40.560790
2642.597231 40.398085
2643.012307 40.865496
2643.427383 40.888656
2643.842459 40.953524
2644.257535 40.823739
2644.672612 40.727842
2645.087688 40.825308
2645.502764 40.436992
2645.917840 40.206190
2646.332917 40.055703
2646.747993 40.411255
2647.163069 40.104318
2647.578145 40.181464
2647.993222 39.702942
2648.408298 39.806893
2648.823374 40.120860
2649.238450 40.132344
2649.653527 39.762916
2650.068603 39.732693
2650.483679 39.775173
2650.898755 39.941115
2651.313831 39.772702
2651.728908 39.666949
2652.143984 39.662311
2652.559060 39.800208
2652.974136 39.707170
2653.389213 39.754359
2653.804289 39.375585
2654.219365 39.269164
2654.634441 39.437458
2655.049518 39.509292
2655.464594 39.540030
2655.879670 39.362086
2656.294746 39.345441
2656.709822 39.234334
2657.124899 39.822999
2657.539975 39.345961
2657.955051 39.498869
2658.370127 39.286849
2658.785204 39.733200
2659.200280 39.712242
2659.615356 39.498235
2660.030432 39.422680
2660.445509 39.257094
2660.860585 39.330443
2661.275661 39.471124
2661.690737 39.665366
2662.105814 39.781541
2662.520890 39.694358
2662.935966 39.663990
2663.351042 39.877434
2663.766118 39.828720
2664.181195 39.818976
2664.596271 39.994091
2665.011347 40.087640
2665.426423 39.756880
2665.841500 39.901439
2666.256576 40.037151
2666.671652 40.185133
2667.086728 40.203311
2667.501805 40.283537
2667.916881 40.125695
2668.331957 39.993071
2668.747033 40.106651
2669.162110 40.325554
2669.577186 40.326183
2669.992262 40.309245
2670.407338 40.168242
2670.822414 39.810329
2671.237491 40.088987
2671.652567 40.107489
2672.067643 40.357224
2672.482719 40.257019
2672.897796 40.192348
2673.312872 40.160533
2673.727948 40.131536
2674.143024 39.955506
2674.558101 39.754367
2674.973177 39.977289
2675.388253 39.775238
2675.803329 39.762183
2676.218406 39.876540
2676.633482 39.895647
2677.048558 39.848068
2677.463634 39.663293
2677.878710 39.576317
2678.293787 39.815862
2678.708863 39.930121
2679.123939 39.576168
2679.539015 39.598316
2679.954092 39.776475
2680.369168 39.521260
2680.784244 39.265654
2681.199320 39.488715
2681.614397 39.509641
2682.029473 39.630798
2682.444549 39.868297
2682.859625 39.968775
2683.274701 39.698806
2683.689778 39.432378
2684.104854 39.605993
2684.519930 39.484627
2684.935006 39.428983
2685.350083 39.504588
2685.765159 39.637807
2686.180235 39.703247
2686.595311 39.701549
2687.010388 39.472849
2687.425464 39.584019
2687.840540 39.721824
2688.255616 39.638511
2688.670693 39.712292
2689.085769 39.909328
2689.500845 40.050777
2689.915921 39.968176
2690.330997 39.768511
2690.746074 39.721127
2691.161150 39.691985
2691.576226 39.772955
2691.991302 39.631843
2692.406379 39.644247
2692.821455 39.722809
2693.236531 39.819629
2693.651607 39.651627
2694.066684 39.704236
2694.481760 39.692360
2694.896836 39.663905
2695.311912 39.705924
2695.726989 39.995016
2696.142065 39.850870
2696.557141 39.654018
2696.972217 39.669391
2697.387293 39.606535
2697.802370 39.826291
2698.217446 39.775068
2698.632522 39.570872
2699.047598 39.598519
2699.462675 39.565088
2699.877751 39.589229
2700.292827 39.728417
2700.707903 39.467206
2701.122980 39.666750
2701.538056 39.569905
2701.953132 39.634892
2702.368208 39.758602
2702.783285 39.408523
2703.198361 39.672183
2703.613437 39.818806
2704.028513 39.512688
2704.443589 39.785244
2704.858666 39.824553
2705.273742 39.769776
2705.688818 39.733315
2706.103894 39.630821
2706.518971 39.721192
2706.934047 39.696492
2707.349123 39.639504
2707.764199 39.827122
2708.179276 39.876322
2708.594352 39.954800
2709.009428 40.438791
2709.424504 40.180183
2709.839580 40.349164
2710.254657 39.791289
2710.669733 39.580181
2711.084809 39.997540
2711.499885 40.297520
2711.914962 40.045190
2712.330038 40.327422
2712.745114 40.256757
2713.160190 40.296335
2713.575267 40.345872
2713.990343 40.540567
2714.405419 40.413448
2714.820495 40.384959
2715.235572 40.247742
2715.650648 40.407852
2716.065724 40.489388
2716.480800 40.680698
2716.895876 40.532347
2717.310953 40.478073
2717.726029 40.457737
2718.141105 40.217235
2718.556181 40.196008
2718.971258 40.464015
2719.386334 40.552158
2719.801410 40.582190
2720.216486 40.598350
2720.631563 40.736991
2721.046639 40.748494
2721.461715 40.785427
2721.876791 40.619895
2722.291868 40.270066
2722.706944 40.564754
2723.122020 40.485687
2723.537096 40.692126
2723.952172 40.485731
2724.367249 40.750228
2724.782325 40.761398
2725.197401 40.787035
2725.612477 40.605355
2726.027554 40.238643
2726.442630 40.588152
2726.857706 40.693236
2727.272782 40.810810
2727.687859 40.966926
2728.102935 41.318050
2728.518011 41.067412
2728.933087 40.621683
2729.348164 40.466572
2729.763240 40.538083
2730.178316 40.790626
2730.593392 40.844021
2731.008468 40.504671
2731.423545 40.212843
2731.838621 40.402187
2732.253697 40.674439
2732.668773 40.434280
2733.083850 40.480000
2733.498926 40.745020
2733.914002 40.949126
2734.329078 40.711397
2734.744155 40.757062
2735.159231 40.808561
2735.574307 40.999652
2735.989383 40.786683
2736.404459 40.744067
2736.819536 40.829848
2737.234612 40.929789
2737.649688 40.961796
2738.064764 41.096351
2738.479841 40.766766
2738.894917 41.047597
2739.309993 41.166168
2739.725069 40.945267
2740.140146 41.340528
2740.555222 41.470864
2740.970298 41.314806
2741.385374 41.298413
2741.800451 41.221311
2742.215527 41.209284
2742.630603 41.347261
2743.045679 41.292112
2743.460755 41.353127
2743.875832 41.438137
2744.290908 41.722042
2744.705984 41.720838
2745.121060 41.659379
2745.536137 41.460330
2745.951213 41.406004
2746.366289 41.827985
2746.781365 41.880902
2747.196442 41.595732
2747.611518 41.713245
2748.026594 41.439952
2748.441670 41.550184
2748.856747 41.550770
2749.271823 41.510290
2749.686899 41.439071
2750.101975 41.659741
2750.517051 41.849932
2750.932128 41.652106
2751.347204 41.696374
2751.762280 41.971635
2752.177356 42.139581
2752.592433 42.268987
2753.007509 41.724180
2753.422585 41.763724
2753.837661 41.736487
2754.252738 41.684408
2754.667814 41.717408
2755.082890 41.705919
2755.497966 41.800845
2755.913043 41.572254
2756.328119 41.404389
2756.743195 40.941893
2757.158271 40.158856
2757.573347 39.382636
2757.988424 39.247071
2758.403500 40.007636
2758.818576 40.821473
2759.233652 41.672530
2759.648729 41.811981
2760.063805 41.782605
2760.478881 41.691723
2760.893957 41.687878
2761.309034 41.639101
2761.724110 41.488494
2762.139186 41.521417
2762.554262 41.476233
2762.969338 41.449014
2763.384415 41.353487
2763.799491 41.624291
2764.214567 41.127112
2764.629643 40.627773
2765.044720 40.146004
2765.459796 40.903706
2765.874872 41.164117
2766.289948 41.306896
2766.705025 41.267173
2767.120101 41.420464
2767.535177 41.646755
2767.950253 41.589114
2768.365330 41.653677
2768.780406 41.546031
2769.195482 41.354794
2769.610558 41.520238
2770.025634 41.502728
2770.440711 41.782758
2770.855787 41.889406
2771.270863 41.602699
2771.685939 41.642111
2772.101016 42.100565
2772.516092 42.266394
2772.931168 42.261699
2773.346244 42.094369
2773.761321 41.888028
2774.176397 41.783030
2774.591473 42.218891
2775.006549 42.126998
2775.421626 42.071896
2775.836702 42.691626
2776.251778 42.934670
2776.666854 42.791441
2777.081930 42.971579
2777.497007 42.754002
2777.912083 42.433786
2778.327159 42.729999
2778.742235 42.942008
2779.157312 42.967701
2779.572388 43.105098
2779.987464 43.463450
2780.402540 43.703259
2780.817617 43.863828
2781.232693 43.930137
2781.647769 44.108810
2782.062845 44.450405
2782.477922 44.677806
2782.892998 44.646526
2783.308074 44.983633
2783.723150 45.073420
2784.138226 45.364692
2784.553303 45.555693
2784.968379 45.754467
2785.383455 45.834246
2785.798531 46.385991
2786.213608 46.413259
2786.628684 46.773347
2787.043760 47.521364
2787.458836 47.735570
2787.873913 48.048659
2788.288989 48.288556
2788.704065 48.444981
2789.119141 48.624210
2789.534217 48.861180
2789.949294 49.047846
2790.364370 49.698911
2790.779446 49.885845
2791.194522 50.233622
2791.609599 50.504869
2792.024675 50.739803
2792.439751 51.321397
2792.854827 51.486025
2793.269904 51.447134
2793.684980 51.910447
2794.100056 52.199159
2794.515132 52.756688
2794.930209 52.969470
2795.345285 53.308365
2795.760361 53.524186
2796.175437 53.919867
2796.590513 54.555090
2797.005590 54.715535
2797.420666 54.854920
2797.835742 55.305555
2798.250818 55.640683
2798.665895 55.603487
2799.080971 55.660276
2799.496047 55.803139
2799.911123 55.927623
2800.326200 55.982925
2800.741276 56.256561
2801.156352 56.338055
2801.571428 56.232127
2801.986505 55.823965
2802.401581 55.882951
2802.816657 55.875456
2803.231733 55.780423
2803.646809 55.475865
2804.061886 55.547672
2804.476962 55.124822
2804.892038 54.730266
2805.307114 54.286514
2805.722191 53.917714
2806.137267 53.809884
2806.552343 53.484362
2806.967419 53.139121
2807.382496 52.922117
2807.797572 52.269183
2808.212648 52.135744
2808.627724 52.026951
2809.042801 51.628990
2809.457877 51.233056
2809.872953 50.456431
2810.288029 50.147046
2810.703105 49.895332
2811.118182 49.509812
2811.533258 49.123260
2811.948334 48.340585
2812.363410 47.706746
2812.778487 46.975231
2813.193563 47.103414
2813.608639 46.944527
2814.023715 46.157829
2814.438792 45.953097
2814.853868 45.233054
2815.268944 44.836360
2815.684020 44.315054
2816.099097 44.395157
2816.514173 44.047435
2816.929249 43.417651
2817.344325 43.244543
2817.759401 42.870778
2818.174478 42.779881
2818.589554 42.556840
2819.004630 42.513405
2819.419706 42.198613
2819.834783 41.748763
2820.249859 41.509675
2820.664935 41.480708
2821.080011 40.789140
2821.495088 38.558195
2821.910164 37.145660
2822.325240 37.065544
2822.740316 39.039116
2823.155392 39.883147
2823.570469 40.227171
2823.985545 39.414529
2824.400621 37.300738
2824.815697 36.418003
2825.230774 37.452704
2825.645850 39.810972
2826.060926 40.032420
2826.476002 40.174573
2826.891079 39.836381
2827.306155 39.834508
2827.721231 40.008021
2828.136307 39.837884
2828.551384 40.009562
2828.966460 40.245857
2829.381536 40.068772
2829.796612 40.234918
2830.211688 40.082901
2830.626765 40.067342
2831.041841 40.335924
2831.456917 40.075945
2831.871993 39.861037
2832.287070 39.849029
2832.702146 39.885934
2833.117222 39.942294
2833.532298 40.041540
2833.947375 40.242105
2834.362451 40.487516
2834.777527 40.414365
2835.192603 40.201313
2835.607680 39.968915
2836.022756 39.653618
2836.437832 39.951190
2836.852908 40.447601
2837.267984 40.307448
2837.683061 40.213228
2838.098137 39.931074
2838.513213 40.151478
2838.928289 39.992778
2839.343366 40.153401
2839.758442 40.215961
2840.173518 40.481461
2840.588594 40.636920
2841.003671 40.563967
2841.418747 40.203392
2841.833823 39.977126
2842.248899 40.186434
2842.663976 40.309057
2843.079052 40.256257
2843.494128 39.937628
2843.909204 40.382000
2844.324280 40.422825
2844.739357 40.089584
2845.154433 39.949050
2845.569509 40.033320
2845.984585 40.200305
2846.399662 39.479817
2846.814738 39.949586
2847.229814 39.922404
2847.644890 39.748699
2848.059967 39.754039
2848.475043 39.736710
2848.890119 39.992537
2849.305195 39.801593
2849.720271 39.718172
2850.135348 39.678603
2850.550424 39.829918
2850.965500 39.805333
2851.380576 39.551480
2851.795653 39.063002
2852.210729 39.089059
2852.625805 39.317541
2853.040881 38.980647
2853.455958 38.715001
2853.871034 38.922694
2854.286110 38.743025
2854.701186 39.257554
2855.116263 39.081487
2855.531339 39.133089
2855.946415 38.985389
2856.361491 38.694413
2856.776567 38.579639
2857.191644 38.428006
2857.606720 38.586378
2858.021796 38.700604
2858.436872 38.792411
2858.851949 38.437135
2859.267025 38.376327
2859.682101 38.141582
2860.097177 38.268690
2860.512254 38.570999
2860.927330 38.645006
2861.342406 38.486060
2861.757482 38.375854
2862.172559 38.187383
2862.587635 38.266202
2863.002711 38.205531
2863.417787 38.100643
2863.832863 38.078175
2864.247940 37.946254
2864.663016 38.238053
2865.078092 38.356031
2865.493168 38.267534
2865.908245 38.203813
2866.323321 37.849373
2866.738397 37.898041
2867.153473 37.940866
2867.568550 38.065642
2867.983626 37.712648
2868.398702 37.642174
2868.813778 37.782285
2869.228855 37.606119
2869.643931 37.973172
2870.059007 38.083121
2870.474083 37.885514
2870.889159 37.845559
2871.304236 37.499843
2871.719312 37.690157
2872.134388 37.686934
2872.549464 37.917615
2872.964541 37.420816
2873.379617 37.538082
2873.794693 37.997722
2874.209769 37.853199
2874.624846 37.371805
2875.039922 37.545028
2875.454998 37.748996
2875.870074 37.480470
2876.285150 37.432738
2876.700227 37.718742
2877.115303 37.709863
2877.530379 37.620661
2877.945455 37.583221
2878.360532 37.571926
2878.775608 37.186224
2879.190684 37.562163
2879.605760 37.482581
2880.020837 37.379874
2880.435913 37.432600
2880.850989 37.506232
2881.266065 37.513813
2881.681142 37.467704
2882.096218 37.338623
2882.511294 37.159266
2882.926370 37.228169
2883.341446 37.236196
2883.756523 37.409682
2884.171599 37.681858
2884.586675 37.485997
2885.001751 37.011486
2885.416828 36.850838
2885.831904 36.859053
2886.246980 36.857103
2886.662056 36.922778
2887.077133 37.093602
2887.492209 37.019622
2887.907285 36.914816
2888.322361 36.978005
2888.737438 37.365686
2889.152514 37.252591
2889.567590 36.954590
2889.982666 36.818402
2890.397742 37.107247
2890.812819 36.995166
2891.227895 37.116677
2891.642971 37.169301
2892.058047 37.081948
2892.473124 36.817991
2892.888200 36.677543
2893.303276 36.617793
2893.718352 36.408732
2894.133429 36.421756
2894.548505 36.289847
2894.963581 36.095911
2895.378657 36.166833
2895.793734 36.426671
2896.208810 36.312803
2896.623886 36.189379
2897.038962 35.985953
2897.454038 36.213252
2897.869115 36.271823
2898.284191 36.550097
2898.699267 36.290448
2899.114343 36.115388
2899.529420 35.990133
2899.944496 36.049806
2900.359572 36.275249
2900.774648 36.301415
2901.189725 36.128856
2901.604801 35.721779
2902.019877 35.439392
2902.434953 35.359370
2902.850029 35.505298
2903.265106 35.882967
2903.680182 36.177620
2904.095258 36.142227
2904.510334 35.989520
2904.925411 35.832704
2905.340487 35.895943
2905.755563 35.803982
2906.170639 35.635209
2906.585716 35.225673
2907.000792 35.129594
2907.415868 35.295993
2907.830944 35.400352
2908.246021 35.552308
2908.661097 35.264526
2909.076173 35.433281
2909.491249 35.353111
2909.906325 35.593688
2910.321402 35.842416
2910.736478 35.419489
2911.151554 35.180825
2911.566630 35.471788
2911.981707 35.094622
2912.396783 35.321587
2912.811859 35.155943
2913.226935 35.163846
2913.642012 35.225464
2914.057088 35.063526
2914.472164 35.314369
2914.887240 35.192902
2915.302317 35.337126
2915.717393 35.345649
2916.132469 35.808007
2916.547545 35.551305
2916.962621 35.528778
2917.377698 35.478569
2917.792774 35.381392
2918.207850 35.391620
2918.622926 35.554316
2919.038003 35.692578
2919.453079 35.617825
2919.868155 35.505282
2920.283231 35.489638
2920.698308 35.811299
2921.113384 35.823891
2921.528460 35.747968
2921.943536 35.920850
2922.358613 36.061793
2922.773689 36.155223
2923.188765 36.224077
2923.603841 36.057868
2924.018917 35.857128
2924.433994 36.044991
2924.849070 36.203409
2925.264146 35.967988
2925.679222 36.249717
2926.094299 36.177442
2926.509375 36.267561
2926.924451 36.511578
2927.339527 36.680364
2927.754604 36.717711
2928.169680 36.560616
2928.584756 36.247692
2928.999832 36.379121
2929.414908 36.537401
2929.829985 36.636307
2930.245061 36.389344
2930.660137 36.578209
2931.075213 36.855116
2931.490290 36.789107
2931.905366 36.608813
2932.320442 36.780973
2932.735518 36.896101
2933.150595 37.107212
2933.565671 36.937965
2933.980747 36.678682
2934.395823 36.533715
2934.810900 36.661556
2935.225976 36.764435
2935.641052 37.150523
2936.056128 37.218316
2936.471204 36.687836
2936.886281 36.807765
2937.301357 36.716412
2937.716433 36.657448
2938.131509 36.682552
2938.546586 36.798407
2938.961662 36.801018
2939.376738 36.878087
2939.791814 36.578433
2940.206891 36.595417
2940.621967 36.512459
2941.037043 36.445143
2941.452119 36.609837
2941.867196 36.868563
2942.282272 37.080235
2942.697348 36.788941
2943.112424 36.582668
2943.527500 36.584381
2943.942577 36.410309
2944.357653 36.308004
2944.772729 36.515781
2945.187805 36.417071
2945.602882 36.449101
2946.017958 36.682697
2946.433034 36.626096
2946.848110 36.570448
2947.263187 36.488192
2947.678263 36.320583
2948.093339 36.325385
2948.508415 36.737354
2948.923492 36.712237
2949.338568 36.682249
2949.753644 36.405465
2950.168720 36.517443
2950.583796 36.367488
2950.998873 36.369431
2951.413949 36.474539
2951.829025 36.579650
2952.244101 36.571537
2952.659178 36.708798
2953.074254 36.524193
2953.489330 36.370981
2953.904406 36.421873
2954.319483 36.659692
2954.734559 36.572882
2955.149635 36.518271
2955.564711 36.449061
2955.979787 36.312969
2956.394864 36.433292
2956.809940 36.568783
2957.225016 36.464101
2957.640092 36.342304
2958.055169 36.391326
2958.470245 36.388295
2958.885321 36.291190
2959.300397 36.083852
2959.715474 35.924433
2960.130550 36.355941
2960.545626 36.098432
2960.960702 35.941794
2961.375779 35.888592
2961.790855 36.107087
2962.205931 36.111673
2962.621007 35.995471
2963.036083 36.052528
2963.451160 36.142704
2963.866236 36.204406
2964.281312 36.168749
2964.696388 35.964518
2965.111465 36.017793
2965.526541 35.744582
2965.941617 36.045084
2966.356693 36.216724
2966.771770 35.813335
2967.186846 35.636151
2967.601922 35.841363
2968.016998 35.921634
2968.432075 35.871931
2968.847151 35.852914
2969.262227 35.846780
2969.677303 35.596337
2970.092379 35.476213
2970.507456 35.319012
2970.922532 35.732668
2971.337608 35.939151
2971.752684 36.044981
2972.167761 36.061169
2972.582837 35.818643
2972.997913 35.869967
2973.412989 36.192053
2973.828066 36.043128
2974.243142 35.878844
2974.658218 35.817318
2975.073294 36.165748
2975.488371 35.920111
2975.903447 35.871318
2976.318523 35.838362
2976.733599 35.893019
2977.148675 35.355305
2977.563752 35.302470
2977.978828 35.356687
2978.393904 35.229177
2978.808980 34.949236
2979.224057 34.662522
2979.639133 34.803563
2980.054209 34.763606
2980.469285 35.245402
2980.884362 35.574192
2981.299438 36.950318
2981.714514 36.336407
2982.129590 36.163675
2982.544666 34.661217
2982.959743 33.867844
2983.374819 33.789127
2983.789895 34.317631
2984.204971 35.522336
2984.620048 36.013188
2985.035124 35.736804
2985.450200 34.797712
2985.865276 34.723399
2986.280353 34.654918
2986.695429 35.046270
2987.110505 35.134844
2987.525581 34.985954
2987.940658 34.892673
2988.355734 34.948339
2988.770810 34.927582
2989.185886 35.056205
2989.600962 34.890851
2990.016039 34.885224
2990.431115 34.755117
2990.846191 34.693507
2991.261267 34.564342
2991.676344 34.211855
2992.091420 34.450787
2992.506496 34.392653
2992.921572 34.537143
2993.336649 34.839396
2993.751725 34.933613
2994.166801 34.644948
2994.581877 34.528723
2994.996954 34.311024
2995.412030 34.219019
2995.827106 33.968497
2996.242182 33.816853
2996.657258 33.679898
2997.072335 33.471078
2997.487411 33.919106
2997.902487 34.057108
2998.317563 33.898006
2998.732640 33.736222
2999.147716 33.600427
2999.562792 33.644842
2999.977868 33.744951
3000.392945 33.731448
3000.808021 33.811658
3001.223097 33.750559
3001.638173 33.764047
3002.053250 33.526079
3002.468326 33.663371
3002.883402 33.636411
3003.298478 33.564471
3003.713554 33.665746
3004.128631 33.649560
3004.543707 33.596300
3004.958783 33.760341
3005.373859 33.958625
3005.788936 33.820828
3006.204012 33.547724
3006.619088 33.386736
3007.034164 32.984614
3007.449241 33.031389
3007.864317 32.920119
3008.279393 33.231152
3008.694469 32.930514
3009.109545 32.719728
3009.524622 32.826479
3009.939698 33.008054
3010.354774 32.848807
3010.769850 32.843458
3011.184927 32.613519
3011.600003 32.454904
3012.015079 32.616677
3012.430155 32.723860
3012.845232 33.028415
3013.260308 32.893678
3013.675384 32.735409
3014.090460 32.457248
3014.505537 32.128240
3014.920613 32.042487
3015.335689 32.040376
3015.750765 31.851771
3016.165841 32.141867
3016.580918 32.410678
3016.995994 32.175587
3017.411070 32.030871
3017.826146 31.559757
3018.241223 31.872424
3018.656299 31.878909
3019.071375 31.916434
3019.486451 31.829211
3019.901528 31.776214
3020.316604 31.350129
3020.731680 31.042281
3021.146756 31.436793
3021.561833 31.592126
3021.976909 31.437166
3022.391985 31.728608
3022.807061 31.606903
3023.222137 31.746507
3023.637214 31.432936
3024.052290 31.514025
3024.467366 31.379562
3024.882442 31.298535
3025.297519 31.135138
3025.712595 31.046932
3026.127671 31.370742
3026.542747 31.404786
3026.957824 31.198502
3027.372900 31.542137
3027.787976 31.281910
3028.203052 31.328570
3028.618129 31.324090
3029.033205 31.157505
3029.448281 31.232945
3029.863357 31.494795
3030.278433 31.228589
3030.693510 31.222432
3031.108586 31.076016
3031.523662 31.203185
3031.938738 31.331011
3032.353815 31.656808
3032.768891 31.806797
3033.183967 31.547808
3033.599043 31.562021
3034.014120 31.203771
3034.429196 31.387541
3034.844272 31.266290
3035.259348 31.558926
3035.674424 31.692878
3036.089501 31.778313
3036.504577 31.607768
3036.919653 31.462936
3037.334729 31.656214
3037.749806 31.674810
3038.164882 31.738771
3038.579958 31.837127
3038.995034 31.563726
3039.410111 31.411104
3039.825187 31.302451
3040.240263 31.284616
3040.655339 31.295417
3041.070416 31.211122
3041.485492 31.432611
3041.900568 31.532590
3042.315644 31.536967
3042.730720 31.656875
3043.145797 31.599963
3043.560873 31.837539
3043.975949 31.725848
3044.391025 31.631036
3044.806102 31.420674
3045.221178 31.416340
3045.636254 31.417435
3046.051330 31.493371
3046.466407 31.679461
3046.881483 31.418850
3047.296559 31.553418
3047.711635 31.424716
3048.126712 31.436092
3048.541788 31.576429
3048.956864 31.521277
3049.371940 31.168925
3049.787016 31.209193
3050.202093 31.310355
3050.617169 31.447448
3051.032245 31.499375
3051.447321 31.249072
3051.862398 31.197122
3052.277474 31.410158
3052.692550 31.478435
3053.107626 31.735590
3053.522703 31.533664
3053.937779 31.491695
3054.352855 31.618416
3054.767931 31.677697
3055.183008 31.456470
3055.598084 31.467669
3056.013160 31.553311
3056.428236 31.598888
3056.843312 31.411154
3057.258389 31.289874
3057.673465 31.167614
3058.088541 31.395094
3058.503617 31.505812
3058.918694 31.462059
3059.333770 31.369730
3059.748846 31.443136
3060.163922 31.744210
3060.578999 31.711009
3060.994075 31.668917
3061.409151 31.694484
3061.824227 31.693829
3062.239303 31.877607
3062.654380 31.871014
3063.069456 31.907561
3063.484532 31.609164
3063.899608 31.523160
3064.314685 31.488472
3064.729761 31.583031
3065.144837 31.438192
3065.559913 31.355165
3065.974990 31.469064
3066.390066 31.656842
3066.805142 31.582939
3067.220218 31.815436
3067.635295 31.986356
3068.050371 31.803453
3068.465447 31.656079
3068.880523 31.620351
3069.295599 31.393890
3069.710676 31.619176
3070.125752 31.597764
3070.540828 31.858274
3070.955904 31.608402
3071.370981 31.691293
3071.786057 31.588382
3072.201133 31.745047
3072.616209 31.909111
3073.031286 32.016325
3073.446362 31.888023
3073.861438 31.802538
3074.276514 31.718640
3074.691591 31.773507
3075.106667 31.873609
3075.521743 31.891715
3075.936819 31.921303
3076.351895 31.695125
3076.766972 31.849401
3077.182048 32.173981
3077.597124 32.105823
3078.012200 31.836247
3078.427277 31.884844
3078.842353 31.672167
3079.257429 31.692394
3079.672505 31.682279
3080.087582 31.593437
3080.502658 31.513627
3080.917734 31.682598
3081.332810 31.500516
3081.747887 31.625964
3082.162963 31.580334
3082.578039 31.298546
3082.993115 31.490187
3083.408191 31.365806
3083.823268 31.477239
3084.238344 31.304556
3084.653420 31.310225
3085.068496 31.094769
3085.483573 31.175936
3085.898649 31.330588
3086.313725 31.425784
3086.728801 31.529740
3087.143878 31.310610
3087.558954 30.992620
3087.974030 31.443063
3088.389106 31.423183
3088.804182 31.443656
3089.219259 30.987444
3089.634335 31.012488
3090.049411 31.058127
3090.464487 30.849749
3090.879564 30.878290
3091.294640 30.911112
3091.709716 31.124497
3092.124792 31.143116
3092.539869 31.226964
3092.954945 31.145866
3093.370021 31.119088
3093.785097 31.014864
3094.200174 30.840523
3094.615250 30.699804
3095.030326 30.733564
3095.445402 30.947902
3095.860478 31.126275
3096.275555 30.940085
3096.690631 31.165568
3097.105707 31.112852
3097.520783 31.090088
3097.935860 31.080235
3098.350936 31.136727
3098.766012 31.192339
3099.181088 30.980395
3099.596165 30.881176
3100.011241 30.934573
3100.426317 30.913489
3100.841393 31.215863
3101.256470 31.186402
3101.671546 30.882102
3102.086622 30.860015
3102.501698 30.710995
3102.916774 30.698179
3103.331851 30.872984
3103.746927 30.963740
3104.162003 31.062665
3104.577079 30.943398
3104.992156 30.846225
3105.407232 30.815883
3105.822308 31.085295
3106.237384 31.193376
3106.652461 31.267894
3107.067537 31.138744
3107.482613 30.973511
3107.897689 31.124070
3108.312766 31.068795
3108.727842 31.303769
3109.142918 31.150488
3109.557994 31.403752
3109.973070 31.308640
3110.388147 31.153654
3110.803223 31.363864
3111.218299 31.217881
3111.633375 31.238082
3112.048452 31.193541
3112.463528 31.077814
3112.878604 31.177368
3113.293680 31.195658
3113.708757 31.334909
3114.123833 31.241147
3114.538909 31.027775
3114.953985 31.068929
3115.369061 31.324461
3115.784138 31.420346
3116.199214 31.380014
3116.614290 31.368821
3117.029366 31.387713
3117.444443 31.323148
3117.859519 31.312172
3118.274595 31.399054
3118.689671 31.291198
3119.104748 31.080637
3119.519824 31.009761
3119.934900 31.084357
3120.349976 31.119898
3120.765053 31.117496
3121.180129 31.173029
3121.595205 31.044536
3122.010281 31.078028
3122.425357 30.996756
3122.840434 31.236609
3123.255510 31.683249
3123.670586 31.488075
3124.085662 31.237579
3124.500739 31.184687
3124.915815 31.012228
3125.330891 31.125379
3125.745967 31.246481
3126.161044 31.130798
3126.576120 31.199396
3126.991196 31.443695
3127.406272 31.300315
3127.821349 31.395712
3128.236425 31.362063
3128.651501 31.511500
3129.066577 31.697854
3129.481653 31.463466
3129.896730 31.434360
3130.311806 31.398321
3130.726882 31.417990
3131.141958 31.593400
3131.557035 31.626401
3131.972111 31.538125
3132.387187 31.347524
3132.802263 31.179605
3133.217340 31.488613
3133.632416 31.394872
3134.047492 31.221948
3134.462568 31.249731
3134.877645 31.359140
3135.292721 31.230413
3135.707797 31.053769
3136.122873 31.055036
3136.537949 31.226742
3136.953026 31.473537
3137.368102 31.365577
3137.783178 31.181439
3138.198254 31.159947
3138.613331 31.104710
3139.028407 31.125662
3139.443483 31.382416
3139.858559 31.468725
3140.273636 31.293172
3140.688712 31.141064
3141.103788 31.213995
3141.518864 31.152184
3141.933940 31.247059
3142.349017 31.260543
3142.764093 31.110883
3143.179169 31.089602
3143.594245 31.148756
3144.009322 31.200992
3144.424398 31.495239
3144.839474 31.479623
3145.254550 31.172288
3145.669627 31.211172
3146.084703 30.945647
3146.499779 31.329414
3146.914855 31.131322
3147.329932 31.136436
3147.745008 30.821822
3148.160084 30.750956
3148.575160 30.844359
3148.990236 30.904296
3149.405313 30.816522
3149.820389 31.046725
3150.235465 31.105376
3150.650541 31.006023
3151.065618 30.716547
3151.480694 30.521651
3151.895770 30.909299
3152.310846 31.067721
3152.725923 30.791247
3153.140999 30.732603
3153.556075 30.999041
3153.971151 30.981006
3154.386228 30.916706
3154.801304 30.933411
3155.216380 30.974043
3155.631456 30.910149
3156.046532 31.182193
3156.461609 31.333319
3156.876685 31.292083
3157.291761 30.875072
3157.706837 30.922282
3158.121914 30.756587
3158.536990 31.207103
3158.952066 31.439894
3159.367142 31.493808
3159.782219 31.496958
3160.197295 31.397356
3160.612371 31.475662
3161.027447 31.383034
3161.442524 31.304583
3161.857600 31.326009
3162.272676 31.267377
3162.687752 31.174721
3163.102828 31.166273
3163.517905 31.375267
3163.932981 31.485124
3164.348057 31.393672
3164.763133 31.544619
3165.178210 31.495125
3165.593286 31.447823
3166.008362 31.447724
3166.423438 31.418750
3166.838515 31.456903
3167.253591 31.096067
3167.668667 31.232526
3168.083743 31.574728
3168.498819 31.265318
3168.913896 31.043475
3169.328972 31.207850
3169.744048 31.119951
3170.159124 31.705202
3170.574201 31.928291
3170.989277 31.667367
3171.404353 31.355819
3171.819429 31.347291
3172.234506 31.442389
3172.649582 31.762031
3173.064658 31.407194
3173.479734 31.533222
3173.894811 31.825906
3174.309887 31.683454
3174.724963 31.577838
3175.140039 31.521612
3175.555115 31.525407
3175.970192 31.696620
3176.385268 31.862409
3176.800344 31.795483
3177.215420 31.720479
3177.630497 31.759803
3178.045573 31.383212
3178.460649 31.054132
3178.875725 31.514285
3179.290802 31.670190
3179.705878 31.888546
3180.120954 32.158335
3180.536030 32.188102
3180.951107 32.375385
3181.366183 32.031263
3181.781259 32.001894
3182.196335 31.823833
3182.611411 32.235779
3183.026488 32.217794
3183.441564 32.188744
3183.856640 32.051806
3184.271716 31.874941
3184.686793 31.995396
3185.101869 31.870355
3185.516945 31.912522
3185.932021 31.896301
3186.347098 31.934371
3186.762174 31.879810
3187.177250 31.612588
3187.592326 31.417003
3188.007403 31.146582
3188.422479 32.063770
3188.837555 32.553469
3189.252631 32.943883
3189.667707 32.405690
3190.082784 31.723880
3190.497860 31.533017
3190.912936 31.043854
3191.328012 31.890877
3191.743089 32.393856
3192.158165 32.285358
3192.573241 32.373970
3192.988317 32.116507
3193.403394 32.205477
3193.818470 32.303881
3194.233546 32.235480
3194.648622 32.300587
3195.063698 32.120268
3195.478775 31.965793
3195.893851 32.089273
3196.308927 31.900799
3196.724003 31.984148
3197.139080 32.058478
3197.554156 32.199025
3197.969232 32.184981
3198.384308 32.109747
3198.799385 31.896728
3199.214461 31.957285
3199.629537 32.003714
3200.044613 31.990456
3200.459690 31.983834
3200.874766 31.760701
3201.289842 31.461697
3201.704918 31.347863
3202.119994 31.318206
3202.535071 31.091437
3202.950147 31.281665
3203.365223 31.492240
3203.780299 32.059902
3204.195376 32.250076
3204.610452 32.053130
3205.025528 31.608255
3205.440604 31.474400
3205.855681 31.235018
3206.270757 31.095740
3206.685833 30.966896
3207.100909 31.157354
3207.515986 31.453094
3207.931062 31.395429
3208.346138 31.488357
3208.761214 31.407255
3209.176290 31.214198
3209.591367 31.050984
3210.006443 30.950966
3210.421519 31.078064
3210.836595 31.069295
3211.251672 31.062875
3211.666748 31.129663
3212.081824 31.095129
3212.496900 31.203472
3212.911977 31.020592
3213.327053 30.970360
3213.742129 31.219354
3214.157205 31.227395
3214.572282 31.173161
3214.987358 30.798721
3215.402434 30.903736
3215.817510 30.899353
3216.232586 30.849525
3216.647663 30.810384
3217.062739 30.900509
3217.477815 30.925796
3217.892891 30.824299
3218.307968 30.712445
3218.723044 30.705739
3219.138120 30.753917
3219.553196 30.738052
3219.968273 30.749695
3220.383349 30.746929
3220.798425 30.884236
3221.213501 30.923855
3221.628577 30.766922
3222.043654 30.523096
3222.458730 30.542729
3222.873806 30.812233
3223.288882 30.890853
3223.703959 30.732115
3224.119035 30.414014
3224.534111 30.617693
3224.949187 30.741059
3225.364264 30.798516
3225.779340 30.879836
3226.194416 30.746734
3226.609492 30.836246
3227.024569 30.839637
3227.439645 30.752099
3227.854721 30.524526
3228.269797 30.382118
3228.684873 30.489849
3229.099950 30.452197
3229.515026 30.750160
3229.930102 30.801109
3230.345178 30.762769
3230.760255 30.544197
3231.175331 30.719125
3231.590407 30.728067
3232.005483 30.720945
3232.420560 30.716949
3232.835636 30.679169
3233.250712 30.671510
3233.665788 30.676189
3234.080865 30.501300
3234.495941 30.283006
3234.911017 30.258496
3235.326093 30.307361
3235.741169 30.496653
3236.156246 30.699746
3236.571322 30.779681
3236.986398 30.692680
3237.401474 30.457713
3237.816551 30.485186
3238.231627 30.555647
3238.646703 30.597061
3239.061779 30.373744
3239.476856 30.610550
3239.891932 30.537359
3240.307008 30.534553
3240.722084 30.594626
3241.137161 30.543194
3241.552237 30.239591
3241.967313 30.297251
3242.382389 30.342646
3242.797465 30.326307
3243.212542 30.357430
3243.627618 30.377480
3244.042694 30.145239
3244.457770 30.318741
3244.872847 30.422722
3245.287923 30.339423
3245.702999 30.325530
3246.118075 30.273390
3246.533152 30.408471
3246.948228 30.133553
3247.363304 30.210654
3247.778380 30.187480
3248.193456 30.014108
3248.608533 30.163073
3249.023609 30.075803
3249.438685 30.159297
3249.853761 30.266123
3250.268838 30.202233
3250.683914 30.031225
3251.098990 29.943533
3251.514066 30.224575
3251.929143 30.292650
3252.344219 30.183654
3252.759295 30.323999
3253.174371 30.332491
3253.589448 30.316544
3254.004524 30.146834
3254.419600 30.314810
3254.834676 30.171753
3255.249752 30.315332
3255.664829 30.273354
3256.079905 30.157833
3256.494981 30.280368
3256.910057 30.167479
3257.325134 30.212993
3257.740210 30.103894
3258.155286 30.215579
3258.570362 30.189700
3258.985439 30.357491
3259.400515 30.399208
3259.815591 30.512447
3260.230667 30.322198
3260.645744 30.149595
3261.060820 30.246572
3261.475896 30.328445
3261.890972 30.273084
3262.306048 30.172676
3262.721125 30.212796
3263.136201 29.915050
3263.551277 29.980151
3263.966353 30.058688
3264.381430 30.297929
3264.796506 30.033621
3265.211582 29.991891
3265.626658 30.011195
3266.041735 29.985179
3266.456811 30.129851
3266.871887 30.126335
3267.286963 30.139109
3267.702040 30.096619
3268.117116 30.141670
3268.532192 30.038142
3268.947268 29.909882
3269.362344 29.816902
3269.777421 29.945053
3270.192497 29.997520
3270.607573 29.963645
3271.022649 29.816047
3271.437726 29.812990
3271.852802 29.986850
3272.267878 29.862887
3272.682954 29.785010
3273.098031 29.811394
3273.513107 29.883533
3273.928183 30.160650
3274.343259 29.990423
3274.758335 29.705841
3275.173412 29.810238
3275.588488 29.769783
3276.003564 29.838145
3276.418640 30.109743
3276.833717 30.153879
3277.248793 30.206254
3277.663869 30.124469
3278.078945 30.031535
3278.494022 29.933500
3278.909098 30.013622
3279.324174 30.173445
3279.739250 30.207946
3280.154327 30.088940
3280.569403 30.243817
3280.984479 30.351636
3281.399555 30.243756
3281.814631 30.230387
3282.229708 30.244340
3282.644784 30.187541
3283.059860 29.955819
3283.474936 29.923766
3283.890013 29.906286
3284.305089 30.177570
3284.720165 30.473473
3285.135241 30.234085
3285.550318 29.828715
3285.965394 30.040400
3286.380470 30.097723
3286.795546 30.099991
3287.210623 30.205864
3287.625699 30.329928
3288.040775 30.396729
3288.455851 30.462165
3288.870927 30.330204
3289.286004 30.027453
3289.701080 29.907302
3290.116156 29.550005
3290.531232 29.871002
3290.946309 29.956012
3291.361385 29.857323
3291.776461 29.649140
3292.191537 29.804705
3292.606614 29.702651
3293.021690 29.950209
3293.436766 29.763246
3293.851842 29.550028
3294.266919 29.523788
3294.681995 29.311438
3295.097071 29.401151
3295.512147 29.517761
3295.927223 29.445561
3296.342300 29.396552
3296.757376 29.251405
3297.172452 29.386720
3297.587528 29.559718
3298.002605 29.551925
3298.417681 29.734834
3298.832757 29.845870
3299.247833 29.804504
3299.662910 29.599131
3300.077986 29.466270
3300.493062 29.489903
3300.908138 29.695154
3301.323215 29.346460
3301.738291 29.407308
3302.153367 29.588169
3302.568443 29.690562
3302.983519 29.603628
3303.398596 29.225839
3303.813672 29.272055
3304.228748 29.221837
3304.643824 29.138846
3305.058901 29.174795
3305.473977 29.362809
3305.889053 29.203273
3306.304129 29.172133
3306.719206 29.493653
3307.134282 29.288651
3307.549358 29.167888
3307.964434 29.132951
3308.379510 29.014816
3308.794587 29.091910
3309.209663 29.061598
3309.624739 28.966012
3310.039815 28.787440
3310.454892 28.772168
3310.869968 28.856013
3311.285044 29.019237
3311.700120 28.897437
3312.115197 28.683125
3312.530273 28.598375
3312.945349 28.485318
3313.360425 28.670811
3313.775502 28.634178
3314.190578 28.791417
3314.605654 28.867200
3315.020730 28.706990
3315.435806 28.733171
3315.850883 28.835792
3316.265959 28.745807
3316.681035 28.520112
3317.096111 28.477743
3317.511188 28.573588
3317.926264 28.434401
3318.341340 28.287993
3318.756416 28.328881
3319.171493 28.173740
3319.586569 28.207582
3320.001645 28.110939
3320.416721 28.147781
3320.831798 28.310431
3321.246874 28.190866
3321.661950 28.197421
3322.077026 28.433140
3322.492102 28.095781
3322.907179 28.102571
3323.322255 28.224356
3323.737331 28.389406
3324.152407 28.390066
3324.567484 28.460911
3324.982560 28.035587
3325.397636 28.026522
3325.812712 28.017997
3326.227789 28.074040
3326.642865 27.960225
3327.057941 28.002732
3327.473017 28.015793
3327.888094 27.812077
3328.303170 27.871978
3328.718246 27.805215
3329.133322 27.870529
3329.548398 28.063597
3329.963475 27.888874
3330.378551 27.986697
3330.793627 27.925155
3331.208703 27.887783
3331.623780 27.871387
3332.038856 27.706427
3332.453932 27.628234
3332.869008 27.456954
3333.284085 27.472754
3333.699161 27.506537
3334.114237 27.634003
3334.529313 27.667384
3334.944389 27.684604
3335.359466 27.845150
3335.774542 27.875308
3336.189618 27.659816
3336.604694 27.716900
3337.019771 27.699663
3337.434847 27.812339
3337.849923 27.781264
3338.264999 27.738449
3338.680076 27.639065
3339.095152 27.410889
3339.510228 27.484529
3339.925304 27.532714
3340.340381 27.406608
3340.755457 27.461234
3341.170533 27.642583
3341.585609 27.505927
3342.000685 27.485235
3342.415762 27.607894
3342.830838 27.522750
3343.245914 27.640011
3343.660990 27.730868
3344.076067 27.606229
3344.491143 27.474752
3344.906219 27.514807
3345.321295 27.629419
3345.736372 27.595871
3346.151448 27.542820
3346.566524 27.646750
3346.981600 27.645404
3347.396677 27.631819
3347.811753 27.342402
3348.226829 27.410872
3348.641905 27.439084
3349.056981 27.854467
3349.472058 27.621277
3349.887134 27.853432
3350.302210 27.636663
3350.717286 27.505343
3351.132363 27.402988
3351.547439 27.405861
3351.962515 27.577539
3352.377591 27.474783
3352.792668 27.412723
3353.207744 27.300031
3353.622820 27.340144
3354.037896 27.287035
3354.452973 27.306357
3354.868049 27.404001
3355.283125 27.319088
3355.698201 27.162226
3356.113277 27.197322
3356.528354 27.447495
3356.943430 27.446546
3357.358506 27.414792
3357.773582 27.265846
3358.188659 27.494242
3358.603735 27.427667
3359.018811 27.319825
3359.433887 27.648589
3359.848964 27.627160
3360.264040 27.488094
3360.679116 27.335141
3361.094192 27.434925
3361.509268 27.391539
3361.924345 27.290834
3362.339421 27.373393
3362.754497 27.283565
3363.169573 27.425496
3363.584650 27.342442
3363.999726 27.505997
3364.414802 27.544845
3364.829878 27.388812
3365.244955 27.359744
3365.660031 27.422823
3366.075107 27.271689
3366.490183 27.407260
3366.905260 27.586531
3367.320336 27.506378
3367.735412 27.487424
3368.150488 27.387839
3368.565564 27.278989
3368.980641 27.220349
3369.395717 27.207074
3369.810793 27.229423
3370.225869 27.396812
3370.640946 27.092847
3371.056022 27.231988
3371.471098 27.300439
3371.886174 27.277071
3372.301251 27.314596
3372.716327 27.238407
3373.131403 27.317297
3373.546479 27.348743
3373.961556 27.374859
3374.376632 27.323697
3374.791708 27.422849
3375.206784 27.500707
3375.621860 27.547714
3376.036937 27.479522
3376.452013 27.307670
3376.867089 27.330939
3377.282165 27.270527
3377.697242 27.230732
3378.112318 27.230914
3378.527394 27.219595
3378.942470 27.316602
3379.357547 27.357953
3379.772623 27.271785
3380.187699 27.350483
3380.602775 27.272468
3381.017852 27.470851
3381.432928 27.443101
3381.848004 27.297914
3382.263080 27.163545
3382.678156 27.134300
3383.093233 27.174472
3383.508309 27.241253
3383.923385 27.392994
3384.338461 27.250448
3384.753538 27.206546
3385.168614 27.110391
3385.583690 27.038024
3385.998766 27.271157
3386.413843 27.184030
3386.828919 27.511115
3387.243995 27.254196
3387.659071 27.149430
3388.074147 27.087622
3388.489224 27.148997
3388.904300 27.100955
3389.319376 26.935036
3389.734452 27.016019
3390.149529 27.038912
3390.564605 27.212749
3390.979681 27.187433
3391.394757 27.147533
3391.809834 27.194122
3392.224910 27.153280
3392.639986 27.273865
3393.055062 27.164642
3393.470139 27.280876
3393.885215 27.295395
3394.300291 27.363063
3394.715367 27.133829
3395.130443 27.187339
3395.545520 27.043999
3395.960596 27.064079
3396.375672 27.026171
3396.790748 26.973941
3397.205825 26.870760
3397.620901 26.942060
3398.035977 26.827931
3398.451053 26.741066
3398.866130 26.720258
3399.281206 26.778796
3399.696282 27.003416
3400.111358 26.928243
3400.526435 26.840703
3400.941511 26.941228
3401.356587 27.007776
3401.771663 27.158389
3402.186739 27.158720
3402.601816 27.266835
3403.016892 26.916055
3403.431968 26.752720
3403.847044 26.820867
3404.262121 26.956256
3404.677197 27.031277
3405.092273 27.083362
3405.507349 27.030200
3405.922426 27.047471
3406.337502 26.872406
3406.752578 26.636756
3407.167654 26.622392
3407.582731 26.865852
3407.997807 27.129142
3408.412883 27.021419
3408.827959 26.947488
3409.243035 26.830672
3409.658112 26.784438
3410.073188 27.062988
3410.488264 27.201730
3410.903340 26.954484
3411.318417 26.865133
3411.733493 26.872723
3412.148569 26.912744
3412.563645 26.898912
3412.978722 26.875303
3413.393798 26.994614
3413.808874 26.898759
3414.223950 26.819148
3414.639026 26.829822
3415.054103 26.712602
3415.469179 26.662521
3415.884255 26.898177
3416.299331 26.936824
3416.714408 26.893432
3417.129484 26.837371
3417.544560 26.627881
3417.959636 26.662437
3418.374713 26.740770
3418.789789 26.730155
3419.204865 26.820451
3419.619941 26.754797
3420.035018 26.770024
3420.450094 26.911787
3420.865170 27.020584
3421.280246 26.786712
3421.695322 26.742739
3422.110399 26.619930
3422.525475 26.491515
3422.940551 26.348729
3423.355627 26.493565
3423.770704 26.702642
3424.185780 26.743855
3424.600856 26.695782
3425.015932 26.527731
3425.431009 26.531517
3425.846085 26.450582
3426.261161 26.570355
3426.676237 26.623230
3427.091314 26.616742
3427.506390 26.513463
3427.921466 26.434072
3428.336542 26.559118
3428.751618 26.586962
3429.166695 26.693034
3429.581771 26.595384
3429.996847 26.460008
3430.411923 26.533083
3430.827000 26.533911
3431.242076 26.474481
3431.657152 26.451946
3432.072228 26.410297
3432.487305 26.350748
3432.902381 26.469618
3433.317457 26.638679
3433.732533 26.490101
3434.147610 26.534332
3434.562686 26.318549
3434.977762 26.349452
3435.392838 26.434703
3435.807914 26.503872
3436.222991 26.596182
3436.638067 26.668491
3437.053143 26.614770
3437.468219 26.695137
3437.883296 26.540863
3438.298372 26.347094
3438.713448 26.320861
3439.128524 26.458216
3439.543601 26.496964
3439.958677 26.571082
3440.373753 26.480041
3440.788829 26.282443
3441.203905 26.374203
3441.618982 26.412061
3442.034058 26.430546
3442.449134 26.455060
3442.864210 26.456959
3443.279287 26.276169
3443.694363 26.325455
3444.109439 26.374033
3444.524515 26.485603
3444.939592 26.705582
3445.354668 26.648877
3445.769744 26.594360
3446.184820 26.648228
3446.599897 26.409332
3447.014973 26.369185
3447.430049 26.503625
3447.845125 26.412798
3448.260201 26.344956
3448.675278 26.359569
3449.090354 26.239892
3449.505430 26.332006
3449.920506 26.668238
3450.335583 26.419669
3450.750659 26.258769
3451.165735 26.192655
3451.580811 26.347255
3451.995888 26.375914
3452.410964 26.404853
3452.826040 26.480323
3453.241116 26.524636
3453.656193 26.580468
3454.071269 26.392750
3454.486345 26.302300
3454.901421 26.363648
3455.316497 26.386604
3455.731574 26.642059
3456.146650 26.652695
3456.561726 26.516617
3456.976802 26.251398
3457.391879 26.177169
3457.806955 26.084756
3458.222031 26.237201
3458.637107 26.391109
3459.052184 26.353406
3459.467260 26.225282
3459.882336 26.290845
3460.297412 26.462167
3460.712489 26.490484
3461.127565 26.617921
3461.542641 26.490472
3461.957717 26.436284
3462.372793 26.266503
3462.787870 25.983458
3463.202946 26.247383
3463.618022 26.467721
3464.033098 26.588187
3464.448175 26.617119
3464.863251 26.362178
3465.278327 26.357227
3465.693403 26.295084
3466.108480 26.382437
3466.523556 26.316159
3466.938632 26.271016
3467.353708 26.373424
3467.768784 26.500796
3468.183861 26.532644
3468.598937 26.683232
3469.014013 26.565467
3469.429089 26.534417
3469.844166 26.681772
3470.259242 26.575840
3470.674318 26.496538
3471.089394 26.647141
3471.504471 26.599545
3471.919547 26.565804
3472.334623 26.706965
3472.749699 26.468324
3473.164776 26.335319
3473.579852 26.516274
3473.994928 26.148160
3474.410004 26.475446
3474.825080 26.434550
3475.240157 26.435132
3475.655233 26.393957
3476.070309 26.306991
3476.485385 26.028710
3476.900462 26.054554
3477.315538 26.262480
3477.730614 26.622472
3478.145690 26.902543
3478.560767 26.735158
3478.975843 26.602990
3479.390919 26.498905
3479.805995 26.550056
3480.221072 26.554006
3480.636148 26.461554
3481.051224 26.313914
3481.466300 26.506902
3481.881376 26.333836
3482.296453 26.460123
3482.711529 26.375034
3483.126605 26.347548
3483.541681 26.182984
3483.956758 26.076042
3484.371834 26.023684
3484.786910 26.195800
3485.201986 26.276069
3485.617063 26.249205
3486.032139 26.187870
3486.447215 26.320134
3486.862291 26.189859
3487.277368 26.332477
3487.692444 26.284048
3488.107520 26.021781
3488.522596 26.095989
3488.937672 26.233300
3489.352749 26.243279
3489.767825 26.288322
3490.182901 26.163611
3490.597977 26.198707
3491.013054 26.214199
3491.428130 26.370890
3491.843206 26.321110
3492.258282 26.496995
3492.673359 26.306893
3493.088435 26.202948
3493.503511 26.086224
3493.918587 26.149622
3494.333663 26.134494
3494.748740 26.245901
3495.163816 26.422762
3495.578892 26.454754
3495.993968 26.535471
3496.409045 26.590605
3496.824121 26.361160
3497.239197 26.234485
3497.654273 26.117638
3498.069350 26.145499
3498.484426 26.110116
3498.899502 26.219617
3499.314578 26.069559
3499.729655 26.011899
3500.144731 26.035194
3500.559807 25.984610
3500.974883 26.186730
3501.389959 26.212738
3501.805036 25.976719
3502.220112 25.881974
3502.635188 25.913608
3503.050264 25.945763
3503.465341 25.850346
3503.880417 25.806492
3504.295493 25.662716
3504.710569 25.672092
3505.125646 25.788897
3505.540722 25.709575
3505.955798 25.776447
3506.370874 25.652455
3506.785951 25.775072
3507.201027 25.877773
3507.616103 25.769269
3508.031179 25.802226
3508.446255 25.646032
3508.861332 25.814339
3509.276408 25.834103
3509.691484 25.862165
3510.106560 25.845958
3510.521637 25.678081
3510.936713 25.647096
3511.351789 25.724975
3511.766865 25.688686
3512.181942 25.656271
3512.597018 25.587271
3513.012094 25.768035
3513.427170 25.599155
3513.842247 25.667696
3514.257323 25.642826
3514.672399 25.534439
3515.087475 25.469025
3515.502551 25.609219
3515.917628 25.615973
3516.332704 25.570932
3516.747780 25.540150
3517.162856 25.465037
3517.577933 25.291353
3517.993009 25.152587
3518.408085 24.983968
3518.823161 25.016318
3519.238238 25.005425
3519.653314 25.134874
3520.068390 24.963659
3520.483466 24.988133
3520.898542 25.058786
3521.313619 25.237125
3521.728695 25.127189
3522.143771 24.991551
3522.558847 24.883945
3522.973924 24.690498
3523.389000 24.878203
3523.804076 25.035007
3524.219152 24.882172
3524.634229 24.918721
3525.049305 24.784498
3525.464381 24.940870
3525.879457 24.881864
3526.294534 24.819684
3526.709610 24.761991
3527.124686 24.615920
3527.539762 24.483645
3527.954838 24.639795
3528.369915 24.629270
3528.784991 24.761385
3529.200067 24.711769
3529.615143 24.459330
3530.030220 24.449649
3530.445296 24.513074
3530.860372 24.540478
3531.275448 24.551485
3531.690525 24.571094
3532.105601 24.503433
3532.520677 24.086323
3532.935753 23.828428
3533.350830 23.902381
3533.765906 24.198288
3534.180982 24.211044
3534.596058 24.302968
3535.011134 24.074095
3535.426211 23.902628
3535.841287 24.079215
3536.256363 24.071151
3536.671439 24.148050
3537.086516 24.144691
3537.501592 24.095327
3537.916668 24.113161
3538.331744 24.150722
3538.746821 24.055798
3539.161897 23.933000
3539.576973 23.790114
3539.992049 23.795157
3540.407126 23.780841
3540.822202 23.787831
3541.237278 23.784131
3541.652354 23.773761
3542.067430 23.803320
3542.482507 23.777727
3542.897583 23.718777
3543.312659 23.700985
3543.727735 23.654568
3544.142812 23.697000
3544.557888 23.429299
3544.972964 23.484831
3545.388040 23.534188
3545.803117 23.532063
3546.218193 23.525152
3546.633269 23.435667
3547.048345 23.432601
3547.463421 23.483870
3547.878498 23.524964
3548.293574 23.526497
3548.708650 23.617787
3549.123726 23.538377
3549.538803 23.580695
3549.953879 23.539026
3550.368955 23.639631
3550.784031 23.578025
3551.199108 23.387154
3551.614184 23.260871
3552.029260 23.362556
3552.444336 23.468108
3552.859413 23.334907
3553.274489 23.513431
3553.689565 23.440128
3554.104641 23.383251
3554.519717 23.564422
3554.934794 23.630594
3555.349870 23.606797
3555.764946 23.567046
3556.180022 23.500561
3556.595099 23.486471
3557.010175 23.309288
3557.425251 23.290677
3557.840327 23.188374
3558.255404 23.398835
3558.670480 23.347254
3559.085556 23.426905
3559.500632 23.577250
3559.915709 23.594403
3560.330785 23.608120
3560.745861 23.602265
3561.160937 23.456724
3561.576013 23.547920
3561.991090 23.611800
3562.406166 23.661894
3562.821242 23.576681
3563.236318 23.627124
3563.651395 23.526444
3564.066471 23.533520
3564.481547 23.564537
3564.896623 23.653638
3565.311700 23.636772
3565.726776 23.516838
3566.141852 23.549515
3566.556928 23.617121
3566.972005 23.562390
3567.387081 23.556518
3567.802157 23.563793
3568.217233 23.725476
3568.632309 23.763730
3569.047386 23.665634
3569.462462 23.405514
3569.877538 23.626167
3570.292614 23.864039
3570.707691 23.924964
3571.122767 23.986939
3571.537843 23.821532
3571.952919 23.740893
3572.367996 23.702089
3572.783072 23.748097
3573.198148 23.679040
3573.613224 23.687415
3574.028300 23.678456
3574.443377 23.787113
3574.858453 23.836778
3575.273529 23.873000
3575.688605 23.853554
3576.103682 23.892491
3576.518758 23.913308
3576.933834 23.856928
3577.348910 23.994302
3577.763987 24.045692
3578.179063 23.848993
3578.594139 23.968081
3579.009215 24.007126
3579.424292 23.988442
3579.839368 24.019180
3580.254444 24.001206
3580.669520 24.002004
3581.084596 24.042348
3581.499673 23.998660
3581.914749 23.929295
3582.329825 23.792457
3582.744901 23.767811
3583.159978 23.965312
3583.575054 24.004867
3583.990130 23.887607
3584.405206 23.847357
3584.820283 24.009239
3585.235359 24.279062
3585.650435 24.104259
3586.065511 23.866521
3586.480588 23.749680
3586.895664 23.744432
3587.310740 24.084076
3587.725816 24.031946
3588.140892 23.828345
3588.555969 23.601423
3588.971045 23.852180
3589.386121 23.949604
3589.801197 23.843548
3590.216274 23.930897
3590.631350 23.899906
3591.046426 24.080233
3591.461502 23.852438
3591.876579 23.829208
3592.291655 23.919335
3592.706731 24.064261
3593.121807 24.022560
3593.536884 23.857604
3593.951960 23.763994
3594.367036 23.622901
3594.782112 23.667906
3595.197188 23.693739
3595.612265 23.674838
3596.027341 23.712383
3596.442417 23.747862
3596.857493 23.687017
3597.272570 23.716216
3597.687646 23.612051
3598.102722 23.783434
3598.517798 23.797504
3598.932875 23.753267
3599.347951 23.828104
3599.763027 23.810124
3600.178103 23.886889
3600.593179 23.838118
3601.008256 23.806628
3601.423332 23.586450
3601.838408 23.577751
3602.253484 23.549574
3602.668561 23.764465
3603.083637 23.608204
3603.498713 23.598749
3603.913789 23.684900
3604.328866 23.610355
3604.743942 23.756105
3605.159018 23.602709
3605.574094 23.772088
3605.989171 23.864079
3606.404247 23.916561
3606.819323 23.866201
3607.234399 23.640221
3607.649475 23.646324
3608.064552 23.652581
3608.479628 23.507031
3608.894704 23.392635
3609.309780 23.544741
3609.724857 23.647775
3610.139933 23.528065
3610.555009 23.480262
3610.970085 23.282939
3611.385162 23.414083
3611.800238 23.392549
3612.215314 23.424935
3612.630390 23.440345
3613.045467 23.577066
3613.460543 23.553945
3613.875619 23.593185
3614.290695 23.603662
3614.705771 23.653393
3615.120848 23.743647
3615.535924 23.723604
3615.951000 23.519263
3616.366076 23.629269
3616.781153 23.625837
3617.196229 23.480438
3617.611305 23.451120
3618.026381 23.584372
3618.441458 23.624138
3618.856534 23.630406
3619.271610 23.560790
3619.686686 23.518608
3620.101763 23.684896
3620.516839 23.585878
3620.931915 23.563825
3621.346991 23.678081
3621.762067 23.665965
3622.177144 23.714396
3622.592220 23.684739
3623.007296 23.563213
3623.422372 23.589430
3623.837449 23.596575
3624.252525 23.586171
3624.667601 23.403011
3625.082677 23.356680
3625.497754 23.363471
3625.912830 23.575401
3626.327906 23.433489
3626.742982 23.390932
3627.158058 23.523234
3627.573135 23.556338
3627.988211 23.557496
3628.403287 23.455951
3628.818363 23.395055
3629.233440 23.375473
3629.648516 23.153380
3630.063592 23.083673
3630.478668 23.094866
3630.893745 23.029650
3631.308821 23.221643
3631.723897 23.239477
3632.138973 23.355721
3632.554050 23.223706
3632.969126 23.283607
3633.384202 23.412977
3633.799278 23.411164
3634.214354 23.289571
3634.629431 23.440253
3635.044507 23.266368
3635.459583 23.182973
3635.874659 23.068306
3636.289736 23.160375
3636.704812 23.170441
3637.119888 23.057603
3637.534964 23.179419
3637.950041 23.163730
3638.365117 23.077748
3638.780193 23.139974
3639.195269 23.172039
3639.610346 23.112193
3640.025422 23.122513
3640.440498 23.021721
3640.855574 22.890798
3641.270650 22.695422
3641.685727 22.876775
3642.100803 22.884907
3642.515879 22.901664
3642.930955 22.923774
3643.346032 23.079509
3643.761108 23.074402
3644.176184 23.218291
3644.591260 23.125258
3645.006337 23.228879
3645.421413 23.333588
3645.836489 23.182897
3646.251565 23.170676
3646.666642 22.944196
3647.081718 22.907310
3647.496794 22.940617
3647.911870 22.845505
3648.326946 22.820746
3648.742023 22.813877
3649.157099 22.753899
3649.572175 22.725086
3649.987251 22.834953
3650.402328 22.803771
3650.817404 22.746404
3651.232480 22.780082
3651.647556 22.750016
3652.062633 22.761928
3652.477709 22.734097
3652.892785 22.699120
3653.307861 22.681025
3653.722937 22.671354
3654.138014 22.703698
3654.553090 22.583611
3654.968166 22.652224
3655.383242 22.681238
3655.798319 22.482202
3656.213395 22.540776
3656.628471 22.613832
3657.043547 22.672975
3657.458624 22.550836
3657.873700 22.513346
3658.288776 22.640618
3658.703852 22.768493
3659.118929 22.632989
3659.534005 22.615648
3659.949081 22.609108
3660.364157 22.711346
3660.779233 22.362451
3661.194310 22.386508
3661.609386 22.498034
3662.024462 22.394929
3662.439538 22.529390
3662.854615 22.607906
3663.269691 22.621777
3663.684767 22.837881
3664.099843 22.503054
3664.514920 22.281045
3664.929996 22.070154
3665.345072 21.931524
3665.760148 21.950218
3666.175225 22.165936
3666.590301 22.221062
3667.005377 22.452671
3667.420453 22.595996
3667.835529 22.503316
3668.250606 22.160068
3668.665682 22.295061
3669.080758 22.114125
3669.495834 22.002530
3669.910911 22.164118
3670.325987 22.327566
3670.741063 22.364641
3671.156139 22.057264
3671.571216 22.014946
3671.986292 21.923090
3672.401368 22.132444
3672.816444 22.210594
3673.231521 22.197922
3673.646597 22.110655
3674.061673 22.059212
3674.476749 22.030826
3674.891825 22.226608
3675.306902 22.333801
3675.721978 22.327388
3676.137054 22.313374
3676.552130 22.204010
3676.967207 22.208476
3677.382283 22.240850
3677.797359 22.346833
3678.212435 22.359940
3678.627512 22.284188
3679.042588 22.486370
3679.457664 22.523901
3679.872740 22.467032
3680.287816 22.175722
3680.702893 22.194521
3681.117969 22.414966
3681.533045 22.474877
3681.948121 22.251907
3682.363198 22.325099
3682.778274 22.309387
3683.193350 22.180742
3683.608426 21.992486
3684.023503 22.104039
3684.438579 22.008245
3684.853655 21.892309
3685.268731 22.129236
3685.683808 22.260991
3686.098884 22.157296
3686.513960 22.170522
3686.929036 22.337183
3687.344112 22.355997
3687.759189 22.337759
3688.174265 22.066399
3688.589341 22.052019
3689.004417 22.198789
3689.419494 22.105308
3689.834570 22.065605
3690.249646 22.216061
3690.664722 22.158223
3691.079799 22.265856
3691.494875 22.265115
3691.909951 22.216093
3692.325027 22.088714
3692.740104 22.197151
3693.155180 22.135010
3693.570256 22.144021
3693.985332 21.993734
3694.400408 22.082359
3694.815485 22.166489
3695.230561 22.184775
3695.645637 22.214009
3696.060713 22.143711
3696.475790 22.009447
3696.890866 21.869338
3697.305942 22.005480
3697.721018 21.935565
3698.136095 22.075999
3698.551171 22.033768
3698.966247 22.142364
3699.381323 22.104984
3699.796400 21.874171
3700.211476 21.862972
3700.626552 22.007296
3701.041628 22.047409
3701.456704 21.988310
3701.871781 21.984133
3702.286857 21.916504
3702.701933 22.214390
3703.117009 22.184157
3703.532086 22.189275
3703.947162 21.904404
3704.362238 21.645622
3704.777314 21.608726
3705.192391 21.510675
3705.607467 21.529661
3706.022543 21.681836
3706.437619 21.653040
3706.852695 21.658857
3707.267772 21.636509
3707.682848 21.530876
3708.097924 21.526090
3708.513000 21.453302
3708.928077 21.815935
3709.343153 21.788045
3709.758229 21.918925
3710.173305 22.072227
3710.588382 21.788047
3711.003458 21.766888
3711.418534 21.645714
3711.833610 21.583870
3712.248687 21.647536
3712.663763 21.799942
3713.078839 21.743892
3713.493915 21.678239
3713.908991 21.720172
3714.324068 21.635901
3714.739144 21.663067
3715.154220 21.607570
3715.569296 21.791174
3715.984373 21.545419
3716.399449 21.454758
3716.814525 21.535516
3717.229601 21.469017
3717.644678 21.652973
3718.059754 21.798298
3718.474830 21.795569
3718.889906 21.946455
3719.304983 22.043541
3719.720059 21.860612
3720.135135 22.095813
3720.550211 21.938960
3720.965287 21.671131
3721.380364 21.830297
3721.795440 21.772471
3722.210516 21.822588
3722.625592 21.807137
3723.040669 21.917017
3723.455745 21.832033
3723.870821 21.934658
3724.285897 21.978910
3724.700974 21.910331
3725.116050 21.997663
3725.531126 21.796237
3725.946202 21.709904
3726.361279 21.853806
3726.776355 21.843044
3727.191431 21.719925
3727.606507 21.758698
3728.021583 21.870705
3728.436660 21.922037
3728.851736 21.838227
3729.266812 21.883415
3729.681888 21.876123
3730.096965 21.792684
3730.512041 22.071383
3730.927117 22.114770
3731.342193 21.877926
3731.757270 21.598269
3732.172346 21.872372
3732.587422 21.753146
3733.002498 21.907152
3733.417574 22.113543
3733.832651 22.018186
3734.247727 21.967920
3734.662803 21.946101
3735.077879 22.188810
3735.492956 22.202630
3735.908032 22.418982
3736.323108 22.483976
3736.738184 22.446179
3737.153261 22.386161
3737.568337 22.425476
3737.983413 22.542336
3738.398489 22.253302
3738.813566 22.176155
3739.228642 22.367554
3739.643718 22.222752
3740.058794 22.222928
3740.473870 22.140274
3740.888947 22.028198
3741.304023 21.781363
3741.719099 21.869405
3742.134175 21.794189
3742.549252 21.853165
3742.964328 21.550523
3743.379404 21.457545
3743.794480 21.373383
3744.209557 21.542561
3744.624633 21.657869
3745.039709 21.927507
3745.454785 22.102770
3745.869862 21.867038
3746.284938 21.679457
3746.700014 21.528897
3747.115090 21.735239
3747.530166 21.686787
3747.945243 21.674383
3748.360319 21.919248
3748.775395 21.967930
3749.190471 21.853420
3749.605548 21.950115
3750.020624 21.919583
3750.435700 21.838537
3750.850776 21.788175
3751.265853 21.682274
3751.680929 21.605928
3752.096005 21.805299
3752.511081 21.956442
3752.926158 21.965876
3753.341234 21.832334
3753.756310 21.814308
3754.171386 21.805133
3754.586462 21.836380
3755.001539 21.960699
3755.416615 21.941626
3755.831691 21.984317
3756.246767 21.793163
3756.661844 21.760681
3757.076920 21.883586
3757.491996 21.898968
3757.907072 21.823704
3758.322149 21.685530
3758.737225 21.689105
3759.152301 21.856281
3759.567377 21.951598
3759.982453 21.865411
3760.397530 21.902308
3760.812606 21.918485
3761.227682 21.758882
3761.642758 21.837335
3762.057835 21.869907
3762.472911 21.772678
3762.887987 21.855169
3763.303063 21.856930
3763.718140 21.881515
3764.133216 22.017605
3764.548292 22.017442
3764.963368 22.138794
3765.378445 21.953175
3765.793521 21.969367
3766.208597 21.929429
3766.623673 21.866961
3767.038749 21.855190
3767.453826 21.933804
3767.868902 21.960460
3768.283978 21.991238
3768.699054 21.951948
3769.114131 21.995921
3769.529207 21.988147
3769.944283 21.983871
3770.359359 22.100749
3770.774436 22.087299
3771.189512 21.908220
3771.604588 21.791827
3772.019664 21.818986
3772.434741 21.743852
3772.849817 21.736085
3773.264893 21.641151
3773.679969 21.698989
3774.095045 21.733287
3774.510122 21.725011
3774.925198 21.896428
3775.340274 21.914366
3775.755350 21.801693
3776.170427 21.746631
3776.585503 21.541388
3777.000579 21.422099
3777.415655 21.481611
3777.830732 21.476947
3778.245808 21.593082
3778.660884 21.559982
3779.075960 21.499311
3779.491037 21.414782
3779.906113 21.328045
3780.321189 21.421821
3780.736265 21.366429
3781.151341 21.213476
3781.566418 21.233576
3781.981494 21.261018
3782.396570 21.187505
3782.811646 21.171411
3783.226723 21.324611
3783.641799 21.137662
3784.056875 21.226458
3784.471951 21.291008
3784.887028 21.175979
3785.302104 21.008646
3785.717180 21.007228
3786.132256 21.189467
3786.547333 21.019230
3786.962409 20.919529
3787.377485 20.927602
3787.792561 20.748335
3788.207637 20.759499
3788.622714 20.755897
3789.037790 20.735615
3789.452866 20.889870
3789.867942 21.031087
3790.283019 21.005827
3790.698095 20.911578
3791.113171 20.977730
3791.528247 21.001276
3791.943324 20.965760
3792.358400 20.866420
3792.773476 20.752140
3793.188552 20.803158
3793.603628 20.669136
3794.018705 20.564569
3794.433781 20.500801
3794.848857 20.645933
3795.263933 20.674221
3795.679010 20.529746
3796.094086 20.449559
3796.509162 20.336793
3796.924238 20.296081
3797.339315 20.502187
3797.754391 20.573273
3798.169467 20.365734
3798.584543 20.156330
3798.999620 20.053359
3799.414696 20.141902
3799.829772 20.131441
3800.244848 20.176455
3800.659924 20.092543
3801.075001 20.001571
3801.490077 20.012140
3801.905153 20.050555
3802.320229 20.053801
3802.735306 19.957196
3803.150382 19.788887
3803.565458 19.773009
3803.980534 19.927911
3804.395611 20.000993
3804.810687 20.085575
3805.225763 19.799421
3805.640839 19.735484
3806.055916 19.848298
3806.470992 19.927637
3806.886068 19.803150
3807.301144 19.917495
3807.716220 19.814333
3808.131297 19.878938
3808.546373 19.622742
3808.961449 19.589883
3809.376525 19.565691
3809.791602 19.330757
3810.206678 19.626645
3810.621754 19.729007
3811.036830 19.804218
3811.451907 19.892952
3811.866983 19.989722
3812.282059 19.936870
3812.697135 19.935413
3813.112212 19.970615
3813.527288 19.938273
3813.942364 20.059817
3814.357440 20.113698
3814.772516 20.181029
3815.187593 20.086474
3815.602669 20.239757
3816.017745 20.022271
3816.432821 20.136367
3816.847898 20.157511
3817.262974 20.271630
3817.678050 20.254382
3818.093126 20.213452
3818.508203 20.236829
3818.923279 20.346045
3819.338355 20.139273
3819.753431 20.042957
3820.168507 20.045089
3820.583584 20.054821
3820.998660 20.181508
3821.413736 20.345478
3821.828812 20.338580
3822.243889 20.525424
3822.658965 20.362606
3823.074041 20.233870
3823.489117 20.336025
3823.904194 20.546468
3824.319270 20.600164
3824.734346 20.620481
3825.149422 20.585775
3825.564499 20.608787
3825.979575 20.557068
3826.394651 20.496384
3826.809727 20.613952
3827.224803 20.525262
3827.639880 20.552658
3828.054956 20.486031
3828.470032 20.455802
3828.885108 20.440776
3829.300185 20.394751
3829.715261 20.443004
3830.130337 20.468859
3830.545413 20.479995
3830.960490 20.398512
3831.375566 20.602511
3831.790642 20.714284
3832.205718 20.657824
3832.620795 20.592763
3833.035871 20.441848
3833.450947 20.209302
3833.866023 20.201903
3834.281099 20.421504
3834.696176 20.618906
3835.111252 20.559024
3835.526328 20.565041
3835.941404 20.446751
3836.356481 20.516781
3836.771557 20.473656
3837.186633 20.706316
3837.601709 20.544744
3838.016786 20.723002
3838.431862 20.681463
3838.846938 20.621493
3839.262014 20.840687
3839.677091 20.627461
3840.092167 20.495266
3840.507243 20.449854
3840.922319 20.408763
3841.337395 20.734828
3841.752472 20.565713
3842.167548 20.641848
3842.582624 20.643487
3842.997700 20.750031
3843.412777 20.761239
3843.827853 20.602821
3844.242929 20.516291
3844.658005 20.516036
3845.073082 20.472662
3845.488158 20.410503
3845.903234 20.392958
3846.318310 20.656953
3846.733386 20.408252
3847.148463 20.578602
3847.563539 20.374733
3847.978615 20.465110
3848.393691 20.513912
3848.808768 20.766650
3849.223844 20.698739
3849.638920 21.056859
3850.053996 20.990885
3850.469073 21.286505
3850.884149 21.148206
3851.299225 21.085459
3851.714301 20.978867
3852.129378 20.862604
3852.544454 20.998627
3852.959530 20.775425
3853.374606 20.893824
3853.789682 21.073288
3854.204759 21.107213
3854.619835 21.104246
3855.034911 20.889001
3855.449987 20.895227
3855.865064 20.897759
3856.280140 20.876620
3856.695216 21.150147
3857.110292 20.835630
3857.525369 20.554675
3857.940445 20.536311
3858.355521 20.599724
3858.770597 20.621141
3859.185674 20.949371
3859.600750 21.051815
3860.015826 21.135256
3860.430902 21.134466
3860.845978 20.880853
3861.261055 20.628319
3861.676131 20.918721
3862.091207 21.121319
3862.506283 20.949436
3862.921360 20.936752
3863.336436 21.171874
3863.751512 21.270184
3864.166588 21.238374
3864.581665 20.941792
3864.996741 20.684311
3865.411817 20.694534
3865.826893 20.800230
3866.241970 21.153854
3866.657046 20.994355
3867.072122 20.680137
3867.487198 20.568957
3867.902274 20.745510
3868.317351 20.908550
3868.732427 21.041706
3869.147503 21.052644
3869.562579 20.649925
3869.977656 20.251342
3870.392732 20.925975
3870.807808 21.495143
3871.222884 21.127907
3871.637961 21.057052
3872.053037 20.707208
3872.468113 20.533534
3872.883189 20.563112
3873.298265 20.672506
3873.713342 20.969724
3874.128418 20.402275
3874.543494 19.951345
3874.958570 20.188383
3875.373647 20.356135
3875.788723 20.653973
3876.203799 21.033991
3876.618875 20.752511
3877.033952 20.412537
3877.449028 20.225569
3877.864104 20.288527
3878.279180 20.190821
3878.694257 20.507914
3879.109333 20.566532
3879.524409 20.164282
3879.939485 20.078221
3880.354561 20.117350
3880.769638 19.964785
3881.184714 20.149464
3881.599790 20.295993
3882.014866 20.068992
3882.429943 19.794751
3882.845019 19.707504
3883.260095 19.791130
3883.675171 19.893536
3884.090248 20.071792
3884.505324 20.125578
3884.920400 20.034013
3885.335476 19.886334
3885.750553 19.585181
3886.165629 19.624352
3886.580705 19.705969
3886.995781 19.846064
3887.410857 19.669045
3887.825934 19.760633
3888.241010 19.734320
3888.656086 19.666210
3889.071162 19.676432
3889.486239 19.652060
3889.901315 19.623749
3890.316391 19.631227
3890.731467 19.598083
3891.146544 19.629795
3891.561620 19.500226
3891.976696 19.521109
3892.391772 19.514768
3892.806849 19.490878
3893.221925 19.501780
3893.637001 19.441066
3894.052077 19.303801
3894.467153 19.332028
3894.882230 19.537232
3895.297306 19.490365
3895.712382 19.359878
3896.127458 19.410423
3896.542535 19.221623
3896.957611 19.286060
3897.372687 19.311991
3897.787763 19.303366
3898.202840 19.477490
3898.617916 19.505122
3899.032992 19.525280
3899.448068 19.439232
3899.863144 19.261814
3900.278221 19.225834
3900.693297 19.228471
3901.108373 19.343489
3901.523449 19.377082
3901.938526 19.357460
3902.353602 19.381559
3902.768678 19.476822
3903.183754 19.220666
3903.598831 19.061268
3904.013907 19.145092
3904.428983 19.364751
3904.844059 19.323264
3905.259136 19.310678
3905.674212 19.109774
3906.089288 19.148112
3906.504364 19.142081
3906.919440 19.133445
3907.334517 19.130657
3907.749593 19.036563
3908.164669 19.020905
3908.579745 19.354651
3908.994822 19.294486
3909.409898 19.417122
3909.824974 19.257064
3910.240050 19.334964
3910.655127 19.328389
3911.070203 18.994213
3911.485279 19.058491
3911.900355 19.209759
3912.315432 19.274525
3912.730508 19.544050
3913.145584 19.609905
3913.560660 19.484137
3913.975736 19.430214
3914.390813 19.435561
3914.805889 19.508558
3915.220965 19.552672
3915.636041 19.570979
3916.051118 19.497661
3916.466194 19.534821
3916.881270 19.551273
3917.296346 19.415086
3917.711423 19.371212
3918.126499 19.479167
3918.541575 19.331880
3918.956651 19.443638
3919.371728 19.509141
3919.786804 19.509149
3920.201880 19.463465
3920.616956 19.384235
3921.032032 19.365294
3921.447109 19.438130
3921.862185 19.428051
3922.277261 19.514033
3922.692337 19.334156
3923.107414 19.257217
3923.522490 19.071994
3923.937566 19.287699
3924.352642 19.303322
3924.767719 19.350635
3925.182795 19.325486
3925.597871 19.432076
3926.012947 19.455325
3926.428023 19.435052
3926.843100 19.337140
3927.258176 19.358203
3927.673252 19.380246
3928.088328 19.028731
3928.503405 19.265468
3928.918481 19.155368
3929.333557 19.364213
3929.748633 19.339148
3930.163710 19.473094
3930.578786 19.491550
3930.993862 19.584547
3931.408938 19.581284
3931.824015 19.660610
3932.239091 19.568734
3932.654167 19.646301
3933.069243 19.674151
3933.484319 19.660510
3933.899396 19.814111
3934.314472 19.598772
3934.729548 19.604774
3935.144624 19.578072
3935.559701 19.566973
3935.974777 19.528499
3936.389853 19.772094
3936.804929 19.713548
3937.220006 19.782213
3937.635082 19.603932
3938.050158 19.543661
3938.465234 19.350136
3938.880311 19.370619
3939.295387 19.355587
3939.710463 19.388979
3940.125539 19.494438
3940.540615 19.344145
3940.955692 19.450297
3941.370768 19.465811
3941.785844 19.372910
3942.200920 19.423260
3942.615997 19.486264
3943.031073 19.580549
3943.446149 19.587081
3943.861225 19.632339
3944.276302 19.521356
3944.691378 19.502163
3945.106454 19.220111
3945.521530 19.268502
3945.936607 19.086626
3946.351683 19.211127
3946.766759 19.211575
3947.181835 19.249136
3947.596911 19.322527
3948.011988 19.374332
3948.427064 19.487449
3948.842140 19.396363
3949.257216 19.430275
3949.672293 19.533701
3950.087369 19.649302
3950.502445 19.724488
3950.917521 19.492875
3951.332598 19.506006
3951.747674 19.369616
3952.162750 19.403020
3952.577826 19.385238
3952.992902 19.464900
3953.407979 19.354930
3953.823055 19.164182
3954.238131 19.309715
3954.653207 19.324240
3955.068284 19.290468
3955.483360 19.323009
3955.898436 19.398099
3956.313512 19.448036
3956.728589 19.467645
3957.143665 19.520317
3957.558741 19.542038
3957.973817 19.383404
3958.388894 19.148648
3958.803970 18.960194
3959.219046 18.702042
3959.634122 18.974599
3960.049198 19.213068
3960.464275 19.122488
3960.879351 19.197538
3961.294427 19.157959
3961.709503 19.168402
3962.124580 19.130532
3962.539656 19.196891
3962.954732 19.239438
3963.369808 19.251066
3963.784885 19.287553
3964.199961 19.194227
3964.615037 19.062166
3965.030113 19.014417
3965.445190 19.139568
3965.860266 19.252055
3966.275342 19.215407
3966.690418 19.168075
3967.105494 19.258800
3967.520571 19.229344
3967.935647 19.173491
3968.350723 19.108197
3968.765799 18.984054
3969.180876 18.853486
3969.595952 18.871276
3970.011028 18.817867
3970.426104 18.802699
3970.841181 18.995920
3971.256257 19.021318
3971.671333 19.046414
3972.086409 18.831946
3972.501486 18.961046
3972.916562 18.786424
3973.331638 18.930675
3973.746714 18.972336
3974.161790 18.882809
3974.576867 18.695686
3974.991943 18.494303
3975.407019 18.072433
3975.822095 18.281965
3976.237172 18.704371
3976.652248 18.796815
3977.067324 18.896756
3977.482400 18.867157
3977.897477 18.640328
3978.312553 18.214835
3978.727629 18.273513
3979.142705 18.466224
3979.557781 18.481430
3979.972858 18.486730
3980.387934 18.562000
3980.803010 18.499896
3981.218086 18.563782
3981.633163 18.351007
3982.048239 18.292419
3982.463315 18.314734
3982.878391 18.489145
3983.293468 18.551827
3983.708544 18.585903
3984.123620 18.498384
3984.538696 18.422295
3984.953773 18.467575
3985.368849 18.519185
3985.783925 18.497754
3986.199001 18.398062
3986.614077 18.361247
3987.029154 18.416040
3987.444230 18.469847
3987.859306 18.466622
3988.274382 18.339516
3988.689459 18.456899
3989.104535 18.259486
3989.519611 18.148524
3989.934687 18.006601
3990.349764 17.938365
3990.764840 17.980864
3991.179916 17.930556
3991.594992 18.041806
3992.010069 18.192511
3992.425145 18.171036
3992.840221 18.148660
3993.255297 18.224099
3993.670373 18.040124
3994.085450 17.933968
3994.500526 17.995284
3994.915602 17.832925
3995.330678 17.755264
3995.745755 17.909617
3996.160831 17.925840
3996.575907 17.906767
3996.990983 17.743367
3997.406060 17.769406
3997.821136 17.734886
3998.236212 17.734458
3998.651288 17.695924
3999.066365 17.671686
3999.481441 17.786603
3999.896517 17.736860
4000.311593 17.740605
4000.726669 17.791593
4001.141746 17.796366
4001.556822 17.667285
4001.971898 17.715450
4002.386974 17.737401
4002.802051 17.873510
4003.217127 17.716731
4003.632203 17.680903
4004.047279 17.831822
4004.462356 17.676616
4004.877432 17.366854
4005.292508 17.130794
4005.707584 16.891724
4006.122660 16.771802
4006.537737 17.395142
4006.952813 17.468414
4007.367889 17.581297
4007.782965 17.646844
4008.198042 17.541091
4008.613118 17.322649
4009.028194 17.291712
4009.443270 17.379417
4009.858347 17.377216
4010.273423 17.113081
4010.688499 17.337170
4011.103575 17.456249
4011.518652 17.537129
4011.933728 17.655633
4012.348804 17.737719
4012.763880 17.705419
4013.178956 17.595223
4013.594033 17.460088
4014.009109 17.616914
4014.424185 17.618985
4014.839261 17.520788
4015.254338 17.555744
4015.669414 17.508825
4016.084490 17.466416
4016.499566 17.435695
4016.914643 17.585975
4017.329719 17.683918
4017.744795 17.702192
4018.159871 17.781183
4018.574948 17.752267
4018.990024 17.769313
4019.405100 17.722746
4019.820176 17.768306
4020.235252 17.643256
4020.650329 17.666901
4021.065405 17.738412
4021.480481 17.809460
4021.895557 17.799871
4022.310634 17.748173
4022.725710 17.685141
4023.140786 17.599960
4023.555862 17.439546
4023.970939 17.606127
4024.386015 17.796592
4024.801091 17.792644
4025.216167 17.688509
4025.631244 17.736888
4026.046320 17.811998
4026.461396 17.869466
4026.876472 17.887465
4027.291548 17.809622
4027.706625 17.737813
4028.121701 17.658546
4028.536777 17.627397
4028.951853 17.563876
4029.366930 17.639799
4029.782006 17.729717
4030.197082 17.669351
4030.612158 17.493299
4031.027235 17.430271
4031.442311 17.656923
4031.857387 17.723165
4032.272463 17.482631
4032.687539 17.520594
4033.102616 17.547070
4033.517692 17.515978
4033.932768 17.464376
4034.347844 17.763217
4034.762921 17.894340
4035.177997 17.756594
4035.593073 17.671858
4036.008149 17.569454
4036.423226 17.429926
4036.838302 17.419283
4037.253378 17.606320
4037.668454 17.500637
4038.083531 17.473057
4038.498607 17.397636
4038.913683 17.377610
4039.328759 17.343674
4039.743835 17.432652
4040.158912 17.562456
4040.573988 17.554841
4040.989064 17.494917
4041.404140 17.638255
4041.819217 17.593499
4042.234293 17.635870
4042.649369 17.574015
4043.064445 17.631682
4043.479522 17.586710
4043.894598 17.609978
4044.309674 17.558730
4044.724750 17.510431
4045.139827 17.314827
4045.554903 17.019557
4045.969979 16.884141
4046.385055 16.976432
4046.800131 17.048234
4047.215208 17.234006
4047.630284 17.511509
4048.045360 17.582587
4048.460436 17.361694
4048.875513 17.364649
4049.290589 17.337777
4049.705665 17.360075
4050.120741 17.456063
4050.535818 17.349464
4050.950894 17.442258
4051.365970 17.305782
4051.781046 17.373844
4052.196123 17.384732
4052.611199 17.400809
4053.026275 17.368477
4053.441351 17.334981
4053.856427 17.409323
4054.271504 17.362800
4054.686580 17.351424
4055.101656 17.324617
4055.516732 17.180096
4055.931809 17.109823
4056.346885 17.105819
4056.761961 16.960784
4057.177037 17.022997
4057.592114 16.999790
4058.007190 17.305860
4058.422266 17.324644
4058.837342 17.305334
4059.252418 17.297213
4059.667495 17.392922
4060.082571 17.536461
4060.497647 17.636450
4060.912723 17.621789
4061.327800 17.450329
4061.742876 17.313960
4062.157952 17.372818
4062.573028 17.330068
4062.988105 17.315499
4063.403181 17.517099
4063.818257 17.627512
4064.233333 17.469289
4064.648410 17.556397
4065.063486 17.449994
4065.478562 17.483374
4065.893638 17.608519
4066.308714 17.797511
4066.723791 17.828534
4067.138867 17.753203
4067.553943 17.800277
4067.969019 17.731669
4068.384096 17.622910
4068.799172 17.622177
4069.214248 17.758355
4069.629324 17.754663
4070.044401 17.708583
4070.459477 17.679673
4070.874553 17.629854
4071.289629 17.586524
4071.704706 17.578095
4072.119782 17.527266
4072.534858 17.455841
4072.949934 17.202608
4073.365010 17.405183
4073.780087 17.319763
4074.195163 17.367063
4074.610239 17.420963
4075.025315 17.428749
4075.440392 17.579140
4075.855468 17.585271
4076.270544 17.549832
4076.685620 17.824000
4077.100697 17.919642
4077.515773 17.772471
4077.930849 17.844506
4078.345925 17.846313
4078.761002 17.835365
4079.176078 17.903843
4079.591154 18.063778
4080.006230 17.839254
4080.421306 17.633389
4080.836383 17.442553
4081.251459 17.235807
4081.666535 17.137055
4082.081611 16.989058
4082.496688 17.088837
4082.911764 17.026704
4083.326840 16.923720
4083.741916 17.409885
4084.156993 17.608963
4084.572069 17.542461
4084.987145 17.577831
4085.402221 17.647342
4085.817297 17.642630
4086.232374 17.708414
4086.647450 17.758070
4087.062526 18.056325
4087.477602 17.597868
4087.892679 17.510177
4088.307755 17.459208
4088.722831 17.601409
4089.137907 17.662830
4089.552984 17.886129
4089.968060 18.072280
4090.383136 17.957416
4090.798212 17.855569
4091.213289 17.755243
4091.628365 17.824075
4092.043441 17.860436
4092.458517 17.980609
4092.873593 17.880917
4093.288670 17.784167
4093.703746 17.697987
4094.118822 17.886854
4094.533898 17.962649
4094.948975 18.053954
4095.364051 18.101187
4095.779127 18.016517
4096.194203 17.967801
4096.609280 17.864767
4097.024356 17.945150
4097.439432 18.014379
4097.854508 17.959839
4098.269585 18.057941
4098.684661 18.073528
4099.099737 17.856329
4099.514813 17.796923
4099.929889 17.926062
4100.344966 17.961803
4100.760042 17.996863
4101.175118 18.030864
4101.590194 18.173193
4102.005271 18.121377
4102.420347 18.046430
4102.835423 17.965386
4103.250499 18.037014
4103.665576 18.057939
4104.080652 18.180068
4104.495728 18.053705
4104.910804 17.906725
4105.325881 17.962624
4105.740957 18.015346
4106.156033 17.973740
4106.571109 17.798227
4106.986185 17.642096
4107.401262 17.664261
4107.816338 17.623446
4108.231414 17.625370
4108.646490 17.667295
4109.061567 17.659624
4109.476643 17.689321
4109.891719 17.659702
4110.306795 17.681418
4110.721872 17.720798
4111.136948 17.761144
4111.552024 17.801339
4111.967100 17.696288
4112.382176 17.692291
4112.797253 17.657318
4113.212329 17.643003
4113.627405 17.697103
4114.042481 17.657385
4114.457558 17.769359
4114.872634 17.747727
4115.287710 17.740764
4115.702786 17.705660
4116.117863 17.623213
4116.532939 17.636605
4116.948015 17.668269
4117.363091 17.658104
4117.778168 17.670595
4118.193244 17.695501
4118.608320 17.724254
4119.023396 17.761971
4119.438472 17.756922
4119.853549 17.726130
4120.268625 17.799624
4120.683701 17.644060
4121.098777 17.485062
4121.513854 17.656577
4121.928930 17.679014
4122.344006 17.648789
4122.759082 17.647279
4123.174159 17.532051
4123.589235 17.572018
4124.004311 17.533368
4124.419387 17.546224
4124.834464 17.530796
4125.249540 17.625247
4125.664616 17.493598
4126.079692 17.638094
4126.494768 17.698948
4126.909845 17.698745
4127.324921 17.495353
4127.739997 17.332142
4128.155073 17.425325
4128.570150 17.432288
4128.985226 17.435012
4129.400302 17.580093
4129.815378 17.565660
4130.230455 17.512931
4130.645531 17.519226
4131.060607 17.326385
4131.475683 17.354991
4131.890760 17.210608
4132.305836 17.236230
4132.720912 17.294841
4133.135988 17.213751
4133.551064 17.359671
4133.966141 17.344725
4134.381217 17.341119
4134.796293 17.271263
4135.211369 17.227675
4135.626446 17.296675
4136.041522 17.255919
4136.456598 17.238422
4136.871674 17.212606
4137.286751 17.274733
4137.701827 17.235882
4138.116903 17.039964
4138.531979 17.217686
4138.947055 17.088812
4139.362132 16.981988
4139.777208 17.038796
4140.192284 17.085732
4140.607360 17.041124
4141.022437 17.060133
4141.437513 16.974442
4141.852589 16.903195
4142.267665 16.924068
4142.682742 16.839202
4143.097818 16.835552
4143.512894 16.832583
4143.927970 16.854473
4144.343047 16.917394
4144.758123 17.001507
4145.173199 16.952657
4145.588275 17.076524
4146.003351 17.008422
4146.418428 16.881029
4146.833504 16.771763
4147.248580 16.638964
4147.663656 16.558392
4148.078733 16.653776
4148.493809 16.542510
4148.908885 16.652516
4149.323961 16.668230
4149.739038 16.796195
4150.154114 16.615807
4150.569190 16.496468
4150.984266 16.572232
4151.399343 16.580462
4151.814419 16.536670
4152.229495 16.437206
4152.644571 16.455050
4153.059647 16.475393
4153.474724 16.339043
4153.889800 16.418926
4154.304876 16.349065
4154.719952 16.322853
4155.135029 16.337912
4155.550105 16.286959
4155.965181 16.435757
4156.380257 16.311700
4156.795334 16.414830
4157.210410 16.444544
4157.625486 16.425504
4158.040562 16.374394
4158.455639 16.326459
4158.870715 16.437445
4159.285791 16.414686
4159.700867 16.303273
4160.115943 16.335634
4160.531020 16.392557
4160.946096 16.316030
4161.361172 16.309367
4161.776248 16.313528
4162.191325 16.296180
4162.606401 16.300278
4163.021477 16.341998
4163.436553 16.389822
4163.851630 16.615162
4164.266706 16.622130
4164.681782 16.521600
4165.096858 16.508193
4165.511934 16.573560
4165.927011 16.329297
4166.342087 16.480398
4166.757163 16.595387
4167.172239 16.662266
4167.587316 16.553819
4168.002392 16.586981
4168.417468 16.584297
4168.832544 16.515102
4169.247621 16.598782
4169.662697 16.791663
4170.077773 16.795778
4170.492849 16.929887
4170.907926 16.991591
4171.323002 16.989809
4171.738078 17.049346
4172.153154 16.908014
4172.568230 16.788017
4172.983307 16.889544
4173.398383 17.040305
4173.813459 17.139947
4174.228535 17.163973
4174.643612 17.140531
4175.058688 17.214386
4175.473764 17.150579
4175.888840 17.165135
4176.303917 17.227551
4176.718993 17.447755
4177.134069 17.303561
4177.549145 17.325926
4177.964222 17.410586
4178.379298 17.539420
4178.794374 17.411631
4179.209450 17.184184
4179.624526 17.138839
4180.039603 17.188961
4180.454679 17.487110
4180.869755 17.630559
4181.284831 17.755990
4181.699908 17.601916
4182.114984 17.454622
4182.530060 17.441714
4182.945136 17.421851
4183.360213 17.418481
4183.775289 17.563532
4184.190365 17.477622
4184.605441 17.301839
4185.020518 17.327185
4185.435594 17.537533
4185.850670 17.713379
4186.265746 17.633202
4186.680822 17.512561
4187.095899 17.303636
4187.510975 17.397372
4187.926051 17.480730
4188.341127 17.540890
4188.756204 17.544369
4189.171280 17.410900
4189.586356 17.308057
4190.001432 17.315388
4190.416509 17.245234
4190.831585 17.216574
4191.246661 17.111716
4191.661737 17.007718
4192.076813 16.762308
4192.491890 16.850766
4192.906966 17.082404
4193.322042 17.074528
4193.737118 17.308760
4194.152195 17.025305
4194.567271 16.939026
4194.982347 16.711958
4195.397423 16.425447
4195.812500 16.367285
4196.227576 16.647818
4196.642652 16.790447
4197.057728 16.836246
4197.472805 16.906881
4197.887881 16.944484
4198.302957 16.670590
4198.718033 16.333387
4199.133109 16.401798
4199.548186 16.447997
4199.963262 16.199755
4200.378338 16.320686
4200.793414 16.450395
4201.208491 16.434391
4201.623567 16.633199
4202.038643 16.680722
4202.453719 16.632070
4202.868796 16.437149
4203.283872 16.299260
4203.698948 16.124211
4204.114024 16.109256
4204.529101 16.144627
4204.944177 16.055169
4205.359253 15.969920
4205.774329 15.878094
4206.189405 15.959238
4206.604482 15.846510
4207.019558 16.014890
4207.434634 16.102050
4207.849710 16.048999
4208.264787 15.898790
4208.679863 15.809502
4209.094939 15.867024
4209.510015 15.807268
4209.925092 15.966498
4210.340168 15.914926
4210.755244 16.028544
4211.170320 16.059952
4211.585397 15.946011
4212.000473 15.712778
4212.415549 15.711697
4212.830625 15.726677
4213.245701 15.795985
4213.660778 15.844812
4214.075854 15.955791
4214.490930 15.876008
4214.906006 15.761662
4215.321083 15.829062
4215.736159 15.883700
4216.151235 15.971949
4216.566311 16.021118
4216.981388 15.982496
4217.396464 16.001479
4217.811540 15.955967
4218.226616 15.944315
4218.641692 15.965152
4219.056769 15.935021
4219.471845 15.927095
4219.886921 15.932965
4220.301997 15.878902
4220.717074 15.973363
4221.132150 16.001069
4221.547226 16.151213
4221.962302 16.074965
4222.377379 15.892116
4222.792455 15.788324
4223.207531 15.336525
4223.622607 15.424653
4224.037684 15.149595
4224.452760 15.763094
4224.867836 16.401120
4225.282912 16.574257
4225.697988 16.743184
4226.113065 16.948550
4226.528141 16.474325
4226.943217 16.183777
4227.358293 16.087182
4227.773370 15.995525
4228.188446 16.421663
4228.603522 16.570199
4229.018598 16.792130
4229.433675 16.728154
4229.848751 16.784688
4230.263827 16.832616
4230.678903 16.806406
4231.093980 16.765214
4231.509056 16.796354
4231.924132 16.817492
4232.339208 16.746654
4232.754284 16.647948
4233.169361 16.651739
4233.584437 16.386827
4233.999513 16.602824
4234.414589 16.753296
4234.829666 16.807610
4235.244742 17.045007
4235.659818 17.108975
4236.074894 17.248671
4236.489971 17.159192
4236.905047 17.077814
4237.320123 17.141040
4237.735199 17.157783
4238.150276 17.156185
4238.565352 17.269610
4238.980428 17.185321
4239.395504 17.230975
4239.810580 17.289639
4240.225657 17.427689
4240.640733 17.520091
4241.055809 17.413836
4241.470885 17.395004
4241.885962 17.301295
4242.301038 17.236960
4242.716114 17.377989
4243.131190 17.422529
4243.546267 17.439226
4243.961343 17.442467
4244.376419 17.434135
4244.791495 17.472227
4245.206571 17.500128
4245.621648 17.555635
4246.036724 17.588507
4246.451800 17.586980
4246.866876 17.450792
4247.281953 17.455970
4247.697029 17.490503
4248.112105 17.436880
4248.527181 17.449962
4248.942258 17.732155
4249.357334 17.634612
4249.772410 17.594796
4250.187486 17.477098
4250.602563 17.388401
4251.017639 17.329438
4251.432715 17.274517
4251.847791 17.466504
4252.262867 17.252214
4252.677944 17.697233
4253.093020 17.710133
4253.508096 17.416559
4253.923172 17.359744
4254.338249 17.350991
4254.753325 17.239765
4255.168401 17.257364
4255.583477 17.237559
4255.998554 17.363087
4256.413630 17.228682
4256.828706 17.237402
4257.243782 17.196874
4257.658859 17.381256
4258.073935 17.326138
4258.489011 17.267058
4258.904087 17.137082
4259.319163 16.878273
4259.734240 17.078040
4260.149316 17.183989
4260.564392 17.393249
4260.979468 17.539774
4261.394545 17.293532
4261.809621 17.027043
4262.224697 16.991200
4262.639773 17.168710
4263.054850 17.030987
4263.469926 17.094370
4263.885002 17.024417
4264.300078 17.049134
4264.715155 17.089135
4265.130231 17.196564
4265.545307 17.179122
4265.960383 17.202415
4266.375459 16.966116
4266.790536 16.007812
4267.205612 15.994797
4267.620688 15.976818
4268.035764 16.191190
4268.450841 16.472752
4268.865917 16.835923
4269.280993 16.877048
4269.696069 16.732384
4270.111146 16.699048
4270.526222 16.911471
4270.941298 16.757881
4271.356374 16.636299
4271.771451 16.606432
4272.186527 16.658991
4272.601603 16.695002
4273.016679 16.640277
4273.431755 16.724632
4273.846832 16.835957
4274.261908 16.999285
4274.676984 16.929169
4275.092060 16.987185
4275.507137 17.047287
4275.922213 16.995286
4276.337289 16.922627
4276.752365 17.036218
4277.167442 16.941091
4277.582518 16.915099
4277.997594 16.990771
4278.412670 17.002416
4278.827746 17.182485
4279.242823 16.968939
4279.657899 16.831299
4280.072975 16.743098
4280.488051 16.867172
4280.903128 16.901091
4281.318204 16.897254
4281.733280 16.918820
4282.148356 17.072287
4282.563433 16.960673
4282.978509 16.963465
4283.393585 17.098077
4283.808661 17.167163
4284.223738 16.688945
4284.638814 16.637488
4285.053890 16.693169
4285.468966 17.006110
4285.884042 17.305146
4286.299119 17.323350
4286.714195 17.364737
4287.129271 17.329373
4287.544347 17.402170
4287.959424 17.268015
4288.374500 17.276085
4288.789576 17.234757
4289.204652 17.295921
4289.619729 17.424912
4290.034805 17.368917
4290.449881 17.222609
4290.864957 17.459223
4291.280034 17.577531
4291.695110 17.611656
4292.110186 17.567758
4292.525262 17.351045
4292.940338 17.448388
4293.355415 17.434667
4293.770491 17.438300
4294.185567 17.530652
4294.600643 17.544528
4295.015720 17.642726
4295.430796 17.650688
4295.845872 17.645679
4296.260948 17.676761
4296.676025 17.776329
4297.091101 17.845503
4297.506177 17.975143
4297.921253 17.975991
4298.336330 17.977168
4298.751406 17.996279
4299.166482 17.984085
4299.581558 18.077111
4299.996634 18.242718
4300.411711 18.196783
4300.826787 18.116257
4301.241863 18.070573
4301.656939 17.989890
4302.072016 18.003634
4302.487092 18.041758
4302.902168 18.065405
4303.317244 18.176053
4303.732321 17.893258
4304.147397 17.880829
4304.562473 17.965772
4304.977549 17.887524
4305.392625 17.868423
4305.807702 18.330953
4306.222778 18.572236
4306.637854 18.636996
4307.052930 18.445287
4307.468007 18.271488
4307.883083 18.242488
4308.298159 18.221362
4308.713235 18.263720
4309.128312 18.266646
4309.543388 18.226089
4309.958464 18.366164
4310.373540 18.373931
4310.788617 18.288578
4311.203693 18.221754
4311.618769 18.244266
4312.033845 18.317982
4312.448921 18.399532
4312.863998 18.445166
4313.279074 18.448686
4313.694150 18.404432
4314.109226 18.594338
4314.524303 18.536079
4314.939379 18.477780
4315.354455 18.431093
4315.769531 18.412541
4316.184608 18.361630
4316.599684 18.349107
4317.014760 18.484167
4317.429836 18.490726
4317.844913 18.453982
4318.259989 18.482534
4318.675065 18.571189
4319.090141 18.615143
4319.505217 18.622383
4319.920294 18.530297
4320.335370 18.501289
4320.750446 18.389482
4321.165522 18.556995
4321.580599 18.670450
4321.995675 18.634925
4322.410751 18.738863
4322.825827 18.687567
4323.240904 18.778359
4323.655980 18.825308
4324.071056 18.731978
4324.486132 18.721614
4324.901209 18.788828
4325.316285 18.865478
4325.731361 18.837644
4326.146437 18.919333
4326.561513 18.946295
4326.976590 18.891847
4327.391666 18.975772
4327.806742 19.080703
4328.221818 19.126551
4328.636895 19.143825
4329.051971 19.261615
4329.467047 19.280810
4329.882123 19.193921
4330.297200 19.222048
4330.712276 19.218167
4331.127352 19.214565
4331.542428 19.298800
4331.957504 19.302055
4332.372581 19.288520
4332.787657 19.326856
4333.202733 19.386357
4333.617809 19.317859
4334.032886 19.321897
4334.447962 19.214584
4334.863038 19.272934
4335.278114 19.328498
4335.693191 19.365853
4336.108267 19.393429
4336.523343 19.364190
4336.938419 19.382296
4337.353496 19.429865
4337.768572 19.417048
4338.183648 19.424334
4338.598724 19.420447
4339.013800 19.358974
4339.428877 19.438051
4339.843953 19.418261
4340.259029 19.388671
4340.674105 19.467503
4341.089182 19.429729
4341.504258 19.391364
4341.919334 19.351743
4342.334410 19.380014
4342.749487 19.531663
4343.164563 19.509769
4343.579639 19.568962
4343.994715 19.641696
4344.409792 19.641901
4344.824868 19.635910
4345.239944 19.633376
4345.655020 19.644869
4346.070096 19.662983
4346.485173 19.536557
4346.900249 19.552510
4347.315325 19.440107
4347.730401 19.463543
4348.145478 19.475798
4348.560554 19.568275
4348.975630 19.534270
4349.390706 19.496479
4349.805783 19.384250
4350.220859 19.272898
4350.635935 19.421109
4351.051011 19.275658
4351.466088 19.368952
4351.881164 19.296323
4352.296240 19.224693
4352.711316 19.169093
4353.126392 19.449929
4353.541469 19.329653
4353.956545 19.387410
4354.371621 19.439035
4354.786697 19.326412
4355.201774 19.199109
4355.616850 19.060187
4356.031926 19.004183
4356.447002 19.120086
4356.862079 19.244522
4357.277155 19.321616
4357.692231 19.337557
4358.107307 19.337469
4358.522383 19.121399
4358.937460 18.984921
4359.352536 18.881422
4359.767612 18.743695
4360.182688 18.882007
4360.597765 18.835942
4361.012841 18.837288
4361.427917 18.834662
4361.842993 18.603615
4362.258070 18.602231
4362.673146 18.799070
4363.088222 18.928426
4363.503298 18.748346
4363.918375 18.718418
4364.333451 18.475355
4364.748527 18.513692
4365.163603 18.386842
4365.578679 18.234524
4365.993756 18.334697
4366.408832 18.383141
4366.823908 18.386953
4367.238984 18.413460
4367.654061 18.295826
4368.069137 18.332626
4368.484213 18.182989
4368.899289 18.450227
4369.314366 18.337076
4369.729442 18.323427
4370.144518 18.187812
4370.559594 18.037000
4370.974671 17.937130
4371.389747 17.982292
4371.804823 18.042947
4372.219899 18.294500
4372.634975 18.151778
4373.050052 17.947812
4373.465128 17.783851
4373.880204 17.861010
4374.295280 17.912603
4374.710357 17.979951
4375.125433 17.924008
4375.540509 17.921355
4375.955585 17.663245
4376.370662 17.673638
4376.785738 17.470068
4377.200814 17.344110
4377.615890 17.408557
4378.030967 17.317933
4378.446043 17.263755
4378.861119 17.524671
4379.276195 17.558033
4379.691271 17.430948
4380.106348 17.306649
4380.521424 17.286659
4380.936500 17.330345
4381.351576 17.069885
4381.766653 17.063341
4382.181729 17.025115
4382.596805 17.022382
4383.011881 16.829465
4383.426958 16.536963
4383.842034 16.947763
4384.257110 17.153431
4384.672186 17.169420
4385.087262 17.141206
4385.502339 17.084770
4385.917415 17.243601
4386.332491 17.052533
4386.747567 17.091539
4387.162644 17.213680
4387.577720 17.035118
4387.992796 17.146068
4388.407872 17.045537
4388.822949 17.221340
4389.238025 17.305156
4389.653101 17.233331
4390.068177 17.019885
4390.483254 17.106753
4390.898330 17.112231
4391.313406 16.920744
4391.728482 16.831571
4392.143558 16.966518
4392.558635 16.988293
4392.973711 16.905773
4393.388787 17.054849
4393.803863 17.158279
4394.218940 17.076823
4394.634016 17.039862
4395.049092 17.267514
4395.464168 17.196447
4395.879245 17.057090
4396.294321 17.048104
4396.709397 17.024195
4397.124473 17.063833
4397.539550 16.941682
4397.954626 16.831534
4398.369702 16.858138
4398.784778 16.892890
4399.199854 16.878646
4399.614931 16.826847
4400.030007 16.908889
4400.445083 16.901794
4400.860159 16.938220
4401.275236 16.933875
4401.690312 16.896404
4402.105388 16.796440
4402.520464 16.818770
4402.935541 16.803300
4403.350617 16.811909
4403.765693 16.750402
4404.180769 16.703313
4404.595846 16.716370
4405.010922 16.702934
4405.425998 16.695431
4405.841074 16.675333
4406.256150 16.604886
4406.671227 16.667261
4407.086303 16.736074
4407.501379 16.724628
4407.916455 16.719602
4408.331532 16.724295
4408.746608 16.743297
4409.161684 16.751483
4409.576760 16.781919
4409.991837 16.588956
4410.406913 16.572919
4410.821989 16.608794
4411.237065 16.533522
4411.652141 16.536234
4412.067218 16.510593
4412.482294 16.655940
4412.897370 16.607033
4413.312446 16.560239
4413.727523 16.535824
4414.142599 16.508832
4414.557675 16.627798
4414.972751 16.603056
4415.387828 16.649647
4415.802904 16.719445
4416.217980 16.667897
4416.633056 16.572354
4417.048133 16.538123
4417.463209 16.518394
4417.878285 16.486088
4418.293361 16.556346
4418.708437 16.415391
4419.123514 16.492889
4419.538590 16.429799
4419.953666 16.362326
4420.368742 16.479816
4420.783819 16.378576
4421.198895 16.357354
4421.613971 16.447337
4422.029047 16.606055
4422.444124 16.492801
4422.859200 16.408562
4423.274276 16.459672
4423.689352 16.437635
4424.104429 16.438804
4424.519505 16.255817
4424.934581 16.221165
4425.349657 16.209476
4425.764733 16.213030
4426.179810 16.199106
4426.594886 16.300278
4427.009962 16.286846
4427.425038 16.317094
4427.840115 16.283649
4428.255191 16.202063
4428.670267 16.117819
4429.085343 16.139672
4429.500420 16.087590
4429.915496 16.043431
4430.330572 16.058890
4430.745648 16.123966
4431.160725 16.050210
4431.575801 16.199127
4431.990877 16.167151
4432.405953 16.230329
4432.821029 15.952679
4433.236106 15.739357
4433.651182 15.684863
4434.066258 15.677770
4434.481334 15.829564
4434.896411 15.731441
4435.311487 15.869200
4435.726563 15.936274
4436.141639 15.997678
4436.556716 15.772402
4436.971792 15.916645
4437.386868 16.122345
4437.801944 15.820735
4438.217020 15.514596
4438.632097 15.668790
4439.047173 15.209395
4439.462249 15.071540
4439.877325 15.456637
4440.292402 15.684524
4440.707478 15.544490
4441.122554 15.590298
4441.537630 15.435815
4441.952707 15.556226
4442.367783 15.569863
4442.782859 15.415064
4443.197935 15.364823
4443.613012 15.465392
4444.028088 15.469080
4444.443164 15.307066
4444.858240 15.366622
4445.273316 15.378004
4445.688393 15.428445
4446.103469 15.573580
4446.518545 15.419847
4446.933621 15.483272
4447.348698 15.563637
4447.763774 15.457987
4448.178850 15.482422
4448.593926 15.494476
4449.009003 15.512567
4449.424079 15.437745
4449.839155 15.492914
4450.254231 15.505813
4450.669308 15.501104
4451.084384 15.589636
4451.499460 15.656885
4451.914536 15.634886
4452.329612 15.723594
4452.744689 15.622642
4453.159765 15.614613
4453.574841 15.632178
4453.989917 15.574026
4454.404994 15.603185
4454.820070 15.522661
4455.235146 15.468010
4455.650222 15.439892
4456.065299 15.650176
4456.480375 15.794674
4456.895451 15.829437
4457.310527 15.701480
4457.725604 15.744303
4458.140680 15.750937
4458.555756 15.718729
4458.970832 15.616550
4459.385908 15.498044
4459.800985 15.603078
4460.216061 15.529446
4460.631137 15.555602
4461.046213 15.616883
4461.461290 15.689250
4461.876366 15.788042
4462.291442 15.716715
4462.706518 15.725554
4463.121595 15.724815
4463.536671 15.660508
4463.951747 15.637845
4464.366823 15.581125
4464.781899 15.798196
4465.196976 15.948269
4465.612052 15.873215
4466.027128 15.760784
4466.442204 15.732584
4466.857281 15.344654
4467.272357 15.242389
4467.687433 15.561907
4468.102509 15.851440
4468.517586 16.149060
4468.932662 16.512137
4469.347738 16.380997
4469.762814 16.083255
4470.177891 16.209290
4470.592967 16.051073
4471.008043 16.017606
4471.423119 15.804455
4471.838195 15.611478
4472.253272 15.412563
4472.668348 15.767508
4473.083424 15.934041
4473.498500 15.721781
4473.913577 15.817094
4474.328653 16.090034
4474.743729 16.233655
4475.158805 16.138422
4475.573882 16.125955
4475.988958 15.928703
4476.404034 15.874180
4476.819110 16.104182
4477.234187 16.196283
4477.649263 16.240210
4478.064339 16.233332
4478.479415 16.147284
4478.894491 16.121289
4479.309568 16.101531
4479.724644 16.106507
4480.139720 16.120439
4480.554796 16.092346
4480.969873 16.180991
4481.384949 16.324273
4481.800025 16.412717
4482.215101 16.266571
4482.630178 16.122301
4483.045254 16.037701
4483.460330 15.948832
4483.875406 16.179488
4484.290483 16.212437
4484.705559 16.110107
4485.120635 16.064632
4485.535711 16.163405
4485.950787 16.300404
4486.365864 16.188782
4486.780940 16.218803
4487.196016 16.306956
4487.611092 16.189378
4488.026169 16.514524
4488.441245 16.606053
4488.856321 16.723895
4489.271397 16.924725
4489.686474 16.788842
4490.101550 16.595283
4490.516626 16.380369
4490.931702 16.460987
4491.346778 16.429711
4491.761855 16.402008
4492.176931 16.393981
4492.592007 16.368424
4493.007083 16.348783
4493.422160 16.442933
4493.837236 16.475520
4494.252312 16.453578
4494.667388 16.575424
4495.082465 16.449279
4495.497541 16.704972
4495.912617 16.825599
4496.327693 16.288589
4496.742770 15.943457
4497.157846 15.770560
4497.572922 16.041197
4497.987998 16.301752
4498.403074 16.630265
4498.818151 16.921270
4499.233227 16.906370
4499.648303 16.750633
4500.063379 16.657496
4500.478456 16.616373
4500.893532 16.700178
4501.308608 16.617650
4501.723684 16.777346
4502.138761 16.845112
4502.553837 16.793087
4502.968913 16.791640
4503.383989 16.702957
4503.799066 16.837203
4504.214142 16.989851
4504.629218 16.891177
4505.044294 16.959050
4505.459370 16.813241
4505.874447 16.577233
4506.289523 16.639861
4506.704599 16.955980
4507.119675 17.201056
4507.534752 17.171887
4507.949828 17.317022
4508.364904 17.236364
4508.779980 17.111046
4509.195057 17.104395
4509.610133 17.173943
4510.025209 17.131832
4510.440285 17.258890
4510.855362 17.192916
4511.270438 17.197919
4511.685514 17.161695
4512.100590 17.274320
4512.515666 17.523986
4512.930743 17.266614
4513.345819 17.348643
4513.760895 17.311675
4514.175971 17.048875
4514.591048 17.246244
4515.006124 16.788013
4515.421200 16.576226
4515.836276 16.683073
4516.251353 17.193651
4516.666429 17.131654
4517.081505 17.221870
4517.496581 17.479159
4517.911657 17.469218
4518.326734 17.528700
4518.741810 17.553983
4519.156886 17.543738
4519.571962 17.560443
4519.987039 17.568541
4520.402115 17.631215
4520.817191 17.529594
4521.232267 17.637288
4521.647344 17.758330
4522.062420 17.776557
4522.477496 17.638890
4522.892572 17.682901
4523.307649 17.622972
4523.722725 17.476566
4524.137801 17.504492
4524.552877 17.597696
4524.967953 17.646978
4525.383030 17.628543
4525.798106 17.322123
4526.213182 17.242566
4526.628258 17.481674
4527.043335 17.265879
4527.458411 17.401183
4527.873487 17.478470
4528.288563 17.684863
4528.703640 17.768417
4529.118716 17.709479
4529.533792 17.728312
4529.948868 17.550837
4530.363945 17.608718
4530.779021 17.680195
4531.194097 17.541732
4531.609173 17.561302
4532.024249 17.653645
4532.439326 17.635560
4532.854402 17.478571
4533.269478 17.448321
4533.684554 17.434260
4534.099631 17.399395
4534.514707 17.646012
4534.929783 17.972588
4535.344859 17.840077
4535.759936 17.382254
4536.175012 17.525109
4536.590088 17.393404
4537.005164 17.250711
4537.420241 16.930748
4537.835317 17.099564
4538.250393 17.425519
4538.665469 17.496720
4539.080545 17.454869
4539.495622 17.418812
4539.910698 17.418540
4540.325774 17.445464
4540.740850 17.364636
4541.155927 17.354270
4541.571003 17.159720
4541.986079 17.267941
4542.401155 17.252292
4542.816232 17.287170
4543.231308 17.314616
4543.646384 17.294013
4544.061460 17.319066
4544.476536 17.340774
4544.891613 17.428686
4545.306689 17.234202
4545.721765 17.063354
4546.136841 17.208306
4546.551918 17.503047
4546.966994 17.666173
4547.382070 17.800755
4547.797146 18.042036
4548.212223 17.658328
4548.627299 17.034779
4549.042375 16.530837
4549.457451 16.256182
4549.872528 15.830731
4550.287604 15.740553
4550.702680 15.826423
4551.117756 15.840441
4551.532832 16.425066
4551.947909 17.196269
4552.362985 17.755706
4552.778061 18.661265
4553.193137 19.328026
4553.608214 19.563762
4554.023290 19.581290
4554.438366 19.386598
4554.853442 18.775653
4555.268519 18.274336
4555.683595 17.576369
4556.098671 16.797012
4556.513747 16.317031
4556.928824 16.601437
4557.343900 16.621625
4557.758976 16.770393
4558.174052 16.813059
4558.589128 16.784692
4559.004205 16.881196
4559.419281 16.887468
4559.834357 16.791745
4560.249433 16.887027
4560.664510 17.025232
4561.079586 16.967021
4561.494662 16.880604
4561.909738 16.949457
4562.324815 16.947541
4562.739891 16.821574
4563.154967 16.567479
4563.570043 16.040675
4563.985120 16.024037
4564.400196 15.965334
4564.815272 15.902219
4565.230348 16.318841
4565.645424 16.759935
4566.060501 16.766374
4566.475577 16.706966
4566.890653 16.525478
4567.305729 16.155964
4567.720806 15.626162
4568.135882 15.477555
4568.550958 15.598071
4568.966034 15.778861
4569.381111 16.151621
4569.796187 16.525261
4570.211263 16.712077
4570.626339 16.596384
4571.041415 16.665887
4571.456492 16.862401
4571.871568 17.141241
4572.286644 17.186946
4572.701720 17.418688
4573.116797 17.565314
4573.531873 17.664070
4573.946949 17.831017
4574.362025 18.069566
4574.777102 18.023897
4575.192178 17.868664
4575.607254 17.562722
4576.022330 17.522357
4576.437407 17.199750
4576.852483 17.157651
4577.267559 16.966064
4577.682635 17.220486
4578.097711 17.309026
4578.512788 17.477888
4578.927864 17.541512
4579.342940 17.534612
4579.758016 17.379710
4580.173093 17.136085
4580.588169 16.932432
4581.003245 16.974156
4581.418321 17.231671
4581.833398 17.263403
4582.248474 17.365430
4582.663550 17.387833
4583.078626 17.336248
4583.493703 17.254218
4583.908779 17.211383
4584.323855 17.297839
4584.738931 17.346939
4585.154007 17.318779
4585.569084 17.313899
4585.984160 17.331086
4586.399236 17.445835
4586.814312 17.338520
4587.229389 17.392576
4587.644465 17.349931
4588.059541 17.305462
4588.474617 17.338721
4588.889694 17.358126
4589.304770 17.371857
4589.719846 17.364571
4590.134922 17.237226
4590.549999 17.142785
4590.965075 17.065965
4591.380151 17.038507
4591.795227 17.193804
4592.210303 17.319353
4592.625380 17.302411
4593.040456 17.091026
4593.455532 17.012566
4593.870608 16.873056
4594.285685 16.772881
4594.700761 16.914183
4595.115837 16.875157
4595.530913 16.830508
4595.945990 16.595440
4596.361066 16.493591
4596.776142 16.607112
4597.191218 16.705676
4597.606294 16.797770
4598.021371 16.834866
4598.436447 16.847904
4598.851523 16.768768
4599.266599 16.768094
4599.681676 16.780085
4600.096752 16.723432
4600.511828 16.592485
4600.926904 16.765093
4601.341981 16.691965
4601.757057 16.653521
4602.172133 16.598395
4602.587209 16.342835
4603.002286 16.380622
4603.417362 16.413896
4603.832438 16.429648
4604.247514 16.426228
4604.662590 16.424861
4605.077667 16.383037
4605.492743 16.268347
4605.907819 16.169153
4606.322895 16.073872
4606.737972 15.955163
4607.153048 15.933323
4607.568124 15.935440
4607.983200 15.893105
4608.398277 15.878842
4608.813353 15.932525
4609.228429 15.977302
4609.643505 15.901948
4610.058582 15.880705
4610.473658 15.826352
4610.888734 15.917010
4611.303810 15.906103
4611.718886 15.903561
4612.133963 15.799117
4612.549039 15.722669
4612.964115 15.796389
4613.379191 15.647296
4613.794268 15.673777
4614.209344 15.720363
4614.624420 15.651935
4615.039496 15.489816
4615.454573 15.598603
4615.869649 15.700406
4616.284725 15.567383
4616.699801 15.676011
4617.114878 15.728520
4617.529954 15.702896
4617.945030 15.748385
4618.360106 15.653168
4618.775182 15.625012
4619.190259 15.571205
4619.605335 15.601064
4620.020411 15.636777
4620.435487 15.603440
4620.850564 15.507365
4621.265640 15.612194
4621.680716 15.629058
4622.095792 15.734976
4622.510869 15.734670
4622.925945 15.897645
4623.341021 15.833240
4623.756097 15.574250
4624.171173 15.573771
4624.586250 15.609616
4625.001326 15.451778
4625.416402 15.628932
4625.831478 15.733252
4626.246555 15.885097
4626.661631 15.937260
4627.076707 15.981775
4627.491783 15.859176
4627.906860 15.979796
4628.321936 15.962746
4628.737012 15.863140
4629.152088 15.794184
4629.567165 15.896546
4629.982241 16.040740
4630.397317 15.904038
4630.812393 15.832670
4631.227469 15.853098
4631.642546 15.974307
4632.057622 15.941088
4632.472698 15.996872
4632.887774 15.933497
4633.302851 16.002595
4633.717927 16.119537
4634.133003 16.118722
4634.548079 16.132577
4634.963156 16.115447
4635.378232 15.987036
4635.793308 16.040772
4636.208384 16.026674
4636.623461 15.982998
4637.038537 16.016739
4637.453613 15.952633
4637.868689 15.710828
4638.283765 15.759103
4638.698842 15.689931
4639.113918 15.796730
4639.528994 15.866482
4639.944070 15.891884
4640.359147 15.753373
4640.774223 15.714608
4641.189299 15.699061
4641.604375 15.700716
4642.019452 15.670725
4642.434528 15.525109
4642.849604 15.564669
4643.264680 15.453671
4643.679757 15.345927
4644.094833 15.286230
4644.509909 15.380481
4644.924985 15.430803
4645.340061 15.544115
4645.755138 15.536118
4646.170214 15.332586
4646.585290 15.183011
4647.000366 15.306572
4647.415443 15.362840
4647.830519 15.552716
4648.245595 15.554184
4648.660671 15.437186
4649.075748 15.341362
4649.490824 15.164842
4649.905900 15.165779
4650.320976 15.230871
4650.736052 15.020361
4651.151129 15.151733
4651.566205 15.196280
4651.981281 15.144448
4652.396357 14.936779
4652.811434 14.956810
4653.226510 15.013980
4653.641586 14.974049
4654.056662 15.017404
4654.471739 14.978685
4654.886815 14.983341
4655.301891 14.914152
4655.716967 14.749022
4656.132044 14.711952
4656.547120 14.541346
4656.962196 14.641746
4657.377272 14.566784
4657.792348 14.540089
4658.207425 14.695247
4658.622501 14.759751
4659.037577 14.791670
4659.452653 14.791643
4659.867730 14.691260
4660.282806 14.542619
4660.697882 14.577334
4661.112958 14.557580
4661.528035 14.594152
4661.943111 14.718180
4662.358187 14.733482
4662.773263 14.714624
4663.188340 14.523479
4663.603416 14.356512
4664.018492 14.169960
4664.433568 13.867284
4664.848644 13.847884
4665.263721 13.818576
4665.678797 13.915439
4666.093873 14.183641
4666.508949 14.420066
4666.924026 14.672404
4667.339102 14.923345
4667.754178 14.983791
4668.169254 15.047589
4668.584331 15.049283
4668.999407 14.925163
4669.414483 14.923036
4669.829559 14.808553
4670.244636 14.840757
4670.659712 14.868625
4671.074788 14.856174
4671.489864 14.843745
4671.904940 14.870135
4672.320017 14.797033
4672.735093 14.826709
4673.150169 14.613031
4673.565245 14.630885
4673.980322 14.689304
4674.395398 14.634971
4674.810474 14.427820
4675.225550 14.327527
4675.640627 14.145477
4676.055703 14.027576
4676.470779 13.927030
4676.885855 13.999948
4677.300931 14.058645
4677.716008 13.937407
4678.131084 13.983819
4678.546160 14.097848
4678.961236 13.863904
4679.376313 13.616395
4679.791389 13.477733
4680.206465 13.570213
4680.621541 13.734786
4681.036618 13.917697
4681.451694 13.949002
4681.866770 14.012689
4682.281846 13.828819
4682.696923 13.801268
4683.111999 13.693870
4683.527075 13.751145
4683.942151 13.727636
4684.357227 13.819517
4684.772304 13.837011
4685.187380 13.881346
4685.602456 13.770235
4686.017532 13.695581
4686.432609 13.476577
4686.847685 13.295281
4687.262761 13.190477
4687.677837 13.250805
4688.092914 13.265079
4688.507990 13.324094
4688.923066 13.276802
4689.338142 13.392005
4689.753219 13.284071
4690.168295 13.162403
4690.583371 13.099576
4690.998447 13.082926
4691.413523 13.155561
4691.828600 13.109949
4692.243676 13.123923
4692.658752 13.116141
4693.073828 13.108810
4693.488905 12.995120
4693.903981 12.990243
4694.319057 13.052113
4694.734133 13.112950
4695.149210 13.053212
4695.564286 12.997037
4695.979362 13.043386
4696.394438 12.813594
4696.809515 12.732674
4697.224591 12.752281
4697.639667 12.766234
4698.054743 12.816226
4698.469819 12.801370
4698.884896 12.785304
4699.299972 12.794589
4699.715048 12.755024
4700.130124 12.740738
4700.545201 12.742612
4700.960277 12.814735
4701.375353 12.757447
4701.790429 12.705125
4702.205506 12.784351
4702.620582 12.726825
4703.035658 12.744960
4703.450734 12.820163
4703.865810 12.675742
4704.280887 12.729599
4704.695963 12.722477
4705.111039 12.789287
4705.526115 12.635384
4705.941192 12.704738
4706.356268 12.748771
4706.771344 12.795431
4707.186420 12.585476
4707.601497 12.628203
4708.016573 12.581171
4708.431649 12.573403
4708.846725 12.687078
4709.261802 12.728182
4709.676878 12.745029
4710.091954 12.578517
4710.507030 12.630303
4710.922106 12.798675
4711.337183 12.472336
4711.752259 12.072890
4712.167335 11.847679
4712.582411 12.205282
4712.997488 13.149656
4713.412564 12.925302
4713.827640 13.355709
4714.242716 13.627308
4714.657793 13.689418
4715.072869 12.842294
4715.487945 12.435209
4715.903021 11.818210
4716.318098 11.042660
4716.733174 11.609181
4717.148250 12.760266
4717.563326 13.575258
4717.978402 13.255402
4718.393479 13.455872
4718.808555 12.849757
4719.223631 11.747330
4719.638707 11.011168
4720.053784 11.068996
4720.468860 11.367431
4720.883936 11.450602
4721.299012 11.649403
4721.714089 12.502140
4722.129165 12.880868
4722.544241 13.075148
4722.959317 12.745689
4723.374394 12.686045
4723.789470 12.592054
4724.204546 12.506799
4724.619622 12.571739
4725.034698 12.405449
4725.449775 12.557482
4725.864851 12.764421
4726.279927 12.910163
4726.695003 12.868841
4727.110080 12.478564
4727.525156 12.499346
4727.940232 12.675022
4728.355308 12.963289
4728.770385 12.321804
4729.185461 11.921127
4729.600537 11.159865
4730.015613 11.304602
4730.430689 11.187342
4730.845766 11.692796
4731.260842 12.414072
4731.675918 13.233987
4732.090994 13.392231
4732.506071 13.442313
4732.921147 13.274105
4733.336223 13.056207
4733.751299 12.938344
4734.166376 12.553794
4734.581452 12.402458
4734.996528 12.421146
4735.411604 12.729721
4735.826681 12.698137
4736.241757 12.580810
4736.656833 12.568442
4737.071909 12.489834
4737.486985 12.517730
4737.902062 12.505806
4738.317138 12.502873
4738.732214 12.713493
4739.147290 13.298726
4739.562367 13.158179
4739.977443 12.905832
4740.392519 12.536180
4740.807595 12.775394
4741.222672 12.827735
4741.637748 12.893858
4742.052824 12.640567
4742.467900 12.236667
4742.882977 12.534234
4743.298053 12.770963
4743.713129 13.179384
4744.128205 13.634819
4744.543281 14.120668
4744.958358 13.630700
4745.373434 12.923149
4745.788510 12.609018
4746.203586 11.663712
4746.618663 11.256225
4747.033739 11.206141
4747.448815 11.246887
4747.863891 11.108912
4748.278968 11.328358
4748.694044 11.799608
4749.109120 12.183155
4749.524196 12.514219
4749.939273 12.662658
4750.354349 12.750223
4750.769425 12.750248
4751.184501 12.245263
4751.599577 12.224349
4752.014654 12.252002
4752.429730 12.204285
4752.844806 12.359746
4753.259882 12.615757
4753.674959 12.704780
4754.090035 12.432438
4754.505111 12.265606
4754.920187 12.338417
4755.335264 12.272456
4755.750340 12.271767
4756.165416 12.397648
4756.580492 12.498647
4756.995569 12.522365
4757.410645 12.409404
4757.825721 12.379448
4758.240797 12.653842
4758.655873 12.384719
4759.070950 12.462135
4759.486026 12.310506
4759.901102 12.075449
4760.316178 12.129411
4760.731255 12.332801
4761.146331 12.404366
4761.561407 12.511155
4761.976483 12.463819
4762.391560 12.228127
4762.806636 12.207732
4763.221712 12.044874
4763.636788 12.166953
4764.051864 12.348804
4764.466941 12.377039
4764.882017 12.510215
4765.297093 12.386381
4765.712169 12.467368
4766.127246 12.640569
4766.542322 12.605496
4766.957398 12.719089
4767.372474 12.750135
4767.787551 12.807437
4768.202627 12.595040
4768.617703 11.745893
4769.032779 11.941059
4769.447856 12.170452
4769.862932 12.306527
4770.278008 12.317886
4770.693084 12.521820
4771.108160 12.502791
4771.523237 12.132359
4771.938313 11.824193
4772.353389 11.641112
4772.768465 11.617576
4773.183542 11.603227
4773.598618 11.972388
4774.013694 12.222056
4774.428770 12.662197
4774.843847 12.488274
4775.258923 12.580848
4775.673999 12.943720
4776.089075 13.180048
4776.504152 13.422136
4776.919228 13.130681
4777.334304 12.344831
4777.749380 11.777594
4778.164456 10.699404
4778.579533 9.987040
4778.994609 9.867333
4779.409685 9.958001
4779.824761 11.041726
4780.239838 11.788488
4780.654914 12.248329
4781.069990 12.774023
4781.485066 12.639553
4781.900143 12.463230
4782.315219 12.399510
4782.730295 12.463833
4783.145371 12.441401
4783.560448 12.507394
4783.975524 12.604828
4784.390600 12.566830
4784.805676 12.598590
4785.220752 12.614070
4785.635829 12.814714
4786.050905 13.053574
4786.465981 13.376852
4786.881057 13.039229
4787.296134 13.037841
4787.711210 12.986308
4788.126286 12.397426
4788.541362 11.664223
4788.956439 11.586057
4789.371515 11.610389
4789.786591 11.748800
4790.201667 12.279557
4790.616743 12.808482
4791.031820 12.839513
4791.446896 12.908316
4791.861972 12.791433
4792.277048 12.725277
4792.692125 12.541669
4793.107201 12.511431
4793.522277 12.878309
4793.937353 12.962634
4794.352430 13.071821
4794.767506 13.004908
4795.182582 13.439756
4795.597658 12.936587
4796.012735 12.728638
4796.427811 12.529996
4796.842887 12.732958
4797.257963 12.968137
4797.673039 12.794087
4798.088116 12.818873
4798.503192 12.545668
4798.918268 12.580791
4799.333344 12.259677
4799.748421 12.173044
4800.163497 12.536241
4800.578573 13.044163
4800.993649 13.196550
4801.408726 13.023100
4801.823802 12.998515
4802.238878 13.032472
4802.653954 12.898984
4803.069031 12.831272
4803.484107 12.898036
4803.899183 13.220532
4804.314259 13.224455
4804.729335 13.043221
4805.144412 12.722025
4805.559488 12.553295
4805.974564 12.594829
4806.389640 12.779698
4806.804717 13.106276
4807.219793 13.535634
4807.634869 13.802573
4808.049945 13.627951
4808.465022 13.227751
4808.880098 13.150385
4809.295174 12.809259
4809.710250 12.708097
4810.125327 13.164376
4810.540403 14.199288
4810.955479 14.028781
4811.370555 13.410360
4811.785631 13.236109
4812.200708 13.399615
4812.615784 13.651537
4813.030860 13.578332
4813.445936 13.641571
4813.861013 13.443584
4814.276089 13.459793
4814.691165 13.632579
4815.106241 13.739483
4815.521318 13.819833
4815.936394 14.015477
4816.351470 14.116314
4816.766546 13.909079
4817.181622 13.675800
4817.596699 13.656140
4818.011775 13.672183
4818.426851 13.791340
4818.841927 13.924570
4819.257004 14.250423
4819.672080 14.340266
4820.087156 14.228047
4820.502232 14.042424
4820.917309 14.062681
4821.332385 14.251615
4821.747461 14.496115
4822.162537 14.601875
4822.577614 14.547285
4822.992690 14.559659
4823.407766 14.486676
4823.822842 14.635250
4824.237918 14.619349
4824.652995 14.797489
4825.068071 14.838696
4825.483147 14.857390
4825.898223 14.977992
4826.313300 14.987200
4826.728376 15.065368
4827.143452 15.038329
4827.558528 15.065276
4827.973605 15.150743
4828.388681 15.182814
4828.803757 15.173060
4829.218833 15.320802
4829.633910 15.326002
4830.048986 15.332887
4830.464062 15.263713
4830.879138 15.305054
4831.294214 15.163393
4831.709291 15.351638
4832.124367 15.416559
4832.539443 15.418435
4832.954519 15.450017
4833.369596 15.598012
4833.784672 15.567754
4834.199748 15.673802
4834.614824 15.785818
4835.029901 15.749308
4835.444977 15.779246
4835.860053 15.696081
4836.275129 15.648442
4836.690206 15.604988
4837.105282 16.130948
4837.520358 16.045605
4837.935434 16.318531
4838.350510 16.435313
4838.765587 16.587275
4839.180663 16.926985
4839.595739 17.230525
4840.010815 17.182793
4840.425892 17.081411
4840.840968 16.701374
4841.256044 16.571129
4841.671120 16.414815
4842.086197 16.653693
4842.501273 17.126917
4842.916349 17.440139
4843.331425 17.262595
4843.746501 17.349529
4844.161578 17.150288
4844.576654 17.545799
4844.991730 17.808993
4845.406806 17.905586
4845.821883 17.900434
4846.236959 17.884554
4846.652035 17.926877
4847.067111 18.000090
4847.482188 18.074125
4847.897264 18.150733
4848.312340 18.376999
4848.727416 18.392582
4849.142493 18.480613
4849.557569 18.500981
4849.972645 18.584881
4850.387721 18.723009
4850.802797 18.867974
4851.217874 19.281111
4851.632950 19.586132
4852.048026 19.545763
4852.463102 19.567347
4852.878179 19.411547
4853.293255 19.652709
4853.708331 19.698627
4854.123407 19.713567
4854.538484 19.850933
4854.953560 19.890294
4855.368636 19.908373
4855.783712 19.987785
4856.198789 19.991085
4856.613865 20.068525
4857.028941 20.109057
4857.444017 20.056984
4857.859093 20.181996
4858.274170 20.064816
4858.689246 20.182635
4859.104322 20.414279
4859.519398 20.553611
4859.934475 20.649535
4860.349551 20.675205
4860.764627 20.807520
4861.179703 20.699644
4861.594780 20.727285
4862.009856 20.863341
4862.424932 21.140684
4862.840008 21.128940
4863.255085 21.248057
4863.670161 21.245603
4864.085237 21.147517
4864.500313 21.263392
4864.915389 21.247217
4865.330466 21.255573
4865.745542 20.985449
4866.160618 21.025152
4866.575694 20.800515
4866.990771 21.046449
4867.405847 20.974247
4867.820923 20.943082
4868.235999 20.915107
4868.651076 20.988630
4869.066152 20.854083
4869.481228 20.602201
4869.896304 20.450319
4870.311380 21.050305
4870.726457 21.313105
4871.141533 21.216228
4871.556609 21.159709
4871.971685 20.803212
4872.386762 20.855235
4872.801838 20.756934
4873.216914 20.653782
4873.631990 20.611749
4874.047067 20.265293
4874.462143 20.317827
4874.877219 20.321875
4875.292295 20.673448
4875.707372 20.665407
4876.122448 20.588246
4876.537524 20.765178
4876.952600 20.424982
4877.367676 20.084260
4877.782753 19.920439
4878.197829 19.778628
4878.612905 19.593956
4879.027981 19.539143
4879.443058 19.755978
4879.858134 19.681277
4880.273210 19.797368
4880.688286 19.593057
4881.103363 19.622589
4881.518439 19.346304
4881.933515 18.972985
4882.348591 18.788813
4882.763668 18.698612
4883.178744 18.580424
4883.593820 18.558411
4884.008896 18.511550
4884.423972 18.582753
4884.839049 18.557184
4885.254125 18.392326
4885.669201 18.320581
4886.084277 18.351664
4886.499354 18.382750
4886.914430 18.170914
4887.329506 17.978994
4887.744582 17.842757
4888.159659 17.853008
4888.574735 17.884682
4888.989811 17.673117
4889.404887 17.678321
4889.819964 17.610033
4890.235040 17.563358
4890.650116 17.261862
4891.065192 17.263604
4891.480268 17.049702
4891.895345 17.145155
4892.310421 16.822257
4892.725497 17.024490
4893.140573 17.180360
4893.555650 16.993962
4893.970726 16.590047
4894.385802 16.485572
4894.800878 16.300871
4895.215955 16.155803
4895.631031 16.028228
4896.046107 16.113363
4896.461183 16.176795
4896.876259 16.185452
4897.291336 16.112932
4897.706412 16.275714
4898.121488 16.284346
4898.536564 15.909309
4898.951641 15.808275
4899.366717 15.675642
4899.781793 15.390083
4900.196869 15.370312
4900.611946 15.214090
4901.027022 15.674300
4901.442098 15.692986
4901.857174 15.670725
4902.272251 15.672690
4902.687327 15.694959
4903.102403 15.476104
4903.517479 15.234869
4903.932555 15.214388
4904.347632 15.321415
4904.762708 15.225506
4905.177784 15.194967
4905.592860 15.060405
4906.007937 15.033232
4906.423013 15.356256
4906.838089 15.163274
4907.253165 15.189551
4907.668242 15.424020
4908.083318 15.192127
4908.498394 14.941391
4908.913470 14.749460
4909.328547 14.477845
4909.743623 14.356004
4910.158699 14.136288
4910.573775 14.337470
4910.988851 14.687006
4911.403928 14.682686
4911.819004 14.815553
4912.234080 14.823195
4912.649156 14.767003
4913.064233 14.643938
4913.479309 14.747975
4913.894385 14.727574
4914.309461 14.754750
4914.724538 14.827086
4915.139614 15.140862
4915.554690 14.912992
4915.969766 14.978005
4916.384843 14.858169
4916.799919 14.767499
4917.214995 14.628553
4917.630071 14.677612
4918.045147 14.581279
4918.460224 14.991537
4918.875300 14.812274
4919.290376 14.684705
4919.705452 14.333946
4920.120529 13.846512
4920.535605 13.782683
4920.950681 14.121976
4921.365757 14.381686
4921.780834 14.586469
4922.195910 14.563324
4922.610986 14.575843
4923.026062 14.724812
4923.441138 14.759870
4923.856215 14.688460
4924.271291 14.879119
4924.686367 14.911874
4925.101443 15.047775
4925.516520 14.982490
4925.931596 14.983605
4926.346672 14.849988
4926.761748 15.125056
4927.176825 14.980371
4927.591901 14.868033
4928.006977 14.768850
4928.422053 14.795169
4928.837130 14.763987
4929.252206 14.789335
4929.667282 14.844011
4930.082358 14.997145
4930.497434 15.053869
4930.912511 15.165540
4931.327587 15.161597
4931.742663 14.923570
4932.157739 14.824609
4932.572816 14.922035
4932.987892 14.757171
4933.402968 14.790870
4933.818044 15.094335
4934.233121 14.992949
4934.648197 15.000961
4935.063273 14.995422
4935.478349 15.012533
4935.893426 14.984130
4936.308502 14.970181
4936.723578 14.968539
4937.138654 15.089344
4937.553730 14.969155
4937.968807 15.160508
4938.383883 15.178415
4938.798959 15.109934
4939.214035 15.151704
4939.629112 15.031739
4940.044188 14.954322
4940.459264 14.964504
4940.874340 14.924196
4941.289417 14.781379
4941.704493 14.763328
4942.119569 14.751016
4942.534645 14.723909
4942.949722 14.705531
4943.364798 14.749852
4943.779874 14.709579
4944.194950 14.677811
4944.610026 14.613431
4945.025103 14.638140
4945.440179 14.555433
4945.855255 14.487782
4946.270331 14.509373
4946.685408 14.415783
4947.100484 14.451273
4947.515560 14.425121
4947.930636 14.371458
4948.345713 14.366240
4948.760789 14.293382
4949.175865 14.298203
4949.590941 14.394197
4950.006017 14.239829
4950.421094 14.128833
4950.836170 14.003318
4951.251246 13.947419
4951.666322 13.963596
4952.081399 13.860281
4952.496475 13.885231
4952.911551 13.884808
4953.326627 14.080114
4953.741704 13.792324
4954.156780 13.706881
4954.571856 13.407290
4954.986932 13.158587
4955.402009 12.880546
4955.817085 12.693199
4956.232161 12.783419
4956.647237 12.646885
4957.062313 12.215621
4957.477390 12.708430
4957.892466 13.284670
4958.307542 13.599537
4958.722618 13.508586
4959.137695 13.419633
4959.552771 13.471007
4959.967847 13.022692
4960.382923 12.824845
4960.798000 12.909164
4961.213076 13.136270
4961.628152 13.184446
4962.043228 13.365588
4962.458305 13.335934
4962.873381 13.360088
4963.288457 13.336479
4963.703533 13.190619
4964.118609 13.200403
4964.533686 13.199055
4964.948762 12.976357
4965.363838 13.273217
4965.778914 13.319393
4966.193991 13.390992
4966.609067 13.095681
4967.024143 12.957154
4967.439219 12.868075
4967.854296 13.054085
4968.269372 13.148232
4968.684448 13.223952
4969.099524 13.184029
4969.514601 13.201890
4969.929677 13.220308
4970.344753 13.129619
4970.759829 13.003776
4971.174905 12.960856
4971.589982 12.949556
4972.005058 12.863024
4972.420134 12.939760
4972.835210 12.975639
4973.250287 12.986834
4973.665363 13.247614
4974.080439 13.309366
4974.495515 13.290091
4974.910592 13.171940
4975.325668 13.036107
4975.740744 12.985311
4976.155820 12.950915
4976.570896 12.975821
4976.985973 13.039372
4977.401049 12.976767
4977.816125 13.003003
4978.231201 13.087948
4978.646278 12.897018
4979.061354 13.068778
4979.476430 13.098942
4979.891506 13.158799
4980.306583 13.069297
4980.721659 12.976273
4981.136735 13.060227
4981.551811 13.030604
4981.966888 13.054337
4982.381964 13.177621
4982.797040 13.276854
4983.212116 13.303370
4983.627192 13.313921
4984.042269 13.112277
4984.457345 12.961746
4984.872421 13.181259
4985.287497 12.898453
4985.702574 12.803659
4986.117650 13.021266
4986.532726 13.102504
4986.947802 13.370220
4987.362879 13.472133
4987.777955 13.401598
4988.193031 13.537892
4988.608107 13.511103
4989.023184 13.301046
4989.438260 13.237332
4989.853336 13.258353
4990.268412 13.265439
4990.683488 13.339101
4991.098565 13.350681
4991.513641 13.453267
4991.928717 13.350411
4992.343793 13.527710
4992.758870 13.412892
4993.173946 13.285424
4993.589022 13.300694
4994.004098 13.661993
4994.419175 13.744848
4994.834251 14.082183
4995.249327 13.705369
4995.664403 13.699392
4996.079480 13.305496
4996.494556 12.740137
4996.909632 11.830134
4997.324708 12.375955
4997.739784 13.155032
4998.154861 13.153082
4998.569937 13.128574
4998.985013 13.539339
4999.400089 14.054415
4999.815166 13.888521
5000.230242 14.145351
5000.645318 14.191944
5001.060394 14.150348
5001.475471 14.336398
5001.890547 14.309476
5002.305623 14.194635
5002.720699 14.152790
5003.135775 14.309867
5003.550852 14.351579
5003.965928 14.303742
5004.381004 14.389014
5004.796080 14.409247
5005.211157 14.327368
5005.626233 14.221892
5006.041309 14.374541
5006.456385 14.391627
5006.871462 14.214326
5007.286538 14.124309
5007.701614 13.589159
5008.116690 13.580127
5008.531767 13.593565
5008.946843 13.903540
5009.361919 13.820227
5009.776995 13.845905
5010.192071 14.155910
5010.607148 14.264575
5011.022224 14.232047
5011.437300 14.431401
5011.852376 14.496345
5012.267453 14.467358
5012.682529 14.328233
5013.097605 14.462359
5013.512681 14.279071
5013.927758 14.219111
5014.342834 14.077945
5014.757910 13.995616
5015.172986 13.937742
5015.588063 14.048417
5016.003139 14.009741
5016.418215 14.159062
5016.833291 14.234501
5017.248367 13.900550
5017.663444 13.376617
5018.078520 13.408614
5018.493596 13.328161
5018.908672 13.713846
5019.323749 13.614022
5019.738825 13.186201
5020.153901 13.643003
5020.568977 13.892651
5020.984054 13.964241
5021.399130 14.275452
5021.814206 14.069248
5022.229282 13.956732
5022.644359 13.878031
5023.059435 13.888764
5023.474511 13.786268
5023.889587 13.791774
5024.304663 13.876256
5024.719740 13.843541
5025.134816 13.858644
5025.549892 13.681073
5025.964968 13.793637
5026.380045 13.672344
5026.795121 13.581481
5027.210197 13.616942
5027.625273 13.510634
5028.040350 13.581023
5028.455426 13.541286
5028.870502 13.540493
5029.285578 13.597336
5029.700654 13.908998
5030.115731 13.834415
5030.530807 13.653440
5030.945883 13.879960
5031.360959 13.584428
5031.776036 13.502476
5032.191112 13.440656
5032.606188 13.575574
5033.021264 13.680120
5033.436341 14.052595
5033.851417 13.979499
5034.266493 13.411319
5034.681569 12.631681
5035.096646 12.052365
5035.511722 11.363255
5035.926798 11.257997
5036.341874 11.615625
5036.756950 12.021499
5037.172027 12.679702
5037.587103 13.011647
5038.002179 13.266166
5038.417255 13.271074
5038.832332 12.827894
5039.247408 12.220115
5039.662484 12.664250
5040.077560 12.327381
5040.492637 12.529803
5040.907713 12.703410
5041.322789 12.683497
5041.737865 12.672586
5042.152942 12.788703
5042.568018 12.123214
5042.983094 12.108631
5043.398170 12.333936
5043.813246 12.239655
5044.228323 12.555959
5044.643399 12.417928
5045.058475 12.554022
5045.473551 12.985716
5045.888628 12.930539
5046.303704 12.736623
5046.718780 12.600929
5047.133856 12.758419
5047.548933 12.581302
5047.964009 12.475261
5048.379085 12.628509
5048.794161 12.497518
5049.209238 12.531351
5049.624314 12.524465
5050.039390 12.237282
5050.454466 12.216511
5050.869542 12.324361
5051.284619 12.140300
5051.699695 12.190466
5052.114771 12.340166
5052.529847 12.310823
5052.944924 12.216054
5053.360000 12.053986
5053.775076 11.844033
5054.190152 11.916606
5054.605229 12.103722
5055.020305 12.070714
5055.435381 11.934957
5055.850457 11.905490
5056.265533 11.851710
5056.680610 11.872991
5057.095686 11.826095
5057.510762 11.799455
5057.925838 11.790500
5058.340915 11.709782
5058.755991 11.823483
5059.171067 11.897423
5059.586143 11.866045
5060.001220 11.733508
5060.416296 11.815234
5060.831372 11.715528
5061.246448 11.399042
5061.661525 11.434114
5062.076601 11.478008
5062.491677 11.418716
5062.906753 11.533779
5063.321829 11.647024
5063.736906 11.730530
5064.151982 11.992776
5064.567058 12.080670
5064.982134 11.737112
5065.397211 11.770401
5065.812287 11.967089
5066.227363 12.074096
5066.642439 12.252454
5067.057516 11.980561
5067.472592 10.536306
5067.887668 9.796452
5068.302744 9.900774
5068.717821 9.557364
5069.132897 10.153758
5069.547973 10.416317
5069.963049 11.459870
5070.378125 11.118148
5070.793202 10.805399
5071.208278 11.080311
5071.623354 11.076160
5072.038430 10.991657
5072.453507 11.333669
5072.868583 11.238601
5073.283659 11.349666
5073.698735 11.191263
5074.113812 10.642422
5074.528888 10.937375
5074.943964 11.256667
5075.359040 10.754987
5075.774117 10.624719
5076.189193 10.586959
5076.604269 11.031582
5077.019345 11.670426
5077.434421 11.508446
5077.849498 11.506574
5078.264574 11.133274
5078.679650 11.135412
5079.094726 11.191217
5079.509803 11.097166
5079.924879 11.340676
5080.339955 11.463313
5080.755031 11.349358
5081.170108 11.282381
5081.585184 11.015694
5082.000260 10.961225
5082.415336 10.911855
5082.830412 10.896269
5083.245489 10.731043
5083.660565 10.540224
5084.075641 10.370259
5084.490717 10.567542
5084.905794 10.544307
5085.320870 10.801663
5085.735946 10.845050
5086.151022 11.002926
5086.566099 10.905074
5086.981175 10.929373
5087.396251 11.010697
5087.811327 10.965363
5088.226404 11.036241
5088.641480 10.913196
5089.056556 11.010326
5089.471632 10.810658
5089.886708 10.597417
5090.301785 10.936966
5090.716861 10.745322
5091.131937 10.952247
5091.547013 10.592364
5091.962090 10.471463
5092.377166 10.490008
5092.792242 10.559624
5093.207318 10.302528
5093.622395 10.504282
5094.037471 10.439780
5094.452547 10.695903
5094.867623 10.827220
5095.282700 10.813721
5095.697776 10.906086
5096.112852 10.820274
5096.527928 10.847044
5096.943004 10.517511
5097.358081 10.871244
5097.773157 10.985303
5098.188233 10.884964
5098.603309 10.896721
5099.018386 10.917886
5099.433462 10.942164
5099.848538 11.000000
5100.263614 11.076279
5100.678691 10.976332
5101.093767 11.489678
5101.508843 11.886534
5101.923919 11.781037
5102.338996 11.791018
5102.754072 11.623044
5103.169148 11.416029
5103.584224 10.998700
5103.999300 10.211472
5104.414377 10.259504
5104.829453 10.504452
5105.244529 10.119703
5105.659605 10.181139
5106.074682 10.674109
5106.489758 10.754847
5106.904834 10.684795
5107.319910 10.555360
5107.734987 10.620719
5108.150063 10.727464
5108.565139 10.756522
5108.980215 10.739044
5109.395291 10.956664
5109.810368 11.106414
5110.225444 10.943236
5110.640520 10.691888
5111.055596 10.522185
5111.470673 10.563636
5111.885749 10.842933
5112.300825 11.120175
5112.715901 10.993246
5113.130978 10.979304
5113.546054 10.718073
5113.961130 10.736615
5114.376206 10.223507
5114.791283 10.716390
5115.206359 10.780902
5115.621435 10.508332
5116.036511 10.673070
5116.451587 10.928083
5116.866664 11.208941
5117.281740 11.196992
5117.696816 11.211033
5118.111892 10.926810
5118.526969 11.076028
5118.942045 11.072853
5119.357121 11.132610
5119.772197 11.064925
5120.187274 10.823652
5120.602350 10.704181
5121.017426 11.029823
5121.432502 10.989626
5121.847579 11.491622
5122.262655 11.742373
5122.677731 12.032437
5123.092807 11.276283
5123.507883 10.572080
5123.922960 10.248333
5124.338036 9.597205
5124.753112 9.126277
5125.168188 9.328679
5125.583265 9.604413
5125.998341 9.826164
5126.413417 11.063218
5126.828493 11.219720
5127.243570 10.929268
5127.658646 11.115505
5128.073722 11.316185
5128.488798 11.321696
5128.903875 11.188394
5129.318951 11.377928
5129.734027 11.093468
5130.149103 11.189841
5130.564179 11.319504
5130.979256 11.138000
5131.394332 11.086028
5131.809408 11.431553
5132.224484 11.338703
5132.639561 11.220878
5133.054637 11.075653
5133.469713 10.816651
5133.884789 11.064590
5134.299866 10.962942
5134.714942 10.719269
5135.130018 11.179387
5135.545094 11.369874
5135.960170 11.636874
5136.375247 11.615373
5136.790323 11.894632
5137.205399 11.745181
5137.620475 11.598013
5138.035552 11.115733
5138.450628 10.981555
5138.865704 10.887396
5139.280780 10.689212
5139.695857 10.904455
5140.110933 11.280578
5140.526009 11.827326
5140.941085 11.769582
5141.356162 11.760722
5141.771238 11.908520
5142.186314 11.631808
5142.601390 11.372436
5143.016466 11.263733
5143.431543 11.576862
5143.846619 11.096616
5144.261695 11.093292
5144.676771 11.177401
5145.091848 10.982397
5145.506924 11.290437
5145.922000 11.697770
5146.337076 11.860933
5146.752153 11.607581
5147.167229 10.905334
5147.582305 10.272307
5147.997381 9.377070
5148.412458 8.947933
5148.827534 9.349034
5149.242610 9.491121
5149.657686 9.607514
5150.072762 9.829138
5150.487839 10.422904
5150.902915 11.329604
5151.317991 11.604193
5151.733067 11.807249
5152.148144 11.610519
5152.563220 11.464193
5152.978296 11.844921
5153.393372 11.821157
5153.808449 11.568661
5154.223525 11.782972
5154.638601 11.862168
5155.053677 11.987706
5155.468754 11.814508
5155.883830 12.506615
5156.298906 12.113382
5156.713982 11.683297
5157.129058 12.165041
5157.544135 12.449731
5157.959211 12.631964
5158.374287 12.392444
5158.789363 11.661394
5159.204440 11.674881
5159.619516 11.748743
5160.034592 11.863670
5160.449668 12.050020
5160.864745 11.986278
5161.279821 12.048382
5161.694897 11.962388
5162.109973 11.909609
5162.525049 12.353639
5162.940126 12.264963
5163.355202 12.249537
5163.770278 12.073246
5164.185354 11.569570
5164.600431 12.024680
5165.015507 12.044185
5165.430583 12.394293
5165.845659 12.495049
5166.260736 13.167182
5166.675812 13.088199
5167.090888 12.977463
5167.505964 11.898292
5167.921041 11.484162
5168.336117 11.748098
5168.751193 12.426780
5169.166269 13.007074
5169.581345 12.536502
5169.996422 13.196954
5170.411498 13.350265
5170.826574 12.995797
5171.241650 12.980723
5171.656727 13.207107
5172.071803 13.264706
5172.486879 12.984145
5172.901955 12.884133
5173.317032 12.920805
5173.732108 12.887565
5174.147184 12.985006
5174.562260 12.788738
5174.977337 12.776483
5175.392413 12.228703
5175.807489 11.456562
5176.222565 10.755609
5176.637641 11.577903
5177.052718 12.035398
5177.467794 12.439633
5177.882870 12.376956
5178.297946 11.861389
5178.713023 12.068360
5179.128099 12.494800
5179.543175 12.515356
5179.958251 12.698374
5180.373328 12.666350
5180.788404 12.744020
5181.203480 12.600336
5181.618556 12.382819
5182.033633 12.743406
5182.448709 12.737647
5182.863785 13.056877
5183.278861 12.740600
5183.693937 12.781716
5184.109014 12.668735
5184.524090 12.514495
5184.939166 12.733664
5185.354242 12.953300
5185.769319 13.032229
5186.184395 13.014250
5186.599471 13.101007
5187.014547 13.162981
5187.429624 13.057488
5187.844700 13.411118
5188.259776 13.557078
5188.674852 13.330940
5189.089928 13.530619
5189.505005 13.288977
5189.920081 13.200020
5190.335157 13.219837
5190.750233 13.121129
5191.165310 12.775344
5191.580386 13.034955
5191.995462 12.835775
5192.410538 12.742078
5192.825615 13.099082
5193.240691 13.072895
5193.655767 13.055329
5194.070843 12.902800
5194.485920 12.662088
5194.900996 12.547777
5195.316072 12.293016
5195.731148 12.179739
5196.146224 12.313114
5196.561301 12.434000
5196.976377 12.552125
5197.391453 13.271835
5197.806529 13.204470
5198.221606 13.133749
5198.636682 12.864437
5199.051758 12.497172
5199.466834 12.661561
5199.881911 12.719319
5200.296987 12.726515
5200.712063 12.651272
5201.127139 12.568105
5201.542216 12.756673
5201.957292 13.199249
5202.372368 13.023159
5202.787444 12.839955
5203.202520 12.556623
5203.617597 12.455779
5204.032673 13.402074
5204.447749 13.574606
5204.862825 12.518788
5205.277902 10.758606
5205.692978 9.575890
5206.108054 7.219461
5206.523130 5.441396
5206.938207 6.398708
5207.353283 4.472024
5207.768359 8.016195
5208.183435 10.798049
5208.598512 13.086352
5209.013588 14.038198
5209.428664 14.268678
5209.843740 14.165195
5210.258816 11.892787
5210.673893 11.697146
5211.088969 10.803590
5211.504045 10.391971
5211.919121 9.774589
5212.334198 10.742217
5212.749274 11.607066
5213.164350 10.791655
5213.579426 11.560944
5213.994503 11.784231
5214.409579 11.432037
5214.824655 11.960558
5215.239731 12.144294
5215.654807 12.520451
5216.069884 12.365243
5216.484960 11.833483
5216.900036 11.797066
5217.315112 11.835962
5217.730189 11.558748
5218.145265 11.123714
5218.560341 11.834046
5218.975417 11.643378
5219.390494 11.437867
5219.805570 11.709717
5220.220646 11.724013
5220.635722 11.463190
5221.050799 12.231249
5221.465875 13.168612
5221.880951 13.055878
5222.296027 12.492927
5222.711103 12.241644
5223.126180 12.588783
5223.541256 12.471837
5223.956332 11.933522
5224.371408 11.468907
5224.786485 11.509449
5225.201561 11.752236
5225.616637 11.648023
5226.031713 12.128167
5226.446790 12.391816
5226.861866 12.694194
5227.276942 12.068182
5227.692018 11.729186
5228.107095 12.097932
5228.522171 12.340576
5228.937247 12.686649
