1943.510467 75.425349
1943.950720 76.937999
1944.390972 84.804466
1944.831225 83.789123
1945.271477 85.863826
1945.711730 85.871623
1946.151983 74.372095
1946.592235 68.258745
1947.032488 76.946578
1947.472741 75.658532
1947.912993 75.930008
1948.353246 75.096969
1948.793498 76.828614
1949.233751 74.002444
1949.674004 76.918297
1950.114256 77.455783
1950.554509 73.440547
1950.994762 82.724822
1951.435014 80.891581
1951.875267 74.302427
1952.315519 77.948510
1952.755772 75.069498
1953.196025 75.724602
1953.636277 76.826426
1954.076530 73.823336
1954.516783 78.644421
1954.957035 79.100362
1955.397288 76.166947
1955.837540 72.464471
1956.277793 72.119128
1956.718046 68.936372
1957.158298 69.499912
1957.598551 72.460634
1958.038804 69.816911
1958.479056 71.533754
1958.919309 73.629256
1959.359561 74.484458
1959.799814 76.676568
1960.240067 77.247665
1960.680319 72.455086
1961.120572 69.913362
1961.560825 73.317014
1962.001077 69.477559
1962.441330 75.155556
1962.881582 74.415676
1963.321835 67.941801
1963.762088 68.252333
1964.202340 68.335589
1964.642593 70.734666
1965.082846 73.952055
1965.523098 67.327538
1965.963351 67.964235
1966.403603 73.389994
1966.843856 67.177441
1967.284109 67.348276
1967.724361 68.351509
1968.164614 64.860926
1968.604867 64.953499
1969.045119 65.582277
1969.485372 65.152656
1969.925624 63.976837
1970.365877 64.340981
1970.806130 64.332122
1971.246382 62.808623
1971.686635 64.656461
1972.126888 68.316317
1972.567140 68.590574
1973.007393 65.358832
1973.447645 65.030030
1973.887898 69.046296
1974.328151 65.741554
1974.768403 61.600761
1975.208656 54.114500
1975.648909 61.694621
1976.089161 67.580069
1976.529414 63.781101
1976.969666 66.926907
1977.409919 66.174378
1977.850172 65.598831
1978.290424 64.339891
1978.730677 71.952178
1979.170930 68.647069
1979.611182 66.221625
1980.051435 65.227565
1980.491687 69.195370
1980.931940 71.683401
1981.372193 72.422164
1981.812445 71.339647
1982.252698 69.515852
1982.692951 67.569819
1983.133203 63.495443
1983.573456 64.742805
1984.013708 66.492781
1984.453961 70.436339
1984.894214 73.765369
1985.334466 72.698567
1985.774719 67.827448
1986.214972 71.262864
1986.655224 69.922998
1987.095477 68.092845
1987.535729 72.197928
1987.975982 69.889666
1988.416235 69.756116
1988.856487 65.519485
1989.296740 69.963444
1989.736993 65.810486
1990.177245 70.299634
1990.617498 69.408900
1991.057750 73.482097
1991.498003 64.500926
1991.938256 67.335641
1992.378508 69.872275
1992.818761 68.728731
1993.259014 66.957213
1993.699266 69.090790
1994.139519 68.079201
1994.579771 67.205811
1995.020024 67.610995
1995.460277 64.773635
1995.900529 68.378714
1996.340782 69.878640
1996.781035 66.911110
1997.221287 67.501964
1997.661540 65.664035
1998.101792 66.070036
1998.542045 66.515720
1998.982298 66.882331
1999.422550 70.003202
1999.862803 66.862091
2000.303056 64.316482
2000.743308 64.100751
2001.183561 65.239859
2001.623813 62.694659
2002.064066 66.138185
2002.504319 62.530986
2002.944571 69.634457
2003.384824 67.527363
2003.825077 64.548486
2004.265329 65.239375
2004.705582 62.772123
2005.145834 65.790532
2005.586087 67.201354
2006.026340 64.740420
2006.466592 63.784181
2006.906845 63.288388
2007.347098 63.454466
2007.787350 63.767206
2008.227603 64.997325
2008.667855 63.456830
2009.108108 62.855639
2009.548361 63.702744
2009.988613 62.860266
2010.428866 59.742455
2010.869119 62.209503
2011.309371 63.826488
2011.749624 61.927042
2012.189876 61.255909
2012.630129 62.672940
2013.070382 62.628875
2013.510634 59.851650
2013.950887 60.837580
2014.391140 57.769252
2014.831392 59.542160
2015.271645 62.476747
2015.711897 60.573076
2016.152150 63.262635
2016.592403 62.375656
2017.032655 62.612076
2017.472908 60.453720
2017.913161 60.732018
2018.353413 62.623771
2018.793666 61.091283
2019.233918 59.787597
2019.674171 56.838535
2020.114424 55.908125
2020.554676 58.350435
2020.994929 60.590222
2021.435182 61.132629
2021.875434 60.955674
2022.315687 60.507428
2022.755939 60.245677
2023.196192 60.773180
2023.636445 58.696929
2024.076697 57.702364
2024.516950 60.469640
2024.957203 59.645099
2025.397455 58.242795
2025.837708 61.329639
2026.277960 62.027458
2026.718213 61.027012
2027.158466 59.583847
2027.598718 59.091563
2028.038971 59.291320
2028.479223 60.422359
2028.919476 56.933330
2029.359729 60.679373
2029.799981 59.034032
2030.240234 56.795098
2030.680487 60.192957
2031.120739 60.894368
2031.560992 59.736520
2032.001244 59.066409
2032.441497 60.350196
2032.881750 56.686067
2033.322002 60.708875
2033.762255 59.390721
2034.202508 56.767000
2034.642760 56.030540
2035.083013 50.503826
2035.523265 50.511404
2035.963518 55.010515
2036.403771 58.933915
2036.844023 63.461962
2037.284276 63.998420
2037.724529 62.886333
2038.164781 61.066988
2038.605034 62.944313
2039.045286 62.646846
2039.485539 64.146349
2039.925792 63.689632
2040.366044 64.857137
2040.806297 60.095055
2041.246550 60.169862
2041.686802 62.577634
2042.127055 60.461728
2042.567307 62.000839
2043.007560 61.586415
2043.447813 60.632358
2043.888065 61.837215
2044.328318 62.193863
2044.768571 61.804054
2045.208823 62.249670
2045.649076 61.757107
2046.089328 62.563786
2046.529581 62.673321
2046.969834 61.214741
2047.410086 63.536912
2047.850339 60.924660
2048.290592 58.548400
2048.730844 60.838773
2049.171097 59.063786
2049.611349 59.377780
2050.051602 62.900801
2050.491855 60.651746
2050.932107 61.363550
2051.372360 59.705423
2051.812613 58.502904
2052.252865 59.601538
2052.693118 60.415319
2053.133370 61.673843
2053.573623 60.834997
2054.013876 59.161947
2054.454128 62.315440
2054.894381 64.483330
2055.334634 62.876519
2055.774886 62.330712
2056.215139 63.354983
2056.655391 63.643837
2057.095644 61.689217
2057.535897 60.865119
2057.976149 62.070610
2058.416402 63.093020
2058.856655 63.446036
2059.296907 62.891403
2059.737160 63.920533
2060.177412 60.605201
2060.617665 59.806835
2061.057918 61.237107
2061.498170 57.352688
2061.938423 56.487769
2062.378676 58.720468
2062.818928 62.675325
2063.259181 62.485927
2063.699433 64.309190
2064.139686 64.083571
2064.579939 60.882544
2065.020191 59.648860
2065.460444 59.112450
2065.900697 58.236886
2066.340949 56.308818
2066.781202 57.176586
2067.221454 56.598292
2067.661707 52.417611
2068.101960 49.358565
2068.542212 42.903315
2068.982465 40.143161
2069.422718 46.169001
2069.862970 54.391564
2070.303223 55.981474
2070.743475 59.046810
2071.183728 57.556295
2071.623981 60.416280
2072.064233 57.071916
2072.504486 57.493128
2072.944739 56.819168
2073.384991 55.020867
2073.825244 54.799419
2074.265496 57.153313
2074.705749 54.565070
2075.146002 56.682285
2075.586254 58.262142
2076.026507 56.152383
2076.466760 58.830854
2076.907012 58.091178
2077.347265 58.451677
2077.787517 59.125399
2078.227770 57.329701
2078.668023 57.153851
2079.108275 59.513068
2079.548528 58.955982
2079.988781 59.153721
2080.429033 58.686087
2080.869286 57.112867
2081.309538 58.002619
2081.749791 57.439352
2082.190044 58.434892
2082.630296 57.925618
2083.070549 57.929237
2083.510802 57.767112
2083.951054 58.974450
2084.391307 58.431307
2084.831559 59.042694
2085.271812 58.021054
2085.712065 58.541115
2086.152317 58.918957
2086.592570 59.099925
2087.032823 58.011704
2087.473075 57.104805
2087.913328 59.620183
2088.353580 58.798477
2088.793833 56.364529
2089.234086 57.950438
2089.674338 54.541545
2090.114591 58.207869
2090.554844 58.084984
2090.995096 58.742418
2091.435349 58.012174
2091.875601 58.575843
2092.315854 56.936431
2092.756107 56.684268
2093.196359 57.828466
2093.636612 57.689661
2094.076865 58.325963
2094.517117 56.570351
2094.957370 55.976124
2095.397622 56.914228
2095.837875 57.457820
2096.278128 57.277200
2096.718380 58.982614
2097.158633 58.642390
2097.598886 55.896649
2098.039138 59.143976
2098.479391 57.220173
2098.919643 57.634141
2099.359896 58.351744
2099.800149 60.667741
2100.240401 57.523604
2100.680654 56.194247
2101.120907 57.630986
2101.561159 58.034622
2102.001412 56.944738
2102.441664 56.053316
2102.881917 56.346034
2103.322170 56.082831
2103.762422 56.186212
2104.202675 56.925690
2104.642928 57.132746
2105.083180 55.755200
2105.523433 56.876876
2105.963685 57.743144
2106.403938 57.961396
2106.844191 56.552625
2107.284443 54.420650
2107.724696 55.546639
2108.164949 55.233565
2108.605201 54.955356
2109.045454 55.316454
2109.485706 54.779867
2109.925959 55.023348
2110.366212 55.447653
2110.806464 55.262821
2111.246717 53.777901
2111.686969 52.779268
2112.127222 52.901533
2112.567475 52.523841
2113.007727 52.721580
2113.447980 53.064960
2113.888233 53.743411
2114.328485 55.625480
2114.768738 54.808850
2115.208990 53.132631
2115.649243 53.301523
2116.089496 52.840601
2116.529748 53.100117
2116.970001 53.929968
2117.410254 52.941175
2117.850506 51.049702
2118.290759 51.548310
2118.731011 52.036532
2119.171264 53.426228
2119.611517 53.051282
2120.051769 51.396393
2120.492022 52.217991
2120.932275 52.169905
2121.372527 51.921525
2121.812780 50.071977
2122.253032 51.966353
2122.693285 50.008285
2123.133538 52.042597
2123.573790 50.914066
2124.014043 51.917449
2124.454296 52.032981
2124.894548 52.402359
2125.334801 50.746189
2125.775053 49.826356
2126.215306 50.748022
2126.655559 50.882193
2127.095811 52.296661
2127.536064 52.466555
2127.976317 51.435238
2128.416569 51.296052
2128.856822 50.413311
2129.297074 49.695375
2129.737327 50.065427
2130.177580 50.762967
2130.617832 49.675966
2131.058085 51.353071
2131.498338 51.698891
2131.938590 52.546711
2132.378843 52.045003
2132.819095 51.803219
2133.259348 51.569538
2133.699601 52.216512
2134.139853 52.561915
2134.580106 52.878519
2135.020359 52.732566
2135.460611 52.139695
2135.900864 54.381212
2136.341116 54.017116
2136.781369 54.289028
2137.221622 54.623609
2137.661874 54.304491
2138.102127 55.936768
2138.542380 56.055292
2138.982632 55.579555
2139.422885 55.199055
2139.863137 54.550036
2140.303390 54.785176
2140.743643 57.743962
2141.183895 57.308828
2141.624148 57.642843
2142.064401 56.397254
2142.504653 57.949838
2142.944906 56.237337
2143.385158 58.413520
2143.825411 57.858697
2144.265664 55.688694
2144.705916 55.368444
2145.146169 55.713534
2145.586422 55.733597
2146.026674 54.826419
2146.466927 54.955404
2146.907179 53.732528
2147.347432 54.325010
2147.787685 54.819168
2148.227937 54.684180
2148.668190 52.300389
2149.108443 52.885818
2149.548695 53.752877
2149.988948 51.976820
2150.429200 50.984804
2150.869453 51.767264
2151.309706 51.437439
2151.749958 51.626592
2152.190211 51.342365
2152.630464 50.696748
2153.070716 50.073169
2153.510969 48.681210
2153.951221 49.370777
2154.391474 51.070092
2154.831727 49.290151
2155.271979 48.697845
2155.712232 48.435522
2156.152485 46.774431
2156.592737 45.620188
2157.032990 47.624862
2157.473242 48.814141
2157.913495 48.464471
2158.353748 47.224552
2158.794000 47.578801
2159.234253 49.206989
2159.674506 48.808409
2160.114758 47.886770
2160.555011 48.240385
2160.995263 47.743345
2161.435516 49.110689
2161.875769 48.340918
2162.316021 49.614442
2162.756274 49.328109
2163.196527 49.018361
2163.636779 47.645382
2164.077032 49.407904
2164.517284 49.485907
2164.957537 49.982872
2165.397790 50.436911
2165.838042 49.334236
2166.278295 49.293687
2166.718548 48.318272
2167.158800 48.527256
2167.599053 49.814927
2168.039305 50.111339
2168.479558 48.797288
2168.919811 49.330433
2169.360063 49.272459
2169.800316 48.430090
2170.240569 48.390680
2170.680821 50.817663
2171.121074 46.925026
2171.561326 48.727947
2172.001579 49.856702
2172.441832 50.420120
2172.882084 50.130952
2173.322337 49.384298
2173.762590 48.786132
2174.202842 47.908523
2174.643095 46.607536
2175.083347 50.266479
2175.523600 49.718586
2175.963853 48.589667
2176.404105 48.967393
2176.844358 49.523757
2177.284611 49.156171
2177.724863 48.779215
2178.165116 49.538565
2178.605368 47.481839
2179.045621 49.079361
2179.485874 48.099761
2179.926126 47.982716
2180.366379 47.807405
2180.806632 48.646502
2181.246884 49.841342
2181.687137 49.143270
2182.127389 48.984416
2182.567642 48.975768
2183.007895 48.134755
2183.448147 48.185138
2183.888400 49.072927
2184.328653 49.162447
2184.768905 49.121108
2185.209158 48.430520
2185.649410 47.934958
2186.089663 49.877174
2186.529916 49.011860
2186.970168 48.679050
2187.410421 48.582995
2187.850674 47.679926
2188.290926 47.999011
2188.731179 47.112686
2189.171431 46.962180
2189.611684 47.034383
2190.051937 47.057990
2190.492189 47.158761
2190.932442 47.395550
2191.372695 47.827290
2191.812947 47.423170
2192.253200 46.405087
2192.693452 46.315084
2193.133705 45.617162
2193.573958 46.676986
2194.014210 46.919499
2194.454463 45.953502
2194.894715 44.368042
2195.334968 43.431949
2195.775221 45.486815
2196.215473 44.780892
2196.655726 44.223002
2197.095979 44.012560
2197.536231 42.755998
2197.976484 43.049909
2198.416736 42.515509
2198.856989 42.503502
2199.297242 43.474685
2199.737494 43.152247
2200.177747 43.206446
2200.618000 43.505399
2201.058252 43.861257
2201.498505 43.992831
2201.938757 44.412918
2202.379010 42.548520
2202.819263 43.581269
2203.259515 42.884921
2203.699768 44.563819
2204.140021 44.622100
2204.580273 44.763058
2205.020526 45.354232
2205.460778 44.579289
2205.901031 44.537691
2206.341284 43.377069
2206.781536 44.541160
2207.221789 44.098379
2207.662042 44.548254
2208.102294 44.949832
2208.542547 45.276938
2208.982799 46.629984
2209.423052 45.665104
2209.863305 45.454219
2210.303557 47.020004
2210.743810 46.750865
2211.184063 46.729065
2211.624315 46.230430
2212.064568 46.180913
2212.504820 45.586775
2212.945073 46.743689
2213.385326 47.056988
2213.825578 46.255147
2214.265831 47.831863
2214.706084 46.643532
2215.146336 45.278676
2215.586589 46.006262
2216.026841 45.130991
2216.467094 45.829819
2216.907347 45.857181
2217.347599 46.528361
2217.787852 46.720914
2218.228105 46.769047
2218.668357 46.804273
2219.108610 46.419160
2219.548862 47.492893
2219.989115 48.423044
2220.429368 47.194873
2220.869620 45.982744
2221.309873 47.378853
2221.750126 46.790173
2222.190378 47.424744
2222.630631 46.395676
2223.070883 46.880518
2223.511136 46.147227
2223.951389 46.061592
2224.391641 45.723099
2224.831894 47.071470
2225.272147 47.601058
2225.712399 46.520865
2226.152652 46.325449
2226.592904 46.765177
2227.033157 47.401458
2227.473410 46.537629
2227.913662 45.536754
2228.353915 45.571973
2228.794168 45.700255
2229.234420 45.118227
2229.674673 44.295567
2230.114925 44.790133
2230.555178 44.822517
2230.995431 45.249447
2231.435683 44.357800
2231.875936 44.574968
2232.316189 43.834393
2232.756441 43.390549
2233.196694 43.949509
2233.636946 44.285446
2234.077199 44.299764
2234.517452 44.455852
2234.957704 45.395468
2235.397957 43.861366
2235.838210 43.148376
2236.278462 44.403541
2236.718715 43.970962
2237.158967 43.715399
2237.599220 44.443755
2238.039473 43.708591
2238.479725 43.648565
2238.919978 44.582860
2239.360231 43.090075
2239.800483 43.693182
2240.240736 43.479973
2240.680988 43.077570
2241.121241 42.985154
2241.561494 42.842165
2242.001746 43.752015
2242.441999 43.366867
2242.882252 42.266529
2243.322504 42.561591
2243.762757 43.923762
2244.203009 43.529183
2244.643262 43.415695
2245.083515 41.222557
2245.523767 38.006067
2245.964020 36.496593
2246.404273 36.334598
2246.844525 39.290706
2247.284778 42.167291
2247.725030 43.257319
2248.165283 45.109906
2248.605536 46.593899
2249.045788 44.172259
2249.486041 43.640040
2249.926294 44.308494
2250.366546 44.532110
2250.806799 44.285985
2251.247051 43.708270
2251.687304 43.889150
2252.127557 44.745142
2252.567809 43.897321
2253.008062 42.247011
2253.448315 41.443296
2253.888567 40.617821
2254.328820 39.680249
2254.769072 39.277090
2255.209325 41.764909
2255.649578 42.318928
2256.089830 42.326343
2256.530083 40.107301
2256.970336 35.041107
2257.410588 31.331808
2257.850841 29.993769
2258.291093 33.122776
2258.731346 38.026716
2259.171599 41.303285
2259.611851 42.467083
2260.052104 42.860299
2260.492357 43.819952
2260.932609 44.310048
2261.372862 44.607911
2261.813114 43.825799
2262.253367 43.294923
2262.693620 43.176590
2263.133872 43.450771
2263.574125 43.625279
2264.014378 42.975634
2264.454630 43.319470
2264.894883 43.160432
2265.335135 43.309043
2265.775388 43.775683
2266.215641 43.219142
2266.655893 43.693414
2267.096146 44.259877
2267.536399 44.085417
2267.976651 43.930141
2268.416904 43.931245
2268.857156 43.347084
2269.297409 43.709899
2269.737662 44.075399
2270.177914 43.634445
2270.618167 43.398672
2271.058420 43.207427
2271.498672 43.060847
2271.938925 42.932373
2272.379177 43.385431
2272.819430 43.772589
2273.259683 44.481482
2273.699935 44.089261
2274.140188 43.596745
2274.580441 44.050000
2275.020693 45.175812
2275.460946 44.477789
2275.901198 44.638728
2276.341451 45.495292
2276.781704 46.777682
2277.221956 46.668706
2277.662209 45.416894
2278.102462 46.241885
2278.542714 46.716921
2278.982967 46.109398
2279.423219 46.210046
2279.863472 46.109200
2280.303725 47.422311
2280.743977 45.823529
2281.184230 46.009895
2281.624482 45.010328
2282.064735 44.248987
2282.504988 44.472337
2282.945240 45.899971
2283.385493 44.148686
2283.825746 45.199146
2284.265998 45.801837
2284.706251 45.761241
2285.146503 45.891200
2285.586756 45.823611
2286.027009 45.040211
2286.467261 44.496761
2286.907514 44.727443
2287.347767 45.356344
2287.788019 46.182896
2288.228272 45.800481
2288.668524 46.318920
2289.108777 45.263949
2289.549030 45.585378
2289.989282 45.456843
2290.429535 45.852029
2290.869788 44.308474
2291.310040 45.478507
2291.750293 45.662903
2292.190545 46.515004
2292.630798 45.767634
2293.071051 45.281204
2293.511303 46.132494
2293.951556 45.795568
2294.391809 47.052763
2294.832061 46.931881
2295.272314 46.873928
2295.712566 46.949552
2296.152819 47.370962
2296.593072 48.267120
2297.033324 48.932310
2297.473577 49.910649
2297.913830 49.418351
2298.354082 48.347815
2298.794335 48.350411
2299.234587 47.372515
2299.674840 47.740776
2300.115093 48.516693
2300.555345 47.846399
2300.995598 47.365544
2301.435851 47.761268
2301.876103 48.446616
2302.316356 48.866465
2302.756608 48.216295
2303.196861 47.138739
2303.637114 47.107050
2304.077366 48.071868
2304.517619 49.190845
2304.957872 47.894144
2305.398124 48.466100
2305.838377 48.140275
2306.278629 48.375790
2306.718882 47.869324
2307.159135 47.808863
2307.599387 47.324430
2308.039640 47.195329
2308.479893 47.665758
2308.920145 46.906639
2309.360398 46.765954
2309.800650 47.102096
2310.240903 47.455023
2310.681156 46.956565
2311.121408 47.097986
2311.561661 47.552843
2312.001914 46.950002
2312.442166 47.829219
2312.882419 47.135195
2313.322671 47.949010
2313.762924 47.883806
2314.203177 49.458300
2314.643429 46.936209
2315.083682 48.593435
2315.523935 48.800123
2315.964187 49.273700
2316.404440 49.581369
2316.844692 49.818199
2317.284945 49.012698
2317.725198 49.318459
2318.165450 49.209926
2318.605703 49.883137
2319.045956 50.173252
2319.486208 49.558785
2319.926461 51.193938
2320.366713 50.693306
2320.806966 50.675083
2321.247219 51.332334
2321.687471 50.427493
2322.127724 50.660493
2322.567977 51.182196
2323.008229 51.704738
2323.448482 53.555983
2323.888734 54.487980
2324.328987 54.231552
2324.769240 55.922491
2325.209492 56.817886
2325.649745 56.266600
2326.089998 55.945457
2326.530250 54.916246
2326.970503 55.266433
2327.410755 54.438178
2327.851008 54.724074
2328.291261 54.479523
2328.731513 54.106670
2329.171766 53.336422
2329.612019 52.922230
2330.052271 52.265783
2330.492524 50.923859
2330.932776 50.849339
2331.373029 51.263579
2331.813282 49.320892
2332.253534 48.796483
2332.693787 49.206110
2333.134040 48.659900
2333.574292 47.910350
2334.014545 48.366780
2334.454797 47.472659
2334.895050 47.337242
2335.335303 47.570684
2335.775555 47.335265
2336.215808 47.742180
2336.656061 48.414634
2337.096313 48.660698
2337.536566 47.984720
2337.976818 46.907620
2338.417071 46.435495
2338.857324 45.435785
2339.297576 46.988410
2339.737829 49.211085
2340.178082 48.911511
2340.618334 48.606704
2341.058587 46.585013
2341.498839 44.678452
2341.939092 45.545190
2342.379345 45.595852
2342.819597 45.230917
2343.259850 46.095094
2343.700103 46.139111
2344.140355 45.875192
2344.580608 45.947062
2345.020860 47.109129
2345.461113 46.502580
2345.901366 45.672042
2346.341618 45.841915
2346.781871 45.060839
2347.222124 46.019510
2347.662376 46.174412
2348.102629 46.424646
2348.542881 47.287691
2348.983134 45.957366
2349.423387 45.748068
2349.863639 46.086378
2350.303892 46.042653
2350.744145 45.815869
2351.184397 44.932577
2351.624650 46.287988
2352.064902 46.621922
2352.505155 46.345866
2352.945408 46.686288
2353.385660 44.174562
2353.825913 44.985637
2354.266166 45.922433
2354.706418 45.022758
2355.146671 44.803204
2355.586923 44.594649
2356.027176 44.589054
2356.467429 45.282867
2356.907681 45.587845
2357.347934 45.929473
2357.788187 45.315496
2358.228439 46.053612
2358.668692 45.535064
2359.108944 45.715623
2359.549197 45.320962
2359.989450 45.571659
2360.429702 45.052832
2360.869955 45.735243
2361.310208 46.043921
2361.750460 45.434831
2362.190713 44.860088
2362.630965 45.318174
2363.071218 44.100212
2363.511471 45.085816
2363.951723 45.104863
2364.391976 45.179063
2364.832228 45.098144
2365.272481 45.233139
2365.712734 45.499470
2366.152986 44.871979
2366.593239 44.224842
2367.033492 44.963857
2367.473744 45.264542
2367.913997 43.955990
2368.354249 44.308658
2368.794502 44.405987
2369.234755 44.730067
2369.675007 43.907897
2370.115260 44.727471
2370.555513 44.474456
2370.995765 44.315370
2371.436018 45.312464
2371.876270 45.668369
2372.316523 44.888615
2372.756776 45.231871
2373.197028 44.759371
2373.637281 43.959888
2374.077534 45.158584
2374.517786 44.450209
2374.958039 44.691427
2375.398291 44.601280
2375.838544 43.600705
2376.278797 43.803739
2376.719049 43.095929
2377.159302 43.706567
2377.599555 44.533841
2378.039807 44.151617
2378.480060 44.757667
2378.920312 44.044992
2379.360565 44.863754
2379.800818 44.747506
2380.241070 43.834876
2380.681323 42.935590
2381.121576 42.010018
2381.561828 42.219997
2382.002081 42.740897
2382.442333 43.333290
2382.882586 43.873980
2383.322839 44.663077
2383.763091 43.619875
2384.203344 44.342664
2384.643597 44.175741
2385.083849 43.870872
2385.524102 43.243205
2385.964354 44.086998
2386.404607 44.386204
2386.844860 43.961660
2387.285112 43.215182
2387.725365 44.085751
2388.165618 43.602708
2388.605870 43.907550
2389.046123 43.807154
2389.486375 44.038524
2389.926628 43.483360
2390.366881 43.456796
2390.807133 44.023300
2391.247386 45.081556
2391.687639 45.308020
2392.127891 44.137708
2392.568144 44.069954
2393.008396 44.245655
2393.448649 44.526835
2393.888902 44.505321
2394.329154 43.431874
2394.769407 43.714247
2395.209660 44.199804
2395.649912 44.389005
2396.090165 44.812833
2396.530417 44.630516
2396.970670 45.282240
2397.410923 45.298929
2397.851175 45.226965
2398.291428 44.042143
2398.731681 43.885783
2399.171933 43.848997
2399.612186 44.403432
2400.052438 44.655118
2400.492691 44.237375
2400.932944 44.150199
2401.373196 44.106100
2401.813449 43.934625
2402.253702 44.038572
2402.693954 43.503593
2403.134207 43.438873
2403.574459 43.383148
2404.014712 42.712022
2404.454965 42.311343
2404.895217 43.657002
2405.335470 44.078745
2405.775723 43.640858
2406.215975 43.484266
2406.656228 44.131193
2407.096480 43.894070
2407.536733 45.354320
2407.976986 45.428793
2408.417238 45.921302
2408.857491 45.451180
2409.297744 44.605696
2409.737996 44.625780
2410.178249 44.929517
2410.618501 44.729195
2411.058754 46.065463
2411.499007 45.731379
2411.939259 45.372230
2412.379512 45.487285
2412.819765 46.105432
2413.260017 46.607188
2413.700270 46.901221
2414.140522 47.277571
2414.580775 49.125845
2415.021028 50.683786
2415.461280 51.214594
2415.901533 50.316732
2416.341786 50.990236
2416.782038 53.042948
2417.222291 55.252272
2417.662543 55.958998
2418.102796 56.973919
2418.543049 58.389280
2418.983301 58.693215
2419.423554 58.869161
2419.863807 58.583666
2420.304059 57.563382
2420.744312 57.178916
2421.184564 57.253307
2421.624817 55.418390
2422.065070 55.219349
2422.505322 52.642651
2422.945575 51.114463
2423.385828 51.036086
2423.826080 48.989834
2424.266333 45.263165
2424.706585 42.296658
2425.146838 41.813179
2425.587091 41.877504
2426.027343 42.720520
2426.467596 39.977519
2426.907849 33.981569
2427.348101 27.310466
2427.788354 23.085761
2428.228606 21.816149
2428.668859 27.141205
2429.109112 34.833860
2429.549364 41.086457
2429.989617 43.919265
2430.429870 42.348593
2430.870122 40.290511
2431.310375 40.277093
2431.750627 40.582786
2432.190880 40.955572
2432.631133 39.844098
2433.071385 36.006408
2433.511638 31.392733
2433.951891 26.394585
2434.392143 24.474367
2434.832396 29.503645
2435.272648 36.651535
2435.712901 43.068800
2436.153154 46.200233
2436.593406 47.886859
2437.033659 47.558302
2437.473912 48.032778
2437.914164 48.773477
2438.354417 49.068253
2438.794669 49.592464
2439.234922 49.394718
2439.675175 49.410678
2440.115427 49.250236
2440.555680 48.813371
2440.995933 48.560669
2441.436185 48.281200
2441.876438 47.212455
2442.316690 45.761419
2442.756943 44.317360
2443.197196 44.903859
2443.637448 45.388129
2444.077701 44.701220
2444.517954 44.719947
2444.958206 44.233735
2445.398459 44.237545
2445.838711 44.113317
2446.278964 43.550432
2446.719217 43.149562
2447.159469 42.670656
2447.599722 43.403654
2448.039974 43.269115
2448.480227 42.913462
2448.920480 43.381015
2449.360732 43.217138
2449.800985 42.205005
2450.241238 41.853740
2450.681490 42.289556
2451.121743 42.924904
2451.561995 42.986183
2452.002248 42.513185
2452.442501 42.585879
2452.882753 42.736815
2453.323006 41.967807
2453.763259 41.705231
2454.203511 41.722889
2454.643764 42.493934
2455.084016 42.131139
2455.524269 42.119840
2455.964522 42.526147
2456.404774 42.333969
2456.845027 42.697023
2457.285280 41.524693
2457.725532 42.263558
2458.165785 43.287917
2458.606037 42.904623
2459.046290 43.357149
2459.486543 42.889303
2459.926795 42.607864
2460.367048 42.740440
2460.807301 43.435390
2461.247553 43.194343
2461.687806 42.949056
2462.128058 43.571190
2462.568311 45.032196
2463.008564 45.053963
2463.448816 44.461869
2463.889069 45.147619
2464.329322 45.153507
2464.769574 45.408641
2465.209827 45.898608
2465.650079 45.965196
2466.090332 46.298244
2466.530585 45.582890
2466.970837 45.703479
2467.411090 45.511559
2467.851343 45.777331
2468.291595 45.361687
2468.731848 44.360948
2469.172100 44.375893
2469.612353 44.342187
2470.052606 44.503542
2470.492858 43.661152
2470.933111 43.454411
2471.373364 43.410727
2471.813616 42.897399
2472.253869 43.077856
2472.694121 44.116643
2473.134374 43.813512
2473.574627 43.797586
2474.014879 43.765310
2474.455132 43.202834
2474.895385 42.486751
2475.335637 42.317300
2475.775890 41.924935
2476.216142 41.539256
2476.656395 39.331383
2477.096648 39.104183
2477.536900 39.712715
2477.977153 41.063703
2478.417406 42.047602
2478.857658 43.321160
2479.297911 43.422613
2479.738163 43.982213
2480.178416 43.423055
2480.618669 44.136917
2481.058921 44.282393
2481.499174 44.899041
2481.939427 44.487363
2482.379679 44.469761
2482.819932 45.189033
2483.260184 45.837547
2483.700437 45.668035
2484.140690 44.394048
2484.580942 45.560974
2485.021195 44.996882
2485.461448 45.213573
2485.901700 44.444205
2486.341953 45.441387
2486.782205 45.248745
2487.222458 44.457460
2487.662711 43.951935
2488.102963 44.048528
2488.543216 43.453702
2488.983469 43.193743
2489.423721 42.971995
2489.863974 42.806258
2490.304226 42.782447
2490.744479 42.767856
2491.184732 43.009197
2491.624984 42.623068
2492.065237 43.766421
2492.505490 44.116868
2492.945742 43.134379
2493.385995 42.858718
2493.826247 43.567816
2494.266500 42.963585
2494.706753 43.178709
2495.147005 43.070987
2495.587258 43.481227
2496.027511 43.135605
2496.467763 43.348924
2496.908016 42.822068
2497.348268 42.636241
2497.788521 42.627818
2498.228774 43.635679
2498.669026 43.274247
2499.109279 42.258576
2499.549532 42.622352
2499.989784 42.801958
2500.430037 42.286074
2500.870289 42.130505
2501.310542 42.844325
2501.750795 42.985611
2502.191047 43.176317
2502.631300 43.751149
2503.071553 42.689574
2503.511805 41.740512
2503.952058 41.902010
2504.392310 42.067611
2504.832563 42.114728
2505.272816 43.025416
2505.713068 42.595202
2506.153321 42.332272
2506.593574 42.806087
2507.033826 42.537256
2507.474079 43.358464
2507.914331 42.662335
2508.354584 42.895600
2508.794837 42.658621
2509.235089 42.911104
2509.675342 42.800561
2510.115595 42.360765
2510.555847 43.197198
2510.996100 42.565919
2511.436352 42.077738
2511.876605 42.301033
2512.316858 42.239140
2512.757110 41.655688
2513.197363 42.110203
2513.637616 43.027542
2514.077868 42.805379
2514.518121 41.730181
2514.958373 41.332541
2515.398626 41.748594
2515.838879 42.140080
2516.279131 41.896347
2516.719384 41.433715
2517.159637 41.640095
2517.599889 42.045258
2518.040142 41.130011
2518.480394 41.573037
2518.920647 42.021168
2519.360900 41.852991
2519.801152 41.439916
2520.241405 42.303336
2520.681658 41.885143
2521.121910 40.991901
2521.562163 42.578881
2522.002415 42.802510
2522.442668 43.170102
2522.882921 42.112595
2523.323173 41.698641
2523.763426 41.594279
2524.203679 42.009146
2524.643931 41.960863
2525.084184 42.238159
2525.524436 42.580986
2525.964689 42.088219
2526.404942 42.260587
2526.845194 42.435162
2527.285447 42.192070
2527.725700 42.237566
2528.165952 42.423339
2528.606205 42.329771
2529.046457 42.016220
2529.486710 42.005732
2529.926963 42.282292
2530.367215 42.242704
2530.807468 42.068265
2531.247720 41.765693
2531.687973 41.448564
2532.128226 41.624728
2532.568478 41.602845
2533.008731 41.921691
2533.448984 41.041718
2533.889236 41.813288
2534.329489 41.301363
2534.769741 40.975457
2535.209994 40.588797
2535.650247 41.747061
2536.090499 42.271340
2536.530752 42.089330
2536.971005 42.202517
2537.411257 42.666928
2537.851510 43.307769
2538.291762 42.795565
2538.732015 43.616052
2539.172268 43.709695
2539.612520 43.299680
2540.052773 43.156847
2540.493026 42.794550
2540.933278 42.692464
2541.373531 42.666213
2541.813783 43.034971
2542.254036 43.152806
2542.694289 42.606685
2543.134541 42.498874
2543.574794 42.887211
2544.015047 42.993128
2544.455299 42.813366
2544.895552 43.002219
2545.335804 42.807300
2545.776057 41.975767
2546.216310 41.474426
2546.656562 41.764234
2547.096815 41.944323
2547.537068 41.831585
2547.977320 42.252061
2548.417573 42.443224
2548.857825 42.801004
2549.298078 41.521892
2549.738331 41.701613
2550.178583 41.249373
2550.618836 42.078494
2551.059089 41.877892
2551.499341 41.852534
2551.939594 41.793906
2552.379846 41.503478
2552.820099 41.014697
2553.260352 40.725680
2553.700604 41.028852
2554.140857 41.361579
2554.581110 41.141746
2555.021362 40.654308
2555.461615 40.263593
2555.901867 40.220100
2556.342120 39.974507
2556.782373 39.946028
2557.222625 39.780993
2557.662878 39.302877
2558.103131 39.735654
2558.543383 39.915586
2558.983636 40.119043
2559.423888 40.334760
2559.864141 40.671638
2560.304394 40.736427
2560.744646 41.273709
2561.184899 40.065594
2561.625152 39.709076
2562.065404 39.538970
2562.505657 40.562921
2562.945909 39.932500
2563.386162 39.600297
2563.826415 39.533982
2564.266667 40.514563
2564.706920 40.840367
2565.147173 41.124641
2565.587425 41.466814
2566.027678 41.428808
2566.467930 41.016748
2566.908183 40.686256
2567.348436 39.922298
2567.788688 40.738260
2568.228941 40.529310
2568.669194 40.860034
2569.109446 40.534230
2569.549699 40.337302
2569.989951 40.409021
2570.430204 40.078024
2570.870457 39.700571
2571.310709 40.479827
2571.750962 40.521548
2572.191215 39.712531
2572.631467 40.290845
2573.071720 39.295769
2573.511972 39.218673
2573.952225 39.543032
2574.392478 39.475967
2574.832730 39.523862
2575.272983 38.722954
2575.713236 38.035739
2576.153488 38.379698
2576.593741 38.983574
2577.033993 39.239649
2577.474246 40.247605
2577.914499 39.633785
2578.354751 39.104906
2578.795004 38.984167
2579.235257 39.208628
2579.675509 39.555524
2580.115762 40.174100
2580.556014 39.824349
2580.996267 39.389003
2581.436520 39.158184
2581.876772 39.354765
2582.317025 39.139144
2582.757278 38.578759
2583.197530 39.615671
2583.637783 39.700210
2584.078035 39.582422
2584.518288 38.488060
2584.958541 38.906703
2585.398793 39.602539
2585.839046 39.429919
2586.279299 39.635094
2586.719551 39.165217
2587.159804 39.604222
2587.600056 39.543482
2588.040309 39.163595
2588.480562 38.956894
2588.920814 39.206549
2589.361067 38.290464
2589.801320 37.960271
2590.241572 38.147250
2590.681825 38.344601
2591.122077 38.338795
2591.562330 38.483944
2592.002583 38.986811
2592.442835 39.782962
2592.883088 38.953875
2593.323341 39.130966
2593.763593 39.167050
2594.203846 39.182159
2594.644098 39.280272
2595.084351 39.335438
2595.524604 38.498174
2595.964856 38.142643
2596.405109 37.963849
2596.845362 38.488912
2597.285614 38.926139
2597.725867 39.319137
2598.166119 39.380150
2598.606372 38.304407
2599.046625 38.168199
2599.486877 38.097529
2599.927130 38.438401
2600.367383 38.126029
2600.807635 37.818897
2601.247888 37.707986
2601.688140 38.241833
2602.128393 38.108487
2602.568646 37.408869
2603.008898 37.261205
2603.449151 37.784735
2603.889404 37.747832
2604.329656 38.747372
2604.769909 38.379800
2605.210161 38.403870
2605.650414 38.772955
2606.090667 38.696772
2606.530919 38.366790
2606.971172 38.199309
2607.411425 38.702033
2607.851677 39.229842
2608.291930 39.030167
2608.732182 38.762085
2609.172435 38.317642
2609.612688 39.201738
2610.052940 39.545547
2610.493193 39.373397
2610.933446 38.774236
2611.373698 39.615324
2611.813951 39.695460
2612.254203 39.414681
2612.694456 39.308390
2613.134709 39.770103
2613.574961 39.373097
2614.015214 39.599738
2614.455466 39.948542
2614.895719 40.078699
2615.335972 39.791263
2615.776224 39.357232
2616.216477 39.079207
2616.656730 38.690672
2617.096982 39.041385
2617.537235 39.130019
2617.977487 38.768607
2618.417740 39.364190
2618.857993 40.090591
2619.298245 39.747648
2619.738498 39.912546
2620.178751 39.352128
2620.619003 39.138585
2621.059256 39.372504
2621.499508 38.483672
2621.939761 39.187624
2622.380014 39.837931
2622.820266 39.347909
2623.260519 38.487958
2623.700772 37.882132
2624.141024 39.310080
2624.581277 39.101328
2625.021529 39.596222
2625.461782 40.065451
2625.902035 39.215265
2626.342287 39.468839
2626.782540 39.429170
2627.222793 39.206181
2627.663045 38.997354
2628.103298 39.226919
2628.543550 39.832458
2628.983803 39.871064
2629.424056 40.423019
2629.864308 40.031677
2630.304561 39.782158
2630.744814 39.035061
2631.185066 38.349153
2631.625319 38.589131
2632.065571 38.905442
2632.505824 40.036645
2632.946077 39.452067
2633.386329 38.909115
2633.826582 38.952240
2634.266835 39.186500
2634.707087 39.060316
2635.147340 38.950999
2635.587592 38.966558
2636.027845 38.374968
2636.468098 38.215535
2636.908350 36.954462
2637.348603 37.713015
2637.788856 37.335780
2638.229108 37.426076
2638.669361 36.746487
2639.109613 37.507425
2639.549866 37.464587
2639.990119 36.808338
2640.430371 37.213201
2640.870624 36.877597
2641.310877 36.933983
2641.751129 36.319687
2642.191382 36.892822
2642.631634 37.342438
2643.071887 36.861739
2643.512140 36.104951
2643.952392 36.002762
2644.392645 36.178926
2644.832898 36.426584
2645.273150 35.746334
2645.713403 35.770874
2646.153655 35.673156
2646.593908 35.784837
2647.034161 35.997222
2647.474413 35.557999
2647.914666 35.487867
2648.354919 35.335058
2648.795171 35.032050
2649.235424 35.114216
2649.675676 34.967670
2650.115929 35.906305
2650.556182 35.697560
2650.996434 35.575199
2651.436687 34.653124
2651.876940 34.764335
2652.317192 34.406733
2652.757445 34.633231
2653.197697 35.454856
2653.637950 35.096048
2654.078203 34.849296
2654.518455 34.556196
2654.958708 36.311577
2655.398961 35.328543
2655.839213 34.577840
2656.279466 34.058147
2656.719718 34.326005
2657.159971 34.726234
2657.600224 35.122857
2658.040476 35.420945
2658.480729 34.732994
2658.920982 34.250156
2659.361234 35.187517
2659.801487 35.346970
2660.241739 35.246710
2660.681992 35.302292
2661.122245 35.035641
2661.562497 34.864227
2662.002750 35.024308
2662.443003 35.515535
2662.883255 35.967727
2663.323508 35.960490
2663.763760 36.063530
2664.204013 36.421889
2664.644266 37.192075
2665.084518 37.859936
2665.524771 37.761891
2665.965024 37.541765
2666.405276 37.508195
2666.845529 37.727354
2667.285781 38.269011
2667.726034 38.468604
2668.166287 37.857681
2668.606539 38.458613
2669.046792 38.603504
2669.487045 39.244869
2669.927297 39.279557
2670.367550 39.254471
2670.807802 39.365683
2671.248055 38.870646
2671.688308 39.870887
2672.128560 39.086717
2672.568813 38.618510
2673.009066 38.353815
2673.449318 37.934334
2673.889571 38.048299
2674.329823 37.664841
2674.770076 37.151479
2675.210329 37.203006
2675.650581 36.914977
2676.090834 36.370560
2676.531087 36.087975
2676.971339 35.953825
2677.411592 35.261267
2677.851844 35.860319
2678.292097 35.749025
2678.732350 36.101816
2679.172602 35.879448
2679.612855 36.375766
2680.053108 35.618031
2680.493360 35.658647
2680.933613 36.134555
2681.373865 36.059619
2681.814118 36.124237
2682.254371 36.090033
2682.694623 35.425068
2683.134876 35.309768
2683.575129 35.668740
2684.015381 35.745127
2684.455634 35.437369
2684.895886 35.490484
2685.336139 36.211494
2685.776392 36.313771
2686.216644 36.171580
2686.656897 35.912698
2687.097150 35.944632
2687.537402 36.284883
2687.977655 36.611117
2688.417907 36.202744
2688.858160 36.425916
2689.298413 36.808917
2689.738665 36.449659
2690.178918 35.382155
2690.619171 36.062508
2691.059423 36.711949
2691.499676 36.487843
2691.939928 36.939980
2692.380181 36.686891
2692.820434 36.289933
2693.260686 36.259130
2693.700939 36.646888
2694.141192 36.941405
2694.581444 36.810055
2695.021697 36.938011
2695.461949 36.437652
2695.902202 36.219256
2696.342455 36.129478
2696.782707 36.482377
2697.222960 35.966044
2697.663212 35.511044
2698.103465 35.275735
2698.543718 35.438739
2698.983970 35.848597
2699.424223 36.372434
2699.864476 36.522442
2700.304728 36.375684
2700.744981 35.579595
2701.185233 36.068703
2701.625486 36.070870
2702.065739 35.105370
2702.505991 35.015837
2702.946244 35.836998
2703.386497 36.149806
2703.826749 35.801711
2704.267002 34.972979
2704.707254 35.082847
2705.147507 35.587677
2705.587760 36.102995
2706.028012 36.340172
2706.468265 36.303447
2706.908518 36.032741
2707.348770 36.548393
2707.789023 36.917955
2708.229275 36.631084
2708.669528 36.675905
2709.109781 37.120812
2709.550033 37.236099
2709.990286 37.208063
2710.430539 37.012722
2710.870791 36.893456
2711.311044 37.840916
2711.751296 37.423861
2712.191549 37.457520
2712.631802 37.218537
2713.072054 37.247950
2713.512307 37.524919
2713.952560 37.271161
2714.392812 37.721254
2714.833065 37.711945
2715.273317 37.732015
2715.713570 37.337074
2716.153823 37.785920
2716.594075 37.809275
2717.034328 37.902250
2717.474581 36.916967
2717.914833 37.305740
2718.355086 37.058470
2718.795338 37.686499
2719.235591 38.048810
2719.675844 38.173958
2720.116096 37.377936
2720.556349 36.908360
2720.996602 36.800017
2721.436854 37.554741
2721.877107 37.894447
2722.317359 37.773143
2722.757612 36.918889
2723.197865 37.229550
2723.638117 37.509824
2724.078370 37.524639
2724.518623 37.918817
2724.958875 37.888545
2725.399128 37.836112
2725.839380 37.386557
2726.279633 37.595139
2726.719886 37.694915
2727.160138 37.849046
2727.600391 37.925434
2728.040644 38.066372
2728.480896 37.783637
2728.921149 37.776673
2729.361401 37.559565
2729.801654 37.572882
2730.241907 37.796027
2730.682159 38.219303
2731.122412 38.400094
2731.562665 38.125736
2732.002917 37.589455
2732.443170 37.443406
2732.883422 37.756344
2733.323675 37.263944
2733.763928 37.765047
2734.204180 37.778506
2734.644433 38.001706
2735.084686 37.414818
2735.524938 37.266459
2735.965191 37.287422
2736.405443 37.858321
2736.845696 38.331333
2737.285949 37.636968
2737.726201 37.618282
2738.166454 37.407608
2738.606707 37.769980
2739.046959 37.350288
2739.487212 37.121644
2739.927464 37.233175
2740.367717 37.706391
2740.807970 37.745168
2741.248222 38.329390
2741.688475 38.338222
2742.128728 37.963999
2742.568980 38.403229
2743.009233 38.594004
2743.449485 38.269652
2743.889738 38.488204
2744.329991 38.717789
2744.770243 38.779511
2745.210496 39.001940
2745.650749 38.779913
2746.091001 38.932913
2746.531254 38.558199
2746.971506 38.732073
2747.411759 38.755652
2747.852012 38.834282
2748.292264 39.210958
2748.732517 38.767135
2749.172770 38.326024
2749.613022 38.947558
2750.053275 39.158927
2750.493527 39.628136
2750.933780 39.415710
2751.374033 39.101853
2751.814285 38.811179
2752.254538 39.027694
2752.694791 39.373615
2753.135043 38.702905
2753.575296 38.448889
2754.015548 38.767551
2754.455801 38.864015
2754.896054 39.111039
2755.336306 39.140091
2755.776559 39.517129
2756.216812 39.151472
2756.657064 39.287796
2757.097317 38.816699
2757.537569 38.956111
2757.977822 38.616023
2758.418075 38.936136
2758.858327 38.909790
2759.298580 38.933458
2759.738833 38.277570
2760.179085 38.138091
2760.619338 37.960891
2761.059590 38.260526
2761.499843 38.033626
2761.940096 37.719953
2762.380348 38.274463
2762.820601 37.728907
2763.260854 37.746040
2763.701106 37.225325
2764.141359 37.348115
2764.581611 37.002759
2765.021864 37.367101
2765.462117 37.558039
2765.902369 37.478523
2766.342622 37.495547
2766.782875 37.914925
2767.223127 37.592318
2767.663380 37.484077
2768.103632 37.350179
2768.543885 37.729916
2768.984138 38.146528
2769.424390 38.115234
2769.864643 38.455063
2770.304896 38.715076
2770.745148 38.418440
2771.185401 38.884255
2771.625653 38.385920
2772.065906 38.493369
2772.506159 38.416430
2772.946411 38.189012
2773.386664 37.892907
2773.826917 37.874200
2774.267169 38.011928
2774.707422 37.911409
2775.147674 38.386812
2775.587927 38.938883
2776.028180 38.887328
2776.468432 39.328119
2776.908685 38.266401
2777.348938 38.434959
2777.789190 38.784547
2778.229443 38.863974
2778.669695 39.107604
2779.109948 39.665099
2779.550201 39.605626
2779.990453 39.917024
2780.430706 40.184622
2780.870959 40.410732
2781.311211 40.009522
2781.751464 40.361890
2782.191716 40.453979
2782.631969 41.032102
2783.072222 41.271262
2783.512474 40.981713
2783.952727 41.729499
2784.392979 42.444090
2784.833232 43.234830
2785.273485 43.565867
2785.713737 43.829336
2786.153990 44.380650
2786.594243 45.112564
2787.034495 45.065944
2787.474748 45.352494
2787.915000 46.085846
2788.355253 47.089263
2788.795506 47.922153
2789.235758 48.002282
2789.676011 49.616227
2790.116264 50.971583
2790.556516 52.424992
2790.996769 53.300917
2791.437021 54.236111
2791.877274 54.842182
2792.317527 55.787619
2792.757779 56.916504
2793.198032 58.180827
2793.638285 58.958040
2794.078537 60.017904
2794.518790 60.309859
2794.959042 61.032662
2795.399295 61.195973
2795.839548 61.804054
2796.279800 62.847229
2796.720053 63.889048
2797.160306 63.347002
2797.600558 63.289874
2798.040811 63.629818
2798.481063 63.638221
2798.921316 63.049296
2799.361569 62.885495
2799.801821 62.525691
2800.242074 63.159008
2800.682327 62.930070
2801.122579 63.523650
2801.562832 64.771877
2802.003084 64.449344
2802.443337 63.909656
2802.883590 64.077370
2803.323842 64.121537
2803.764095 63.539358
2804.204348 63.284217
2804.644600 63.402496
2805.084853 62.325471
2805.525105 61.233025
2805.965358 60.285537
2806.405611 58.347389
2806.845863 57.180981
2807.286116 55.560603
2807.726369 54.025307
2808.166621 52.160671
2808.606874 50.880455
2809.047126 49.222561
2809.487379 48.238143
2809.927632 47.180180
2810.367884 45.880528
2810.808137 43.978056
2811.248390 43.107760
2811.688642 42.252804
2812.128895 41.716292
2812.569147 40.361590
2813.009400 40.010639
2813.449653 39.537805
2813.889905 38.751645
2814.330158 38.255006
2814.770411 37.556880
2815.210663 37.710160
2815.650916 37.093055
2816.091168 37.319833
2816.531421 36.872302
2816.971674 36.706742
2817.411926 36.741928
2817.852179 36.152280
2818.292432 35.908881
2818.732684 36.048960
2819.172937 35.812179
2819.613189 35.030291
2820.053442 34.467147
2820.493695 34.849930
2820.933947 35.361452
2821.374200 35.352572
2821.814453 35.225891
2822.254705 35.630999
2822.694958 35.703496
2823.135210 35.263407
2823.575463 35.307955
2824.015716 35.201930
2824.455968 35.077430
2824.896221 35.090323
2825.336474 35.559784
2825.776726 35.443264
2826.216979 35.527093
2826.657231 35.419766
2827.097484 35.882658
2827.537737 35.809507
2827.977989 35.790582
2828.418242 35.835349
2828.858495 36.144007
2829.298747 36.655106
2829.739000 36.463834
2830.179252 36.212830
2830.619505 36.831352
2831.059758 36.379385
2831.500010 37.171453
2831.940263 37.103175
2832.380516 37.246771
2832.820768 37.462440
2833.261021 37.618616
2833.701273 37.351392
2834.141526 37.079869
2834.581779 36.513187
2835.022031 36.915767
2835.462284 37.258786
2835.902537 37.035858
2836.342789 37.402592
2836.783042 37.176224
2837.223294 37.263604
2837.663547 37.646618
2838.103800 37.504665
2838.544052 37.565678
2838.984305 37.283128
2839.424558 37.672562
2839.864810 37.666075
2840.305063 37.827327
2840.745315 37.642359
2841.185568 37.235499
2841.625821 38.045818
2842.066073 38.443103
2842.506326 38.081310
2842.946579 38.338706
2843.386831 38.356943
2843.827084 37.917931
2844.267336 37.271407
2844.707589 37.047096
2845.147842 37.380492
2845.588094 37.595759
2846.028347 37.809248
2846.468600 37.691235
2846.908852 37.446616
2847.349105 37.430083
2847.789357 37.269764
2848.229610 37.072631
2848.669863 37.165497
2849.110115 37.298441
2849.550368 36.854345
2849.990621 37.416781
2850.430873 37.479668
2850.871126 37.211082
2851.311378 36.661853
2851.751631 36.179437
2852.191884 35.955229
2852.632136 36.149357
2853.072389 36.058310
2853.512642 35.668726
2853.952894 36.214718
2854.393147 35.762369
2854.833399 35.444048
2855.273652 35.430929
2855.713905 35.297958
2856.154157 35.194529
2856.594410 35.383661
2857.034663 35.386006
2857.474915 35.289630
2857.915168 35.204465
2858.355420 35.062089
2858.795673 34.813150
2859.235926 35.294305
2859.676178 35.354276
2860.116431 35.337498
2860.556684 35.347924
2860.996936 35.137318
2861.437189 35.230075
2861.877441 35.286591
2862.317694 34.601386
2862.757947 34.852404
2863.198199 34.578236
2863.638452 34.360406
2864.078705 34.128756
2864.518957 34.335825
2864.959210 34.056703
2865.399462 34.688432
2865.839715 34.275847
2866.279968 34.321364
2866.720220 34.322577
2867.160473 34.464332
2867.600725 34.690701
2868.040978 34.714710
2868.481231 34.289375
2868.921483 34.572191
2869.361736 34.865175
2869.801989 35.070254
2870.242241 34.628536
2870.682494 34.088712
2871.122746 35.107606
2871.562999 35.170582
2872.003252 34.945297
2872.443504 35.129195
2872.883757 35.238587
2873.324010 35.375531
2873.764262 35.201473
2874.204515 35.019592
2874.644767 34.886580
2875.085020 34.636434
2875.525273 35.011217
2875.965525 34.309220
2876.405778 34.250735
2876.846031 34.552373
2877.286283 35.247119
2877.726536 34.868378
2878.166788 34.833002
2878.607041 34.177387
2879.047294 34.807903
2879.487546 35.399540
2879.927799 34.718001
2880.368052 34.560149
2880.808304 34.318754
2881.248557 34.558807
2881.688809 35.197350
2882.129062 34.841561
2882.569315 34.430190
2883.009567 34.257209
2883.449820 34.130119
2883.890073 34.251880
2884.330325 35.002262
2884.770578 35.010617
2885.210830 34.861140
2885.651083 34.500383
2886.091336 34.580818
2886.531588 34.235783
2886.971841 34.308150
2887.412094 34.133962
2887.852346 34.211515
2888.292599 34.339409
2888.732851 34.215931
2889.173104 33.676312
2889.613357 33.867652
2890.053609 34.047973
2890.493862 33.744406
2890.934115 33.607114
2891.374367 33.685559
2891.814620 33.865662
2892.254872 33.673456
2892.695125 33.416142
2893.135378 33.278863
2893.575630 33.506213
2894.015883 33.600422
2894.456136 33.801323
2894.896388 33.293195
2895.336641 32.891944
2895.776893 33.509607
2896.217146 33.525690
2896.657399 33.619939
2897.097651 33.536669
2897.537904 33.820064
2897.978157 34.273346
2898.418409 33.617193
2898.858662 33.879503
2899.298914 33.736548
2899.739167 34.111583
2900.179420 33.850963
2900.619672 33.168231
2901.059925 33.197985
2901.500178 33.357793
2901.940430 32.928751
2902.380683 32.905219
2902.820935 32.386603
2903.261188 32.172992
2903.701441 31.991240
2904.141693 32.303121
2904.581946 33.043792
2905.022199 32.861223
2905.462451 32.387196
2905.902704 31.973453
2906.342956 32.357926
2906.783209 32.273722
2907.223462 32.132743
2907.663714 32.413760
2908.103967 32.330892
2908.544220 32.126821
2908.984472 32.293655
2909.424725 32.266110
2909.864977 32.512446
2910.305230 32.439472
2910.745483 31.714257
2911.185735 31.323113
2911.625988 31.740631
2912.066241 31.765566
2912.506493 32.050127
2912.946746 31.537126
2913.386998 32.048600
2913.827251 32.031890
2914.267504 32.139762
2914.707756 31.809883
2915.148009 31.610767
2915.588262 31.622400
2916.028514 31.403337
2916.468767 32.043155
2916.909019 32.252603
2917.349272 32.126201
2917.789525 31.757545
2918.229777 31.714264
2918.670030 32.016094
2919.110283 31.901066
2919.550535 32.483162
2919.990788 32.269197
2920.431040 32.241692
2920.871293 32.592820
2921.311546 32.353605
2921.751798 32.311319
2922.192051 32.340371
2922.632304 32.299741
2923.072556 32.558214
2923.512809 32.392729
2923.953061 33.472718
2924.393314 33.514909
2924.833567 33.514596
2925.273819 33.515979
2925.714072 34.346858
2926.154325 34.498073
2926.594577 34.445714
2927.034830 34.546731
2927.475082 34.666481
2927.915335 35.352122
2928.355588 35.839567
2928.795840 35.297297
2929.236093 35.319166
2929.676346 35.345416
2930.116598 34.697366
2930.556851 34.840130
2930.997103 36.146753
2931.437356 37.134796
2931.877609 37.539162
2932.317861 37.299743
2932.758114 35.929653
2933.198367 35.261982
2933.638619 34.355213
2934.078872 34.059640
2934.519124 34.561430
2934.959377 34.741199
2935.399630 34.987194
2935.839882 35.344449
2936.280135 35.542454
2936.720388 35.612654
2937.160640 35.447441
2937.600893 35.265138
2938.041145 35.695958
2938.481398 36.132367
2938.921651 35.838675
2939.361903 35.702923
2939.802156 35.938471
2940.242409 36.002394
2940.682661 35.644418
2941.122914 35.475594
2941.563166 34.799779
2942.003419 34.683525
2942.443672 34.760430
2942.883924 34.461470
2943.324177 34.774292
2943.764430 34.730970
2944.204682 34.774755
2944.644935 34.108795
2945.085187 33.006331
2945.525440 33.808227
2945.965693 34.244227
2946.405945 34.372571
2946.846198 34.097939
2947.286451 34.303461
2947.726703 33.940830
2948.166956 33.843950
2948.607208 34.038425
2949.047461 34.130003
2949.487714 33.800281
2949.927966 33.636315
2950.368219 33.391574
2950.808471 33.568767
2951.248724 33.498649
2951.688977 34.113893
2952.129229 34.222133
2952.569482 33.669810
2953.009735 34.130276
2953.449987 34.481424
2953.890240 34.790879
2954.330492 33.982762
2954.770745 33.483568
2955.210998 33.656590
2955.651250 33.224311
2956.091503 33.393175
2956.531756 33.899634
2956.972008 33.887483
2957.412261 34.287153
2957.852513 34.007261
2958.292766 33.384166
2958.733019 32.775574
2959.173271 32.880965
2959.613524 32.536952
2960.053777 32.722302
2960.494029 32.764963
2960.934282 33.192696
2961.374534 33.269609
2961.814787 33.164585
2962.255040 32.737833
2962.695292 33.477291
2963.135545 33.157852
2963.575798 33.082582
2964.016050 33.413368
2964.456303 33.871414
2964.896555 33.816609
2965.336808 33.357677
2965.777061 33.865805
2966.217313 34.112305
2966.657566 34.417521
2967.097819 33.823621
2967.538071 33.660501
2967.978324 33.209420
2968.418576 32.959738
2968.858829 32.830597
2969.299082 33.396890
2969.739334 33.367954
2970.179587 33.394198
2970.619840 33.366168
2971.060092 33.065797
2971.500345 33.690821
2971.940597 33.587405
2972.380850 33.627463
2972.821103 33.361098
2973.261355 32.715773
2973.701608 32.715412
2974.141861 33.031321
2974.582113 32.542295
2975.022366 32.472606
2975.462618 33.072762
2975.902871 33.392617
2976.343124 33.064094
2976.783376 32.688139
2977.223629 33.259591
2977.663882 33.316951
2978.104134 33.243419
2978.544387 32.676888
2978.984639 32.105463
2979.424892 32.319742
2979.865145 32.786764
2980.305397 32.949141
2980.745650 32.990950
2981.185903 33.103095
2981.626155 32.762285
2982.066408 32.694041
2982.506660 32.933167
2982.946913 33.354004
2983.387166 33.416244
2983.827418 32.349019
2984.267671 32.866967
2984.707924 33.195136
2985.148176 33.845306
2985.588429 33.360676
2986.028681 33.105582
2986.468934 33.136753
2986.909187 32.812837
2987.349439 33.144284
2987.789692 32.802465
2988.229945 32.225595
2988.670197 32.132593
2989.110450 32.034889
2989.550702 32.401214
2989.990955 32.608726
2990.431208 32.100679
2990.871460 31.318908
2991.311713 31.390402
2991.751966 30.114664
2992.192218 27.164676
2992.632471 21.047490
2993.072723 19.183821
2993.512976 27.900801
2993.953229 31.426582
2994.393481 34.107391
2994.833734 31.833851
2995.273987 28.815169
2995.714239 23.290506
2996.154492 20.488243
2996.594744 22.653169
2997.034997 25.168540
2997.475250 27.443021
2997.915502 28.856774
2998.355755 28.864686
2998.796008 28.950403
2999.236260 29.155748
2999.676513 29.436635
3000.116765 29.903186
3000.557018 30.766081
3000.997271 31.516020
3001.437523 31.381243
3001.877776 30.842292
3002.318029 30.833793
3002.758281 31.067713
3003.198534 31.173370
3003.638786 31.370530
3004.079039 31.653619
3004.519292 31.586902
3004.959544 31.945751
3005.399797 31.691080
3005.840050 32.098451
3006.280302 31.361678
3006.720555 30.972346
3007.160807 31.223964
3007.601060 31.127704
3008.041313 31.232298
3008.481565 30.872597
3008.921818 30.438860
3009.362071 30.470542
3009.802323 29.953234
3010.242576 29.251537
3010.682828 29.008349
3011.123081 28.306516
3011.563334 27.865950
3012.003586 28.379960
3012.443839 28.315791
3012.884092 27.780383
3013.324344 27.958877
3013.764597 27.869903
3014.204849 28.192156
3014.645102 27.809823
3015.085355 27.695702
3015.525607 28.254791
3015.965860 28.529573
3016.406113 27.699082
3016.846365 27.670582
3017.286618 27.581512
3017.726870 27.898961
3018.167123 28.147451
3018.607376 28.101703
3019.047628 28.389521
3019.487881 28.805669
3019.928134 28.997746
3020.368386 28.603882
3020.808639 28.232050
3021.248891 28.322265
3021.689144 27.929710
3022.129397 27.863790
3022.569649 27.820420
3023.009902 28.340236
3023.450155 28.588371
3023.890407 27.868806
3024.330660 27.959055
3024.770912 27.668899
3025.211165 28.163384
3025.651418 27.769309
3026.091670 27.013727
3026.531923 27.506399
3026.972176 27.330167
3027.412428 27.496300
3027.852681 27.619219
3028.292933 27.238303
3028.733186 27.301756
3029.173439 27.299759
3029.613691 28.000243
3030.053944 28.020606
3030.494197 28.207510
3030.934449 28.133542
3031.374702 28.615412
3031.814954 28.612748
3032.255207 28.721124
3032.695460 28.845304
3033.135712 28.524114
3033.575965 28.645507
3034.016217 28.625601
3034.456470 28.705675
3034.896723 28.757665
3035.336975 29.239952
3035.777228 29.433112
3036.217481 29.340825
3036.657733 29.273794
3037.097986 28.943649
3037.538238 28.932044
3037.978491 28.412773
3038.418744 28.851356
3038.858996 29.128638
3039.299249 28.497475
3039.739502 28.224499
3040.179754 28.278637
3040.620007 28.761666
3041.060259 29.140714
3041.500512 29.151284
3041.940765 29.057287
3042.381017 28.772092
3042.821270 28.701722
3043.261523 28.981887
3043.701775 28.353804
3044.142028 28.698424
3044.582280 29.003565
3045.022533 29.254883
3045.462786 29.069172
3045.903038 28.834953
3046.343291 28.573276
3046.783544 28.867596
3047.223796 28.716879
3047.664049 28.679779
3048.104301 28.990413
3048.544554 28.845522
3048.984807 28.510403
3049.425059 28.349770
3049.865312 29.020337
3050.305565 29.101208
3050.745817 29.146268
3051.186070 28.918666
3051.626322 28.796701
3052.066575 28.261947
3052.506828 28.945469
3052.947080 28.768324
3053.387333 28.701511
3053.827586 28.458337
3054.267838 28.445375
3054.708091 29.093365
3055.148343 28.828697
3055.588596 29.192398
3056.028849 28.661815
3056.469101 27.815432
3056.909354 27.345685
3057.349607 27.622844
3057.789859 28.361348
3058.230112 28.477896
3058.670364 28.521490
3059.110617 28.155840
3059.550870 28.130591
3059.991122 28.567784
3060.431375 29.063543
3060.871628 28.786451
3061.311880 28.665944
3061.752133 28.491089
3062.192385 28.211061
3062.632638 29.056046
3063.072891 28.757761
3063.513143 28.546651
3063.953396 28.502286
3064.393649 28.885021
3064.833901 29.034600
3065.274154 29.442550
3065.714406 29.578888
3066.154659 29.175531
3066.594912 29.152756
3067.035164 29.028187
3067.475417 29.567575
3067.915670 29.077956
3068.355922 29.014837
3068.796175 29.378450
3069.236427 29.179150
3069.676680 28.761673
3070.116933 28.733112
3070.557185 28.756793
3070.997438 28.624885
3071.437691 28.171637
3071.877943 28.001661
3072.318196 28.274152
3072.758448 28.242286
3073.198701 28.323730
3073.638954 28.994250
3074.079206 28.865415
3074.519459 28.991953
3074.959712 28.555101
3075.399964 28.499022
3075.840217 28.842517
3076.280469 29.088063
3076.720722 29.304543
3077.160975 29.839188
3077.601227 29.948668
3078.041480 29.660394
3078.481733 29.688028
3078.921985 29.823922
3079.362238 29.910260
3079.802490 29.853219
3080.242743 29.946140
3080.682996 30.339411
3081.123248 30.145215
3081.563501 29.895867
3082.003754 29.954638
3082.444006 29.893127
3082.884259 29.655228
3083.324511 29.461093
3083.764764 29.505083
3084.205017 28.773292
3084.645269 28.301221
3085.085522 27.710620
3085.525775 28.172938
3085.966027 28.691091
3086.406280 28.959269
3086.846532 28.866941
3087.286785 28.591056
3087.727038 28.283175
3088.167290 28.095794
3088.607543 28.593612
3089.047796 28.446895
3089.488048 28.481855
3089.928301 28.916649
3090.368553 28.635843
3090.808806 28.975679
3091.249059 28.792278
3091.689311 28.795113
3092.129564 28.701007
3092.569817 28.120294
3093.010069 28.605572
3093.450322 28.724804
3093.890574 28.556893
3094.330827 28.071772
3094.771080 27.687067
3095.211332 27.774768
3095.651585 27.598556
3096.091838 27.496013
3096.532090 28.077081
3096.972343 28.798296
3097.412595 29.471800
3097.852848 29.369700
3098.293101 29.226274
3098.733353 28.704482
3099.173606 27.951068
3099.613859 28.302652
3100.054111 28.411185
3100.494364 28.271358
3100.934616 28.373963
3101.374869 28.586579
3101.815122 28.182370
3102.255374 28.794200
3102.695627 28.779711
3103.135880 28.593271
3103.576132 27.986593
3104.016385 27.885965
3104.456637 28.418702
3104.896890 28.525334
3105.337143 28.758190
3105.777395 28.407791
3106.217648 28.938770
3106.657901 29.022402
3107.098153 29.280630
3107.538406 29.312141
3107.978658 29.670473
3108.418911 29.939638
3108.859164 30.958110
3109.299416 30.597216
3109.739669 30.779452
3110.179922 29.847052
3110.620174 29.787163
3111.060427 29.975362
3111.500679 29.598024
3111.940932 29.085105
3112.381185 29.058616
3112.821437 29.309565
3113.261690 29.007021
3113.701943 29.164028
3114.142195 29.000853
3114.582448 29.355927
3115.022700 29.055324
3115.462953 29.067645
3115.903206 29.719090
3116.343458 30.157141
3116.783711 30.501195
3117.223963 30.201758
3117.664216 30.108354
3118.104469 30.356911
3118.544721 30.125547
3118.984974 30.306141
3119.425227 29.886667
3119.865479 29.697643
3120.305732 29.844217
3120.745984 30.284688
3121.186237 30.462460
3121.626490 30.477698
3122.066742 29.999248
3122.506995 29.971886
3122.947248 29.514379
3123.387500 29.819282
3123.827753 30.083459
3124.268005 30.294160
3124.708258 30.032934
3125.148511 30.607875
3125.588763 30.295210
3126.029016 30.073986
3126.469269 30.377185
3126.909521 30.134066
3127.349774 29.693555
3127.790026 30.270349
3128.230279 30.361171
3128.670532 30.133207
3129.110784 29.776771
3129.551037 28.889928
3129.991290 28.988382
3130.431542 28.855302
3130.871795 28.970248
3131.312047 29.467942
3131.752300 28.967447
3132.192553 29.319440
3132.632805 29.657661
3133.073058 29.535028
3133.513311 29.775782
3133.953563 29.661886
3134.393816 29.688927
3134.834068 29.842466
3135.274321 30.035953
3135.714574 29.872540
3136.154826 30.079977
3136.595079 29.974619
3137.035332 29.888711
3137.475584 29.600389
3137.915837 29.824270
3138.356089 29.543505
3138.796342 29.742131
3139.236595 30.086055
3139.676847 29.778631
3140.117100 29.236265
3140.557353 28.929495
3140.997605 29.078406
3141.437858 29.433548
3141.878110 29.160177
3142.318363 29.218287
3142.758616 28.663259
3143.198868 28.238811
3143.639121 28.450411
3144.079374 28.020940
3144.519626 28.263923
3144.959879 28.016047
3145.400131 27.631622
3145.840384 27.865807
3146.280637 27.775156
3146.720889 28.073196
3147.161142 28.335091
3147.601395 28.197588
3148.041647 28.066123
3148.481900 27.524915
3148.922152 27.967266
3149.362405 28.521647
3149.802658 28.459980
3150.242910 28.551448
3150.683163 28.776018
3151.123416 28.591118
3151.563668 28.947759
3152.003921 28.797226
3152.444173 29.172260
3152.884426 29.244395
3153.324679 29.201755
3153.764931 29.313484
3154.205184 29.130846
3154.645437 29.115077
3155.085689 29.342863
3155.525942 29.403065
3155.966194 29.100806
3156.406447 28.876550
3156.846700 28.980381
3157.286952 29.285243
3157.727205 28.798950
3158.167458 28.863200
3158.607710 28.545308
3159.047963 28.284054
3159.488215 27.316367
3159.928468 25.665758
3160.368721 25.526074
3160.808973 24.961880
3161.249226 27.931720
3161.689479 32.182308
3162.129731 36.171443
3162.569984 34.160881
3163.010236 30.400083
3163.450489 24.396051
3163.890742 22.569196
3164.330994 23.895685
3164.771247 28.602934
3165.211500 32.041901
3165.651752 33.520279
3166.092005 31.820603
3166.532257 28.984123
3166.972510 27.722402
3167.412763 27.238555
3167.853015 28.591220
3168.293268 29.230588
3168.733521 29.656802
3169.173773 29.402895
3169.614026 29.470525
3170.054278 29.736468
3170.494531 29.684600
3170.934784 29.678841
3171.375036 30.098561
3171.815289 29.698454
3172.255542 29.208931
3172.695794 29.559370
3173.136047 29.738757
3173.576299 29.741449
3174.016552 29.599244
3174.456805 29.187171
3174.897057 29.229327
3175.337310 29.218342
3175.777563 29.169268
3176.217815 29.495733
3176.658068 29.286722
3177.098320 28.944590
3177.538573 28.361294
3177.978826 28.402292
3178.419078 28.010561
3178.859331 28.394884
3179.299584 28.942048
3179.739836 28.992723
3180.180089 29.338978
3180.620341 29.227501
3181.060594 30.035898
3181.500847 30.233576
3181.941099 30.168317
3182.381352 30.616339
3182.821605 29.850950
3183.261857 29.340743
3183.702110 29.699102
3184.142362 29.591509
3184.582615 30.634296
3185.022868 31.495160
3185.463120 31.559383
3185.903373 30.956331
3186.343626 30.482311
3186.783878 30.595799
3187.224131 30.268346
3187.664383 30.369348
3188.104636 30.597271
3188.544889 30.684678
3188.985141 30.651592
3189.425394 31.023028
3189.865647 31.184628
3190.305899 30.968162
3190.746152 30.174015
3191.186404 30.793872
3191.626657 30.942892
3192.066910 31.321123
3192.507162 30.864017
3192.947415 30.277852
3193.387668 29.897645
3193.827920 30.315784
3194.268173 30.836083
3194.708425 30.478188
3195.148678 30.376892
3195.588931 30.793034
3196.029183 31.232101
3196.469436 31.861744
3196.909689 32.013545
3197.349941 31.215615
3197.790194 30.565568
3198.230446 30.195536
3198.670699 30.407709
3199.110952 30.179255
3199.551204 29.676551
3199.991457 29.561156
3200.431709 29.932013
3200.871962 30.016414
3201.312215 30.052928
3201.752467 29.239952
3202.192720 28.830291
3202.632973 28.156113
3203.073225 27.806423
3203.513478 28.062967
3203.953730 27.408797
3204.393983 27.999501
3204.834236 27.463241
3205.274488 28.117765
3205.714741 27.764102
3206.154994 27.607286
3206.595246 27.476080
3207.035499 27.518618
3207.475751 27.800759
3207.916004 27.806627
3208.356257 27.666895
3208.796509 27.891445
3209.236762 28.021731
3209.677015 27.902805
3210.117267 27.845294
3210.557520 27.321185
3210.997772 28.305862
3211.438025 28.625464
3211.878278 29.460398
3212.318530 29.559425
3212.758783 29.649353
3213.199036 30.205853
3213.639288 30.943444
3214.079541 30.427070
3214.519793 30.095855
3214.960046 30.116082
3215.400299 29.819895
3215.840551 30.291659
3216.280804 30.074743
3216.721057 30.151478
3217.161309 29.508463
3217.601562 29.548651
3218.041814 29.688150
3218.482067 29.035561
3218.922320 29.360036
3219.362572 29.293442
3219.802825 28.956127
3220.243078 28.623406
3220.683330 28.903258
3221.123583 28.538275
3221.563835 28.167146
3222.004088 27.696792
3222.444341 27.593929
3222.884593 27.113680
3223.324846 27.023350
3223.765099 27.642812
3224.205351 27.649599
3224.645604 27.274824
3225.085856 27.087777
3225.526109 27.315904
3225.966362 27.311161
3226.406614 27.651876
3226.846867 27.750841
3227.287120 28.325291
3227.727372 28.143314
3228.167625 28.283312
3228.607877 28.541560
3229.048130 28.203033
3229.488383 28.762518
3229.928635 29.151427
3230.368888 29.308686
3230.809141 29.276766
3231.249393 29.200869
3231.689646 28.870485
3232.129898 29.041865
3232.570151 29.137572
3233.010404 29.053048
3233.450656 28.594259
3233.890909 28.719870
3234.331162 28.993439
3234.771414 28.792012
3235.211667 28.208185
3235.651919 28.683261
3236.092172 28.624422
3236.532425 28.232895
3236.972677 27.936211
3237.412930 27.826669
3237.853183 28.135784
3238.293435 27.753546
3238.733688 28.509598
3239.173940 28.529791
3239.614193 28.709416
3240.054446 28.053283
3240.494698 27.921457
3240.934951 27.944028
3241.375204 27.581764
3241.815456 27.194845
3242.255709 27.454129
3242.695961 27.587135
3243.136214 27.899159
3243.576467 27.884323
3244.016719 27.587162
3244.456972 27.553687
3244.897225 27.723622
3245.337477 27.452528
3245.777730 27.420628
3246.217982 27.801564
3246.658235 27.821552
3247.098488 27.749069
3247.538740 27.605998
3247.978993 27.363744
3248.419246 27.875655
3248.859498 27.497390
3249.299751 27.711553
3249.740003 27.738363
3250.180256 27.849029
3250.620509 27.900461
3251.060761 28.102596
3251.501014 28.083828
3251.941267 27.770243
3252.381519 27.831263
3252.821772 27.633394
3253.262024 28.035394
3253.702277 28.072215
3254.142530 28.147342
3254.582782 27.879696
3255.023035 27.765902
3255.463288 27.988256
3255.903540 28.212417
3256.343793 28.296655
3256.784045 28.027857
3257.224298 28.366153
3257.664551 28.695541
3258.104803 28.981022
3258.545056 29.126635
3258.985309 28.901418
3259.425561 29.138145
3259.865814 29.446394
3260.306066 29.225722
3260.746319 29.279294
3261.186572 30.220935
3261.626824 29.936054
3262.067077 29.095286
3262.507330 28.957838
3262.947582 28.748956
3263.387835 28.840956
3263.828087 28.570741
3264.268340 27.693235
3264.708593 28.003337
3265.148845 27.790353
3265.589098 27.684253
3266.029351 27.572687
3266.469603 27.521521
3266.909856 27.275505
3267.350108 26.933516
3267.790361 27.156716
3268.230614 27.330672
3268.670866 26.860482
3269.111119 26.913474
3269.551372 26.689688
3269.991624 26.677394
3270.431877 26.906407
3270.872129 27.063816
3271.312382 26.985623
3271.752635 27.100200
3272.192887 27.119909
3272.633140 27.342979
3273.073393 27.129641
3273.513645 27.243687
3273.953898 26.945176
3274.394150 27.490636
3274.834403 27.676061
3275.274656 27.302492
3275.714908 27.644352
3276.155161 28.022235
3276.595414 28.388042
3277.035666 28.391688
3277.475919 28.218134
3277.916171 27.801829
3278.356424 28.298652
3278.796677 28.196082
3279.236929 28.257013
3279.677182 28.938204
3280.117435 29.434679
3280.557687 29.696049
3280.997940 29.715478
3281.438192 29.526243
3281.878445 29.912379
3282.318698 30.127933
3282.758950 29.678282
3283.199203 29.151836
3283.639456 29.520791
3284.079708 29.587727
3284.519961 29.262352
3284.960213 29.085112
3285.400466 28.921297
3285.840719 29.147209
3286.280971 28.846265
3286.721224 28.749774
3287.161476 28.432298
3287.601729 28.179147
3288.041982 28.652594
3288.482234 28.280102
3288.922487 27.941343
3289.362740 27.778379
3289.802992 26.977240
3290.243245 27.217075
3290.683497 27.363042
3291.123750 27.508921
3291.564003 27.605364
3292.004255 27.568462
3292.444508 27.649743
3292.884761 27.644379
3293.325013 27.219106
3293.765266 27.006933
3294.205518 27.285155
3294.645771 27.696840
3295.086024 27.602713
3295.526276 27.515763
3295.966529 26.857415
3296.406782 26.871031
3296.847034 26.943991
3297.287287 27.363076
3297.727539 27.431156
3298.167792 27.618238
3298.608045 27.894927
3299.048297 28.057768
3299.488550 27.948083
3299.928803 28.085933
3300.369055 27.339585
3300.809308 27.353597
3301.249560 27.579216
3301.689813 27.222009
3302.130066 27.364978
3302.570318 27.160709
3303.010571 27.077166
3303.450824 26.608605
3303.891076 26.610097
3304.331329 27.279315
3304.771581 26.928092
3305.211834 26.810345
3305.652087 27.175763
3306.092339 26.882201
3306.532592 26.736451
3306.972845 26.987197
3307.413097 27.103144
3307.853350 27.106968
3308.293602 27.340206
3308.733855 27.268214
3309.174108 27.327775
3309.614360 27.128244
3310.054613 27.120086
3310.494866 26.980014
3310.935118 27.362333
3311.375371 27.536991
3311.815623 26.921236
3312.255876 26.627884
3312.696129 26.326055
3313.136381 26.337429
3313.576634 26.553378
3314.016887 26.285159
3314.457139 26.064944
3314.897392 25.775559
3315.337644 25.718703
3315.777897 25.895895
3316.218150 26.339848
3316.658402 26.271822
3317.098655 26.585510
3317.538908 26.524285
3317.979160 26.351113
3318.419413 26.547701
3318.859665 26.241135
3319.299918 25.976399
3319.740171 25.876330
3320.180423 25.304817
3320.620676 25.382097
3321.060929 25.390656
3321.501181 25.487638
3321.941434 25.655917
3322.381686 25.435682
3322.821939 25.277005
3323.262192 25.187813
3323.702444 25.493322
3324.142697 25.400599
3324.582950 25.993934
3325.023202 26.183475
3325.463455 26.272456
3325.903707 26.519617
3326.343960 26.268994
3326.784213 26.332686
3327.224465 26.079255
3327.664718 26.296301
3328.104971 26.067936
3328.545223 25.991726
3328.985476 25.876766
3329.425728 26.131457
3329.865981 25.973952
3330.306234 25.893367
3330.746486 25.422005
3331.186739 25.479563
3331.626992 25.817463
3332.067244 25.388176
3332.507497 25.708766
3332.947749 25.840777
3333.388002 25.580463
3333.828255 25.664565
3334.268507 25.318119
3334.708760 25.493867
3335.149013 25.995385
3335.589265 25.675319
3336.029518 25.601780
3336.469770 25.692016
3336.910023 25.607300
3337.350276 25.618279
3337.790528 26.053795
3338.230781 25.599661
3338.671034 25.585486
3339.111286 25.627084
3339.551539 25.838364
3339.991791 26.508311
3340.432044 26.660643
3340.872297 26.330498
3341.312549 26.293834
3341.752802 25.529638
3342.193055 25.250462
3342.633307 25.376318
3343.073560 25.528643
3343.513812 25.494617
3343.954065 25.781556
3344.394318 25.621652
3344.834570 25.131951
3345.274823 25.433208
3345.715076 25.643221
3346.155328 25.695001
3346.595581 25.642240
3347.035833 25.500362
3347.476086 26.174459
3347.916339 26.306094
3348.356591 26.278733
3348.796844 25.634089
3349.237097 25.726396
3349.677349 25.672157
3350.117602 26.190671
3350.557854 26.345688
3350.998107 26.046415
3351.438360 26.222299
3351.878612 25.754440
3352.318865 25.709339
3352.759118 25.492559
3353.199370 25.793257
3353.639623 25.708896
3354.079875 25.008603
3354.520128 25.554703
3354.960381 26.058981
3355.400633 26.063002
3355.840886 26.215866
3356.281139 26.203681
3356.721391 25.970743
3357.161644 25.412771
3357.601896 24.947923
3358.042149 24.309414
3358.482402 25.083798
3358.922654 25.313403
3359.362907 25.421896
3359.803160 25.746030
3360.243412 26.037283
3360.683665 25.766515
3361.123917 25.698653
3361.564170 25.090013
3362.004423 25.018621
3362.444675 25.122724
3362.884928 25.389450
3363.325181 26.088592
3363.765433 26.391695
3364.205686 25.798852
3364.645938 25.949651
3365.086191 25.493172
3365.526444 25.521481
3365.966696 25.779866
3366.406949 26.228064
3366.847202 26.120369
3367.287454 25.631922
3367.727707 25.340452
3368.167959 25.269393
3368.608212 25.057663
3369.048465 25.052572
3369.488717 25.633381
3369.928970 26.066593
3370.369222 26.232494
3370.809475 25.717994
3371.249728 25.114451
3371.689980 25.484919
3372.130233 25.806703
3372.570486 25.904162
3373.010738 25.801169
3373.450991 25.645443
3373.891243 25.632481
3374.331496 25.424642
3374.771749 25.644680
3375.212001 26.677115
3375.652254 26.229516
3376.092507 25.729177
3376.532759 25.424969
3376.973012 25.239496
3377.413264 25.739038
3377.853517 25.782598
3378.293770 25.435825
3378.734022 25.665622
3379.174275 25.627152
3379.614528 25.225805
3380.054780 24.898100
3380.495033 23.520793
3380.935285 23.514490
3381.375538 23.861372
3381.815791 26.832554
3382.256043 28.082628
3382.696296 29.460051
3383.136549 27.514543
3383.576801 26.559559
3384.017054 24.760038
3384.457306 23.204367
3384.897559 24.114571
3385.337812 25.562206
3385.778064 26.226340
3386.218317 26.488194
3386.658570 26.042298
3387.098822 25.562036
3387.539075 25.747979
3387.979327 25.760035
3388.419580 25.395754
3388.859833 25.486201
3389.300085 25.635636
3389.740338 25.587224
3390.180591 25.798055
3390.620843 25.213511
3391.061096 25.652237
3391.501348 25.473300
3391.941601 25.835645
3392.381854 25.596887
3392.822106 25.503933
3393.262359 25.680982
3393.702612 26.216486
3394.142864 26.068617
3394.583117 26.115797
3395.023369 26.027238
3395.463622 25.208441
3395.903875 25.212319
3396.344127 25.315496
3396.784380 25.210220
3397.224633 24.920807
3397.664885 25.773405
3398.105138 26.908458
3398.545390 27.549632
3398.985643 26.977274
3399.425896 26.231220
3399.866148 25.069228
3400.306401 24.350153
3400.746654 24.878112
3401.186906 25.331947
3401.627159 25.542621
3402.067411 25.021987
3402.507664 24.886685
3402.947917 24.796368
3403.388169 24.965315
3403.828422 24.848256
3404.268675 25.171627
3404.708927 25.015547
3405.149180 24.891933
3405.589432 25.353495
3406.029685 24.982775
3406.469938 24.928147
3406.910190 25.256418
3407.350443 25.385586
3407.790696 25.726908
3408.230948 25.728625
3408.671201 25.127372
3409.111453 25.334945
3409.551706 25.542696
3409.991959 25.641524
3410.432211 25.548958
3410.872464 25.540747
3411.312717 25.296114
3411.752969 25.553299
3412.193222 25.822663
3412.633474 25.523110
3413.073727 25.601256
3413.513980 25.361905
3413.954232 24.803122
3414.394485 24.840392
3414.834738 23.707799
3415.274990 24.069661
3415.715243 24.333252
3416.155495 24.322764
3416.595748 24.032125
3417.036001 24.335542
3417.476253 24.167529
3417.916506 24.245647
3418.356759 23.984693
3418.797011 24.148508
3419.237264 24.178364
3419.677516 24.145265
3420.117769 24.486954
3420.558022 25.166762
3420.998274 24.466298
3421.438527 24.626944
3421.878780 24.475082
3422.319032 24.446412
3422.759285 24.635879
3423.199537 24.803347
3423.639790 25.065738
3424.080043 25.097366
3424.520295 25.163095
3424.960548 25.494658
3425.400801 25.229485
3425.841053 25.237139
3426.281306 25.360780
3426.721558 25.330052
3427.161811 25.278914
3427.602064 24.937694
3428.042316 25.171130
3428.482569 25.435614
3428.922822 25.888038
3429.363074 26.183005
3429.803327 26.520026
3430.243579 26.618541
3430.683832 26.259174
3431.124085 26.038850
3431.564337 25.618920
3432.004590 25.050862
3432.444843 24.347318
3432.885095 23.958020
3433.325348 23.444201
3433.765600 23.564020
3434.205853 23.731461
3434.646106 23.607035
3435.086358 24.163249
3435.526611 24.147622
3435.966864 24.156788
3436.407116 24.420646
3436.847369 24.210728
3437.287621 24.559191
3437.727874 25.010361
3438.168127 25.082871
3438.608379 24.677354
3439.048632 24.641290
3439.488885 24.811511
3439.929137 24.898155
3440.369390 24.534896
3440.809642 24.753966
3441.249895 24.637494
3441.690148 24.792204
3442.130400 25.004303
3442.570653 25.145758
3443.010906 25.133301
3443.451158 25.131754
3443.891411 25.519253
3444.331663 25.574603
3444.771916 25.377858
3445.212169 25.052668
3445.652421 25.413016
3446.092674 25.427518
3446.532927 25.224013
3446.973179 24.863379
3447.413432 24.290618
3447.853684 24.413435
3448.293937 24.471171
3448.734190 24.799101
3449.174442 24.769013
3449.614695 24.665353
3450.054948 24.361820
3450.495200 24.121931
3450.935453 24.033556
3451.375705 23.918753
3451.815958 23.806301
3452.256211 23.898704
3452.696463 23.693829
3453.136716 23.752961
3453.576968 23.778933
3454.017221 23.913846
3454.457474 23.674577
3454.897726 23.750971
3455.337979 24.079304
3455.778232 24.074976
3456.218484 23.918119
3456.658737 24.278597
3457.098989 24.656603
3457.539242 25.075341
3457.979495 25.000902
3458.419747 24.237769
3458.860000 24.571274
3459.300253 24.385576
3459.740505 24.812628
3460.180758 24.687344
3460.621010 25.331115
3461.061263 25.569246
3461.501516 25.559072
3461.941768 25.021919
3462.382021 24.841019
3462.822274 24.901746
3463.262526 25.123433
3463.702779 25.185298
3464.143031 25.170707
3464.583284 24.972620
3465.023537 25.004568
3465.463789 25.100385
3465.904042 25.608970
3466.344295 25.596955
3466.784547 25.559630
3467.224800 25.651406
3467.665052 25.269141
3468.105305 25.060443
3468.545558 24.831144
3468.985810 24.634877
3469.426063 24.664828
3469.866316 24.930866
3470.306568 25.007581
3470.746821 25.255852
3471.187073 25.409649
3471.627326 25.591960
3472.067579 25.833301
3472.507831 25.187642
3472.948084 24.787816
3473.388337 25.112325
3473.828589 25.166673
3474.268842 25.430101
3474.709094 25.508765
3475.149347 25.684478
3475.589600 25.487993
3476.029852 25.841363
3476.470105 25.074032
3476.910358 25.068335
3477.350610 24.902911
3477.790863 25.102082
3478.231115 25.393021
3478.671368 25.349154
3479.111621 25.018150
3479.551873 24.996997
3479.992126 24.736336
3480.432379 24.918688
3480.872631 24.957580
3481.312884 24.730619
3481.753136 23.997573
3482.193389 23.946523
3482.633642 24.269915
3483.073894 24.405244
3483.514147 24.654919
3483.954400 24.418533
3484.394652 24.484160
3484.834905 24.449445
3485.275157 24.549923
3485.715410 24.646646
3486.155663 24.877615
3486.595915 24.726434
3487.036168 23.733934
3487.476421 24.071003
3487.916673 24.177328
3488.356926 24.301788
3488.797178 24.517430
3489.237431 24.286782
3489.677684 24.443973
3490.117936 24.602922
3490.558189 24.208745
3490.998442 23.994834
3491.438694 24.196744
3491.878947 24.765013
3492.319199 25.147598
3492.759452 25.540372
3493.199705 25.422352
3493.639957 24.603917
3494.080210 24.883598
3494.520463 24.496481
3494.960715 25.009741
3495.400968 25.317138
3495.841220 25.279779
3496.281473 25.744463
3496.721726 25.896434
3497.161978 25.810103
3497.602231 25.304135
3498.042484 25.293381
3498.482736 25.326256
3498.922989 25.207031
3499.363241 25.175539
3499.803494 25.549504
3500.243747 25.195691
3500.683999 25.306071
3501.124252 25.282921
3501.564505 25.303433
3502.004757 25.109401
3502.445010 25.047018
3502.885262 25.064730
3503.325515 24.579200
3503.765768 24.849299
3504.206020 24.784933
3504.646273 24.304630
3505.086526 24.343999
3505.526778 23.888229
3505.967031 24.147329
3506.407283 24.343133
3506.847536 24.544383
3507.287789 24.025950
3507.728041 23.978614
3508.168294 23.812871
3508.608547 24.017050
3509.048799 23.856929
3509.489052 23.689822
3509.929304 23.715623
3510.369557 23.785700
3510.809810 23.467794
3511.250062 23.899140
3511.690315 24.183141
3512.130568 24.140910
3512.570820 23.885060
3513.011073 23.829233
3513.451325 23.874852
3513.891578 23.878545
3514.331831 23.841152
3514.772083 23.669691
3515.212336 23.694483
3515.652589 23.683259
3516.092841 23.729832
3516.533094 24.026168
3516.973346 24.478899
3517.413599 24.361929
3517.853852 24.514813
3518.294104 24.430486
3518.734357 24.813044
3519.174610 23.691805
3519.614862 23.354150
3520.055115 23.484797
3520.495367 23.279691
3520.935620 23.234277
3521.375873 23.174756
3521.816125 23.254851
3522.256378 23.268474
3522.696631 23.199732
3523.136883 23.224545
3523.577136 23.173298
3524.017388 23.046324
3524.457641 23.032762
3524.897894 22.884969
3525.338146 22.528266
3525.778399 22.656849
3526.218652 22.458687
3526.658904 22.423781
3527.099157 22.577531
3527.539409 22.337144
3527.979662 22.233974
3528.419915 22.164245
3528.860167 21.825240
3529.300420 21.678769
3529.740673 21.577480
3530.180925 21.571360
3530.621178 21.943900
3531.061430 21.936636
3531.501683 21.974996
3531.941936 21.474351
3532.382188 21.336909
3532.822441 21.348440
3533.262694 21.020871
3533.702946 21.304116
3534.143199 21.427812
3534.583451 21.509979
3535.023704 21.692753
3535.463957 21.293246
3535.904209 21.015153
3536.344462 21.026459
3536.784714 21.154121
3537.224967 21.659687
3537.665220 21.732320
3538.105472 21.362322
3538.545725 21.585426
3538.985978 21.545675
3539.426230 21.715623
3539.866483 21.840287
3540.306735 21.809757
3540.746988 21.685250
3541.187241 21.248207
3541.627493 20.803123
3542.067746 20.529786
3542.507999 20.613575
3542.948251 21.230032
3543.388504 21.131960
3543.828756 20.490144
3544.269009 20.502064
3544.709262 20.219452
3545.149514 20.553311
3545.589767 20.459628
3546.030020 20.325552
3546.470272 20.307902
3546.910525 20.262174
3547.350777 19.835374
3547.791030 20.565401
3548.231283 20.570008
3548.671535 20.761362
3549.111788 20.795688
3549.552041 21.001394
3549.992293 20.745906
3550.432546 20.731363
3550.872798 20.706216
3551.313051 20.673600
3551.753304 20.801658
3552.193556 20.952620
3552.633809 20.839507
3553.074062 20.712697
3553.514314 20.688000
3553.954567 20.875878
3554.394819 20.531681
3554.835072 20.396406
3555.275325 20.579426
3555.715577 20.351088
3556.155830 20.610958
3556.596083 20.727287
3557.036335 20.810169
3557.476588 20.822457
3557.916840 20.996971
3558.357093 21.020789
3558.797346 20.911602
3559.237598 20.784007
3559.677851 21.105968
3560.118104 21.276659
3560.558356 21.299141
3560.998609 21.260038
3561.438861 21.602388
3561.879114 21.489562
3562.319367 21.415920
3562.759619 21.433871
3563.199872 21.939505
3563.640125 21.728224
3564.080377 22.222948
3564.520630 21.887610
3564.960882 21.988715
3565.401135 21.893511
3565.841388 22.070724
3566.281640 21.930693
3566.721893 21.976073
3567.162146 22.384466
3567.602398 22.318246
3568.042651 22.460315
3568.482903 22.533854
3568.923156 22.238049
3569.363409 21.841425
3569.803661 21.488894
3570.243914 21.578482
3570.684167 22.018407
3571.124419 21.795814
3571.564672 21.536816
3572.004924 21.831980
3572.445177 22.085479
3572.885430 21.865666
3573.325682 21.856534
3573.765935 21.707766
3574.206188 21.510245
3574.646440 21.599451
3575.086693 21.869537
3575.526945 21.999060
3575.967198 22.148012
3576.407451 22.109174
3576.847703 22.423740
3577.287956 22.476289
3577.728209 22.563976
3578.168461 22.674751
3578.608714 22.613983
3579.048966 23.024952
3579.489219 22.848666
3579.929472 22.398696
3580.369724 22.832535
3580.809977 23.034084
3581.250230 22.997795
3581.690482 22.558217
3582.130735 22.771154
3582.570987 22.327726
3583.011240 22.774234
3583.451493 22.770977
3583.891745 22.557038
3584.331998 22.276015
3584.772251 22.043404
3585.212503 21.910364
3585.652756 21.722554
3586.093008 21.652661
3586.533261 21.352754
3586.973514 21.653724
3587.413766 21.866824
3587.854019 22.017834
3588.294272 22.129523
3588.734524 21.946933
3589.174777 21.700529
3589.615029 21.825540
3590.055282 21.808210
3590.495535 22.406826
3590.935787 22.158472
3591.376040 21.979651
3591.816293 21.907073
3592.256545 21.596030
3592.696798 21.741942
3593.137050 21.373491
3593.577303 21.853842
3594.017556 21.985035
3594.457808 22.016185
3594.898061 21.696746
3595.338314 22.062615
3595.778566 21.978629
3596.218819 21.919762
3596.659071 21.660137
3597.099324 22.277446
3597.539577 22.096853
3597.979829 22.057197
3598.420082 21.996041
3598.860335 22.234342
3599.300587 22.358972
3599.740840 21.963840
3600.181092 22.002024
3600.621345 21.864446
3601.061598 21.724721
3601.501850 21.759634
3601.942103 21.676329
3602.382356 21.446199
3602.822608 21.573827
3603.262861 21.451112
3603.703113 20.985788
3604.143366 20.852994
3604.583619 21.094110
3605.023871 21.137977
3605.464124 21.072173
3605.904377 21.236411
3606.344629 21.741336
3606.784882 21.863942
3607.225134 21.782191
3607.665387 22.050539
3608.105640 21.742181
3608.545892 21.827694
3608.986145 21.652334
3609.426398 21.836710
3609.866650 21.550582
3610.306903 21.671961
3610.747155 21.374534
3611.187408 21.135626
3611.627661 21.328431
3612.067913 21.262293
3612.508166 21.262259
3612.948419 21.942994
3613.388671 21.756206
3613.828924 21.690661
3614.269176 21.919612
3614.709429 22.028834
3615.149682 22.081185
3615.589934 22.344122
3616.030187 22.252020
3616.470440 22.131642
3616.910692 21.998739
3617.350945 21.915326
3617.791197 21.698913
3618.231450 21.624543
3618.671703 21.526443
3619.111955 21.675988
3619.552208 21.817417
3619.992460 21.551236
3620.432713 21.500724
3620.872966 21.843783
3621.313218 21.991502
3621.753471 22.008171
3622.193724 21.631235
3622.633976 21.436038
3623.074229 21.021532
3623.514481 21.408104
3623.954734 21.261510
3624.394987 21.745234
3624.835239 21.848840
3625.275492 21.613292
3625.715745 21.530048
3626.155997 21.517250
3626.596250 21.402740
3627.036502 21.621074
3627.476755 21.567039
3627.917008 21.961789
3628.357260 21.661773
3628.797513 21.458520
3629.237766 21.255179
3629.678018 21.700590
3630.118271 21.630486
3630.558523 21.338327
3630.998776 21.266675
3631.439029 21.621326
3631.879281 21.441237
3632.319534 21.311531
3632.759787 21.363426
3633.200039 21.097442
3633.640292 21.305942
3634.080544 21.408410
3634.520797 21.320765
3634.961050 21.368073
3635.401302 21.178805
3635.841555 21.363269
3636.281808 21.322141
3636.722060 21.486386
3637.162313 21.228580
3637.602565 21.024006
3638.042818 21.039189
3638.483071 20.685049
3638.923323 20.687686
3639.363576 20.730926
3639.803829 20.583467
3640.244081 20.473537
3640.684334 20.217258
3641.124586 20.297189
3641.564839 20.051971
3642.005092 20.003033
3642.445344 20.052059
3642.885597 20.000662
3643.325850 19.953694
3643.766102 20.160238
3644.206355 20.703974
3644.646607 20.490703
3645.086860 20.758731
3645.527113 20.910797
3645.967365 20.903635
3646.407618 20.981774
3646.847871 21.148867
3647.288123 20.864940
3647.728376 20.964880
3648.168628 20.900943
3648.608881 20.969092
3649.049134 20.820651
3649.489386 20.955510
3649.929639 21.379843
3650.369892 21.201532
3650.810144 21.259990
3651.250397 21.006089
3651.690649 20.694549
3652.130902 20.861301
3652.571155 20.997169
3653.011407 20.872559
3653.451660 20.488536
3653.891913 20.828454
3654.332165 20.877466
3654.772418 20.869343
3655.212670 20.543995
3655.652923 20.688886
3656.093176 20.150786
3656.533428 20.056121
3656.973681 20.126450
3657.413934 20.059201
3657.854186 20.255285
3658.294439 20.725911
3658.734691 20.373215
3659.174944 19.930230
3659.615197 19.904845
3660.055449 19.882942
3660.495702 19.565677
3660.935955 19.686477
3661.376207 19.722303
3661.816460 19.722902
3662.256712 19.885341
3662.696965 19.733240
3663.137218 20.011777
3663.577470 19.971998
3664.017723 20.140829
3664.457976 20.251407
3664.898228 19.928881
3665.338481 20.242302
3665.778733 20.697752
3666.218986 20.904603
3666.659239 21.122950
3667.099491 21.074197
3667.539744 20.517111
3667.979997 20.805672
3668.420249 21.021873
3668.860502 20.699789
3669.300754 20.336470
3669.741007 20.349854
3670.181260 19.663470
3670.621512 19.714472
3671.061765 19.356877
3671.502018 19.161209
3671.942270 19.025117
3672.382523 19.275965
3672.822775 19.135327
3673.263028 19.487388
3673.703281 19.444857
3674.143533 19.648764
3674.583786 19.709954
3675.024039 19.385649
3675.464291 19.183664
3675.904544 19.055532
3676.344796 19.249666
3676.785049 19.030978
3677.225302 19.164099
3677.665554 19.401187
3678.105807 19.708802
3678.546060 19.566141
3678.986312 19.807202
3679.426565 19.591669
3679.866817 19.727925
3680.307070 19.642269
3680.747323 19.988388
3681.187575 20.016431
3681.627828 20.370789
3682.068081 20.426405
3682.508333 20.311030
3682.948586 19.989001
3683.388838 20.051146
3683.829091 20.273058
3684.269344 21.031032
3684.709596 21.159778
3685.149849 21.177081
3685.590102 21.363412
3686.030354 20.627777
3686.470607 20.633515
3686.910859 20.408462
3687.351112 20.231508
3687.791365 19.880939
3688.231617 19.919463
3688.671870 20.063522
3689.112123 20.471138
3689.552375 20.656767
3689.992628 20.784859
3690.432880 20.373781
3690.873133 20.301816
3691.313386 20.433786
3691.753638 20.213230
3692.193891 20.092403
3692.634144 19.956638
3693.074396 19.486530
3693.514649 19.469895
3693.954901 19.730801
3694.395154 19.013348
3694.835407 19.210876
3695.275659 18.996079
3695.715912 18.382041
3696.156165 18.440969
3696.596417 18.589683
3697.036670 18.559261
3697.476922 18.381271
3697.917175 18.347851
3698.357428 18.478976
3698.797680 18.804466
3699.237933 18.834499
3699.678186 18.993121
3700.118438 18.983083
3700.558691 19.138414
3700.998943 18.991779
3701.439196 19.161468
3701.879449 19.148997
3702.319701 18.902695
3702.759954 18.865227
3703.200206 18.699558
3703.640459 19.193287
3704.080712 19.298726
3704.520964 19.505441
3704.961217 19.516270
3705.401470 19.516058
3705.841722 19.622084
3706.281975 19.046059
3706.722227 18.874972
3707.162480 18.992283
3707.602733 19.005115
3708.042985 19.027189
3708.483238 19.018718
3708.923491 18.862290
3709.363743 18.659841
3709.803996 18.721972
3710.244248 18.858808
3710.684501 19.295612
3711.124754 19.674531
3711.565006 19.377035
3712.005259 19.346403
3712.445512 19.785715
3712.885764 19.859663
3713.326017 20.065191
3713.766269 20.146138
3714.206522 19.965443
3714.646775 19.797852
3715.087027 19.713103
3715.527280 19.977505
3715.967533 20.322799
3716.407785 20.792819
3716.848038 21.381989
3717.288290 21.552279
3717.728543 20.646722
3718.168796 20.642552
3718.609048 20.234029
3719.049301 20.347183
3719.489554 20.412026
3719.929806 20.682664
3720.370059 20.664952
3720.810311 20.578499
3721.250564 20.258712
3721.690817 20.257615
3722.131069 20.317613
3722.571322 20.248381
3723.011575 19.887195
3723.451827 20.256450
3723.892080 20.104636
3724.332332 19.957585
3724.772585 19.814105
3725.212838 20.035083
3725.653090 20.098250
3726.093343 20.270393
3726.533596 20.109583
3726.973848 20.094529
3727.414101 20.269166
3727.854353 20.786958
3728.294606 21.302262
3728.734859 22.024145
3729.175111 22.762329
3729.615364 23.999413
3730.055617 24.945709
3730.495869 26.508931
3730.936122 27.595428
3731.376374 28.376021
3731.816627 28.823654
3732.256880 28.968639
3732.697132 29.149199
3733.137385 29.007382
3733.577638 29.215057
3734.017890 29.033810
3734.458143 27.838466
3734.898395 26.292022
3735.338648 24.470980
3735.778901 22.648412
3736.219153 21.074279
3736.659406 20.332947
3737.099659 19.949462
3737.539911 19.383148
3737.980164 19.481480
3738.420416 19.459706
3738.860669 19.711535
3739.300922 19.508037
3739.741174 19.783016
3740.181427 19.744158
3740.621680 19.747477
3741.061932 19.549199
3741.502185 20.000280
3741.942437 20.036671
3742.382690 20.181364
3742.822943 20.226696
3743.263195 20.041728
3743.703448 20.183858
3744.143701 20.403160
3744.583953 20.488366
3745.024206 20.644460
3745.464458 20.262856
3745.904711 20.639914
3746.344964 20.685472
3746.785216 20.709651
3747.225469 20.986619
3747.665722 20.456799
3748.105974 20.155972
3748.546227 20.468351
3748.986479 20.161403
3749.426732 20.650913
3749.866985 20.710557
3750.307237 20.602290
3750.747490 20.737114
3751.187743 20.932019
3751.627995 20.837838
3752.068248 20.769492
3752.508500 20.857955
3752.948753 20.416422
3753.389006 20.428852
3753.829258 20.713235
3754.269511 20.854698
3754.709764 20.519735
3755.150016 20.563424
3755.590269 20.486669
3756.030521 20.385257
3756.470774 20.163168
3756.911027 20.071420
3757.351279 19.921575
3757.791532 20.145613
3758.231785 20.028112
3758.672037 20.350283
3759.112290 20.413798
3759.552542 20.416946
3759.992795 20.254351
3760.433048 20.589205
3760.873300 20.752768
3761.313553 20.934942
3761.753806 21.057753
3762.194058 20.914914
3762.634311 20.886789
3763.074563 21.329651
3763.514816 21.326121
3763.955069 21.307844
3764.395321 21.450363
3764.835574 21.391987
3765.275827 21.408124
3765.716079 21.517577
3766.156332 21.325603
3766.596584 21.315790
3767.036837 21.159403
3767.477090 21.522832
3767.917342 21.712127
3768.357595 21.678844
3768.797848 21.374179
3769.238100 21.367951
3769.678353 21.167110
3770.118605 21.327116
3770.558858 21.314911
3770.999111 21.261673
3771.439363 21.143681
3771.879616 20.608021
3772.319869 20.537978
3772.760121 20.586172
3773.200374 20.491201
3773.640626 20.330214
3774.080879 20.339121
3774.521132 20.194339
3774.961384 20.132120
3775.401637 20.179211
3775.841890 20.344941
3776.282142 19.900674
3776.722395 19.598681
3777.162647 19.513407
3777.602900 19.506320
3778.043153 19.165612
3778.483405 19.361552
3778.923658 19.048730
3779.363911 18.942848
3779.804163 19.150462
3780.244416 19.487170
3780.684668 19.307047
3781.124921 19.332916
3781.565174 19.481793
3782.005426 19.462166
3782.445679 19.273811
3782.885932 19.084686
3783.326184 19.420971
3783.766437 19.423165
3784.206689 19.476880
3784.646942 19.589631
3785.087195 19.409706
3785.527447 19.439446
3785.967700 19.034147
3786.407953 19.468300
3786.848205 19.761290
3787.288458 19.770191
3787.728710 19.470385
3788.168963 19.350226
3788.609216 19.206930
3789.049468 19.293383
3789.489721 19.629825
3789.929973 19.610117
3790.370226 19.460967
3790.810479 19.406966
3791.250731 19.160773
3791.690984 19.172079
3792.131237 18.798973
3792.571489 18.798115
3793.011742 18.783374
3793.451994 18.851039
3793.892247 18.807983
3794.332500 18.365263
3794.772752 18.134499
3795.213005 18.130124
3795.653258 18.117189
3796.093510 17.987735
3796.533763 17.672323
3796.974015 17.780529
3797.414268 18.084028
3797.854521 17.690028
3798.294773 17.271093
3798.735026 17.519398
3799.175279 17.375687
3799.615531 17.479075
3800.055784 17.569010
3800.496036 17.524686
3800.936289 17.256338
3801.376542 17.493161
3801.816794 17.881505
3802.257047 17.758156
3802.697300 17.558325
3803.137552 17.863125
3803.577805 17.467864
3804.018057 17.560458
3804.458310 17.623713
3804.898563 17.337006
3805.338815 17.358609
3805.779068 17.637486
3806.219321 17.561480
3806.659573 17.543332
3807.099826 17.301725
3807.540078 17.169033
3807.980331 16.850092
3808.420584 17.060480
3808.860836 17.299885
3809.301089 16.955797
3809.741342 17.137392
3810.181594 16.923263
3810.621847 16.942338
3811.062099 16.954012
3811.502352 17.158654
3811.942605 17.221399
3812.382857 16.925948
3812.823110 17.435392
3813.263363 17.377315
3813.703615 17.583574
3814.143868 17.917664
3814.584120 18.171504
3815.024373 18.128468
3815.464626 18.077036
3815.904878 18.125033
3816.345131 18.372671
3816.785384 18.451185
3817.225636 18.534489
3817.665889 18.377993
3818.106141 18.929334
3818.546394 19.038358
3818.986647 19.179425
3819.426899 18.925252
3819.867152 19.084870
3820.307405 19.232602
3820.747657 19.058557
3821.187910 19.447583
3821.628162 19.322067
3822.068415 19.355330
3822.508668 19.571340
3822.948920 19.337046
3823.389173 19.122024
3823.829426 19.076685
3824.269678 18.862719
3824.709931 18.561660
3825.150183 18.505908
3825.590436 19.032436
3826.030689 19.028770
3826.470941 19.018057
3826.911194 19.559060
3827.351447 19.768848
3827.791699 19.458473
3828.231952 19.286282
3828.672204 19.294256
3829.112457 19.625355
3829.552710 19.735885
3829.992962 19.768092
3830.433215 19.757978
3830.873468 19.713525
3831.313720 19.734569
3831.753973 19.693558
3832.194225 19.819060
3832.634478 19.617940
3833.074731 19.434464
3833.514983 19.455399
3833.955236 19.572826
3834.395489 19.534363
3834.835741 19.065025
3835.275994 18.885638
3835.716246 18.803410
3836.156499 18.927372
3836.596752 18.889767
3837.037004 18.695974
3837.477257 18.974749
3837.917510 19.017212
3838.357762 19.121901
3838.798015 19.173558
3839.238267 19.457989
3839.678520 19.508875
3840.118773 19.473050
3840.559025 19.430600
3840.999278 19.311995
3841.439531 19.117083
3841.879783 19.213173
3842.320036 19.196865
3842.760288 19.124764
3843.200541 18.748523
3843.640794 19.149801
3844.081046 18.824904
3844.521299 19.217895
3844.961552 19.186056
3845.401804 19.348406
3845.842057 19.360121
3846.282309 19.399286
3846.722562 19.547113
3847.162815 19.766858
3847.603067 19.825173
3848.043320 20.145109
3848.483573 19.772037
3848.923825 19.956093
3849.364078 19.774695
3849.804330 20.095817
3850.244583 20.317157
3850.684836 20.380419
3851.125088 20.324244
3851.565341 20.772749
3852.005594 20.879136
3852.445846 20.964423
3852.886099 21.037874
3853.326351 20.948504
3853.766604 20.987914
3854.206857 21.315292
3854.647109 21.365279
3855.087362 21.147838
3855.527615 21.063416
3855.967867 21.261108
3856.408120 21.272345
3856.848372 21.513495
3857.288625 21.664485
3857.728878 21.075689
3858.169130 20.880724
3858.609383 20.710605
3859.049636 20.596899
3859.489888 20.702917
3859.930141 20.580530
3860.370393 20.810367
3860.810646 20.864347
3861.250899 20.743016
3861.691151 20.771652
3862.131404 20.647601
3862.571657 20.746151
3863.011909 20.721481
3863.452162 20.567282
3863.892414 20.629058
3864.332667 20.576223
3864.772920 20.527653
3865.213172 20.570498
3865.653425 20.713780
3866.093678 20.615061
3866.533930 20.472658
3866.974183 20.195171
3867.414435 20.086324
3867.854688 19.784979
3868.294941 19.909206
3868.735193 19.809696
3869.175446 19.881361
3869.615699 20.326084
3870.055951 20.274325
3870.496204 19.799985
3870.936456 19.937277
3871.376709 20.243400
3871.816962 20.306893
3872.257214 20.308733
3872.697467 20.297612
3873.137719 20.275852
3873.577972 20.496128
3874.018225 20.645298
3874.458477 20.478975
3874.898730 20.230901
3875.338983 19.914672
3875.779235 19.535821
3876.219488 19.329502
3876.659740 18.640031
3877.099993 18.511605
3877.540246 18.314867
3877.980498 18.096097
3878.420751 18.470293
3878.861004 18.545720
3879.301256 18.602747
3879.741509 18.498180
3880.181761 18.310792
3880.622014 18.230704
3881.062267 18.343783
3881.502519 18.413751
3881.942772 18.922601
3882.383025 18.793481
3882.823277 19.121588
3883.263530 18.901646
3883.703782 18.859094
3884.144035 18.999963
3884.584288 18.530264
3885.024540 18.222922
3885.464793 18.383213
3885.905046 18.535137
3886.345298 19.996143
3886.785551 20.552623
3887.225803 19.609183
3887.666056 19.066667
3888.106309 18.460473
3888.546561 16.989149
3888.986814 18.398963
3889.427067 18.923658
3889.867319 19.453225
3890.307572 19.012489
3890.747824 18.876029
3891.188077 18.331870
3891.628330 18.138206
3892.068582 17.984736
3892.508835 18.380481
3892.949088 18.681560
3893.389340 18.984923
3893.829593 19.233256
3894.269845 18.819990
3894.710098 17.554760
3895.150351 17.598866
3895.590603 17.484908
3896.030856 17.358077
3896.471109 17.223430
3896.911361 16.991282
3897.351614 17.078212
3897.791866 17.081081
3898.232119 17.191209
3898.672372 17.367420
3899.112624 17.225576
3899.552877 17.343119
3899.993130 17.460893
3900.433382 17.625321
3900.873635 17.422498
3901.313887 17.482837
3901.754140 17.879501
3902.194393 17.924057
3902.634645 18.099777
3903.074898 18.141927
3903.515151 18.362776
3903.955403 18.047419
3904.395656 17.311634
3904.835908 17.398012
3905.276161 18.824304
3905.716414 19.974179
3906.156666 20.133244
3906.596919 21.422081
3907.037172 20.031233
3907.477424 20.068926
3907.917677 19.058960
3908.357929 17.858743
3908.798182 17.815462
3909.238435 18.012922
3909.678687 18.054254
3910.118940 18.480011
3910.559193 18.735030
3910.999445 18.824938
3911.439698 18.166399
3911.879950 17.829119
3912.320203 18.012023
3912.760456 17.680883
3913.200708 17.703263
3913.640961 17.907960
3914.081214 17.892490
3914.521466 17.932010
3914.961719 18.315951
3915.401971 17.528591
3915.842224 17.838728
3916.282477 17.993309
3916.722729 18.394356
3917.162982 18.482656
3917.603235 18.679523
3918.043487 18.635506
3918.483740 18.566608
3918.923992 18.868021
3919.364245 19.067260
3919.804498 18.899663
3920.244750 19.069672
3920.685003 19.267432
3921.125256 19.197676
3921.565508 19.030317
3922.005761 18.943993
3922.446013 18.571712
3922.886266 18.160634
3923.326519 17.842524
3923.766771 17.587001
3924.207024 17.695868
3924.647277 17.511779
3925.087529 17.207755
3925.527782 17.088571
3925.968034 16.830901
3926.408287 16.456767
3926.848540 17.139811
3927.288792 17.720668
3927.729045 18.618148
3928.169298 18.471956
3928.609550 18.027438
3929.049803 17.484036
3929.490055 16.946529
3929.930308 16.710340
3930.370561 17.086744
3930.810813 17.419343
3931.251066 17.433061
3931.691319 17.475040
3932.131571 17.608046
3932.571824 17.372913
3933.012076 17.962070
3933.452329 18.004138
3933.892582 18.348662
3934.332834 18.786822
3934.773087 19.253516
3935.213340 19.668574
3935.653592 19.427016
3936.093845 18.800847
3936.534097 18.650553
3936.974350 18.408047
3937.414603 18.438993
3937.854855 18.772300
3938.295108 18.743794
3938.735361 18.344417
3939.175613 18.125360
3939.615866 18.392277
3940.056118 19.010002
3940.496371 20.229695
3940.936624 20.896888
3941.376876 21.163308
3941.817129 20.866746
3942.257382 19.850319
3942.697634 19.576131
3943.137887 19.180666
3943.578139 18.812767
3944.018392 18.767645
3944.458645 18.790509
3944.898897 19.088863
3945.339150 19.124614
3945.779403 19.144970
3946.219655 18.834492
3946.659908 18.628670
3947.100160 18.401900
3947.540413 18.218574
3947.980666 17.854688
3948.420918 17.828185
3948.861171 17.785640
3949.301424 17.711979
3949.741676 17.845045
3950.181929 18.042001
3950.622181 18.313416
3951.062434 18.643084
3951.502687 18.084076
3951.942939 17.720252
3952.383192 17.614254
3952.823445 17.336965
3953.263697 17.862805
3953.703950 17.761080
3954.144202 17.242634
3954.584455 16.867061
3955.024708 17.461895
3955.464960 17.489208
3955.905213 18.229621
3956.345465 18.602263
3956.785718 18.377802
3957.225971 17.789811
3957.666223 17.342751
3958.106476 16.695606
3958.546729 17.283468
3958.986981 17.451277
3959.427234 17.205956
3959.867486 16.782918
3960.307739 17.267808
3960.747992 17.519725
3961.188244 17.609047
3961.628497 17.546494
3962.068750 17.495676
3962.509002 17.632341
3962.949255 17.718092
3963.389507 17.747382
3963.829760 17.730733
3964.270013 17.586231
3964.710265 17.833719
3965.150518 18.153478
3965.590771 18.356472
3966.031023 18.375315
3966.471276 17.959882
3966.911528 18.335169
3967.351781 18.222076
3967.792034 18.274067
3968.232286 18.410548
3968.672539 18.932156
3969.112792 18.841934
3969.553044 18.627573
3969.993297 18.891873
3970.433549 18.940797
3970.873802 18.739153
3971.314055 19.184796
3971.754307 19.295482
3972.194560 19.234769
3972.634813 18.840789
3973.075065 19.489998
3973.515318 19.808122
3973.955570 20.115294
3974.395823 20.365658
3974.836076 20.392529
3975.276328 19.972271
3975.716581 19.595369
3976.156834 19.227729
3976.597086 18.931188
3977.037339 19.096605
3977.477591 18.790121
3977.917844 18.250406
3978.358097 17.873177
3978.798349 17.784305
3979.238602 17.895455
3979.678855 17.977853
3980.119107 17.826952
3980.559360 17.783773
3980.999612 17.622623
3981.439865 17.747348
3981.880118 17.534459
3982.320370 17.486108
3982.760623 17.102759
3983.200876 17.075227
3983.641128 17.267583
3984.081381 17.352421
3984.521633 17.158927
3984.961886 17.084223
3985.402139 17.060194
3985.842391 17.028511
3986.282644 17.298979
3986.722897 17.323362
3987.163149 16.964711
3987.603402 16.787028
3988.043654 16.890197
3988.483907 16.742309
3988.924160 17.187774
3989.364412 17.146108
3989.804665 16.995528
3990.244918 16.963695
3990.685170 16.714484
3991.125423 16.572728
3991.565675 16.193012
3992.005928 16.349808
3992.446181 16.579311
3992.886433 16.841274
3993.326686 17.033091
3993.766939 17.123708
3994.207191 17.048772
3994.647444 16.545428
3995.087696 16.639670
3995.527949 16.424178
3995.968202 16.352036
3996.408454 16.454088
3996.848707 16.434496
3997.288960 16.451506
3997.729212 16.490650
3998.169465 16.622551
3998.609717 16.273665
3999.049970 16.253337
3999.490223 16.554907
3999.930475 16.095491
4000.370728 15.988832
4000.810981 16.288842
4001.251233 16.221007
4001.691486 16.350816
4002.131738 16.395351
4002.571991 16.352786
4003.012244 16.287363
4003.452496 16.400851
4003.892749 16.806450
4004.333002 16.656707
4004.773254 16.913695
4005.213507 16.990914
4005.653759 17.064146
4006.094012 16.919808
4006.534265 17.034979
4006.974517 17.080134
4007.414770 17.066654
4007.855023 17.288729
4008.295275 17.030638
4008.735528 16.877992
4009.175780 17.106426
4009.616033 17.211129
4010.056286 17.079043
4010.496538 16.856641
4010.936791 17.245264
4011.377044 17.084046
4011.817296 17.189546
4012.257549 17.207272
4012.697801 17.370276
4013.138054 17.306796
4013.578307 17.014568
4014.018559 16.513855
4014.458812 16.760232
4014.899065 16.552209
4015.339317 16.784458
4015.779570 17.146326
4016.219822 17.057284
4016.660075 17.610853
4017.100328 17.633574
4017.540580 17.947125
4017.980833 17.786642
4018.421086 17.797975
4018.861338 17.690546
4019.301591 17.643694
4019.741843 17.883624
4020.182096 17.543427
4020.622349 17.368674
4021.062601 17.502784
4021.502854 17.098391
4021.943107 17.175801
4022.383359 17.026883
4022.823612 17.047429
4023.263864 16.720842
4023.704117 16.941799
4024.144370 17.074300
4024.584622 16.961767
4025.024875 17.127681
4025.465128 17.107434
4025.905380 16.891867
4026.345633 16.723234
4026.785885 16.761608
4027.226138 16.836837
4027.666391 16.974545
4028.106643 17.129310
4028.546896 17.361989
4028.987149 17.586477
4029.427401 17.662551
4029.867654 17.764276
4030.307906 17.690260
4030.748159 17.924459
4031.188412 17.509864
4031.628664 17.743157
4032.068917 17.879890
4032.509170 17.791999
4032.949422 17.553111
4033.389675 17.375053
4033.829927 17.422975
4034.270180 17.503479
4034.710433 17.504065
4035.150685 17.681953
4035.590938 17.578994
4036.031191 17.676514
4036.471443 17.402530
4036.911696 17.265320
4037.351948 17.102105
4037.792201 16.688648
4038.232454 16.734737
4038.672706 17.194494
4039.112959 16.901796
4039.553211 17.172693
4039.993464 17.331935
4040.433717 16.921880
4040.873969 16.476046
4041.314222 16.248151
4041.754475 16.458845
4042.194727 16.691163
4042.634980 16.422583
4043.075232 16.375786
4043.515485 16.605964
4043.955738 16.733327
4044.395990 16.494814
4044.836243 16.275839
4045.276496 16.110716
4045.716748 16.046316
4046.157001 16.155919
4046.597253 16.102531
4047.037506 16.235584
4047.477759 16.247040
4047.918011 16.272950
4048.358264 16.308585
4048.798517 16.271941
4049.238769 16.055638
4049.679022 16.132421
4050.119274 15.965648
4050.559527 16.191962
4050.999780 15.989766
4051.440032 16.167552
4051.880285 16.462532
4052.320538 16.742663
4052.760790 17.126734
4053.201043 17.275992
4053.641295 17.036614
4054.081548 16.752837
4054.521801 16.889789
4054.962053 17.068351
4055.402306 17.090799
4055.842559 16.796705
4056.282811 16.868758
4056.723064 16.696867
4057.163316 17.146510
4057.603569 17.371632
4058.043822 17.405413
4058.484074 17.353709
4058.924327 17.206781
4059.364580 17.263678
4059.804832 17.203776
4060.245085 17.294999
4060.685337 17.209813
4061.125590 16.957596
4061.565843 16.674698
4062.006095 16.667393
4062.446348 16.463806
4062.886601 16.557517
4063.326853 16.512260
4063.767106 16.939918
4064.207358 17.177988
4064.647611 17.414518
4065.087864 17.509632
4065.528116 17.314667
4065.968369 16.367097
4066.408622 16.148831
4066.848874 16.172813
4067.289127 15.930490
4067.729379 16.538517
4068.169632 16.834541
4068.609885 17.199714
4069.050137 17.492309
4069.490390 17.806283
4069.930643 18.016916
4070.370895 17.965157
4070.811148 18.017938
4071.251400 18.186926
4071.691653 18.459744
4072.131906 18.772545
4072.572158 19.075479
4073.012411 18.794380
4073.452664 18.608430
4073.892916 18.204440
4074.333169 17.633983
4074.773421 17.334655
4075.213674 17.942096
4075.653927 17.928916
4076.094179 17.964864
4076.534432 17.561364
4076.974685 17.665604
4077.414937 17.377295
4077.855190 17.505141
4078.295442 16.981196
4078.735695 16.840204
4079.175948 16.103983
4079.616200 16.124414
4080.056453 16.489553
4080.496706 15.571553
4080.936958 15.250676
4081.377211 14.974600
4081.817463 15.297760
4082.257716 15.464873
4082.697969 16.499496
4083.138221 16.721878
4083.578474 16.492701
4084.018727 16.778897
4084.458979 16.234235
4084.899232 16.340246
4085.339484 16.344288
4085.779737 15.936740
4086.219990 16.313110
4086.660242 16.345760
4087.100495 16.752469
4087.540748 16.640331
4087.981000 17.070450
4088.421253 16.886531
4088.861505 17.018998
4089.301758 17.165108
4089.742011 17.449314
4090.182263 17.333980
4090.622516 16.895261
4091.062769 16.795941
4091.503021 16.082659
4091.943274 16.346632
4092.383526 16.678515
4092.823779 16.805162
4093.264032 17.079705
4093.704284 17.122795
4094.144537 17.081401
4094.584790 17.065516
4095.025042 17.701975
4095.465295 17.868897
4095.905547 17.703419
4096.345800 17.738250
4096.786053 16.441031
4097.226305 15.882630
4097.666558 16.869787
4098.106811 17.198964
4098.547063 17.578503
4098.987316 17.484499
4099.427568 17.386740
4099.867821 17.244508
4100.308074 17.843546
4100.748326 18.427237
4101.188579 18.419952
4101.628832 18.338385
4102.069084 18.066398
4102.509337 18.472685
4102.949589 18.925811
4103.389842 18.922206
4103.830095 18.930677
4104.270347 18.863203
4104.710600 18.676858
4105.150853 19.083800
4105.591105 19.465049
4106.031358 19.543031
4106.471610 19.738290
4106.911863 19.791507
4107.352116 19.577269
4107.792368 19.658979
4108.232621 19.930142
4108.672874 19.758476
4109.113126 18.853608
4109.553379 18.419209
4109.993631 17.661917
4110.433884 17.086506
4110.874137 17.063070
4111.314389 17.092292
4111.754642 17.436530
4112.194895 17.277430
4112.635147 17.254982
4113.075400 17.260359
4113.515652 17.354275
4113.955905 17.347432
4114.396158 17.153864
4114.836410 16.746322
4115.276663 16.190490
4115.716916 16.209313
4116.157168 16.422829
4116.597421 16.924094
4117.037673 17.045862
4117.477926 17.038516
4117.918179 16.894770
4118.358431 16.438108
4118.798684 16.144402
4119.238937 16.106054
4119.679189 16.482677
4120.119442 16.517085
4120.559694 16.509854
4120.999947 16.437228
4121.440200 16.267334
4121.880452 16.239803
4122.320705 16.521978
4122.760957 16.791137
4123.201210 16.540978
4123.641463 16.713686
4124.081715 16.879314
4124.521968 16.764791
4124.962221 16.916816
4125.402473 17.158511
4125.842726 17.057038
4126.282978 17.035381
4126.723231 16.993286
4127.163484 17.107700
4127.603736 17.083207
4128.043989 17.318756
4128.484242 17.472464
4128.924494 17.467340
4129.364747 17.436925
4129.804999 17.889942
4130.245252 17.307777
4130.685505 17.457819
4131.125757 17.379810
4131.566010 17.419711
4132.006263 17.704135
4132.446515 17.693279
4132.886768 18.069342
4133.327020 17.898896
4133.767273 18.002789
4134.207526 17.687357
4134.647778 17.822556
4135.088031 17.585659
4135.528284 17.385234
4135.968536 16.993292
4136.408789 16.908720
4136.849041 16.678440
4137.289294 16.492231
4137.729547 16.147816
4138.169799 16.174891
4138.610052 16.217075
4139.050305 16.172049
4139.490557 16.309955
4139.930810 16.364943
4140.371062 16.582759
4140.811315 16.322085
4141.251568 16.427804
4141.691820 15.830401
4142.132073 16.322112
4142.572326 16.597507
4143.012578 16.252471
4143.452831 16.561920
4143.893083 15.902093
4144.333336 14.840279
4144.773589 14.935196
4145.213841 14.895452
4145.654094 14.762454
4146.094347 15.404971
4146.534599 15.684454
4146.974852 15.249688
4147.415104 15.417953
4147.855357 15.087815
4148.295610 15.424032
4148.735862 15.614391
4149.176115 15.336502
4149.616368 15.292383
4150.056620 15.453268
4150.496873 15.381303
4150.937125 15.203653
4151.377378 15.239227
4151.817631 15.761135
4152.257883 15.856904
4152.698136 15.860925
4153.138389 15.922531
4153.578641 15.850184
4154.018894 15.533710
4154.459146 15.541452
4154.899399 15.491983
4155.339652 15.809418
4155.779904 15.882057
4156.220157 15.915259
4156.660410 15.739825
4157.100662 15.550454
4157.540915 15.716109
4157.981167 15.483982
4158.421420 15.200546
4158.861673 14.609576
4159.301925 14.303713
4159.742178 14.357434
4160.182431 14.738363
4160.622683 16.157404
4161.062936 16.028835
4161.503188 16.377674
4161.943441 16.377210
4162.383694 15.567103
4162.823946 14.652496
4163.264199 14.852294
4163.704452 14.960289
4164.144704 15.441737
4164.584957 15.455953
4165.025209 15.678553
4165.465462 16.050173
4165.905715 16.271103
4166.345967 16.112685
4166.786220 16.158665
4167.226473 16.232879
4167.666725 16.071939
4168.106978 15.998203
4168.547230 16.239680
4168.987483 16.602141
4169.427736 16.820570
4169.867988 17.175664
4170.308241 16.864478
4170.748494 16.786019
4171.188746 16.968289
4171.628999 16.810000
4172.069251 16.789113
4172.509504 16.649620
4172.949757 17.154184
4173.390009 17.079391
4173.830262 17.041494
4174.270515 17.360619
4174.710767 17.200504
4175.151020 17.085477
4175.591272 17.422702
4176.031525 17.787644
4176.471778 17.968973
4176.912030 18.096738
4177.352283 18.169732
4177.792536 18.610809
4178.232788 18.764129
4178.673041 19.005552
4179.113293 18.792567
4179.553546 19.120975
4179.993799 19.251690
4180.434051 19.313105
4180.874304 19.532366
4181.314557 19.659299
4181.754809 19.071390
4182.195062 19.501106
4182.635314 19.741200
4183.075567 20.262876
4183.515820 20.639812
4183.956072 20.618018
4184.396325 20.785922
4184.836578 20.540908
4185.276830 19.471925
4185.717083 17.906720
4186.157335 17.328487
4186.597588 16.994526
4187.037841 17.131743
4187.478093 17.232698
4187.918346 17.071752
4188.358599 17.324759
4188.798851 17.591615
4189.239104 17.231566
4189.679356 16.780110
4190.119609 16.611832
4190.559862 16.554226
4191.000114 16.666991
4191.440367 16.949780
4191.880620 16.848797
4192.320872 17.043477
4192.761125 16.589254
4193.201377 15.829978
4193.641630 15.302796
4194.081883 15.380601
4194.522135 15.460103
4194.962388 15.743737
4195.402641 15.886726
4195.842893 15.645753
4196.283146 15.351086
4196.723398 15.173007
4197.163651 14.920660
4197.603904 15.267986
4198.044156 17.011495
4198.484409 17.831327
4198.924662 17.741875
4199.364914 17.639564
4199.805167 16.448378
4200.245419 14.264493
4200.685672 13.557522
4201.125925 13.709615
4201.566177 13.845994
4202.006430 14.645109
4202.446683 14.995222
4202.886935 14.987889
4203.327188 15.049931
4203.767440 15.049972
4204.207693 14.861732
4204.647946 15.070948
4205.088198 15.009431
4205.528451 15.098500
4205.968703 15.532899
4206.408956 15.424666
4206.849209 15.304316
4207.289461 15.138204
4207.729714 14.861405
4208.169967 14.851176
4208.610219 15.196907
4209.050472 15.264578
4209.490724 15.938314
4209.930977 16.185870
4210.371230 15.921570
4210.811482 15.408358
4211.251735 15.086929
4211.691988 15.117923
4212.132240 14.970968
4212.572493 15.575921
4213.012745 15.739859
4213.452998 15.645984
4213.893251 15.310824
4214.333503 15.604135
4214.773756 16.074992
4215.214009 16.727091
4215.654261 17.642188
4216.094514 17.311545
4216.534766 16.542000
4216.975019 16.050936
4217.415272 14.227693
4217.855524 13.317864
4218.295777 14.063565
4218.736030 14.993123
4219.176282 15.930913
4219.616535 16.603204
4220.056787 16.574752
4220.497040 16.593997
4220.937293 15.509163
4221.377545 14.578848
4221.817798 14.235489
4222.258051 14.686407
4222.698303 14.672770
4223.138556 15.426649
4223.578808 15.430220
4224.019061 15.513593
4224.459314 16.194818
4224.899566 16.142030
4225.339819 16.145260
4225.780072 15.873730
4226.220324 15.160086
4226.660577 14.477709
4227.100829 14.266286
4227.541082 14.163436
4227.981335 14.999965
4228.421587 14.768192
4228.861840 15.647116
4229.302093 16.268711
4229.742345 16.324068
4230.182598 16.573110
4230.622850 16.558519
4231.063103 16.466723
4231.503356 16.080206
4231.943608 16.277768
4232.383861 16.343695
4232.824114 16.666827
4233.264366 16.532275
4233.704619 16.752667
4234.144871 16.893509
4234.585124 17.286787
4235.025377 18.278047
4235.465629 18.411270
4235.905882 18.605950
4236.346135 18.322623
4236.786387 17.881464
4237.226640 17.013934
4237.666892 17.586715
4238.107145 17.833276
4238.547398 18.195444
4238.987650 19.033479
4239.427903 18.725121
4239.868156 18.463676
4240.308408 18.198940
4240.748661 18.387854
4241.188913 18.186626
4241.629166 18.164484
4242.069419 17.654373
4242.509671 17.358806
4242.949924 16.737443
4243.390177 16.649375
4243.830429 16.967634
4244.270682 16.982975
4244.710934 16.983772
4245.151187 16.665001
4245.591440 16.774611
4246.031692 16.063264
4246.471945 16.242399
4246.912198 16.133695
4247.352450 17.011399
4247.792703 19.241822
4248.232955 19.532550
4248.673208 20.123588
4249.113461 20.217081
4249.553713 17.642876
4249.993966 16.099110
4250.434219 16.400224
4250.874471 15.665441
4251.314724 16.810327
4251.754976 17.681462
4252.195229 17.855390
4252.635482 18.199410
4253.075734 17.936432
4253.515987 16.729865
4253.956240 16.558833
4254.396492 16.062167
4254.836745 16.022055
4255.276997 16.086653
4255.717250 16.209395
4256.157503 16.440132
4256.597755 16.328205
4257.038008 16.784956
4257.478261 17.418007
4257.918513 17.366691
4258.358766 16.700970
4258.799018 16.074849
4259.239271 15.982501
4259.679524 15.550658
4260.119776 15.585659
4260.560029 16.103553
4261.000282 16.235427
4261.440534 16.340294
4261.880787 16.484707
4262.321039 16.489853
4262.761292 16.291500
4263.201545 16.527518
4263.641797 16.305191
4264.082050 16.294676
4264.522303 16.415217
4264.962555 16.487379
4265.402808 16.640215
4265.843060 16.890129
4266.283313 17.351835
4266.723566 17.472526
4267.163818 17.617961
4267.604071 17.367516
4268.044324 16.686420
4268.484576 15.851568
4268.924829 15.724280
4269.365081 15.399110
4269.805334 15.418083
4270.245587 15.849074
4270.685839 15.945142
4271.126092 15.661665
4271.566345 15.284900
4272.006597 15.505176
4272.446850 15.682355
4272.887102 15.677333
4273.327355 15.205807
4273.767608 15.489359
4274.207860 16.014613
4274.648113 16.607736
4275.088366 18.232578
4275.528618 19.854429
4275.968871 18.439320
4276.409123 17.434131
4276.849376 16.883873
4277.289629 14.583333
4277.729881 14.385661
4278.170134 15.292349
4278.610387 15.844290
4279.050639 16.448078
4279.490892 16.772512
4279.931144 16.742942
4280.371397 16.616023
4280.811650 16.884153
4281.251902 16.961188
4281.692155 17.120219
4282.132408 17.324167
4282.572660 17.663743
4283.012913 18.074372
4283.453165 18.136918
4283.893418 17.803993
4284.333671 17.485344
4284.773923 16.424757
4285.214176 15.466604
4285.654429 15.325639
4286.094681 15.148269
4286.534934 15.267025
4286.975186 15.749400
4287.415439 15.921747
4287.855692 16.198198
4288.295944 16.275955
4288.736197 16.230050
4289.176450 16.380004
4289.616702 17.571477
4290.056955 19.079827
4290.497207 20.679877
4290.937460 22.204057
4291.377713 22.156332
4291.817965 19.454466
4292.258218 17.025990
4292.698470 15.539632
4293.138723 14.295446
4293.578976 15.038380
4294.019228 16.372508
4294.459481 17.177770
4294.899734 17.745944
4295.339986 17.758654
4295.780239 17.224840
4296.220491 17.274568
4296.660744 17.235826
4297.100997 17.426962
4297.541249 17.545213
4297.981502 17.881709
4298.421755 18.047296
4298.862007 18.149519
4299.302260 18.036413
4299.742512 18.201271
4300.182765 18.421561
4300.623018 18.809727
4301.063270 18.862903
4301.503523 19.557922
4301.943776 19.980360
4302.384028 20.020806
4302.824281 19.834168
4303.264533 19.027639
4303.704786 18.626387
4304.145039 18.442462
4304.585291 18.502051
4305.025544 18.496974
4305.465797 18.787463
4305.906049 18.959967
4306.346302 19.195727
4306.786554 19.066149
4307.226807 19.312608
4307.667060 20.732814
4308.107312 22.125284
4308.547565 20.933211
4308.987818 20.226315
4309.428070 18.258461
4309.868323 17.632559
4310.308575 16.721598
4310.748828 17.267760
4311.189081 17.719230
4311.629333 18.153989
4312.069586 18.477994
4312.509839 18.229293
4312.950091 18.106483
4313.390344 18.006959
4313.830596 18.263913
4314.270849 18.092833
4314.711102 17.876850
4315.151354 18.156327
4315.591607 17.874860
4316.031860 17.697245
4316.472112 18.137320
4316.912365 18.134267
4317.352617 18.252546
4317.792870 18.452323
4318.233123 18.470839
4318.673375 18.563493
4319.113628 18.370197
4319.553881 18.261398
4319.994133 18.165029
4320.434386 18.430679
4320.874638 18.746887
4321.314891 18.652870
4321.755144 18.760129
4322.195396 18.782454
4322.635649 19.219483
4323.075902 18.870406
4323.516154 19.110691
4323.956407 18.959763
4324.396659 18.680818
4324.836912 18.542947
4325.277165 18.498848
4325.717417 18.458170
4326.157670 18.466791
4326.597923 18.898647
4327.038175 18.940524
4327.478428 19.314659
4327.918680 19.316479
4328.358933 19.579981
4328.799186 19.301077
4329.239438 18.932026
4329.679691 18.583359
4330.119944 18.592020
4330.560196 18.699238
4331.000449 18.493076
4331.440701 19.098390
4331.880954 18.711130
4332.321207 19.039074
4332.761459 19.396901
4333.201712 19.543195
4333.641965 19.413106
4334.082217 19.211319
4334.522470 19.635829
4334.962722 19.846612
4335.402975 19.867370
4335.843228 20.162330
4336.283480 20.296330
4336.723733 20.315228
4337.163986 20.491848
4337.604238 20.980936
4338.044491 20.948334
4338.484743 21.047605
4338.924996 21.540414
4339.365249 21.358614
4339.805501 21.309731
4340.245754 21.675300
4340.686007 22.346037
4341.126259 22.557345
4341.566512 22.020254
4342.006764 21.800850
4342.447017 22.355701
4342.887270 22.649659
4343.327522 23.163914
4343.767775 23.421671
4344.208028 23.715718
4344.648280 24.020171
4345.088533 24.546413
4345.528785 25.173154
4345.969038 25.713585
4346.409291 25.622429
4346.849543 25.159947
4347.289796 24.743199
4347.730049 23.809702
4348.170301 23.064117
4348.610554 22.245007
4349.050806 21.776950
4349.491059 21.302487
4349.931312 20.565544
4350.371564 20.464684
4350.811817 20.341615
4351.252070 20.113686
4351.692322 19.950245
4352.132575 19.599070
4352.572827 19.863724
4353.013080 19.558099
4353.453333 19.546780
4353.893585 19.339561
4354.333838 19.643244
4354.774091 19.647074
4355.214343 19.567619
4355.654596 19.605367
4356.094848 19.484546
4356.535101 19.564205
4356.975354 19.786185
4357.415606 19.709470
4357.855859 19.836506
4358.296112 19.737554
4358.736364 19.879773
4359.176617 19.858824
4359.616869 19.292668
4360.057122 18.952212
4360.497375 19.111666
4360.937627 19.029247
4361.377880 18.753859
4361.818133 18.538721
4362.258385 18.643104
4362.698638 18.768838
4363.138890 18.679168
4363.579143 18.385135
4364.019396 18.402792
4364.459648 18.097242
4364.899901 17.998018
4365.340154 18.177058
4365.780406 18.237744
4366.220659 18.117223
4366.660911 18.141171
4367.101164 17.982589
4367.541417 17.840268
4367.981669 17.349647
4368.421922 17.581863
4368.862175 17.475456
4369.302427 17.324303
4369.742680 17.114692
4370.182932 16.884466
4370.623185 17.014330
4371.063438 16.816045
4371.503690 16.876322
4371.943943 16.664837
4372.384196 16.616977
4372.824448 16.581908
4373.264701 16.752088
4373.704953 16.730124
4374.145206 16.595701
4374.585459 16.565484
4375.025711 16.593677
4375.465964 16.397287
4375.906216 16.645688
4376.346469 16.535464
4376.786722 16.654486
4377.226974 16.880602
4377.667227 16.787586
4378.107480 16.732318
4378.547732 16.763946
4378.987985 16.622967
4379.428237 16.512069
4379.868490 16.692622
4380.308743 16.701808
4380.748995 16.750602
4381.189248 16.797570
4381.629501 16.542974
4382.069753 16.405901
4382.510006 16.511953
4382.950258 16.701542
4383.390511 16.726968
4383.830764 16.943946
4384.271016 16.866550
4384.711269 16.812951
4385.151522 16.520370
4385.591774 16.761676
4386.032027 16.583502
4386.472279 16.762883
4386.912532 16.967832
4387.352785 17.118754
4387.793037 17.228132
4388.233290 17.262663
4388.673543 17.388492
4389.113795 17.667198
4389.554048 17.826584
4389.994300 17.978425
4390.434553 18.007477
4390.874806 17.968237
4391.315058 17.987401
4391.755311 18.228653
4392.195564 17.859547
4392.635816 18.178714
4393.076069 17.987857
4393.516321 17.859561
4393.956574 17.417094
4394.396827 17.008169
4394.837079 16.979588
4395.277332 17.040785
4395.717585 17.082689
4396.157837 16.918799
4396.598090 17.062715
4397.038342 17.242709
4397.478595 17.070688
4397.918848 16.888344
4398.359100 16.523593
4398.799353 16.820447
4399.239606 16.796214
4399.679858 16.977461
4400.120111 17.178336
4400.560363 17.177961
4401.000616 17.241066
4401.440869 17.035987
4401.881121 17.059308
4402.321374 17.014064
4402.761627 17.082724
4403.201879 17.071861
4403.642132 17.175535
4404.082384 17.369656
4404.522637 17.261034
4404.962890 17.161864
4405.403142 16.917355
4405.843395 16.615784
4406.283648 16.804603
4406.723900 16.926589
4407.164153 16.963675
4407.604405 16.931638
4408.044658 16.837260
4408.484911 16.348901
4408.925163 16.482963
4409.365416 16.267444
4409.805669 16.474949
4410.245921 16.254822
4410.686174 16.120843
4411.126426 16.075333
4411.566679 16.210308
4412.006932 16.037299
4412.447184 15.698909
4412.887437 15.953422
4413.327690 16.009556
4413.767942 16.036093
4414.208195 16.325949
4414.648447 16.377864
4415.088700 16.386547
4415.528953 16.458436
4415.969205 16.573921
4416.409458 16.796861
4416.849711 16.814887
4417.289963 16.748605
4417.730216 16.652823
4418.170468 17.234258
4418.610721 17.320745
4419.050974 17.322218
4419.491226 17.490987
4419.931479 17.791494
4420.371732 18.096867
4420.811984 17.953013
4421.252237 18.117407
4421.692489 18.097590
4422.132742 18.216120
4422.572995 17.820785
4423.013247 17.807468
4423.453500 17.534132
4423.893753 17.543366
4424.334005 17.464096
4424.774258 17.416801
4425.214510 17.353450
4425.654763 17.530670
4426.095016 17.070348
4426.535268 16.857241
4426.975521 16.587455
4427.415774 16.508171
4427.856026 16.424723
4428.296279 16.405730
4428.736531 16.460971
4429.176784 16.066460
4429.617037 15.667526
4430.057289 15.305556
4430.497542 15.315594
4430.937795 15.130483
4431.378047 15.001375
4431.818300 14.964998
4432.258552 14.803166
4432.698805 14.963880
4433.139058 15.114141
4433.579310 15.316698
4434.019563 15.391600
4434.459816 15.124990
4434.900068 14.604724
4435.340321 14.635541
4435.780573 14.488845
4436.220826 14.768785
4436.661079 14.779627
4437.101331 14.946461
4437.541584 15.187264
4437.981837 14.928123
4438.422089 14.772881
4438.862342 14.609365
4439.302594 14.785427
4439.742847 15.080986
4440.183100 15.064426
4440.623352 14.936457
4441.063605 14.998561
4441.503858 14.704896
4441.944110 14.543445
4442.384363 14.303508
4442.824615 14.390650
4443.264868 14.267158
4443.705121 14.492409
4444.145373 14.449291
4444.585626 15.040036
4445.025879 15.089689
4445.466131 15.261321
4445.906384 16.073159
4446.346636 15.993882
4446.786889 15.678682
4447.227142 15.032989
4447.667394 15.024396
4448.107647 15.041229
4448.547900 16.047556
4448.988152 16.116577
4449.428405 17.151247
4449.868657 16.834159
4450.308910 16.499959
4450.749163 15.869089
4451.189415 15.439215
4451.629668 15.338785
4452.069921 15.755281
4452.510173 15.901119
4452.950426 16.283561
4453.390678 15.920698
4453.830931 16.338836
4454.271184 16.566629
4454.711436 16.339558
4455.151689 16.256349
4455.591942 16.412961
4456.032194 17.348570
4456.472447 17.252597
4456.912699 16.495148
4457.352952 15.732328
4457.793205 16.009502
4458.233457 16.038908
4458.673710 16.311059
4459.113962 16.090748
4459.554215 15.810399
4459.994468 15.767657
4460.434720 15.586654
4460.874973 15.768713
4461.315226 15.583676
4461.755478 15.853612
4462.195731 16.478193
4462.635983 16.721312
4463.076236 15.938471
4463.516489 15.407479
4463.956741 15.642686
4464.396994 15.568731
4464.837247 15.674736
4465.277499 15.858839
4465.717752 15.698213
4466.158004 15.841639
4466.598257 15.864257
4467.038510 15.998523
4467.478762 16.113898
4467.919015 16.088779
4468.359268 16.262714
4468.799520 15.893295
4469.239773 16.179450
4469.680025 16.322937
4470.120278 16.459152
4470.560531 16.301572
4471.000783 16.303426
4471.441036 16.397552
4471.881289 16.276139
4472.321541 16.767448
4472.761794 16.897728
4473.202046 17.107972
4473.642299 17.287952
4474.082552 17.351446
4474.522804 17.239254
4474.963057 16.960465
4475.403310 17.158811
4475.843562 17.041044
4476.283815 17.312384
4476.724067 17.182091
4477.164320 16.764259
4477.604573 15.650244
4478.044825 14.331415
4478.485078 14.137567
4478.925331 13.661216
4479.365583 16.922214
4479.805836 18.523838
4480.246088 20.280799
4480.686341 19.382937
4481.126594 18.304495
4481.566846 16.700758
4482.007099 15.734134
4482.447352 15.148412
4482.887604 14.807452
4483.327857 14.913007
4483.768109 15.400487
4484.208362 15.330669
4484.648615 15.535843
4485.088867 15.511582
4485.529120 15.567655
4485.969373 15.563757
4486.409625 15.514881
4486.849878 15.281799
4487.290130 15.386503
4487.730383 15.550331
4488.170636 15.671561
4488.610888 15.810290
4489.051141 15.762048
4489.491394 15.928228
4489.931646 16.271962
4490.371899 16.347184
4490.812151 16.265297
4491.252404 16.899404
4491.692657 17.027932
4492.132909 17.019972
4492.573162 17.148896
4493.013415 17.496500
4493.453667 17.623495
4493.893920 17.686730
4494.334172 17.465888
4494.774425 17.600679
4495.214678 17.771656
4495.654930 17.884156
4496.095183 18.379970
4496.535436 18.510378
4496.975688 18.443136
4497.415941 18.106633
4497.856193 17.723687
4498.296446 17.364374
4498.736699 16.815336
4499.176951 17.428781
4499.617204 18.107526
4500.057457 18.216509
4500.497709 17.657201
4500.937962 17.160767
4501.378214 16.541148
4501.818467 16.490820
4502.258720 16.593602
4502.698972 16.423599
4503.139225 16.537311
4503.579478 16.420273
4504.019730 16.488408
4504.459983 16.595231
4504.900235 16.637551
4505.340488 16.571426
4505.780741 16.254666
4506.220993 16.523743
4506.661246 16.019240
4507.101499 16.239291
4507.541751 16.636004
4507.982004 16.902600
4508.422256 17.714507
4508.862509 18.256014
4509.302762 18.477728
4509.743014 17.922966
4510.183267 18.157179
4510.623520 16.608554
4511.063772 15.313754
4511.504025 16.438189
4511.944277 17.228595
4512.384530 17.737023
4512.824783 17.893846
4513.265035 17.870499
4513.705288 18.384283
4514.145541 18.569511
4514.585793 18.444193
4515.026046 18.320967
4515.466298 18.453059
4515.906551 18.603237
4516.346804 18.575644
4516.787056 19.406237
4517.227309 19.857898
4517.667562 19.928472
4518.107814 19.002240
4518.548067 19.047497
4518.988319 18.189127
4519.428572 17.279543
4519.868825 17.948795
4520.309077 18.373645
4520.749330 18.612887
4521.189583 18.766610
4521.629835 19.028463
4522.070088 19.099556
4522.510340 18.876942
4522.950593 18.981189
4523.390846 18.551874
4523.831098 18.673839
4524.271351 19.306727
4524.711604 19.504289
4525.151856 21.427976
4525.592109 24.145667
4526.032361 22.358815
4526.472614 20.249587
4526.912867 17.663818
4527.353119 17.029391
4527.793372 15.210107
4528.233625 16.619675
4528.673877 18.143754
4529.114130 18.512791
4529.554382 18.814388
4529.994635 18.723356
4530.434888 18.508055
4530.875140 18.108943
4531.315393 17.951405
4531.755646 17.738618
4532.195898 17.616101
4532.636151 17.538255
4533.076403 17.467353
4533.516656 17.559204
4533.956909 17.398332
4534.397161 17.235124
4534.837414 17.111175
4535.277667 17.195461
4535.717919 17.137256
4536.158172 16.938051
4536.598424 17.689340
4537.038677 18.331557
4537.478930 18.129197
4537.919182 17.960196
4538.359435 17.675104
4538.799688 17.326456
4539.239940 16.695014
4539.680193 16.765602
4540.120445 16.879464
4540.560698 16.887301
4541.000951 17.266895
4541.441203 17.507438
4541.881456 17.140411
4542.321708 17.136827
4542.761961 17.405917
4543.202214 17.664684
4543.642466 18.708397
4544.082719 19.864365
4544.522972 21.000167
4544.963224 19.245836
4545.403477 17.162852
4545.843729 16.272193
4546.283982 14.919570
4546.724235 14.781910
4547.164487 15.757025
4547.604740 17.207749
4548.044993 17.530329
4548.485245 17.644757
4548.925498 17.766164
4549.365750 18.123357
4549.806003 17.969014
4550.246256 18.107090
4550.686508 18.102244
4551.126761 18.020480
4551.567014 18.191035
4552.007266 18.377073
4552.447519 18.646975
4552.887771 18.396673
4553.328024 18.561762
4553.768277 18.751651
4554.208529 18.898218
4554.648782 19.141883
4555.089035 19.132887
4555.529287 19.062306
4555.969540 18.915487
4556.409792 18.888541
4556.850045 18.544016
4557.290298 18.744836
4557.730550 18.573586
4558.170803 18.439197
4558.611056 18.463744
4559.051308 18.354700
4559.491561 17.925011
4559.931813 18.817360
4560.372066 18.739691
4560.812319 18.447396
4561.252571 18.500170
4561.692824 18.249152
4562.133077 18.321219
4562.573329 18.422010
4563.013582 18.480059
4563.453834 18.379206
4563.894087 18.454442
4564.334340 18.492033
4564.774592 18.026463
4565.214845 18.270312
4565.655098 18.246644
4566.095350 18.367921
4566.535603 18.397865
4566.975855 18.060326
4567.416108 18.031622
4567.856361 17.978071
4568.296613 18.109230
4568.736866 17.481187
4569.177119 17.418096
4569.617371 17.305705
4570.057624 17.138183
4570.497876 17.442295
4570.938129 17.666224
4571.378382 17.576697
4571.818634 17.496868
4572.258887 17.562904
4572.699140 17.540633
4573.139392 17.570114
4573.579645 17.156222
4574.019897 17.135096
4574.460150 17.396813
4574.900403 17.336461
4575.340655 17.435903
4575.780908 17.406653
4576.221161 17.288395
4576.661413 17.516590
4577.101666 17.699085
4577.541918 17.735565
4577.982171 17.820750
4578.422424 17.883979
4578.862676 17.912901
4579.302929 17.831225
4579.743182 17.827756
4580.183434 18.148912
4580.623687 17.974964
4581.063939 18.200657
4581.504192 18.253343
4581.944445 18.400285
4582.384697 18.332279
4582.824950 18.408551
4583.265203 18.688382
4583.705455 18.557244
4584.145708 18.405253
4584.585960 18.392856
4585.026213 19.009313
4585.466466 18.785868
4585.906718 19.100510
4586.346971 19.304798
4586.787224 19.248910
4587.227476 18.972173
4587.667729 18.796172
4588.107981 19.198773
4588.548234 19.335778
4588.988487 19.383809
4589.428739 19.342525
4589.868992 19.104878
4590.309245 19.291121
4590.749497 19.210365
4591.189750 18.758848
4591.630002 18.396114
4592.070255 18.191478
4592.510508 18.378307
4592.950760 18.511639
4593.391013 18.567480
4593.831266 18.446598
4594.271518 18.257977
4594.711771 17.837897
4595.152023 17.739729
4595.592276 17.954580
4596.032529 18.058800
4596.472781 17.884265
4596.913034 17.952679
4597.353287 17.766525
4597.793539 17.553152
4598.233792 17.322933
4598.674044 17.111087
4599.114297 17.098609
4599.554550 16.976276
4599.994802 16.707444
4600.435055 16.418161
4600.875308 16.448711
4601.315560 16.469333
4601.755813 16.211344
4602.196065 15.862662
4602.636318 15.650319
4603.076571 15.546617
4603.516823 15.311457
4603.957076 15.368205
4604.397329 15.438875
4604.837581 15.495220
4605.277834 15.471136
4605.718086 15.205303
4606.158339 15.307007
4606.598592 15.371714
4607.038844 15.359782
4607.479097 15.358010
4607.919350 15.133788
4608.359602 14.976528
4608.799855 15.112553
4609.240107 15.235745
4609.680360 15.334328
4610.120613 15.421033
4610.560865 15.353784
4611.001118 15.039034
4611.441371 14.965080
4611.881623 15.125828
4612.321876 15.213930
4612.762128 15.163746
4613.202381 15.125065
4613.642634 15.115728
4614.082886 15.209910
4614.523139 15.293623
4614.963392 15.438030
4615.403644 15.393379
4615.843897 15.290195
4616.284149 14.963989
4616.724402 14.842283
4617.164655 14.685378
4617.604907 14.936232
4618.045160 15.134980
4618.485413 15.259413
4618.925665 15.935493
4619.365918 16.016105
4619.806170 16.150671
4620.246423 16.285571
4620.686676 16.277236
4621.126928 16.420157
4621.567181 16.597166
4622.007434 16.999419
4622.447686 17.129875
4622.887939 17.069251
4623.328191 17.162266
4623.768444 17.386918
4624.208697 17.649064
4624.648949 17.790397
4625.089202 17.848480
4625.529454 17.986140
4625.969707 18.005910
4626.409960 18.106435
4626.850212 17.700291
4627.290465 17.968449
4627.730718 17.782621
4628.170970 17.452292
4628.611223 17.582688
4629.051475 17.671246
4629.491728 18.479596
4629.931981 18.576789
4630.372233 18.927242
4630.812486 18.515639
4631.252739 18.167231
4631.692991 18.069588
4632.133244 17.581570
4632.573496 17.765986
4633.013749 18.473197
4633.454002 18.024133
4633.894254 17.909671
4634.334507 18.288998
4634.774760 18.461318
4635.215012 18.556195
4635.655265 18.561701
4636.095517 18.281243
4636.535770 18.035098
4636.976023 18.001903
4637.416275 17.899673
4637.856528 17.964762
4638.296781 18.074113
4638.737033 17.852269
4639.177286 17.513108
4639.617538 17.345845
4640.057791 17.447692
4640.498044 17.354983
4640.938296 16.850651
4641.378549 16.856055
4641.818802 16.658445
4642.259054 16.607456
4642.699307 16.448078
4643.139559 16.643589
4643.579812 16.448575
4644.020065 16.064239
4644.460317 15.815006
4644.900570 15.762559
4645.340823 15.397911
4645.781075 14.785079
4646.221328 14.322658
4646.661580 14.866394
4647.101833 15.157299
4647.542086 15.497053
4647.982338 15.122107
4648.422591 15.102882
4648.862844 14.905661
4649.303096 14.766011
4649.743349 15.320378
4650.183601 15.748309
4650.623854 15.150954
4651.064107 15.030829
4651.504359 14.766672
4651.944612 15.191155
4652.384865 15.284321
4652.825117 14.939633
4653.265370 15.384029
4653.705622 15.102365
4654.145875 15.040758
4654.586128 14.396688
4655.026380 14.791519
4655.466633 14.930140
4655.906886 14.367895
4656.347138 14.987643
4656.787391 14.705509
4657.227643 14.975329
4657.667896 15.414920
4658.108149 15.419023
4658.548401 14.915815
4658.988654 14.884828
4659.428907 15.042735
4659.869159 14.620835
4660.309412 14.993981
4660.749664 14.932661
4661.189917 15.305147
4661.630170 15.093492
4662.070422 15.012654
4662.510675 15.211375
4662.950928 15.079099
4663.391180 15.223900
4663.831433 15.640042
4664.271685 15.970603
4664.711938 16.018238
4665.152191 15.926293
4665.592443 15.895217
4666.032696 15.678471
4666.472949 15.852658
4666.913201 15.649126
4667.353454 15.414293
4667.793706 15.313018
4668.233959 15.577700
4668.674212 15.541124
4669.114464 15.314231
4669.554717 15.018917
4669.994970 15.210134
4670.435222 15.427010
4670.875475 15.547428
4671.315727 15.622432
4671.755980 15.872680
4672.196233 15.725916
4672.636485 15.942853
4673.076738 15.954983
4673.516991 15.557896
4673.957243 15.488521
4674.397496 15.231935
4674.837748 15.184919
4675.278001 15.247677
4675.718254 15.160706
4676.158506 15.200839
4676.598759 14.982853
4677.039012 14.939340
4677.479264 14.714266
4677.919517 14.922657
4678.359769 14.918384
4678.800022 14.874054
4679.240275 14.706783
4679.680527 14.293770
4680.120780 14.047168
4680.561033 13.920439
4681.001285 14.079579
4681.441538 13.845708
4681.881790 13.648329
4682.322043 13.575792
4682.762296 13.594669
4683.202548 13.783938
4683.642801 13.582716
4684.083054 13.555341
4684.523306 13.447060
4684.963559 13.430636
4685.403811 13.394143
4685.844064 13.381889
4686.284317 13.582525
4686.724569 13.541302
4687.164822 13.817044
4687.605075 13.882078
4688.045327 13.706324
4688.485580 13.553739
4688.925832 13.738953
4689.366085 13.896376
4689.806338 13.829379
4690.246590 13.852229
4690.686843 13.968082
4691.127096 13.918381
4691.567348 13.787597
4692.007601 13.738326
4692.447853 13.790787
4692.888106 13.707141
4693.328359 13.558312
4693.768611 13.588577
4694.208864 13.613253
4694.649117 13.359659
4695.089369 13.338152
4695.529622 13.007489
4695.969874 12.890853
4696.410127 12.709687
4696.850380 12.707861
4697.290632 12.662828
4697.730885 12.590386
4698.171138 12.725061
4698.611390 12.933671
4699.051643 12.685270
4699.491895 12.497766
4699.932148 12.277653
4700.372401 12.625919
4700.812653 12.474159
4701.252906 12.726322
4701.693159 12.968760
4702.133411 13.460853
4702.573664 14.217927
4703.013916 14.905593
4703.454169 14.447928
4703.894422 14.132135
4704.334674 12.756791
4704.774927 11.723641
4705.215180 10.843715
4705.655432 11.833360
4706.095685 12.812884
4706.535937 13.350793
4706.976190 12.965639
4707.416443 13.382155
4707.856695 12.191732
4708.296948 10.900735
4708.737200 11.249594
4709.177453 11.267953
4709.617706 11.412536
4710.057958 11.976948
4710.498211 12.934570
4710.938464 12.802090
4711.378716 13.783127
4711.818969 15.527801
4712.259221 15.701219
4712.699474 14.292898
4713.139727 13.488992
4713.579979 12.552605
4714.020232 10.445095
4714.460485 10.571381
4714.900737 10.883166
4715.340990 11.451333
4715.781242 12.518013
4716.221495 13.229898
4716.661748 12.992973
4717.102000 12.771218
4717.542253 12.980611
4717.982506 13.266112
4718.422758 13.349362
4718.863011 13.816629
4719.303263 13.654729
4719.743516 13.467293
4720.183769 12.818207
4720.624021 12.295202
4721.064274 11.934785
4721.504527 11.438262
4721.944779 12.014648
4722.385032 12.847047
4722.825284 13.195640
4723.265537 12.943886
4723.705790 12.665943
4724.146042 12.763115
4724.586295 12.915454
4725.026548 12.998534
4725.466800 13.124697
4725.907053 13.091284
4726.347305 12.886669
4726.787558 12.650187
4727.227811 12.563795
4727.668063 12.644312
4728.108316 12.983269
4728.548569 13.065354
4728.988821 13.028015
4729.429074 12.930740
4729.869326 12.877250
4730.309579 12.774960
4730.749832 13.015292
4731.190084 12.931169
4731.630337 12.992946
4732.070590 12.959567
4732.510842 13.002896
4732.951095 13.168926
4733.391347 13.151902
4733.831600 13.379831
4734.271853 13.756835
4734.712105 13.604442
4735.152358 13.449118
4735.592611 13.495261
4736.032863 13.535264
4736.473116 13.324788
4736.913368 13.163385
4737.353621 13.272968
4737.793874 13.775378
4738.234126 15.303484
4738.674379 17.489099
4739.114632 18.585478
4739.554884 17.944474
4739.995137 15.063486
4740.435389 13.514793
4740.875642 12.690108
4741.315895 12.014471
4741.756147 12.383795
4742.196400 12.906909
4742.636653 13.477795
4743.076905 13.525281
4743.517158 13.187837
4743.957410 13.491424
4744.397663 13.190604
4744.837916 13.153817
4745.278168 12.676465
4745.718421 12.128422
4746.158674 12.198608
4746.598926 12.086722
4747.039179 12.391216
4747.479431 12.791084
4747.919684 12.777556
4748.359937 12.576655
4748.800189 12.280120
4749.240442 11.876341
4749.680695 11.907076
4750.120947 12.009510
4750.561200 12.286465
4751.001452 12.562807
4751.441705 12.294854
4751.881958 11.932577
4752.322210 12.084071
4752.762463 11.745346
4753.202716 11.621473
4753.642968 11.790297
4754.083221 11.912780
4754.523473 12.067893
4754.963726 11.997441
4755.403979 12.117927
4755.844231 12.093966
4756.284484 12.209328
4756.724737 12.279453
4757.164989 12.174886
4757.605242 11.903587
4758.045494 12.007336
4758.485747 11.995471
4758.926000 11.804349
4759.366252 11.637079
4759.806505 11.590601
4760.246758 12.700221
4760.687010 12.765950
4761.127263 12.141254
4761.567515 11.922573
4762.007768 11.677682
4762.448021 12.162408
4762.888273 11.394198
4763.328526 11.700845
4763.768779 12.141881
4764.209031 12.266252
4764.649284 12.345188
4765.089536 12.465191
4765.529789 12.383563
4765.970042 12.608446
4766.410294 12.293702
4766.850547 12.488839
4767.290800 12.286519
4767.731052 12.195051
4768.171305 12.245549
4768.611557 12.350974
4769.051810 13.294687
4769.492063 14.978362
4769.932315 15.242014
4770.372568 15.534637
4770.812821 15.035961
4771.253073 13.590546
4771.693326 12.148628
4772.133578 10.670571
4772.573831 10.372237
4773.014084 9.888738
4773.454336 11.567145
4773.894589 12.062257
4774.334842 12.417957
4774.775094 12.339955
4775.215347 12.590761
4775.655599 12.364815
4776.095852 12.198199
4776.536105 12.309383
4776.976357 12.092808
4777.416610 12.278171
4777.856863 12.326645
4778.297115 12.540570
4778.737368 13.483751
4779.177620 14.197463
4779.617873 14.819882
4780.058126 13.847221
4780.498378 12.519846
4780.938631 11.912385
4781.378884 11.338493
4781.819136 10.598981
4782.259389 11.514466
4782.699641 12.175315
4783.139894 12.497848
4783.580147 12.613073
4784.020399 12.575005
4784.460652 12.630839
4784.900905 12.513842
4785.341157 12.913301
4785.781410 12.537919
4786.221662 12.601249
4786.661915 12.496723
4787.102168 13.456866
4787.542420 13.980260
4787.982673 15.458106
4788.422926 15.324017
4788.863178 15.367462
4789.303431 14.278682
4789.743683 11.498444
4790.183936 10.156288
4790.624189 9.810626
4791.064441 10.836198
4791.504694 11.741925
4791.944947 12.343396
4792.385199 12.446927
4792.825452 12.357741
4793.265704 12.591334
4793.705957 12.492028
4794.146210 12.604520
4794.586462 12.512029
4795.026715 12.171471
4795.466967 12.417821
4795.907220 12.439867
4796.347473 12.347799
4796.787725 12.291917
4797.227978 12.170619
4797.668231 12.270600
4798.108483 12.359002
4798.548736 12.640067
4798.988988 12.651972
4799.429241 12.749288
4799.869494 12.834222
4800.309746 12.661758
4800.749999 13.056801
4801.190252 12.642581
4801.630504 12.853460
4802.070757 12.508274
4802.511009 12.283398
4802.951262 11.785574
4803.391515 12.035065
4803.831767 12.159150
4804.272020 12.765133
4804.712273 13.140317
4805.152525 13.134865
4805.592778 12.988734
4806.033030 12.814663
4806.473283 13.132902
4806.913536 12.693740
4807.353788 12.263690
4807.794041 12.619902
4808.234294 13.082193
4808.674546 13.419719
4809.114799 13.969649
4809.555051 14.376448
4809.995304 14.549463
4810.435557 14.020195
4810.875809 13.114645
4811.316062 11.943017
4811.756315 12.338224
4812.196567 13.263904
4812.636820 13.204663
4813.077072 13.501504
4813.517325 13.495656
4813.957578 13.673374
4814.397830 13.868319
4814.838083 13.839963
4815.278336 13.719817
4815.718588 13.577278
4816.158841 13.570627
4816.599093 13.504775
4817.039346 13.627190
4817.479599 13.671847
4817.919851 13.864741
4818.360104 14.045444
4818.800357 14.137649
4819.240609 13.979687
4819.680862 14.090272
4820.121114 14.069255
4820.561367 13.901767
4821.001620 13.909433
4821.441872 13.956585
4821.882125 14.063285
4822.322378 13.922347
4822.762630 13.913999
4823.202883 13.943753
4823.643135 14.004085
4824.083388 13.990925
4824.523641 14.036155
4824.963893 13.918402
4825.404146 13.518254
4825.844399 13.079345
4826.284651 12.969408
4826.724904 12.459255
4827.165156 11.803974
4827.605409 12.894758
4828.045662 13.977071
4828.485914 14.750378
4828.926167 16.043358
4829.366420 16.758003
4829.806672 16.868131
4830.246925 16.607661
4830.687177 17.204014
4831.127430 17.253476
4831.567683 16.862175
4832.007935 17.344066
4832.448188 17.128615
4832.888441 16.827596
4833.328693 14.527083
4833.768946 12.643174
4834.209198 13.240025
4834.649451 13.940993
4835.089704 13.715231
4835.529956 14.299283
4835.970209 14.543759
4836.410462 14.644400
4836.850714 14.702245
4837.290967 14.833648
4837.731219 14.950516
4838.171472 14.683742
4838.611725 14.730329
4839.051977 14.976924
4839.492230 15.005062
4839.932483 14.838419
4840.372735 14.369599
4840.812988 14.471590
4841.253240 14.470233
4841.693493 14.686352
4842.133746 15.121139
4842.573998 15.444108
4843.014251 15.470857
4843.454504 15.640976
4843.894756 15.651259
4844.335009 15.496303
4844.775261 15.265859
4845.215514 15.095563
4845.655767 15.178466
4846.096019 15.048316
4846.536272 15.776693
4846.976525 16.432260
4847.416777 16.841723
4847.857030 17.022426
4848.297282 16.971553
4848.737535 17.317468
4849.177788 17.627529
4849.618040 17.984872
4850.058293 18.169418
4850.498546 18.452466
4850.938798 18.879579
4851.379051 19.473595
4851.819303 19.820941
4852.259556 20.445984
4852.699809 20.742355
4853.140061 21.048873
4853.580314 20.890292
4854.020567 20.679461
4854.460819 20.757184
4854.901072 20.490056
4855.341324 20.898319
4855.781577 21.621947
4856.221830 22.363647
4856.662082 22.445445
4857.102335 22.293863
4857.542588 23.015984
4857.982840 23.000855
4858.423093 23.419061
4858.863345 25.174980
4859.303598 25.211597
4859.743851 25.934092
4860.184103 26.302973
4860.624356 25.671503
4861.064609 26.277881
4861.504861 27.097427
4861.945114 27.573880
4862.385366 27.928108
4862.825619 28.289472
4863.265872 28.828390
4863.706124 29.492135
4864.146377 30.010288
4864.586630 30.472212
4865.026882 30.964870
4865.467135 32.492771
4865.907387 33.757770
4866.347640 35.247998
4866.787893 36.306336
4867.228145 37.184286
4867.668398 36.898369
4868.108651 36.595034
4868.548903 35.836855
4868.989156 34.340738
4869.429408 32.351466
4869.869661 30.657752
4870.309914 29.313634
4870.750166 27.374702
4871.190419 25.893728
4871.630672 24.627755
4872.070924 23.851088
4872.511177 23.160384
4872.951429 22.522276
4873.391682 22.020915
4873.831935 21.184618
4874.272187 20.703831
4874.712440 20.396624
4875.152693 19.642399
4875.592945 19.263405
4876.033198 18.578861
4876.473450 18.298634
4876.913703 18.088131
4877.353956 17.906277
4877.794208 17.578510
4878.234461 17.757577
4878.674713 17.736914
4879.114966 17.453758
4879.555219 17.174956
4879.995471 16.937363
4880.435724 16.759557
4880.875977 16.466376
4881.316229 16.447090
4881.756482 17.106173
4882.196734 16.297429
4882.636987 16.272548
4883.077240 16.445079
4883.517492 16.346019
4883.957745 15.941803
4884.397998 15.921761
4884.838250 15.658687
4885.278503 15.631074
4885.718755 15.734414
4886.159008 15.168966
4886.599261 15.140596
4887.039513 15.397583
4887.479766 15.558155
4887.920019 15.497591
4888.360271 15.402790
4888.800524 14.999719
4889.240776 15.270391
4889.681029 14.636202
4890.121282 14.690741
4890.561534 14.567134
4891.001787 14.619056
4891.442040 14.450443
4891.882292 14.636093
4892.322545 14.547071
4892.762797 14.327408
4893.203050 14.156505
4893.643303 14.208182
4894.083555 14.146269
4894.523808 14.026649
4894.964061 14.117020
4895.404313 13.953484
4895.844566 14.025286
4896.284818 13.939016
4896.725071 13.750852
4897.165324 13.775378
4897.605576 13.721793
4898.045829 13.831267
4898.486082 13.926722
4898.926334 14.187629
4899.366587 14.203494
4899.806839 13.931302
4900.247092 13.896642
4900.687345 13.846069
4901.127597 13.681300
4901.567850 13.531864
4902.008103 13.441901
4902.448355 13.322512
4902.888608 13.191960
4903.328860 13.135697
4903.769113 13.206680
4904.209366 13.367074
4904.649618 13.599256
4905.089871 13.408202
4905.530124 13.343059
4905.970376 13.312071
4906.410629 13.147248
4906.850881 13.192144
4907.291134 13.366202
4907.731387 13.187673
4908.171639 13.263972
4908.611892 13.191858
4909.052145 13.290509
4909.492397 13.501149
4909.932650 13.643579
4910.372902 13.710249
4910.813155 13.666130
4911.253408 13.696190
4911.693660 13.674362
4912.133913 13.557215
4912.574166 13.633003
4913.014418 13.462543
4913.454671 13.140181
4913.894923 13.160257
4914.335176 13.283831
4914.775429 13.333988
4915.215681 13.341191
4915.655934 13.459865
4916.096187 13.406437
4916.536439 13.533172
4916.976692 13.569298
4917.416944 13.719858
4917.857197 13.846260
4918.297450 14.044020
4918.737702 14.225737
4919.177955 14.113108
4919.618208 14.114785
4920.058460 14.150563
4920.498713 14.156124
4920.938965 14.081801
4921.379218 14.142078
4921.819471 14.335477
4922.259723 14.610742
4922.699976 14.566323
4923.140229 14.831618
4923.580481 14.686278
4924.020734 14.657042
4924.460986 14.893217
4924.901239 14.989518
4925.341492 15.033930
4925.781744 15.108198
4926.221997 15.541097
4926.662250 15.860952
4927.102502 16.217368
4927.542755 16.143386
4927.983007 16.162686
4928.423260 16.298335
4928.863513 16.670875
4929.303765 16.682392
4929.744018 16.691552
4930.184271 16.414256
4930.624523 16.422188
4931.064776 16.314629
4931.505028 16.070358
4931.945281 16.097331
4932.385534 16.226384
4932.825786 15.883952
4933.266039 15.780591
4933.706292 15.661645
4934.146544 15.427487
4934.586797 15.362460
4935.027049 15.057918
4935.467302 14.880255
4935.907555 14.734677
4936.347807 14.466819
4936.788060 14.170980
4937.228313 13.894052
4937.668565 13.828084
4938.108818 13.597763
4938.549070 13.602779
4938.989323 13.525131
4939.429576 13.439175
4939.869828 13.648622
4940.310081 13.435836
4940.750334 13.327248
4941.190586 13.486661
4941.630839 13.464990
4942.071091 13.442099
4942.511344 13.322396
4942.951597 13.190604
4943.391849 13.071882
4943.832102 12.792821
4944.272355 12.764308
4944.712607 12.993668
4945.152860 13.007230
4945.593112 12.928437
4946.033365 12.737996
4946.473618 12.612419
4946.913870 12.542894
4947.354123 12.389035
4947.794376 12.492805
4948.234628 12.479107
4948.674881 12.700991
4949.115133 12.566725
4949.555386 12.670972
4949.995639 12.717892
4950.435891 13.061142
4950.876144 13.334717
4951.316397 13.082432
4951.756649 13.190011
4952.196902 13.253218
4952.637154 13.357315
4953.077407 13.481938
4953.517660 13.523454
4953.957912 13.365663
4954.398165 13.019769
4954.838418 13.135765
4955.278670 13.350936
4955.718923 13.460799
4956.159175 13.311138
4956.599428 13.296370
4957.039681 13.307247
4957.479933 13.093104
4957.920186 13.137257
4958.360439 12.934986
4958.800691 12.905539
4959.240944 13.024581
4959.681196 13.057837
4960.121449 12.820169
4960.561702 13.096961
4961.001954 13.295382
4961.442207 13.448566
4961.882459 13.957342
4962.322712 14.188971
4962.762965 14.189448
4963.203217 14.356746
4963.643470 14.989443
4964.083723 15.867092
4964.523975 17.031612
4964.964228 17.622466
4965.404480 18.132134
4965.844733 18.640542
4966.284986 18.458374
4966.725238 18.130771
4967.165491 17.080972
4967.605744 15.798105
4968.045996 14.674202
4968.486249 14.199487
4968.926501 13.366195
4969.366754 12.927019
4969.807007 13.085546
4970.247259 13.007939
4970.687512 12.919843
4971.127765 12.723037
4971.568017 12.503041
4972.008270 12.701005
4972.448522 12.715868
4972.888775 12.634063
4973.329028 12.463222
4973.769280 12.514156
4974.209533 12.589964
4974.649786 12.531302
4975.090038 12.696800
4975.530291 12.866599
4975.970543 12.940479
4976.410796 12.980679
4976.851049 13.104055
4977.291301 13.234130
4977.731554 13.220500
4978.171807 13.098494
4978.612059 13.219308
4979.052312 13.168033
4979.492564 13.011489
4979.932817 12.969080
4980.373070 12.885333
4980.813322 12.893027
4981.253575 13.037781
4981.693828 12.828606
4982.134080 12.750999
4982.574333 12.749159
4983.014585 12.953829
4983.454838 13.016491
4983.895091 13.050150
4984.335343 13.147118
4984.775596 13.104934
4985.215849 12.637607
4985.656101 12.679422
4986.096354 12.759933
4986.536606 12.822071
4986.976859 13.110039
4987.417112 13.495207
4987.857364 13.230791
4988.297617 13.162704
4988.737870 13.083897
4989.178122 13.125188
4989.618375 13.201787
4990.058627 13.258773
4990.498880 13.202877
4990.939133 13.280451
4991.379385 13.293712
4991.819638 13.662865
4992.259891 13.812540
4992.700143 13.871938
4993.140396 14.185646
4993.580648 13.850941
4994.020901 13.394081
4994.461154 13.135240
4994.901406 13.437567
4995.341659 13.355952
4995.781912 14.631207
4996.222164 15.865293
4996.662417 16.500716
4997.102669 16.600751
4997.542922 14.024120
4997.983175 13.197766
4998.423427 15.082983
4998.863680 18.275805
4999.303933 18.460310
4999.744185 16.912864
5000.184438 18.395576
5000.624690 18.638893
5001.064943 17.532551
5001.505196 17.066054
5001.945448 15.318831
5002.385701 14.679326
5002.825954 13.616450
5003.266206 14.113735
5003.706459 13.389059
5004.146711 14.814042
5004.586964 14.968855
5005.027217 16.538613
5005.467469 17.004060
5005.907722 16.009250
5006.347975 15.815967
5006.788227 15.122755
5007.228480 15.582675
5007.668732 15.644090
5008.108985 14.732107
5008.549238 15.172223
5008.989490 15.819524
5009.429743 15.841911
5009.869996 17.002465
5010.310248 17.762245
5010.750501 18.397504
5011.190753 18.675993
5011.631006 19.758987
5012.071259 22.342528
5012.511511 25.692656
5012.951764 28.739422
5013.392017 30.957755
5013.832269 33.821168
5014.272522 33.702515
5014.712774 30.794111
5015.153027 28.530581
5015.593280 25.279650
5016.033532 22.384684
5016.473785 19.007501
5016.914038 16.665914
5017.354290 13.784953
5017.794543 13.660528
5018.234795 14.691021
5018.675048 14.712303
5019.115301 15.540382
5019.555553 15.546583
5019.995806 15.926899
5020.436059 15.841802
5020.876311 15.788265
5021.316564 15.833188
5021.756816 15.697437
5022.197069 15.307232
5022.637322 15.513211
5023.077574 15.854430
5023.517827 15.771194
5023.958080 15.438105
5024.398332 15.230899
5024.838585 15.568800
5025.278837 15.929223
5025.719090 15.958138
5026.159343 16.038151
5026.599595 16.174305
5027.039848 16.070270
5027.480101 15.694363
5027.920353 15.123313
5028.360606 15.148106
5028.800858 15.269839
5029.241111 14.851783
5029.681364 14.545306
5030.121616 14.292250
5030.561869 13.311601
5031.002122 11.860776
5031.442374 10.774953
5031.882627 14.912687
5032.322879 15.773074
5032.763132 12.776391
5033.203385 14.549994
5033.643637 16.224585
5034.083890 15.055526
5034.524143 13.079563
5034.964395 14.400606
5035.404648 12.354170
5035.844900 11.143582
5036.285153 10.897437
5036.725406 11.042824
5037.165658 11.675508
5037.605911 12.493118
5038.046164 13.529847
5038.486416 14.230985
5038.926669 13.151929
5039.366921 13.242751
5039.807174 12.741226
5040.247427 12.990247
5040.687679 12.877618
5041.127932 12.707922
5041.568185 13.135594
5042.008437 13.109528
5042.448690 13.070799
5042.888942 12.947021
5043.329195 12.640864
5043.769448 12.558609
5044.209700 12.195439
5044.649953 12.304204
5045.090205 12.313976
5045.530458 12.146216
5045.970711 11.868592
5046.410963 11.649291
5046.851216 12.101544
5047.291469 12.811119
5047.731721 13.208254
5048.171974 12.721313
5048.612226 12.967942
5049.052479 13.124670
5049.492732 12.682285
5049.932984 12.359384
5050.373237 12.546165
5050.813490 12.507661
5051.253742 12.288693
5051.693995 12.202206
5052.134247 11.996269
5052.574500 12.034486
5053.014753 11.992595
5053.455005 12.026526
5053.895258 12.224109
5054.335511 12.455139
5054.775763 12.393499
5055.216016 12.183588
5055.656268 11.658777
5056.096521 11.817406
5056.536774 12.442184
5056.977026 13.606807
5057.417279 13.240768
5057.857532 12.756055
5058.297784 12.308518
5058.738037 11.464902
5059.178289 11.231010
5059.618542 11.546918
5060.058795 11.885752
5060.499047 12.025661
5060.939300 11.690057
5061.379553 11.712178
5061.819805 11.435353
5062.260058 11.105671
5062.700310 10.981102
5063.140563 11.233108
5063.580816 11.690316
5064.021068 12.257877
5064.461321 12.176317
5064.901574 11.996930
5065.341826 11.997223
5065.782079 12.688043
5066.222331 12.680302
5066.662584 11.535047
5067.102837 12.118302
5067.543089 12.133656
5067.983342 12.893599
5068.423595 10.827516
5068.863847 8.661855
5069.304100 4.288491
5069.744352 5.039964
5070.184605 7.103498
5070.624858 9.002815
5071.065110 11.321715
5071.505363 11.749898
5071.945616 12.064492
5072.385868 11.846690
5072.826121 11.919077
5073.266373 11.315200
5073.706626 11.918661
5074.146879 12.188379
5074.587131 12.157576
5075.027384 11.848216
5075.467637 11.277732
5075.907889 11.852550
5076.348142 13.137380
5076.788394 13.581169
5077.228647 14.295651
5077.668900 13.937211
5078.109152 13.929339
5078.549405 11.134252
5078.989658 9.483405
5079.429910 9.222798
5079.870163 8.444434
5080.310415 8.703255
5080.750668 9.706713
5081.190921 11.421294
5081.631173 11.660045
5082.071426 11.606964
5082.511679 11.197235
5082.951931 11.176211
5083.392184 11.063862
5083.832436 11.565155
5084.272689 11.748978
5084.712942 11.416598
5085.153194 11.570055
5085.593447 11.760932
5086.033700 12.257263
5086.473952 14.703683
5086.914205 16.413779
5087.354457 17.806330
5087.794710 15.905201
5088.234963 13.633180
5088.675215 11.183285
5089.115468 10.614307
5089.555721 6.704407
5089.995973 7.083265
5090.436226 7.567575
5090.876478 7.854603
5091.316731 9.542080
5091.756984 11.583698
5092.197236 11.961397
5092.637489 11.858963
5093.077742 11.774118
5093.517994 11.558947
5093.958247 11.506534
5094.398499 11.327303
5094.838752 11.487193
5095.279005 11.433008
5095.719257 11.343577
5096.159510 11.267462
5096.599763 10.963248
5097.040015 11.414765
5097.480268 11.645045
5097.920520 11.546509
5098.360773 11.432852
5098.801026 11.223936
5099.241278 11.469931
5099.681531 11.328537
5100.121784 11.000000
5100.562036 11.932209
5101.002289 13.091052
5101.442541 13.021977
5101.882794 12.852342
5102.323047 10.796420
5102.763299 10.528495
5103.203552 11.189650
5103.643805 9.534182
5104.084057 10.199883
5104.524310 10.808891
5104.964562 10.985641
5105.404815 11.319977
5105.845068 11.859406
5106.285320 11.951747
5106.725573 11.978196
5107.165826 11.583037
5107.606078 11.842137
5108.046331 11.677559
5108.486583 11.726374
5108.926836 11.367504
5109.367089 11.069791
5109.807341 10.767682
5110.247594 10.920096
5110.687847 11.510916
5111.128099 11.896670
5111.568352 10.763368
5112.008604 9.659071
5112.448857 9.693077
5112.889110 9.903805
5113.329362 10.185681
5113.769615 10.843225
5114.209868 11.715947
5114.650120 11.872388
5115.090373 11.461474
5115.530625 11.629453
5115.970878 12.051135
5116.411131 11.773982
5116.851383 11.548752
5117.291636 11.490287
5117.731889 11.307649
5118.172141 11.225074
5118.612394 11.251434
5119.052646 11.349015
5119.492899 11.390497
5119.933152 11.719245
5120.373404 11.675562
5120.813657 11.725985
5121.253910 11.679651
5121.694162 11.695325
5122.134415 11.885364
5122.574667 11.827165
5123.014920 11.745360
5123.455173 11.541146
5123.895425 11.287654
5124.335678 11.259720
5124.775931 11.751834
5125.216183 11.429935
5125.656436 11.110850
5126.096688 11.212010
5126.536941 10.891610
5126.977194 10.557424
5127.417446 10.641458
5127.857699 12.801769
5128.297951 13.211069
5128.738204 13.739124
5129.178457 14.314405
5129.618709 15.221583
5130.058962 14.253072
5130.499215 12.612651
5130.939467 11.652446
5131.379720 11.916508
5131.819972 12.048791
5132.260225 12.175151
5132.700478 12.693659
5133.140730 12.997941
5133.580983 12.001870
5134.021236 11.194427
5134.461488 10.523697
5134.901741 10.250388
5135.341993 9.874393
5135.782246 10.403524
5136.222499 12.396627
5136.662751 14.517488
5137.103004 15.622909
5137.543257 16.846439
5137.983509 14.987500
5138.423762 13.943453
5138.864014 12.859082
5139.304267 12.422939
5139.744520 12.564040
5140.184772 12.557641
5140.625025 12.634458
5141.065278 12.484613
5141.505530 12.435840
5141.945783 12.172637
5142.386035 12.446736
5142.826288 12.050051
5143.266541 12.255853
5143.706793 12.187697
5144.147046 12.119092
5144.587299 12.150325
5145.027551 12.149868
5145.467804 12.268801
5145.908056 12.274607
5146.348309 12.176671
5146.788562 12.299147
5147.228814 12.119760
5147.669067 12.121634
5148.109320 12.276577
5148.549572 12.310371
5148.989825 12.317404
5149.430077 12.223121
5149.870330 12.210807
5150.310583 12.361946
5150.750835 12.196584
5151.191088 11.923288
5151.631341 11.862105
5152.071593 12.057002
5152.511846 12.057043
5152.952098 12.163552
5153.392351 12.219114
5153.832604 12.210125
5154.272856 12.052757
5154.713109 12.057364
5155.153362 12.290022
5155.593614 12.292844
5156.033867 12.092433
5156.474119 11.495085
5156.914372 11.491234
5157.354625 12.428261
5157.794877 11.939664
5158.235130 12.362968
5158.675383 12.959090
5159.115635 12.804379
5159.555888 12.730316
5159.996140 13.200703
5160.436393 13.279285
5160.876646 13.085853
5161.316898 13.415098
5161.757151 13.619877
5162.197404 13.633194
5162.637656 13.447680
5163.077909 13.725432
5163.518161 14.135809
5163.958414 13.939943
5164.398667 14.099990
5164.838919 14.128394
5165.279172 14.440725
5165.719425 14.586808
5166.159677 14.184576
5166.599930 13.754348
5167.040182 14.028141
5167.480435 13.678083
5167.920688 13.714127
5168.360940 13.866295
5168.801193 13.330192
5169.241446 13.242996
5169.681698 13.558707
5170.121951 13.958970
5170.562203 14.099315
5171.002456 14.322678
5171.442709 14.423845
5171.882961 14.580797
5172.323214 14.665997
5172.763467 14.580320
5173.203719 14.410713
5173.643972 14.235564
5174.084224 14.235687
5174.524477 14.338175
5174.964730 14.241520
5175.404982 14.500403
5175.845235 14.966511
5176.285488 14.924593
5176.725740 14.922637
5177.165993 14.866114
5177.606245 14.923611
5178.046498 15.059349
5178.486751 14.887213
5178.927003 14.715241
5179.367256 14.564415
5179.807509 14.398044
5180.247761 14.473130
5180.688014 14.257556
5181.128266 14.248206
5181.568519 14.359485
5182.008772 14.048122
5182.449024 13.630911
5182.889277 13.455612
5183.329530 13.308930
5183.769782 12.852233
5184.210035 12.589194
5184.650287 12.550206
5185.090540 12.570508
5185.530793 12.665861
5185.971045 12.713524
5186.411298 12.973878
5186.851551 12.715541
5187.291803 12.758100
5187.732056 12.619643
5188.172308 12.631582
5188.612561 12.692916
5189.052814 12.510040
5189.493066 13.463783
5189.933319 14.425296
5190.373572 14.392415
5190.813824 13.386469
5191.254077 13.649065
5191.694329 13.469610
5192.134582 13.032683
5192.574835 12.134426
5193.015087 12.470956
5193.455340 13.272089
5193.895593 13.516817
5194.335845 13.149606
5194.776098 13.454093
5195.216350 13.521669
5195.656603 14.012412
5196.096856 14.532112
5196.537108 14.986758
5196.977361 14.951545
5197.417614 14.642833
5197.857866 14.509173
5198.298119 14.070373
5198.738371 14.208632
5199.178624 13.956088
5199.618877 13.572446
5200.059129 13.668651
5200.499382 13.961519
5200.939635 13.710304
5201.379887 14.095867
5201.820140 14.053458
5202.260392 14.599477
5202.700645 15.029016
5203.140898 15.231192
5203.581150 15.278283
5204.021403 14.695328
5204.461656 14.413800
5204.901908 14.183581
5205.342161 14.753479
5205.782413 14.917348
5206.222666 15.622582
5206.662919 16.073670
5207.103171 16.457237
5207.543424 15.652915
5207.983677 14.746964
5208.423929 14.224797
5208.864182 13.164067
5209.304434 12.757330
5209.744687 12.476722
5210.184940 13.016607
5210.625192 13.046517
5211.065445 12.902356
5211.505697 12.846686
5211.945950 12.659250
5212.386203 12.438109
5212.826455 12.295842
5213.266708 12.426190
5213.706961 12.538035
5214.147213 12.830937
5214.587466 12.462233
5215.027718 12.220477
5215.467971 12.127836
5215.908224 12.012168
5216.348476 12.034241
5216.788729 11.343591
5217.228982 12.045976
5217.669234 12.006198
5218.109487 13.065442
5218.549739 13.416713
5218.989992 12.696419
5219.430245 11.764980
5219.870497 11.730633
5220.310750 10.797170
5220.751003 11.402505
5221.191255 11.802870
5221.631508 11.968662
5222.071760 11.969193
5222.512013 11.929538
5222.952266 11.908371
5223.392518 12.036040
5223.832771 12.008794
5224.273024 11.993393
5224.713276 11.783305
5225.153529 11.796941
5225.593781 11.984922
5226.034034 12.091533
5226.474287 12.472258
5226.914539 12.580246
5227.354792 12.737226
5227.795045 12.958892
5228.235297 12.850039
5228.675550 12.671667
5229.115802 12.485206
5229.556055 12.740524
5229.996308 12.362498
5230.436560 12.304838
5230.876813 12.302262
5231.317066 12.490460
5231.757318 12.776609
5232.197571 13.000885
5232.637823 12.874797
5233.078076 13.175134
5233.518329 12.893190
5233.958581 13.207770
5234.398834 13.107510
5234.839087 13.199109
5235.279339 13.510751
5235.719592 13.659553
5236.159844 13.689450
5236.600097 13.679691
5237.040350 13.790760
5237.480602 13.632669
5237.920855 13.901896
5238.361108 14.022280
5238.801360 14.229083
5239.241613 14.100644
5239.681865 14.416294
5240.122118 14.440609
5240.562371 14.361332
5241.002623 14.422945
5241.442876 14.321445
5241.883129 14.142964
5242.323381 14.236450
5242.763634 14.373074
5243.203886 14.401533
5243.644139 14.233438
5244.084392 14.178599
5244.524644 14.150426
5244.964897 13.887265
5245.405150 13.630529
5245.845402 14.183567
5246.285655 14.298152
5246.725907 13.718284
5247.166160 13.693669
5247.606413 13.527836
5248.046665 13.312317
5248.486918 13.090003
5248.927171 13.027204
5249.367423 12.989532
5249.807676 13.106747
5250.247928 12.972590
5250.688181 12.733294
5251.128434 12.512029
5251.568686 12.114785
5252.008939 12.393894
5252.449192 12.316846
5252.889444 12.495592
5253.329697 11.881861
5253.769949 11.491670
5254.210202 11.867291
5254.650455 13.419562
5255.090707 14.503831
5255.530960 16.372154
5255.971213 15.981527
5256.411465 16.863347
5256.851718 16.009202
5257.291970 13.787877
5257.732223 11.907267
5258.172476 10.008488
5258.612728 8.498306
5259.052981 10.260447
5259.493234 11.165737
5259.933486 12.640244
5260.373739 12.975711
5260.813991 13.145060
5261.254244 13.156495
5261.694497 12.595273
5262.134749 12.381907
5262.575002 11.556282
5263.015255 11.934669
5263.455507 12.094252
5263.895760 12.267676
5264.336012 13.206496
5264.776265 13.358324
5265.216518 13.334853
5265.656770 13.843132
5266.097023 13.377514
5266.537276 13.744017
5266.977528 13.980130
5267.417781 14.041621
5267.858033 14.069487
5268.298286 13.246894
5268.738539 13.562537
5269.178791 13.444913
5269.619044 13.641883
5270.059297 13.765865
5270.499549 13.831138
5270.939802 13.792259
5271.380054 14.093563
5271.820307 14.089141
5272.260560 14.137506
5272.700812 13.787379
5273.141065 13.357342
5273.581318 13.373112
5274.021570 13.413517
5274.461823 14.127842
5274.902075 13.981493
5275.342328 14.279009
5275.782581 14.375609
5276.222833 13.918490
5276.663086 13.713234
5277.103339 13.330362
5277.543591 13.542304
5277.983844 13.460172
5278.424096 13.704784
5278.864349 13.988778
5279.304602 14.358000
5279.744854 14.501452
5280.185107 14.648278
5280.625360 14.797775
5281.065612 14.508199
5281.505865 14.980788
5281.946117 14.802961
5282.386370 14.833335
5282.826623 14.889741
5283.266875 14.750119
5283.707128 14.858277
5284.147381 14.487857
5284.587633 14.371813
5285.027886 14.262824
5285.468138 14.052477
5285.908391 13.433253
5286.348644 13.743683
5286.788896 14.515259
5287.229149 14.761472
5287.669402 14.627077
5288.109654 15.111735
5288.549907 14.799370
5288.990159 14.192311
5289.430412 13.850826
5289.870665 14.036176
5290.310917 13.467518
5290.751170 13.556520
5291.191423 13.287961
5291.631675 13.072857
5292.071928 13.107667
5292.512180 13.242615
5292.952433 13.230511
5293.392686 13.350882
5293.832938 13.063214
5294.273191 12.807698
5294.713444 12.554302
5295.153696 12.718730
5295.593949 12.847211
5296.034201 12.666420
5296.474454 12.480293
5296.914707 11.362952
5297.354959 10.389710
5297.795212 10.290643
5298.235464 9.510057
5298.675717 9.357746
5299.115970 10.216136
5299.556222 11.488951
5299.996475 12.598251
5300.436728 14.023200
5300.876980 13.719279
5301.317233 14.816386
5301.757485 12.299270
5302.197738 11.134873
5302.637991 10.264549
5303.078243 10.137432
5303.518496 10.880400
5303.958749 11.295866
5304.399001 11.662771
5304.839254 11.996432
5305.279506 11.677382
5305.719759 11.364437
5306.160012 11.227425
5306.600264 11.335127
5307.040517 11.645897
5307.480770 11.959407
5307.921022 12.059708
5308.361275 11.910429
5308.801527 11.621725
5309.241780 11.857028
5309.682033 12.040361
5310.122285 12.024939
5310.562538 12.127611
5311.002791 12.259390
5311.443043 13.268620
5311.883296 15.310204
5312.323548 16.561892
5312.763801 15.574769
5313.204054 13.475266
5313.644306 12.051428
5314.084559 11.796696
5314.524812 11.700198
5314.965064 11.713194
5315.405317 12.395680
5315.845569 12.701584
5316.285822 13.209317
5316.726075 13.460219
5317.166327 13.567199
5317.606580 13.617567
5318.046833 13.822401
5318.487085 13.958657
5318.927338 13.743383
5319.367590 13.488664
5319.807843 13.659996
5320.248096 13.662654
5320.688348 13.059452
5321.128601 13.167208
5321.568854 15.631905
5322.009106 15.470632
5322.449359 16.987909
5322.889611 17.585434
5323.329864 19.095392
5323.770117 18.158549
5324.210369 14.111773
5324.650622 13.102815
5325.090875 12.586727
5325.531127 12.412935
5325.971380 12.704201
5326.411632 13.440184
5326.851885 13.800116
5327.292138 13.996963
5327.732390 13.886937
5328.172643 13.244523
5328.612896 13.352702
5329.053148 13.273588
5329.493401 13.422806
5329.933653 13.485298
5330.373906 13.306286
5330.814159 12.995788
5331.254411 12.909948
5331.694664 13.008293
5332.134917 12.920995
5332.575169 12.893238
5333.015422 12.858278
5333.455674 12.430074
5333.895927 12.270327
5334.336180 11.986946
5334.776432 11.710611
5335.216685 12.214200
5335.656938 11.229060
5336.097190 11.778282
5336.537443 12.618832
5336.977695 11.960007
5337.417948 13.963720
5337.858201 14.674174
5338.298453 16.226691
5338.738706 14.521454
5339.178959 12.322338
5339.619211 14.258196
5340.059464 10.846877
5340.499716 12.919278
5340.939969 10.919680
5341.380222 9.993087
5341.820474 8.793327
5342.260727 8.406196
5342.700980 9.308495
5343.141232 9.640119
5343.581485 11.371027
5344.021737 12.157078
5344.461990 13.483001
5344.902243 17.737091
5345.342495 18.769015
5345.782748 16.858549
5346.223001 13.970378
5346.663253 11.314362
5347.103506 11.728534
5347.543758 12.730418
5347.984011 12.539820
5348.424264 11.704355
5348.864516 9.537944
5349.304769 8.558576
5349.745022 8.961374
5350.185274 8.618226
5350.625527 8.175357
5351.065779 9.957486
5351.506032 10.165270
5351.946285 10.580826
5352.386537 10.970110
5352.826790 10.664471
5353.267043 12.099806
5353.707295 12.962388
5354.147548 13.654279
5354.587800 12.407224
5355.028053 10.691649
5355.468306 10.298855
5355.908558 10.638718
5356.348811 10.931838
5356.789064 10.579361
5357.229316 10.850176
5357.669569 11.322914
5358.109821 10.927844
5358.550074 10.650733
5358.990327 10.718322
5359.430579 10.980435
5359.870832 11.180655
5360.311085 11.231916
5360.751337 11.357043
5361.191590 11.402696
5361.631842 11.644493
5362.072095 11.758281
5362.512348 11.503630
5362.952600 11.363524
5363.392853 11.294946
5363.833106 11.481339
5364.273358 11.970004
5364.713611 12.276972
5365.153863 12.780671
5365.594116 12.724278
5366.034369 12.375112
5366.474621 12.340432
5366.914874 11.936673
5367.355127 12.081836
5367.795379 12.112802
5368.235632 13.106072
5368.675884 13.852529
5369.116137 14.252049
5369.556390 13.373732
5369.996642 13.249559
5370.436895 12.562507
5370.877148 12.156308
5371.317400 12.382643
5371.757653 11.713010
5372.197905 11.395942
5372.638158 10.562317
5373.078411 11.058901
5373.518663 10.224314
5373.958916 9.128508
5374.399169 9.953629
5374.839421 11.566824
5375.279674 14.011779
5375.719926 15.647191
5376.160179 18.157669
5376.600432 14.354647
5377.040684 9.079441
5377.480937 4.027626
5377.921190 5.799805
5378.361442 7.976071
5378.801695 10.702484
5379.241947 10.108803
5379.682200 9.801617
5380.122453 9.283730
5380.562705 10.681624
5381.002958 11.952204
5381.443210 13.594615
5381.883463 15.510744
5382.323716 17.471095
5382.763968 17.463176
5383.204221 14.766175
5383.644474 13.010958
5384.084726 12.066134
5384.524979 10.062550
5384.965231 9.539763
5385.405484 10.171935
5385.845737 10.419703
5386.285989 11.315677
5386.726242 11.279306
5387.166495 11.037448
5387.606747 11.475683
5388.047000 11.439660
5388.487252 10.620659
5388.927505 10.984523
5389.367758 10.405575
5389.808010 10.522034
5390.248263 10.180474
5390.688516 10.209233
5391.128768 9.482212
5391.569021 9.960989
5392.009273 10.029226
5392.449526 10.417386
5392.889779 10.978595
5393.330031 10.920437
5393.770284 9.922887
5394.210537 9.732099
5394.650789 9.603877
5395.091042 8.942742
5395.531294 9.632847
5395.971547 10.271623
5396.411800 10.271078
5396.852052 10.475373
5397.292305 10.683130
5397.732558 10.077209
5398.172810 9.892159
5398.613063 9.299929
5399.053315 10.221472
5399.493568 10.576717
5399.933821 11.093322
5400.374073 12.533660
5400.814326 14.170973
5401.254579 15.208792
5401.694831 14.267458
5402.135084 12.930829
5402.575336 11.585088
5403.015589 10.567401
5403.455842 9.546258
5403.896094 9.485504
5404.336347 9.570280
5404.776600 11.037475
5405.216852 11.264804
5405.657105 11.797275
5406.097357 11.958671
5406.537610 11.937470
5406.977863 11.842887
5407.418115 12.659516
5407.858368 11.821822
5408.298621 11.370434
5408.738873 10.826515
5409.179126 10.201580
5409.619378 9.516204
5410.059631 9.085179
5410.499884 9.058199
5410.940136 8.385520
5411.380389 9.137115
5411.820642 11.899879
5412.260894 13.647696
5412.701147 15.829856
5413.141399 20.061212
5413.581652 21.011473
5414.021905 16.220523
5414.462157 12.516854
5414.902410 9.845089
5415.342663 8.226107
5415.782915 8.878472
5416.223168 9.064060
5416.663420 9.944878
5417.103673 10.676656
5417.543926 11.489156
5417.984178 11.649645
5418.424431 10.926952
5418.864684 11.077996
5419.304936 11.087032
5419.745189 11.694221
5420.185441 11.615489
5420.625694 11.471233
5421.065947 11.454652
5421.506199 11.684810
5421.946452 11.329477
5422.386705 11.039594
5422.826957 11.200329
5423.267210 13.218660
5423.707462 14.387801
5424.147715 16.216837
5424.587968 17.167030
5425.028220 16.295398
5425.468473 13.942744
5425.908726 11.228311
5426.348978 10.086300
5426.789231 9.766132
5427.229483 9.137252
5427.669736 9.418439
5428.109989 10.545055
5428.550241 11.477100
5428.990494 11.895157
5429.430747 11.772006
5429.870999 11.089240
5430.311252 12.001162
5430.751504 12.842870
5431.191757 12.147231
5431.632010 11.722966
5432.072262 11.021562
5432.512515 10.253407
5432.952768 9.559922
5433.393020 9.212549
5433.833273 10.761038
5434.273525 11.605533
5434.713778 18.269242
5435.154031 20.080511
5435.594283 19.956433
5436.034536 21.963684
5436.474789 20.313906
5436.915041 18.289019
5437.355294 10.824429
5437.795546 10.402086
5438.235799 9.831125
5438.676052 9.521622
5439.116304 10.431867
5439.556557 11.338977
5439.996810 11.785043
5440.437062 11.616566
5440.877315 11.682813
5441.317567 11.670771
5441.757820 11.327760
5442.198073 11.059425
5442.638325 11.150431
5443.078578 10.960317
5443.518831 10.306590
5443.959083 10.721723
5444.399336 10.682238
5444.839588 10.876985
5445.279841 10.370002
5445.720094 10.985232
5446.160346 10.815318
5446.600599 10.503232
5447.040852 10.337631
5447.481104 10.244343
5447.921357 9.190925
5448.361609 8.893805
5448.801862 8.453730
5449.242115 8.257149
5449.682367 7.889679
5450.122620 9.111342
5450.562873 12.026595
5451.003125 13.882883
5451.443378 13.530732
5451.883630 13.298121
5452.323883 11.447742
5452.764136 10.221629
5453.204388 9.668523
5453.644641 9.227821
5454.084894 9.447279
5454.525146 11.258494
5454.965399 11.203730
5455.405651 10.867254
5455.845904 10.450254
5456.286157 10.167710
5456.726409 11.451231
5457.166662 12.049022
5457.606915 10.398556
5458.047167 8.473343
5458.487420 6.558774
5458.927672 6.288062
5459.367925 6.103986
5459.808178 8.907080
5460.248430 8.767969
5460.688683 11.527230
5461.128936 14.226535
5461.569188 16.702033
5462.009441 15.108709
5462.449693 10.396103
5462.889946 10.136410
5463.330199 8.629812
5463.770451 5.823841
5464.210704 6.977546
5464.650956 8.189750
5465.091209 10.325883
5465.531462 11.654797
5465.971714 11.741373
5466.411967 11.486082
5466.852220 11.811375
5467.292472 10.863553
5467.732725 9.809883
5468.172977 8.122413
5468.613230 6.947472
5469.053483 8.447528
5469.493735 9.709773
5469.933988 10.003956
5470.374241 12.255580
5470.814493 14.351430
5471.254746 18.747017
5471.694998 16.140538
5472.135251 14.739093
5472.575504 11.913843
5473.015756 11.133210
5473.456009 8.782457
5473.896262 8.106043
5474.336514 8.628408
5474.776767 9.326268
5475.217019 9.093521
5475.657272 7.908304
5476.097525 7.597349
5476.537777 8.928881
5476.978030 10.388661
5477.418283 11.818183
5477.858535 11.852216
5478.298788 12.714062
5478.739040 11.597559
5479.179293 9.266093
5479.619546 7.438148
5480.059798 5.782039
5480.500051 7.341234
5480.940304 10.113348
5481.380556 13.651791
5481.820809 12.617578
5482.261061 14.480067
5482.701314 17.753781
5483.141567 18.379758
5483.581819 12.937841
5484.022072 12.114976
5484.462325 11.040228
5484.902577 8.436086
5485.342830 9.013330
5485.783082 9.468896
5486.223335 10.772970
5486.663588 10.096597
5487.103840 8.470596
5487.544093 7.495631
5487.984346 6.684399
5488.424598 5.051393
5488.864851 4.396725
5489.305103 6.032457
5489.745356 9.065859
5490.185609 10.980121
5490.625861 10.386398
5491.066114 11.143132
5491.506367 10.181524
5491.946619 11.075672
5492.386872 10.115072
5492.827124 9.897413
5493.267377 10.859866
5493.707630 12.248268
5494.147882 10.598585
5494.588135 10.937412
5495.028388 10.607227
5495.468640 9.515482
5495.908893 10.029014
5496.349145 9.674063
5496.789398 9.694194
5497.229651 9.265493
5497.669903 9.075823
5498.110156 9.433493
5498.550409 10.092617
5498.990661 10.506503
5499.430914 10.971173
5499.871166 11.129257
5500.311419 10.039100
5500.751672 10.466541
5501.191924 10.419014
5501.632177 11.694548
5502.072430 10.957196
5502.512682 10.831939
5502.952935 10.989750
5503.393187 10.861325
5503.833440 10.601986
5504.273693 10.574481
5504.713945 10.143143
5505.154198 10.362826
5505.594451 9.745912
5506.034703 9.510289
5506.474956 9.112009
5506.915208 8.510668
5507.355461 9.588353
5507.795714 10.128409
5508.235966 10.051640
5508.676219 10.662468
5509.116472 11.184410
5509.556724 10.928110
5509.996977 9.584455
5510.437229 9.952048
5510.877482 9.496176
5511.317735 9.025877
5511.757987 9.145266
5512.198240 8.561956
5512.638493 9.117086
5513.078745 9.785186
5513.518998 10.318543
5513.959250 10.780589
5514.399503 11.052113
5514.839756 10.725900
5515.280008 11.733945
5515.720261 11.551995
5516.160514 11.802318
5516.600766 11.850438
5517.041019 12.444910
5517.481271 10.336296
5517.921524 9.339012
5518.361777 9.292705
5518.802029 8.935573
5519.242282 8.195870
5519.682535 5.441433
5520.122787 2.749209
5520.563040 0.231064
5521.003292 9.633420
5521.443545 18.260533
5521.883798 26.386898
5522.324050 29.714374
5522.764303 31.622973
5523.204556 31.654212
5523.644808 23.206288
5524.085061 11.350930
5524.525313 4.927451
5524.965566 5.644195
5525.405819 5.027445
5525.846071 4.185540
5526.286324 6.362023
5526.726577 11.127976
5527.166829 14.663277
5527.607082 20.040747
5528.047334 20.604184
5528.487587 22.773737
5528.927840 18.506119
5529.368092 14.306207
5529.808345 11.655193
5530.248598 10.439984
5530.688850 7.634115
5531.129103 7.897523
5531.569355 10.769556
5532.009608 10.161952
5532.449861 9.206402
5532.890113 7.927835
5533.330366 7.442748
5533.770619 8.028497
5534.210871 8.379564
5534.651124 9.674002
5535.091376 10.666952
5535.531629 11.035349
5535.971882 12.429229
5536.412134 13.153926
5536.852387 11.266808
5537.292640 8.070293
5537.732892 10.970219
5538.173145 11.805773
5538.613397 11.699380
5539.053650 11.575609
5539.493903 12.030029
5539.934155 11.375689
5540.374408 11.409047
5540.814661 9.524948
5541.254913 10.912300
5541.695166 11.365725
5542.135418 11.417259
5542.575671 11.434426
5543.015924 10.096004
5543.456176 10.463999
5543.896429 8.858893
5544.336682 9.571895
5544.776934 8.526001
5545.217187 8.699343
5545.657439 11.184171
5546.097692 11.505852
