2056.698974 42.057103
2057.166564 47.454702
2057.634154 49.206635
2058.101744 46.666947
2058.569334 45.031027
2059.036923 47.400622
2059.504513 44.421199
2059.972103 47.161376
2060.439693 42.760862
2060.907283 50.646724
2061.374873 43.716124
2061.842463 47.692983
2062.310053 47.260944
2062.777643 45.972749
2063.245232 51.209240
2063.712822 48.705798
2064.180412 50.916546
2064.648002 52.146354
2065.115592 46.601547
2065.583182 52.759201
2066.050772 52.300348
2066.518362 49.229007
2066.985952 49.445673
2067.453541 49.221210
2067.921131 45.328374
2068.388721 46.778819
2068.856311 44.250146
2069.323901 44.834952
2069.791491 45.630638
2070.259081 44.623230
2070.726671 48.137289
2071.194261 46.867357
2071.661850 44.197433
2072.129440 43.967628
2072.597030 40.784004
2073.064620 47.534451
2073.532210 46.233038
2073.999800 45.573978
2074.467390 45.215030
2074.934980 47.446272
2075.402569 46.227844
2075.870159 46.553418
2076.337749 47.187446
2076.805339 45.506209
2077.272929 42.722608
2077.740519 44.464776
2078.208109 45.591927
2078.675699 44.253461
2079.143289 45.493740
2079.610878 43.768731
2080.078468 43.801972
2080.546058 45.148979
2081.013648 42.880702
2081.481238 45.564504
2081.948828 52.259929
2082.416418 49.531654
2082.884008 46.177605
2083.351598 46.386197
2083.819187 47.117716
2084.286777 42.260080
2084.754367 47.771513
2085.221957 42.620182
2085.689547 45.739929
2086.157137 45.102660
2086.624727 47.429707
2087.092317 50.715471
2087.559907 46.395892
2088.027496 44.061217
2088.495086 48.039184
2088.962676 48.417855
2089.430266 42.609213
2089.897856 43.853909
2090.365446 42.563771
2090.833036 45.770630
2091.300626 41.952631
2091.768216 43.833850
2092.235805 45.627240
2092.703395 44.306682
2093.170985 44.233822
2093.638575 44.175033
2094.106165 42.635897
2094.573755 42.626364
2095.041345 43.850761
2095.508935 46.545980
2095.976525 43.220550
2096.444114 44.163048
2096.911704 43.759923
2097.379294 42.870153
2097.846884 41.287131
2098.314474 42.581051
2098.782064 42.505513
2099.249654 39.361772
2099.717244 37.969106
2100.184834 44.199723
2100.652423 45.360608
2101.120013 43.195011
2101.587603 43.070674
2102.055193 43.109971
2102.522783 42.338407
2102.990373 43.428685
2103.457963 42.608599
2103.925553 39.919395
2104.393143 39.137701
2104.860732 40.552154
2105.328322 42.912815
2105.795912 40.849833
2106.263502 39.859128
2106.731092 39.956762
2107.198682 41.481037
2107.666272 44.109609
2108.133862 41.448752
2108.601451 43.590019
2109.069041 42.339847
2109.536631 41.934225
2110.004221 39.314590
2110.471811 40.629853
2110.939401 42.156274
2111.406991 43.665054
2111.874581 40.093929
2112.342171 48.674376
2112.809760 42.930710
2113.277350 42.859359
2113.744940 39.948558
2114.212530 39.954708
2114.680120 41.045613
2115.147710 41.324018
2115.615300 39.696676
2116.082890 40.019725
2116.550480 42.311145
2117.018069 41.152979
2117.485659 39.848699
2117.953249 39.173947
2118.420839 38.215346
2118.888429 39.572256
2119.356019 39.950987
2119.823609 39.952727
2120.291199 40.626035
2120.758789 39.700550
2121.226378 39.743019
2121.693968 41.837704
2122.161558 41.820299
2122.629148 40.724116
2123.096738 39.739630
2123.564328 39.899811
2124.031918 43.338530
2124.499508 42.396337
2124.967098 40.661929
2125.434687 41.278267
2125.902277 42.282088
2126.369867 40.593247
2126.837457 40.984036
2127.305047 42.956166
2127.772637 42.531717
2128.240227 40.752490
2128.707817 40.842954
2129.175407 39.588138
2129.642996 39.152313
2130.110586 42.405690
2130.578176 40.453089
2131.045766 38.948791
2131.513356 41.517896
2131.980946 38.987077
2132.448536 41.526146
2132.916126 43.829062
2133.383716 41.153136
2133.851305 40.420934
2134.318895 40.198275
2134.786485 40.259871
2135.254075 42.497396
2135.721665 41.106771
2136.189255 40.088061
2136.656845 41.286748
2137.124435 40.885631
2137.592024 41.040341
2138.059614 41.106364
2138.527204 41.472934
2138.994794 39.544727
2139.462384 40.314422
2139.929974 40.584498
2140.397564 40.044082
2140.865154 40.492718
2141.332744 40.856671
2141.800333 42.199232
2142.267923 44.046735
2142.735513 43.103328
2143.203103 42.414462
2143.670693 41.616869
2144.138283 41.206990
2144.605873 40.968450
2145.073463 40.501361
2145.541053 42.547663
2146.008642 41.867823
2146.476232 40.492437
2146.943822 41.389192
2147.411412 41.842057
2147.879002 40.748949
2148.346592 40.632863
2148.814182 42.234342
2149.281772 42.695254
2149.749362 41.856974
2150.216951 39.398332
2150.684541 40.291795
2151.152131 38.921774
2151.619721 39.930553
2152.087311 42.736065
2152.554901 40.802785
2153.022491 39.728504
2153.490081 39.729155
2153.957671 39.039920
2154.425260 41.519420
2154.892850 40.300507
2155.360440 40.816976
2155.828030 39.753143
2156.295620 40.415906
2156.763210 38.580420
2157.230800 37.654280
2157.698390 38.858202
2158.165980 40.104722
2158.633569 40.860452
2159.101159 38.846836
2159.568749 39.969029
2160.036339 38.488364
2160.503929 38.610983
2160.971519 38.928602
2161.439109 39.711851
2161.906699 40.642793
2162.374289 38.311120
2162.841878 40.034761
2163.309468 38.839966
2163.777058 40.815167
2164.244648 39.458164
2164.712238 38.714171
2165.179828 40.661634
2165.647418 41.307929
2166.115008 39.364071
2166.582598 39.597519
2167.050187 39.659540
2167.517777 40.641621
2167.985367 41.329226
2168.452957 39.588613
2168.920547 39.989287
2169.388137 40.351134
2169.855727 39.151496
2170.323317 39.610727
2170.790906 40.401377
2171.258496 39.335420
2171.726086 39.051914
2172.193676 38.258688
2172.661266 37.459211
2173.128856 38.619528
2173.596446 38.205407
2174.064036 39.293741
2174.531626 41.361229
2174.999215 39.745641
2175.466805 37.192482
2175.934395 39.388591
2176.401985 38.700104
2176.869575 37.663222
2177.337165 37.049166
2177.804755 38.430309
2178.272345 38.091411
2178.739935 38.202983
2179.207524 39.341921
2179.675114 40.365639
2180.142704 39.302946
2180.610294 38.108318
2181.077884 37.321195
2181.545474 39.262657
2182.013064 40.559457
2182.480654 39.028655
2182.948244 38.799016
2183.415833 38.863151
2183.883423 39.954675
2184.351013 39.345051
2184.818603 39.249984
2185.286193 39.246872
2185.753783 38.038707
2186.221373 38.388181
2186.688963 39.416914
2187.156553 40.347782
2187.624142 38.084869
2188.091732 39.624314
2188.559322 39.794966
2189.026912 38.523524
2189.494502 37.191415
2189.962092 37.052448
2190.429682 38.392729
2190.897272 39.973512
2191.364862 39.471229
2191.832451 39.469752
2192.300041 37.744532
2192.767631 35.333312
2193.235221 37.708448
2193.702811 37.648758
2194.170401 40.706074
2194.637991 38.444810
2195.105581 39.075080
2195.573171 38.854416
2196.040760 38.531636
2196.508350 36.639162
2196.975940 37.229244
2197.443530 39.117923
2197.911120 39.366283
2198.378710 38.258175
2198.846300 36.255280
2199.313890 36.744916
2199.781480 37.813583
2200.249069 38.475802
2200.716659 37.436404
2201.184249 37.305489
2201.651839 37.864090
2202.119429 38.218666
2202.587019 38.467011
2203.054609 37.193691
2203.522199 37.901268
2203.989788 37.533830
2204.457378 38.238762
2204.924968 36.982561
2205.392558 36.985474
2205.860148 37.485221
2206.327738 38.493701
2206.795328 38.965051
2207.262918 39.050344
2207.730508 39.424716
2208.198097 37.660609
2208.665687 37.508245
2209.133277 36.982796
2209.600867 36.960678
2210.068457 36.506838
2210.536047 37.565533
2211.003637 37.829109
2211.471227 35.874850
2211.938817 36.108469
2212.406406 35.356082
2212.873996 36.605534
2213.341586 36.627800
2213.809176 36.649956
2214.276766 36.084379
2214.744356 37.055966
2215.211946 37.584305
2215.679536 37.138549
2216.147126 36.687568
2216.614715 36.094859
2217.082305 35.950056
2217.549895 35.908275
2218.017485 36.146049
2218.485075 36.110061
2218.952665 36.799043
2219.420255 37.310858
2219.887845 36.184977
2220.355435 36.796379
2220.823024 38.709222
2221.290614 37.903867
2221.758204 38.012664
2222.225794 35.570601
2222.693384 36.526866
2223.160974 36.167627
2223.628564 35.692606
2224.096154 35.286393
2224.563744 35.631481
2225.031333 36.733139
2225.498923 36.662495
2225.966513 36.225280
2226.434103 35.627229
2226.901693 34.780856
2227.369283 35.219543
2227.836873 35.759198
2228.304463 36.681765
2228.772053 35.528017
2229.239642 35.167195
2229.707232 35.178543
2230.174822 37.147709
2230.642412 37.942052
2231.110002 37.134884
2231.577592 37.002860
2232.045182 38.086435
2232.512772 38.988324
2232.980362 35.896406
2233.447951 36.518098
2233.915541 37.159454
2234.383131 36.318745
2234.850721 36.935013
2235.318311 36.247279
2235.785901 36.321534
2236.253491 36.405714
2236.721081 36.433816
2237.188670 36.606250
2237.656260 36.579602
2238.123850 37.188336
2238.591440 37.308388
2239.059030 38.459606
2239.526620 36.546648
2239.994210 35.758274
2240.461800 36.589048
2240.929390 36.944117
2241.396979 36.705947
2241.864569 36.224320
2242.332159 34.970695
2242.799749 34.227541
2243.267339 35.049741
2243.734929 36.331593
2244.202519 36.676696
2244.670109 36.218295
2245.137699 36.079157
2245.605288 35.639995
2246.072878 36.327979
2246.540468 38.360569
2247.008058 38.299402
2247.475648 35.363690
2247.943238 36.220673
2248.410828 37.217005
2248.878418 35.894143
2249.346008 38.107256
2249.813597 37.941498
2250.281187 37.051668
2250.748777 37.591922
2251.216367 36.732728
2251.683957 37.004010
2252.151547 37.064442
2252.619137 38.026505
2253.086727 37.504011
2253.554317 38.818873
2254.021906 37.949942
2254.489496 36.139844
2254.957086 36.907350
2255.424676 36.890241
2255.892266 36.638031
2256.359856 38.359036
2256.827446 38.750896
2257.295036 37.404776
2257.762626 39.613073
2258.230215 37.325830
2258.697805 37.010238
2259.165395 36.915508
2259.632985 35.527181
2260.100575 36.217912
2260.568165 36.162124
2261.035755 36.721658
2261.503345 37.021595
2261.970935 36.302693
2262.438524 34.074239
2262.906114 35.443305
2263.373704 36.892757
2263.841294 37.607250
2264.308884 36.513454
2264.776474 36.900762
2265.244064 37.256940
2265.711654 38.069787
2266.179243 37.262249
2266.646833 36.578646
2267.114423 36.668423
2267.582013 36.908153
2268.049603 38.537785
2268.517193 37.763428
2268.984783 37.179342
2269.452373 36.462578
2269.919963 36.359774
2270.387552 37.122308
2270.855142 37.831510
2271.322732 36.560378
2271.790322 36.971153
2272.257912 37.383123
2272.725502 36.982293
2273.193092 36.104688
2273.660682 36.623414
2274.128272 35.999958
2274.595861 37.146786
2275.063451 36.291756
2275.531041 38.043111
2275.998631 39.461964
2276.466221 37.963944
2276.933811 36.541759
2277.401401 37.399365
2277.868991 37.023169
2278.336581 37.157145
2278.804170 37.589563
2279.271760 38.020504
2279.739350 36.645515
2280.206940 36.243927
2280.674530 38.442026
2281.142120 39.334806
2281.609710 39.943711
2282.077300 37.635481
2282.544890 38.356723
2283.012479 38.038633
2283.480069 37.708355
2283.947659 36.609744
2284.415249 39.734145
2284.882839 36.739709
2285.350429 38.157998
2285.818019 38.561631
2286.285609 39.498957
2286.753199 39.329349
2287.220788 37.570782
2287.688378 39.165092
2288.155968 37.281302
2288.623558 37.790565
2289.091148 37.827254
2289.558738 38.365684
2290.026328 37.544015
2290.493918 37.565076
2290.961508 38.433383
2291.429097 37.931937
2291.896687 38.076583
2292.364277 38.444782
2292.831867 38.679873
2293.299457 37.879842
2293.767047 38.639256
2294.234637 38.165200
2294.702227 39.135471
2295.169817 40.029554
2295.637406 38.923911
2296.104996 38.816199
2296.572586 36.816761
2297.040176 37.251418
2297.507766 37.514750
2297.975356 36.768254
2298.442946 37.706606
2298.910536 38.162753
2299.378125 38.281591
2299.845715 38.662551
2300.313305 39.778900
2300.780895 38.020956
2301.248485 36.350970
2301.716075 38.528266
2302.183665 37.788284
2302.651255 37.735474
2303.118845 37.709828
2303.586434 38.140219
2304.054024 37.560067
2304.521614 38.729401
2304.989204 38.608338
2305.456794 39.070805
2305.924384 38.240794
2306.391974 38.346022
2306.859564 38.561912
2307.327154 39.732511
2307.794743 39.617066
2308.262333 39.206218
2308.729923 38.540108
2309.197513 37.754319
2309.665103 38.763999
2310.132693 38.355107
2310.600283 38.426149
2311.067873 37.714098
2311.535463 37.393963
2312.003052 37.969429
2312.470642 38.935389
2312.938232 37.430929
2313.405822 38.611435
2313.873412 38.928270
2314.341002 38.430235
2314.808592 38.370144
2315.276182 38.985577
2315.743772 38.557028
2316.211361 38.729817
2316.678951 39.956984
2317.146541 38.526124
2317.614131 37.137031
2318.081721 39.458861
2318.549311 39.220585
2319.016901 39.203383
2319.484491 39.542400
2319.952081 38.265050
2320.419670 38.946413
2320.887260 38.857634
2321.354850 39.577949
2321.822440 39.126580
2322.290030 38.946667
2322.757620 39.634656
2323.225210 39.986734
2323.692800 37.940192
2324.160390 39.846428
2324.627979 40.256699
2325.095569 39.639360
2325.563159 39.633146
2326.030749 41.729401
2326.498339 41.653632
2326.965929 40.947583
2327.433519 41.198915
2327.901109 40.359051
2328.368699 39.187317
2328.836288 41.893607
2329.303878 41.191330
2329.771468 40.446441
2330.239058 39.107762
2330.706648 39.941084
2331.174238 39.977602
2331.641828 39.019362
2332.109418 39.868122
2332.577007 39.915073
2333.044597 39.435510
2333.512187 38.368357
2333.979777 38.824565
2334.447367 39.527138
2334.914957 39.988691
2335.382547 40.375755
2335.850137 39.856169
2336.317727 39.302933
2336.785316 38.567701
2337.252906 38.290991
2337.720496 38.355144
2338.188086 39.367871
2338.655676 39.817241
2339.123266 38.768158
2339.590856 39.570996
2340.058446 39.335554
2340.526036 39.506427
2340.993625 38.518972
2341.461215 37.480300
2341.928805 38.021404
2342.396395 39.204606
2342.863985 39.509271
2343.331575 39.434291
2343.799165 38.709743
2344.266755 38.789367
2344.734345 38.497200
2345.201934 39.431517
2345.669524 39.357294
2346.137114 39.362816
2346.604704 37.499275
2347.072294 37.157727
2347.539884 39.540757
2348.007474 38.915809
2348.475064 37.785057
2348.942654 39.647910
2349.410243 38.692781
2349.877833 39.475648
2350.345423 38.219284
2350.813013 38.999801
2351.280603 39.299682
2351.748193 37.947675
2352.215783 38.090211
2352.683373 38.650543
2353.150963 37.938747
2353.618552 38.742314
2354.086142 38.433877
2354.553732 38.059251
2355.021322 38.252926
2355.488912 38.180393
2355.956502 38.979303
2356.424092 38.137694
2356.891682 38.896858
2357.359272 39.064661
2357.826861 39.472153
2358.294451 38.554138
2358.762041 40.019383
2359.229631 38.493871
2359.697221 38.521114
2360.164811 37.946544
2360.632401 37.234872
2361.099991 37.550635
2361.567581 39.198965
2362.035170 39.014796
2362.502760 38.513363
2362.970350 39.888592
2363.437940 39.544764
2363.905530 39.236965
2364.373120 38.688072
2364.840710 39.266262
2365.308300 38.635701
2365.775889 38.620443
2366.243479 39.597898
2366.711069 39.075108
2367.178659 38.817155
2367.646249 38.382152
2368.113839 37.703203
2368.581429 36.023134
2369.049019 37.102941
2369.516609 39.330956
2369.984198 38.157716
2370.451788 37.958257
2370.919378 38.140357
2371.386968 37.168484
2371.854558 37.744864
2372.322148 38.613882
2372.789738 37.199859
2373.257328 38.016575
2373.724918 37.288403
2374.192507 37.426123
2374.660097 37.699330
2375.127687 37.966548
2375.595277 37.743082
2376.062867 38.853576
2376.530457 39.080385
2376.998047 39.064430
2377.465637 39.128431
2377.933227 38.238139
2378.400816 38.111443
2378.868406 39.248885
2379.335996 38.785291
2379.803586 38.946362
2380.271176 38.374382
2380.738766 37.833329
2381.206356 37.548327
2381.673946 39.014685
2382.141536 39.412348
2382.609125 37.947006
2383.076715 39.264319
2383.544305 39.125259
2384.011895 38.975766
2384.479485 38.781597
2384.947075 38.471942
2385.414665 37.212241
2385.882255 38.265405
2386.349845 38.575448
2386.817434 37.726937
2387.285024 38.538436
2387.752614 39.005816
2388.220204 37.802051
2388.687794 39.169159
2389.155384 38.908510
2389.622974 38.866244
2390.090564 38.692380
2390.558154 38.894434
2391.025743 38.820479
2391.493333 38.649768
2391.960923 39.159954
2392.428513 38.927009
2392.896103 37.742325
2393.363693 38.017129
2393.831283 37.756794
2394.298873 38.066712
2394.766462 38.318760
2395.234052 38.334152
2395.701642 38.976376
2396.169232 37.919721
2396.636822 38.102297
2397.104412 38.663188
2397.572002 38.205942
2398.039592 37.791474
2398.507182 37.323199
2398.974771 38.270890
2399.442361 39.565765
2399.909951 37.459857
2400.377541 36.588521
2400.845131 37.325858
2401.312721 38.579132
2401.780311 38.899669
2402.247901 38.589589
2402.715491 38.294361
2403.183080 38.826509
2403.650670 38.072608
2404.118260 37.127174
2404.585850 38.378874
2405.053440 38.366303
2405.521030 38.308271
2405.988620 37.005538
2406.456210 37.020348
2406.923800 37.392952
2407.391389 38.482380
2407.858979 38.339152
2408.326569 38.489176
2408.794159 38.507735
2409.261749 38.711391
2409.729339 36.989735
2410.196929 38.727097
2410.664519 38.221482
2411.132109 39.163638
2411.599698 39.432325
2412.067288 39.310601
2412.534878 38.223869
2413.002468 37.934153
2413.470058 38.073660
2413.937648 38.947235
2414.405238 39.107910
2414.872828 38.615341
2415.340418 39.249647
2415.808007 39.123316
2416.275597 39.036439
2416.743187 39.595321
2417.210777 40.284561
2417.678367 39.635182
2418.145957 40.207804
2418.613547 38.793965
2419.081137 38.668789
2419.548727 39.559150
2420.016316 39.092388
2420.483906 38.981306
2420.951496 39.228133
2421.419086 40.000464
2421.886676 41.211029
2422.354266 41.108733
2422.821856 41.178528
2423.289446 41.167489
2423.757036 41.105413
2424.224625 40.989908
2424.692215 41.515976
2425.159805 41.453018
2425.627395 40.617840
2426.094985 40.264617
2426.562575 40.075882
2427.030165 40.070457
2427.497755 39.172400
2427.965344 39.915083
2428.432934 39.806327
2428.900524 40.215832
2429.368114 40.196627
2429.835704 38.744807
2430.303294 38.026630
2430.770884 38.681623
2431.238474 39.563688
2431.706064 38.841513
2432.173653 37.605777
2432.641243 39.537576
2433.108833 39.475214
2433.576423 39.826313
2434.044013 38.656799
2434.511603 38.497606
2434.979193 39.078238
2435.446783 38.133991
2435.914373 38.919045
2436.381962 39.177137
2436.849552 39.800122
2437.317142 40.643735
2437.784732 39.263917
2438.252322 39.503657
2438.719912 39.422934
2439.187502 39.677646
2439.655092 38.884490
2440.122682 38.740186
2440.590271 39.189237
2441.057861 40.021031
2441.525451 38.203915
2441.993041 38.369202
2442.460631 37.659677
2442.928221 39.590109
2443.395811 40.305378
2443.863401 39.045880
2444.330991 40.100000
2444.798580 38.886230
2445.266170 38.342356
2445.733760 37.946009
2446.201350 38.504674
2446.668940 38.438568
2447.136530 38.531793
2447.604120 38.460419
2448.071710 39.604107
2448.539300 39.320845
2449.006889 39.330910
2449.474479 39.037302
2449.942069 39.643834
2450.409659 39.081262
2450.877249 39.129687
2451.344839 39.360960
2451.812429 39.751149
2452.280019 39.607902
2452.747609 39.437426
2453.215198 39.699622
2453.682788 38.805101
2454.150378 38.235720
2454.617968 38.799099
2455.085558 39.738619
2455.553148 39.920457
2456.020738 39.778138
2456.488328 39.359732
2456.955918 39.579943
2457.423507 39.973290
2457.891097 40.201567
2458.358687 38.921709
2458.826277 38.562595
2459.293867 39.556449
2459.761457 39.338412
2460.229047 39.343823
2460.696637 38.685007
2461.164226 40.222716
2461.631816 38.841319
2462.099406 38.793001
2462.566996 39.125255
2463.034586 38.798988
2463.502176 37.911531
2463.969766 38.351497
2464.437356 39.497235
2464.904946 39.012612
2465.372535 38.846587
2465.840125 38.086042
2466.307715 39.851257
2466.775305 39.096663
2467.242895 38.770093
2467.710485 39.375392
2468.178075 40.592974
2468.645665 38.674098
2469.113255 39.353965
2469.580844 38.800877
2470.048434 39.247445
2470.516024 39.718878
2470.983614 40.956774
2471.451204 39.834014
2471.918794 39.445159
2472.386384 39.589809
2472.853974 39.117923
2473.321564 39.361565
2473.789153 40.053399
2474.256743 39.568595
2474.724333 39.620395
2475.191923 39.498311
2475.659513 39.883477
2476.127103 39.155900
2476.594693 37.813237
2477.062283 38.941621
2477.529873 39.460422
2477.997462 39.647342
2478.465052 39.075995
2478.932642 38.990660
2479.400232 38.565162
2479.867822 38.604321
2480.335412 38.268314
2480.803002 39.088667
2481.270592 38.785065
2481.738182 39.838898
2482.205771 39.751518
2482.673361 39.575544
2483.140951 39.010719
2483.608541 39.520439
2484.076131 39.499557
2484.543721 39.686737
2485.011311 38.920121
2485.478901 38.362453
2485.946491 39.155609
2486.414080 40.219918
2486.881670 37.844714
2487.349260 37.292258
2487.816850 38.555606
2488.284440 38.229026
2488.752030 38.154697
2489.219620 37.847715
2489.687210 38.870833
2490.154800 38.450040
2490.622389 39.681857
2491.089979 38.264703
2491.557569 38.312218
2492.025159 38.672297
2492.492749 39.309774
2492.960339 39.230575
2493.427929 39.170757
2493.895519 39.651211
2494.363108 39.387344
2494.830698 39.139336
2495.298288 39.297296
2495.765878 38.958287
2496.233468 38.998854
2496.701058 39.358771
2497.168648 39.887775
2497.636238 39.723010
2498.103828 39.454258
2498.571417 39.185826
2499.039007 38.978892
2499.506597 38.820604
2499.974187 37.793806
2500.441777 38.601168
2500.909367 39.051960
2501.376957 40.145608
2501.844547 39.410501
2502.312137 39.008651
2502.779726 38.357499
2503.247316 38.909475
2503.714906 39.070145
2504.182496 38.148769
2504.650086 37.935178
2505.117676 38.270650
2505.585266 39.161907
2506.052856 38.234372
2506.520446 38.535228
2506.988035 38.062566
2507.455625 38.348723
2507.923215 38.746667
2508.390805 38.241689
2508.858395 38.610189
2509.325985 39.223766
2509.793575 38.414769
2510.261165 37.949665
2510.728755 37.369149
2511.196344 37.785579
2511.663934 39.169755
2512.131524 39.644074
2512.599114 38.738662
2513.066704 38.739576
2513.534294 38.827667
2514.001884 38.054150
2514.469474 37.367126
2514.937064 38.421846
2515.404653 37.482922
2515.872243 37.872386
2516.339833 38.131697
2516.807423 37.755598
2517.275013 38.111129
2517.742603 38.172642
2518.210193 37.603981
2518.677783 38.353662
2519.145373 38.080105
2519.612962 38.480298
2520.080552 38.114135
2520.548142 36.120994
2521.015732 36.890310
2521.483322 37.888757
2521.950912 38.087972
2522.418502 38.317532
2522.886092 38.138423
2523.353681 37.497529
2523.821271 37.132049
2524.288861 37.085905
2524.756451 37.511878
2525.224041 38.047913
2525.691631 36.293700
2526.159221 37.616986
2526.626811 37.398852
2527.094401 37.206249
2527.561990 37.309298
2528.029580 37.334242
2528.497170 37.373950
2528.964760 37.481339
2529.432350 37.954670
2529.899940 38.198657
2530.367530 38.162259
2530.835120 37.853786
2531.302710 37.127137
2531.770299 36.813414
2532.237889 37.084645
2532.705479 37.451266
2533.173069 36.703666
2533.640659 36.848871
2534.108249 37.081418
2534.575839 36.705116
2535.043429 36.954505
2535.511019 36.510878
2535.978608 36.896441
2536.446198 36.510250
2536.913788 36.302185
2537.381378 35.932674
2537.848968 37.021207
2538.316558 38.049418
2538.784148 36.763162
2539.251738 36.580945
2539.719328 37.220246
2540.186917 37.050809
2540.654507 37.311075
2541.122097 36.176505
2541.589687 35.548570
2542.057277 36.885910
2542.524867 37.235334
2542.992457 37.240274
2543.460047 36.669443
2543.927637 36.505786
2544.395226 36.699798
2544.862816 35.623310
2545.330406 35.238569
2545.797996 35.505358
2546.265586 36.337761
2546.733176 36.427634
2547.200766 36.718583
2547.668356 36.271230
2548.135946 36.600719
2548.603535 37.155340
2549.071125 37.540372
2549.538715 36.702614
2550.006305 35.801948
2550.473895 36.203259
2550.941485 35.791496
2551.409075 35.210042
2551.876665 35.884278
2552.344255 35.197730
2552.811844 36.156607
2553.279434 36.543366
2553.747024 36.588457
2554.214614 36.511141
2554.682204 36.906505
2555.149794 36.496756
2555.617384 36.015212
2556.084974 35.139047
2556.552563 35.566802
2557.020153 36.151875
2557.487743 36.465768
2557.955333 36.642029
2558.422923 36.421522
2558.890513 36.775585
2559.358103 36.039412
2559.825693 35.827991
2560.293283 35.339554
2560.760872 35.621371
2561.228462 35.423698
2561.696052 34.783188
2562.163642 35.572688
2562.631232 35.607438
2563.098822 35.428393
2563.566412 34.171370
2564.034002 34.777823
2564.501592 35.631375
2564.969181 36.122725
2565.436771 35.205010
2565.904361 36.225105
2566.371951 36.124022
2566.839541 35.584382
2567.307131 34.908572
2567.774721 35.047936
2568.242311 35.760555
2568.709901 35.579678
2569.177490 36.095034
2569.645080 35.346627
2570.112670 36.389390
2570.580260 36.345439
2571.047850 36.058692
2571.515440 35.713631
2571.983030 36.099286
2572.450620 36.591707
2572.918210 36.020161
2573.385799 35.010680
2573.853389 35.313133
2574.320979 35.530907
2574.788569 35.672621
2575.256159 35.530579
2575.723749 36.233789
2576.191339 35.610794
2576.658929 35.784506
2577.126519 35.127819
2577.594108 35.366968
2578.061698 35.359249
2578.529288 35.285008
2578.996878 35.295045
2579.464468 37.008566
2579.932058 37.159403
2580.399648 35.971561
2580.867238 36.458109
2581.334828 36.006084
2581.802417 35.936529
2582.270007 36.350134
2582.737597 35.475266
2583.205187 35.121217
2583.672777 35.516494
2584.140367 35.785956
2584.607957 34.513102
2585.075547 36.022303
2585.543137 35.313632
2586.010726 34.919971
2586.478316 34.539191
2586.945906 35.723423
2587.413496 34.575935
2587.881086 35.010486
2588.348676 34.941586
2588.816266 34.263768
2589.283856 35.455401
2589.751445 36.179201
2590.219035 36.429476
2590.686625 36.598554
2591.154215 35.946164
2591.621805 35.380117
2592.089395 35.253374
2592.556985 35.556991
2593.024575 35.674338
2593.492165 34.989083
2593.959754 35.523479
2594.427344 35.608463
2594.894934 35.690446
2595.362524 35.293821
2595.830114 34.815504
2596.297704 35.011926
2596.765294 35.173012
2597.232884 35.718515
2597.700474 35.229183
2598.168063 35.740440
2598.635653 36.191537
2599.103243 35.727716
2599.570833 35.381617
2600.038423 34.339293
2600.506013 34.339228
2600.973603 34.865425
2601.441193 34.292230
2601.908783 34.658606
2602.376372 34.209356
2602.843962 35.230697
2603.311552 34.444733
2603.779142 35.050540
2604.246732 35.381331
2604.714322 35.739438
2605.181912 36.191500
2605.649502 35.745504
2606.117092 35.390075
2606.584681 34.962334
2607.052271 35.819889
2607.519861 34.970450
2607.987451 33.329124
2608.455041 33.575544
2608.922631 34.440431
2609.390221 35.054889
2609.857811 35.051694
2610.325401 35.273208
2610.792990 35.293277
2611.260580 34.094096
2611.728170 33.792732
2612.195760 34.104839
2612.663350 34.921614
2613.130940 35.485728
2613.598530 34.910474
2614.066120 34.494524
2614.533710 34.455592
2615.001299 35.249155
2615.468889 35.163788
2615.936479 34.520960
2616.404069 35.590619
2616.871659 34.842854
2617.339249 34.823561
2617.806839 34.547293
2618.274429 34.387482
2618.742019 35.314024
2619.209608 34.973866
2619.677198 34.310134
2620.144788 33.888898
2620.612378 34.444692
2621.079968 34.964730
2621.547558 34.481168
2622.015148 34.625625
2622.482738 34.244794
2622.950327 34.027015
2623.417917 34.101612
2623.885507 33.846401
2624.353097 34.500032
2624.820687 35.312981
2625.288277 34.614198
2625.755867 33.876160
2626.223457 34.811382
2626.691047 34.929560
2627.158636 34.181157
2627.626226 34.505004
2628.093816 35.130017
2628.561406 34.737298
2629.028996 34.497941
2629.496586 34.568539
2629.964176 34.293657
2630.431766 33.658566
2630.899356 34.096459
2631.366945 34.771069
2631.834535 35.454187
2632.302125 34.835656
2632.769715 33.908380
2633.237305 33.827085
2633.704895 34.227643
2634.172485 34.051031
2634.640075 34.029157
2635.107665 34.030071
2635.575254 33.521238
2636.042844 34.909685
2636.510434 34.719103
2636.978024 33.056425
2637.445614 33.222695
2637.913204 34.696722
2638.380794 33.712831
2638.848384 33.010655
2639.315974 33.657985
2639.783563 34.452951
2640.251153 34.391600
2640.718743 34.261668
2641.186333 34.281736
2641.653923 33.438646
2642.121513 33.763056
2642.589103 34.099543
2643.056693 34.490009
2643.524283 34.142982
2643.991872 33.564404
2644.459462 33.754247
2644.927052 33.151063
2645.394642 33.065386
2645.862232 34.138273
2646.329822 33.126904
2646.797412 33.809338
2647.265002 34.323915
2647.732592 33.826517
2648.200181 33.382456
2648.667771 33.529931
2649.135361 34.446118
2649.602951 34.421036
2650.070541 33.378181
2650.538131 33.815995
2651.005721 34.406793
2651.473311 33.979099
2651.940900 33.435469
2652.408490 33.056416
2652.876080 33.130011
2653.343670 33.287615
2653.811260 34.315060
2654.278850 34.255666
2654.746440 33.824846
2655.214030 33.380286
2655.681620 33.610590
2656.149209 33.921510
2656.616799 33.447607
2657.084389 34.045016
2657.551979 34.644345
2658.019569 34.238469
2658.487159 33.530675
2658.954749 32.743594
2659.422339 33.955456
2659.889929 33.939995
2660.357518 33.890264
2660.825108 33.561417
2661.292698 33.885509
2661.760288 33.557909
2662.227878 33.280884
2662.695468 33.524682
2663.163058 33.591735
2663.630648 32.893244
2664.098238 33.946168
2664.565827 33.631517
2665.033417 33.641272
2665.501007 32.857030
2665.968597 32.896762
2666.436187 33.094287
2666.903777 33.453147
2667.371367 32.996510
2667.838957 32.134006
2668.306547 33.359119
2668.774136 32.589484
2669.241726 33.319230
2669.709316 33.319674
2670.176906 32.429280
2670.644496 32.635591
2671.112086 32.658850
2671.579676 32.837317
2672.047266 31.990962
2672.514856 32.867833
2672.982445 32.873360
2673.450035 32.900229
2673.917625 32.980287
2674.385215 33.247191
2674.852805 33.588799
2675.320395 32.816043
2675.787985 33.612012
2676.255575 33.510841
2676.723165 33.361127
2677.190754 32.568713
2677.658344 33.267667
2678.125934 33.146031
2678.593524 33.452154
2679.061114 32.717902
2679.528704 32.129463
2679.996294 32.745357
2680.463884 32.215952
2680.931474 32.934295
2681.399063 33.297578
2681.866653 32.042826
2682.334243 32.220638
2682.801833 32.954900
2683.269423 33.988480
2683.737013 32.839261
2684.204603 32.759327
2684.672193 33.387857
2685.139782 32.991611
2685.607372 33.475247
2686.074962 32.787341
2686.542552 32.862127
2687.010142 33.102763
2687.477732 33.407903
2687.945322 32.770818
2688.412912 32.364439
2688.880502 31.701920
2689.348091 33.526511
2689.815681 33.342221
2690.283271 32.655119
2690.750861 32.815711
2691.218451 32.952979
2691.686041 33.011159
2692.153631 33.638650
2692.621221 32.707773
2693.088811 33.563749
2693.556400 33.546515
2694.023990 33.994731
2694.491580 33.548052
2694.959170 33.602395
2695.426760 33.469434
2695.894350 33.275995
2696.361940 33.674434
2696.829530 33.627731
2697.297120 33.834125
2697.764709 33.185328
2698.232299 32.212660
2698.699889 32.107663
2699.167479 33.351266
2699.635069 33.792732
2700.102659 34.036064
2700.570249 33.497481
2701.037839 33.616633
2701.505429 33.532000
2701.973018 33.142808
2702.440608 33.460529
2702.908198 34.281533
2703.375788 33.489157
2703.843378 33.065668
2704.310968 33.918966
2704.778558 34.121810
2705.246148 33.853483
2705.713738 33.261032
2706.181327 32.532412
2706.648917 32.742855
2707.116507 33.002211
2707.584097 33.289139
2708.051687 32.947199
2708.519277 32.993564
2708.986867 33.935739
2709.454457 34.638399
2709.922047 32.952185
2710.389636 32.473734
2710.857226 32.716517
2711.324816 32.541018
2711.792406 32.762928
2712.259996 32.804857
2712.727586 33.282652
2713.195176 34.265827
2713.662766 33.652477
2714.130356 33.589450
2714.597945 33.982880
2715.065535 33.282117
2715.533125 34.007620
2716.000715 33.913477
2716.468305 33.660265
2716.935895 34.094876
2717.403485 34.726555
2717.871075 34.962112
2718.338664 35.383099
2718.806254 35.093143
2719.273844 34.038215
2719.741434 33.567050
2720.209024 33.662112
2720.676614 34.045436
2721.144204 35.229271
2721.611794 34.404425
2722.079384 34.846095
2722.546973 34.600182
2723.014563 34.143245
2723.482153 34.151417
2723.949743 34.718406
2724.417333 34.955136
2724.884923 35.556673
2725.352513 35.194008
2725.820103 34.160511
2726.287693 34.297572
2726.755282 35.293577
2727.222872 34.995643
2727.690462 34.954314
2728.158052 33.906524
2728.625642 34.528259
2729.093232 35.065600
2729.560822 35.053647
2730.028412 34.498582
2730.496002 35.694430
2730.963591 35.440817
2731.431181 34.462088
2731.898771 33.577890
2732.366361 34.822406
2732.833951 35.018953
2733.301541 35.987493
2733.769131 35.017037
2734.236721 35.278466
2734.704311 35.445858
2735.171900 36.101539
2735.639490 35.572425
2736.107080 35.928238
2736.574670 36.104461
2737.042260 35.750347
2737.509850 36.279411
2737.977440 35.864934
2738.445030 36.085985
2738.912620 36.235839
2739.380209 35.727772
2739.847799 35.893160
2740.315389 36.432620
2740.782979 36.524880
2741.250569 36.593761
2741.718159 36.052648
2742.185749 35.930754
2742.653339 34.919892
2743.120929 36.137531
2743.588518 36.291027
2744.056108 35.923432
2744.523698 36.431489
2744.991288 35.939766
2745.458878 36.194058
2745.926468 36.028171
2746.394058 35.877293
2746.861648 36.837440
2747.329238 36.932834
2747.796827 36.522429
2748.264417 36.106950
2748.732007 36.873893
2749.199597 36.893394
2749.667187 36.802671
2750.134777 36.908029
2750.602367 37.182556
2751.069957 37.004531
2751.537546 36.621942
2752.005136 36.761015
2752.472726 36.632736
2752.940316 36.690984
2753.407906 37.342464
2753.875496 37.388557
2754.343086 37.339242
2754.810676 37.427291
2755.278266 37.859030
2755.745855 37.606576
2756.213445 37.786807
2756.681035 37.277142
2757.148625 37.943363
2757.616215 37.408954
2758.083805 37.453302
2758.551395 39.222870
2759.018985 37.838315
2759.486575 38.268272
2759.954164 37.898360
2760.421754 39.061627
2760.889344 38.251758
2761.356934 38.219174
2761.824524 38.946316
2762.292114 38.657311
2762.759704 39.053978
2763.227294 39.800621
2763.694884 39.846525
2764.162473 39.040437
2764.630063 39.350665
2765.097653 39.645985
2765.565243 40.041511
2766.032833 40.603542
2766.500423 41.595544
2766.968013 41.374179
2767.435603 41.297255
2767.903193 41.633300
2768.370782 40.982882
2768.838372 40.582361
2769.305962 41.171349
2769.773552 41.790184
2770.241142 41.570305
2770.708732 41.699521
2771.176322 42.180968
2771.643912 42.454794
2772.111502 42.425658
2772.579091 43.712140
2773.046681 43.586478
2773.514271 44.635529
2773.981861 43.892223
2774.449451 43.308184
2774.917041 44.591338
2775.384631 44.756722
2775.852221 45.462138
2776.319811 44.597631
2776.787400 45.587569
2777.254990 45.571148
2777.722580 46.320829
2778.190170 46.920436
2778.657760 46.818582
2779.125350 47.025613
2779.592940 47.776458
2780.060530 47.497573
2780.528120 46.642982
2780.995709 46.350468
2781.463299 47.087310
2781.930889 48.037661
2782.398479 49.501092
2782.866069 49.734073
2783.333659 49.452981
2783.801249 49.191132
2784.268839 49.228841
2784.736428 50.104595
2785.204018 50.662157
2785.671608 50.129280
2786.139198 49.684185
2786.606788 49.777567
2787.074378 49.527121
2787.541968 49.925855
2788.009558 49.861101
2788.477148 50.606249
2788.944737 49.092741
2789.412327 49.657681
2789.879917 49.483105
2790.347507 49.972456
2790.815097 50.449665
2791.282687 50.807763
2791.750277 51.050901
2792.217867 50.863330
2792.685457 51.440333
2793.153046 51.761618
2793.620636 51.351402
2794.088226 51.335636
2794.555816 51.269409
2795.023406 51.068782
2795.490996 51.973916
2795.958586 52.732545
2796.426176 52.434408
2796.893766 52.648428
2797.361355 52.964907
2797.828945 52.965032
2798.296535 53.379865
2798.764125 52.057451
2799.231715 52.089961
2799.699305 51.898387
2800.166895 51.217194
2800.634485 51.712413
2801.102075 51.682917
2801.569664 51.836731
2802.037254 51.069728
2802.504844 51.086186
2802.972434 51.981164
2803.440024 51.875719
2803.907614 51.033025
2804.375204 50.805778
2804.842794 50.975908
2805.310384 51.258925
2805.777973 50.680910
2806.245563 50.835500
2806.713153 50.733185
2807.180743 49.557748
2807.648333 49.150159
2808.115923 49.341557
2808.583513 49.650945
2809.051103 48.663767
2809.518693 48.698148
2809.986282 47.875874
2810.453872 47.759565
2810.921462 48.322525
2811.389052 47.846590
2811.856642 47.978946
2812.324232 47.820242
2812.791822 47.791508
2813.259412 47.625095
2813.727001 47.138588
2814.194591 46.886517
2814.662181 46.399631
2815.129771 46.814759
2815.597361 47.824056
2816.064951 46.241043
2816.532541 46.106176
2817.000131 46.054497
2817.467721 46.592420
2817.935310 46.537421
2818.402900 44.794094
2818.870490 44.312568
2819.338080 44.817976
2819.805670 45.507285
2820.273260 45.981581
2820.740850 45.214019
2821.208440 44.923472
2821.676030 45.543743
2822.143619 45.725234
2822.611209 44.598780
2823.078799 43.912717
2823.546389 43.699518
2824.013979 44.512457
2824.481569 44.523200
2824.949159 44.691146
2825.416749 44.109236
2825.884339 44.192331
2826.351928 43.587739
2826.819518 43.361913
2827.287108 43.081302
2827.754698 43.583057
2828.222288 44.162614
2828.689878 43.572596
2829.157468 43.310927
2829.625058 43.874057
2830.092648 44.230678
2830.560237 43.257488
2831.027827 43.169388
2831.495417 42.980053
2831.963007 42.403899
2832.430597 42.819969
2832.898187 43.272890
2833.365777 42.944546
2833.833367 42.540096
2834.300957 42.357478
2834.768546 42.571979
2835.236136 42.256211
2835.703726 41.235659
2836.171316 41.502019
2836.638906 40.759794
2837.106496 41.213735
2837.574086 41.043023
2838.041676 40.523701
2838.509266 41.128044
2838.976855 41.467713
2839.444445 40.796367
2839.912035 40.444673
2840.379625 39.764888
2840.847215 39.203743
2841.314805 39.223701
2841.782395 39.532604
2842.249985 39.507812
2842.717575 39.275468
2843.185164 39.253788
2843.652754 38.729950
2844.120344 38.353288
2844.587934 38.452335
2845.055524 37.916730
2845.523114 38.926700
2845.990704 38.624136
2846.458294 38.033698
2846.925883 37.464691
2847.393473 37.883309
2847.861063 38.344798
2848.328653 38.129273
2848.796243 38.188306
2849.263833 36.790262
2849.731423 36.580613
2850.199013 37.410994
2850.666603 37.605024
2851.134192 37.491398
2851.601782 36.628017
2852.069372 36.828017
2852.536962 36.175180
2853.004552 36.003421
2853.472142 36.483127
2853.939732 36.552091
2854.407322 37.117054
2854.874912 36.935664
2855.342501 37.513609
2855.810091 36.794749
2856.277681 36.564986
2856.745271 36.303228
2857.212861 35.827400
2857.680451 36.124507
2858.148041 36.337854
2858.615631 35.322071
2859.083221 36.382035
2859.550810 36.375060
2860.018400 35.592581
2860.485990 35.531350
2860.953580 35.525916
2861.421170 35.738229
2861.888760 35.928639
2862.356350 35.896821
2862.823940 35.155865
2863.291530 35.644694
2863.759119 34.999069
2864.226709 34.799166
2864.694299 35.761270
2865.161889 34.759763
2865.629479 35.316725
2866.097069 35.057922
2866.564659 34.449336
2867.032249 34.033825
2867.499839 34.406193
2867.967428 34.137562
2868.435018 34.155858
2868.902608 34.452729
2869.370198 34.830647
2869.837788 33.560771
2870.305378 34.229526
2870.772968 34.665203
2871.240558 34.657374
2871.708148 34.101533
2872.175737 33.381186
2872.643327 33.767576
2873.110917 33.938582
2873.578507 33.628225
2874.046097 33.376154
2874.513687 33.544903
2874.981277 33.689480
2875.448867 33.687587
2875.916457 33.689027
2876.384046 34.045939
2876.851636 33.147374
2877.319226 32.144749
2877.786816 32.224733
2878.254406 32.099875
2878.721996 32.250489
2879.189586 32.890150
2879.657176 32.791418
2880.124765 32.674666
2880.592355 31.960501
2881.059945 32.005643
2881.527535 31.990704
2881.995125 31.410196
2882.462715 32.205901
2882.930305 31.709090
2883.397895 31.579061
2883.865485 31.653574
2884.333074 32.763034
2884.800664 32.023570
2885.268254 31.895097
2885.735844 31.526708
2886.203434 31.811576
2886.671024 31.574587
2887.138614 31.689123
2887.606204 32.083130
2888.073794 32.090581
2888.541383 31.423109
2889.008973 31.267554
2889.476563 31.577339
2889.944153 32.083698
2890.411743 31.798802
2890.879333 31.461049
2891.346923 31.128218
2891.814513 30.284739
2892.282103 30.794002
2892.749692 31.051018
2893.217282 31.006116
2893.684872 30.780484
2894.152462 30.800345
2894.620052 31.352192
2895.087642 30.828456
2895.555232 30.915555
2896.022822 30.673428
2896.490412 31.122443
2896.958001 30.563911
2897.425591 30.911709
2897.893181 31.201116
2898.360771 31.290841
2898.828361 31.073483
2899.295951 30.685556
2899.763541 30.619385
2900.231131 30.924617
2900.698721 31.451677
2901.166310 31.206577
2901.633900 31.515877
2902.101490 31.602144
2902.569080 31.388415
2903.036670 31.076839
2903.504260 30.867795
2903.971850 31.158974
2904.439440 30.098031
2904.907030 30.527425
2905.374619 30.621647
2905.842209 30.757221
2906.309799 29.630360
2906.777389 29.450743
2907.244979 29.986663
2907.712569 30.794431
2908.180159 30.819689
2908.647749 31.177192
2909.115339 29.637641
2909.582928 29.923585
2910.050518 29.908696
2910.518108 30.633041
2910.985698 30.735790
2911.453288 30.576473
2911.920878 30.522000
2912.388468 30.642685
2912.856058 31.133440
2913.323647 31.003221
2913.791237 29.752010
2914.258827 30.135422
2914.726417 30.056721
2915.194007 29.938894
2915.661597 30.018740
2916.129187 30.346751
2916.596777 29.715871
2917.064367 30.402317
2917.531956 30.172309
2917.999546 29.975056
2918.467136 29.510950
2918.934726 29.591414
2919.402316 30.081707
2919.869906 29.758852
2920.337496 29.941733
2920.805086 30.546783
2921.272676 30.539738
2921.740265 30.643650
2922.207855 29.827830
2922.675445 29.864930
2923.143035 30.759788
2923.610625 30.258817
2924.078215 30.308515
2924.545805 29.833804
2925.013395 30.076407
2925.480985 30.661194
2925.948574 29.404124
2926.416164 29.603768
2926.883754 30.369700
2927.351344 30.121632
2927.818934 30.167263
2928.286524 29.629714
2928.754114 29.300313
2929.221704 29.376553
2929.689294 28.957847
2930.156883 28.955963
2930.624473 29.212037
2931.092063 30.044311
2931.559653 29.835559
2932.027243 29.417817
2932.494833 30.068549
2932.962423 29.974923
2933.430013 29.705054
2933.897603 29.737454
2934.365192 29.629114
2934.832782 29.795306
2935.300372 29.437221
2935.767962 29.944868
2936.235552 30.154992
2936.703142 29.095074
2937.170732 29.380131
2937.638322 29.517819
2938.105912 28.969735
2938.573501 30.143473
2939.041091 30.214815
2939.508681 29.754425
2939.976271 30.021080
2940.443861 30.090714
2940.911451 29.806843
2941.379041 29.732306
2941.846631 30.103354
2942.314220 29.853402
2942.781810 29.076870
2943.249400 29.123549
2943.716990 29.257498
2944.184580 28.415783
2944.652170 29.032402
2945.119760 29.669302
2945.587350 30.046818
2946.054940 29.607679
2946.522529 29.297326
2946.990119 29.392841
2947.457709 29.132353
2947.925299 29.446067
2948.392889 28.978211
2948.860479 29.003423
2949.328069 28.947187
2949.795659 28.763614
2950.263249 28.621623
2950.730838 29.634322
2951.198428 29.865655
2951.666018 29.804451
2952.133608 29.793154
2952.601198 29.173553
2953.068788 28.575580
2953.536378 29.216654
2954.003968 29.873498
2954.471558 29.911808
2954.939147 29.038810
2955.406737 29.402402
2955.874327 29.240052
2956.341917 28.679239
2956.809507 29.216456
2957.277097 29.166900
2957.744687 29.033053
2958.212277 29.710603
2958.679867 29.302298
2959.147456 29.289764
2959.615046 29.094640
2960.082636 29.650965
2960.550226 29.276643
2961.017816 28.834226
2961.485406 28.696926
2961.952996 28.537844
2962.420586 29.562809
2962.888176 29.372689
2963.355765 29.235749
2963.823355 29.053454
2964.290945 29.341586
2964.758535 29.678794
2965.226125 29.833509
2965.693715 29.462964
2966.161305 29.203016
2966.628895 28.645353
2967.096485 29.250785
2967.564074 28.945414
2968.031664 28.847139
2968.499254 29.624479
2968.966844 29.017712
2969.434434 28.826858
2969.902024 28.221928
2970.369614 28.756361
2970.837204 29.066829
2971.304794 28.772104
2971.772383 28.479507
2972.239973 28.437541
2972.707563 28.893610
2973.175153 29.051935
2973.642743 29.544125
2974.110333 28.903329
2974.577923 28.808059
2975.045513 29.343096
2975.513102 30.171460
2975.980692 28.945945
2976.448282 27.929068
2976.915872 27.677888
2977.383462 28.405977
2977.851052 28.683020
2978.318642 29.633652
2978.786232 29.473291
2979.253822 28.898970
2979.721411 28.396471
2980.189001 28.307462
2980.656591 28.411993
2981.124181 28.381222
2981.591771 27.942083
2982.059361 28.426512
2982.526951 28.713213
2982.994541 28.477194
2983.462131 28.756836
2983.929720 28.210012
2984.397310 27.369368
2984.864900 27.739373
2985.332490 27.945776
2985.800080 27.818157
2986.267670 27.698423
2986.735260 27.394825
2987.202850 27.627423
2987.670440 27.680141
2988.138029 27.839772
2988.605619 27.400323
2989.073209 27.474033
2989.540799 27.484749
2990.008389 27.050064
2990.475979 27.832044
2990.943569 27.696295
2991.411159 27.372258
2991.878749 27.425489
2992.346338 27.244981
2992.813928 27.217267
2993.281518 27.857971
2993.749108 27.665635
2994.216698 27.529549
2994.684288 27.097902
2995.151878 27.039118
2995.619468 27.605014
2996.087058 27.879185
2996.554647 27.113474
2997.022237 26.285919
2997.489827 26.867848
2997.957417 27.176229
2998.425007 27.844320
2998.892597 27.600646
2999.360187 27.049256
2999.827777 26.213492
3000.295367 26.893775
3000.762956 26.278297
3001.230546 26.295715
3001.698136 26.937874
3002.165726 26.903457
3002.633316 26.423866
3003.100906 25.702849
3003.568496 25.599731
3004.036086 26.135022
3004.503676 27.112062
3004.971265 26.755695
3005.438855 27.025125
3005.906445 26.740769
3006.374035 26.802679
3006.841625 26.798653
3007.309215 27.073051
3007.776805 26.318582
3008.244395 25.946227
3008.711984 25.641877
3009.179574 26.380861
3009.647164 26.708877
3010.114754 26.196360
3010.582344 26.754642
3011.049934 26.492396
3011.517524 25.886884
3011.985114 26.390847
3012.452704 26.498176
3012.920293 26.234789
3013.387883 26.358793
3013.855473 25.858339
3014.323063 25.981956
3014.790653 26.161841
3015.258243 26.574647
3015.725833 26.580404
3016.193423 25.923606
3016.661013 26.682603
3017.128602 26.636709
3017.596192 26.223460
3018.063782 25.981527
3018.531372 25.585751
3018.998962 26.068348
3019.466552 25.273215
3019.934142 25.358680
3020.401732 25.427685
3020.869322 25.515758
3021.336911 25.654882
3021.804501 25.710204
3022.272091 26.009785
3022.739681 26.096104
3023.207271 26.009204
3023.674861 25.619809
3024.142451 25.330342
3024.610041 24.777817
3025.077631 24.829713
3025.545220 25.264194
3026.012810 25.779805
3026.480400 26.010801
3026.947990 25.829471
3027.415580 25.405511
3027.883170 25.943462
3028.350760 25.247085
3028.818350 24.787161
3029.285940 25.255917
3029.753529 25.311095
3030.221119 25.821147
3030.688709 25.369483
3031.156299 25.483916
3031.623889 26.564744
3032.091479 25.841729
3032.559069 25.848150
3033.026659 24.937633
3033.494249 25.706990
3033.961838 25.709133
3034.429428 26.151195
3034.897018 26.122543
3035.364608 25.739921
3035.832198 25.689738
3036.299788 25.725997
3036.767378 25.535817
3037.234968 24.761991
3037.702558 24.290516
3038.170147 24.832792
3038.637737 25.088141
3039.105327 24.719397
3039.572917 24.908991
3040.040507 25.478760
3040.508097 25.344239
3040.975687 25.174875
3041.443277 24.973578
3041.910866 25.362036
3042.378456 25.070399
3042.846046 24.750661
3043.313636 24.811251
3043.781226 24.894531
3044.248816 24.684523
3044.716406 24.841190
3045.183996 25.280879
3045.651586 25.391444
3046.119175 25.203411
3046.586765 25.313644
3047.054355 25.726694
3047.521945 25.717909
3047.989535 25.278409
3048.457125 25.109341
3048.924715 25.758466
3049.392305 25.430003
3049.859895 25.456110
3050.327484 25.756010
3050.795074 25.959168
3051.262664 25.386177
3051.730254 24.791196
3052.197844 24.855589
3052.665434 24.906336
3053.133024 24.862062
3053.600614 25.439827
3054.068204 25.882674
3054.535793 26.238256
3055.003383 25.050243
3055.470973 24.884388
3055.938563 24.657986
3056.406153 25.008291
3056.873743 25.017280
3057.341333 24.427742
3057.808923 25.054384
3058.276513 24.866323
3058.744102 25.359949
3059.211692 25.102204
3059.679282 24.112962
3060.146872 25.175845
3060.614462 25.009302
3061.082052 24.007614
3061.549642 25.007659
3062.017232 25.264665
3062.484822 25.114872
3062.952411 25.144710
3063.420001 25.006597
3063.887591 25.293584
3064.355181 24.807216
3064.822771 24.605827
3065.290361 24.793250
3065.757951 25.528121
3066.225541 24.945938
3066.693131 24.461440
3067.160720 25.192894
3067.628310 25.330065
3068.095900 25.276355
3068.563490 25.508662
3069.031080 25.512420
3069.498670 24.955019
3069.966260 24.819224
3070.433850 24.845553
3070.901439 25.106050
3071.369029 24.672981
3071.836619 24.371857
3072.304209 24.536350
3072.771799 25.029777
3073.239389 25.242496
3073.706979 25.149193
3074.174569 24.938935
3074.642159 24.824455
3075.109748 25.151127
3075.577338 24.990891
3076.044928 25.072994
3076.512518 24.697399
3076.980108 24.801916
3077.447698 24.410633
3077.915288 24.332597
3078.382878 24.498128
3078.850468 24.531322
3079.318057 24.557767
3079.785647 24.765781
3080.253237 24.344683
3080.720827 24.585730
3081.188417 24.587221
3081.656007 23.980210
3082.123597 24.472681
3082.591187 25.003730
3083.058777 25.247944
3083.526366 24.884347
3083.993956 24.812991
3084.461546 24.929798
3084.929136 24.946104
3085.396726 24.765426
3085.864316 24.900930
3086.331906 25.310214
3086.799496 24.656929
3087.267086 24.852358
3087.734675 24.982115
3088.202265 24.666250
3088.669855 24.684001
3089.137445 24.828162
3089.605035 24.402997
3090.072625 24.306577
3090.540215 24.612262
3091.007805 24.880764
3091.475395 25.060464
3091.942984 25.019399
3092.410574 24.840479
3092.878164 24.659477
3093.345754 24.797447
3093.813344 24.181617
3094.280934 24.443582
3094.748524 24.636186
3095.216114 24.730546
3095.683704 24.975651
3096.151293 25.353698
3096.618883 25.316991
3097.086473 25.266923
3097.554063 24.674084
3098.021653 24.519000
3098.489243 24.904420
3098.956833 24.656481
3099.424423 24.586381
3099.892013 24.836661
3100.359602 24.952586
3100.827192 24.308923
3101.294782 25.123459
3101.762372 25.168855
3102.229962 25.523565
3102.697552 25.069767
3103.165142 25.219417
3103.632732 24.954774
3104.100321 25.780336
3104.567911 25.768383
3105.035501 25.173015
3105.503091 25.092112
3105.970681 25.118519
3106.438271 25.442514
3106.905861 25.360545
3107.373451 24.944188
3107.841041 25.458959
3108.308630 25.368458
3108.776220 25.596130
3109.243810 25.451346
3109.711400 25.612464
3110.178990 25.598073
3110.646580 25.624490
3111.114170 25.907138
3111.581760 26.075638
3112.049350 25.792016
3112.516939 25.939395
3112.984529 26.290148
3113.452119 25.318191
3113.919709 25.502910
3114.387299 25.670528
3114.854889 26.001701
3115.322479 25.304586
3115.790069 25.185932
3116.257659 25.278220
3116.725248 25.174917
3117.192838 25.830256
3117.660428 25.851262
3118.128018 25.808257
3118.595608 26.314325
3119.063198 25.687286
3119.530788 25.792358
3119.998378 26.005681
3120.465968 25.659028
3120.933557 25.028231
3121.401147 24.951783
3121.868737 25.129345
3122.336327 24.952000
3122.803917 26.156670
3123.271507 26.259968
3123.739097 27.023380
3124.206687 25.721925
3124.674277 25.660546
3125.141866 25.732738
3125.609456 26.305743
3126.077046 25.423955
3126.544636 24.992955
3127.012226 26.160825
3127.479816 26.555367
3127.947406 26.160192
3128.414996 25.642454
3128.882586 25.949690
3129.350175 26.348660
3129.817765 26.467973
3130.285355 26.520451
3130.752945 26.664751
3131.220535 26.599249
3131.688125 26.356591
3132.155715 26.709043
3132.623305 26.954393
3133.090895 26.366291
3133.558484 26.774840
3134.026074 27.072427
3134.493664 26.656062
3134.961254 26.667608
3135.428844 26.423224
3135.896434 26.575773
3136.364024 27.011159
3136.831614 26.946872
3137.299203 26.978072
3137.766793 27.279075
3138.234383 27.218043
3138.701973 26.923350
3139.169563 26.931918
3139.637153 25.991078
3140.104743 26.449751
3140.572333 26.910026
3141.039923 26.512414
3141.507512 25.959639
3141.975102 25.876871
3142.442692 26.531679
3142.910282 26.365312
3143.377872 26.173636
3143.845462 26.284423
3144.313052 26.706356
3144.780642 26.574531
3145.248232 26.202546
3145.715821 26.210685
3146.183411 25.147004
3146.651001 25.559930
3147.118591 26.242379
3147.586181 26.320950
3148.053771 26.374121
3148.521361 26.300905
3148.988951 26.154302
3149.456541 25.268192
3149.924130 25.088146
3150.391720 25.245811
3150.859310 26.048081
3151.326900 26.312880
3151.794490 26.266723
3152.262080 26.206886
3152.729670 26.095333
3153.197260 26.147880
3153.664850 25.951079
3154.132439 25.337881
3154.600029 25.862222
3155.067619 26.295545
3155.535209 26.534274
3156.002799 26.759213
3156.470389 26.753723
3156.937979 26.080388
3157.405569 25.192982
3157.873159 25.721514
3158.340748 26.183401
3158.808338 26.536107
3159.275928 27.016298
3159.743518 25.657887
3160.211108 25.335707
3160.678698 24.512971
3161.146288 25.717018
3161.613878 25.828400
3162.081468 25.722535
3162.549057 25.222423
3163.016647 25.764408
3163.484237 25.694271
3163.951827 25.898574
3164.419417 25.760498
3164.887007 25.879078
3165.354597 26.060352
3165.822187 25.041374
3166.289777 25.002409
3166.757366 24.383754
3167.224956 25.885915
3167.692546 24.861970
3168.160136 25.597796
3168.627726 26.005995
3169.095316 26.481699
3169.562906 26.336098
3170.030496 26.211147
3170.498085 26.428256
3170.965675 26.312529
3171.433265 26.772315
3171.900855 26.881504
3172.368445 26.273537
3172.836035 26.461995
3173.303625 27.106753
3173.771215 26.947569
3174.238805 26.936434
3174.706394 26.698873
3175.173984 26.764116
3175.641574 26.894860
3176.109164 26.832323
3176.576754 26.263759
3177.044344 25.935669
3177.511934 24.858516
3177.979524 23.624332
3178.447114 27.873414
3178.914703 32.107954
3179.382293 32.204540
3179.849883 30.923708
3180.317473 28.930576
3180.785063 27.010342
3181.252653 27.933219
3181.720243 32.678554
3182.187833 30.286508
3182.655423 28.958069
3183.123012 26.375316
3183.590602 26.092895
3184.058192 25.322254
3184.525782 25.710319
3184.993372 26.308799
3185.460962 26.233261
3185.928552 26.051128
3186.396142 26.266219
3186.863732 25.402506
3187.331321 26.401858
3187.798911 26.025288
3188.266501 26.502197
3188.734091 26.129034
3189.201681 25.666271
3189.669271 25.870514
3190.136861 25.799070
3190.604451 26.038113
3191.072041 26.073740
3191.539630 25.988341
3192.007220 26.238519
3192.474810 26.065804
3192.942400 26.092964
3193.409990 26.309492
3193.877580 26.213681
3194.345170 25.971444
3194.812760 26.260010
3195.280350 26.666371
3195.747939 26.630393
3196.215529 26.230043
3196.683119 25.678330
3197.150709 26.013280
3197.618299 26.058436
3198.085889 26.390607
3198.553479 26.095610
3199.021069 25.978092
3199.488658 26.277636
3199.956248 27.036602
3200.423838 27.024326
3200.891428 26.059987
3201.359018 26.254142
3201.826608 26.299732
3202.294198 26.420625
3202.761788 26.441423
3203.229378 26.553812
3203.696967 27.062021
3204.164557 26.847825
3204.632147 27.110511
3205.099737 26.196452
3205.567327 26.489386
3206.034917 26.627909
3206.502507 26.904486
3206.970097 27.597013
3207.437687 26.977531
3207.905276 26.703725
3208.372866 25.895347
3208.840456 26.338337
3209.308046 26.636395
3209.775636 26.061003
3210.243226 26.043986
3210.710816 26.421682
3211.178406 25.996692
3211.645996 25.960913
3212.113585 25.678455
3212.581175 25.474762
3213.048765 25.951500
3213.516355 26.248690
3213.983945 25.886792
3214.451535 25.909104
3214.919125 25.964357
3215.386715 25.145587
3215.854305 25.335988
3216.321894 25.887208
3216.789484 26.087600
3217.257074 25.882526
3217.724664 25.578868
3218.192254 26.110946
3218.659844 26.163752
3219.127434 25.763919
3219.595024 25.929515
3220.062614 26.320530
3220.530203 26.003751
3220.997793 25.554270
3221.465383 25.499590
3221.932973 25.793960
3222.400563 26.186674
3222.868153 25.948420
3223.335743 25.507586
3223.803333 25.411610
3224.270923 25.116363
3224.738512 24.936640
3225.206102 25.447482
3225.673692 25.466355
3226.141282 25.593069
3226.608872 25.039782
3227.076462 24.680358
3227.544052 24.468522
3228.011642 25.122153
3228.479232 25.942252
3228.946821 25.676714
3229.414411 25.666234
3229.882001 24.815720
3230.349591 24.666439
3230.817181 25.412399
3231.284771 23.985579
3231.752361 25.180651
3232.219951 25.531662
3232.687540 25.666050
3233.155130 25.299983
3233.622720 25.558421
3234.090310 25.752751
3234.557900 25.403018
3235.025490 25.282832
3235.493080 25.114909
3235.960670 25.143685
3236.428260 25.986808
3236.895849 25.100570
3237.363439 24.964880
3237.831029 24.902975
3238.298619 25.132055
3238.766209 25.122822
3239.233799 25.591273
3239.701389 25.511764
3240.168979 24.825913
3240.636569 24.847058
3241.104158 24.519217
3241.571748 24.982276
3242.039338 24.699024
3242.506928 24.239483
3242.974518 25.816789
3243.442108 26.095660
3243.909698 25.692249
3244.377288 25.801476
3244.844878 25.510093
3245.312467 24.977479
3245.780057 25.520333
3246.247647 25.433077
3246.715237 24.810355
3247.182827 25.148311
3247.650417 25.558324
3248.118007 25.112522
3248.585597 24.112662
3249.053187 24.472086
3249.520776 25.379436
3249.988366 25.147840
3250.455956 25.003384
3250.923546 24.563459
3251.391136 24.896650
3251.858726 25.368472
3252.326316 24.970402
3252.793906 24.860949
3253.261496 25.192973
3253.729085 25.501843
3254.196675 25.086216
3254.664265 25.124225
3255.131855 25.325042
3255.599445 25.603812
3256.067035 25.059430
3256.534625 25.342572
3257.002215 25.595382
3257.469805 25.881497
3257.937394 25.533929
3258.404984 24.899153
3258.872574 24.393343
3259.340164 24.862944
3259.807754 24.823250
3260.275344 25.253428
3260.742934 25.196948
3261.210524 24.986500
3261.678114 25.776610
3262.145703 25.306926
3262.613293 24.504075
3263.080883 24.584668
3263.548473 25.297952
3264.016063 24.981597
3264.483653 25.159063
3264.951243 24.842880
3265.418833 25.317503
3265.886422 25.773512
3266.354012 25.206795
3266.821602 25.371149
3267.289192 24.933113
3267.756782 24.691831
3268.224372 24.832792
3268.691962 24.241574
3269.159552 24.327588
3269.627142 24.923284
3270.094731 24.931802
3270.562321 25.018623
3271.029911 24.808901
3271.497501 24.961067
3271.965091 24.868983
3272.432681 25.167447
3272.900271 24.574382
3273.367861 24.627880
3273.835451 24.429372
3274.303040 24.339231
3274.770630 23.843440
3275.238220 24.226270
3275.705810 24.487773
3276.173400 24.724688
3276.640990 24.528899
3277.108580 24.733861
3277.576170 24.815410
3278.043760 23.736204
3278.511349 23.950238
3278.978939 24.251851
3279.446529 24.384378
3279.914119 24.487552
3280.381709 24.487136
3280.849299 23.936379
3281.316889 23.673809
3281.784479 23.976548
3282.252069 23.558225
3282.719658 24.109625
3283.187248 24.395051
3283.654838 24.287847
3284.122428 24.289426
3284.590018 24.111697
3285.057608 24.590730
3285.525198 24.580278
3285.992788 23.940261
3286.460378 23.964153
3286.927967 23.811908
3287.395557 23.365737
3287.863147 23.505401
3288.330737 23.794697
3288.798327 24.132325
3289.265917 23.939458
3289.733507 24.330501
3290.201097 24.418421
3290.668687 24.595037
3291.136276 24.529586
3291.603866 23.996534
3292.071456 24.194839
3292.539046 24.094463
3293.006636 24.083531
3293.474226 23.881546
3293.941816 24.654980
3294.409406 25.088936
3294.876996 24.692579
3295.344585 23.957916
3295.812175 24.366479
3296.279765 24.421999
3296.747355 24.061472
3297.214945 23.938747
3297.682535 23.683730
3298.150125 23.116547
3298.617715 23.630943
3299.085304 23.860554
3299.552894 24.235706
3300.020484 24.703770
3300.488074 24.193330
3300.955664 24.550394
3301.423254 24.452049
3301.890844 24.632331
3302.358434 24.685875
3302.826024 24.302824
3303.293613 24.768131
3303.761203 24.636241
3304.228793 24.292806
3304.696383 24.064492
3305.163973 23.339247
3305.631563 23.833837
3306.099153 24.248573
3306.566743 23.206664
3307.034333 23.245038
3307.501922 23.173143
3307.969512 23.159279
3308.437102 23.207477
3308.904692 23.248021
3309.372282 23.403239
3309.839872 23.964970
3310.307462 24.209271
3310.775052 23.572228
3311.242642 23.113380
3311.710231 23.440998
3312.177821 23.395076
3312.645411 23.296385
3313.113001 23.249212
3313.580591 23.634382
3314.048181 23.229462
3314.515771 23.150761
3314.983361 23.692359
3315.450951 23.803801
3315.918540 23.599429
3316.386130 23.690609
3316.853720 23.464927
3317.321310 23.669077
3317.788900 23.966050
3318.256490 23.919311
3318.724080 23.821645
3319.191670 24.168811
3319.659260 23.593876
3320.126849 23.313758
3320.594439 23.254106
3321.062029 23.545830
3321.529619 23.894242
3321.997209 23.688444
3322.464799 23.606816
3322.932389 23.717584
3323.399979 23.615726
3323.867569 22.868395
3324.335158 23.120799
3324.802748 22.953896
3325.270338 23.377491
3325.737928 23.681662
3326.205518 22.909871
3326.673108 23.130678
3327.140698 22.775290
3327.608288 22.949852
3328.075877 23.112170
3328.543467 23.208636
3329.011057 23.477396
3329.478647 23.383511
3329.946237 23.895936
3330.413827 23.546624
3330.881417 23.391189
3331.349007 23.585566
3331.816597 23.816876
3332.284186 22.767677
3332.751776 22.266766
3333.219366 22.793277
3333.686956 22.989071
3334.154546 23.537118
3334.622136 22.965706
3335.089726 23.285254
3335.557316 23.313587
3336.024906 23.153079
3336.492495 23.252924
3336.960085 23.257776
3337.427675 23.313509
3337.895265 22.970687
3338.362855 23.210349
3338.830445 23.465970
3339.298035 23.058473
3339.765625 23.335632
3340.233215 23.343692
3340.700804 23.491777
3341.168394 23.511786
3341.635984 23.759056
3342.103574 23.750211
3342.571164 23.566623
3343.038754 23.993482
3343.506344 23.515484
3343.973934 23.767837
3344.441524 23.934791
3344.909113 24.225411
3345.376703 24.424432
3345.844293 24.347195
3346.311883 24.213435
3346.779473 24.232373
3347.247063 24.442876
3347.714653 24.914739
3348.182243 24.333705
3348.649833 23.516971
3349.117422 23.906929
3349.585012 24.241376
3350.052602 23.982772
3350.520192 23.549657
3350.987782 23.478140
3351.455372 23.375455
3351.922962 23.581632
3352.390552 23.766845
3352.858142 23.527280
3353.325731 22.994671
3353.793321 23.041064
3354.260911 22.686737
3354.728501 22.572100
3355.196091 22.588683
3355.663681 22.695528
3356.131271 21.683198
3356.598861 22.004631
3357.066451 22.645284
3357.534040 24.077889
3358.001630 23.781147
3358.469220 20.871358
3358.936810 20.428298
3359.404400 21.015117
3359.871990 21.379000
3360.339580 23.074008
3360.807170 23.810389
3361.274759 23.978169
3361.742349 23.004703
3362.209939 21.994488
3362.677529 21.233385
3363.145119 21.457585
3363.612709 21.044345
3364.080299 21.374914
3364.547889 22.003638
3365.015479 22.043725
3365.483068 22.579898
3365.950658 22.775812
3366.418248 22.804509
3366.885838 22.478709
3367.353428 22.074527
3367.821018 22.634564
3368.288608 22.380069
3368.756198 21.722315
3369.223788 21.906387
3369.691377 22.395775
3370.158967 21.923954
3370.626557 21.499297
3371.094147 21.742195
3371.561737 22.432722
3372.029327 22.498792
3372.496917 21.488609
3372.964507 21.599534
3373.432097 21.540251
3373.899686 22.235973
3374.367276 22.554612
3374.834866 22.068064
3375.302456 21.806852
3375.770046 22.069320
3376.237636 21.566045
3376.705226 21.195463
3377.172816 21.852201
3377.640406 22.099411
3378.107995 21.767176
3378.575585 22.083825
3379.043175 22.130089
3379.510765 22.213624
3379.978355 22.126119
3380.445945 22.388282
3380.913535 22.142573
3381.381125 21.687404
3381.848715 22.322988
3382.316304 22.531547
3382.783894 21.973408
3383.251484 22.124928
3383.719074 21.748035
3384.186664 21.762850
3384.654254 22.385323
3385.121844 23.097969
3385.589434 22.426458
3386.057024 22.783314
3386.524613 22.155790
3386.992203 22.158736
3387.459793 22.542720
3387.927383 21.544633
3388.394973 21.420610
3388.862563 21.665885
3389.330153 22.539470
3389.797743 22.775904
3390.265333 22.589916
3390.732922 22.695421
3391.200512 21.949720
3391.668102 22.241065
3392.135692 22.653857
3392.603282 22.544312
3393.070872 22.333657
3393.538462 21.684708
3394.006052 21.895584
3394.473641 22.700080
3394.941231 22.830127
3395.408821 22.686890
3395.876411 22.208347
3396.344001 21.632401
3396.811591 21.930256
3397.279181 22.116904
3397.746771 21.803500
3398.214361 22.311830
3398.681950 22.509470
3399.149540 22.345195
3399.617130 23.386300
3400.084720 23.238049
3400.552310 23.029310
3401.019900 22.607690
3401.487490 22.239061
3401.955080 21.865050
3402.422670 21.722643
3402.890259 21.906895
3403.357849 22.518925
3403.825439 23.365959
3404.293029 22.806342
3404.760619 22.343648
3405.228209 22.424158
3405.695799 22.910490
3406.163389 22.300930
3406.630979 22.196491
3407.098568 22.024833
3407.566158 22.901095
3408.033748 22.610784
3408.501338 22.556828
3408.968928 21.910358
3409.436518 22.941837
3409.904108 22.398559
3410.371698 22.495108
3410.839288 22.410687
3411.306877 22.346159
3411.774467 22.830986
3412.242057 23.009596
3412.709647 23.306030
3413.177237 23.384246
3413.644827 23.413571
3414.112417 23.275287
3414.580007 22.567225
3415.047597 22.564303
3415.515186 22.700181
3415.982776 22.728629
3416.450366 23.119820
3416.917956 22.525232
3417.385546 23.039859
3417.853136 23.253468
3418.320726 23.671459
3418.788316 22.857227
3419.255906 23.347792
3419.723495 23.766900
3420.191085 24.009299
3420.658675 24.079524
3421.126265 23.143517
3421.593855 23.002754
3422.061445 23.805980
3422.529035 24.032050
3422.996625 24.168381
3423.464215 24.119103
3423.931804 25.346482
3424.399394 25.571010
3424.866984 25.298723
3425.334574 25.706953
3425.802164 26.458602
3426.269754 26.516980
3426.737344 26.483606
3427.204934 26.648278
3427.672523 27.287736
3428.140113 26.760907
3428.607703 26.759176
3429.075293 26.403935
3429.542883 26.529440
3430.010473 26.447037
3430.478063 25.951019
3430.945653 25.452717
3431.413243 24.762549
3431.880832 24.435004
3432.348422 24.184143
3432.816012 23.786853
3433.283602 23.239475
3433.751192 23.734915
3434.218782 23.263501
3434.686372 23.607619
3435.153962 23.505775
3435.621552 23.396346
3436.089141 23.034028
3436.556731 23.013724
3437.024321 23.365696
3437.491911 22.767451
3437.959501 22.621222
3438.427091 22.346021
3438.894681 22.254490
3439.362271 21.941206
3439.829861 21.725215
3440.297450 22.563998
3440.765040 22.963767
3441.232630 22.926367
3441.700220 22.608443
3442.167810 22.756685
3442.635400 22.152651
3443.102990 22.259481
3443.570580 22.383661
3444.038170 22.309323
3444.505759 22.136899
3444.973349 22.098765
3445.440939 21.936594
3445.908529 22.181159
3446.376119 22.750623
3446.843709 22.529234
3447.311299 22.393014
3447.778889 22.753218
3448.246479 22.660127
3448.714068 22.511386
3449.181658 22.199986
3449.649248 22.163565
3450.116838 22.108331
3450.584428 22.106969
3451.052018 21.833190
3451.519608 22.011532
3451.987198 22.139733
3452.454788 22.688090
3452.922377 22.926390
3453.389967 22.845672
3453.857557 21.999631
3454.325147 21.897339
3454.792737 22.089291
3455.260327 22.551888
3455.727917 22.308270
3456.195507 22.028088
3456.663096 21.845881
3457.130686 21.940542
3457.598276 22.378901
3458.065866 23.219660
3458.533456 22.846401
3459.001046 22.245026
3459.468636 22.204469
3459.936226 21.458822
3460.403816 21.666329
3460.871405 21.983394
3461.338995 22.194206
3461.806585 22.194469
3462.274175 21.815577
3462.741765 21.848619
3463.209355 21.825207
3463.676945 22.274047
3464.144535 22.050114
3464.612125 21.727172
3465.079714 21.953007
3465.547304 22.563896
3466.014894 22.595553
3466.482484 22.661032
3466.950074 21.945112
3467.417664 21.598962
3467.885254 21.697644
3468.352844 22.320080
3468.820434 22.411947
3469.288023 22.351510
3469.755613 21.724093
3470.223203 23.011489
3470.690793 22.411333
3471.158383 22.152582
3471.625973 22.278770
3472.093563 22.239523
3472.561153 22.123076
3473.028743 21.575107
3473.496332 21.613348
3473.963922 21.817345
3474.431512 21.942384
3474.899102 21.941031
3475.366692 21.977757
3475.834282 21.548118
3476.301872 21.693419
3476.769462 21.818947
3477.237052 21.562795
3477.704641 21.765421
3478.172231 21.757799
3478.639821 21.794123
3479.107411 21.120894
3479.575001 21.204586
3480.042591 21.605901
3480.510181 21.795795
3480.977771 21.813112
3481.445361 21.493461
3481.912950 21.700774
3482.380540 21.726276
3482.848130 21.573676
3483.315720 21.512214
3483.783310 21.304620
3484.250900 21.281643
3484.718490 21.396543
3485.186080 21.965075
3485.653670 21.094418
3486.121259 21.638116
3486.588849 21.581072
3487.056439 21.126933
3487.524029 21.556844
3487.991619 21.878424
3488.459209 21.585574
3488.926799 21.695266
3489.394389 21.561433
3489.861978 21.441727
3490.329568 21.799322
3490.797158 21.474644
3491.264748 21.218611
3491.732338 21.358234
3492.199928 21.797447
3492.667518 22.516100
3493.135108 21.868170
3493.602698 21.388801
3494.070287 21.247946
3494.537877 21.012407
3495.005467 20.922044
3495.473057 21.101176
3495.940647 21.152893
3496.408237 21.279436
3496.875827 20.974758
3497.343417 21.087783
3497.811007 21.437682
3498.278596 21.385218
3498.746186 21.687695
3499.213776 21.434345
3499.681366 21.899684
3500.148956 21.628370
3500.616546 21.320262
3501.084136 21.453956
3501.551726 20.951171
3502.019316 21.350625
3502.486905 21.038754
3502.954495 20.970303
3503.422085 21.147777
3503.889675 21.400195
3504.357265 21.733534
3504.824855 21.803818
3505.292445 21.029059
3505.760035 20.699944
3506.227625 21.067608
3506.695214 20.686939
3507.162804 20.411794
3507.630394 20.204837
3508.097984 20.689852
3508.565574 20.842974
3509.033164 20.750848
3509.500754 19.917018
3509.968344 20.412777
3510.435934 20.838150
3510.903523 21.362306
3511.371113 20.948267
3511.838703 20.396092
3512.306293 20.407648
3512.773883 20.569260
3513.241473 20.531601
3513.709063 19.464592
3514.176653 20.237911
3514.644243 20.772039
3515.111832 21.244862
3515.579422 21.002813
3516.047012 20.484290
3516.514602 20.602786
3516.982192 20.879220
3517.449782 20.830758
3517.917372 20.997989
3518.384962 20.495854
3518.852552 20.675892
3519.320141 20.485499
3519.787731 20.960100
3520.255321 21.822964
3520.722911 21.525446
3521.190501 20.890097
3521.658091 20.093533
3522.125681 19.717476
3522.593271 20.123758
3523.060860 20.540179
3523.528450 20.840260
3523.996040 20.297715
3524.463630 19.673700
3524.931220 19.797271
3525.398810 20.183960
3525.866400 20.506108
3526.333990 20.627218
3526.801580 20.563904
3527.269169 20.256774
3527.736759 20.200723
3528.204349 19.062238
3528.671939 19.575910
3529.139529 20.141570
3529.607119 20.448519
3530.074709 20.272245
3530.542299 20.117313
3531.009889 20.311861
3531.477478 20.334053
3531.945068 20.376859
3532.412658 19.457584
3532.880248 20.197709
3533.347838 20.345489
3533.815428 19.981652
3534.283018 20.104170
3534.750608 20.200137
3535.218198 20.098662
3535.685787 20.027791
3536.153377 20.939015
3536.620967 20.910812
3537.088557 20.678560
3537.556147 20.581813
3538.023737 19.443295
3538.491327 19.717637
3538.958917 19.923551
3539.426507 19.708939
3539.894096 19.591740
3540.361686 19.991195
3540.829276 20.258436
3541.296866 20.544099
3541.764456 20.429171
3542.232046 20.523051
3542.699636 20.455980
3543.167226 20.386563
3543.634816 20.526098
3544.102405 20.402602
3544.569995 20.477088
3545.037585 20.941924
3545.505175 20.322211
3545.972765 20.093242
3546.440355 19.780734
3546.907945 20.216997
3547.375535 20.166800
3547.843125 19.555254
3548.310714 19.751441
3548.778304 19.859037
3549.245894 20.096298
3549.713484 19.635931
3550.181074 19.676138
3550.648664 19.824805
3551.116254 19.466480
3551.583844 19.749483
3552.051434 19.872430
3552.519023 19.933431
3552.986613 19.818978
3553.454203 19.410517
3553.921793 19.864203
3554.389383 20.744893
3554.856973 20.181250
3555.324563 20.169976
3555.792153 20.390515
3556.259742 20.860388
3556.727332 20.110328
3557.194922 19.488303
3557.662512 20.011734
3558.130102 19.819288
3558.597692 19.464606
3559.065282 19.748708
3559.532872 19.677371
3560.000462 19.667763
3560.468051 19.818964
3560.935641 19.761043
3561.403231 19.746879
3561.870821 19.718224
3562.338411 19.391380
3562.806001 19.903455
3563.273591 19.829218
3563.741181 19.919696
3564.208771 19.632422
3564.676360 19.668474
3565.143950 19.821919
3565.611540 19.505260
3566.079130 18.940833
3566.546720 18.806409
3567.014310 18.745533
3567.481900 19.165578
3567.949490 19.273558
3568.417080 19.146839
3568.884669 19.019372
3569.352259 18.953196
3569.819849 19.389982
3570.287439 19.389788
3570.755029 19.153330
3571.222619 19.687430
3571.690209 19.997035
3572.157799 19.643064
3572.625389 19.271942
3573.092978 18.715081
3573.560568 18.535206
3574.028158 19.292699
3574.495748 19.023412
3574.963338 19.014792
3575.430928 19.713427
3575.898518 19.477740
3576.366108 18.650161
3576.833698 18.451284
3577.301287 19.584418
3577.768877 19.730933
3578.236467 19.624006
3578.704057 19.439454
3579.171647 19.363593
3579.639237 19.363140
3580.106827 19.159960
3580.574417 19.642902
3581.042007 19.507739
3581.509596 19.360670
3581.977186 19.169752
3582.444776 19.409542
3582.912366 19.214755
3583.379956 19.113626
3583.847546 19.463544
3584.315136 18.955500
3584.782726 19.482625
3585.250315 20.255690
3585.717905 19.835571
3586.185495 19.147033
3586.653085 19.577013
3587.120675 19.491904
3587.588265 19.468899
3588.055855 19.713104
3588.523445 19.265086
3588.991035 19.394654
3589.458624 18.942061
3589.926214 18.821588
3590.393804 19.527891
3590.861394 20.687761
3591.328984 20.433229
3591.796574 20.161754
3592.264164 20.002418
3592.731754 20.673519
3593.199344 21.333230
3593.666933 20.325997
3594.134523 19.999048
3594.602113 18.591211
3595.069703 18.205666
3595.537293 18.042591
3596.004883 19.415106
3596.472473 19.919114
3596.940063 20.914459
3597.407653 21.209964
3597.875242 20.045016
3598.342832 19.550195
3598.810422 18.843735
3599.278012 18.576996
3599.745602 18.958718
3600.213192 18.878725
3600.680782 19.190942
3601.148372 19.323303
3601.615962 19.322726
3602.083551 19.488317
3602.551141 19.155749
3603.018731 19.406648
3603.486321 19.588568
3603.953911 19.245761
3604.421501 18.600906
3604.889091 18.696125
3605.356681 18.287174
3605.824271 18.689376
3606.291860 18.938977
3606.759450 18.862792
3607.227040 18.668951
3607.694630 18.783538
3608.162220 18.524906
3608.629810 19.012498
3609.097400 18.780601
3609.564990 18.313919
3610.032580 18.499270
3610.500169 18.746193
3610.967759 18.845955
3611.435349 18.595731
3611.902939 18.632632
3612.370529 19.010614
3612.838119 19.383486
3613.305709 19.657233
3613.773299 19.368200
3614.240889 19.221011
3614.708478 19.198527
3615.176068 18.658241
3615.643658 18.726180
3616.111248 18.754577
3616.578838 18.991847
3617.046428 18.806155
3617.514018 18.977651
3617.981608 18.668056
3618.449197 18.688378
3618.916787 19.119536
3619.384377 18.750473
3619.851967 18.408058
3620.319557 18.834981
3620.787147 18.641076
3621.254737 18.104990
3621.722327 18.169453
3622.189917 18.116098
3622.657506 18.538110
3623.125096 18.362417
3623.592686 19.464758
3624.060276 19.381579
3624.527866 19.562904
3624.995456 19.184723
3625.463046 18.824700
3625.930636 18.772915
3626.398226 18.913973
3626.865815 19.352102
3627.333405 19.901497
3627.800995 19.359982
3628.268585 19.067640
3628.736175 19.350472
3629.203765 18.931286
3629.671355 18.685890
3630.138945 19.624611
3630.606535 19.450446
3631.074124 18.397656
3631.541714 17.803950
3632.009304 17.957519
3632.476894 18.415269
3632.944484 19.172415
3633.412074 19.117611
3633.879664 18.249003
3634.347254 18.214664
3634.814844 18.211050
3635.282433 18.371078
3635.750023 18.339629
3636.217613 18.814710
3636.685203 19.032691
3637.152793 19.414441
3637.620383 18.839367
3638.087973 18.303296
3638.555563 18.276496
3639.023153 18.200394
3639.490742 18.283979
3639.958332 18.307257
3640.425922 18.506619
3640.893512 18.546161
3641.361102 18.819368
3641.828692 18.704874
3642.296282 18.080180
3642.763872 17.977916
3643.231462 18.222522
3643.699051 18.119034
3644.166641 18.426437
3644.634231 18.809405
3645.101821 18.728322
3645.569411 18.315696
3646.037001 18.363465
3646.504591 17.802288
3646.972181 17.947907
3647.439771 18.200920
3647.907360 17.979047
3648.374950 18.144514
3648.842540 18.199642
3649.310130 18.419904
3649.777720 18.291934
3650.245310 18.563391
3650.712900 18.678743
3651.180490 18.111574
3651.648079 17.710609
3652.115669 18.284284
3652.583259 18.515862
3653.050849 18.465332
3653.518439 18.993777
3653.986029 18.716877
3654.453619 19.041334
3654.921209 19.003177
3655.388799 18.436085
3655.856388 18.138831
3656.323978 18.482774
3656.791568 18.533585
3657.259158 18.720007
3657.726748 18.499893
3658.194338 18.645914
3658.661928 18.743068
3659.129518 19.350698
3659.597108 19.097537
3660.064697 18.497118
3660.532287 18.912787
3660.999877 19.028416
3661.467467 19.204626
3661.935057 18.990421
3662.402647 18.320160
3662.870237 18.500825
3663.337827 18.843255
3663.805417 18.962199
3664.273006 18.963819
3664.740596 18.592407
3665.208186 18.672326
3665.675776 18.937010
3666.143366 18.887939
3666.610956 18.804945
3667.078546 18.877376
3667.546136 19.014294
3668.013726 18.928072
3668.481315 18.639834
3668.948905 18.376318
3669.416495 18.722039
3669.884085 18.650212
3670.351675 18.520931
3670.819265 18.152524
3671.286855 18.647170
3671.754445 19.075488
3672.222035 18.623025
3672.689624 18.322072
3673.157214 18.212795
3673.624804 18.598736
3674.092394 18.874828
3674.559984 18.811196
3675.027574 18.169342
3675.495164 18.463887
3675.962754 18.371443
3676.430344 18.692201
3676.897933 18.225763
3677.365523 18.377601
3677.833113 18.459621
3678.300703 17.804444
3678.768293 17.805312
3679.235883 18.100484
3679.703473 18.415814
3680.171063 18.366581
3680.638653 18.230140
3681.106242 18.057249
3681.573832 17.999633
3682.041422 18.244350
3682.509012 18.227254
3682.976602 18.076561
3683.444192 17.691261
3683.911782 18.115396
3684.379372 18.559591
3684.846961 18.550335
3685.314551 19.051749
3685.782141 18.067937
3686.249731 18.283236
3686.717321 17.595968
3687.184911 17.735332
3687.652501 17.856875
3688.120091 17.928776
3688.587681 17.757086
3689.055270 18.175266
3689.522860 18.083897
3689.990450 17.917433
3690.458040 18.002398
3690.925630 17.961914
3691.393220 17.867245
3691.860810 17.806784
3692.328400 18.292206
3692.795990 18.436995
3693.263579 18.219304
3693.731169 17.764209
3694.198759 17.871935
3694.666349 18.066025
3695.133939 17.999550
3695.601529 18.059797
3696.069119 17.729949
3696.536709 17.874821
3697.004299 17.882244
3697.471888 18.317764
3697.939478 18.270489
3698.407068 18.333143
3698.874658 18.020149
3699.342248 17.830759
3699.809838 17.863588
3700.277428 18.016544
3700.745018 18.316813
3701.212608 18.544171
3701.680197 18.781520
3702.147787 18.267950
3702.615377 18.606197
3703.082967 17.576356
3703.550557 17.839664
3704.018147 18.027494
3704.485737 17.909127
3704.953327 17.913495
3705.420917 17.920489
3705.888506 17.703851
3706.356096 17.525291
3706.823686 17.314904
3707.291276 17.142793
3707.758866 17.811503
3708.226456 17.978197
3708.694046 17.745405
3709.161636 17.935318
3709.629226 18.031469
3710.096815 18.013289
3710.564405 18.154527
3711.031995 17.875421
3711.499585 18.084321
3711.967175 17.926486
3712.434765 17.908910
3712.902355 18.219553
3713.369945 18.439917
3713.837534 18.442193
3714.305124 18.169993
3714.772714 18.500161
3715.240304 18.316712
3715.707894 18.507339
3716.175484 18.211442
3716.643074 18.421497
3717.110664 18.515982
3717.578254 18.003234
3718.045843 18.143798
3718.513433 18.104473
3718.981023 17.998372
3719.448613 18.237494
3719.916203 18.090932
3720.383793 17.956093
3720.851383 18.074045
3721.318973 18.061487
3721.786563 17.762275
3722.254152 18.298600
3722.721742 18.461343
3723.189332 18.741230
3723.656922 18.792600
3724.124512 19.045281
3724.592102 19.365236
3725.059692 19.838470
3725.527282 20.195737
3725.994872 21.252807
3726.462461 22.013121
3726.930051 23.054932
3727.397641 23.757288
3727.865231 24.673715
3728.332821 25.848811
3728.800411 26.614516
3729.268001 27.114185
3729.735591 27.831310
3730.203181 28.368379
3730.670770 28.732252
3731.138360 28.248705
3731.605950 27.588878
3732.073540 26.830998
3732.541130 25.728476
3733.008720 24.312468
3733.476310 23.293809
3733.943900 22.173227
3734.411490 20.983382
3734.879079 19.922369
3735.346669 18.960634
3735.814259 18.882626
3736.281849 18.342838
3736.749439 18.304205
3737.217029 17.647564
3737.684619 17.654295
3738.152209 17.481986
3738.619799 17.113440
3739.087388 17.313177
3739.554978 17.110237
3740.022568 17.606014
3740.490158 17.980206
3740.957748 18.028487
3741.425338 18.144652
3741.892928 17.907368
3742.360518 17.254213
3742.828108 17.428673
3743.295697 18.067470
3743.763287 18.305456
3744.230877 18.061607
3744.698467 17.567040
3745.166057 17.681917
3745.633647 18.129939
3746.101237 18.004249
3746.568827 17.991747
3747.036416 17.579574
3747.504006 17.704876
3747.971596 17.730184
3748.439186 17.815815
3748.906776 17.778032
3749.374366 17.237662
3749.841956 17.318814
3750.309546 16.859546
3750.777136 16.933376
3751.244725 17.279715
3751.712315 17.361878
3752.179905 17.385428
3752.647495 17.655759
3753.115085 17.864904
3753.582675 18.603413
3754.050265 18.533322
3754.517855 18.358756
3754.985445 18.276768
3755.453034 17.897401
3755.920624 18.261708
3756.388214 18.235343
3756.855804 18.367509
3757.323394 18.097890
3757.790984 18.515188
3758.258574 18.780163
3758.726164 18.290253
3759.193754 18.298707
3759.661343 18.530354
3760.128933 18.264599
3760.596523 18.269935
3761.064113 18.204101
3761.531703 18.253288
3761.999293 18.550579
3762.466883 18.419862
3762.934473 18.168617
3763.402063 17.854692
3763.869652 17.874913
3764.337242 18.133632
3764.804832 18.211580
3765.272422 17.920858
3765.740012 17.985616
3766.207602 17.987403
3766.675192 17.506376
3767.142782 17.268557
3767.610372 17.487009
3768.077961 17.668681
3768.545551 17.996438
3769.013141 17.825210
3769.480731 17.546417
3769.948321 17.099724
3770.415911 17.199579
3770.883501 17.103044
3771.351091 16.889263
3771.818681 17.449000
3772.286270 17.443774
3772.753860 17.178540
3773.221450 17.548891
3773.689040 17.274757
3774.156630 17.060870
3774.624220 16.694120
3775.091810 16.945661
3775.559400 16.847533
3776.026990 17.372312
3776.494579 17.468995
3776.962169 17.295634
3777.429759 17.186412
3777.897349 17.167327
3778.364939 17.064914
3778.832529 17.329312
3779.300119 17.832555
3779.767709 17.976655
3780.235298 17.961180
3780.702888 18.155820
3781.170478 17.713213
3781.638068 17.991494
3782.105658 17.686917
3782.573248 17.763738
3783.040838 18.293624
3783.508428 18.281560
3783.976018 17.864475
3784.443607 18.056275
3784.911197 18.057918
3785.378787 18.075407
3785.846377 17.915743
3786.313967 17.870153
3786.781557 17.622001
3787.249147 17.842125
3787.716737 17.847942
3788.184327 17.571619
3788.651916 17.479863
3789.119506 17.234735
3789.587096 17.682886
3790.054686 17.135310
3790.522276 17.106294
3790.989866 17.137313
3791.457456 16.809528
3791.925046 16.894766
3792.392636 16.883354
3792.860225 16.996874
3793.327815 16.919350
3793.795405 16.722536
3794.262995 16.919082
3794.730585 16.760065
3795.198175 16.624177
3795.665765 16.665806
3796.133355 16.928219
3796.600945 16.512624
3797.068534 16.506443
3797.536124 16.386413
3798.003714 16.578204
3798.471304 16.553394
3798.938894 15.881850
3799.406484 16.237710
3799.874074 16.444611
3800.341664 16.236329
3800.809254 16.147624
3801.276843 16.135298
3801.744433 16.076010
3802.212023 16.331253
3802.679613 16.413726
3803.147203 16.139605
3803.614793 16.079302
3804.082383 16.410886
3804.549973 16.910195
3805.017563 16.943731
3805.485152 17.132609
3805.952742 17.478870
3806.420332 17.366167
3806.887922 16.837482
3807.355512 16.944885
3807.823102 16.713704
3808.290692 17.136418
3808.758282 17.282878
3809.225872 17.245847
3809.693461 17.412103
3810.161051 17.250824
3810.628641 17.282952
3811.096231 17.295329
3811.563821 17.381684
3812.031411 17.719769
3812.499001 17.736795
3812.966591 17.294498
3813.434180 17.334358
3813.901770 17.106982
3814.369360 17.138855
3814.836950 16.961621
3815.304540 16.839837
3815.772130 16.656790
3816.239720 16.634713
3816.707310 16.759779
3817.174900 16.743957
3817.642489 17.227805
3818.110079 17.663348
3818.577669 17.647804
3819.045259 17.011624
3819.512849 17.106063
3819.980439 17.193882
3820.448029 17.165581
3820.915619 16.784243
3821.383209 17.062518
3821.850798 17.028392
3822.318388 17.190548
3822.785978 17.234052
3823.253568 17.055773
3823.721158 17.140739
3824.188748 16.514947
3824.656338 16.261292
3825.123928 16.283267
3825.591518 16.283507
3826.059107 16.364613
3826.526697 16.168210
3826.994287 16.469957
3827.461877 16.346848
3827.929467 15.620380
3828.397057 15.734320
3828.864647 15.832757
3829.332237 15.715063
3829.799827 15.720331
3830.267416 15.654201
3830.735006 15.785329
3831.202596 15.917450
3831.670186 16.136701
3832.137776 15.929619
3832.605366 15.842890
3833.072956 16.021205
3833.540546 15.424872
3834.008136 15.378557
3834.475725 15.255763
3834.943315 15.373257
3835.410905 15.238058
3835.878495 15.410759
3836.346085 15.187062
3836.813675 15.231922
3837.281265 15.618441
3837.748855 15.599346
3838.216445 15.683744
3838.684034 15.839432
3839.151624 15.359301
3839.619214 15.391087
3840.086804 15.297308
3840.554394 15.329916
3841.021984 15.751951
3841.489574 16.155962
3841.957164 16.052133
3842.424753 16.172480
3842.892343 15.929273
3843.359933 15.907242
3843.827523 16.133368
3844.295113 16.122348
3844.762703 16.006256
3845.230293 15.989706
3845.697883 16.097902
3846.165473 16.493359
3846.633062 16.470271
3847.100652 16.256601
3847.568242 16.163081
3848.035832 16.390180
3848.503422 16.481822
3848.971012 16.502735
3849.438602 16.673973
3849.906192 16.345459
3850.373782 16.273461
3850.841371 16.241463
3851.308961 16.270941
3851.776551 16.575421
3852.244141 16.694568
3852.711731 16.916160
3853.179321 17.185923
3853.646911 16.984524
3854.114501 17.160383
3854.582091 16.934848
3855.049680 16.960236
3855.517270 16.760808
3855.984860 16.792331
3856.452450 16.768671
3856.920040 17.001629
3857.387630 17.301746
3857.855220 17.055178
3858.322810 17.100814
3858.790400 16.843221
3859.257989 16.611574
3859.725579 16.810498
3860.193169 17.004967
3860.660759 17.334635
3861.128349 17.043853
3861.595939 16.557503
3862.063529 16.681037
3862.531119 16.880658
3862.998709 17.224924
3863.466298 17.425044
3863.933888 17.397252
3864.401478 17.303062
3864.869068 17.625085
3865.336658 17.784957
3865.804248 17.605118
3866.271838 17.938716
3866.739428 17.985109
3867.207018 18.544070
3867.674607 18.794858
3868.142197 19.360615
3868.609787 19.709904
3869.077377 19.613342
3869.544967 19.734331
3870.012557 20.397182
3870.480147 20.941799
3870.947737 20.915262
3871.415327 20.876939
3871.882916 20.932556
3872.350506 20.578983
3872.818096 20.794384
3873.285686 20.675730
3873.753276 19.972622
3874.220866 19.450432
3874.688456 18.626999
3875.156046 17.948974
3875.623635 17.854812
3876.091225 17.821927
3876.558815 17.592385
3877.026405 17.400465
3877.493995 17.145462
3877.961585 16.761127
3878.429175 16.796883
3878.896765 16.597941
3879.364355 16.668165
3879.831944 16.733939
3880.299534 16.790180
3880.767124 16.640770
3881.234714 16.989159
3881.702304 16.938777
3882.169894 17.128108
3882.637484 16.860797
3883.105074 16.497237
3883.572664 16.155394
3884.040253 16.033744
3884.507843 16.040129
3884.975433 15.998902
3885.443023 16.044141
3885.910613 16.240600
3886.378203 16.493844
3886.845793 16.111716
3887.313383 15.781631
3887.780973 16.020993
3888.248562 16.066250
3888.716152 16.178473
3889.183742 16.261573
3889.651332 16.164313
3890.118922 15.758354
3890.586512 15.853989
3891.054102 16.049058
3891.521692 15.994461
3891.989282 15.895987
3892.456871 16.348736
3892.924461 16.623730
3893.392051 16.515320
3893.859641 17.052537
3894.327231 16.981980
3894.794821 16.522222
3895.262411 16.759063
3895.730001 17.060510
3896.197591 16.592133
3896.665180 16.595729
3897.132770 16.568865
3897.600360 16.903630
3898.067950 16.342190
3898.535540 16.625004
3899.003130 16.593961
3899.470720 16.735735
3899.938310 16.447280
3900.405900 16.859259
3900.873489 16.599053
3901.341079 16.425669
3901.808669 16.458775
3902.276259 16.216316
3902.743849 16.247312
3903.211439 16.084962
3903.679029 16.498188
3904.146619 16.421943
3904.614209 16.261601
3905.081798 16.663073
3905.549388 16.588947
3906.016978 16.720117
3906.484568 16.504462
3906.952158 16.511419
3907.419748 16.358385
3907.887338 16.226062
3908.354928 16.472778
3908.822517 16.567041
3909.290107 16.640774
3909.757697 17.050418
3910.225287 17.127392
3910.692877 17.009528
3911.160467 16.727342
3911.628057 16.573976
3912.095647 16.459565
3912.563237 16.531516
3913.030826 16.237765
3913.498416 16.451167
3913.966006 17.036887
3914.433596 16.868456
3914.901186 16.474052
3915.368776 16.275571
3915.836366 16.606819
3916.303956 16.583172
3916.771546 16.353445
3917.239135 16.327190
3917.706725 16.628596
3918.174315 16.702998
3918.641905 16.316946
3919.109495 16.422590
3919.577085 16.532513
3920.044675 16.564461
3920.512265 16.162882
3920.979855 15.824179
3921.447444 16.208343
3921.915034 16.215342
3922.382624 16.076222
3922.850214 15.779101
3923.317804 15.835841
3923.785394 15.831879
3924.252984 16.165740
3924.720574 15.817799
3925.188164 15.816635
3925.655753 16.020107
3926.123343 16.050073
3926.590933 16.128419
3927.058523 15.907801
3927.526113 15.626635
3927.993703 15.383940
3928.461293 15.208594
3928.928883 15.273431
3929.396473 14.901810
3929.864062 14.871991
3930.331652 14.817939
3930.799242 14.328182
3931.266832 14.543749
3931.734422 14.355319
3932.202012 14.141113
3932.669602 14.000064
3933.137192 13.806796
3933.604782 13.899125
3934.072371 14.280103
3934.539961 14.047238
3935.007551 13.825867
3935.475141 13.825816
3935.942731 13.947900
3936.410321 13.805309
3936.877911 13.957498
3937.345501 14.018065
3937.813091 14.339599
3938.280680 14.537470
3938.748270 14.518962
3939.215860 14.814679
3939.683450 14.744963
3940.151040 14.900494
3940.618630 15.197860
3941.086220 15.604309
3941.553810 15.262517
3942.021399 15.179472
3942.488989 14.952137
3942.956579 15.316948
3943.424169 15.453085
3943.891759 15.320572
3944.359349 15.163360
3944.826939 15.441972
3945.294529 15.542487
3945.762119 15.877280
3946.229708 15.602878
3946.697298 16.169627
3947.164888 15.780311
3947.632478 15.854677
3948.100068 16.193971
3948.567658 16.184239
3949.035248 16.245009
3949.502838 15.142418
3949.970428 15.424904
3950.438017 15.452678
3950.905607 15.427670
3951.373197 15.780140
3951.840787 16.010532
3952.308377 15.722256
3952.775967 15.689196
3953.243557 15.711250
3953.711147 15.704731
3954.178737 15.756914
3954.646326 15.693803
3955.113916 15.480434
3955.581506 15.480919
3956.049096 15.387001
3956.516686 15.413649
3956.984276 15.544200
3957.451866 16.225600
3957.919456 15.956082
3958.387046 16.235397
3958.854635 16.269380
3959.322225 16.040711
3959.789815 15.757565
3960.257405 15.233478
3960.724995 15.234078
3961.192585 15.470125
3961.660175 15.931051
3962.127765 15.400431
3962.595355 15.152127
3963.062944 15.370003
3963.530534 14.761324
3963.998124 14.801568
3964.465714 14.607219
3964.933304 14.730766
3965.400894 14.574971
3965.868484 14.321460
3966.336074 14.161436
3966.803664 14.138819
3967.271253 14.025618
3967.738843 14.153269
3968.206433 14.112116
3968.674023 14.371080
3969.141613 14.666193
3969.609203 14.724575
3970.076793 14.720767
3970.544383 14.846433
3971.011972 15.030727
3971.479562 14.907378
3971.947152 15.173604
3972.414742 14.859318
3972.882332 14.880855
3973.349922 14.506381
3973.817512 14.482190
3974.285102 14.341750
3974.752692 14.282333
3975.220281 14.592243
3975.687871 14.415068
3976.155461 14.581869
3976.623051 14.661105
3977.090641 14.825995
3977.558231 14.878260
3978.025821 15.111136
3978.493411 14.826216
3978.961001 14.980852
3979.428590 15.007223
3979.896180 15.071076
3980.363770 15.238353
3980.831360 15.425855
3981.298950 15.631063
3981.766540 15.779489
3982.234130 15.313227
3982.701720 15.380085
3983.169310 15.233173
3983.636899 15.013123
3984.104489 15.180187
3984.572079 15.443357
3985.039669 15.680350
3985.507259 15.786146
3985.974849 15.589762
3986.442439 15.603653
3986.910029 15.260624
3987.377619 15.519039
3987.845208 15.571461
3988.312798 15.740811
3988.780388 15.807734
3989.247978 15.984941
3989.715568 15.603732
3990.183158 15.549837
3990.650748 15.838860
3991.118338 15.740469
3991.585928 15.492026
3992.053517 15.042222
3992.521107 14.848418
3992.988697 14.862134
3993.456287 15.176512
3993.923877 15.566821
3994.391467 15.521887
3994.859057 15.588372
3995.326647 15.802217
3995.794237 15.770574
3996.261826 15.857908
3996.729416 16.126309
3997.197006 15.829557
3997.664596 15.608764
3998.132186 15.875706
3998.599776 15.908877
3999.067366 15.981719
3999.534956 15.927080
4000.002546 15.978986
4000.470135 16.008569
4000.937725 16.158298
4001.405315 16.048550
4001.872905 16.070525
4002.340495 16.260396
4002.808085 16.368851
4003.275675 16.169997
4003.743265 16.602802
4004.210854 15.946858
4004.678444 15.896361
4005.146034 15.898729
4005.613624 15.778441
4006.081214 15.608713
4006.548804 15.573206
4007.016394 15.592924
4007.483984 15.413146
4007.951574 15.593681
4008.419163 15.839806
4008.886753 15.722385
4009.354343 15.835213
4009.821933 15.802743
4010.289523 15.532524
4010.757113 15.557662
4011.224703 15.831796
4011.692293 15.589628
4012.159883 15.546780
4012.627472 15.635416
4013.095062 15.961664
4013.562652 16.039940
4014.030242 15.958862
4014.497832 15.839331
4014.965422 15.730469
4015.433012 15.879658
4015.900602 15.953238
4016.368192 15.915917
4016.835781 15.815929
4017.303371 15.979821
4017.770961 15.877377
4018.238551 15.808690
4018.706141 16.005693
4019.173731 16.364415
4019.641321 16.137297
4020.108911 15.935243
4020.576501 15.703563
4021.044090 15.469700
4021.511680 15.690627
4021.979270 15.899528
4022.446860 16.122865
4022.914450 15.877783
4023.382040 15.639442
4023.849630 15.490092
4024.317220 15.420463
4024.784810 15.622822
4025.252399 15.646464
4025.719989 15.884251
4026.187579 15.820966
4026.655169 16.055974
4027.122759 16.086194
4027.590349 15.939545
4028.057939 15.788538
4028.525529 15.611174
4028.993119 15.494616
4029.460708 15.669843
4029.928298 15.543669
4030.395888 15.424535
4030.863478 15.593210
4031.331068 15.521416
4031.798658 15.245190
4032.266248 15.003848
4032.733838 14.903721
4033.201428 15.061104
4033.669017 15.369901
4034.136607 15.262194
4034.604197 15.307599
4035.071787 15.283398
4035.539377 15.391253
4036.006967 15.390653
4036.474557 15.631206
4036.942147 15.583575
4037.409736 15.568654
4037.877326 15.346190
4038.344916 15.402915
4038.812506 15.502659
4039.280096 15.572089
4039.747686 15.832184
4040.215276 15.966308
4040.682866 16.058693
4041.150456 15.803616
4041.618045 15.618293
4042.085635 15.370169
4042.553225 15.149763
4043.020815 15.028561
4043.488405 15.162131
4043.955995 15.340941
4044.423585 15.319658
4044.891175 15.461113
4045.358765 15.323217
4045.826354 15.103241
4046.293944 14.974463
4046.761534 15.011452
4047.229124 15.029909
4047.696714 15.071086
4048.164304 14.905882
4048.631894 15.005275
4049.099484 15.344694
4049.567074 15.562195
4050.034663 15.623907
4050.502253 15.782762
4050.969843 15.401493
4051.437433 15.503790
4051.905023 15.392721
4052.372613 15.352949
4052.840203 15.230228
4053.307793 15.142409
4053.775383 15.299778
4054.242972 15.195856
4054.710562 15.224337
4055.178152 15.123933
4055.645742 14.861885
4056.113332 15.002168
4056.580922 15.026442
4057.048512 14.907212
4057.516102 14.887083
4057.983692 14.851604
4058.451281 15.079197
4058.918871 15.485180
4059.386461 15.435624
4059.854051 15.415846
4060.321641 15.455291
4060.789231 15.400584
4061.256821 15.291348
4061.724411 15.169080
4062.192001 15.425518
4062.659590 15.432319
4063.127180 15.405907
4063.594770 15.318577
4064.062360 15.222208
4064.529950 15.023312
4064.997540 14.699867
4065.465130 14.871206
4065.932720 15.284783
4066.400310 15.363119
4066.867899 14.998664
4067.335489 15.073126
4067.803079 15.264474
4068.270669 15.625800
4068.738259 15.599341
4069.205849 15.873263
4069.673439 15.682105
4070.141029 15.604937
4070.608618 15.841510
4071.076208 15.771701
4071.543798 15.876149
4072.011388 15.922445
4072.478978 15.651090
4072.946568 15.694228
4073.414158 15.844926
4073.881748 15.700308
4074.349338 15.476759
4074.816927 15.398612
4075.284517 15.452438
4075.752107 15.519408
4076.219697 15.844728
4076.687287 15.666962
4077.154877 15.413953
4077.622467 15.510447
4078.090057 15.183147
4078.557647 15.258200
4079.025236 15.264511
4079.492826 15.302710
4079.960416 15.329796
4080.428006 15.402795
4080.895596 15.553368
4081.363186 15.760094
4081.830776 15.383442
4082.298366 15.634788
4082.765956 15.643814
4083.233545 15.281542
4083.701135 15.871883
4084.168725 15.556582
4084.636315 15.394360
4085.103905 15.826547
4085.571495 15.764762
4086.039085 15.779055
4086.506675 15.489741
4086.974265 15.450564
4087.441854 15.541462
4087.909444 15.460536
4088.377034 15.733096
4088.844624 15.893069
4089.312214 15.520788
4089.779804 15.442175
4090.247394 15.583691
4090.714984 15.649866
4091.182574 15.814174
4091.650163 15.699514
4092.117753 15.686375
4092.585343 15.589194
4093.052933 15.569716
4093.520523 15.651242
4093.988113 15.571946
4094.455703 15.602218
4094.923293 15.672871
4095.390883 15.312968
4095.858472 15.457267
4096.326062 15.072545
4096.793652 14.869544
4097.261242 14.876843
4097.728832 15.042758
4098.196422 14.876446
4098.664012 14.482402
4099.131602 14.446900
4099.599192 14.302665
4100.066781 14.415723
4100.534371 14.500924
4101.001961 14.286599
4101.469551 14.168047
4101.937141 14.075889
4102.404731 14.263100
4102.872321 14.517641
4103.339911 14.349894
4103.807500 14.334174
4104.275090 14.471179
4104.742680 14.451397
4105.210270 14.842006
4105.677860 14.770848
4106.145450 14.742151
4106.613040 14.748531
4107.080630 14.975456
4107.548220 14.886256
4108.015809 15.143000
4108.483399 14.935304
4108.950989 15.008705
4109.418579 14.614633
4109.886169 14.654392
4110.353759 14.597630
4110.821349 14.950733
4111.288939 14.846493
4111.756529 14.617819
4112.224118 14.445856
4112.691708 14.650598
4113.159298 15.121657
4113.626888 15.354998
4114.094478 15.213612
4114.562068 15.013871
4115.029658 14.774117
4115.497248 15.130059
4115.964838 15.096935
4116.432427 14.934127
4116.900017 14.804504
4117.367607 14.880638
4117.835197 15.145562
4118.302787 15.319607
4118.770377 14.965331
4119.237967 15.282964
4119.705557 15.382131
4120.173147 15.293887
4120.640736 15.125073
4121.108326 15.110808
4121.575916 14.788572
4122.043506 14.967990
4122.511096 15.351790
4122.978686 15.394919
4123.446276 15.039983
4123.913866 15.253459
4124.381456 14.543273
4124.849045 14.663233
4125.316635 14.672157
4125.784225 14.537313
4126.251815 15.294764
4126.719405 14.929986
4127.186995 14.676322
4127.654585 14.590179
4128.122175 14.902701
4128.589765 13.911641
4129.057354 14.405631
4129.524944 14.946412
4129.992534 14.584630
4130.460124 15.018829
4130.927714 14.617173
4131.395304 14.923001
4131.862894 15.092567
4132.330484 14.961527
4132.798073 14.944427
4133.265663 14.753536
4133.733253 14.483953
4134.200843 14.923726
4134.668433 14.669110
4135.136023 14.795751
4135.603613 14.933661
4136.071203 15.197643
4136.538793 15.074784
4137.006382 14.963295
4137.473972 14.875458
4137.941562 14.916551
4138.409152 14.981291
4138.876742 15.149616
4139.344332 15.445522
4139.811922 15.310720
4140.279512 15.313901
4140.747102 15.139944
4141.214691 15.335123
4141.682281 15.044761
4142.149871 15.005182
4142.617461 14.756500
4143.085051 14.812920
4143.552641 14.784842
4144.020231 14.591402
4144.487821 14.198046
4144.955411 14.664766
4145.423000 14.577968
4145.890590 14.663709
4146.358180 14.792547
4146.825770 14.397663
4147.293360 14.417261
4147.760950 14.317693
4148.228540 14.805049
4148.696130 14.359187
4149.163720 14.008836
4149.631309 14.323759
4150.098899 14.174432
4150.566489 14.644286
4151.034079 14.619661
4151.501669 14.914391
4151.969259 14.953536
4152.436849 14.997676
4152.904439 15.198654
4153.372029 15.109400
4153.839618 14.584426
4154.307208 14.974417
4154.774798 15.148641
4155.242388 14.546223
4155.709978 14.082620
4156.177568 14.356990
4156.645158 14.562059
4157.112748 14.475685
4157.580338 14.587778
4158.047927 14.569113
4158.515517 14.466285
4158.983107 14.460196
4159.450697 14.771038
4159.918287 14.780954
4160.385877 15.211253
4160.853467 15.232998
4161.321057 14.661368
4161.788647 14.740761
4162.256236 14.910485
4162.723826 14.796854
4163.191416 14.521053
4163.659006 14.582963
4164.126596 14.596097
4164.594186 14.749321
4165.061776 14.386795
4165.529366 14.529229
4165.996955 14.675214
4166.464545 14.937359
4166.932135 14.828788
4167.399725 14.763314
4167.867315 14.732396
4168.334905 14.551870
4168.802495 14.164386
4169.270085 14.014505
4169.737675 14.391994
4170.205264 14.853658
4170.672854 14.539857
4171.140444 14.693246
4171.608034 14.407206
4172.075624 14.141275
4172.543214 13.812927
4173.010804 13.841370
4173.478394 13.977678
4173.945984 14.498436
4174.413573 14.334733
4174.881163 13.946003
4175.348753 13.839145
4175.816343 13.842538
4176.283933 13.959765
4176.751523 14.257080
4177.219113 14.183481
4177.686703 13.948671
4178.154293 14.020304
4178.621882 13.912384
4179.089472 14.231965
4179.557062 14.411042
4180.024652 14.137069
4180.492242 14.348532
4180.959832 14.320278
4181.427422 14.443410
4181.895012 14.193979
4182.362602 14.249435
4182.830191 14.245958
4183.297781 13.898783
4183.765371 14.224029
4184.232961 14.597252
4184.700551 14.602773
4185.168141 14.808525
4185.635731 14.310153
4186.103321 14.211920
4186.570911 14.332785
4187.038500 14.438839
4187.506090 13.964922
4187.973680 14.212894
4188.441270 14.640838
4188.908860 14.347456
4189.376450 14.471941
4189.844040 14.690163
4190.311630 14.731727
4190.779220 14.559247
4191.246809 14.060215
4191.714399 13.893631
4192.181989 14.454448
4192.649579 14.619947
4193.117169 14.490661
4193.584759 14.098894
4194.052349 14.348264
4194.519939 14.675024
4194.987529 14.715711
4195.455118 14.739612
4195.922708 14.281710
4196.390298 13.846753
4196.857888 14.103700
4197.325478 13.838138
4197.793068 13.841666
4198.260658 14.364866
4198.728248 14.286354
4199.195837 14.453174
4199.663427 14.530979
4200.131017 14.479378
4200.598607 14.517858
4201.066197 14.318736
4201.533787 14.959533
4202.001377 14.343726
4202.468967 13.856970
4202.936557 13.518045
4203.404146 13.377157
4203.871736 13.756968
4204.339326 14.160536
4204.806916 14.104798
4205.274506 14.075506
4205.742096 14.457163
4206.209686 14.565794
4206.677276 14.378360
4207.144866 14.409200
4207.612455 14.272329
4208.080045 14.110218
4208.547635 14.471890
4209.015225 14.693399
4209.482815 14.447015
4209.950405 14.752613
4210.417995 14.784472
4210.885585 14.700647
4211.353175 14.689789
4211.820764 14.829042
4212.288354 14.784505
4212.755944 14.501243
4213.223534 14.734086
4213.691124 14.871585
4214.158714 14.413332
4214.626304 14.349497
4215.093894 14.309715
4215.561484 14.288270
4216.029073 14.188947
4216.496663 14.306709
4216.964253 14.253830
4217.431843 14.245137
4217.899433 14.307139
4218.367023 14.260538
4218.834613 14.731648
4219.302203 14.984804
4219.769793 15.251811
4220.237382 15.253957
4220.704972 14.776218
4221.172562 14.063387
4221.640152 14.340965
4222.107742 14.761537
4222.575332 14.369907
4223.042922 14.541140
4223.510512 14.677596
4223.978102 14.207137
4224.445691 14.100999
4224.913281 13.966182
4225.380871 14.147697
4225.848461 14.042902
4226.316051 14.002474
4226.783641 14.050386
4227.251231 13.789548
4227.718821 13.721622
4228.186411 13.529337
4228.654000 13.580652
4229.121590 13.909669
4229.589180 14.092707
4230.056770 14.198356
4230.524360 14.086299
4230.991950 14.299212
4231.459540 14.202354
4231.927130 14.239343
4232.394719 14.384515
4232.862309 14.278215
4233.329899 14.436101
4233.797489 14.431951
4234.265079 14.627357
4234.732669 14.469512
4235.200259 14.460856
4235.667849 14.624495
4236.135439 14.492637
4236.603028 14.431572
4237.070618 14.412289
4237.538208 14.483967
4238.005798 14.040890
4238.473388 14.283224
4238.940978 14.673358
4239.408568 14.581832
4239.876158 14.700449
4240.343748 14.672176
4240.811337 14.687863
4241.278927 14.353472
4241.746517 14.381763
4242.214107 14.516824
4242.681697 14.334234
4243.149287 14.266050
4243.616877 14.532498
4244.084467 14.812094
4244.552057 14.914326
4245.019646 14.861063
4245.487236 14.983087
4245.954826 14.902179
4246.422416 14.631050
4246.890006 14.444250
4247.357596 14.421093
4247.825186 14.426928
4248.292776 14.268728
4248.760366 14.493478
4249.227955 14.402926
4249.695545 14.469734
4250.163135 14.206204
4250.630725 14.074088
4251.098315 14.026356
4251.565905 14.183291
4252.033495 14.522073
4252.501085 14.651678
4252.968675 14.584879
4253.436264 14.573531
4253.903854 14.830242
4254.371444 14.744856
4254.839034 14.574201
4255.306624 14.401245
4255.774214 14.014090
4256.241804 14.033392
4256.709394 14.173065
4257.176984 14.066088
4257.644573 14.149705
4258.112163 14.185097
4258.579753 14.488718
4259.047343 14.642666
4259.514933 14.305791
4259.982523 14.435257
4260.450113 14.555549
4260.917703 14.524077
4261.385292 14.290112
4261.852882 14.313685
4262.320472 14.465999
4262.788062 14.476341
4263.255652 14.661733
4263.723242 14.692928
4264.190832 14.411245
4264.658422 14.698800
4265.126012 14.616526
4265.593601 14.889096
4266.061191 14.561274
4266.528781 14.786887
4266.996371 14.768152
4267.463961 14.676525
4267.931551 15.100840
4268.399141 14.852762
4268.866731 14.913172
4269.334321 14.938444
4269.801910 14.824416
4270.269500 14.729774
4270.737090 14.630164
4271.204680 14.313611
4271.672270 14.242773
4272.139860 14.388974
4272.607450 14.376555
4273.075040 14.123205
4273.542630 13.912984
4274.010219 13.837044
4274.477809 13.913487
4274.945399 14.190563
4275.412989 14.396084
4275.880579 14.732918
4276.348169 14.749838
4276.815759 14.550272
4277.283349 14.504355
4277.750939 14.594625
4278.218528 14.391883
4278.686118 14.562585
4279.153708 14.589279
4279.621298 14.642177
4280.088888 14.702669
4280.556478 14.625732
4281.024068 14.694004
4281.491658 14.620889
4281.959248 14.776407
4282.426837 14.897683
4282.894427 14.729063
4283.362017 14.375383
4283.829607 14.459720
4284.297197 14.657453
4284.764787 14.926195
4285.232377 15.018220
4285.699967 15.005261
4286.167557 14.691298
4286.635146 14.737091
4287.102736 14.758351
4287.570326 14.798586
4288.037916 14.486908
4288.505506 14.611416
4288.973096 14.685564
4289.440686 14.471216
4289.908276 14.323159
4290.375866 14.145218
4290.843455 14.149959
4291.311045 14.762003
4291.778635 14.722369
4292.246225 15.434493
4292.713815 14.751805
4293.181405 14.649106
4293.648995 14.857033
4294.116585 14.603138
4294.584174 14.653705
4295.051764 14.823336
4295.519354 14.375983
4295.986944 14.226827
4296.454534 14.266143
4296.922124 14.145375
4297.389714 14.185013
4297.857304 14.373979
4298.324894 14.569247
4298.792483 14.717424
4299.260073 14.664032
4299.727663 14.328597
4300.195253 14.080939
4300.662843 13.963916
4301.130433 13.754262
4301.598023 13.783564
4302.065613 14.047293
4302.533203 14.184353
4303.000792 14.304304
4303.468382 14.114669
4303.935972 13.680742
4304.403562 13.791104
4304.871152 13.724716
4305.338742 13.734568
4305.806332 14.054952
4306.273922 14.273123
4306.741512 14.371509
4307.209101 14.361902
4307.676691 14.364330
4308.144281 14.391938
4308.611871 14.566329
4309.079461 14.598507
4309.547051 14.041393
4310.014641 13.790854
4310.482231 14.175628
4310.949821 14.340287
4311.417410 14.640155
4311.885000 14.632722
4312.352590 14.712120
4312.820180 14.740503
4313.287770 14.851724
4313.755360 15.054960
4314.222950 14.980160
4314.690540 15.003022
4315.158130 15.020999
4315.625719 15.418593
4316.093309 15.524657
4316.560899 15.663675
4317.028489 15.486851
4317.496079 15.313753
4317.963669 14.995672
4318.431259 15.936544
4318.898849 16.223098
4319.366439 16.346654
4319.834028 16.011104
4320.301618 15.747883
4320.769208 15.808057
4321.236798 15.943557
4321.704388 15.636935
4322.171978 15.549860
4322.639568 15.457327
4323.107158 15.399591
4323.574748 15.449253
4324.042337 15.545935
4324.509927 15.773626
4324.977517 15.898863
4325.445107 15.715797
4325.912697 15.731199
4326.380287 15.741462
4326.847877 15.790703
4327.315467 15.429419
4327.783056 14.764445
4328.250646 15.054133
4328.718236 14.811591
4329.185826 14.973106
4329.653416 15.350400
4330.121006 15.268223
4330.588596 15.309053
4331.056186 15.257429
4331.523776 15.396969
4331.991365 15.614438
4332.458955 16.086688
4332.926545 16.067640
4333.394135 16.012272
4333.861725 16.030282
4334.329315 16.497043
4334.796905 16.219954
4335.264495 15.998223
4335.732085 16.221491
4336.199674 16.190162
4336.667264 15.716084
4337.134854 15.609327
4337.602444 16.070008
4338.070034 15.646233
4338.537624 15.594521
4339.005214 15.733779
4339.472804 15.791220
4339.940394 14.582381
4340.407983 14.904973
4340.875573 14.944648
4341.343163 14.966485
4341.810753 15.663481
4342.278343 15.762703
4342.745933 16.169660
4343.213523 16.456647
4343.681113 16.463318
4344.148703 16.805997
4344.616292 16.504517
4345.083882 16.696466
4345.551472 16.563177
4346.019062 16.357037
4346.486652 16.057146
4346.954242 15.838347
4347.421832 15.566097
4347.889422 15.265088
4348.357012 15.305069
4348.824601 14.990626
4349.292191 15.398035
4349.759781 15.631972
4350.227371 15.751623
4350.694961 15.459779
4351.162551 15.282710
4351.630141 15.140812
4352.097731 15.723226
4352.565321 15.401470
4353.032910 15.298010
4353.500500 15.656884
4353.968090 15.506213
4354.435680 15.600736
4354.903270 15.788182
4355.370860 15.955893
4355.838450 16.324762
4356.306040 15.921531
4356.773630 15.695239
4357.241219 15.754245
4357.708809 15.944143
4358.176399 15.933784
4358.643989 15.977587
4359.111579 16.128363
4359.579169 16.369198
4360.046759 16.161710
4360.514349 16.077284
4360.981938 16.249007
4361.449528 15.980440
4361.917118 15.957107
4362.384708 16.110017
4362.852298 16.015785
4363.319888 16.729835
4363.787478 17.038018
4364.255068 16.909904
4364.722658 16.625239
4365.190247 16.848872
4365.657837 16.722481
4366.125427 16.992968
4366.593017 17.255251
4367.060607 16.930019
4367.528197 16.675912
4367.995787 16.452446
4368.463377 16.432451
4368.930967 16.618476
4369.398556 16.485672
4369.866146 16.551515
4370.333736 16.550984
4370.801326 16.131969
4371.268916 15.955856
4371.736506 15.717893
4372.204096 15.777910
4372.671686 15.996580
4373.139276 16.063425
4373.606865 15.989216
4374.074455 15.571036
4374.542045 15.746775
4375.009635 15.599826
4375.477225 15.368738
4375.944815 15.131070
4376.412405 15.326601
4376.879995 15.661168
4377.347585 15.416954
4377.815174 15.370991
4378.282764 15.422679
4378.750354 15.399337
4379.217944 15.348475
4379.685534 15.447466
4380.153124 15.316712
4380.620714 15.287110
4381.088304 15.035112
4381.555894 15.028649
4382.023483 15.304649
4382.491073 15.490581
4382.958663 15.082253
4383.426253 15.012384
4383.893843 15.039526
4384.361433 14.926546
4384.829023 14.891990
4385.296613 14.857767
4385.764203 15.025870
4386.231792 14.998437
4386.699382 14.586869
4387.166972 14.515398
4387.634562 14.595548
4388.102152 14.972995
4388.569742 14.761560
4389.037332 14.665565
4389.504922 14.661973
4389.972511 14.893431
4390.440101 14.615067
4390.907691 14.656738
4391.375281 14.912844
4391.842871 15.092886
4392.310461 14.748162
4392.778051 15.142132
4393.245641 15.355945
4393.713231 15.441903
4394.180820 15.165862
4394.648410 14.832707
4395.116000 14.645113
4395.583590 15.104746
4396.051180 15.587961
4396.518770 15.661307
4396.986360 16.142772
4397.453950 15.740995
4397.921540 15.297396
4398.389129 15.283412
4398.856719 15.377865
4399.324309 15.435740
4399.791899 15.123947
4400.259489 14.517761
4400.727079 14.394981
4401.194669 13.317722
4401.662259 13.730588
4402.129849 14.519890
4402.597438 14.514437
4403.065028 14.814947
4403.532618 14.760678
4404.000208 14.526242
4404.467798 14.769371
4404.935388 14.862485
4405.402978 14.688076
4405.870568 14.863732
4406.338158 14.663432
4406.805747 14.420502
4407.273337 14.343772
4407.740927 14.770285
4408.208517 14.491008
4408.676107 14.360032
4409.143697 14.475496
4409.611287 14.419292
4410.078877 14.497776
4410.546467 14.542807
4411.014056 14.863912
4411.481646 15.147510
4411.949236 15.300577
4412.416826 15.395985
4412.884416 15.277373
4413.352006 14.913199
4413.819596 14.771601
4414.287186 14.631161
4414.754776 15.002209
4415.222365 14.999075
4415.689955 15.002440
4416.157545 14.890448
4416.625135 14.887854
4417.092725 14.796771
4417.560315 15.363124
4418.027905 15.758183
4418.495495 16.474523
4418.963085 15.399018
4419.430674 14.951758
4419.898264 14.329968
4420.365854 13.737808
4420.833444 13.814533
4421.301034 14.424223
4421.768624 15.256118
4422.236214 15.242637
4422.703804 15.295041
4423.171393 15.328692
4423.638983 15.422476
4424.106573 15.174260
4424.574163 15.011309
4425.041753 15.057291
4425.509343 14.230890
4425.976933 14.382889
4426.444523 14.612778
4426.912113 14.655791
4427.379702 14.718638
4427.847292 14.719262
4428.314882 14.293464
4428.782472 14.262523
4429.250062 14.472296
4429.717652 14.734007
4430.185242 14.926883
4430.652832 15.087392
4431.120422 14.988798
4431.588011 15.212869
4432.055601 15.004439
4432.523191 14.435053
4432.990781 14.167433
4433.458371 14.189875
4433.925961 14.575673
4434.393551 14.587427
4434.861141 14.679299
4435.328731 14.640570
4435.796320 14.689553
4436.263910 14.299937
4436.731500 14.018896
4437.199090 14.242103
4437.666680 14.426222
4438.134270 14.505246
4438.601860 14.566703
4439.069450 14.502836
4439.537040 14.549954
4440.004629 14.358121
4440.472219 14.723901
4440.939809 14.778383
4441.407399 14.391864
4441.874989 14.373467
4442.342579 14.057708
4442.810169 14.865514
4443.277759 15.100494
4443.745349 14.491299
4444.212938 14.216084
4444.680528 13.729849
4445.148118 13.804344
4445.615708 14.190937
4446.083298 14.629767
4446.550888 14.686875
4447.018478 14.886714
4447.486068 14.531242
4447.953658 15.015547
4448.421247 14.938642
4448.888837 14.770908
4449.356427 14.657001
4449.824017 14.612454
4450.291607 14.420442
4450.759197 14.790349
4451.226787 15.072715
4451.694377 14.829836
4452.161967 14.376112
4452.629556 14.827860
4453.097146 14.772543
4453.564736 14.578277
4454.032326 14.613978
4454.499916 14.569801
4454.967506 14.670749
4455.435096 14.487347
4455.902686 14.293044
4456.370275 14.185766
4456.837865 14.077071
4457.305455 14.130449
4457.773045 14.649905
4458.240635 15.121482
4458.708225 14.738776
4459.175815 14.389260
4459.643405 14.137097
4460.110995 13.220661
4460.578584 12.912561
4461.046174 13.943778
4461.513764 14.437274
4461.981354 14.585216
4462.448944 15.216198
4462.916534 14.589879
4463.384124 13.986242
4463.851714 14.071124
4464.319304 13.912915
4464.786893 14.080806
4465.254483 14.526935
4465.722073 14.538329
4466.189663 14.648552
4466.657253 14.593023
4467.124843 14.458949
4467.592433 14.455533
4468.060023 14.238807
4468.527613 14.511197
4468.995202 14.354234
4469.462792 14.557604
4469.930382 14.596319
4470.397972 14.162406
4470.865562 14.384131
4471.333152 14.415437
4471.800742 14.429597
4472.268332 15.009471
4472.735922 15.342884
4473.203511 15.141135
4473.671101 14.800289
4474.138691 15.033358
4474.606281 14.966435
4475.073871 14.990714
4475.541461 15.071907
4476.009051 15.143208
4476.476641 15.304247
4476.944231 15.469691
4477.411820 15.163595
4477.879410 14.406864
4478.347000 13.444635
4478.814590 13.747074
4479.282180 14.639776
4479.749770 15.252536
4480.217360 14.819158
4480.684950 14.881543
4481.152540 14.935724
4481.620129 14.965036
4482.087719 14.335887
4482.555309 14.337572
4483.022899 14.602995
4483.490489 14.404934
4483.958079 14.938250
4484.425669 14.743864
4484.893259 14.673672
4485.360849 14.763448
4485.828438 14.584256
4486.296028 14.521663
4486.763618 15.284160
4487.231208 15.268131
4487.698798 14.620017
4488.166388 14.080376
4488.633978 14.961656
4489.101568 15.786327
4489.569157 15.403118
4490.036747 15.130193
4490.504337 15.186051
4490.971927 14.802796
4491.439517 14.601379
4491.907107 14.892761
4492.374697 15.268699
4492.842287 14.901704
4493.309877 14.811789
4493.777466 15.086718
4494.245056 15.231206
4494.712646 15.174934
4495.180236 14.829093
4495.647826 15.042970
4496.115416 14.952132
4496.583006 15.301542
4497.050596 14.687813
4497.518186 14.699105
4497.985775 14.650104
4498.453365 14.983355
4498.920955 15.088528
4499.388545 14.900310
4499.856135 14.732664
4500.323725 15.096713
4500.791315 15.120383
4501.258905 14.945235
4501.726495 15.195833
4502.194084 14.952335
4502.661674 14.884802
4503.129264 14.902867
4503.596854 15.355266
4504.064444 15.157321
4504.532034 14.784495
4504.999624 14.576435
4505.467214 14.885786
4505.934804 14.941495
4506.402393 15.107101
4506.869983 15.665969
4507.337573 15.349583
4507.805163 15.151592
4508.272753 15.068593
4508.740343 14.915748
4509.207933 15.177154
4509.675523 14.866262
4510.143113 15.179255
4510.610702 15.581262
4511.078292 15.641012
4511.545882 15.380630
4512.013472 15.115563
4512.481062 14.811785
4512.948652 13.645858
4513.416242 13.849085
4513.883832 14.742761
4514.351422 15.589194
4514.819011 16.166054
4515.286601 16.398984
4515.754191 16.330537
4516.221781 15.924855
4516.689371 14.997085
4517.156961 14.200309
4517.624551 14.305680
4518.092141 14.477744
4518.559730 14.845713
4519.027320 14.892401
4519.494910 15.026202
4519.962500 14.951250
4520.430090 15.099792
4520.897680 15.419166
4521.365270 15.519353
4521.832860 15.315309
4522.300450 15.045440
4522.768039 14.941417
4523.235629 14.665186
4523.703219 14.625824
4524.170809 14.637629
4524.638399 14.781822
4525.105989 14.986960
4525.573579 14.880666
4526.041169 14.822403
4526.508759 14.879378
4526.976348 14.695144
4527.443938 14.869110
4527.911528 14.762866
4528.379118 14.650990
4528.846708 14.658751
4529.314298 14.531353
4529.781888 14.594948
4530.249478 14.445247
4530.717068 14.344022
4531.184657 14.266854
4531.652247 14.499539
4532.119837 14.342969
4532.587427 14.579805
4533.055017 14.865943
4533.522607 14.221208
4533.990197 13.830045
4534.457787 14.135970
4534.925377 14.391066
4535.392966 14.437787
4535.860556 14.724021
4536.328146 14.727715
4536.795736 14.353273
4537.263326 14.441540
4537.730916 14.388471
4538.198506 14.525961
4538.666096 14.772293
4539.133686 14.850348
4539.601275 15.161818
4540.068865 15.159403
4540.536455 14.851396
4541.004045 14.672628
4541.471635 14.116977
4541.939225 13.803670
4542.406815 13.209188
4542.874405 13.212027
4543.341995 14.468437
4543.809584 14.547530
4544.277174 14.698043
4544.744764 14.906482
4545.212354 14.494046
4545.679944 14.703274
4546.147534 14.939478
4546.615124 14.994232
4547.082714 15.125563
4547.550304 14.735854
4548.017893 15.060707
4548.485483 14.626406
4548.953073 14.873745
4549.420663 15.182334
4549.888253 15.288310
4550.355843 14.920586
4550.823433 14.599722
4551.291023 14.195844
4551.758612 14.047455
4552.226202 14.477305
4552.693792 15.107059
4553.161382 14.884511
4553.628972 14.830178
4554.096562 14.749159
4554.564152 14.509253
4555.031742 14.479286
4555.499332 15.015330
4555.966921 15.247845
4556.434511 15.258546
4556.902101 16.481129
4557.369691 15.180344
4557.837281 13.652741
4558.304871 13.418758
4558.772461 13.772277
4559.240051 14.295865
4559.707641 14.945983
4560.175230 14.920868
4560.642820 15.117285
4561.110410 15.244438
4561.578000 15.340945
4562.045590 14.882706
4562.513180 14.734524
4562.980770 14.251614
4563.448360 13.802114
4563.915950 13.804811
4564.383539 13.751118
4564.851129 13.954802
4565.318719 14.213494
4565.786309 14.154802
4566.253899 14.175120
4566.721489 14.376957
4567.189079 14.129401
4567.656669 14.235446
4568.124259 14.406065
4568.591848 14.185110
4569.059438 13.840396
4569.527028 14.206758
4569.994618 14.340291
4570.462208 14.644517
4570.929798 15.128471
4571.397388 15.166785
4571.864978 15.076917
4572.332568 15.127040
4572.800157 14.633142
4573.267747 14.763476
4573.735337 14.424103
4574.202927 14.837550
4574.670517 15.061778
4575.138107 15.216022
4575.605697 14.866783
4576.073287 14.969311
4576.540877 15.068117
4577.008466 14.934806
4577.476056 15.344782
4577.943646 15.296413
4578.411236 15.098417
4578.878826 14.689368
4579.346416 14.477739
4579.814006 14.427727
4580.281596 14.517531
4580.749186 14.592146
4581.216775 14.582751
4581.684365 14.732438
4582.151955 14.594288
4582.619545 14.590391
4583.087135 14.387598
4583.554725 14.586786
4584.022315 14.340771
4584.489905 14.535009
4584.957494 14.649554
4585.425084 14.562617
4585.892674 14.374589
4586.360264 14.831041
4586.827854 14.711718
4587.295444 14.733989
4587.763034 14.745932
4588.230624 14.594740
4588.698214 14.567432
4589.165803 14.573924
4589.633393 14.610857
4590.100983 14.800224
4590.568573 14.718061
4591.036163 14.890966
4591.503753 14.942922
4591.971343 15.035893
4592.438933 14.901602
4592.906523 14.726302
4593.374112 14.876206
4593.841702 14.634845
4594.309292 14.773762
4594.776882 14.990307
4595.244472 14.724686
4595.712062 14.597861
4596.179652 14.666437
4596.647242 14.181214
4597.114832 14.244767
4597.582421 14.009949
4598.050011 14.097624
4598.517601 14.567696
4598.985191 14.875606
4599.452781 14.753748
4599.920371 14.847093
4600.387961 15.034822
4600.855551 14.874507
4601.323141 14.653252
4601.790730 14.536667
4602.258320 14.556251
4602.725910 14.531478
4603.193500 14.840283
4603.661090 14.801937
4604.128680 14.550392
4604.596270 14.231564
4605.063860 14.011952
4605.531450 13.815364
4605.999039 14.259762
4606.466629 14.639601
4606.934219 14.474485
4607.401809 14.646553
4607.869399 14.491119
4608.336989 14.479895
4608.804579 14.645464
4609.272169 14.864415
4609.739759 14.741408
4610.207348 14.560872
4610.674938 14.321003
4611.142528 14.427754
4611.610118 14.837592
4612.077708 14.959980
4612.545298 14.640962
4613.012888 14.545245
4613.480478 14.858145
4613.948068 14.926352
4614.415657 14.968397
4614.883247 14.631318
4615.350837 14.649448
4615.818427 14.485398
4616.286017 14.761366
4616.753607 15.144223
4617.221197 14.965571
4617.688787 15.135909
4618.156376 14.976240
4618.623966 14.798715
4619.091556 14.583762
4619.559146 14.379007
4620.026736 14.557146
4620.494326 14.588425
4620.961916 14.228013
4621.429506 14.233470
4621.897096 14.788881
4622.364685 14.796873
4622.832275 14.519931
4623.299865 14.252763
4623.767455 14.627029
4624.235045 14.633954
4624.702635 14.720490
4625.170225 14.698422
4625.637815 14.933790
4626.105405 15.056386
4626.572994 15.131347
4627.040584 15.222652
4627.508174 15.162602
4627.975764 15.031604
4628.443354 14.852481
4628.910944 14.975539
4629.378534 14.616443
4629.846124 14.521044
4630.313714 14.464937
4630.781303 14.593406
4631.248893 14.642883
4631.716483 14.889128
4632.184073 14.748365
4632.651663 14.540983
4633.119253 14.459028
4633.586843 14.585576
4634.054433 14.423761
4634.522023 14.653206
4634.989612 15.086150
4635.457202 14.735452
4635.924792 14.340961
4636.392382 14.374113
4636.859972 14.656424
4637.327562 14.705744
4637.795152 14.582945
4638.262742 14.306068
4638.730332 14.194718
4639.197921 14.253396
4639.665511 14.248258
4640.133101 14.207654
4640.600691 14.396961
4641.068281 13.979372
4641.535871 14.112988
4642.003461 13.875594
4642.471051 14.008476
4642.938641 14.137138
4643.406230 14.270376
4643.873820 14.453155
4644.341410 14.176634
4644.809000 13.958837
4645.276590 13.908608
4645.744180 13.776302
4646.211770 13.746709
4646.679360 13.786524
4647.146949 14.108621
4647.614539 14.289517
4648.082129 14.398125
4648.549719 14.364598
4649.017309 14.012557
4649.484899 13.861748
4649.952489 14.061974
4650.420079 14.145536
4650.887669 14.253271
4651.355258 14.254698
4651.822848 14.332669
4652.290438 14.553929
4652.758028 14.345300
4653.225618 14.199671
4653.693208 14.335116
4654.160798 14.244398
4654.628388 14.175706
4655.095978 14.104711
4655.563567 13.938311
4656.031157 14.169580
4656.498747 14.387229
4656.966337 14.725596
4657.433927 14.277620
4657.901517 14.042750
4658.369107 13.952425
4658.836697 13.940883
4659.304287 14.197719
4659.771876 14.571209
4660.239466 14.943069
4660.707056 14.873653
4661.174646 14.853552
4661.642236 14.934556
4662.109826 14.833654
4662.577416 14.796102
4663.045006 14.671386
4663.512596 14.497143
4663.980185 14.187133
4664.447775 14.198443
4664.915365 14.291525
4665.382955 13.961478
4665.850545 13.961012
4666.318135 14.005770
4666.785725 13.884490
4667.253315 13.742287
4667.720905 13.564304
4668.188494 13.386972
4668.656084 13.453323
4669.123674 13.157273
4669.591264 13.351068
4670.058854 13.455609
4670.526444 13.672958
4670.994034 13.608056
4671.461624 13.605531
4671.929214 13.428629
4672.396803 13.483950
4672.864393 13.526710
4673.331983 14.033429
4673.799573 14.331233
4674.267163 13.765028
4674.734753 13.622941
4675.202343 13.729743
4675.669933 14.022644
4676.137523 14.374884
4676.605112 13.939576
4677.072702 13.985826
4677.540292 13.951898
4678.007882 13.954922
4678.475472 14.071401
4678.943062 14.379127
4679.410652 14.225008
4679.878242 14.277707
4680.345831 14.121368
4680.813421 14.060672
4681.281011 14.378420
4681.748601 14.248008
4682.216191 14.076032
4682.683781 14.224343
4683.151371 13.952485
4683.618961 14.109392
4684.086551 14.012229
4684.554140 14.009367
4685.021730 14.403595
4685.489320 14.334262
4685.956910 14.581126
4686.424500 14.696552
4686.892090 14.641720
4687.359680 14.641821
4687.827270 14.962617
4688.294860 14.534418
4688.762449 14.626452
4689.230039 14.856022
4689.697629 14.982081
4690.165219 14.970959
4690.632809 14.462767
4691.100399 14.669664
4691.567989 14.721376
4692.035579 14.627302
4692.503169 14.603987
4692.970758 14.468243
4693.438348 14.440829
4693.905938 14.405848
4694.373528 14.117864
4694.841118 13.910893
4695.308708 13.847838
4695.776298 13.885104
4696.243888 13.773394
4696.711478 13.717389
4697.179067 13.676208
4697.646657 13.691240
4698.114247 13.810129
4698.581837 13.872131
4699.049427 13.993444
4699.517017 13.908307
4699.984607 14.054509
4700.452197 14.056545
4700.919787 13.807202
4701.387376 13.544849
4701.854966 13.418615
4702.322556 13.595273
4702.790146 13.370278
4703.257736 13.395227
4703.725326 13.607618
4704.192916 13.700903
4704.660506 13.877773
4705.128096 13.787876
4705.595685 13.682417
4706.063275 13.204077
4706.530865 13.364069
4706.998455 13.278900
4707.466045 13.322279
4707.933635 13.322528
4708.401225 13.169688
4708.868815 13.245868
4709.336405 13.606893
4709.803994 13.539831
4710.271584 13.581072
4710.739174 13.620411
4711.206764 13.613583
4711.674354 13.599289
4712.141944 13.388667
4712.609534 13.398606
4713.077124 13.664412
4713.544713 13.729688
4714.012303 13.947305
4714.479893 13.912347
4714.947483 14.007802
4715.415073 13.403038
4715.882663 13.274948
4716.350253 13.366299
4716.817843 13.561640
4717.285433 13.868350
4717.753022 13.713414
4718.220612 13.720127
4718.688202 13.741927
4719.155792 13.908889
4719.623382 13.676148
4720.090972 13.553593
4720.558562 13.965831
4721.026152 14.151681
4721.493742 14.189469
4721.961331 14.441983
4722.428921 14.325763
4722.896511 13.970476
4723.364101 13.272091
4723.831691 13.565809
4724.299281 14.351002
4724.766871 14.594011
4725.234461 14.004487
4725.702051 13.584400
4726.169640 13.375324
4726.637230 13.659477
4727.104820 12.882229
4727.572410 13.187721
4728.040000 13.288207
4728.507590 13.814215
4728.975180 14.349954
4729.442770 13.954534
4729.910360 13.760998
4730.377949 13.948140
4730.845539 14.193550
4731.313129 13.833014
4731.780719 13.633139
4732.248309 12.779836
4732.715899 12.795980
4733.183489 12.211217
4733.651079 12.462429
4734.118669 13.212244
4734.586258 13.398565
4735.053848 13.626094
4735.521438 13.579073
4735.989028 13.527394
4736.456618 13.556336
4736.924208 13.622451
4737.391798 14.065252
4737.859388 13.954918
4738.326978 13.931456
4738.794567 13.153220
4739.262157 13.165805
4739.729747 13.539055
4740.197337 13.565190
4740.664927 13.677935
4741.132517 13.661458
4741.600107 13.722038
4742.067697 13.449141
4742.535287 13.520893
4743.002876 13.363644
4743.470466 13.488932
4743.938056 13.625983
4744.405646 13.795734
4744.873236 13.656601
4745.340826 13.812511
4745.808416 13.807484
4746.276006 13.560343
4746.743595 13.629279
4747.211185 13.777374
4747.678775 13.895030
4748.146365 13.823116
4748.613955 13.887177
4749.081545 13.973998
4749.549135 13.907550
4750.016725 13.902255
4750.484315 13.795503
4750.951904 13.692879
4751.419494 13.695058
4751.887084 13.432710
4752.354674 13.509633
4752.822264 13.676286
4753.289854 13.655631
4753.757444 13.771506
4754.225034 13.727162
4754.692624 13.540547
4755.160213 13.308318
4755.627803 13.760643
4756.095393 15.097290
4756.562983 14.909289
4757.030573 15.343434
4757.498163 15.345793
4757.965753 13.960527
4758.433343 10.318789
4758.900933 11.542180
4759.368522 13.034525
4759.836112 13.235139
4760.303702 14.519585
4760.771292 15.981340
4761.238882 14.995478
4761.706472 14.344520
4762.174062 13.102940
4762.641652 13.107533
4763.109242 12.849913
4763.576831 13.168478
4764.044421 13.524554
4764.512011 13.467146
4764.979601 13.684901
4765.447191 13.187979
4765.914781 13.200407
4766.382371 13.078522
4766.849961 13.296000
4767.317551 13.263033
4767.785140 13.062424
4768.252730 13.224977
4768.720320 13.269805
4769.187910 13.017697
4769.655500 13.038006
4770.123090 13.420582
4770.590680 13.795956
4771.058270 13.886503
4771.525860 13.999432
4771.993449 14.184570
4772.461039 14.288095
4772.928629 14.174261
4773.396219 13.861139
4773.863809 13.633194
4774.331399 13.618148
4774.798989 13.899600
4775.266579 13.795175
4775.734168 13.841449
4776.201758 13.773214
4776.669348 13.771787
4777.136938 13.627562
4777.604528 13.844657
4778.072118 13.999386
4778.539708 13.790928
4779.007298 13.455964
4779.474888 13.409045
4779.942477 13.594132
4780.410067 13.828309
4780.877657 14.318025
4781.345247 14.637855
4781.812837 14.378213
4782.280427 14.064587
4782.748017 13.915436
4783.215607 14.175208
4783.683197 14.053752
4784.150786 14.080252
4784.618376 13.951063
4785.085966 14.126183
4785.553556 14.244301
4786.021146 14.364446
4786.488736 14.122411
4786.956326 14.041037
4787.423916 14.288940
4787.891506 14.958919
4788.359095 14.556080
4788.826685 13.614321
4789.294275 13.194959
4789.761865 13.403043
4790.229455 14.702581
4790.697045 15.034180
4791.164635 16.269569
4791.632225 16.193445
4792.099815 15.109801
4792.567404 14.141843
4793.034994 13.997650
4793.502584 13.894162
4793.970174 14.113127
4794.437764 14.231194
4794.905354 14.283086
4795.372944 14.362428
4795.840534 14.328648
4796.308124 14.563998
4796.775713 14.661077
4797.243303 14.978401
4797.710893 14.769653
4798.178483 14.196546
4798.646073 14.325319
4799.113663 14.126031
4799.581253 14.498362
4800.048843 14.953771
4800.516433 15.160160
4800.984022 15.021364
4801.451612 15.200519
4801.919202 14.815035
4802.386792 14.673122
4802.854382 14.605294
4803.321972 14.914132
4803.789562 14.730452
4804.257152 14.552867
4804.724742 14.423064
4805.192331 15.707584
4805.659921 15.796663
4806.127511 15.160248
4806.595101 13.439852
4807.062691 13.627700
4807.530281 13.840516
4807.997871 13.600901
4808.465461 15.148263
4808.933050 15.607499
4809.400640 16.050461
4809.868230 15.571032
4810.335820 15.583566
4810.803410 15.277341
4811.271000 15.481399
4811.738590 15.704902
4812.206180 15.693471
4812.673770 15.596493
4813.141359 15.565612
4813.608949 15.584840
4814.076539 15.602088
4814.544129 15.419309
4815.011719 15.269156
4815.479309 15.459017
4815.946899 15.299843
4816.414489 15.292936
4816.882079 15.224554
4817.349668 15.624470
4817.817258 15.940386
4818.284848 16.252285
4818.752438 16.365172
4819.220028 16.216639
4819.687618 15.620001
4820.155208 14.871889
4820.622798 15.514782
4821.090388 15.675983
4821.557977 15.600542
4822.025567 16.314162
4822.493157 16.553228
4822.960747 16.385504
4823.428337 15.998925
4823.895927 15.823865
4824.363517 15.661736
4824.831107 15.701726
4825.298697 16.740698
4825.766286 17.000101
4826.233876 16.481282
4826.701466 15.937449
4827.169056 15.395237
4827.636646 14.808978
4828.104236 14.881774
4828.571826 15.065195
4829.039416 16.247294
4829.507006 16.152010
4829.974595 16.303802
4830.442185 16.715699
4830.909775 16.291129
4831.377365 16.479597
4831.844955 16.320381
4832.312545 16.548505
4832.780135 16.483364
4833.247725 16.478442
4833.715315 16.410655
4834.182904 16.421015
4834.650494 16.240350
4835.118084 16.394012
4835.585674 16.612862
4836.053264 16.797460
4836.520854 16.280363
4836.988444 16.131687
4837.456034 16.509799
4837.923624 16.850515
4838.391213 16.742023
4838.858803 16.742282
4839.326393 16.859712
4839.793983 17.042602
4840.261573 17.047136
4840.729163 16.872001
4841.196753 16.661439
4841.664343 16.689434
4842.131932 16.783227
4842.599522 16.638092
4843.067112 16.401953
4843.534702 16.445973
4844.002292 16.439634
4844.469882 16.293946
4844.937472 16.407188
4845.405062 16.490243
4845.872652 17.057228
4846.340241 17.453220
4846.807831 17.010091
4847.275421 16.664056
4847.743011 16.641896
4848.210601 17.273903
4848.678191 16.915671
4849.145781 15.946964
4849.613371 15.860674
4850.080961 16.140150
4850.548550 16.411149
4851.016140 17.063128
4851.483730 17.340097
4851.951320 17.666594
4852.418910 17.435616
4852.886500 17.142909
4853.354090 16.898515
4853.821680 16.842044
4854.289270 16.590919
4854.756859 16.656300
4855.224449 16.525542
4855.692039 16.701544
4856.159629 16.447631
4856.627219 16.567914
4857.094809 16.475617
4857.562399 16.869130
4858.029989 16.954936
4858.497579 16.983541
4858.965168 16.903261
4859.432758 16.717518
4859.900348 16.967613
4860.367938 17.019846
4860.835528 17.402168
4861.303118 17.628386
4861.770708 17.887918
4862.238298 17.940438
4862.705888 17.987209
4863.173477 18.018524
4863.641067 17.934385
4864.108657 18.473388
4864.576247 18.525137
4865.043837 18.650535
4865.511427 18.452853
4865.979017 18.120530
4866.446607 18.540866
4866.914197 18.469847
4867.381786 18.252872
4867.849376 17.870342
4868.316966 17.556961
4868.784556 17.075076
4869.252146 16.669993
4869.719736 16.710607
4870.187326 16.861895
4870.654916 16.878059
4871.122506 16.669744
4871.590095 16.463678
4872.057685 16.560296
4872.525275 16.786717
4872.992865 16.727060
4873.460455 17.077324
4873.928045 16.787405
4874.395635 16.515108
4874.863225 15.668679
4875.330814 15.940256
4875.798404 16.046902
4876.265994 16.216662
4876.733584 16.479910
4877.201174 16.629011
4877.668764 16.752480
4878.136354 16.668493
4878.603944 16.484970
4879.071534 16.154041
4879.539123 16.404668
4880.006713 16.673438
4880.474303 16.742480
4880.941893 16.991971
4881.409483 17.104429
4881.877073 17.256738
4882.344663 17.247814
4882.812253 16.887740
4883.279843 16.706789
4883.747432 16.730740
4884.215022 16.518788
4884.682612 16.440655
4885.150202 16.466384
4885.617792 16.610383
4886.085382 16.513668
4886.552972 16.458757
4887.020562 16.610244
4887.488152 16.559659
4887.955741 16.451088
4888.423331 16.356248
4888.890921 16.484703
4889.358511 16.091845
4889.826101 16.077326
4890.293691 16.050189
4890.761281 15.968741
4891.228871 16.134042
4891.696461 16.226062
4892.164050 16.311060
4892.631640 16.257298
4893.099230 16.255830
4893.566820 16.342088
4894.034410 16.231810
4894.502000 16.204428
4894.969590 16.299472
4895.437180 16.410609
4895.904770 16.535888
4896.372359 16.565047
4896.839949 16.348704
4897.307539 16.316295
4897.775129 16.363828
4898.242719 16.542051
4898.710309 16.430447
4899.177899 16.330030
4899.645489 16.395582
4900.113079 16.229132
4900.580668 16.350906
4901.048258 16.546631
4901.515848 16.468909
4901.983438 16.572974
4902.451028 16.360500
4902.918618 16.068536
4903.386208 15.973464
4903.853798 16.150754
4904.321387 16.405997
4904.788977 16.486194
4905.256567 16.548778
4905.724157 16.654837
4906.191747 16.343159
4906.659337 16.191178
4907.126927 16.320062
4907.594517 15.962763
4908.062107 16.133645
4908.529696 16.026616
4908.997286 16.228282
4909.464876 16.249570
4909.932466 16.277884
4910.400056 16.114804
4910.867646 15.705779
4911.335236 15.829497
4911.802826 16.133636
4912.270416 16.258914
4912.738005 16.589862
4913.205595 16.551418
4913.673185 16.301452
4914.140775 16.191187
4914.608365 16.075895
4915.075955 15.778903
4915.543545 15.784115
4916.011135 15.727999
4916.478725 16.039621
4916.946314 16.136900
4917.413904 15.589572
4917.881494 15.510812
4918.349084 15.931337
4918.816674 15.679519
4919.284264 15.727870
4919.751854 15.645476
4920.219444 15.443011
4920.687034 15.388737
4921.154623 15.597231
4921.622213 15.584499
4922.089803 15.601820
4922.557393 15.608136
4923.024983 15.760413
4923.492573 15.636473
4923.960163 15.643966
4924.427753 15.884270
4924.895343 16.005153
4925.362932 15.818754
4925.830522 15.551692
4926.298112 15.741415
4926.765702 15.370270
4927.233292 15.243090
4927.700882 14.946555
4928.168472 15.112428
4928.636062 15.203839
4929.103652 15.438200
4929.571241 15.358959
4930.038831 15.238510
4930.506421 15.197583
4930.974011 15.534888
4931.441601 15.151116
4931.909191 15.254124
4932.376781 15.206876
4932.844371 15.244978
4933.311961 15.258293
4933.779550 15.315406
4934.247140 15.375640
4934.714730 15.413099
4935.182320 15.091972
4935.649910 15.160756
4936.117500 15.168110
4936.585090 15.601904
4937.052680 15.586996
4937.520269 15.692506
4937.987859 15.426123
4938.455449 14.825589
4938.923039 14.871608
4939.390629 15.201738
4939.858219 15.120300
4940.325809 15.221913
4940.793399 15.066201
4941.260989 15.084276
4941.728578 15.282369
4942.196168 15.506061
4942.663758 16.272072
4943.131348 15.883014
4943.598938 15.135618
4944.066528 15.017103
4944.534118 15.222846
4945.001708 15.483619
4945.469298 15.369467
4945.936887 15.616428
4946.404477 15.911125
4946.872067 15.449234
4947.339657 15.130659
4947.807247 15.475143
4948.274837 15.525230
4948.742427 15.925238
4949.210017 16.210600
4949.677607 15.922016
4950.145196 15.774046
4950.612786 15.126703
4951.080376 15.270476
4951.547966 15.550409
4952.015556 15.529375
4952.483146 15.546111
4952.950736 15.895844
4953.418326 15.927006
4953.885916 16.072977
4954.353505 16.374193
4954.821095 16.691166
4955.288685 17.074466
4955.756275 17.291700
4956.223865 17.297559
4956.691455 17.489895
4957.159045 17.661192
4957.626635 17.828210
4958.094225 18.789826
4958.561814 19.527564
4959.029404 20.125185
4959.496994 20.263829
4959.964584 20.574888
4960.432174 20.745451
4960.899764 21.230139
4961.367354 21.533525
4961.834944 21.671190
4962.302534 22.207285
4962.770123 22.372812
4963.237713 22.579852
4963.705303 22.589736
4964.172893 22.796462
4964.640483 22.471600
4965.108073 21.784368
4965.575663 21.251325
4966.043253 20.160161
4966.510843 19.002410
4966.978432 18.011313
4967.446022 17.146778
4967.913612 16.510671
4968.381202 16.144633
4968.848792 15.641496
4969.316382 15.286468
4969.783972 15.179370
4970.251562 14.998124
4970.719151 14.951684
4971.186741 14.967589
4971.654331 14.804403
4972.121921 14.864761
4972.589511 14.888533
4973.057101 15.046723
4973.524691 14.831923
4973.992281 14.978623
4974.459871 14.893223
4974.927460 14.768083
4975.395050 14.787787
4975.862640 14.954916
4976.330230 14.667758
4976.797820 14.758582
4977.265410 14.854314
4977.733000 14.838377
4978.200590 14.730185
4978.668180 14.625243
4979.135769 14.535942
4979.603359 14.641022
4980.070949 14.831646
4980.538539 14.671285
4981.006129 14.590433
4981.473719 14.229107
4981.941309 14.163772
4982.408899 13.997271
4982.876489 14.017220
4983.344078 14.244310
4983.811668 14.278317
4984.279258 14.512799
4984.746848 14.523902
4985.214438 14.538278
4985.682028 14.506838
4986.149618 14.634388
4986.617208 14.684526
4987.084798 14.653395
4987.552387 14.639554
4988.019977 14.689258
4988.487567 14.522572
4988.955157 14.787459
4989.422747 15.234830
4989.890337 15.214074
4990.357927 15.101048
4990.825517 15.034166
4991.293107 15.034586
4991.760696 15.017107
4992.228286 15.115724
4992.695876 14.785386
4993.163466 14.866474
4993.631056 15.488199
4994.098646 15.817706
4994.566236 15.991612
4995.033826 15.155437
4995.501416 14.564372
4995.969005 15.149930
4996.436595 15.108753
4996.904185 16.273461
4997.371775 17.249601
4997.839365 17.357871
4998.306955 17.598415
4998.774545 16.143483
4999.242135 15.195265
4999.709725 14.889590
5000.177314 14.955978
5000.644904 17.293002
5001.112494 19.195028
5001.580084 19.390591
5002.047674 19.059777
5002.515264 18.621307
5002.982854 19.000439
5003.450444 19.574626
5003.918033 20.162829
5004.385623 20.734343
5004.853213 21.138622
5005.320803 21.836223
5005.788393 23.068801
5006.255983 25.248285
5006.723573 27.874425
5007.191163 30.404381
5007.658753 32.514213
5008.126342 33.432182
5008.593932 34.232509
5009.061522 34.504760
5009.529112 35.200098
5009.996702 35.981524
5010.464292 36.239994
5010.931882 36.773554
5011.399472 37.430283
5011.867062 37.196355
5012.334651 36.524903
5012.802241 35.645212
5013.269831 34.017316
5013.737421 31.753263
5014.205011 29.598242
5014.672601 26.307950
5015.140191 23.536943
5015.607781 21.324333
5016.075371 19.047040
5016.542960 17.793899
5017.010550 16.201570
5017.478140 15.135345
5017.945730 14.694345
5018.413320 14.423784
5018.880910 14.060728
5019.348500 13.729526
5019.816090 13.539475
5020.283680 13.483784
5020.751269 13.575726
5021.218859 13.629316
5021.686449 13.728349
5022.154039 13.577743
5022.621629 13.598989
5023.089219 13.675603
5023.556809 13.379678
5024.024399 13.322029
5024.491989 13.390199
5024.959578 13.234405
5025.427168 13.069935
5025.894758 13.142934
5026.362348 13.175662
5026.829938 13.048204
5027.297528 12.949398
5027.765118 13.227212
5028.232708 13.228486
5028.700298 13.264630
5029.167887 13.275627
5029.635477 12.959591
5030.103067 12.888531
5030.570657 14.006957
5031.038247 14.914381
5031.505837 15.614142
5031.973427 15.853287
5032.441017 15.475074
5032.908606 12.163595
5033.376196 11.242538
5033.843786 11.799699
5034.311376 11.642685
5034.778966 11.728819
5035.246556 12.857539
5035.714146 15.381434
5036.181736 15.646302
5036.649326 15.183765
5037.116915 14.378134
5037.584505 14.586139
5038.052095 12.971341
5038.519685 12.174671
5038.987275 11.718565
5039.454865 11.705098
5039.922455 12.421959
5040.390045 12.619420
5040.857635 13.024285
5041.325224 12.686745
5041.792814 12.757057
5042.260404 12.569001
5042.727994 12.647729
5043.195584 12.417255
5043.663174 12.386134
5044.130764 12.341541
5044.598354 12.753428
5045.065944 13.406995
5045.533533 13.028491
5046.001123 12.527155
5046.468713 12.092194
5046.936303 12.301357
5047.403893 12.152206
5047.871483 12.489418
5048.339073 12.965658
5048.806663 12.802481
5049.274253 12.813593
5049.741842 12.742353
5050.209432 12.676584
5050.677022 12.630038
5051.144612 12.606207
5051.612202 12.552362
5052.079792 12.475716
5052.547382 12.405376
5053.014972 12.640264
5053.482562 12.825435
5053.950151 12.761845
5054.417741 13.146974
5054.885331 13.111799
5055.352921 13.590411
5055.820511 12.775561
5056.288101 12.053857
5056.755691 11.449610
5057.223281 11.622478
5057.690871 11.620109
5058.158460 12.159043
5058.626050 12.691989
5059.093640 12.702986
5059.561230 13.027314
5060.028820 12.947403
5060.496410 12.880397
5060.964000 13.000786
5061.431590 13.181396
5061.899180 12.886842
5062.366769 12.743632
5062.834359 12.894191
5063.301949 13.078577
5063.769539 12.924948
5064.237129 13.818679
5064.704719 14.875597
5065.172309 15.490263
5065.639899 16.480428
5066.107488 16.558196
5066.575078 13.834708
5067.042668 11.593545
5067.510258 9.685125
5067.977848 10.430757
5068.445438 10.471560
5068.913028 10.891803
5069.380618 12.533138
5069.848208 13.096901
5070.315797 12.544154
5070.783387 12.493915
5071.250977 12.316916
5071.718567 12.605487
5072.186157 12.524907
5072.653747 12.146218
5073.121337 12.176240
5073.588927 12.330055
5074.056517 12.331394
5074.524106 12.432121
5074.991696 13.275692
5075.459286 13.652852
5075.926876 12.923586
5076.394466 12.045482
5076.862056 11.413162
5077.329646 10.550353
5077.797236 10.959258
5078.264826 11.484212
5078.732415 12.421959
5079.200005 12.224448
5079.667595 11.856936
5080.135185 11.762617
5080.602775 11.930300
5081.070365 12.182487
5081.537955 12.083957
5082.005545 11.986485
5082.473135 11.875851
5082.940724 12.479280
5083.408314 12.723318
5083.875904 13.285834
5084.343494 14.061891
5084.811084 14.590433
5085.278674 13.547952
5085.746264 11.767317
5086.213854 10.365417
5086.681444 9.570419
5087.149033 8.500450
5087.616623 10.339467
5088.084213 12.053741
5088.551803 13.028048
5089.019393 12.655652
5089.486983 12.316713
5089.954573 12.088671
5090.422163 11.926431
5090.889753 11.872652
5091.357342 12.100901
5091.824932 12.263658
5092.292522 12.412961
5092.760112 12.296773
5093.227702 12.262092
5093.695292 12.463385
5094.162882 12.381711
5094.630472 12.391974
5095.098062 12.377094
5095.565651 12.250962
5096.033241 12.099566
5096.500831 12.132853
5096.968421 12.319926
5097.436011 12.384486
5097.903601 12.818579
5098.371191 12.515263
5098.838781 12.502387
5099.306370 11.633239
5099.773960 11.000000
5100.241550 11.148353
5100.709140 11.307490
5101.176730 11.775973
5101.644320 12.080029
5102.111910 12.488440
5102.579500 12.357912
5103.047090 11.984888
5103.514679 11.896077
5103.982269 11.873510
5104.449859 11.621716
5104.917449 11.800594
5105.385039 11.792621
5105.852629 12.698000
5106.320219 12.889967
5106.787809 12.855148
5107.255399 12.373599
5107.722988 10.716863
5108.190578 9.656912
5108.658168 9.910572
5109.125758 12.297129
5109.593348 13.003154
5110.060938 13.925205
5110.528528 14.004330
5110.996118 13.211132
5111.463708 12.523056
5111.931297 11.419846
5112.398887 11.761583
5112.866477 12.138079
5113.334067 12.255001
5113.801657 12.185225
5114.269247 12.277046
5114.736837 12.465615
5115.204427 12.340115
5115.672017 12.388659
5116.139606 12.182284
5116.607196 12.400939
5117.074786 12.566042
5117.542376 12.575870
5118.009966 12.460458
5118.477556 12.788183
5118.945146 12.937621
5119.412736 12.696583
5119.880326 12.459511
5120.347915 12.163111
5120.815505 12.101238
5121.283095 12.102978
5121.750685 12.481136
5122.218275 12.931997
5122.685865 13.221815
5123.153455 13.111605
5123.621045 13.314241
5124.088635 12.684547
5124.556224 12.356407
5125.023814 11.189303
5125.491404 10.500631
5125.958994 10.166590
5126.426584 11.225747
5126.894174 11.674766
5127.361764 12.273117
5127.829354 12.508808
5128.296944 12.712566
5128.764533 13.025799
5129.232123 13.429824
5129.699713 13.781058
5130.167303 14.109443
5130.634893 14.945332
5131.102483 14.616277
5131.570073 14.413835
5132.037663 12.930654
5132.505252 11.132610
5132.972842 9.552293
5133.440432 9.979199
5133.908022 10.572199
5134.375612 11.317573
5134.843202 11.859734
5135.310792 12.532160
5135.778382 12.434143
5136.245972 12.157866
5136.713561 11.978304
5137.181151 12.020755
5137.648741 12.116279
5138.116331 12.334925
5138.583921 12.310498
5139.051511 12.097535
5139.519101 12.320507
5139.986691 12.015169
5140.454281 11.805054
5140.921870 11.541612
5141.389460 11.222197
5141.857050 11.075912
5142.324640 10.954996
5142.792230 11.306133
5143.259820 11.575609
5143.727410 11.588037
5144.195000 11.824089
5144.662590 11.602307
5145.130179 11.472652
5145.597769 11.401638
5146.065359 11.367267
5146.532949 11.404819
5147.000539 11.390447
5147.468129 11.389616
5147.935719 11.520938
5148.403309 11.791329
5148.870899 11.864309
5149.338488 11.893464
5149.806078 12.147091
5150.273668 12.268694
5150.741258 11.999200
5151.208848 12.235122
5151.676438 12.475194
5152.144028 12.763437
5152.611618 12.774360
5153.079208 12.352621
5153.546797 12.628201
5154.014387 12.473435
5154.481977 12.392860
5154.949567 12.330276
5155.417157 12.595016
5155.884747 12.506828
5156.352337 12.246562
5156.819927 12.345687
5157.287517 12.473962
5157.755106 12.799023
5158.222696 13.271126
5158.690286 13.462963
5159.157876 13.641015
5159.625466 13.118129
5160.093056 11.952031
5160.560646 12.124524
5161.028236 12.074198
5161.495825 11.892388
5161.963415 12.424180
5162.431005 13.074104
5162.898595 12.851261
5163.366185 12.454899
5163.833775 12.381969
5164.301365 12.293481
5164.768955 12.475231
5165.236545 12.175996
5165.704134 12.072697
5166.171724 11.974399
5166.639314 11.987593
5167.106904 11.910531
5167.574494 11.794560
5168.042084 11.647154
5168.509674 11.556736
5168.977264 11.524507
5169.444854 11.528486
5169.912443 11.379778
5170.380033 11.334452
5170.847623 11.131751
5171.315213 11.177498
5171.782803 11.187899
5172.250393 11.213485
5172.717983 11.374497
5173.185573 11.392197
5173.653163 11.342088
5174.120752 11.533671
5174.588342 11.670745
5175.055932 11.445081
5175.523522 11.487435
5175.991112 11.488178
5176.458702 11.542549
5176.926292 11.697596
5177.393882 11.789219
5177.861472 12.050140
5178.329061 11.998424
5178.796651 11.911109
5179.264241 11.827722
5179.731831 11.864452
5180.199421 12.224568
5180.667011 12.071275
5181.134601 12.011711
5181.602191 12.022860
5182.069781 11.760346
5182.537370 11.462929
5183.004960 11.190725
5183.472550 11.397820
5183.940140 11.564086
5184.407730 11.437718
5184.875320 11.453387
5185.342910 11.306322
5185.810500 11.717291
5186.278090 11.704452
5186.745679 11.653719
5187.213269 11.649970
5187.680859 11.503127
5188.148449 11.663091
5188.616039 11.657615
5189.083629 11.786199
5189.551219 11.993660
5190.018809 11.844356
5190.486399 11.894355
5190.953988 11.566491
5191.421578 11.668672
5191.889168 11.891682
5192.356758 12.081626
5192.824348 12.057241
5193.291938 11.851798
5193.759528 12.179601
5194.227118 12.064378
5194.694707 12.120314
5195.162297 11.963771
5195.629887 12.018604
5196.097477 11.896672
5196.565067 11.673215
5197.032657 11.598619
5197.500247 11.847006
5197.967837 12.096090
5198.435427 12.302221
5198.903016 12.590699
5199.370606 12.413308
5199.838196 12.510927
5200.305786 12.581180
5200.773376 12.753401
5201.240966 12.806271
5201.708556 12.932764
5202.176146 13.079561
5202.643736 12.994817
5203.111325 12.970690
5203.578915 12.818519
5204.046505 12.784379
5204.514095 12.650153
5204.981685 12.562256
5205.449275 12.714025
5205.916865 12.579365
5206.384455 12.512719
5206.852045 12.198230
5207.319634 12.204315
5207.787224 12.072540
5208.254814 12.047107
5208.722404 11.891174
5209.189994 11.990783
5209.657584 11.464199
5210.125174 11.450935
5210.592764 11.459079
5211.060354 11.622958
5211.527943 11.778092
5211.995533 11.926911
5212.463123 11.881825
5212.930713 11.779533
5213.398303 12.145623
5213.865893 12.083076
5214.333483 12.137714
5214.801073 12.109003
5215.268663 12.102674
5215.736252 12.166070
5216.203842 12.164482
5216.671432 12.242592
5217.139022 12.090744
5217.606612 11.897771
5218.074202 11.941939
5218.541792 11.815312
5219.009382 12.002154
5219.476972 12.370026
5219.944561 12.440634
5220.412151 12.489903
5220.879741 12.474511
5221.347331 12.439498
5221.814921 12.533568
5222.282511 12.555372
5222.750101 12.650827
5223.217691 12.386632
5223.685281 12.306819
5224.152870 12.259392
5224.620460 11.911829
5225.088050 11.851456
5225.555640 12.106219
5226.023230 12.298352
5226.490820 12.311477
5226.958410 12.384472
5227.426000 12.251871
5227.893589 12.077549
5228.361179 11.749838
5228.828769 11.876631
5229.296359 12.218871
5229.763949 12.164182
5230.231539 12.109917
5230.699129 11.937336
5231.166719 12.064812
5231.634309 12.234720
5232.101898 12.348078
5232.569488 12.246123
5233.037078 12.231964
5233.504668 12.066843
5233.972258 11.972326
5234.439848 12.027652
5234.907438 12.079276
5235.375028 12.291496
5235.842618 12.425694
5236.310207 12.385871
5236.777797 12.654146
5237.245387 12.549375
5237.712977 12.580413
5238.180567 12.390847
5238.648157 12.418446
5239.115747 12.286806
5239.583337 12.115286
5240.050927 12.383137
5240.518516 12.377436
5240.986106 12.277143
5241.453696 12.383678
5241.921286 12.429484
5242.388876 12.488680
5242.856466 12.368650
5243.324056 12.329769
5243.791646 12.400556
5244.259236 12.452605
5244.726825 12.329995
5245.194415 12.302110
5245.662005 12.474160
5246.129595 12.711403
5246.597185 12.448150
5247.064775 12.525502
5247.532365 12.511357
5247.999955 12.426839
5248.467545 12.645643
5248.935134 12.395820
5249.402724 12.247065
5249.870314 12.136371
5250.337904 12.109691
5250.805494 12.259913
5251.273084 12.209328
5251.740674 12.301140
5252.208264 12.326121
5252.675854 12.182870
5253.143443 12.208525
5253.611033 12.127040
5254.078623 11.913837
5254.546213 11.704752
5255.013803 11.467855
5255.481393 11.697296
5255.948983 11.996328
5256.416573 12.119206
5256.884163 12.352141
5257.351752 12.824590
5257.819342 13.127690
5258.286932 13.062027
5258.754522 12.944509
5259.222112 12.828048
5259.689702 12.528794
5260.157292 12.427975
5260.624882 12.585284
5261.092471 12.644179
5261.560061 12.707317
5262.027651 12.846658
5262.495241 12.806645
5262.962831 12.479317
5263.430421 12.400441
5263.898011 12.360553
5264.365601 12.299575
5264.833191 12.121214
5265.300780 12.097687
5265.768370 12.016341
5266.235960 11.905255
5266.703550 11.974196
5267.171140 11.812972
5267.638730 11.871234
5268.106320 11.795308
5268.573910 11.730702
5269.041500 11.638982
5269.509089 11.596393
5269.976679 11.769436
5270.444269 11.724631
5270.911859 11.830852
5271.379449 11.547567
5271.847039 11.264453
5272.314629 11.645741
5272.782219 11.606342
5273.249809 11.846064
5273.717398 12.117525
5274.184988 12.124243
5274.652578 12.009998
5275.120168 11.806305
5275.587758 11.942941
5276.055348 12.086658
5276.522938 12.252721
5276.990528 12.236871
5277.458118 12.368692
5277.925707 12.544726
5278.393297 12.563041
5278.860887 12.494875
5279.328477 12.371587
5279.796067 12.296173
5280.263657 12.221812
5280.731247 12.211032
5281.198837 11.996503
5281.666427 11.967922
5282.134016 12.238977
5282.601606 12.253607
5283.069196 12.362616
5283.536786 12.513965
5284.004376 12.403963
5284.471966 12.381752
5284.939556 12.348743
5285.407146 12.156259
5285.874736 12.464327
5286.342325 12.642272
5286.809915 12.647632
5287.277505 12.603575
5287.745095 12.588686
5288.212685 12.294539
5288.680275 12.369107
5289.147865 12.452845
5289.615455 12.464267
5290.083045 12.741319
5290.550634 12.717303
5291.018224 12.658468
5291.485814 12.587200
5291.953404 12.710429
5292.420994 12.676163
5292.888584 12.807675
5293.356174 12.957629
5293.823764 12.734463
5294.291353 12.631391
5294.758943 12.471612
5295.226533 12.376263
5295.694123 12.425625
5296.161713 12.189080
5296.629303 12.286178
5297.096893 12.336357
5297.564483 12.367685
5298.032073 12.608894
5298.499662 12.458519
5298.967252 12.259807
5299.434842 12.036161
5299.902432 11.645427
5300.370022 11.937438
5300.837612 12.319935
5301.305202 12.464216
5301.772792 12.285476
5302.240382 12.183410
5302.707971 12.088976
5303.175561 12.091109
5303.643151 12.002265
5304.110741 12.977772
5304.578331 13.965481
5305.045921 14.774486
5305.513511 13.654708
5305.981101 13.051856
5306.448691 12.298287
5306.916280 9.663523
5307.383870 9.020340
5307.851460 11.537230
5308.319050 13.687787
5308.786640 14.846724
5309.254230 14.722904
5309.721820 16.454846
5310.189410 14.084106
5310.657000 11.397520
5311.124589 9.915262
5311.592179 12.044854
5312.059769 14.132388
5312.527359 14.133773
5312.994949 14.366523
5313.462539 14.532304
5313.930129 15.465887
5314.397719 15.751281
5314.865309 16.063083
5315.332898 14.765562
5315.800488 13.186169
5316.268078 10.022573
5316.735668 7.123822
5317.203258 7.913627
5317.670848 10.806819
5318.138438 14.044726
5318.606028 14.838654
5319.073618 15.273763
5319.541207 14.356985
5320.008797 12.869450
5320.476387 11.945914
5320.943977 11.531423
5321.411567 12.023253
5321.879157 12.768599
5322.346747 13.174669
5322.814337 13.212891
5323.281926 12.510447
5323.749516 11.248655
5324.217106 10.259598
5324.684696 9.438238
5325.152286 10.049054
5325.619876 10.147293
5326.087466 11.526751
5326.555056 12.943761
5327.022646 13.443638
5327.490235 12.223723
5327.957825 11.286521
5328.425415 10.452627
5328.893005 10.105424
5329.360595 9.894949
5329.828185 10.942855
5330.295775 11.818341
5330.763365 11.875454
5331.230955 11.613309
5331.698544 11.514784
5332.166134 11.404935
5332.633724 11.776024
5333.101314 11.934598
5333.568904 11.751417
5334.036494 11.588942
5334.504084 11.659259
5334.971674 11.547683
5335.439264 11.600230
5335.906853 11.850667
5336.374443 12.016775
5336.842033 12.089881
5337.309623 11.949833
5337.777213 11.807261
5338.244803 11.978194
5338.712393 11.907978
5339.179983 11.915628
5339.647573 12.005501
5340.115162 11.922563
5340.582752 11.642685
5341.050342 11.373403
5341.517932 11.517508
5341.985522 12.189841
5342.453112 12.689935
5342.920702 13.219433
5343.388292 12.456067
5343.855882 13.339776
5344.323471 14.257449
5344.791061 14.751491
5345.258651 14.700772
5345.726241 14.952963
5346.193831 15.260638
5346.661421 15.457350
5347.129011 15.417079
5347.596601 15.685664
5348.064191 15.752579
5348.531780 16.579631
5348.999370 17.387640
5349.466960 14.786845
5349.934550 12.338859
5350.402140 11.478418
5350.869730 11.698985
5351.337320 11.895980
5351.804910 12.143319
5352.272500 11.570586
5352.740089 11.622284
5353.207679 11.626466
5353.675269 11.601661
5354.142859 11.808987
5354.610449 12.251839
5355.078039 12.535184
5355.545629 12.411405
5356.013219 11.936390
5356.480808 11.983526
5356.948398 11.859692
5357.415988 11.901280
5357.883578 12.141020
5358.351168 12.193964
5358.818758 12.373973
5359.286348 12.950649
5359.753938 12.969550
5360.221528 13.260761
5360.689117 12.189523
5361.156707 11.150199
5361.624297 11.175508
5362.091887 11.098091
5362.559477 11.573781
5363.027067 12.072042
5363.494657 12.693929
5363.962247 12.958645
5364.429837 12.510614
5364.897426 11.720361
5365.365016 11.720813
5365.832606 11.822824
5366.300196 11.932008
5366.767786 11.714317
5367.235376 11.563776
5367.702966 11.937968
5368.170556 12.113453
5368.638146 12.963589
5369.105735 13.190177
5369.573325 13.181899
5370.040915 12.645952
5370.508505 11.273742
5370.976095 9.456880
5371.443685 8.642021
5371.911275 9.387967
5372.378865 9.619115
5372.846455 10.753233
5373.314044 11.875957
5373.781634 12.699589
5374.249224 12.530424
5374.716814 12.120928
5375.184404 11.641586
5375.651994 11.144641
5376.119584 10.829838
5376.587174 11.213476
5377.054764 11.476129
5377.522353 11.352955
5377.989943 11.473035
5378.457533 11.708736
5378.925123 12.534131
5379.392713 13.218472
5379.860303 14.297878
5380.327893 13.558662
5380.795483 12.747699
5381.263073 11.666410
5381.730662 10.927753
5382.198252 11.093940
5382.665842 11.638535
5383.133432 11.499531
5383.601022 11.324507
5384.068612 13.614963
5384.536202 15.514357
5385.003792 16.142306
5385.471382 14.385489
5385.938971 12.894519
5386.406561 12.467845
5386.874151 12.049106
5387.341741 11.497725
5387.809331 11.445104
5388.276921 11.442431
5388.744511 11.513122
5389.212101 11.779561
5389.679690 11.782695
5390.147280 12.011595
5390.614870 12.830966
5391.082460 13.635373
5391.550050 13.010338
5392.017640 12.811626
5392.485230 10.728820
5392.952820 10.299985
5393.420410 9.621470
5393.887999 10.787281
5394.355589 10.453158
5394.823179 12.121403
5395.290769 12.356342
5395.758359 12.372187
5396.225949 12.179781
5396.693539 12.124635
5397.161129 11.453775
5397.628719 11.412132
5398.096308 11.366210
5398.563898 11.287648
5399.031488 10.979211
5399.499078 10.837853
5399.966668 11.035539
5400.434258 11.612963
5400.901848 12.521292
5401.369438 12.752196
5401.837028 13.084764
5402.304617 12.642716
5402.772207 12.682161
5403.239797 12.379103
5403.707387 12.024181
5404.174977 11.660939
5404.642567 11.894350
5405.110157 12.873144
5405.577747 15.925921
5406.045337 16.689698
5406.512926 14.931015
5406.980516 12.759116
5407.448106 11.531469
5407.915696 11.253798
5408.383286 10.511923
5408.850876 10.599063
5409.318466 11.413005
5409.786056 11.283977
5410.253646 11.395447
5410.721235 11.395364
5411.188825 11.226693
5411.656415 11.460667
5412.124005 11.631605
5412.591595 11.557599
5413.059185 11.406620
5413.526775 11.248960
5413.994365 11.091794
5414.461955 10.779202
5414.929544 11.422907
5415.397134 11.873247
5415.864724 12.552293
5416.332314 12.921993
5416.799904 12.738466
5417.267494 11.887577
5417.735084 10.664967
5418.202674 8.731547
5418.670264 8.297449
5419.137853 8.953564
5419.605443 9.882299
5420.073033 11.301387
5420.540623 12.565312
5421.008213 13.211737
5421.475803 12.432772
5421.943393 11.498852
5422.410983 11.812016
5422.878572 11.878349
5423.346162 11.799025
5423.813752 11.587806
5424.281342 11.340763
5424.748932 11.570909
5425.216522 12.256631
5425.684112 13.029276
5426.151702 12.971973
5426.619292 12.582980
5427.086881 10.928524
5427.554471 8.882522
5428.022061 8.101581
5428.489651 7.281823
5428.957241 9.117498
5429.424831 10.643278
5429.892421 11.975987
5430.360011 12.515364
5430.827601 13.211773
5431.295190 12.680111
5431.762780 12.027906
5432.230370 11.260451
5432.697960 11.135057
5433.165550 10.943759
5433.633140 10.883881
5434.100730 11.076577
5434.568320 11.358191
5435.035910 11.450035
5435.503499 11.339664
5435.971089 11.354428
5436.438679 11.409487
5436.906269 11.337628
5437.373859 11.156981
5437.841449 11.152342
5438.309039 11.254232
5438.776629 11.082043
5439.244219 11.326922
5439.711808 11.818382
5440.179398 11.636900
5440.646988 11.413729
5441.114578 11.401897
5441.582168 11.333574
5442.049758 11.287832
5442.517348 11.509119
5442.984938 11.754432
5443.452528 11.983217
5443.920117 12.258611
5444.387707 12.421470
5444.855297 12.729897
5445.322887 12.896680
5445.790477 12.484248
5446.258067 11.273788
5446.725657 10.174850
5447.193247 8.951911
5447.660837 9.602463
5448.128426 9.974144
5448.596016 11.250072
5449.063606 11.985022
5449.531196 11.687504
5449.998786 12.352760
5450.466376 11.752715
5450.933966 11.236656
5451.401556 11.350305
5451.869145 11.538048
5452.336735 11.742904
5452.804325 11.875648
5453.271915 12.135531
5453.739505 11.964911
5454.207095 11.268613
5454.674685 10.897662
5455.142275 10.334172
5455.609865 9.658223
5456.077454 8.162217
5456.545044 10.298568
5457.012634 12.822319
5457.480224 13.271694
5457.947814 13.080069
5458.415404 12.735340
5458.882994 11.887453
5459.350584 11.543952
5459.818174 10.923187
5460.285763 11.169331
5460.753353 11.228632
5461.220943 11.506077
5461.688533 11.672236
5462.156123 11.290454
5462.623713 11.269776
5463.091303 11.070012
5463.558893 11.145509
5464.026483 10.945015
5464.494072 10.907468
5464.961662 10.931696
5465.429252 11.215041
5465.896842 11.209358
5466.364432 11.179128
5466.832022 11.110824
5467.299612 11.124955
5467.767202 11.207216
5468.234792 11.111609
5468.702381 11.302172
5469.169971 11.574649
5469.637561 11.419260
5470.105151 11.370993
5470.572741 11.111179
5471.040331 11.104697
5471.507921 11.351266
5471.975511 11.174899
5472.443101 11.135763
5472.910690 10.820840
5473.378280 10.886060
5473.845870 11.083133
5474.313460 11.168015
5474.781050 11.302970
5475.248640 11.292911
5475.716230 11.235788
5476.183820 11.175000
5476.651410 11.141446
5477.118999 10.802161
5477.586589 10.798855
5478.054179 10.328045
5478.521769 10.085798
5478.989359 10.395809
5479.456949 10.905127
5479.924539 11.162235
5480.392129 11.445409
5480.859719 11.746094
5481.327308 11.459342
5481.794898 11.286706
5482.262488 11.339728
5482.730078 11.515264
5483.197668 11.939580
5483.665258 11.450400
5484.132848 11.423789
5484.600438 11.348025
5485.068027 11.046056
5485.535617 10.415629
5486.003207 9.617624
5486.470797 9.972749
5486.938387 11.144909
5487.405977 11.400087
5487.873567 11.503556
5488.341157 11.798715
5488.808747 11.396560
5489.276336 11.493774
5489.743926 11.151714
5490.211516 11.181870
5490.679106 11.172738
5491.146696 11.012077
5491.614286 10.984146
5492.081876 11.026057
5492.549466 11.081300
5493.017056 11.290062
5493.484645 11.377950
5493.952235 11.431550
5494.419825 11.265215
5494.887415 11.249227
5495.355005 11.201519
5495.822595 11.355998
5496.290185 11.290976
5496.757775 11.346617
5497.225365 11.288483
5497.692954 11.506183
5498.160544 11.368892
5498.628134 11.347129
5499.095724 11.356081
5499.563314 11.218540
5500.030904 11.141797
5500.498494 11.128201
5500.966084 11.325121
5501.433674 11.524355
5501.901263 11.519849
5502.368853 11.590442
5502.836443 11.659125
5503.304033 11.467186
5503.771623 11.165176
5504.239213 10.992830
5504.706803 11.204159
5505.174393 11.122310
5505.641983 11.173611
5506.109572 11.274065
5506.577162 11.432653
5507.044752 11.377091
5507.512342 11.193541
5507.979932 11.080898
5508.447522 11.061624
5508.915112 11.148247
5509.382702 11.160185
5509.850292 11.037141
5510.317881 11.304979
5510.785471 12.027241
5511.253061 12.643879
5511.720651 12.177108
5512.188241 11.490431
5512.655831 10.790361
5513.123421 10.881854
5513.591011 10.031086
5514.058601 9.840721
5514.526190 10.599622
5514.993780 11.191366
5515.461370 11.354728
5515.928960 11.278206
5516.396550 11.004774
5516.864140 11.240617
5517.331730 11.501497
5517.799320 11.762474
5518.266909 11.953818
5518.734499 12.300951
5519.202089 12.124261
5519.669679 11.738454
5520.137269 10.350007
5520.604859 9.755599
5521.072449 9.609896
5521.540039 9.679372
5522.007629 10.572319
5522.475218 11.666456
5522.942808 12.050782
5523.410398 12.255371
5523.877988 11.888131
5524.345578 12.060851
5524.813168 11.450178
5525.280758 11.149632
5525.748348 10.809141
5526.215938 10.686296
5526.683527 11.013014
5527.151117 11.178989
5527.618707 11.633456
5528.086297 12.060108
5528.553887 12.563669
5529.021477 12.835268
5529.489067 12.730013
5529.956657 11.140555
5530.424247 9.624720
5530.891836 9.658247
5531.359426 10.005962
5531.827016 10.179766
5532.294606 10.803417
5532.762196 11.302592
5533.229786 11.763000
5533.697376 11.203892
5534.164966 11.132878
5534.632556 11.058655
5535.100145 10.962235
5535.567735 11.050170
5536.035325 11.480214
5536.502915 11.253013
5536.970505 11.041089
5537.438095 10.357112
5537.905685 9.720826
5538.373275 9.965238
5538.840865 11.101784
5539.308454 11.479429
5539.776044 11.990234
5540.243634 12.677041
5540.711224 13.701314
5541.178814 13.129389
5541.646404 11.664531
5542.113994 10.352223
5542.581584 9.225561
5543.049174 8.879018
5543.516763 8.339890
5543.984353 9.467166
5544.451943 10.651177
5544.919533 10.599705
5545.387123 11.366256
5545.854713 11.268502
5546.322303 11.408240
5546.789893 11.426901
5547.257483 11.459328
5547.725072 11.434343
5548.192662 11.380258
5548.660252 11.433618
5549.127842 11.290999
5549.595432 11.423475
5550.063022 11.511197
5550.530612 11.871894
5550.998202 12.042481
5551.465791 11.993743
5551.933381 11.822043
5552.400971 11.063955
5552.868561 10.806371
5553.336151 10.902251
5553.803741 11.103026
5554.271331 11.325181
5554.738921 12.114732
5555.206511 12.029577
5555.674100 11.836175
5556.141690 11.595987
5556.609280 11.170300
5557.076870 10.471407
5557.544460 10.283166
5558.012050 10.620393
5558.479640 10.769392
5558.947230 11.155213
5559.414820 11.446443
5559.882409 11.616120
5560.349999 11.462094
5560.817589 11.668197
5561.285179 11.372913
5561.752769 11.339788
5562.220359 11.044108
5562.687949 11.074560
5563.155539 11.032160
5563.623129 10.831417
5564.090718 10.884513
5564.558308 10.925519
5565.025898 10.944073
5565.493488 10.988186
5565.961078 11.017567
5566.428668 10.970195
5566.896258 11.042644
5567.363848 11.136465
5567.831438 11.267980
5568.299027 11.203868
5568.766617 11.099974
5569.234207 11.192170
5569.701797 11.318215
5570.169387 11.283119
5570.636977 11.181879
5571.104567 11.103257
5571.572157 11.030207
5572.039747 11.167784
5572.507336 11.373504
5572.974926 11.323025
5573.442516 11.304900
5573.910106 10.927329
5574.377696 10.903816
5574.845286 10.892819
5575.312876 10.766682
5575.780466 10.965204
5576.248056 11.156520
5576.715645 11.046398
5577.183235 11.228272
5577.650825 11.190748
5578.118415 11.386629
5578.586005 11.420304
5579.053595 11.427570
5579.521185 11.550102
5579.988775 11.787889
5580.456364 12.266474
5580.923954 11.927969
5581.391544 11.210766
5581.859134 9.587703
5582.326724 8.191155
5582.794314 6.186850
5583.261904 5.560375
5583.729494 9.123472
5584.197084 10.945975
5584.664673 11.986471
5585.132263 12.790976
5585.599853 14.757991
5586.067443 13.515196
5586.535033 12.806839
5587.002623 11.291913
5587.470213 9.745927
5587.937803 8.800470
5588.405393 9.257509
5588.872982 10.284048
5589.340572 11.343200
5589.808162 11.634500
5590.275752 11.853492
5590.743342 11.183915
5591.210932 11.021237
5591.678522 10.358248
5592.146112 9.697664
5592.613702 10.217646
5593.081291 10.905335
5593.548881 11.154853
5594.016471 10.763875
5594.484061 10.578431
5594.951651 10.355889
5595.419241 10.388769
5595.886831 10.355178
5596.354421 10.554877
5596.822011 11.071032
5597.289600 11.305593
5597.757190 10.747449
5598.224780 10.624428
5598.692370 10.567573
5599.159960 10.743547
5599.627550 10.833758
5600.095140 10.945592
5600.562730 11.172881
5601.030320 11.455714
5601.497909 11.172466
5601.965499 10.942905
5602.433089 10.704310
5602.900679 10.453204
5603.368269 10.354222
5603.835859 10.418449
5604.303449 10.454880
5604.771039 10.697464
5605.238629 10.852778
5605.706218 11.133930
5606.173808 11.142656
5606.641398 11.449897
5607.108988 11.344225
5607.576578 11.376233
5608.044168 11.087015
5608.511758 11.103262
5608.979348 11.105464
5609.446938 11.090113
5609.914527 11.066670
5610.382117 11.111461
5610.849707 11.010009
5611.317297 10.961991
5611.784887 11.202193
5612.252477 11.439975
5612.720067 11.705897
5613.187657 12.081681
5613.655246 12.188983
5614.122836 12.025893
5614.590426 11.480256
5615.058016 11.299937
5615.525606 10.794248
5615.993196 11.123455
5616.460786 11.500195
5616.928376 11.624047
5617.395966 11.588974
5617.863555 11.977275
5618.331145 11.403670
5618.798735 10.957443
5619.266325 10.561216
5619.733915 10.682658
5620.201505 10.741844
5620.669095 10.889509
5621.136685 10.626191
5621.604275 10.830263
5622.071864 10.730408
5622.539454 10.970744
5623.007044 11.177936
5623.474634 11.001274
5623.942224 10.575421
5624.409814 10.573104
5624.877404 11.149853
5625.344994 11.184815
5625.812584 11.696442
5626.280173 11.641341
5626.747763 12.208363
5627.215353 12.325378
5627.682943 12.575681
5628.150533 10.672252
5628.618123 8.285404
5629.085713 6.265394
5629.553303 4.901425
5630.020893 8.626573
5630.488482 13.101273
5630.956072 14.140915
5631.423662 13.271943
5631.891252 13.352449
5632.358842 12.611701
5632.826432 11.140643
5633.294022 10.697787
5633.761612 10.859971
5634.229202 10.936276
5634.696791 11.126045
5635.164381 11.188481
5635.631971 10.885003
5636.099561 10.904139
5636.567151 10.451075
5637.034741 10.143761
5637.502331 10.094131
5637.969921 10.123198
5638.437511 10.132094
5638.905100 10.658319
5639.372690 11.990797
5639.840280 12.402278
5640.307870 12.588940
5640.775460 12.034702
5641.243050 12.006817
5641.710640 10.535690
5642.178230 9.161010
5642.645820 8.856821
5643.113409 9.691477
5643.580999 11.136705
5644.048589 11.129133
5644.516179 10.946917
5644.983769 10.862233
5645.451359 10.689287
5645.918949 10.763067
5646.386539 10.495206
5646.854128 10.711457
5647.321718 10.593542
5647.789308 10.597725
5648.256898 10.429202
5648.724488 10.186539
5649.192078 10.659205
5649.659668 11.447094
5650.127258 12.153065
5650.594848 12.174020
5651.062437 12.679220
5651.530027 12.684012
5651.997617 12.664525
5652.465207 10.813278
5652.932797 10.005140
5653.400387 9.070112
5653.867977 9.750640
5654.335567 10.416672
5654.803157 12.071192
5655.270746 12.958072
5655.738336 13.117602
5656.205926 12.024393
5656.673516 10.839533
5657.141106 10.592628
5657.608696 10.652492
5658.076286 10.132745
5658.543876 10.434862
5659.011466 10.442461
5659.479055 10.398838
5659.946645 10.400537
5660.414235 10.417688
5660.881825 10.192361
5661.349415 10.500063
5661.817005 10.442788
5662.284595 10.324176
5662.752185 10.088416
5663.219775 9.695914
5663.687364 9.744315
5664.154954 9.814738
5664.622544 9.936494
5665.090134 10.207065
5665.557724 10.420384
5666.025314 10.869394
5666.492904 11.481609
5666.960494 12.290416
5667.428084 12.278394
5667.895673 11.293368
5668.363263 10.638135
5668.830853 10.936885
5669.298443 12.003364
5669.766033 14.715093
5670.233623 14.228230
5670.701213 13.071888
5671.168803 11.968452
5671.636393 13.371987
5672.103982 11.650736
5672.571572 12.025750
5673.039162 12.973649
5673.506752 14.107961
5673.974342 14.604361
5674.441932 13.972724
5674.909522 15.232905
5675.377112 13.407110
5675.844702 11.949630
5676.312291 11.280025
5676.779881 10.045610
5677.247471 10.804765
5677.715061 9.853039
5678.182651 11.054454
5678.650241 12.083824
5679.117831 12.799863
5679.585421 13.233320
5680.053010 12.853961
5680.520600 12.583276
5680.988190 11.445340
5681.455780 10.969571
5681.923370 11.850561
5682.390960 11.474582
5682.858550 11.088239
5683.326140 10.975744
5683.793730 11.115343
5684.261319 9.997315
5684.728909 10.340058
5685.196499 9.399241
5685.664089 9.012625
5686.131679 9.546961
5686.599269 10.031561
5687.066859 10.290918
5687.534449 10.368427
5688.002039 10.303281
5688.469628 10.297127
5688.937218 10.306495
5689.404808 10.280766
5689.872398 10.015098
5690.339988 9.697936
5690.807578 9.801350
5691.275168 10.185934
5691.742758 10.318997
5692.210348 10.343179
5692.677937 10.020070
5693.145527 9.633104
5693.613117 9.542368
5694.080707 10.087576
5694.548297 10.082525
5695.015887 10.614825
5695.483477 11.135491
5695.951067 10.746437
5696.418657 10.888087
5696.886246 10.602932
5697.353836 10.085138
5697.821426 10.338465
5698.289016 10.435111
5698.756606 10.462562
5699.224196 10.682150
5699.691786 10.733645
5700.159376 10.735681
5700.626966 10.667520
5701.094555 10.457405
5701.562145 10.786806
5702.029735 10.522523
5702.497325 9.798525
5702.964915 10.043971
5703.432505 10.542749
5703.900095 10.434686
5704.367685 10.392877
5704.835275 10.267225
5705.302864 10.330164
5705.770454 10.171239
5706.238044 11.226444
5706.705634 11.639887
5707.173224 12.863809
5707.640814 13.311342
5708.108404 14.322969
5708.575994 14.884594
5709.043583 14.261083
5709.511173 14.732165
5709.978763 14.028004
5710.446353 16.148732
5710.913943 14.657306
5711.381533 16.591376
5711.849123 17.399855
5712.316713 14.278538
5712.784303 11.448858
5713.251892 10.625291
5713.719482 10.296393
5714.187072 11.597621
5714.654662 11.849845
5715.122252 11.588466
5715.589842 12.189103
5716.057432 11.530407
5716.525022 11.424934
5716.992612 10.877154
5717.460201 10.850622
5717.927791 11.960387
5718.395381 12.280444
5718.862971 12.178553
5719.330561 11.247030
5719.798151 10.792254
5720.265741 10.646786
5720.733331 10.562726
5721.200921 10.428297
5721.668510 10.467035
5722.136100 10.447950
5722.603690 10.765080
5723.071280 11.085501
5723.538870 11.294028
5724.006460 12.208894
5724.474050 12.453219
5724.941640 12.932778
5725.409230 12.585062
5725.876819 12.144704
5726.344409 11.527355
5726.811999 11.331982
5727.279589 11.606449
5727.747179 11.354289
5728.214769 11.776643
5728.682359 11.596753
5729.149949 11.416056
5729.617539 11.295496
5730.085128 10.970883
5730.552718 10.928580
5731.020308 10.775195
5731.487898 10.757901
5731.955488 11.112652
5732.423078 11.185928
5732.890668 11.003938
5733.358258 11.693958
5733.825848 12.085370
5734.293437 12.590321
5734.761027 12.652932
5735.228617 12.361541
5735.696207 12.974411
5736.163797 12.718729
5736.631387 10.958413
5737.098977 10.845433
5737.566567 11.994712
5738.034157 13.270983
5738.501746 12.799268
5738.969336 12.183849
5739.436926 11.607460
5739.904516 11.453927
5740.372106 12.094627
5740.839696 12.171144
5741.307286 11.612672
5741.774876 10.938233
5742.242465 10.146725
5742.710055 10.091680
5743.177645 10.917698
5743.645235 10.570532
5744.112825 10.498018
5744.580415 10.442959
5745.048005 10.908816
5745.515595 12.256368
5745.983185 13.285068
5746.450774 14.343301
5746.918364 14.463885
5747.385954 14.867010
5747.853544 13.875344
5748.321134 12.818367
5748.788724 13.658789
5749.256314 13.449215
5749.723904 15.304118
5750.191494 15.607250
5750.659083 17.356989
5751.126673 15.683254
5751.594263 14.351648
5752.061853 12.781198
5752.529443 10.027434
5752.997033 9.502955
5753.464623 9.578165
5753.932213 9.472263
5754.399803 9.854908
5754.867392 10.624621
5755.334982 10.367638
5755.802572 10.312436
5756.270162 10.385366
5756.737752 10.476467
5757.205342 10.975744
5757.672932 10.978819
5758.140522 11.052783
5758.608112 11.627967
5759.075701 12.010963
5759.543291 11.893782
5760.010881 11.438858
5760.478471 11.294194
5760.946061 10.299860
5761.413651 10.933806
5761.881241 11.041375
5762.348831 10.754932
5762.816421 11.883011
5763.284010 11.980521
5763.751600 10.944540
5764.219190 10.352311
5764.686780 9.999988
5765.154370 10.398616
5765.621960 10.689828
5766.089550 10.711725
5766.557140 10.296509
5767.024730 9.923757
5767.492319 10.256588
5767.959909 11.034819
5768.427499 11.362359
5768.895089 12.040247
5769.362679 12.249821
5769.830269 12.791138
5770.297859 15.314985
5770.765449 15.239609
5771.233039 16.249699
5771.700628 14.005129
5772.168218 15.332081
5772.635808 14.326169
5773.103398 14.092537
5773.570988 14.497836
5774.038578 15.766775
5774.506168 16.033532
5774.973758 15.044831
5775.441347 14.849388
5775.908937 13.068785
5776.376527 11.193781
5776.844117 9.849992
5777.311707 10.132178
5777.779297 9.761374
5778.246887 10.058417
5778.714477 10.365911
5779.182067 10.457696
5779.649656 10.256985
5780.117246 10.793343
5780.584836 11.283382
5781.052426 10.558649
5781.520016 10.638716
5781.987606 10.171442
5782.455196 10.264760
5782.922786 9.833884
5783.390376 9.775847
5783.857965 9.611433
5784.325555 9.957533
5784.793145 11.113238
5785.260735 11.549876
5785.728325 11.885338
5786.195915 12.647166
5786.663505 12.708263
5787.131095 12.506874
5787.598685 12.237559
5788.066274 11.029238
5788.533864 10.782595
5789.001454 11.400327
5789.469044 11.035336
5789.936634 11.588406
5790.404224 11.780766
5790.871814 12.143817
5791.339404 12.053991
5791.806994 11.663091
5792.274583 10.876430
5792.742173 10.755205
5793.209763 10.657866
5793.677353 10.102783
5794.144943 10.312529
5794.612533 11.095178
5795.080123 11.283229
5795.547713 11.704142
5796.015303 12.664806
5796.482892 13.286933
5796.950482 14.768319
5797.418072 16.175052
5797.885662 17.655699
5798.353252 17.178573
5798.820842 15.299995
5799.288432 14.477047
5799.756022 14.653441
5800.223612 13.111573
5800.691201 10.791935
5801.158791 15.904823
5801.626381 16.297773
5802.093971 15.844825
5802.561561 16.136683
5803.029151 14.108787
5803.496741 11.885407
5803.964331 10.762116
5804.431921 11.151820
5804.899510 10.435259
5805.367100 10.736027
5805.834690 11.951001
5806.302280 12.880401
5806.769870 12.916310
5807.237460 14.301885
5807.705050 13.810235
5808.172640 12.653574
5808.640229 12.132737
5809.107819 10.706840
5809.575409 9.062629
5810.042999 8.424948
5810.510589 8.895911
5810.978179 11.461743
5811.445769 12.390658
5811.913359 13.005703
5812.380949 13.505090
5812.848538 11.780258
5813.316128 10.951202
5813.783718 11.199229
5814.251308 10.909250
5814.718898 11.388753
5815.186488 10.995337
5815.654078 11.618687
5816.121668 13.366100
5816.589258 13.703691
5817.056847 13.660890
5817.524437 13.253892
5817.992027 14.032792
5818.459617 14.492268
5818.927207 15.346818
5819.394797 16.357194
5819.862387 17.854281
5820.329977 17.171555
5820.797567 16.763860
5821.265156 15.407735
5821.732746 12.545682
5822.200336 9.678842
5822.667926 8.802229
5823.135516 11.765332
5823.603106 12.950201
5824.070696 14.139110
5824.538286 16.171816
5825.005876 16.038278
5825.473465 13.451094
5825.941055 12.196268
5826.408645 12.843491
5826.876235 14.235700
5827.343825 13.781856
5827.811415 14.367331
5828.279005 14.409579
5828.746595 14.904095
5829.214185 14.350960
5829.681774 13.832118
5830.149364 13.388154
5830.616954 12.771323
5831.084544 12.460772
5831.552134 13.612267
5832.019724 13.546151
5832.487314 13.908137
5832.954904 13.108226
5833.422494 11.998244
5833.890083 11.575771
5834.357673 12.427993
5834.825263 12.327857
5835.292853 12.380654
5835.760443 12.036346
5836.228033 11.491668
5836.695623 12.805569
5837.163213 11.343634
5837.630802 10.815060
5838.098392 10.222000
5838.565982 10.563016
5839.033572 10.561899
5839.501162 10.751396
5839.968752 10.221811
5840.436342 10.369125
5840.903932 10.761977
5841.371522 10.530621
5841.839111 10.392504
5842.306701 10.339282
5842.774291 10.351036
5843.241881 10.249349
5843.709471 9.985888
5844.177061 10.166914
5844.644651 10.271537
5845.112241 10.743354
5845.579831 10.725048
5846.047420 11.176805
5846.515010 11.413577
5846.982600 11.447404
5847.450190 11.655395
5847.917780 11.313515
5848.385370 11.186888
5848.852960 10.693576
5849.320550 10.256537
5849.788140 10.364425
5850.255729 10.899605
5850.723319 10.925671
5851.190909 11.562050
5851.658499 11.428909
5852.126089 12.144976
5852.593679 11.271420
5853.061269 12.041747
5853.528859 11.955383
5853.996449 12.158799
5854.464038 12.163360
5854.931628 12.006549
5855.399218 11.204173
5855.866808 10.860461
5856.334398 11.901751
5856.801988 11.984597
5857.269578 12.299723
5857.737168 10.807747
5858.204758 10.479560
5858.672347 10.752116
5859.139937 10.457188
5859.607527 10.811884
5860.075117 12.921901
5860.542707 14.927968
5861.010297 18.576724
5861.477887 22.561953
5861.945477 25.675846
5862.413067 29.733174
5862.880656 26.508129
5863.348246 26.015007
5863.815836 25.855740
5864.283426 19.517979
5864.751016 17.179921
5865.218606 16.388865
5865.686196 8.791837
5866.153786 10.102049
5866.621376 15.096445
5867.088965 18.946364
5867.556555 19.760152
5868.024145 20.537391
5868.491735 22.565979
5868.959325 20.668399
5869.426915 19.372018
5869.894505 16.686747
5870.362095 15.692852
5870.829684 16.472478
5871.297274 16.479518
5871.764864 19.762872
5872.232454 18.014517
5872.700044 16.451679
5873.167634 14.671216
5873.635224 13.439469
5874.102814 12.396720
5874.570404 11.265354
5875.037993 12.189892
5875.505583 13.669675
5875.973173 14.129119
5876.440763 12.822960
5876.908353 12.036096
5877.375943 11.507333
5877.843533 12.826769
5878.311123 13.005620
5878.778713 13.102053
5879.246302 13.804857
5879.713892 15.830305
5880.181482 15.210242
5880.649072 13.201266
5881.116662 11.017534
5881.584252 10.620282
5882.051842 11.829051
5882.519432 11.187922
5882.987022 11.363975
5883.454611 11.695417
5883.922201 12.778649
5884.389791 11.899276
5884.857381 10.838425
5885.324971 9.449572
