1843.564155 106.963173
1843.981767 107.235960
1844.399380 104.576175
1844.816992 100.198198
1845.234604 99.057215
1845.652217 106.142150
1846.069829 99.106593
1846.487441 111.808240
1846.905054 102.197751
1847.322666 104.633959
1847.740278 100.813436
1848.157891 102.324159
1848.575503 111.662140
1848.993115 100.237658
1849.410728 107.421459
1849.828340 109.709931
1850.245952 105.517623
1850.663565 113.574708
1851.081177 107.462953
1851.498789 102.682864
1851.916402 120.812902
1852.334014 113.146278
1852.751627 111.137980
1853.169239 104.294632
1853.586851 98.123373
1854.004464 105.067658
1854.422076 107.157720
1854.839688 116.871301
1855.257301 113.982053
1855.674913 111.126450
1856.092525 112.539070
1856.510138 108.374655
1856.927750 116.305527
1857.345362 114.974090
1857.762975 112.405711
1858.180587 117.622127
1858.598199 119.279943
1859.015812 110.395306
1859.433424 120.435873
1859.851036 116.530279
1860.268649 111.478203
1860.686261 106.312171
1861.103873 106.996795
1861.521486 105.535293
1861.939098 101.491738
1862.356710 101.717205
1862.774323 99.793627
1863.191935 111.561421
1863.609547 114.870913
1864.027160 109.405327
1864.444772 111.613343
1864.862384 109.212029
1865.279997 108.308272
1865.697609 101.546736
1866.115221 102.462665
1866.532834 106.111460
1866.950446 102.563857
1867.368058 113.317122
1867.785671 111.903218
1868.203283 106.240350
1868.620896 105.723517
1869.038508 112.625836
1869.456120 111.210867
1869.873733 105.987874
1870.291345 104.048309
1870.708957 108.515039
1871.126570 109.291770
1871.544182 109.152888
1871.961794 111.047169
1872.379407 107.128434
1872.797019 104.300458
1873.214631 103.616669
1873.632244 99.412601
1874.049856 111.290391
1874.467468 109.460677
1874.885081 104.074422
1875.302693 96.957427
1875.720305 106.271852
1876.137918 108.246176
1876.555530 111.219454
1876.973142 106.790815
1877.390755 110.055143
1877.808367 105.763510
1878.225979 108.222535
1878.643592 101.996398
1879.061204 109.059981
1879.478816 116.689533
1879.896429 108.292660
1880.314041 109.854057
1880.731653 106.179429
1881.149266 105.028792
1881.566878 107.480866
1881.984490 107.175499
1882.402103 108.986598
1882.819715 108.404279
1883.237327 117.717892
1883.654940 110.370017
1884.072552 112.817621
1884.490164 119.878479
1884.907777 114.805971
1885.325389 111.357258
1885.743002 105.972105
1886.160614 119.970478
1886.578226 120.048112
1886.995839 121.010101
1887.413451 123.903819
1887.831063 116.667587
1888.248676 120.477112
1888.666288 128.364589
1889.083900 123.932026
1889.501513 125.950727
1889.919125 125.526838
1890.336737 124.438794
1890.754350 132.511334
1891.171962 131.767605
1891.589574 129.748468
1892.007187 130.886800
1892.424799 138.517066
1892.842411 131.251246
1893.260024 131.821126
1893.677636 133.061436
1894.095248 135.508386
1894.512861 138.149277
1894.930473 128.059719
1895.348085 120.608182
1895.765698 129.423736
1896.183310 134.673640
1896.600922 128.654113
1897.018535 131.914215
1897.436147 128.431117
1897.853759 123.700600
1898.271372 131.425844
1898.688984 124.272673
1899.106596 122.783339
1899.524209 119.177081
1899.941821 119.522390
1900.359433 121.970527
1900.777046 123.476660
1901.194658 120.499797
1901.612270 126.203869
1902.029883 126.538751
1902.447495 126.621084
1902.865108 125.859153
1903.282720 133.873243
1903.700332 136.543625
1904.117945 140.273760
1904.535557 142.006788
1904.953169 141.678616
1905.370782 144.938063
1905.788394 151.416723
1906.206006 147.239337
1906.623619 152.489956
1907.041231 149.601495
1907.458843 142.935761
1907.876456 147.663976
1908.294068 158.402599
1908.711680 147.251194
1909.129293 151.683950
1909.546905 151.370833
1909.964517 143.999498
1910.382130 136.905939
1910.799742 142.081346
1911.217354 142.051249
1911.634967 143.087372
1912.052579 139.679790
1912.470191 142.689499
1912.887804 139.858167
1913.305416 133.718410
1913.723028 136.682979
1914.140641 135.521963
1914.558253 135.073512
1914.975865 129.242100
1915.393478 126.788549
1915.811090 127.641935
1916.228702 123.999778
1916.646315 124.769836
1917.063927 122.889920
1917.481539 116.233561
1917.899152 118.631799
1918.316764 116.804967
1918.734377 115.870980
1919.151989 113.248244
1919.569601 116.382943
1919.987214 111.976905
1920.404826 103.261040
1920.822438 105.932561
1921.240051 107.097005
1921.657663 101.890157
1922.075275 101.796366
1922.492888 100.511643
1922.910500 101.621973
1923.328112 101.528291
1923.745725 103.250491
1924.163337 102.338935
1924.580949 104.851747
1924.998562 100.443237
1925.416174 103.292591
1925.833786 104.230453
1926.251399 99.938650
1926.669011 98.128581
1927.086623 95.753379
1927.504236 94.897571
1927.921848 98.954703
1928.339460 98.385101
1928.757073 99.758008
1929.174685 97.433904
1929.592297 94.277961
1930.009910 93.085504
1930.427522 99.558919
1930.845134 93.856071
1931.262747 96.579392
1931.680359 97.700913
1932.097971 96.564483
1932.515584 98.144410
1932.933196 95.149187
1933.350808 95.821058
1933.768421 95.756903
1934.186033 90.530858
1934.603645 91.791806
1935.021258 98.643160
1935.438870 96.558040
1935.856483 89.325127
1936.274095 89.086228
1936.691707 90.334350
1937.109320 88.921355
1937.526932 90.173425
1937.944544 85.470571
1938.362157 86.018239
1938.779769 89.162688
1939.197381 89.290246
1939.614994 85.710571
1940.032606 87.241072
1940.450218 88.988428
1940.867831 88.185850
1941.285443 88.615940
1941.703055 88.070900
1942.120668 87.734953
1942.538280 89.960530
1942.955892 87.416058
1943.373505 84.184722
1943.791117 85.280845
1944.208729 89.792883
1944.626342 90.101943
1945.043954 89.911333
1945.461566 86.028388
1945.879179 89.761260
1946.296791 86.045647
1946.714403 85.561964
1947.132016 87.507463
1947.549628 91.981133
1947.967240 89.885584
1948.384853 89.873545
1948.802465 84.995014
1949.220077 84.741909
1949.637690 88.270170
1950.055302 82.780641
1950.472914 85.842732
1950.890527 88.860495
1951.308139 85.301035
1951.725751 87.618186
1952.143364 88.905961
1952.560976 88.981597
1952.978589 85.384688
1953.396201 87.940073
1953.813813 88.066928
1954.231426 86.773764
1954.649038 85.054966
1955.066650 80.777745
1955.484263 85.646272
1955.901875 88.528932
1956.319487 89.135279
1956.737100 84.776730
1957.154712 85.463195
1957.572324 88.395294
1957.989937 85.583304
1958.407549 81.475232
1958.825161 82.036707
1959.242774 83.303105
1959.660386 83.474688
1960.077998 83.836844
1960.495611 84.990884
1960.913223 81.322094
1961.330835 80.889836
1961.748448 84.392772
1962.166060 80.498806
1962.583672 82.521504
1963.001285 81.816956
1963.418897 80.788149
1963.836509 81.185865
1964.254122 82.020295
1964.671734 83.938871
1965.089346 85.901375
1965.506959 79.974489
1965.924571 82.299731
1966.342183 81.590315
1966.759796 81.752063
1967.177408 78.001024
1967.595020 77.932001
1968.012633 81.224367
1968.430245 78.361279
1968.847858 80.279940
1969.265470 80.360784
1969.683082 79.848191
1970.100695 77.989324
1970.518307 78.295357
1970.935919 79.110676
1971.353532 79.289961
1971.771144 77.589646
1972.188756 77.024090
1972.606369 77.644584
1973.023981 79.101895
1973.441593 78.351009
1973.859206 79.143510
1974.276818 77.754677
1974.694430 76.612458
1975.112043 77.794499
1975.529655 77.635452
1975.947267 79.493725
1976.364880 79.244374
1976.782492 79.038310
1977.200104 77.415580
1977.617717 77.791205
1978.035329 79.215985
1978.452941 80.395713
1978.870554 80.478229
1979.288166 75.942343
1979.705778 76.453749
1980.123391 78.671478
1980.541003 78.971115
1980.958615 76.790496
1981.376228 77.840051
1981.793840 76.165036
1982.211452 76.694973
1982.629065 77.942271
1983.046677 78.493270
1983.464289 79.966277
1983.881902 79.584282
1984.299514 77.874556
1984.717126 76.605021
1985.134739 76.054471
1985.552351 80.730280
1985.969964 80.608911
1986.387576 78.932044
1986.805188 78.670194
1987.222801 78.933013
1987.640413 77.859344
1988.058025 80.336403
1988.475638 78.177452
1988.893250 77.645989
1989.310862 78.477900
1989.728475 79.509857
1990.146087 81.959060
1990.563699 80.087586
1990.981312 72.957317
1991.398924 78.959016
1991.816536 84.536438
1992.234149 84.188622
1992.651761 81.336228
1993.069373 77.113424
1993.486986 76.883112
1993.904598 81.089106
1994.322210 79.673665
1994.739823 73.017874
1995.157435 77.158091
1995.575047 78.468599
1995.992660 78.330431
1996.410272 80.670534
1996.827884 77.589586
1997.245497 75.147662
1997.663109 77.323315
1998.080721 75.943045
1998.498334 77.168507
1998.915946 78.039769
1999.333558 79.984953
1999.751171 78.579903
2000.168783 76.671319
2000.586395 78.612095
2001.004008 75.986102
2001.421620 75.475095
2001.839232 75.594502
2002.256845 72.739178
2002.674457 70.629725
2003.092070 70.200495
2003.509682 70.313580
2003.927294 73.334068
2004.344907 76.122779
2004.762519 78.055295
2005.180131 76.493123
2005.597744 77.848686
2006.015356 76.110038
2006.432968 77.245935
2006.850581 74.989959
2007.268193 74.881900
2007.685805 75.816178
2008.103418 76.957416
2008.521030 76.243179
2008.938642 78.065481
2009.356255 75.182640
2009.773867 75.056402
2010.191479 73.276720
2010.609092 74.670797
2011.026704 74.570103
2011.444316 73.622042
2011.861929 73.353931
2012.279541 71.462945
2012.697153 74.157126
2013.114766 75.586847
2013.532378 73.802479
2013.949990 76.477391
2014.367603 74.384398
2014.785215 74.557773
2015.202827 71.734181
2015.620440 73.545679
2016.038052 73.680044
2016.455664 70.830933
2016.873277 72.741782
2017.290889 75.221566
2017.708501 76.066933
2018.126114 73.863169
2018.543726 73.511465
2018.961339 72.117000
2019.378951 71.281358
2019.796563 72.344623
2020.214176 71.855865
2020.631788 68.462526
2021.049400 67.078719
2021.467013 71.769304
2021.884625 72.734115
2022.302237 71.862732
2022.719850 72.386916
2023.137462 73.870436
2023.555074 72.421882
2023.972687 74.122185
2024.390299 72.713150
2024.807911 69.258515
2025.225524 70.090075
2025.643136 72.861588
2026.060748 72.191970
2026.478361 72.526052
2026.895973 69.129625
2027.313585 71.865033
2027.731198 71.813729
2028.148810 74.089230
2028.566422 73.468554
2028.984035 71.751973
2029.401647 71.131951
2029.819259 73.336817
2030.236872 73.498227
2030.654484 74.128895
2031.072096 73.579337
2031.489709 71.487616
2031.907321 70.999476
2032.324933 71.429057
2032.742546 72.894216
2033.160158 74.491294
2033.577770 71.960786
2033.995383 71.777601
2034.412995 73.668780
2034.830607 74.727576
2035.248220 74.027897
2035.665832 73.844845
2036.083445 71.132326
2036.501057 71.284349
2036.918669 72.392572
2037.336282 72.981637
2037.753894 73.594791
2038.171506 72.262895
2038.589119 72.019890
2039.006731 74.273421
2039.424343 74.545844
2039.841956 74.840709
2040.259568 73.946496
2040.677180 74.624495
2041.094793 73.526156
2041.512405 72.011703
2041.930017 69.988484
2042.347630 71.954973
2042.765242 73.078625
2043.182854 72.864895
2043.600467 69.702290
2044.018079 69.542334
2044.435691 72.279330
2044.853304 70.426471
2045.270916 70.517670
2045.688528 73.674824
2046.106141 71.686522
2046.523753 70.236721
2046.941365 71.227244
2047.358978 72.489960
2047.776590 72.575431
2048.194202 72.063225
2048.611815 76.165303
2049.029427 72.445269
2049.447039 73.754166
2049.864652 74.179714
2050.282264 71.144511
2050.699876 71.955336
2051.117489 71.683458
2051.535101 72.176116
2051.952714 72.334013
2052.370326 73.000555
2052.787938 74.605747
2053.205551 71.314773
2053.623163 71.636405
2054.040775 70.317516
2054.458388 72.677131
2054.876000 71.245762
2055.293612 72.456823
2055.711225 74.631108
2056.128837 73.616628
2056.546449 71.865893
2056.964062 72.346536
2057.381674 75.735080
2057.799286 73.590468
2058.216899 70.394182
2058.634511 71.604952
2059.052123 73.101589
2059.469736 72.616137
2059.887348 76.575057
2060.304960 75.013091
2060.722573 75.585115
2061.140185 78.159248
2061.557797 78.222191
2061.975410 73.762475
2062.393022 74.244995
2062.810634 74.849344
2063.228247 72.619250
2063.645859 71.667689
2064.063471 71.882219
2064.481084 73.147164
2064.898696 72.655463
2065.316308 73.643782
2065.733921 72.895524
2066.151533 72.168583
2066.569145 73.481343
2066.986758 72.679686
2067.404370 74.053961
2067.821982 73.826871
2068.239595 73.217302
2068.657207 74.334959
2069.074820 75.770566
2069.492432 71.509453
2069.910044 72.043980
2070.327657 74.391241
2070.745269 73.800238
2071.162881 73.882342
2071.580494 73.432958
2071.998106 71.504681
2072.415718 73.086025
2072.833331 71.829934
2073.250943 72.855678
2073.668555 72.692936
2074.086168 72.796961
2074.503780 73.581566
2074.921392 73.550512
2075.339005 71.731892
2075.756617 73.919342
2076.174229 75.039676
2076.591842 76.012941
2077.009454 74.035527
2077.427066 72.982582
2077.844679 71.354862
2078.262291 71.942232
2078.679903 74.664330
2079.097516 73.601792
2079.515128 72.807450
2079.932740 69.853248
2080.350353 72.599060
2080.767965 72.545007
2081.185577 72.616440
2081.603190 72.045603
2082.020802 73.852475
2082.438414 71.579457
2082.856027 74.062742
2083.273639 74.300792
2083.691251 71.616252
2084.108864 71.641662
2084.526476 74.022713
2084.944088 72.426641
2085.361701 70.887275
2085.779313 69.352778
2086.196926 71.845473
2086.614538 71.415892
2087.032150 73.165804
2087.449763 74.140134
2087.867375 71.702934
2088.284987 71.496821
2088.702600 72.920256
2089.120212 69.903983
2089.537824 71.891424
2089.955437 73.269284
2090.373049 74.281087
2090.790661 71.745578
2091.208274 70.675349
2091.625886 69.880765
2092.043498 71.433405
2092.461111 73.228674
2092.878723 71.027889
2093.296335 72.875444
2093.713948 74.623962
2094.131560 73.291726
2094.549172 71.728610
2094.966785 71.206109
2095.384397 73.478909
2095.802009 70.379478
2096.219622 69.797147
2096.637234 70.311654
2097.054846 70.501538
2097.472459 71.551007
2097.890071 71.707923
2098.307683 71.419029
2098.725296 73.631114
2099.142908 72.796126
2099.560520 72.484789
2099.978133 70.953210
2100.395745 72.436876
2100.813357 72.612250
2101.230970 70.875975
2101.648582 70.135433
2102.066195 70.532095
2102.483807 70.975362
2102.901419 71.368694
2103.319032 71.068136
2103.736644 70.145594
2104.154256 71.983665
2104.571869 72.127876
2104.989481 70.098892
2105.407093 69.929029
2105.824706 70.743391
2106.242318 71.619401
2106.659930 70.652325
2107.077543 69.531798
2107.495155 70.648643
2107.912767 70.375179
2108.330380 70.263620
2108.747992 69.224663
2109.165604 70.293039
2109.583217 70.959823
2110.000829 69.303036
2110.418441 67.766311
2110.836054 69.701273
2111.253666 68.014571
2111.671278 68.589865
2112.088891 68.724654
2112.506503 69.039321
2112.924115 68.848227
2113.341728 67.534146
2113.759340 69.137497
2114.176952 68.331988
2114.594565 69.501761
2115.012177 68.982301
2115.429789 68.393236
2115.847402 67.263915
2116.265014 69.443759
2116.682626 67.300831
2117.100239 66.886195
2117.517851 68.039170
2117.935463 69.289411
2118.353076 68.972939
2118.770688 67.235042
2119.188301 66.998263
2119.605913 69.306718
2120.023525 68.851618
2120.441138 67.912992
2120.858750 67.876924
2121.276362 66.505629
2121.693975 66.857624
2122.111587 67.235066
2122.529199 66.048458
2122.946812 65.595005
2123.364424 66.496897
2123.782036 67.974676
2124.199649 66.836550
2124.617261 66.277897
2125.034873 66.027893
2125.452486 65.296409
2125.870098 67.671635
2126.287710 65.801723
2126.705323 65.293684
2127.122935 65.353757
2127.540547 64.253564
2127.958160 66.086972
2128.375772 63.584649
2128.793384 65.597839
2129.210997 66.638298
2129.628609 66.588350
2130.046221 67.526928
2130.463834 67.150467
2130.881446 65.809814
2131.299058 65.683661
2131.716671 65.856588
2132.134283 66.167610
2132.551895 66.486384
2132.969508 66.757584
2133.387120 64.243681
2133.804732 68.140954
2134.222345 67.142752
2134.639957 66.713389
2135.057569 65.879539
2135.475182 67.381966
2135.892794 66.678302
2136.310407 67.123313
2136.728019 66.069290
2137.145631 65.898712
2137.563244 66.093852
2137.980856 66.266597
2138.398468 66.120461
2138.816081 68.314342
2139.233693 68.937949
2139.651305 68.076243
2140.068918 67.674494
2140.486530 66.660934
2140.904142 64.792730
2141.321755 65.423797
2141.739367 67.990784
2142.156979 67.723533
2142.574592 65.871074
2142.992204 67.146943
2143.409816 66.592880
2143.827429 66.663538
2144.245041 66.948327
2144.662653 66.816603
2145.080266 65.260002
2145.497878 66.480655
2145.915490 66.329795
2146.333103 64.960995
2146.750715 66.893559
2147.168327 65.239473
2147.585940 64.470384
2148.003552 64.315066
2148.421164 66.881060
2148.838777 66.268620
2149.256389 65.215444
2149.674001 64.987361
2150.091614 64.810037
2150.509226 66.198688
2150.926838 63.445682
2151.344451 63.512174
2151.762063 63.416166
2152.179676 64.111788
2152.597288 63.553135
2153.014900 63.560607
2153.432513 62.650698
2153.850125 62.586083
2154.267737 63.120077
2154.685350 63.581766
2155.102962 64.081860
2155.520574 61.858354
2155.938187 63.737386
2156.355799 64.762536
2156.773411 63.507826
2157.191024 64.160451
2157.608636 64.106919
2158.026248 64.086995
2158.443861 63.334256
2158.861473 63.599921
2159.279085 63.239472
2159.696698 63.451083
2160.114310 62.827186
2160.531922 62.757085
2160.949535 62.241694
2161.367147 63.568165
2161.784759 64.848782
2162.202372 64.372002
2162.619984 62.230588
2163.037596 61.808128
2163.455209 63.521560
2163.872821 63.480430
2164.290433 64.384949
2164.708046 64.000871
2165.125658 63.980221
2165.543270 63.892255
2165.960883 62.974425
2166.378495 61.693263
2166.796107 63.041111
2167.213720 63.136416
2167.631332 62.919185
2168.048944 62.760076
2168.466557 65.379046
2168.884169 64.784204
2169.301782 64.328256
2169.719394 63.251366
2170.137006 63.113053
2170.554619 65.224310
2170.972231 66.471051
2171.389843 65.086978
2171.807456 64.141509
2172.225068 63.592352
2172.642680 64.283044
2173.060293 64.938976
2173.477905 63.519235
2173.895517 62.873658
2174.313130 62.007640
2174.730742 63.795763
2175.148354 63.385064
2175.565967 63.235342
2175.983579 61.422233
2176.401191 62.151234
2176.818804 62.784178
2177.236416 64.052187
2177.654028 63.372129
2178.071641 62.728587
2178.489253 62.821542
2178.906865 64.015865
2179.324478 63.005430
2179.742090 63.365988
2180.159702 63.001506
2180.577315 63.560292
2180.994927 63.713309
2181.412539 63.566045
2181.830152 63.056080
2182.247764 62.267201
2182.665376 62.955640
2183.082989 63.174276
2183.500601 62.707755
2183.918213 61.214776
2184.335826 62.997727
2184.753438 63.234301
2185.171050 63.410898
2185.588663 62.952806
2186.006275 64.051678
2186.423888 63.361434
2186.841500 63.321648
2187.259112 64.571757
2187.676725 64.043540
2188.094337 64.375442
2188.511949 62.297249
2188.929562 62.497331
2189.347174 62.821445
2189.764786 64.779965
2190.182399 63.014841
2190.600011 60.647475
2191.017623 63.177304
2191.435236 62.638138
2191.852848 62.883298
2192.270460 63.631774
2192.688073 62.686536
2193.105685 61.517574
2193.523297 61.629181
2193.940910 61.298672
2194.358522 61.742193
2194.776134 62.725716
2195.193747 61.741915
2195.611359 61.443622
2196.028971 60.531787
2196.446584 62.293749
2196.864196 62.816007
2197.281808 62.024463
2197.699421 59.486011
2198.117033 60.094539
2198.534645 61.838395
2198.952258 61.831879
2199.369870 61.754353
2199.787482 61.090185
2200.205095 61.155127
2200.622707 61.546278
2201.040319 61.438874
2201.457932 58.652500
2201.875544 60.467366
2202.293157 60.998780
2202.710769 62.245872
2203.128381 60.708202
2203.545994 60.796434
2203.963606 61.649068
2204.381218 60.485727
2204.798831 60.726369
2205.216443 61.774870
2205.634055 63.477583
2206.051668 61.269326
2206.469280 59.213188
2206.886892 60.275036
2207.304505 59.932984
2207.722117 60.970076
2208.139729 63.124559
2208.557342 62.290624
2208.974954 61.430578
2209.392566 62.598546
2209.810179 61.391143
2210.227791 60.892659
2210.645403 61.197965
2211.063016 61.457308
2211.480628 62.322405
2211.898240 61.919251
2212.315853 62.559620
2212.733465 62.869818
2213.151077 61.998472
2213.568690 62.422191
2213.986302 61.381526
2214.403914 59.720355
2214.821527 60.623943
2215.239139 61.283448
2215.656751 62.087782
2216.074364 61.186096
2216.491976 59.694425
2216.909588 60.920274
2217.327201 61.568212
2217.744813 62.311541
2218.162425 61.828754
2218.580038 60.857355
2218.997650 61.665746
2219.415263 61.404659
2219.832875 59.112094
2220.250487 58.611309
2220.668100 59.139696
2221.085712 60.282569
2221.503324 60.426792
2221.920937 62.702850
2222.338549 61.883800
2222.756161 61.395479
2223.173774 60.815618
2223.591386 60.512977
2224.008998 60.270131
2224.426611 61.080702
2224.844223 61.661882
2225.261835 62.143773
2225.679448 62.210955
2226.097060 61.593743
2226.514672 61.851439
2226.932285 61.843021
2227.349897 60.660071
2227.767509 60.924307
2228.185122 60.841622
2228.602734 61.692330
2229.020346 61.278579
2229.437959 60.338572
2229.855571 59.817659
2230.273183 60.413567
2230.690796 59.979855
2231.108408 59.418320
2231.526020 58.672230
2231.943633 59.408800
2232.361245 59.328889
2232.778857 60.848465
2233.196470 60.641008
2233.614082 60.110090
2234.031694 58.040763
2234.449307 58.371696
2234.866919 58.584083
2235.284531 59.265170
2235.702144 60.200163
2236.119756 59.868648
2236.537369 59.443354
2236.954981 59.654905
2237.372593 60.150070
2237.790206 58.375100
2238.207818 59.965988
2238.625430 59.057059
2239.043043 59.454509
2239.460655 61.181929
2239.878267 60.958727
2240.295880 60.039819
2240.713492 59.568478
2241.131104 59.957534
2241.548717 57.963698
2241.966329 58.423097
2242.383941 58.598786
2242.801554 60.609167
2243.219166 59.155634
2243.636778 58.759723
2244.054391 59.098420
2244.472003 58.060638
2244.889615 57.157462
2245.307228 57.852345
2245.724840 60.177987
2246.142452 59.288206
2246.560065 58.988339
2246.977677 58.693885
2247.395289 59.191060
2247.812902 57.234673
2248.230514 58.403949
2248.648126 58.883211
2249.065739 58.323117
2249.483351 59.591925
2249.900963 60.126961
2250.318576 60.154333
2250.736188 60.113493
2251.153800 60.932046
2251.571413 60.869563
2251.989025 57.913023
2252.406638 59.782511
2252.824250 60.154830
2253.241862 60.037421
2253.659475 58.503844
2254.077087 59.305538
2254.494699 60.707548
2254.912312 58.995460
2255.329924 58.731334
2255.747536 60.054704
2256.165149 59.765894
2256.582761 60.581637
2257.000373 58.455968
2257.417986 58.205830
2257.835598 58.546065
2258.253210 59.476128
2258.670823 58.349096
2259.088435 59.899932
2259.506047 60.383942
2259.923660 60.662808
2260.341272 60.983205
2260.758884 59.552636
2261.176497 58.851855
2261.594109 59.579063
2262.011721 60.790257
2262.429334 61.281498
2262.846946 60.347559
2263.264558 58.304332
2263.682171 58.672375
2264.099783 58.860611
2264.517395 59.243019
2264.935008 59.370552
2265.352620 59.432599
2265.770232 60.657080
2266.187845 60.242625
2266.605457 60.556252
2267.023069 59.245986
2267.440682 57.807835
2267.858294 59.550783
2268.275906 59.538356
2268.693519 59.887578
2269.111131 58.940596
2269.528744 59.337488
2269.946356 59.534202
2270.363968 59.277367
2270.781581 60.122286
2271.199193 59.267992
2271.616805 61.224792
2272.034418 60.031377
2272.452030 60.235674
2272.869642 59.105190
2273.287255 60.690023
2273.704867 59.326878
2274.122479 59.748599
2274.540092 60.556373
2274.957704 62.605062
2275.375316 61.267037
2275.792929 60.510749
2276.210541 60.431225
2276.628153 60.532368
2277.045766 59.853400
2277.463378 60.357575
2277.880990 59.935503
2278.298603 60.993124
2278.716215 62.317124
2279.133827 62.028048
2279.551440 61.709759
2279.969052 61.531381
2280.386664 60.478411
2280.804277 60.007373
2281.221889 60.984549
2281.639501 61.501296
2282.057114 62.051702
2282.474726 60.921012
2282.892338 61.479338
2283.309951 62.536741
2283.727563 61.601725
2284.145175 60.834573
2284.562788 60.845316
2284.980400 62.091706
2285.398013 60.293263
2285.815625 61.036471
2286.233237 60.551371
2286.650850 61.679274
2287.068462 62.394492
2287.486074 63.198136
2287.903687 61.387485
2288.321299 61.193048
2288.738911 60.818985
2289.156524 61.744422
2289.574136 61.467179
2289.991748 60.840847
2290.409361 61.818011
2290.826973 61.772799
2291.244585 61.872210
2291.662198 62.660084
2292.079810 61.450113
2292.497422 60.682925
2292.915035 61.513965
2293.332647 62.439886
2293.750259 62.210083
2294.167872 61.551317
2294.585484 61.886041
2295.003096 62.142465
2295.420709 62.398598
2295.838321 62.616701
2296.255933 63.373437
2296.673546 63.376804
2297.091158 62.955955
2297.508770 62.449018
2297.926383 63.543276
2298.343995 62.841017
2298.761607 62.745300
2299.179220 63.563429
2299.596832 62.443907
2300.014444 62.581481
2300.432057 62.504077
2300.849669 62.689491
2301.267281 62.833387
2301.684894 62.482579
2302.102506 62.723972
2302.520119 62.041455
2302.937731 61.276968
2303.355343 62.247132
2303.772956 63.383066
2304.190568 62.628376
2304.608180 62.922176
2305.025793 63.846220
2305.443405 61.641293
2305.861017 63.575371
2306.278630 63.095527
2306.696242 61.417849
2307.113854 61.403969
2307.531467 63.395988
2307.949079 64.273379
2308.366691 63.409747
2308.784304 62.156514
2309.201916 62.230370
2309.619528 62.755183
2310.037141 62.769475
2310.454753 61.595378
2310.872365 61.900648
2311.289978 61.612044
2311.707590 61.824624
2312.125202 62.701469
2312.542815 61.222697
2312.960427 62.478340
2313.378039 61.259867
2313.795652 59.801865
2314.213264 60.424552
2314.630876 62.770044
2315.048489 61.262386
2315.466101 61.668374
2315.883713 62.203664
2316.301326 63.367672
2316.718938 63.392948
2317.136550 62.835846
2317.554163 62.260467
2317.971775 62.272784
2318.389387 63.442097
2318.807000 62.036659
2319.224612 61.146649
2319.642225 60.204184
2320.059837 60.804997
2320.477449 60.559122
2320.895062 62.020103
2321.312674 62.997388
2321.730286 62.518538
2322.147899 63.287894
2322.565511 62.742030
2322.983123 63.408439
2323.400736 64.409620
2323.818348 65.383164
2324.235960 65.079687
2324.653573 62.441109
2325.071185 66.058426
2325.488797 66.709017
2325.906410 66.716368
2326.324022 65.924582
2326.741634 65.449837
2327.159247 65.628263
2327.576859 65.577286
2327.994471 65.793148
2328.412084 64.987397
2328.829696 64.295082
2329.247308 65.228646
2329.664921 63.742231
2330.082533 62.458065
2330.500145 62.747577
2330.917758 63.964222
2331.335370 64.234501
2331.752982 64.397109
2332.170595 63.795776
2332.588207 62.182893
2333.005819 62.547956
2333.423432 64.010960
2333.841044 62.666261
2334.258656 62.823928
2334.676269 64.000362
2335.093881 62.667157
2335.511494 62.354209
2335.929106 64.509976
2336.346718 63.138717
2336.764331 62.498336
2337.181943 62.945043
2337.599555 63.429004
2338.017168 62.908708
2338.434780 62.136349
2338.852392 61.110084
2339.270005 60.513292
2339.687617 61.799868
2340.105229 61.474833
2340.522842 61.462431
2340.940454 62.332978
2341.358066 62.867275
2341.775679 62.190426
2342.193291 59.666072
2342.610903 56.003749
2343.028516 53.800857
2343.446128 53.485317
2343.863740 56.489600
2344.281353 59.557517
2344.698965 61.650909
2345.116577 60.406433
2345.534190 59.934474
2345.951802 61.256354
2346.369414 60.994614
2346.787027 61.219160
2347.204639 60.957795
2347.622251 61.247077
2348.039864 61.842440
2348.457476 61.794902
2348.875088 61.253327
2349.292701 61.375156
2349.710313 60.986426
2350.127925 60.257874
2350.545538 61.301675
2350.963150 60.925130
2351.380762 61.250468
2351.798375 60.678602
2352.215987 59.729621
2352.633600 60.660640
2353.051212 61.251255
2353.468824 62.659806
2353.886437 62.522680
2354.304049 60.972862
2354.721661 61.416468
2355.139274 60.492521
2355.556886 59.934268
2355.974498 60.709667
2356.392111 60.122407
2356.809723 59.799298
2357.227335 58.418543
2357.644948 58.016213
2358.062560 55.461422
2358.480172 55.704511
2358.897785 56.788995
2359.315397 58.202875
2359.733009 59.500787
2360.150622 59.625074
2360.568234 59.856100
2360.985846 60.092504
2361.403459 59.955148
2361.821071 59.704998
2362.238683 59.966351
2362.656296 59.895875
2363.073908 60.162242
2363.491520 59.119591
2363.909133 61.214655
2364.326745 59.203947
2364.744357 60.176485
2365.161970 60.717213
2365.579582 60.280849
2365.997194 59.761837
2366.414807 60.185411
2366.832419 60.520801
2367.250031 59.407880
2367.667644 59.456071
2368.085256 60.837686
2368.502868 59.674513
2368.920481 59.397113
2369.338093 59.038250
2369.755706 59.161472
2370.173318 58.706723
2370.590930 59.919698
2371.008543 59.071726
2371.426155 58.841996
2371.843767 58.990507
2372.261380 58.694164
2372.678992 57.810233
2373.096604 56.077011
2373.514217 55.501378
2373.931829 56.826492
2374.349441 59.189195
2374.767054 59.369414
2375.184666 58.654353
2375.602278 59.412010
2376.019891 58.544672
2376.437503 61.210028
2376.855115 60.575557
2377.272728 60.689793
2377.690340 60.423244
2378.107952 60.564003
2378.525565 60.225996
2378.943177 59.409854
2379.360789 58.938149
2379.778402 59.256244
2380.196014 60.557354
2380.613626 58.937761
2381.031239 54.149994
2381.448851 50.731511
2381.866463 50.121251
2382.284076 51.754772
2382.701688 55.295108
2383.119300 58.902081
2383.536913 60.012532
2383.954525 60.194240
2384.372137 59.866020
2384.789750 60.677499
2385.207362 60.011890
2385.624975 60.799607
2386.042587 61.711321
2386.460199 60.302190
2386.877812 60.078164
2387.295424 60.136868
2387.713036 61.579524
2388.130649 60.464931
2388.548261 59.827178
2388.965873 59.137879
2389.383486 59.272437
2389.801098 60.099214
2390.218710 59.975653
2390.636323 59.557880
2391.053935 59.929229
2391.471547 59.850335
2391.889160 58.491939
2392.306772 60.012132
2392.724384 59.312005
2393.141997 58.875291
2393.559609 60.000602
2393.977221 60.247555
2394.394834 59.911934
2394.812446 58.585875
2395.230058 59.866323
2395.647671 58.801386
2396.065283 58.757180
2396.482895 59.211141
2396.900508 60.654585
2397.318120 59.077067
2397.735732 59.010115
2398.153345 59.505910
2398.570957 59.564723
2398.988569 59.104464
2399.406182 59.518687
2399.823794 59.587371
2400.241406 58.930652
2400.659019 59.626552
2401.076631 59.432418
2401.494243 58.603703
2401.911856 58.884810
2402.329468 58.849433
2402.747081 59.430359
2403.164693 59.862604
2403.582305 60.566873
2403.999918 59.839072
2404.417530 58.106649
2404.835142 59.471235
2405.252755 60.487519
2405.670367 60.688351
2406.087979 59.542244
2406.505592 58.385140
2406.923204 59.675119
2407.340816 60.663874
2407.758429 60.913455
2408.176041 60.130934
2408.593653 58.198611
2409.011266 57.623148
2409.428878 58.450796
2409.846490 59.141561
2410.264103 60.795065
2410.681715 60.636042
2411.099327 59.628587
2411.516940 59.963481
2411.934552 61.794515
2412.352164 60.779769
2412.769777 60.851662
2413.187389 60.117817
2413.605001 60.626292
2414.022614 60.160570
2414.440226 62.044520
2414.857838 62.298715
2415.275451 62.493624
2415.693063 62.379135
2416.110675 62.819192
2416.528288 63.160251
2416.945900 61.835682
2417.363512 62.768361
2417.781125 63.715368
2418.198737 63.739603
2418.616349 64.735007
2419.033962 64.239188
2419.451574 63.704431
2419.869187 64.302313
2420.286799 64.906408
2420.704411 64.963574
2421.122024 65.091277
2421.539636 64.572532
2421.957248 65.292788
2422.374861 64.463977
2422.792473 66.205955
2423.210085 65.109796
2423.627698 63.106815
2424.045310 62.623774
2424.462922 63.171394
2424.880535 62.901889
2425.298147 62.579737
2425.715759 62.976872
2426.133372 62.695450
2426.550984 62.290261
2426.968596 60.917415
2427.386209 61.802702
2427.803821 61.112240
2428.221433 60.548827
2428.639046 60.480725
2429.056658 60.936297
2429.474270 61.727841
2429.891883 62.244286
2430.309495 62.386547
2430.727107 61.512621
2431.144720 61.024892
2431.562332 60.850935
2431.979944 60.144159
2432.397557 60.363401
2432.815169 61.001844
2433.232781 61.316221
2433.650394 60.880487
2434.068006 61.431086
2434.485618 61.403593
2434.903231 61.294433
2435.320843 59.653016
2435.738456 59.729403
2436.156068 60.105221
2436.573680 60.808509
2436.991293 60.967000
2437.408905 61.775609
2437.826517 62.687820
2438.244130 62.247435
2438.661742 61.404889
2439.079354 62.713823
2439.496967 63.128979
2439.914579 61.120997
2440.332191 60.596861
2440.749804 60.678057
2441.167416 60.498129
2441.585028 61.011558
2442.002641 61.395709
2442.420253 60.942341
2442.837865 61.205910
2443.255478 60.928909
2443.673090 59.555603
2444.090702 60.803265
2444.508315 60.823491
2444.925927 60.273158
2445.343539 59.813250
2445.761152 60.589970
2446.178764 60.039371
2446.596376 60.189238
2447.013989 59.973860
2447.431601 59.759827
2447.849213 60.072072
2448.266826 59.582164
2448.684438 59.184133
2449.102050 58.935157
2449.519663 59.910323
2449.937275 60.172815
2450.354887 60.660713
2450.772500 60.824363
2451.190112 60.557499
2451.607724 59.206612
2452.025337 59.613726
2452.442949 59.410181
2452.860562 59.853581
2453.278174 59.717860
2453.695786 59.605139
2454.113399 59.680424
2454.531011 60.336441
2454.948623 61.765992
2455.366236 60.814698
2455.783848 59.728894
2456.201460 59.430564
2456.619073 59.598671
2457.036685 59.316620
2457.454297 59.342006
2457.871910 59.363637
2458.289522 59.392438
2458.707134 59.659750
2459.124747 60.441750
2459.542359 60.632057
2459.959971 59.352773
2460.377584 58.543509
2460.795196 59.459789
2461.212808 60.468916
2461.630421 60.861872
2462.048033 61.892036
2462.465645 60.272250
2462.883258 60.356098
2463.300870 60.010849
2463.718482 59.640420
2464.136095 60.421536
2464.553707 59.070285
2464.971319 59.560072
2465.388932 62.519906
2465.806544 60.574165
2466.224156 60.568399
2466.641769 60.004672
2467.059381 60.302056
2467.476993 60.683531
2467.894606 60.713979
2468.312218 60.125738
2468.729831 60.148253
2469.147443 60.093897
2469.565055 59.506830
2469.982668 60.353712
2470.400280 61.703146
2470.817892 62.435683
2471.235505 60.897746
2471.653117 60.752239
2472.070729 61.567728
2472.488342 60.661597
2472.905954 59.706427
2473.323566 60.118471
2473.741179 60.040086
2474.158791 59.182558
2474.576403 59.542002
2474.994016 60.664334
2475.411628 61.337186
2475.829240 61.146661
2476.246853 61.386904
2476.664465 59.408170
2477.082077 60.240942
2477.499690 59.516483
2477.917302 59.472240
2478.334914 59.316075
2478.752527 60.467668
2479.170139 60.046638
2479.587751 59.486556
2480.005364 58.821528
2480.422976 60.185472
2480.840588 59.747473
2481.258201 59.339644
2481.675813 58.811633
2482.093425 60.050550
2482.511038 59.574146
2482.928650 59.161484
2483.346262 60.070025
2483.763875 60.028592
2484.181487 59.584937
2484.599099 58.848633
2485.016712 60.015027
2485.434324 61.116261
2485.851937 60.375343
2486.269549 59.931567
2486.687161 59.663867
2487.104774 60.724940
2487.522386 60.291943
2487.939998 60.365738
2488.357611 59.518457
2488.775223 59.100673
2489.192835 59.568078
2489.610448 60.079993
2490.028060 59.337318
2490.445672 59.434210
2490.863285 59.015093
2491.280897 59.665018
2491.698509 59.726254
2492.116122 59.493556
2492.533734 58.714668
2492.951346 59.508332
2493.368959 58.710756
2493.786571 58.862695
2494.204183 58.110367
2494.621796 58.921714
2495.039408 59.362522
2495.457020 60.360373
2495.874633 59.850154
2496.292245 60.296752
2496.709857 59.938967
2497.127470 60.765949
2497.545082 59.358756
2497.962694 58.295951
2498.380307 59.514921
2498.797919 60.139836
2499.215531 60.063303
2499.633144 58.562851
2500.050756 59.558231
2500.468368 59.702939
2500.885981 59.434307
2501.303593 59.391650
2501.721205 59.474771
2502.138818 59.807546
2502.556430 59.116575
2502.974043 58.683215
2503.391655 58.263977
2503.809267 57.685098
2504.226880 59.371473
2504.644492 59.375009
2505.062104 59.551485
2505.479717 58.742597
2505.897329 58.082002
2506.314941 58.796384
2506.732554 59.174298
2507.150166 59.378752
2507.567778 59.519899
2507.985391 60.679171
2508.403003 60.548561
2508.820615 60.624766
2509.238228 60.317026
2509.655840 59.187706
2510.073452 59.538683
2510.491065 58.560950
2510.908677 59.417872
2511.326289 59.186858
2511.743902 59.500072
2512.161514 58.676675
2512.579126 57.434306
2512.996739 57.309957
2513.414351 57.914150
2513.831963 60.001050
2514.249576 59.397791
2514.667188 58.833082
2515.084800 59.267581
2515.502413 58.297489
2515.920025 58.334054
2516.337637 58.661560
2516.755250 57.592312
2517.172862 56.884143
2517.590474 56.485288
2518.008087 57.269965
2518.425699 57.028826
2518.843312 57.041761
2519.260924 58.978359
2519.678536 59.292821
2520.096149 57.990452
2520.513761 57.640528
2520.931373 57.168205
2521.348986 58.963995
2521.766598 58.722517
2522.184210 58.542056
2522.601823 58.536981
2523.019435 58.246088
2523.437047 58.641079
2523.854660 59.781118
2524.272272 58.650078
2524.689884 58.118058
2525.107497 57.199210
2525.525109 58.640304
2525.942721 58.263759
2526.360334 57.978655
2526.777946 58.396513
2527.195558 58.551345
2527.613171 57.862155
2528.030783 57.541674
2528.448395 57.533208
2528.866008 57.656079
2529.283620 57.180462
2529.701232 57.624577
2530.118845 57.642223
2530.536457 57.416393
2530.954069 56.813691
2531.371682 56.615910
2531.789294 57.781081
2532.206906 57.397705
2532.624519 57.631662
2533.042131 57.051778
2533.459743 57.714577
2533.877356 57.448016
2534.294968 58.388640
2534.712580 56.873473
2535.130193 57.299578
2535.547805 57.520103
2535.965418 58.329464
2536.383030 58.655867
2536.800642 58.052087
2537.218255 58.192907
2537.635867 57.516167
2538.053479 57.748211
2538.471092 57.422994
2538.888704 58.461260
2539.306316 58.756840
2539.723929 58.824846
2540.141541 58.279286
2540.559153 56.923590
2540.976766 56.760461
2541.394378 57.932959
2541.811990 57.562820
2542.229603 57.935042
2542.647215 57.518396
2543.064827 57.502142
2543.482440 58.127287
2543.900052 57.203365
2544.317664 56.905471
2544.735277 57.548238
2545.152889 57.140603
2545.570501 56.613076
2545.988114 59.191484
2546.405726 57.363999
2546.823338 56.927877
2547.240951 57.472626
2547.658563 58.293541
2548.076175 57.193239
2548.493788 56.148348
2548.911400 56.875011
2549.329012 58.188232
2549.746625 57.218564
2550.164237 57.282041
2550.581849 57.259828
2550.999462 56.506387
2551.417074 57.208088
2551.834686 57.730322
2552.252299 57.586450
2552.669911 58.111288
2553.087524 56.898120
2553.505136 57.593196
2553.922748 56.771640
2554.340361 55.736074
2554.757973 54.026578
2555.175585 55.570437
2555.593198 56.136151
2556.010810 56.404360
2556.428422 55.894225
2556.846035 56.029377
2557.263647 55.693345
2557.681259 56.703464
2558.098872 55.478730
2558.516484 56.200863
2558.934096 56.388251
2559.351709 55.535665
2559.769321 56.983033
2560.186933 55.700527
2560.604546 55.269456
2561.022158 55.338297
2561.439770 55.743983
2561.857383 56.430339
2562.274995 56.605192
2562.692607 57.006432
2563.110220 56.506665
2563.527832 57.462949
2563.945444 57.825566
2564.363057 57.037074
2564.780669 56.733840
2565.198281 55.815355
2565.615894 55.122883
2566.033506 55.489957
2566.451118 56.027488
2566.868731 57.393478
2567.286343 57.412445
2567.703955 56.407630
2568.121568 55.569929
2568.539180 55.537034
2568.956793 55.923995
2569.374405 56.616310
2569.792017 56.907966
2570.209630 56.125639
2570.627242 56.591106
2571.044854 55.967621
2571.462467 55.490114
2571.880079 55.040113
2572.297691 54.774521
2572.715304 54.167555
2573.132916 51.869080
2573.550528 51.467912
2573.968141 53.556750
2574.385753 53.973227
2574.803365 54.708756
2575.220978 54.134697
2575.638590 54.084023
2576.056202 54.906088
2576.473815 55.169572
2576.891427 55.221228
2577.309039 54.827339
2577.726652 53.657578
2578.144264 54.934089
2578.561876 55.041082
2578.979489 54.957041
2579.397101 54.742389
2579.814713 54.470427
2580.232326 56.019143
2580.649938 55.392024
2581.067550 55.344595
2581.485163 55.837422
2581.902775 55.582827
2582.320387 55.881617
2582.738000 57.343373
2583.155612 55.804479
2583.573224 55.043141
2583.990837 54.938437
2584.408449 53.922347
2584.826061 52.544548
2585.243674 50.313775
2585.661286 49.270676
2586.078899 50.113161
2586.496511 51.708021
2586.914123 53.683921
2587.331736 55.233557
2587.749348 55.562153
2588.166960 55.140348
2588.584573 54.381153
2589.002185 54.393386
2589.419797 55.270509
2589.837410 55.834068
2590.255022 54.692817
2590.672634 54.963629
2591.090247 54.932127
2591.507859 55.280889
2591.925471 54.007527
2592.343084 53.599213
2592.760696 53.490731
2593.178308 53.513246
2593.595921 53.945080
2594.013533 54.646503
2594.431145 54.836350
2594.848758 54.079868
2595.266370 54.919653
2595.683982 55.729933
2596.101595 54.473551
2596.519207 53.980494
2596.936819 54.766188
2597.354432 54.638425
2597.772044 52.878642
2598.189656 50.398410
2598.607269 45.862488
2599.024881 45.785483
2599.442493 47.199750
2599.860106 50.354821
2600.277718 51.860214
2600.695330 53.529645
2601.112943 55.574022
2601.530555 54.284891
2601.948167 54.118807
2602.365780 54.777161
2602.783392 54.387487
2603.201005 54.493317
2603.618617 54.824105
2604.036229 54.408440
2604.453842 54.878268
2604.871454 54.597875
2605.289066 53.780824
2605.706679 54.290789
2606.124291 53.599722
2606.541903 54.019226
2606.959516 53.285066
2607.377128 53.705322
2607.794740 53.513961
2608.212353 54.438210
2608.629965 54.106235
2609.047577 53.851289
2609.465190 53.620336
2609.882802 54.433135
2610.300414 54.827182
2610.718027 55.546772
2611.135639 54.970339
2611.553251 55.285043
2611.970864 55.024647
2612.388476 55.702925
2612.806088 55.914415
2613.223701 55.513816
2613.641313 56.039720
2614.058925 55.196109
2614.476538 54.825195
2614.894150 53.814724
2615.311762 55.036443
2615.729375 55.349319
2616.146987 55.724471
2616.564599 55.390825
2616.982212 55.053290
2617.399824 55.129205
2617.817436 55.755210
2618.235049 55.017113
2618.652661 54.184184
2619.070274 54.226344
2619.487886 54.112812
2619.905498 54.779874
2620.323111 54.969406
2620.740723 54.734481
2621.158335 53.962860
2621.575948 54.744036
2621.993560 55.332593
2622.411172 56.103693
2622.828785 55.671035
2623.246397 55.566235
2623.664009 54.796637
2624.081622 53.895193
2624.499234 53.926719
2624.916846 53.935330
2625.334459 54.933811
2625.752071 55.760660
2626.169683 55.915953
2626.587296 55.599251
2627.004908 55.284292
2627.422520 55.816336
2627.840133 55.180109
2628.257745 55.305075
2628.675357 54.297705
2629.092970 55.226811
2629.510582 55.172116
2629.928194 54.734892
2630.345807 54.353975
2630.763419 53.838463
2631.181031 54.859834
2631.598644 54.080292
2632.016256 54.389171
2632.433868 53.475095
2632.851481 53.849097
2633.269093 53.251045
2633.686705 52.501939
2634.104318 53.141667
2634.521930 52.888355
2634.939542 52.136537
2635.357155 52.943281
2635.774767 53.136919
2636.192380 54.167362
2636.609992 53.368974
2637.027604 53.745084
2637.445217 54.034826
2637.862829 52.935203
2638.280441 52.460761
2638.698054 52.573337
2639.115666 52.698811
2639.533278 52.240102
2639.950891 52.944189
2640.368503 54.214342
2640.786115 52.527289
2641.203728 52.578750
2641.621340 52.044054
2642.038952 53.364554
2642.456565 52.883632
2642.874177 52.417922
2643.291789 53.661490
2643.709402 53.796690
2644.127014 53.355930
2644.544626 53.485511
2644.962239 53.444695
2645.379851 52.526138
2645.797463 52.798694
2646.215076 52.911331
2646.632688 52.701827
2647.050300 52.086032
2647.467913 52.157308
2647.885525 51.640439
2648.303137 51.318856
2648.720750 52.717814
2649.138362 53.105877
2649.555974 53.150290
2649.973587 52.523171
2650.391199 52.001385
2650.808811 50.890728
2651.226424 52.180489
2651.644036 52.002439
2652.061649 51.749091
2652.479261 49.968356
2652.896873 51.340851
2653.314486 51.745797
2653.732098 51.500152
2654.149710 52.111829
2654.567323 51.728466
2654.984935 51.565385
2655.402547 51.462014
2655.820160 52.040687
2656.237772 52.411927
2656.655384 52.127017
2657.072997 51.968333
2657.490609 51.842507
2657.908221 52.170400
2658.325834 52.659970
2658.743446 52.342080
2659.161058 52.503708
2659.578671 52.630696
2659.996283 51.743738
2660.413895 52.087485
2660.831508 51.223745
2661.249120 50.887846
2661.666732 51.369966
2662.084345 50.977083
2662.501957 51.181597
2662.919569 50.889529
2663.337182 50.832412
2663.754794 51.662507
2664.172406 52.315278
2664.590019 53.538014
2665.007631 53.337993
2665.425243 54.401040
2665.842856 53.370549
2666.260468 52.898517
2666.678080 53.458975
2667.095693 53.114222
2667.513305 53.451926
2667.930917 53.868378
2668.348530 53.251396
2668.766142 53.064989
2669.183755 52.605735
2669.601367 52.986979
2670.018979 52.726571
2670.436592 52.083731
2670.854204 52.779195
2671.271816 52.440607
2671.689429 52.940738
2672.107041 52.641015
2672.524653 52.966717
2672.942266 52.977326
2673.359878 53.046676
2673.777490 53.574506
2674.195103 52.953515
2674.612715 52.815372
2675.030327 52.112859
2675.447940 52.686990
2675.865552 53.142357
2676.283164 52.664390
2676.700777 52.470062
2677.118389 53.389310
2677.536001 52.693131
2677.953614 51.908514
2678.371226 51.805870
2678.788838 52.531249
2679.206451 51.818696
2679.624063 52.001700
2680.041675 51.652188
2680.459288 52.128459
2680.876900 52.696994
2681.294512 53.642100
2681.712125 52.276133
2682.129737 51.370415
2682.547349 51.414924
2682.964962 51.912862
2683.382574 52.154038
2683.800186 52.180925
2684.217799 52.497640
2684.635411 52.957100
2685.053023 52.184147
2685.470636 52.756837
2685.888248 52.183796
2686.305861 52.339949
2686.723473 52.445318
2687.141085 53.258336
2687.558698 53.830300
2687.976310 52.693252
2688.393922 52.078705
2688.811535 51.957505
2689.229147 51.955592
2689.646759 52.305855
2690.064372 51.566584
2690.481984 51.766290
2690.899596 51.801776
2691.317209 52.571241
2691.734821 52.306582
2692.152433 51.715373
2692.570046 51.862769
2692.987658 52.817007
2693.405270 52.701779
2693.822883 53.047016
2694.240495 52.965154
2694.658107 52.860039
2695.075720 52.675509
2695.493332 51.989722
2695.910944 52.605468
2696.328557 51.953448
2696.746169 51.696988
2697.163781 52.327910
2697.581394 52.971307
2697.999006 52.508480
2698.416618 51.923399
2698.834231 51.494048
2699.251843 51.680674
2699.669455 51.604541
2700.087068 52.333009
2700.504680 52.111914
2700.922292 52.509679
2701.339905 52.177110
2701.757517 51.629127
2702.175130 52.420248
2702.592742 52.094970
2703.010354 52.512077
2703.427967 52.592848
2703.845579 51.780787
2704.263191 51.748425
2704.680804 51.909907
2705.098416 52.031058
2705.516028 51.621957
2705.933641 52.662598
2706.351253 53.077209
2706.768865 52.985296
2707.186478 52.731779
2707.604090 52.177885
2708.021702 52.578678
2708.439315 52.882978
2708.856927 53.162632
2709.274539 53.154977
2709.692152 53.505374
2710.109764 53.749964
2710.527376 53.591086
2710.944989 52.810346
2711.362601 53.409318
2711.780213 53.874034
2712.197826 54.180272
2712.615438 53.618846
2713.033050 52.395322
2713.450663 53.092748
2713.868275 52.454475
2714.285887 53.170528
2714.703500 53.151550
2715.121112 53.553008
2715.538724 53.333500
2715.956337 53.798653
2716.373949 53.567917
2716.791561 53.578103
2717.209174 53.969678
2717.626786 53.694324
2718.044398 54.401791
2718.462011 53.642984
2718.879623 53.956901
2719.297236 53.718027
2719.714848 53.701058
2720.132460 53.389370
2720.550073 53.673771
2720.967685 53.309459
2721.385297 53.696783
2721.802910 54.690250
2722.220522 55.033743
2722.638134 54.482235
2723.055747 53.308175
2723.473359 53.729460
2723.890971 54.488848
2724.308584 55.464402
2724.726196 54.167664
2725.143808 54.424173
2725.561421 54.373135
2725.979033 54.704602
2726.396645 54.198621
2726.814258 54.533103
2727.231870 55.171753
2727.649482 55.150667
2728.067095 54.194964
2728.484707 53.496714
2728.902319 53.926053
2729.319932 54.516014
2729.737544 54.064196
2730.155156 54.712668
2730.572769 54.919967
2730.990381 55.252948
2731.407993 54.203648
2731.825606 53.852100
2732.243218 54.383987
2732.660830 55.630401
2733.078443 55.761169
2733.496055 55.155765
2733.913667 54.830064
2734.331280 55.704487
2734.748892 54.255751
2735.166504 54.118867
2735.584117 53.562334
2736.001729 54.153010
2736.419342 53.812593
2736.836954 54.627948
2737.254566 55.295447
2737.672179 55.976147
2738.089791 54.959306
2738.507403 54.900311
2738.925016 53.828362
2739.342628 54.303131
2739.760240 53.788927
2740.177853 54.617326
2740.595465 54.585970
2741.013077 54.984279
2741.430690 54.548667
2741.848302 54.435945
2742.265914 54.409748
2742.683527 54.335517
2743.101139 55.453283
2743.518751 55.480437
2743.936364 54.775708
2744.353976 55.769744
2744.771588 55.584305
2745.189201 54.632623
2745.606813 55.122810
2746.024425 55.744552
2746.442038 55.623813
2746.859650 56.276487
2747.277262 56.098824
2747.694875 54.845409
2748.112487 54.492615
2748.530099 54.404686
2748.947712 55.909922
2749.365324 54.905506
2749.782936 55.163250
2750.200549 55.180727
2750.618161 55.653365
2751.035773 56.048368
2751.453386 55.389795
2751.870998 55.774201
2752.288611 56.162361
2752.706223 55.095608
2753.123835 56.454005
2753.541448 56.974410
2753.959060 55.585371
2754.376672 55.914512
2754.794285 55.211103
2755.211897 55.071070
2755.629509 55.365839
2756.047122 55.075709
2756.464734 55.436339
2756.882346 55.008720
2757.299959 55.535460
2757.717571 55.086330
2758.135183 54.804727
2758.552796 55.332387
2758.970408 55.827116
2759.388020 55.434341
2759.805633 54.432966
2760.223245 54.799822
2760.640857 54.569147
2761.058470 54.362671
2761.476082 55.492173
2761.893694 55.959421
2762.311307 55.811843
2762.728919 55.776296
2763.146531 55.322092
2763.564144 54.395735
2763.981756 55.313105
2764.399368 55.242508
2764.816981 54.582772
2765.234593 54.439397
2765.652205 52.684229
2766.069818 52.381661
2766.487430 49.719938
2766.905042 46.320664
2767.322655 41.111333
2767.740267 41.272379
2768.157879 43.964283
2768.575492 49.950213
2768.993104 53.059951
2769.410717 54.807864
2769.828329 55.345831
2770.245941 55.799320
2770.663554 56.756924
2771.081166 56.984583
2771.498778 57.492332
2771.916391 56.785640
2772.334003 55.963684
2772.751615 54.948066
2773.169228 54.090599
2773.586840 53.067714
2774.004452 50.096192
2774.422065 47.066645
2774.839677 46.731642
2775.257289 49.646240
2775.674902 53.457545
2776.092514 56.101985
2776.510126 57.581266
2776.927739 56.929743
2777.345351 56.526891
2777.762963 57.846059
2778.180576 58.018538
2778.598188 58.468709
2779.015800 58.332177
2779.433413 58.481571
2779.851025 58.322863
2780.268637 59.136922
2780.686250 58.150480
2781.103862 59.609572
2781.521474 59.660113
2781.939087 59.238985
2782.356699 59.841821
2782.774311 60.231653
2783.191924 62.316543
2783.609536 62.143458
2784.027148 62.661259
2784.444761 64.077367
2784.862373 64.135357
2785.279985 63.612590
2785.697598 63.534531
2786.115210 65.213361
2786.532823 66.132269
2786.950435 67.132688
2787.368047 68.640915
2787.785660 69.630421
2788.203272 69.778992
2788.620884 70.881329
2789.038497 71.316215
2789.456109 71.906660
2789.873721 72.967503
2790.291334 74.169310
2790.708946 73.606358
2791.126558 74.655246
2791.544171 76.106138
2791.961783 79.003744
2792.379395 79.726095
2792.797008 78.611308
2793.214620 78.693787
2793.632232 78.705596
2794.049845 72.087157
2794.467457 63.972554
2794.885069 54.969043
2795.302682 56.627634
2795.720294 64.191336
2796.137906 75.882040
2796.555519 84.001500
2796.973131 88.313226
2797.390743 90.473002
2797.808356 89.699310
2798.225968 88.550659
2798.643580 90.193675
2799.061193 89.982476
2799.478805 91.221005
2799.896417 89.406612
2800.314030 90.379041
2800.731642 89.183846
2801.149254 83.707591
2801.566867 74.380316
2801.984479 63.925283
2802.402092 61.863187
2802.819704 66.999813
2803.237316 76.439131
2803.654929 82.723753
2804.072541 85.882893
2804.490153 86.631938
2804.907766 85.669380
2805.325378 85.668230
2805.742990 85.623551
2806.160603 84.147649
2806.578215 81.995746
2806.995827 79.305210
2807.413440 78.938172
2807.831052 77.648472
2808.248664 76.823875
2808.666277 76.422514
2809.083889 76.209291
2809.501501 74.859034
2809.919114 73.435078
2810.336726 72.253036
2810.754338 72.370093
2811.171951 70.876896
2811.589563 70.019683
2812.007175 69.476545
2812.424788 68.972394
2812.842400 69.030407
2813.260012 67.786137
2813.677625 66.302023
2814.095237 66.293412
2814.512849 65.034039
2814.930462 64.917042
2815.348074 63.550531
2815.765686 63.874924
2816.183299 63.226828
2816.600911 63.059811
2817.018523 61.199431
2817.436136 59.565862
2817.853748 60.071055
2818.271360 59.891975
2818.688973 59.658199
2819.106585 59.791328
2819.524198 59.337270
2819.941810 59.248517
2820.359422 59.110652
2820.777035 58.155289
2821.194647 57.760056
2821.612259 57.713245
2822.029872 57.520915
2822.447484 58.354098
2822.865096 58.425580
2823.282709 56.857582
2823.700321 56.751898
2824.117933 56.929488
2824.535546 57.265545
2824.953158 58.084194
2825.370770 57.773305
2825.788383 56.822483
2826.205995 56.915972
2826.623607 56.105728
2827.041220 56.445006
2827.458832 56.898628
2827.876444 57.448161
2828.294057 58.130533
2828.711669 56.959961
2829.129281 56.481958
2829.546894 56.949290
2829.964506 57.310006
2830.382118 57.317878
2830.799731 57.095609
2831.217343 57.036977
2831.634955 57.735324
2832.052568 56.546984
2832.470180 56.721886
2832.887792 57.195020
2833.305405 56.902940
2833.723017 57.522017
2834.140629 56.382038
2834.558242 56.031206
2834.975854 55.930463
2835.393466 55.975566
2835.811079 56.466225
2836.228691 55.792816
2836.646304 56.284105
2837.063916 56.178747
2837.481528 56.235780
2837.899141 56.767098
2838.316753 56.225570
2838.734365 52.285653
2839.151978 48.872172
2839.569590 43.050728
2839.987202 49.332444
2840.404815 49.809054
2840.822427 54.067345
2841.240039 51.883916
2841.657652 52.988287
2842.075264 56.774704
2842.492876 55.644596
2842.910489 55.662569
2843.328101 56.552519
2843.745713 56.911721
2844.163326 57.070950
2844.580938 56.658797
2844.998550 56.378381
2845.416163 55.580660
2845.833775 55.186698
2846.251387 55.863583
2846.669000 55.802929
2847.086612 55.426699
2847.504224 53.510981
2847.921837 54.289469
2848.339449 53.957337
2848.757061 53.851325
2849.174674 55.415387
2849.592286 55.811964
2850.009898 55.611471
2850.427511 53.381389
2850.845123 50.903409
2851.262735 46.909099
2851.680348 46.487717
2852.097960 46.434221
2852.515573 49.678505
2852.933185 51.399712
2853.350797 52.857362
2853.768410 54.058237
2854.186022 53.460343
2854.603634 53.794317
2855.021247 53.649766
2855.438859 54.726875
2855.856471 54.342154
2856.274084 54.176518
2856.691696 54.157333
2857.109308 53.962884
2857.526921 54.064438
2857.944533 53.372886
2858.362145 53.918956
2858.779758 53.092494
2859.197370 53.388898
2859.614982 53.201013
2860.032595 52.953951
2860.450207 53.336140
2860.867819 53.192256
2861.285432 51.847158
2861.703044 53.389770
2862.120656 53.476330
2862.538269 52.659679
2862.955881 52.581245
2863.373493 53.208667
2863.791106 53.113895
2864.208718 52.728581
2864.626330 51.617101
2865.043943 52.246594
2865.461555 52.148806
2865.879167 52.408197
2866.296780 52.369113
2866.714392 52.061930
2867.132004 52.072273
2867.549617 52.667975
2867.967229 51.633161
2868.384841 52.002681
2868.802454 52.334414
2869.220066 52.053900
2869.637679 51.512373
2870.055291 51.471666
2870.472903 53.136265
2870.890516 52.855570
2871.308128 52.448467
2871.725740 52.034728
2872.143353 51.571646
2872.560965 51.575268
2872.978577 51.677876
2873.396190 51.631538
2873.813802 51.278767
2874.231414 51.807287
2874.649027 51.452542
2875.066639 51.517012
2875.484251 51.579507
2875.901864 51.985725
2876.319476 51.267358
2876.737088 52.207086
2877.154701 51.093147
2877.572313 51.487908
2877.989925 50.390610
2878.407538 51.568401
2878.825150 51.430948
2879.242762 51.634735
2879.660375 51.186078
2880.077987 50.885399
2880.495599 50.645205
2880.913212 50.499976
2881.330824 50.312988
2881.748436 49.779708
2882.166049 50.944794
2882.583661 50.968181
2883.001273 51.178981
2883.418886 50.780151
2883.836498 51.122408
2884.254110 51.074980
2884.671723 50.800219
2885.089335 50.405301
2885.506948 50.418200
2885.924560 50.497154
2886.342172 51.698175
2886.759785 51.237285
2887.177397 51.703589
2887.595009 50.942759
2888.012622 51.252183
2888.430234 50.447994
2888.847846 51.257899
2889.265459 50.867729
2889.683071 50.454280
2890.100683 51.005702
2890.518296 50.741418
2890.935908 50.833162
2891.353520 50.451882
2891.771133 49.452783
2892.188745 49.988328
2892.606357 50.089677
2893.023970 49.277325
2893.441582 49.598472
2893.859194 50.130444
2894.276807 50.742351
2894.694419 50.578325
2895.112031 49.186356
2895.529644 49.417987
2895.947256 49.843439
2896.364868 49.234886
2896.782481 49.111022
2897.200093 49.653652
2897.617705 50.757635
2898.035318 49.995353
2898.452930 49.115104
2898.870542 48.495579
2899.288155 49.248863
2899.705767 50.008857
2900.123379 49.867504
2900.540992 50.449496
2900.958604 49.934892
2901.376216 50.029022
2901.793829 50.686517
2902.211441 50.636339
2902.629054 50.614284
2903.046666 49.530260
2903.464278 49.133804
2903.881891 48.854090
2904.299503 50.485043
2904.717115 50.082434
2905.134728 48.696520
2905.552340 48.862604
2905.969952 48.426883
2906.387565 48.854914
2906.805177 48.409624
2907.222789 48.096046
2907.640402 48.296842
2908.058014 48.378970
2908.475626 49.392638
2908.893239 48.299083
2909.310851 48.590823
2909.728463 49.456647
2910.146076 49.676325
2910.563688 49.748267
2910.981300 48.812463
2911.398913 48.783735
2911.816525 49.370304
2912.234137 49.752421
2912.651750 49.636466
2913.069362 49.221237
2913.486974 49.301087
2913.904587 49.543026
2914.322199 49.175419
2914.739811 49.564754
2915.157424 49.477394
2915.575036 49.427022
2915.992648 49.318044
2916.410261 49.069880
2916.827873 49.301887
2917.245485 49.762486
2917.663098 49.856047
2918.080710 49.908077
2918.498322 49.673842
2918.915935 50.510017
2919.333547 51.327782
2919.751160 50.260969
2920.168772 50.221788
2920.586384 49.860697
2921.003997 51.001330
2921.421609 50.616779
2921.839221 50.133011
2922.256834 49.925978
2922.674446 50.127973
2923.092058 51.315465
2923.509671 50.940845
2923.927283 49.381629
2924.344895 50.598249
2924.762508 50.608798
2925.180120 50.396557
2925.597732 50.880434
2926.015345 50.676537
2926.432957 50.567619
2926.850569 50.633614
2927.268182 49.983398
2927.685794 50.975387
2928.103406 50.888585
2928.521019 51.326874
2928.938631 50.939271
2929.356243 51.182154
2929.773856 52.730446
2930.191468 53.399520
2930.609080 51.409740
2931.026693 51.288808
2931.444305 51.482785
2931.861917 52.266808
2932.279530 51.914788
2932.697142 52.111829
2933.114754 51.558627
2933.532367 51.727594
2933.949979 50.626529
2934.367591 51.951546
2934.785204 52.349190
2935.202816 51.670948
2935.620429 51.216902
2936.038041 50.652944
2936.455653 51.360980
2936.873266 51.047765
2937.290878 50.658527
2937.708490 50.124776
2938.126103 51.084245
2938.543715 52.278362
2938.961327 51.571271
2939.378940 50.559553
2939.796552 50.828282
2940.214164 50.941633
2940.631777 50.664934
2941.049389 51.123680
2941.467001 51.792777
2941.884614 52.180514
2942.302226 51.352768
2942.719838 50.483977
2943.137451 51.470128
2943.555063 52.008725
2943.972675 51.252461
2944.390288 51.709911
2944.807900 50.776941
2945.225512 51.254350
2945.643125 51.713472
2946.060737 51.430039
2946.478349 51.057079
2946.895962 50.791487
2947.313574 51.194811
2947.731186 50.062305
2948.148799 51.135622
2948.566411 49.906818
2948.984023 50.472798
2949.401636 50.088090
2949.819248 50.307295
2950.236860 50.437978
2950.654473 50.866324
2951.072085 51.468009
2951.489697 51.447540
2951.907310 51.751974
2952.324922 50.909222
2952.742535 50.611644
2953.160147 50.862993
2953.577759 50.304110
2953.995372 50.465967
2954.412984 49.669385
2954.830596 50.120815
2955.248209 50.269398
2955.665821 50.889432
2956.083433 51.211682
2956.501046 50.048243
2956.918658 50.202313
2957.336270 50.321986
2957.753883 50.583424
2958.171495 51.122287
2958.589107 51.129082
2959.006720 50.545152
2959.424332 50.213540
2959.841944 50.794927
2960.259557 50.448587
2960.677169 50.287420
2961.094781 50.505899
2961.512394 50.003588
2961.930006 49.943927
2962.347618 51.324851
2962.765231 51.886423
2963.182843 51.375610
2963.600455 51.871926
2964.018068 51.838801
2964.435680 52.184462
2964.853292 51.342243
2965.270905 50.638350
2965.688517 51.069554
2966.106129 51.290043
2966.523742 50.257675
2966.941354 50.752658
2967.358966 50.843663
2967.776579 51.297915
2968.194191 50.757284
2968.611803 51.476475
2969.029416 52.308568
2969.447028 51.498639
2969.864641 49.810023
2970.282253 49.564500
2970.699865 49.979123
2971.117478 51.235990
2971.535090 51.406640
2971.952702 50.142446
2972.370315 50.213916
2972.787927 50.847054
2973.205539 49.716595
2973.623152 48.872136
2974.040764 49.795986
2974.458376 50.735580
2974.875989 50.831079
2975.293601 50.698350
2975.711213 50.431825
2976.128826 51.060482
2976.546438 50.413089
2976.964050 50.895730
2977.381663 50.471127
2977.799275 50.074658
2978.216887 49.326824
2978.634500 49.652865
2979.052112 49.277821
2979.469724 49.713870
2979.887337 49.992288
2980.304949 50.306714
2980.722561 50.646670
2981.140174 50.038978
2981.557786 50.332439
2981.975398 50.161946
2982.393011 50.627922
2982.810623 50.152729
2983.228235 50.089955
2983.645848 49.975005
2984.063460 49.648493
2984.481072 50.273456
2984.898685 49.517459
2985.316297 49.785606
2985.733910 50.280480
2986.151522 50.239192
2986.569134 50.169673
2986.986747 49.121523
2987.404359 49.343574
2987.821971 49.596074
2988.239584 49.239767
2988.657196 49.754444
2989.074808 49.654367
2989.492421 49.022367
2989.910033 48.375603
2990.327645 48.505631
2990.745258 48.783383
2991.162870 49.486405
2991.580482 49.811307
2991.998095 49.790620
2992.415707 48.516386
2992.833319 48.355268
2993.250932 48.845878
2993.668544 49.578840
2994.086156 48.991725
2994.503769 48.731013
2994.921381 47.738334
2995.338993 47.258176
2995.756606 47.076867
2996.174218 46.582477
2996.591830 46.573806
2997.009443 46.619296
2997.427055 45.616262
2997.844667 45.429915
2998.262280 45.738781
2998.679892 47.943962
2999.097504 48.344767
2999.515117 50.917228
2999.932729 48.439987
3000.350341 48.568453
3000.767954 45.635422
3001.185566 45.654158
3001.603178 46.319550
3002.020791 47.467377
3002.438403 47.280388
3002.856016 46.140542
3003.273628 45.226273
3003.691240 46.435166
3004.108853 46.657738
3004.526465 47.002672
3004.944077 47.033944
3005.361690 47.229253
3005.779302 46.040635
3006.196914 46.313131
3006.614527 46.575089
3007.032139 47.703635
3007.449751 47.567793
3007.867364 47.611152
3008.284976 46.831937
3008.702588 46.294200
3009.120201 46.129424
3009.537813 46.759232
3009.955425 47.304320
3010.373038 47.548414
3010.790650 46.512425
3011.208262 45.931886
3011.625875 45.602685
3012.043487 45.636052
3012.461099 46.484278
3012.878712 46.957145
3013.296324 46.476090
3013.713936 46.147216
3014.131549 45.600832
3014.549161 45.507864
3014.966773 45.563044
3015.384386 45.622112
3015.801998 46.329251
3016.219610 46.303575
3016.637223 45.505466
3017.054835 44.934447
3017.472447 45.079543
3017.890060 45.496940
3018.307672 46.222053
3018.725284 44.506392
3019.142897 44.116997
3019.560509 43.564278
3019.978122 43.975135
3020.395734 43.644069
3020.813346 43.461888
3021.230959 44.106448
3021.648571 44.176161
3022.066183 44.816203
3022.483796 45.098800
3022.901408 45.313681
3023.319020 45.264896
3023.736633 44.744855
3024.154245 44.440506
3024.571857 44.985497
3024.989470 46.320034
3025.407082 46.236550
3025.824694 45.662467
3026.242307 45.026531
3026.659919 44.676195
3027.077531 44.378967
3027.495144 44.886425
3027.912756 44.758104
3028.330368 44.543187
3028.747981 44.438059
3029.165593 45.213737
3029.583205 44.926308
3030.000818 44.758831
3030.418430 44.524281
3030.836042 44.445920
3031.253655 44.612077
3031.671267 44.835775
3032.088879 45.665640
3032.506492 45.345462
3032.924104 44.105091
3033.341716 43.913330
3033.759329 43.474084
3034.176941 45.133208
3034.594553 44.647963
3035.012166 44.614693
3035.429778 44.319210
3035.847391 44.483950
3036.265003 45.444679
3036.682615 45.665713
3037.100228 45.301255
3037.517840 44.979126
3037.935452 43.885813
3038.353065 44.867083
3038.770677 45.105958
3039.188289 44.816361
3039.605902 44.849146
3040.023514 44.783236
3040.441126 45.436637
3040.858739 45.756961
3041.276351 45.613428
3041.693963 44.749978
3042.111576 44.662363
3042.529188 44.254195
3042.946800 44.314862
3043.364413 43.882967
3043.782025 44.770373
3044.199637 45.051807
3044.617250 45.591155
3045.034862 45.608232
3045.452474 45.863420
3045.870087 45.518365
3046.287699 45.140172
3046.705311 45.283863
3047.122924 45.228804
3047.540536 45.634162
3047.958148 45.379798
3048.375761 45.251985
3048.793373 45.175126
3049.210985 44.540316
3049.628598 45.283826
3050.046210 44.678314
3050.463822 43.810516
3050.881435 44.830228
3051.299047 44.923995
3051.716659 44.813309
3052.134272 45.554203
3052.551884 44.570898
3052.969497 44.090182
3053.387109 44.064566
3053.804721 44.476344
3054.222334 44.595847
3054.639946 44.604459
3055.057558 44.757620
3055.475171 44.473497
3055.892783 45.515616
3056.310395 44.877342
3056.728008 44.370247
3057.145620 44.485742
3057.563232 44.139415
3057.980845 44.734669
3058.398457 44.746950
3058.816069 43.927816
3059.233682 43.917775
3059.651294 43.972955
3060.068906 44.362242
3060.486519 44.242096
3060.904131 44.285515
3061.321743 44.404111
3061.739356 44.534878
3062.156968 44.938686
3062.574580 45.288296
3062.992193 46.172795
3063.409805 45.501869
3063.827417 44.460683
3064.245030 45.293031
3064.662642 45.443104
3065.080254 44.953256
3065.497867 45.027621
3065.915479 45.508191
3066.333091 45.069333
3066.750704 44.885917
3067.168316 44.897968
3067.585928 43.721957
3068.003541 44.600643
3068.421153 44.888291
3068.838766 45.275433
3069.256378 44.795856
3069.673990 44.580865
3070.091603 44.452690
3070.509215 44.873842
3070.926827 44.281591
3071.344440 44.285055
3071.762052 44.977068
3072.179664 45.466794
3072.597277 45.416483
3073.014889 44.502068
3073.432501 44.401107
3073.850114 44.182931
3074.267726 44.566913
3074.685338 44.350033
3075.102951 44.224219
3075.520563 44.981525
3075.938175 44.966361
3076.355788 44.835993
3076.773400 44.280259
3077.191012 44.498205
3077.608625 44.684649
3078.026237 44.741270
3078.443849 44.435310
3078.861462 44.600958
3079.279074 45.113782
3079.696686 45.398861
3080.114299 45.424719
3080.531911 44.660026
3080.949523 44.944258
3081.367136 45.179474
3081.784748 44.666421
3082.202360 44.885820
3082.619973 44.887079
3083.037585 45.270589
3083.455197 44.982917
3083.872810 45.182018
3084.290422 45.121690
3084.708034 45.398740
3085.125647 45.376104
3085.543259 44.475677
3085.960872 44.079064
3086.378484 44.407696
3086.796096 44.824451
3087.213709 44.252136
3087.631321 43.916019
3088.048933 44.490211
3088.466546 44.791726
3088.884158 44.768230
3089.301770 44.675056
3089.719383 44.528919
3090.136995 44.218757
3090.554607 45.251404
3090.972220 44.703530
3091.389832 43.839124
3091.807444 44.116440
3092.225057 43.966451
3092.642669 44.244409
3093.060281 44.500058
3093.477894 44.643179
3093.895506 44.341495
3094.313118 44.906736
3094.730731 45.167690
3095.148343 44.115580
3095.565955 43.628069
3095.983568 43.908498
3096.401180 44.503449
3096.818792 45.312192
3097.236405 44.750692
3097.654017 45.050511
3098.071629 44.632412
3098.489242 44.515137
3098.906854 44.254861
3099.324466 44.209431
3099.742079 43.737424
3100.159691 43.372748
3100.577303 43.580193
3100.994916 44.761326
3101.412528 44.499016
3101.830140 44.124203
3102.247753 44.797552
3102.665365 45.135522
3103.082978 45.244864
3103.500590 46.145217
3103.918202 45.513460
3104.335815 45.205187
3104.753427 44.616049
3105.171039 44.942635
3105.588652 45.284614
3106.006264 45.134347
3106.423876 44.907620
3106.841489 44.394930
3107.259101 45.002453
3107.676713 45.300286
3108.094326 45.060758
3108.511938 44.896078
3108.929550 45.633557
3109.347163 45.798406
3109.764775 45.124912
3110.182387 44.988682
3110.600000 45.682439
3111.017612 45.813945
3111.435224 46.158092
3111.852837 46.160938
3112.270449 46.459207
3112.688061 46.524560
3113.105674 46.659579
3113.523286 46.245452
3113.940898 45.589544
3114.358511 45.096196
3114.776123 45.980029
3115.193735 46.563014
3115.611348 47.135644
3116.028960 46.949394
3116.446572 46.441149
3116.864185 46.568634
3117.281797 46.071531
3117.699409 44.828726
3118.117022 45.800538
3118.534634 45.644833
3118.952247 46.713620
3119.369859 46.630451
3119.787471 46.299517
3120.205084 46.534661
3120.622696 46.973217
3121.040308 46.396506
3121.457921 45.372276
3121.875533 46.641169
3122.293145 46.858061
3122.710758 46.279776
3123.128370 47.341466
3123.545982 47.676372
3123.963595 47.143044
3124.381207 46.112710
3124.798819 46.735542
3125.216432 47.600603
3125.634044 47.147295
3126.051656 47.064186
3126.469269 46.307099
3126.886881 46.816943
3127.304493 47.000589
3127.722106 46.878481
3128.139718 46.750911
3128.557330 47.532851
3128.974943 47.122333
3129.392555 46.446308
3129.810167 46.728311
3130.227780 46.743790
3130.645392 46.716915
3131.063004 46.151612
3131.480617 46.483708
3131.898229 46.100696
3132.315841 46.729571
3132.733454 46.411246
3133.151066 45.861071
3133.568678 46.114261
3133.986291 46.043215
3134.403903 45.474836
3134.821515 46.726713
3135.239128 46.434221
3135.656740 46.077006
3136.074353 45.262256
3136.491965 45.973634
3136.909577 45.914446
3137.327190 46.242678
3137.744802 45.918103
3138.162414 45.306935
3138.580027 44.763010
3138.997639 45.200112
3139.415251 45.789613
3139.832864 46.257212
3140.250476 45.722176
3140.668088 45.557279
3141.085701 45.065651
3141.503313 44.493506
3141.920925 45.005796
3142.338538 45.253511
3142.756150 45.490775
3143.173762 46.035706
3143.591375 45.343391
3144.008987 45.312979
3144.426599 45.869403
3144.844212 44.907584
3145.261824 44.231462
3145.679436 45.003446
3146.097049 45.389450
3146.514661 44.473970
3146.932273 44.762222
3147.349886 44.889029
3147.767498 44.666082
3148.185110 44.651693
3148.602723 43.895405
3149.020335 43.804860
3149.437947 45.202740
3149.855560 45.078792
3150.273172 44.207409
3150.690784 44.985764
3151.108397 45.111989
3151.526009 44.831076
3151.943621 45.092914
3152.361234 44.054017
3152.778846 44.512678
3153.196459 45.017326
3153.614071 44.813854
3154.031683 45.168295
3154.449296 45.077653
3154.866908 45.931935
3155.284520 44.964883
3155.702133 44.506441
3156.119745 44.115301
3156.537357 45.046624
3156.954970 45.566702
3157.372582 45.132990
3157.790194 44.673554
3158.207807 44.931177
3158.625419 44.641677
3159.043031 46.136909
3159.460644 45.574078
3159.878256 45.505188
3160.295868 44.736740
3160.713481 44.967669
3161.131093 45.081589
3161.548705 45.335252
3161.966318 45.916505
3162.383930 45.023563
3162.801542 44.798387
3163.219155 45.113564
3163.636767 45.478143
3164.054379 45.597501
3164.471992 45.128509
3164.889604 45.013293
3165.307216 45.783170
3165.724829 45.875665
3166.142441 46.087119
3166.560053 44.935440
3166.977666 44.071470
3167.395278 44.847838
3167.812890 45.171735
3168.230503 45.849855
3168.648115 45.546185
3169.065728 46.038213
3169.483340 45.623940
3169.900952 45.081420
3170.318565 45.437799
3170.736177 45.682729
3171.153789 45.530719
3171.571402 45.001097
3171.989014 45.270383
3172.406626 46.111439
3172.824239 45.971878
3173.241851 46.131980
3173.659463 46.438303
3174.077076 46.321960
3174.494688 45.408114
3174.912300 45.948576
3175.329913 46.221350
3175.747525 45.734881
3176.165137 46.128564
3176.582750 45.542091
3177.000362 46.378726
3177.417974 46.380991
3177.835587 45.772245
3178.253199 46.034095
3178.670811 46.193506
3179.088424 46.006069
3179.506036 45.661873
3179.923648 45.099042
3180.341261 45.386871
3180.758873 45.159054
3181.176485 45.372870
3181.594098 46.344560
3182.011710 46.077502
3182.429322 46.349029
3182.846935 45.556988
3183.264547 45.091012
3183.682159 45.644070
3184.099772 45.770792
3184.517384 46.015104
3184.934996 45.838543
3185.352609 46.538573
3185.770221 46.576228
3186.187834 46.840282
3186.605446 46.263328
3187.023058 46.171681
3187.440671 46.958441
3187.858283 46.326901
3188.275895 45.828430
3188.693508 46.183320
3189.111120 47.150044
3189.528732 46.824077
3189.946345 46.838816
3190.363957 46.298815
3190.781569 46.596587
3191.199182 46.518202
3191.616794 47.445189
3192.034406 46.801913
3192.452019 47.080827
3192.869631 46.985099
3193.287243 47.017606
3193.704856 47.233747
3194.122468 46.210014
3194.540080 47.269851
3194.957693 46.628586
3195.375305 47.424890
3195.792917 46.868320
3196.210530 45.840893
3196.628142 45.989573
3197.045754 45.547929
3197.463367 46.288278
3197.880979 46.159352
3198.298591 45.617969
3198.716204 45.457057
3199.133816 46.056501
3199.551428 46.490503
3199.969041 47.082850
3200.386653 47.379230
3200.804265 47.038994
3201.221878 46.732914
3201.639490 46.814908
3202.057102 46.655643
3202.474715 46.271601
3202.892327 45.323080
3203.309940 45.545725
3203.727552 45.345195
3204.145164 45.094222
3204.562777 45.213120
3204.980389 45.519830
3205.398001 45.557557
3205.815614 45.796601
3206.233226 45.179886
3206.650838 45.169809
3207.068451 43.881429
3207.486063 46.611848
3207.903675 43.462445
3208.321288 43.309695
3208.738900 42.774672
3209.156512 41.856478
3209.574125 42.967559
3209.991737 43.440196
3210.409349 42.725245
3210.826962 44.138361
3211.244574 44.126989
3211.662186 44.884887
3212.079799 45.268469
3212.497411 43.768247
3212.915023 44.001587
3213.332636 43.471941
3213.750248 44.156153
3214.167860 45.322813
3214.585473 44.968493
3215.003085 45.084387
3215.420697 44.845961
3215.838310 45.116846
3216.255922 45.655866
3216.673534 45.412353
3217.091147 44.662376
3217.508759 44.722606
3217.926371 44.754301
3218.343984 44.104800
3218.761596 45.109809
3219.179209 44.942962
3219.596821 45.005529
3220.014433 45.431913
3220.432046 44.865775
3220.849658 44.379767
3221.267270 43.398412
3221.684883 43.726402
3222.102495 43.528017
3222.520107 44.269068
3222.937720 45.451534
3223.355332 46.771949
3223.772944 47.164348
3224.190557 46.395755
3224.608169 44.957011
3225.025781 43.901183
3225.443394 42.466435
3225.861006 43.004136
3226.278618 43.608618
3226.696231 44.646328
3227.113843 44.554608
3227.531455 44.494898
3227.949068 44.749639
3228.366680 44.323109
3228.784292 44.243525
3229.201905 44.215947
3229.619517 44.682275
3230.037129 44.826377
3230.454742 44.310368
3230.872354 43.961389
3231.289966 43.501299
3231.707579 43.719826
3232.125191 44.374922
3232.542803 43.779971
3232.960416 43.583087
3233.378028 44.237360
3233.795640 43.781776
3234.213253 43.699382
3234.630865 43.438404
3235.048477 43.718336
3235.466090 44.331115
3235.883702 43.809232
3236.301315 43.213349
3236.718927 42.670332
3237.136539 43.275335
3237.554152 43.349288
3237.971764 43.822725
3238.389376 43.537439
3238.806989 43.555473
3239.224601 44.047210
3239.642213 44.373638
3240.059826 43.858369
3240.477438 43.454064
3240.895050 43.731210
3241.312663 43.570310
3241.730275 43.345836
3242.147887 43.598081
3242.565500 43.447560
3242.983112 43.137604
3243.400724 42.632386
3243.818337 42.649670
3244.235949 43.243191
3244.653561 43.904986
3245.071174 43.544004
3245.488786 43.319324
3245.906398 42.728709
3246.324011 42.961431
3246.741623 43.735776
3247.159235 43.241387
3247.576848 42.685943
3247.994460 42.210242
3248.412072 42.474998
3248.829685 43.368230
3249.247297 43.519454
3249.664909 43.647339
3250.082522 43.441880
3250.500134 43.481787
3250.917746 43.724876
3251.335359 43.246813
3251.752971 44.135467
3252.170584 44.534103
3252.588196 43.131778
3253.005808 42.994907
3253.423421 43.001289
3253.841033 43.282590
3254.258645 42.695051
3254.676258 43.120478
3255.093870 43.756184
3255.511482 44.137647
3255.929095 43.455166
3256.346707 43.103183
3256.764319 42.706787
3257.181932 43.008629
3257.599544 42.830021
3258.017156 42.782351
3258.434769 43.554202
3258.852381 44.257889
3259.269993 43.335747
3259.687606 43.426559
3260.105218 43.570806
3260.522830 44.220683
3260.940443 44.478124
3261.358055 43.827690
3261.775667 43.746326
3262.193280 43.569571
3262.610892 44.223577
3263.028504 43.577892
3263.446117 43.668182
3263.863729 43.717876
3264.281341 44.150909
3264.698954 43.946540
3265.116566 43.451206
3265.534178 43.218375
3265.951791 43.731283
3266.369403 43.569559
3266.787015 43.914142
3267.204628 43.647133
3267.622240 43.228936
3268.039852 43.457879
3268.457465 42.785790
3268.875077 43.206893
3269.292690 43.876088
3269.710302 43.684945
3270.127914 43.235053
3270.545527 43.977509
3270.963139 43.941623
3271.380751 43.257229
3271.798364 43.483301
3272.215976 43.412837
3272.633588 43.099005
3273.051201 43.453749
3273.468813 43.077785
3273.886425 43.000236
3274.304038 43.052194
3274.721650 43.733911
3275.139262 43.278533
3275.556875 43.396510
3275.974487 42.848394
3276.392099 42.954079
3276.809712 43.371997
3277.227324 43.261104
3277.644936 42.767611
3278.062549 43.456075
3278.480161 43.962430
3278.897773 43.354811
3279.315386 42.947187
3279.732998 43.266276
3280.150610 42.985726
3280.568223 43.194746
3280.985835 43.164976
3281.403447 43.259615
3281.821060 43.596640
3282.238672 43.622304
3282.656284 43.634500
3283.073897 43.236300
3283.491509 43.651444
3283.909121 43.810783
3284.326734 43.615812
3284.744346 43.404891
3285.161958 43.038181
3285.579571 43.392187
3285.997183 43.817868
3286.414796 43.812842
3286.832408 43.820460
3287.250020 43.963520
3287.667633 43.411093
3288.085245 43.082400
3288.502857 42.757340
3288.920470 42.418971
3289.338082 43.586866
3289.755694 43.710851
3290.173307 43.311876
3290.590919 43.118807
3291.008531 42.440226
3291.426144 42.807288
3291.843756 43.057511
3292.261368 42.855504
3292.678981 43.296106
3293.096593 43.416979
3293.514205 43.644856
3293.931818 43.611319
3294.349430 44.033464
3294.767042 43.796649
3295.184655 43.080740
3295.602267 44.169100
3296.019879 44.157933
3296.437492 43.214209
3296.855104 42.502249
3297.272716 42.610041
3297.690329 42.787183
3298.107941 42.363500
3298.525553 42.492753
3298.943166 42.111073
3299.360778 41.772025
3299.778390 42.181162
3300.196003 42.901442
3300.613615 42.653218
3301.031227 42.328389
3301.448840 42.657336
3301.866452 42.396952
3302.284065 42.484179
3302.701677 41.864593
3303.119289 41.985792
3303.536902 42.012619
3303.954514 41.891408
3304.372126 42.082744
3304.789739 41.718589
3305.207351 41.776918
3305.624963 42.376084
3306.042576 42.010645
3306.460188 41.836010
3306.877800 42.022502
3307.295413 42.006345
3307.713025 42.267614
3308.130637 42.350068
3308.548250 41.867875
3308.965862 40.897299
3309.383474 41.247466
3309.801087 40.545655
3310.218699 42.454288
3310.636311 41.605783
3311.053924 41.371826
3311.471536 41.046525
3311.889148 41.102588
3312.306761 41.796914
3312.724373 42.309919
3313.141985 42.163007
3313.559598 41.647459
3313.977210 41.110001
3314.394822 41.483203
3314.812435 41.022713
3315.230047 41.389787
3315.647659 40.872580
3316.065272 41.281523
3316.482884 41.441576
3316.900496 41.492529
3317.318109 40.815159
3317.735721 40.863097
3318.153333 41.351588
3318.570946 41.607261
3318.988558 41.922934
3319.406171 41.552432
3319.823783 41.975413
3320.241395 41.437543
3320.659008 41.612311
3321.076620 41.502412
3321.494232 41.391422
3321.911845 41.187611
3322.329457 41.683648
3322.747069 41.627632
3323.164682 40.435756
3323.582294 40.206946
3323.999906 40.643310
3324.417519 40.720860
3324.835131 40.762886
3325.252743 40.884122
3325.670356 40.713774
3326.087968 40.706168
3326.505580 40.885648
3326.923193 40.935063
3327.340805 41.211204
3327.758417 41.317627
3328.176030 41.173319
3328.593642 41.298007
3329.011254 41.823353
3329.428867 40.600605
3329.846479 40.843452
3330.264091 41.689667
3330.681704 41.506457
3331.099316 41.827035
3331.516928 41.639598
3331.934541 42.304917
3332.352153 42.780437
3332.769765 42.589100
3333.187378 42.270605
3333.604990 42.576298
3334.022602 42.635148
3334.440215 41.801880
3334.857827 41.946236
3335.275439 42.091319
3335.693052 42.769367
3336.110664 42.308405
3336.528277 42.400658
3336.945889 41.279173
3337.363501 41.789647
3337.781114 42.179067
3338.198726 42.573452
3338.616338 43.295670
3339.033951 42.074460
3339.451563 41.483215
3339.869175 42.632556
3340.286788 42.555624
3340.704400 42.502334
3341.122012 42.952286
3341.539625 42.567505
3341.957237 42.774757
3342.374849 42.846432
3342.792462 42.243948
3343.210074 41.968109
3343.627686 42.143508
3344.045299 41.697915
3344.462911 41.238491
3344.880523 41.330998
3345.298136 41.997080
3345.715748 41.940108
3346.133360 41.891553
3346.550973 41.597111
3346.968585 40.993828
3347.386197 41.066242
3347.803810 40.986222
3348.221422 41.313437
3348.639034 41.240441
3349.056647 40.660872
3349.474259 40.493540
3349.891871 40.431166
3350.309484 40.021048
3350.727096 39.580663
3351.144708 40.003123
3351.562321 40.605026
3351.979933 40.674788
3352.397546 41.660345
3352.815158 41.203889
3353.232770 41.446299
3353.650383 40.563471
3354.067995 40.726782
3354.485607 41.257785
3354.903220 41.354022
3355.320832 40.908224
3355.738444 40.928741
3356.156057 40.800250
3356.573669 40.788720
3356.991281 40.604735
3357.408894 40.089901
3357.826506 39.580396
3358.244118 40.645272
3358.661731 40.203010
3359.079343 40.235033
3359.496955 40.127834
3359.914568 40.111992
3360.332180 39.831297
3360.749792 40.252316
3361.167405 40.338513
3361.585017 39.805124
3362.002629 39.629956
3362.420242 39.421131
3362.837854 39.763425
3363.255466 39.798112
3363.673079 40.240289
3364.090691 40.185897
3364.508303 40.310414
3364.925916 40.092384
3365.343528 40.347815
3365.761140 39.686299
3366.178753 40.005363
3366.596365 40.128052
3367.013977 40.083446
3367.431590 39.763776
3367.849202 39.482403
3368.266814 39.553630
3368.684427 40.177273
3369.102039 40.842107
3369.519652 40.359466
3369.937264 40.139425
3370.354876 40.325081
3370.772489 40.130632
3371.190101 39.833114
3371.607713 40.116026
3372.025326 40.185509
3372.442938 40.267722
3372.860550 40.187580
3373.278163 39.542766
3373.695775 40.738809
3374.113387 40.717650
3374.531000 40.081799
3374.948612 39.521825
3375.366224 40.174875
3375.783837 39.540295
3376.201449 40.085359
3376.619061 40.265069
3377.036674 40.136639
3377.454286 39.610275
3377.871898 39.556416
3378.289511 39.830437
3378.707123 40.448618
3379.124735 39.997999
3379.542348 39.469916
3379.959960 39.555398
3380.377572 38.903717
3380.795185 39.487986
3381.212797 40.132122
3381.630409 39.843772
3382.048022 39.764975
3382.465634 39.812670
3382.883246 39.652254
3383.300859 40.116244
3383.718471 40.464630
3384.136083 40.147249
3384.553696 40.277217
3384.971308 39.805003
3385.388920 40.361937
3385.806533 41.172023
3386.224145 41.019625
3386.641758 40.754311
3387.059370 40.197439
3387.476982 40.169352
3387.894595 39.847369
3388.312207 40.301307
3388.729819 40.385348
3389.147432 39.761208
3389.565044 39.623271
3389.982656 39.774931
3390.400269 39.960236
3390.817881 39.418151
3391.235493 39.552552
3391.653106 39.798390
3392.070718 39.803962
3392.488330 40.295796
3392.905943 40.248755
3393.323555 39.664183
3393.741167 39.022833
3394.158780 39.748939
3394.576392 39.803453
3394.994004 39.353440
3395.411617 39.486835
3395.829229 39.653332
3396.246841 40.093813
3396.664454 40.488925
3397.082066 40.423342
3397.499678 40.386208
3397.917291 40.898535
3398.334903 41.262738
3398.752515 41.085003
3399.170128 40.817666
3399.587740 40.557839
3400.005352 40.235178
3400.422965 40.716124
3400.840577 41.128822
3401.258189 40.995305
3401.675802 40.882511
3402.093414 40.770153
3402.511027 41.371875
3402.928639 41.625440
3403.346251 41.691411
3403.763864 40.869503
3404.181476 41.174906
3404.599088 41.547430
3405.016701 41.529154
3405.434313 40.993525
3405.851925 41.010360
3406.269538 41.207086
3406.687150 41.557834
3407.104762 42.079171
3407.522375 41.725929
3407.939987 41.717221
3408.357599 42.058594
3408.775212 41.079613
3409.192824 41.066181
3409.610436 41.446844
3410.028049 42.364227
3410.445661 42.005134
3410.863273 42.112890
3411.280886 42.319305
3411.698498 41.959946
3412.116110 42.569976
3412.533723 42.243015
3412.951335 42.019401
3413.368947 42.282050
3413.786560 42.563073
3414.204172 42.827647
3414.621784 43.504436
3415.039397 43.363095
3415.457009 42.716791
3415.874621 42.278611
3416.292234 42.227706
3416.709846 42.861111
3417.127458 42.275886
3417.545071 42.393052
3417.962683 43.042589
3418.380295 43.812442
3418.797908 44.128563
3419.215520 43.843023
3419.633133 44.148850
3420.050745 43.944021
3420.468357 43.207523
3420.885970 43.005492
3421.303582 43.410402
3421.721194 43.234290
3422.138807 42.965500
3422.556419 43.785966
3422.974031 43.964937
3423.391644 43.311512
3423.809256 43.151847
3424.226868 42.869396
3424.644481 42.851567
3425.062093 42.625931
3425.479705 42.229826
3425.897318 42.681813
3426.314930 42.172757
3426.732542 42.334772
3427.150155 41.677519
3427.567767 41.202072
3427.985379 41.026516
3428.402992 41.337551
3428.820604 41.187381
3429.238216 40.556604
3429.655829 40.545147
3430.073441 40.255416
3430.491053 40.530722
3430.908666 40.560661
3431.326278 40.757763
3431.743890 40.406555
3432.161503 40.164919
3432.579115 40.058193
3432.996727 39.876461
3433.414340 40.116219
3433.831952 39.907309
3434.249564 39.661507
3434.667177 40.421573
3435.084789 40.382986
3435.502401 40.215448
3435.920014 39.552152
3436.337626 39.909150
3436.755239 39.998750
3437.172851 40.439680
3437.590463 40.959819
3438.008076 40.386511
3438.425688 39.914951
3438.843300 39.524708
3439.260913 39.644575
3439.678525 39.989776
3440.096137 39.726267
3440.513750 39.957583
3440.931362 39.707228
3441.348974 39.920740
3441.766587 40.471812
3442.184199 40.326777
3442.601811 39.529649
3443.019424 39.954810
3443.437036 39.797688
3443.854648 40.075828
3444.272261 40.200527
3444.689873 39.837922
3445.107485 39.786691
3445.525098 40.052949
3445.942710 39.569375
3446.360322 39.342370
3446.777935 39.896832
3447.195547 39.781289
3447.613159 40.069723
3448.030772 39.746420
3448.448384 39.635976
3448.865996 39.631361
3449.283609 39.661555
3449.701221 39.762783
3450.118833 39.706295
3450.536446 39.877381
3450.954058 39.192345
3451.371670 39.317554
3451.789283 39.723469
3452.206895 39.576169
3452.624508 39.883716
3453.042120 39.598370
3453.459732 40.253587
3453.877345 40.023300
3454.294957 39.148235
3454.712569 38.914327
3455.130182 39.127161
3455.547794 39.178369
3455.965406 39.696521
3456.383019 38.930907
3456.800631 38.862744
3457.218243 39.666400
3457.635856 39.561285
3458.053468 39.435398
3458.471080 38.983338
3458.888693 38.994069
3459.306305 39.365757
3459.723917 39.427441
3460.141530 38.951921
3460.559142 39.044440
3460.976754 39.646961
3461.394367 39.244412
3461.811979 39.187743
3462.229591 39.679044
3462.647204 39.680534
3463.064816 39.135119
3463.482428 39.326674
3463.900041 39.670239
3464.317653 39.871459
3464.735265 39.332414
3465.152878 39.352749
3465.570490 39.590388
3465.988102 39.912807
3466.405715 40.035860
3466.823327 40.158319
3467.240939 39.994451
3467.658552 39.413077
3468.076164 39.216762
3468.493776 39.507001
3468.911389 39.250262
3469.329001 39.180791
3469.746614 39.411030
3470.164226 39.326480
3470.581838 38.988994
3470.999451 38.908610
3471.417063 38.679982
3471.834675 38.610656
3472.252288 39.488991
3472.669900 39.712508
3473.087512 39.648911
3473.505125 39.794527
3473.922737 39.350557
3474.340349 38.820318
3474.757962 39.535390
3475.175574 39.805270
3475.593186 39.130541
3476.010799 38.926341
3476.428411 38.867879
3476.846023 39.445959
3477.263636 38.993560
3477.681248 39.446298
3478.098860 39.590279
3478.516473 39.499625
3478.934085 39.224695
3479.351697 39.351405
3479.769310 39.553461
3480.186922 39.668059
3480.604534 39.612686
3481.022147 39.710268
3481.439759 39.294191
3481.857371 39.270815
3482.274984 39.369318
3482.692596 39.359241
3483.110208 39.382919
3483.527821 38.907641
3483.945433 38.746038
3484.363045 38.729034
3484.780658 39.372334
3485.198270 39.816969
3485.615883 39.420961
3486.033495 39.280916
3486.451107 38.893204
3486.868720 38.978239
3487.286332 39.086419
3487.703944 39.219039
3488.121557 39.176080
3488.539169 39.212971
3488.956781 39.053051
3489.374394 39.339960
3489.792006 39.676731
3490.209618 39.544256
3490.627231 39.525689
3491.044843 38.813027
3491.462455 38.618117
3491.880068 39.185393
3492.297680 39.399669
3492.715292 39.279439
3493.132905 38.689187
3493.550517 38.290187
3493.968129 39.249281
3494.385742 39.410073
3494.803354 39.571482
3495.220966 38.585198
3495.638579 38.489845
3496.056191 38.184139
3496.473803 39.819416
3496.891416 40.218670
3497.309028 38.237478
3497.726640 37.633770
3498.144253 37.889516
3498.561865 38.492933
3498.979477 38.363486
3499.397090 38.550160
3499.814702 38.888711
3500.232314 38.374350
3500.649927 38.179089
3501.067539 38.480289
3501.485151 38.599514
3501.902764 39.218894
3502.320376 39.689072
3502.737989 38.756284
3503.155601 38.756066
3503.573213 38.112221
3503.990826 37.783238
3504.408438 38.162629
3504.826050 39.369572
3505.243663 38.664916
3505.661275 39.250771
3506.078887 39.102696
3506.496500 38.617027
3506.914112 37.781191
3507.331724 37.514170
3507.749337 37.689084
3508.166949 37.464428
3508.584561 37.891987
3509.002174 38.099008
3509.419786 37.566261
3509.837398 37.439539
3510.255011 37.971026
3510.672623 37.950824
3511.090235 38.267163
3511.507848 37.967102
3511.925460 37.827227
3512.343072 37.900416
3512.760685 37.756157
3513.178297 37.571639
3513.595909 37.853061
3514.013522 37.727792
3514.431134 37.265388
3514.848746 37.095985
3515.266359 36.552411
3515.683971 37.095283
3516.101583 37.117665
3516.519196 37.539132
3516.936808 37.485272
3517.354420 37.745426
3517.772033 37.609935
3518.189645 37.846327
3518.607257 38.131164
3519.024870 38.082355
3519.442482 37.752572
3519.860095 37.123963
3520.277707 36.657854
3520.695319 37.083087
3521.112932 36.868678
3521.530544 36.883006
3521.948156 36.618927
3522.365769 37.043519
3522.783381 37.501937
3523.200993 37.218202
3523.618606 37.311545
3524.036218 36.989235
3524.453830 37.376644
3524.871443 37.657860
3525.289055 36.549480
3525.706667 36.024715
3526.124280 36.441943
3526.541892 37.021766
3526.959504 37.039062
3527.377117 36.871185
3527.794729 36.836764
3528.212341 36.460873
3528.629954 36.675294
3529.047566 36.094102
3529.465178 36.740054
3529.882791 36.478677
3530.300403 36.173468
3530.718015 36.528188
3531.135628 36.504850
3531.553240 35.896903
3531.970852 35.504758
3532.388465 36.051881
3532.806077 36.183848
3533.223689 36.007916
3533.641302 35.053594
3534.058914 35.169016
3534.476526 35.210631
3534.894139 35.828740
3535.311751 35.956225
3535.729364 36.401442
3536.146976 36.218862
3536.564588 36.151558
3536.982201 36.117356
3537.399813 35.739733
3537.817425 36.226795
3538.235038 36.083916
3538.652650 35.821012
3539.070262 36.260610
3539.487875 36.474365
3539.905487 35.427984
3540.323099 34.972956
3540.740712 35.051790
3541.158324 35.078786
3541.575936 35.629070
3541.993549 35.644936
3542.411161 35.664872
3542.828773 35.904109
3543.246386 35.585166
3543.663998 35.046025
3544.081610 35.312913
3544.499223 35.085242
3544.916835 34.932274
3545.334447 35.445315
3545.752060 35.432283
3546.169672 35.265884
3546.587284 35.347333
3547.004897 36.029923
3547.422509 35.522853
3547.840121 35.426748
3548.257734 35.287212
3548.675346 35.100684
3549.092958 35.661202
3549.510571 35.368250
3549.928183 35.078241
3550.345795 35.036275
3550.763408 35.181988
3551.181020 35.500737
3551.598632 35.672284
3552.016245 35.563353
3552.433857 35.572776
3552.851470 35.499138
3553.269082 35.289731
3553.686694 35.775679
3554.104307 34.632782
3554.521919 34.712281
3554.939531 35.056368
3555.357144 35.080906
3555.774756 36.127130
3556.192368 36.141058
3556.609981 35.873128
3557.027593 35.620326
3557.445205 35.546349
3557.862818 35.392255
3558.280430 35.507495
3558.698042 35.419736
3559.115655 35.739248
3559.533267 35.211491
3559.950879 35.081281
3560.368492 35.368323
3560.786104 35.628404
3561.203716 35.924856
3561.621329 36.031982
3562.038941 35.753842
3562.456553 35.651828
3562.874166 36.347292
3563.291778 36.223840
3563.709390 36.038946
3564.127003 36.088046
3564.544615 35.890229
3564.962227 35.723079
3565.379840 36.116544
3565.797452 36.113008
3566.215064 35.933843
3566.632677 35.529223
3567.050289 35.323886
3567.467901 35.693830
3567.885514 36.120868
3568.303126 36.098837
3568.720738 35.940431
3569.138351 35.697657
3569.555963 36.286759
3569.973576 36.224978
3570.391188 36.184393
3570.808800 35.859055
3571.226413 35.649514
3571.644025 35.623777
3572.061637 35.331710
3572.479250 35.407709
3572.896862 35.420002
3573.314474 35.523034
3573.732087 35.708449
3574.149699 36.329124
3574.567311 36.036451
3574.984924 35.826765
3575.402536 36.049810
3575.820148 35.862664
3576.237761 36.043839
3576.655373 36.085551
3577.072985 36.049725
3577.490598 35.909971
3577.908210 36.607034
3578.325822 36.381567
3578.743435 36.707716
3579.161047 36.762957
3579.578659 36.115103
3579.996272 35.768146
3580.413884 35.978994
3580.831496 35.677068
3581.249109 35.865716
3581.666721 35.752728
3582.084333 35.667924
3582.501946 35.627241
3582.919558 35.600717
3583.337170 35.737419
3583.754783 35.959870
3584.172395 35.763580
3584.590007 35.580927
3585.007620 35.625316
3585.425232 36.445116
3585.842845 36.300505
3586.260457 36.030856
3586.678069 36.053407
3587.095682 35.938445
3587.513294 36.021687
3587.930906 35.871166
3588.348519 35.698977
3588.766131 35.839228
3589.183743 35.645869
3589.601356 35.706123
3590.018968 35.577403
3590.436580 35.357931
3590.854193 35.234576
3591.271805 35.504019
3591.689417 35.859369
3592.107030 35.870548
3592.524642 35.810003
3592.942254 36.189116
3593.359867 36.219298
3593.777479 35.584355
3594.195091 35.530822
3594.612704 35.185706
3595.030316 35.672247
3595.447928 35.439102
3595.865541 35.653656
3596.283153 35.662897
3596.700765 35.883459
3597.118378 36.152273
3597.535990 35.694581
3597.953602 35.894214
3598.371215 35.239626
3598.788827 35.525348
3599.206439 35.555977
3599.624052 35.161459
3600.041664 35.402126
3600.459276 35.725405
3600.876889 35.596817
3601.294501 35.216336
3601.712113 35.263922
3602.129726 35.318981
3602.547338 34.963727
3602.964951 35.539009
3603.382563 35.505994
3603.800175 35.993734
3604.217788 35.123005
3604.635400 34.887122
3605.053012 35.231730
3605.470625 34.856650
3605.888237 35.247668
3606.305849 35.233958
3606.723462 35.429158
3607.141074 35.209893
3607.558686 34.876803
3607.976299 34.644942
3608.393911 35.175884
3608.811523 35.417362
3609.229136 35.884222
3609.646748 35.992910
3610.064360 35.452788
3610.481973 34.701817
3610.899585 34.900239
3611.317197 35.348072
3611.734810 35.252864
3612.152422 35.449300
3612.570034 35.819668
3612.987647 35.376643
3613.405259 35.618097
3613.822871 35.039642
3614.240484 35.657290
3614.658096 35.790092
3615.075708 35.634000
3615.493321 35.638578
3615.910933 35.363708
3616.328545 35.397354
3616.746158 35.389191
3617.163770 35.995587
3617.581382 36.058797
3617.998995 36.076043
3618.416607 35.966847
3618.834219 35.651864
3619.251832 34.672544
3619.669444 34.700073
3620.087057 34.377763
3620.504669 34.747828
3620.922281 34.281598
3621.339894 34.995665
3621.757506 34.953433
3622.175118 35.453527
3622.592731 35.103736
3623.010343 35.127644
3623.427955 35.324176
3623.845568 35.391177
3624.263180 35.870427
3624.680792 36.195462
3625.098405 35.966507
3625.516017 36.040048
3625.933629 35.996071
3626.351242 35.940783
3626.768854 35.483115
3627.186466 35.657350
3627.604079 35.344560
3628.021691 35.077393
3628.439303 35.776212
3628.856916 35.721686
3629.274528 35.343010
3629.692140 35.220296
3630.109753 35.406910
3630.527365 35.329106
3630.944977 35.603285
3631.362590 35.431229
3631.780202 35.157426
3632.197814 35.026537
3632.615427 35.066372
3633.033039 35.576712
3633.450651 35.179420
3633.868264 35.600596
3634.285876 35.768497
3634.703488 35.634302
3635.121101 35.944828
3635.538713 35.391431
3635.956326 35.075092
3636.373938 35.025338
3636.791550 34.933739
3637.209163 35.105468
3637.626775 34.971963
3638.044387 34.807768
3638.462000 34.817227
3638.879612 34.611102
3639.297224 34.907070
3639.714837 34.411481
3640.132449 34.595939
3640.550061 34.438187
3640.967674 34.777671
3641.385286 35.217862
3641.802898 35.011301
3642.220511 35.032617
3642.638123 34.976905
3643.055735 34.744098
3643.473348 35.287927
3643.890960 35.325000
3644.308572 35.354782
3644.726185 34.976771
3645.143797 34.726052
3645.561409 34.178760
3645.979022 34.070483
3646.396634 34.246354
3646.814246 34.421182
3647.231859 34.925346
3647.649471 34.616528
3648.067083 35.042185
3648.484696 35.376934
3648.902308 35.125984
3649.319920 34.587061
3649.737533 34.324727
3650.155145 34.571328
3650.572757 34.627041
3650.990370 34.630396
3651.407982 34.344856
3651.825594 34.657102
3652.243207 34.469313
3652.660819 34.504861
3653.078432 34.684171
3653.496044 34.421631
3653.913656 34.194650
3654.331269 34.424150
3654.748881 34.170778
3655.166493 34.078828
3655.584106 33.258144
3656.001718 34.059329
3656.419330 34.159139
3656.836943 34.416810
3657.254555 34.200633
3657.672167 34.065299
3658.089780 34.153422
3658.507392 34.137823
3658.925004 33.904144
3659.342617 34.121436
3659.760229 34.354860
3660.177841 34.616589
3660.595454 34.738466
3661.013066 34.603763
3661.430678 35.120462
3661.848291 34.424513
3662.265903 33.340017
3662.683515 33.737612
3663.101128 34.075836
3663.518740 34.267185
3663.936352 34.371441
3664.353965 34.028880
3664.771577 33.896781
3665.189189 34.150758
3665.606802 34.784781
3666.024414 34.377060
3666.442026 33.939340
3666.859639 33.642876
3667.277251 33.877959
3667.694863 33.557563
3668.112476 33.808718
3668.530088 34.394646
3668.947701 34.544489
3669.365313 34.182563
3669.782925 34.157407
3670.200538 34.402604
3670.618150 34.887304
3671.035762 34.877663
3671.453375 34.515737
3671.870987 34.339878
3672.288599 34.185796
3672.706212 33.946099
3673.123824 34.161295
3673.541436 34.666936
3673.959049 34.089680
3674.376661 34.250193
3674.794273 34.429346
3675.211886 34.611223
3675.629498 34.562487
3676.047110 34.447149
3676.464723 34.453750
3676.882335 33.945384
3677.299947 34.317569
3677.717560 34.312833
3678.135172 34.448869
3678.552784 34.136709
3678.970397 34.119050
3679.388009 33.576396
3679.805621 33.805981
3680.223234 34.002913
3680.640846 34.041234
3681.058458 33.519182
3681.476071 33.709743
3681.893683 33.855989
3682.311295 33.747410
3682.728908 33.808185
3683.146520 33.439828
3683.564132 32.864667
3683.981745 33.898307
3684.399357 33.879825
3684.816969 34.279757
3685.234582 34.067891
3685.652194 33.873708
3686.069807 33.672937
3686.487419 33.575960
3686.905031 34.258078
3687.322644 33.863947
3687.740256 33.160380
3688.157868 33.539166
3688.575481 34.329693
3688.993093 33.435165
3689.410705 32.732882
3689.828318 32.820956
3690.245930 34.612132
3690.663542 33.832105
3691.081155 33.934132
3691.498767 33.380336
3691.916379 34.484404
3692.333992 34.245082
3692.751604 34.015340
3693.169216 33.589210
3693.586829 33.053605
3694.004441 32.853209
3694.422053 33.224050
3694.839666 33.314111
3695.257278 33.291595
3695.674890 33.873551
3696.092503 34.052873
3696.510115 34.131925
3696.927727 34.639867
3697.345340 34.180964
3697.762952 33.749178
3698.180564 33.706352
3698.598177 34.128727
3699.015789 34.233770
3699.433401 34.009950
3699.851014 33.786021
3700.268626 33.451333
3700.686238 33.572811
3701.103851 33.687725
3701.521463 33.602775
3701.939075 33.883725
3702.356688 34.238045
3702.774300 33.647563
3703.191913 33.412008
3703.609525 33.279314
3704.027137 32.975026
3704.444750 32.351105
3704.862362 32.656434
3705.279974 32.487540
3705.697587 31.801014
3706.115199 31.954357
3706.532811 31.624938
3706.950424 33.109706
3707.368036 34.229216
3707.785648 33.572472
3708.203261 33.358984
3708.620873 33.755234
3709.038485 34.097358
3709.456098 32.868300
3709.873710 33.299662
3710.291322 33.020275
3710.708935 34.225498
3711.126547 33.691334
3711.544159 33.751056
3711.961772 33.588665
3712.379384 33.510873
3712.796996 33.019657
3713.214609 32.315037
3713.632221 33.073541
3714.049833 33.594733
3714.467446 33.464729
3714.885058 33.286896
3715.302670 33.038054
3715.720283 33.028934
3716.137895 32.719002
3716.555507 33.593413
3716.973120 34.125070
3717.390732 33.741875
3717.808344 33.930572
3718.225957 34.457057
3718.643569 34.095590
3719.061182 33.629662
3719.478794 33.505980
3719.896406 33.907209
3720.314019 33.879328
3720.731631 33.969195
3721.149243 33.811019
3721.566856 33.757995
3721.984468 33.116197
3722.402080 32.694525
3722.819693 32.608703
3723.237305 32.446615
3723.654917 33.250077
3724.072530 33.665258
3724.490142 34.227545
3724.907754 34.847021
3725.325367 35.349090
3725.742979 35.152073
3726.160591 34.140088
3726.578204 35.681670
3726.995816 36.288878
3727.413428 36.771786
3727.831041 36.965267
3728.248653 36.734822
3728.666265 36.837866
3729.083878 36.953446
3729.501490 36.804293
3729.919102 36.991536
3730.336715 36.847083
3730.754327 37.109042
3731.171939 37.222599
3731.589552 36.898993
3732.007164 36.078563
3732.424776 35.908336
3732.842389 34.899500
3733.260001 34.542515
3733.677613 34.613852
3734.095226 33.802057
3734.512838 33.193481
3734.930450 33.079403
3735.348063 33.157982
3735.765675 32.990214
3736.183288 32.565502
3736.600900 32.357197
3737.018512 32.991365
3737.436125 33.164558
3737.853737 33.010767
3738.271349 32.322025
3738.688962 32.840904
3739.106574 33.788734
3739.524186 32.942907
3739.941799 32.944566
3740.359411 33.630050
3740.777023 33.480486
3741.194636 33.993818
3741.612248 34.622644
3742.029860 34.386132
3742.447473 34.804486
3742.865085 34.640388
3743.282697 34.595575
3743.700310 34.503674
3744.117922 34.681446
3744.535534 34.559629
3744.953147 33.841068
3745.370759 33.996785
3745.788371 33.511588
3746.205984 34.488958
3746.623596 34.569306
3747.041208 34.350028
3747.458821 33.715654
3747.876433 33.397195
3748.294045 33.735420
3748.711658 34.009114
3749.129270 33.873478
3749.546882 33.399521
3749.964495 33.095790
3750.382107 32.991413
3750.799719 33.012378
3751.217332 33.218515
3751.634944 33.507131
3752.052556 33.811189
3752.470169 32.944772
3752.887781 33.111559
3753.305394 33.405092
3753.723006 34.481594
3754.140618 33.809566
3754.558231 33.152277
3754.975843 33.105200
3755.393455 33.664483
3755.811068 34.000939
3756.228680 34.211884
3756.646292 34.476302
3757.063905 34.425349
3757.481517 34.473298
3757.899129 34.679314
3758.316742 34.907893
3758.734354 34.473480
3759.151966 34.671090
3759.569579 34.147706
3759.987191 34.345001
3760.404803 34.226031
3760.822416 34.021589
3761.240028 34.122175
3761.657640 33.778561
3762.075253 33.956296
3762.492865 34.238191
3762.910477 33.942623
3763.328090 33.869251
3763.745702 34.086906
3764.163314 34.274949
3764.580927 34.906258
3764.998539 34.728595
3765.416151 33.830010
3765.833764 34.229846
3766.251376 33.843890
3766.668988 33.406860
3767.086601 33.883712
3767.504213 33.799283
3767.921825 34.179741
3768.339438 33.646691
3768.757050 33.780268
3769.174663 33.472129
3769.592275 32.443248
3770.009887 31.898584
3770.427500 32.082618
3770.845112 32.311585
3771.262724 32.015363
3771.680337 32.188896
3772.097949 32.334257
3772.515561 32.549090
3772.933174 33.067570
3773.350786 32.827133
3773.768398 32.868857
3774.186011 32.579769
3774.603623 32.521319
3775.021235 32.588235
3775.438848 32.372287
3775.856460 32.722551
3776.274072 32.811836
3776.691685 33.617054
3777.109297 33.852865
3777.526909 33.310162
3777.944522 33.520999
3778.362134 33.141668
3778.779746 33.099907
3779.197359 33.122059
3779.614971 33.557175
3780.032583 33.670732
3780.450196 34.020947
3780.867808 33.854475
3781.285420 33.954831
3781.703033 34.013329
3782.120645 34.186208
3782.538257 33.987665
3782.955870 34.590791
3783.373482 34.691413
3783.791094 34.923420
3784.208707 34.563153
3784.626319 34.271981
3785.043931 34.499628
3785.461544 33.917201
3785.879156 33.683074
3786.296769 33.528471
3786.714381 33.566198
3787.131993 34.677558
3787.549606 34.420153
3787.967218 34.327561
3788.384830 33.726058
3788.802443 32.468307
3789.220055 32.100458
3789.637667 32.343317
3790.055280 32.189635
3790.472892 32.786269
3790.890504 32.856661
3791.308117 32.901510
3791.725729 32.796746
3792.143341 32.529312
3792.560954 31.901697
3792.978566 31.610368
3793.396178 31.672354
3793.813791 31.544603
3794.231403 31.360799
3794.649015 31.871757
3795.066628 31.322697
3795.484240 30.977617
3795.901852 31.593727
3796.319465 31.331550
3796.737077 30.975146
3797.154689 30.188168
3797.572302 29.503023
3797.989914 29.490306
3798.407526 30.435060
3798.825139 30.620075
3799.242751 30.295742
3799.660363 29.786467
3800.077976 29.541743
3800.495588 30.169964
3800.913200 30.175572
3801.330813 30.884443
3801.748425 30.859518
3802.166037 30.494479
3802.583650 30.533877
3803.001262 30.964936
3803.418875 31.257997
3803.836487 30.913899
3804.254099 31.554183
3804.671712 31.689734
3805.089324 32.123627
3805.506936 31.517376
3805.924549 32.260269
3806.342161 32.946516
3806.759773 31.553383
3807.177386 32.090660
3807.594998 32.487165
3808.012610 33.307619
3808.430223 33.752570
3808.847835 32.917836
3809.265447 32.079311
3809.683060 32.266167
3810.100672 32.627960
3810.518284 32.870093
3810.935897 33.288471
3811.353509 32.913670
3811.771121 33.064554
3812.188734 32.862184
3812.606346 32.671792
3813.023958 33.155584
3813.441571 32.830282
3813.859183 32.628530
3814.276795 32.630794
3814.694408 32.615825
3815.112020 32.498150
3815.529632 32.395844
3815.947245 32.048040
3816.364857 32.519841
3816.782469 32.657767
3817.200082 32.670011
3817.617694 32.400229
3818.035306 32.310131
3818.452919 31.983134
3818.870531 32.479147
3819.288144 32.807488
3819.705756 32.749947
3820.123368 32.875204
3820.540981 33.670878
3820.958593 33.523166
3821.376205 33.493724
3821.793818 32.916274
3822.211430 33.223505
3822.629042 32.751412
3823.046655 32.960638
3823.464267 33.322782
3823.881879 32.821877
3824.299492 32.814658
3824.717104 33.224934
3825.134716 33.007327
3825.552329 32.537439
3825.969941 31.952359
3826.387553 31.761434
3826.805166 32.331327
3827.222778 32.492276
3827.640390 32.062137
3828.058003 31.969703
3828.475615 31.384586
3828.893227 31.190766
3829.310840 31.449661
3829.728452 31.498773
3830.146064 31.980991
3830.563677 31.762645
3830.981289 31.941544
3831.398901 31.407840
3831.816514 30.949700
3832.234126 30.959244
3832.651738 31.186540
3833.069351 31.455705
3833.486963 31.166568
3833.904575 30.527713
3834.322188 30.621988
3834.739800 30.154365
3835.157412 30.551330
3835.575025 31.122567
3835.992637 31.202684
3836.410250 31.010960
3836.827862 30.668763
3837.245474 30.677350
3837.663087 30.015313
3838.080699 29.524097
3838.498311 29.744695
3838.915924 29.825793
3839.333536 30.254963
3839.751148 30.267692
3840.168761 30.434406
3840.586373 30.720721
3841.003985 31.210363
3841.421598 31.531837
3841.839210 32.104709
3842.256822 32.204338
3842.674435 31.847244
3843.092047 31.687324
3843.509659 31.854317
3843.927272 31.979852
3844.344884 31.915928
3844.762496 32.054677
3845.180109 32.417778
3845.597721 32.931231
3846.015333 32.883536
3846.432946 33.172806
3846.850558 33.375673
3847.268170 33.184930
3847.685783 33.128381
3848.103395 33.377865
3848.521007 33.494087
3848.938620 33.765069
3849.356232 34.057100
3849.773844 34.323443
3850.191457 34.370920
3850.609069 34.090382
3851.026681 33.765153
3851.444294 33.616921
3851.861906 33.681814
3852.279518 33.595048
3852.697131 33.621584
3853.114743 34.561700
3853.532356 34.619302
3853.949968 34.053636
3854.367580 33.555504
3854.785193 33.444890
3855.202805 33.362229
3855.620417 33.617042
3856.038030 33.956769
3856.455642 34.562535
3856.873254 35.367463
3857.290867 36.094744
3857.708479 36.186682
3858.126091 35.612259
3858.543704 34.434481
3858.961316 34.262232
3859.378928 34.817227
3859.796541 35.197018
3860.214153 35.399824
3860.631765 35.572316
3861.049378 35.487742
3861.466990 35.199537
3861.884602 35.292723
3862.302215 35.460600
3862.719827 35.847549
3863.137439 36.141954
3863.555052 36.072022
3863.972664 35.957824
3864.390276 35.991966
3864.807889 35.779131
3865.225501 36.006972
3865.643113 36.341599
3866.060726 37.078836
3866.478338 37.374379
3866.895950 37.468752
3867.313563 36.985674
3867.731175 36.098813
3868.148787 35.406135
3868.566400 34.636682
3868.984012 35.095791
3869.401625 35.623596
3869.819237 37.035356
3870.236849 37.346559
3870.654462 38.798045
3871.072074 37.848567
3871.489686 36.649703
3871.907299 34.265005
3872.324911 32.550217
3872.742523 33.209213
3873.160136 33.748960
3873.577748 33.671871
3873.995360 33.470058
3874.412973 33.660716
3874.830585 33.812340
3875.248197 33.153161
3875.665810 32.847638
3876.083422 32.910290
3876.501034 33.316702
3876.918647 33.393477
3877.336259 32.721400
3877.753871 32.678744
3878.171484 32.261540
3878.589096 32.620463
3879.006708 32.936924
3879.424321 33.388366
3879.841933 32.930456
3880.259545 32.997008
3880.677158 33.865194
3881.094770 33.834019
3881.512382 33.445520
3881.929995 33.129120
3882.347607 32.947279
3882.765219 32.763064
3883.182832 32.436781
3883.600444 31.861753
3884.018056 31.663307
3884.435669 31.168760
3884.853281 30.948889
3885.270893 32.603544
3885.688506 33.176101
3886.106118 33.092132
3886.523731 32.604888
3886.941343 32.072057
3887.358955 31.518866
3887.776568 31.037108
3888.194180 30.859022
3888.611792 31.323011
3889.029405 31.482011
3889.447017 31.706400
3889.864629 31.800796
3890.282242 31.371154
3890.699854 30.553813
3891.117466 30.084591
3891.535079 30.425286
3891.952691 30.596930
3892.370303 31.521530
3892.787916 31.732681
3893.205528 31.273512
3893.623140 30.621698
3894.040753 30.990758
3894.458365 31.783949
3894.875977 32.343196
3895.293590 32.040591
3895.711202 31.529294
3896.128814 31.193479
3896.546427 31.534865
3896.964039 32.117499
3897.381651 32.322776
3897.799264 32.438695
3898.216876 31.549762
3898.634488 31.418329
3899.052101 31.255066
3899.469713 32.077810
3899.887325 32.650936
3900.304938 32.466103
3900.722550 32.411468
3901.140162 32.043147
3901.557775 31.271816
3901.975387 31.233048
3902.393000 31.597614
3902.810612 32.355731
3903.228224 32.140135
3903.645837 32.027886
3904.063449 31.412176
3904.481061 30.926264
3904.898674 31.393379
3905.316286 31.604869
3905.733898 31.918047
3906.151511 32.229627
3906.569123 31.872654
3906.986735 31.617756
3907.404348 31.986937
3907.821960 32.307055
3908.239572 32.643814
3908.657185 32.519696
3909.074797 32.524383
3909.492409 32.304282
3909.910022 32.213361
3910.327634 31.879145
3910.745246 32.000030
3911.162859 32.242949
3911.580471 32.607371
3911.998083 32.690637
3912.415696 32.637516
3912.833308 32.715950
3913.250920 32.168004
3913.668533 32.305360
3914.086145 32.138088
3914.503757 32.176978
3914.921370 32.354496
3915.338982 32.416954
3915.756594 32.353878
3916.174207 32.343099
3916.591819 32.290462
3917.009431 32.140874
3917.427044 31.790732
3917.844656 31.385289
3918.262268 31.488418
3918.679881 31.629504
3919.097493 31.624005
3919.515106 32.163995
3919.932718 32.417233
3920.350330 31.735382
3920.767943 31.538171
3921.185555 31.804951
3921.603167 31.548115
3922.020780 31.434413
3922.438392 31.849981
3922.856004 32.202279
3923.273617 32.189635
3923.691229 31.996663
3924.108841 31.913990
3924.526454 31.561111
3924.944066 31.874034
3925.361678 31.987397
3925.779291 32.348622
3926.196903 32.762046
3926.614515 32.389122
3927.032128 31.993708
3927.449740 32.825874
3927.867352 32.543398
3928.284965 31.778390
3928.702577 30.052677
3929.120189 29.542652
3929.537802 30.229177
3929.955414 30.382630
3930.373026 29.686257
3930.790639 30.362307
3931.208251 30.024518
3931.625863 30.139795
3932.043476 28.672916
3932.461088 28.338821
3932.878700 28.207800
3933.296313 27.359344
3933.713925 28.457950
3934.131537 28.567849
3934.549150 28.880203
3934.966762 29.263156
3935.384374 29.440177
3935.801987 29.450520
3936.219599 29.909907
3936.637212 29.625954
3937.054824 29.435368
3937.472436 29.804877
3937.890049 30.067707
3938.307661 30.375508
3938.725273 30.294894
3939.142886 30.484753
3939.560498 30.851185
3939.978110 30.928820
3940.395723 30.358322
3940.813335 30.810939
3941.230947 29.993803
3941.648560 30.752610
3942.066172 31.520489
3942.483784 30.939090
3942.901397 31.214020
3943.319009 31.316229
3943.736621 31.495600
3944.154234 31.655544
3944.571846 31.590335
3944.989458 31.656488
3945.407071 32.507391
3945.824683 33.010404
3946.242295 31.047536
3946.659908 29.514928
3947.077520 28.771067
3947.495132 29.024463
3947.912745 29.434763
3948.330357 30.395867
3948.747969 30.900903
3949.165582 31.187085
3949.583194 31.104363
3950.000806 31.965161
3950.418419 31.926041
3950.836031 31.842762
3951.253643 31.775471
3951.671256 31.378627
3952.088868 31.550489
3952.506481 31.501413
3952.924093 31.319148
3953.341705 31.437816
3953.759318 31.905136
3954.176930 31.601696
3954.594542 31.808959
3955.012155 31.742843
3955.429767 32.315049
3955.847379 32.296942
3956.264992 32.216183
3956.682604 31.471728
3957.100216 31.553081
3957.517829 31.683594
3957.935441 32.033651
3958.353053 31.938322
3958.770666 31.937680
3959.188278 31.784240
3959.605890 31.742807
3960.023503 31.797575
3960.441115 31.617659
3960.858727 32.050837
3961.276340 32.172158
3961.693952 31.960789
3962.111564 30.892437
3962.529177 30.405230
3962.946789 30.906765
3963.364401 30.802134
3963.782014 30.910326
3964.199626 30.085378
3964.617238 30.434999
3965.034851 31.262333
3965.452463 31.301017
3965.870075 31.044012
3966.287688 30.796866
3966.705300 30.128192
3967.122912 29.557088
3967.540525 29.926452
3967.958137 29.977017
3968.375749 29.715337
3968.793362 30.228560
3969.210974 28.378414
3969.628587 28.762989
3970.046199 28.056297
3970.463811 27.731141
3970.881424 27.972656
3971.299036 28.392402
3971.716648 28.871810
3972.134261 28.548265
3972.551873 28.924483
3972.969485 28.549585
3973.387098 28.857034
3973.804710 28.997515
3974.222322 29.441557
3974.639935 29.561872
3975.057547 30.290159
3975.475159 30.830257
3975.892772 31.044266
3976.310384 30.420563
3976.727996 28.576157
3977.145609 28.511749
3977.563221 28.663106
3977.980833 28.775258
3978.398446 29.958874
3978.816058 30.450284
3979.233670 30.610846
3979.651283 30.563066
3980.068895 30.117025
3980.486507 30.126472
3980.904120 30.691980
3981.321732 32.000151
3981.739344 32.598166
3982.156957 33.204429
3982.574569 32.512889
3982.992181 31.509237
3983.409794 29.593738
3983.827406 28.346573
3984.245018 28.055607
3984.662631 27.639494
3985.080243 28.900781
3985.497855 29.259558
3985.915468 29.395086
3986.333080 29.532841
3986.750693 29.683132
3987.168305 29.724311
3987.585917 29.828543
3988.003530 30.050885
3988.421142 30.256646
3988.838754 30.329448
3989.256367 29.957094
3989.673979 29.422627
3990.091591 29.380334
3990.509204 29.237867
3990.926816 29.408396
3991.344428 29.511549
3991.762041 30.458786
3992.179653 29.698635
3992.597265 29.831013
3993.014878 29.859887
3993.432490 29.547302
3993.850102 29.522704
3994.267715 29.283854
3994.685327 29.924102
3995.102939 29.808547
3995.520552 29.886350
3995.938164 29.880731
3996.355776 29.608356
3996.773389 30.158180
3997.191001 29.931514
3997.608613 30.806446
3998.026226 31.256132
3998.443838 30.894714
3998.861450 30.518774
3999.279063 30.301095
3999.696675 29.166991
4000.114287 28.868407
4000.531900 28.785092
4000.949512 28.343424
4001.367124 28.962767
4001.784737 30.279343
4002.202349 29.806294
4002.619962 28.892824
4003.037574 29.276054
4003.455186 28.529686
4003.872799 28.108655
4004.290411 28.646925
4004.708023 28.937987
4005.125636 29.296087
4005.543248 29.523988
4005.960860 29.061960
4006.378473 30.073872
4006.796085 30.734625
4007.213697 31.138191
4007.631310 31.145409
4008.048922 29.829209
4008.466534 29.254072
4008.884147 28.669331
4009.301759 28.747341
4009.719371 29.428913
4010.136984 29.812131
4010.554596 29.771946
4010.972208 29.907630
4011.389821 29.879144
4011.807433 30.268951
4012.225045 30.057582
4012.642658 29.760416
4013.060270 29.778752
4013.477882 28.877442
4013.895495 28.697514
4014.313107 29.059586
4014.730719 29.662979
4015.148332 29.461045
4015.565944 29.854086
4015.983556 29.970416
4016.401169 29.960327
4016.818781 29.487169
4017.236393 28.809678
4017.654006 28.728011
4018.071618 29.009566
4018.489230 29.628982
4018.906843 29.797404
4019.324455 30.857774
4019.742068 31.264973
4020.159680 30.920487
4020.577292 30.169432
4020.994905 30.292036
4021.412517 29.953569
4021.830129 30.687414
4022.247742 30.413368
4022.665354 29.557149
4023.082966 29.072570
4023.500579 29.610863
4023.918191 29.538606
4024.335803 29.647040
4024.753416 29.723451
4025.171028 29.449745
4025.588640 29.315380
4026.006253 29.646120
4026.423865 29.759326
4026.841477 30.025656
4027.259090 29.489385
4027.676702 29.309991
4028.094314 28.495774
4028.511927 27.887221
4028.929539 27.282472
4029.347151 26.522878
4029.764764 25.784636
4030.182376 25.713348
4030.599988 26.785684
4031.017601 31.271671
4031.435213 34.317206
4031.852825 33.621003
4032.270438 31.716997
4032.688050 28.904124
4033.105662 25.366004
4033.523275 25.459456
4033.940887 26.457294
4034.358499 27.424055
4034.776112 30.018438
4035.193724 32.020244
4035.611336 31.414029
4036.028949 30.537632
4036.446561 29.832200
4036.864174 29.338985
4037.281786 29.258929
4037.699398 29.196797
4038.117011 27.912607
4038.534623 26.648982
4038.952235 26.253652
4039.369848 27.812554
4039.787460 30.698957
4040.205072 31.602374
4040.622685 32.094790
4041.040297 31.317900
4041.457909 30.429150
4041.875522 29.758199
4042.293134 29.406386
4042.710746 28.795520
4043.128359 29.542882
4043.545971 29.334819
4043.963583 29.301367
4044.381196 29.003038
4044.798808 29.182203
4045.216420 29.078819
4045.634033 29.201896
4046.051645 29.328557
4046.469257 28.808697
4046.886870 28.905504
4047.304482 28.689787
4047.722094 28.231913
4048.139707 27.992712
4048.557319 29.469244
4048.974931 29.828906
4049.392544 30.471709
4049.810156 30.408609
4050.227768 30.074345
4050.645381 29.526592
4051.062993 29.276611
4051.480605 29.410503
4051.898218 29.684610
4052.315830 29.502793
4052.733443 29.261823
4053.151055 29.482991
4053.568667 29.193721
4053.986280 28.827458
4054.403892 28.377433
4054.821504 26.839580
4055.239117 25.348806
4055.656729 23.938475
4056.074341 25.903365
4056.491954 27.136505
4056.909566 28.741479
4057.327178 30.707362
4057.744791 31.752568
4058.162403 30.882276
4058.580015 30.714423
4058.997628 30.448056
4059.415240 29.621861
4059.832852 29.805131
4060.250465 29.751332
4060.668077 29.838256
4061.085689 29.195416
4061.503302 29.418061
4061.920914 28.981697
4062.338526 29.398683
4062.756139 28.850324
4063.173751 28.706004
4063.591363 28.646634
4064.008976 29.167003
4064.426588 29.835143
4064.844200 29.661501
4065.261813 29.838195
4065.679425 29.835301
4066.097037 29.922830
4066.514650 30.167348
4066.932262 29.859197
4067.349874 29.721610
4067.767487 29.895059
4068.185099 29.907267
4068.602711 30.010699
4069.020324 30.083343
4069.437936 29.364940
4069.855549 28.997672
4070.273161 27.635279
4070.690773 27.993730
4071.108386 29.470685
4071.525998 30.890681
4071.943610 31.214638
4072.361223 31.660013
4072.778835 30.784088
4073.196447 29.772273
4073.614060 29.417528
4074.031672 29.831134
4074.449284 29.774429
4074.866897 30.095031
4075.284509 30.773515
4075.702121 29.931127
4076.119734 29.622938
4076.537346 30.085475
4076.954958 30.086795
4077.372571 30.360114
4077.790183 30.219646
4078.207795 30.194430
4078.625408 29.772745
4079.043020 28.975230
4079.460632 29.576806
4079.878245 30.162068
4080.295857 30.865223
4080.713469 30.401548
4081.131082 30.309755
4081.548694 29.749806
4081.966306 29.969593
4082.383919 30.345472
4082.801531 29.626318
4083.219143 30.281463
4083.636756 30.833309
4084.054368 30.622170
4084.471980 30.340869
4084.889593 30.784851
4085.307205 31.109995
4085.724818 31.685483
4086.142430 31.856025
4086.560042 30.995651
4086.977655 30.553147
4087.395267 30.004849
4087.812879 28.962634
4088.230492 28.520747
4088.648104 29.954599
4089.065716 30.080158
4089.483329 30.191111
4089.900941 30.420284
4090.318553 29.811393
4090.736166 30.822033
4091.153778 31.433541
4091.571390 31.450049
4091.989003 30.874900
4092.406615 30.974783
4092.824227 31.510957
4093.241840 31.311905
4093.659452 31.287743
4094.077064 30.833139
4094.494677 31.318264
4094.912289 30.946321
4095.329901 30.900540
4095.747514 31.636432
4096.165126 31.803751
4096.582738 31.255720
4097.000351 30.672529
4097.417963 30.436271
4097.835575 30.680232
4098.253188 30.767992
4098.670800 31.247194
4099.088412 31.786541
4099.506025 31.779141
4099.923637 31.436568
4100.341249 30.348645
4100.758862 29.556616
4101.176474 29.004055
4101.594086 29.299417
4102.011699 28.840744
4102.429311 29.252485
4102.846924 29.170467
4103.264536 29.054887
4103.682148 29.859100
4104.099761 30.721581
4104.517373 31.004819
4104.934985 31.092349
4105.352598 30.557798
4105.770210 30.257688
4106.187822 29.491493
4106.605435 29.607012
4107.023047 29.782059
4107.440659 30.128277
4107.858272 30.174991
4108.275884 30.564531
4108.693496 30.652255
4109.111109 30.938230
4109.528721 31.217024
4109.946333 30.934052
4110.363946 31.413654
4110.781558 31.821907
4111.199170 31.707889
4111.616783 30.873071
4112.034395 31.237589
4112.452007 31.163831
4112.869620 31.279701
4113.287232 31.377125
4113.704844 31.374049
4114.122457 31.536173
4114.540069 31.669169
4114.957681 31.422713
4115.375294 31.095037
4115.792906 30.604027
4116.210518 31.298558
4116.628131 31.795879
4117.045743 31.666565
4117.463355 30.916442
4117.880968 30.856611
4118.298580 30.801032
4118.716192 30.999018
4119.133805 30.979785
4119.551417 31.160185
4119.969030 31.471898
4120.386642 31.445713
4120.804254 31.401591
4121.221867 30.707095
4121.639479 30.493243
4122.057091 30.755214
4122.474704 30.433086
4122.892316 30.331774
4123.309928 30.049782
4123.727541 30.250930
4124.145153 31.077306
4124.562765 30.716191
4124.980378 30.625101
4125.397990 30.291345
4125.815602 30.017954
4126.233215 29.402740
4126.650827 29.615805
4127.068439 29.647331
4127.486052 30.156715
4127.903664 30.317748
4128.321276 30.208939
4128.738889 30.087570
4129.156501 29.976968
4129.574113 29.279288
4129.991726 29.163430
4130.409338 29.264766
4130.826950 29.494605
4131.244563 29.645466
4131.662175 29.906177
4132.079787 29.842289
4132.497400 29.584678
4132.915012 29.577424
4133.332624 29.781090
4133.750237 29.636709
4134.167849 29.774320
4134.585461 29.519494
4135.003074 29.732826
4135.420686 29.561739
4135.838299 29.201557
4136.255911 29.283394
4136.673523 28.936788
4137.091136 29.184589
4137.508748 29.569382
4137.926360 29.776621
4138.343973 29.998817
4138.761585 29.966456
4139.179197 29.862237
4139.596810 29.667496
4140.014422 29.673443
4140.432034 29.513051
4140.849647 29.485486
4141.267259 29.217507
4141.684871 29.660641
4142.102484 29.620528
4142.520096 29.407137
4142.937708 29.627323
4143.355321 29.443229
4143.772933 29.360229
4144.190545 28.712024
4144.608158 28.809594
4145.025770 28.454268
4145.443382 28.571737
4145.860995 28.807619
4146.278607 28.126580
4146.696219 28.681612
4147.113832 28.744337
4147.531444 28.966110
4147.949056 29.274359
4148.366669 29.417346
4148.784281 29.242384
4149.201893 29.265711
4149.619506 29.005569
4150.037118 29.269926
4150.454730 28.951661
4150.872343 29.653677
4151.289955 29.440903
4151.707567 29.263507
4152.125180 29.093232
4152.542792 28.808504
4152.960405 28.810926
4153.378017 28.810223
4153.795629 28.995928
4154.213242 29.180749
4154.630854 29.295287
4155.048466 29.278900
4155.466079 29.225816
4155.883691 29.277374
4156.301303 28.886090
4156.718916 28.742339
4157.136528 28.542088
4157.554140 29.043538
4157.971753 29.184976
4158.389365 29.146413
4158.806977 29.140927
4159.224590 28.927208
4159.642202 28.987898
4160.059814 29.299720
4160.477427 29.692313
4160.895039 29.480520
4161.312651 29.161468
4161.730264 28.645265
4162.147876 28.756897
4162.565488 29.243923
4162.983101 29.581832
4163.400713 29.402013
4163.818325 29.314496
4164.235938 29.124588
4164.653550 28.926542
4165.071162 28.968472
4165.488775 28.893054
4165.906387 29.130850
4166.323999 29.389103
4166.741612 28.992392
4167.159224 29.031136
4167.576836 28.632185
4167.994449 29.171133
4168.412061 29.183838
4168.829673 29.359902
4169.247286 29.159942
4169.664898 29.426260
4170.082511 29.305037
4170.500123 29.469874
4170.917735 29.310959
4171.335348 29.620044
4171.752960 29.410176
4172.170572 29.053979
4172.588185 29.543269
4173.005797 29.765430
4173.423409 29.384379
4173.841022 29.088678
4174.258634 28.702504
4174.676246 29.142647
4175.093859 29.050151
4175.511471 28.962828
4175.929083 29.071213
4176.346696 29.636455
4176.764308 29.423766
4177.181920 29.338198
4177.599533 29.348687
4178.017145 29.426818
4178.434757 29.154043
4178.852370 28.980208
4179.269982 29.398828
4179.687594 29.375295
4180.105207 29.426503
4180.522819 29.067071
4180.940431 29.382066
4181.358044 29.068876
4181.775656 29.043139
4182.193268 29.515800
4182.610881 29.635135
4183.028493 29.600847
4183.446105 29.418013
4183.863718 29.549313
4184.281330 29.361537
4184.698942 29.758817
4185.116555 29.630448
4185.534167 29.425994
4185.951780 29.724590
4186.369392 29.831013
4186.787004 29.511513
4187.204617 29.051181
4187.622229 29.328969
4188.039841 29.364080
4188.457454 29.255574
4188.875066 29.307072
4189.292678 29.332142
4189.710291 29.327492
4190.127903 28.849973
4190.545515 29.012896
4190.963128 28.647869
4191.380740 28.789089
4191.798352 28.986663
4192.215965 28.892472
4192.633577 28.775342
4193.051189 28.620437
4193.468802 28.365818
4193.886414 28.762456
4194.304026 28.766307
4194.721639 28.842198
4195.139251 28.872585
4195.556863 29.243317
4195.974476 28.777692
4196.392088 28.792662
4196.809700 28.696836
4197.227313 28.574413
4197.644925 28.962695
4198.062537 28.706041
4198.480150 28.272196
4198.897762 28.176237
4199.315374 28.072333
4199.732987 28.030536
4200.150599 27.955724
4200.568211 27.974727
4200.985824 27.570846
4201.403436 28.108280
4201.821048 28.210077
4202.238661 28.370493
4202.656273 28.263088
4203.073886 27.973249
4203.491498 27.819797
4203.909110 27.419465
4204.326723 27.424067
4204.744335 27.517120
4205.161947 27.448096
4205.579560 27.532973
4205.997172 27.684015
4206.414784 27.707124
4206.832397 28.413452
4207.250009 28.363674
4207.667621 28.188990
4208.085234 27.963015
4208.502846 27.742235
4208.920458 27.768408
4209.338071 27.864985
4209.755683 28.220177
4210.173295 28.305369
4210.590908 28.571349
4211.008520 28.362536
4211.426132 28.123443
4211.843745 27.877048
4212.261357 28.189305
4212.678969 28.276629
4213.096582 28.535584
4213.514194 29.108238
4213.931806 28.872597
4214.349419 28.811326
4214.767031 28.536395
4215.184643 28.180658
4215.602256 28.604765
4216.019868 28.561430
4216.437480 28.395018
4216.855093 27.660616
4217.272705 26.637319
4217.690317 25.923361
4218.107930 25.753304
4218.525542 26.091286
4218.943154 27.129880
4219.360767 29.042061
4219.778379 28.912432
4220.195992 27.810713
4220.613604 27.235068
4221.031216 26.571578
4221.448829 26.049732
4221.866441 26.311424
4222.284053 27.323033
4222.701666 27.526906
4223.119278 28.024590
4223.536890 29.168299
4223.954503 29.065981
4224.372115 29.067822
4224.789727 29.668877
4225.207340 30.805029
4225.624952 30.498245
4226.042564 28.953175
4226.460177 27.083457
4226.877789 25.785327
4227.295401 24.655558
4227.713014 26.043785
4228.130626 27.073768
4228.548238 27.580014
4228.965851 27.671916
4229.383463 28.209507
4229.801075 28.426884
4230.218688 29.000555
4230.636300 29.502974
4231.053912 29.901393
4231.471525 29.788684
4231.889137 28.665043
4232.306749 28.609670
4232.724362 28.722270
4233.141974 28.538890
4233.559586 28.428737
4233.977199 28.917434
4234.394811 28.869812
4234.812423 28.756570
4235.230036 28.849392
4235.647648 29.124576
4236.065261 29.028944
4236.482873 28.938508
4236.900485 29.510568
4237.318098 29.294016
4237.735710 29.484577
4238.153322 29.134253
4238.570935 29.258541
4238.988547 29.701469
4239.406159 29.757981
4239.823772 30.056456
4240.241384 29.899382
4240.658996 29.617270
4241.076609 29.628195
4241.494221 29.494690
4241.911833 29.276321
4242.329446 29.495199
4242.747058 29.586398
4243.164670 29.236123
4243.582283 29.726915
4243.999895 29.660169
4244.417507 29.569018
4244.835120 29.583467
4245.252732 29.579931
4245.670344 29.945660
4246.087957 29.646386
4246.505569 28.785371
4246.923181 28.676053
4247.340794 30.111151
4247.758406 30.774847
4248.176018 30.136077
4248.593631 31.745919
4249.011243 30.567971
4249.428855 25.924184
4249.846468 24.805098
4250.264080 23.276015
4250.681692 22.982820
4251.099305 23.996683
4251.516917 25.089911
4251.934529 27.910572
4252.352142 29.538073
4252.769754 29.912439
4253.187367 28.877914
4253.604979 29.250414
4254.022591 28.445826
4254.440204 26.838805
4254.857816 27.622792
4255.275428 27.697253
4255.693041 28.133532
4256.110653 28.605685
4256.528265 28.838492
4256.945878 29.083337
4257.363490 29.158755
4257.781102 29.167487
4258.198715 29.498554
4258.616327 29.333390
4259.033939 29.042000
4259.451552 28.630998
4259.869164 28.618160
4260.286776 28.319382
4260.704389 28.092486
4261.122001 28.212620
4261.539613 28.233633
4261.957226 28.394364
4262.374838 28.240537
4262.792450 28.238744
4263.210063 28.581111
4263.627675 28.561127
4264.045287 28.474712
4264.462900 28.500812
4264.880512 29.053216
4265.298124 29.148472
4265.715737 29.259353
4266.133349 29.241500
4266.550961 29.230297
4266.968574 29.424601
4267.386186 29.058726
4267.803798 28.382253
4268.221411 28.082579
4268.639023 27.485097
4269.056636 27.568981
4269.474248 28.245963
4269.891860 29.406277
4270.309473 29.850719
4270.727085 29.413531
4271.144697 28.934220
4271.562310 28.681709
4271.979922 28.427029
4272.397534 28.320993
4272.815147 28.388224
4273.232759 28.635128
4273.650371 28.487090
4274.067984 28.043459
4274.485596 28.302269
4274.903208 28.742375
4275.320821 27.897274
4275.738433 25.707208
4276.156045 22.944052
4276.573658 21.076271
4276.991270 20.230722
4277.408882 22.527490
4277.826495 27.917791
4278.244107 32.744412
4278.661719 34.397105
4279.079332 36.495088
4279.496944 34.929258
4279.914556 30.419448
4280.332169 29.159821
4280.749781 28.986130
4281.167393 28.787127
4281.585006 28.819537
4282.002618 29.233664
4282.420230 29.486006
4282.837843 29.154915
4283.255455 28.907963
4283.673067 28.543287
4284.090680 27.840023
4284.508292 26.869653
4284.925904 26.271517
4285.343517 26.690525
4285.761129 28.017638
4286.178742 28.984616
4286.596354 31.391041
4287.013966 33.481370
4287.431579 32.299267
4287.849191 30.907274
4288.266803 29.804295
4288.684416 29.340536
4289.102028 29.326934
4289.519640 29.560431
4289.937253 29.744622
4290.354865 29.382659
4290.772477 29.172211
4291.190090 27.242020
4291.607702 25.385527
4292.025314 21.389692
4292.442927 19.729562
4292.860539 20.321825
4293.278151 24.192501
4293.695764 27.863931
4294.113376 32.310846
4294.530988 32.339514
4294.948601 34.380004
4295.366213 32.892753
4295.783825 30.193340
4296.201438 29.847303
4296.619050 30.648258
4297.036662 30.811969
4297.454275 30.579126
4297.871887 30.751230
4298.289499 30.733668
4298.707112 29.840194
4299.124724 29.897893
4299.542336 30.322520
4299.959949 30.415863
4300.377561 30.259783
4300.795173 29.900279
4301.212786 29.390689
4301.630398 29.189457
4302.048010 29.445045
4302.465623 28.982412
4302.883235 29.344629
4303.300848 29.327673
4303.718460 29.030446
4304.136072 28.655064
4304.553685 28.967103
4304.971297 28.278785
4305.388909 29.718231
4305.806522 30.291624
4306.224134 29.918313
4306.641746 30.660164
4307.059359 30.727685
4307.476971 30.162019
4307.894583 29.865034
4308.312196 30.049976
4308.729808 30.510260
4309.147420 31.105211
4309.565033 32.596798
4309.982645 32.385077
4310.400257 30.332319
4310.817870 32.497605
4311.235482 29.960763
4311.653094 27.838897
4312.070707 26.940081
4312.488319 26.586148
4312.905931 27.237006
4313.323544 28.842561
4313.741156 30.131959
4314.158768 30.948113
4314.576381 31.191093
4314.993993 31.344994
4315.411605 31.016749
4315.829218 31.066430
4316.246830 31.035534
4316.664442 31.492548
4317.082055 31.414901
4317.499667 31.244360
4317.917279 31.513779
4318.334892 31.598196
4318.752504 31.720594
4319.170117 31.813065
4319.587729 32.087620
4320.005341 32.046877
4320.422954 32.342651
4320.840566 32.359013
4321.258178 32.125747
4321.675791 31.838596
4322.093403 31.895508
4322.511015 31.600000
4322.928628 31.953510
4323.346240 33.159799
4323.763852 33.429291
4324.181465 33.348241
4324.599077 33.675856
4325.016689 33.080590
4325.434302 31.758576
4325.851914 31.038550
4326.269526 29.778619
4326.687139 29.864332
4327.104751 30.581851
4327.522363 31.435297
4327.939976 32.116869
4328.357588 32.140668
4328.775200 32.162166
4329.192813 34.088541
4329.610425 35.330063
4330.028037 36.062333
4330.445650 36.182443
4330.863262 35.452994
4331.280874 32.732761
4331.698487 29.419648
4332.116099 30.234749
4332.533711 30.416408
4332.951324 31.040972
4333.368936 32.230814
4333.786548 33.298669
4334.204161 33.432863
4334.621773 33.742360
4335.039385 33.726130
4335.456998 33.798896
4335.874610 34.032356
4336.292223 33.881690
4336.709835 34.194456
4337.127447 34.192191
4337.545060 34.788232
4337.962672 34.637372
4338.380284 34.168356
4338.797897 33.844168
4339.215509 33.882501
4339.633121 33.618217
4340.050734 33.877899
4340.468346 33.583385
4340.885958 33.677479
4341.303571 32.852531
4341.721183 32.678005
4342.138795 33.144296
4342.556408 33.736934
4342.974020 33.863074
4343.391632 33.942707
4343.809245 33.900850
4344.226857 33.914112
4344.644469 33.663998
4345.062082 33.713183
4345.479694 33.683244
4345.897306 34.038848
4346.314919 34.666609
4346.732531 34.309188
4347.150143 34.246644
4347.567756 34.111807
4347.985368 34.187165
4348.402980 33.466751
4348.820593 33.520974
4349.238205 34.283354
4349.655817 34.383698
4350.073430 34.343391
4350.491042 34.460969
4350.908654 33.984116
4351.326267 34.178820
4351.743879 34.211473
4352.161491 33.884802
4352.579104 32.962430
4352.996716 32.945389
4353.414329 33.301769
4353.831941 33.070961
4354.249553 33.788528
4354.667166 34.683492
4355.084778 34.218049
4355.502390 34.058541
4355.920003 33.212919
4356.337615 32.825111
4356.755227 33.115301
4357.172840 33.469161
4357.590452 33.956781
4358.008064 33.830289
4358.425677 33.610599
4358.843289 33.155099
4359.260901 32.830973
4359.678514 32.542090
4360.096126 32.503285
4360.513738 32.885171
4360.931351 32.707751
4361.348963 32.780226
4361.766575 32.798393
4362.184188 33.046641
4362.601800 32.855704
4363.019412 32.672143
4363.437025 33.119504
4363.854637 32.710149
4364.272249 32.013934
4364.689862 31.645455
4365.107474 31.977406
4365.525086 32.019541
4365.942699 32.380644
4366.360311 31.843453
4366.777923 31.941059
4367.195536 32.124875
4367.613148 31.894551
4368.030760 31.823856
4368.448373 31.216649
4368.865985 30.873228
4369.283598 31.116656
4369.701210 31.421865
4370.118822 31.407671
4370.536435 31.047343
4370.954047 30.836603
4371.371659 31.120023
4371.789272 30.928239
4372.206884 31.034565
4372.624496 30.542634
4373.042109 30.425831
4373.459721 30.352327
4373.877333 30.416602
4374.294946 31.329685
4374.712558 31.884268
4375.130170 31.523577
4375.547783 31.252680
4375.965395 30.740681
4376.383007 29.551917
4376.800620 29.028787
4377.218232 29.404569
4377.635844 29.679390
4378.053457 29.735769
4378.471069 29.994736
4378.888681 30.051926
4379.306294 30.413901
4379.723906 30.328855
4380.141518 29.793758
4380.559131 30.133049
4380.976743 30.383889
4381.394355 30.487575
4381.811968 30.269678
4382.229580 29.958062
4382.647192 29.987154
4383.064805 30.272040
4383.482417 30.196319
4383.900029 30.396328
4384.317642 29.866948
4384.735254 29.851082
4385.152866 29.806415
4385.570479 29.609761
4385.988091 29.705381
4386.405704 29.315840
4386.823316 29.187459
4387.240928 29.565397
4387.658541 29.490451
4388.076153 28.865052
4388.493765 28.265632
4388.911378 28.419169
4389.328990 28.128857
4389.746602 28.857022
4390.164215 29.030446
4390.581827 29.118375
4390.999439 29.588820
4391.417052 29.162534
4391.834664 29.213571
4392.252276 28.785310
4392.669889 28.864410
4393.087501 28.901725
4393.505113 28.822020
4393.922726 28.947337
4394.340338 29.140757
4394.757950 29.360108
4395.175563 29.914873
4395.593175 28.979118
4396.010787 28.655693
4396.428400 28.814632
4396.846012 28.351756
4397.263624 28.128663
4397.681237 28.106415
4398.098849 28.612346
4398.516461 28.321453
4398.934074 29.308949
4399.351686 28.874293
4399.769298 28.695286
4400.186911 28.846812
4400.604523 28.941088
4401.022135 28.683089
4401.439748 28.714797
4401.857360 28.258510
4402.274972 28.311885
4402.692585 28.751531
4403.110197 29.045101
4403.527810 29.408796
4403.945422 29.372885
4404.363034 28.526416
4404.780647 28.175995
4405.198259 27.764847
4405.615871 27.553623
4406.033484 27.116242
4406.451096 27.556300
4406.868708 27.787471
4407.286321 27.337046
4407.703933 28.260739
4408.121545 28.276411
4408.539158 29.144269
4408.956770 28.871144
4409.374382 29.365219
4409.791995 28.473319
4410.209607 28.164659
4410.627219 28.364110
4411.044832 28.017444
4411.462444 27.935631
4411.880056 28.522843
4412.297669 29.189566
4412.715281 28.054541
4413.132893 26.607113
4413.550506 26.650896
4413.968118 27.069335
4414.385730 27.334370
4414.803343 26.936630
4415.220955 27.962518
4415.638567 27.303389
4416.056180 27.172476
4416.473792 26.993287
4416.891404 26.804070
4417.309017 27.059924
4417.726629 27.056581
4418.144241 27.006343
4418.561854 26.526996
4418.979466 26.618026
4419.397079 26.810743
4419.814691 26.816217
4420.232303 26.888184
4420.649916 26.904825
4421.067528 27.288722
4421.485140 27.410200
4421.902753 27.425666
4422.320365 27.207950
4422.737977 27.124539
4423.155590 27.656074
4423.573202 27.852813
4423.990814 27.483304
4424.408427 27.362711
4424.826039 27.665170
4425.243651 28.104089
4425.661264 27.897867
4426.078876 28.354227
4426.496488 28.196064
4426.914101 28.285579
4427.331713 28.080387
4427.749325 27.833192
4428.166938 27.649813
4428.584550 27.666321
4429.002162 27.893544
4429.419775 27.874626
4429.837387 27.445553
4430.254999 26.969003
4430.672612 26.681490
4431.090224 26.726302
4431.507836 26.703557
4431.925449 27.042072
4432.343061 27.087405
4432.760673 27.049327
4433.178286 27.339977
4433.595898 27.445844
4434.013510 27.606926
4434.431123 27.686329
4434.848735 27.360434
4435.266347 27.344507
4435.683960 26.991046
4436.101572 27.321011
4436.519185 27.139860
4436.936797 27.226784
4437.354409 27.130861
4437.772022 27.547301
4438.189634 27.376978
4438.607246 27.369432
4439.024859 27.543825
4439.442471 27.368015
4439.860083 27.248512
4440.277696 27.214200
4440.695308 27.429251
4441.112920 27.570773
4441.530533 27.461492
4441.948145 27.271596
4442.365757 27.051943
4442.783370 26.655038
4443.200982 26.937271
4443.618594 27.233227
4444.036207 27.048152
4444.453819 27.479247
4444.871431 27.535577
4445.289044 27.160473
4445.706656 27.423995
4446.124268 27.465779
4446.541881 27.577289
4446.959493 27.536595
4447.377105 27.408129
4447.794718 27.283950
4448.212330 27.384790
4448.629942 27.158075
4449.047555 27.356497
4449.465167 27.212407
4449.882779 27.267745
4450.300392 27.624863
4450.718004 27.340595
4451.135616 26.896892
4451.553229 26.971341
4451.970841 27.224398
4452.388453 27.378649
4452.806066 27.445904
4453.223678 27.512905
4453.641291 27.667677
4454.058903 27.316699
4454.476515 27.799837
4454.894128 28.205850
4455.311740 27.939301
4455.729352 27.005205
4456.146965 26.613096
4456.564577 26.536067
4456.982189 26.798765
4457.399802 27.076226
4457.817414 27.253187
4458.235026 27.308863
4458.652639 26.833464
4459.070251 26.575417
4459.487863 26.424000
4459.905476 26.179458
4460.323088 26.049708
4460.740700 25.797196
4461.158313 25.829800
4461.575925 25.737062
4461.993537 27.522073
4462.411150 27.929297
4462.828762 27.545630
4463.246374 25.667095
4463.663987 25.462048
4464.081599 23.767946
4464.499211 24.654226
4464.916824 26.505244
4465.334436 28.331494
4465.752048 29.192849
4466.169661 30.108487
4466.587273 30.152354
4467.004885 28.515879
4467.422498 27.685784
4467.840110 26.743415
4468.257722 26.254730
4468.675335 25.695363
4469.092947 26.118816
4469.510560 26.258594
4469.928172 25.268616
4470.345784 25.713118
4470.763397 25.362407
4471.181009 26.114019
4471.598621 26.634061
4472.016234 27.068003
4472.433846 27.636478
4472.851458 27.396259
4473.269071 27.745651
4473.686683 28.227977
4474.104295 28.113790
4474.521908 28.305781
4474.939520 28.666666
4475.357132 28.401813
4475.774745 28.101522
4476.192357 27.792110
4476.609969 28.132600
4477.027582 27.875134
4477.445194 28.010795
4477.862806 28.041412
4478.280419 28.528232
4478.698031 28.238987
4479.115643 28.511240
4479.533256 28.266673
4479.950868 28.784620
4480.368480 28.500606
4480.786093 28.647458
4481.203705 28.715875
4481.621317 28.739626
4482.038930 28.453856
4482.456542 28.508273
4482.874154 28.568551
4483.291767 28.716856
4483.709379 28.612916
4484.126991 28.505596
4484.544604 28.742835
4484.962216 28.967333
4485.379828 28.810405
4485.797441 28.997297
4486.215053 29.021350
4486.632666 28.687001
4487.050278 28.476759
4487.467890 28.635068
4487.885503 29.032905
4488.303115 28.926845
4488.720727 28.599884
4489.138340 28.128215
4489.555952 28.525955
4489.973564 29.154758
4490.391177 29.242469
4490.808789 29.234572
4491.226401 28.752742
4491.644014 28.190262
4492.061626 27.967799
4492.479238 28.110605
4492.896851 27.656765
4493.314463 26.657460
4493.732075 26.579814
4494.149688 25.836970
4494.567300 25.719259
4494.984912 27.531314
4495.402525 28.257275
4495.820137 28.526888
4496.237749 25.265152
4496.655362 23.782370
4497.072974 24.143171
4497.490586 25.077182
4497.908199 26.156543
4498.325811 27.223065
4498.743423 27.446728
4499.161036 28.235620
4499.578648 28.482039
4499.996260 28.712750
4500.413873 28.139685
4500.831485 27.219771
4501.249097 28.112664
4501.666710 27.496506
4502.084322 28.588644
4502.501935 28.947228
4502.919547 29.420786
4503.337159 29.949911
4503.754772 29.956246
4504.172384 30.108244
4504.589996 29.722277
4505.007609 29.746875
4505.425221 29.666237
4505.842833 29.745930
4506.260446 29.764328
4506.678058 30.422609
4507.095670 30.227760
4507.513283 30.230037
4507.930895 30.058454
4508.348507 29.901623
4508.766120 29.511186
4509.183732 29.743980
4509.601344 29.752919
4510.018957 29.908054
4510.436569 29.755159
4510.854181 29.626330
4511.271794 30.022096
4511.689406 30.302185
4512.107018 30.284163
4512.524631 30.520543
4512.942243 30.465169
4513.359855 29.775712
4513.777468 28.884878
4514.195080 28.771830
4514.612692 28.820118
4515.030305 28.546024
4515.447917 29.673831
4515.865529 29.254411
4516.283142 29.461517
4516.700754 29.768203
4517.118366 30.713854
4517.535979 30.699417
4517.953591 30.782925
4518.371203 30.056311
4518.788816 30.865961
4519.206428 30.959668
4519.624041 30.833927
4520.041653 30.662683
4520.459265 30.464479
4520.876878 30.647761
4521.294490 30.100166
4521.712102 30.262859
4522.129715 29.849895
4522.547327 29.825333
4522.964939 30.014514
4523.382552 29.143688
4523.800164 28.896542
4524.217776 29.007422
4524.635389 28.946235
4525.053001 28.157925
4525.470613 28.569666
4525.888226 29.780121
4526.305838 30.905578
4526.723450 30.836531
4527.141063 29.920347
4527.558675 29.477008
4527.976287 29.228057
4528.393900 30.069718
4528.811512 30.172750
4529.229124 30.035176
4529.646737 30.457345
4530.064349 29.978167
4530.481961 29.711643
4530.899574 29.796471
4531.317186 29.426103
4531.734798 29.477056
4532.152411 29.664469
4532.570023 29.279409
4532.987635 28.661059
4533.405248 28.475317
4533.822860 27.792437
4534.240472 28.572197
4534.658085 29.622733
4535.075697 28.977374
4535.493309 28.495580
4535.910922 28.404066
4536.328534 28.836699
4536.746147 29.157108
4537.163759 29.826375
4537.581371 30.319832
4537.998984 30.333251
4538.416596 30.194648
4538.834208 30.023731
4539.251821 29.999532
4539.669433 30.164442
4540.087045 30.202908
4540.504658 30.194636
4540.922270 30.981093
4541.339882 31.165163
4541.757495 30.388249
4542.175107 33.791096
4542.592719 31.756396
4543.010332 29.569406
4543.427944 26.887300
4543.845556 26.681041
4544.263169 26.515296
4544.680781 27.581964
4545.098393 29.202949
4545.516006 30.195471
4545.933618 30.582553
4546.351230 30.854661
4546.768843 30.503017
4547.186455 29.942039
4547.604067 29.978797
4548.021680 29.649414
4548.439292 29.595143
4548.856904 29.717529
4549.274517 30.386953
4549.692129 30.530535
4550.109741 30.202992
4550.527354 30.181688
4550.944966 29.869334
4551.362578 29.655567
4551.780191 29.574493
4552.197803 29.793831
4552.615416 30.104272
4553.033028 28.879743
4553.450640 28.937454
4553.868253 28.938350
4554.285865 28.642371
4554.703477 29.371638
4555.121090 30.048620
4555.538702 30.233707
4555.956314 29.938200
4556.373927 29.553491
4556.791539 29.904106
4557.209151 29.996589
4557.626764 30.161559
4558.044376 30.324470
4558.461988 30.181834
4558.879601 30.309065
4559.297213 29.924489
4559.714825 29.834392
4560.132438 28.135579
4560.550050 27.559316
4560.967662 25.410102
4561.385275 26.221630
4561.802887 26.425490
4562.220499 27.978796
4562.638112 29.534016
4563.055724 33.958525
4563.473336 32.376212
4563.890949 32.255073
4564.308561 31.525358
4564.726173 31.117008
4565.143786 30.429937
4565.561398 30.598468
4565.979010 30.717451
4566.396623 30.971670
4566.814235 30.927027
4567.231847 30.369053
4567.649460 30.550034
4568.067072 30.379565
4568.484684 30.234083
4568.902297 30.727455
4569.319909 30.383623
4569.737522 30.580616
4570.155134 30.627075
4570.572746 30.728145
4570.990359 31.114610
4571.407971 31.039228
4571.825583 30.655840
4572.243196 30.111938
4572.660808 30.157938
4573.078420 29.862055
4573.496033 30.018959
4573.913645 29.893908
4574.331257 30.103654
4574.748870 30.292351
4575.166482 30.453506
4575.584094 30.208612
4576.001707 29.547302
4576.419319 28.024456
4576.836931 27.081785
4577.254544 25.951375
4577.672156 25.841221
4578.089768 27.370910
4578.507381 28.508745
4578.924993 29.722386
4579.342605 30.289783
4579.760218 30.627741
4580.177830 31.018299
4580.595442 32.602635
4581.013055 33.835073
4581.430667 33.515924
4581.848279 33.373009
4582.265892 32.046441
4582.683504 29.308137
4583.101116 26.203487
4583.518729 25.302407
4583.936341 24.781638
4584.353953 26.161799
4584.771566 29.263870
4585.189178 30.915412
4585.606790 31.398829
4586.024403 30.879599
4586.442015 30.395734
4586.859628 28.893090
4587.277240 28.060464
4587.694852 28.325620
4588.112465 28.526779
4588.530077 28.944188
4588.947689 29.331040
4589.365302 29.080563
4589.782914 29.245134
4590.200526 29.514844
4590.618139 29.365364
4591.035751 28.260521
4591.453363 27.572408
4591.870976 27.400062
4592.288588 27.196166
4592.706200 27.307155
4593.123813 27.811815
4593.541425 28.092813
4593.959037 27.656292
4594.376650 27.851299
4594.794262 27.597322
4595.211874 27.417043
4595.629487 26.942504
4596.047099 26.634800
4596.464711 26.272607
4596.882324 26.078230
4597.299936 26.679588
4597.717548 27.366223
4598.135161 27.742138
4598.552773 28.412241
4598.970385 28.329629
4599.387998 28.377287
4599.805610 28.359496
4600.223222 28.414058
4600.640835 29.083591
4601.058447 29.770359
4601.476059 30.213408
4601.893672 30.027461
4602.311284 30.291866
4602.728897 29.139607
4603.146509 28.449423
4603.564121 27.434374
4603.981734 27.680503
4604.399346 28.198183
4604.816958 28.015639
4605.234571 27.746280
4605.652183 28.378123
4606.069795 28.334679
4606.487408 28.677131
4606.905020 29.253321
4607.322632 30.311511
4607.740245 29.731348
4608.157857 29.573766
4608.575469 29.738179
4608.993082 28.889057
4609.410694 28.594373
4609.828306 27.931452
4610.245919 27.515097
4610.663531 27.785098
4611.081143 28.117509
4611.498756 28.942057
4611.916368 29.265917
4612.333980 29.027212
4612.751593 29.355966
4613.169205 28.916247
4613.586817 28.639658
4614.004430 28.516884
4614.422042 28.686142
4614.839654 29.487823
4615.257267 28.857192
4615.674879 28.944055
4616.092491 28.866542
4616.510104 28.506662
4616.927716 27.997787
4617.345328 28.122826
4617.762941 28.325172
4618.180553 28.575176
4618.598165 28.951043
4619.015778 29.172877
4619.433390 29.239950
4619.851003 29.534464
4620.268615 29.339966
4620.686227 29.090422
4621.103840 28.921249
4621.521452 29.009408
4621.939064 29.165852
4622.356677 29.166337
4622.774289 29.290431
4623.191901 29.260140
4623.609514 29.347621
4624.027126 29.266377
4624.444738 28.526089
4624.862351 28.847599
4625.279963 29.362772
4625.697575 29.529063
4626.115188 29.690545
4626.532800 29.257281
4626.950412 29.128585
4627.368025 28.695019
4627.785637 28.855181
4628.203249 28.889190
4628.620862 29.570145
4629.038474 29.422918
4629.456086 29.612135
4629.873699 29.822777
4630.291311 29.612171
4630.708923 29.151318
4631.126536 28.926263
4631.544148 28.053173
4631.961760 28.254453
4632.379373 28.582116
4632.796985 28.768814
4633.214597 29.104132
4633.632210 29.500673
4634.049822 29.646750
4634.467434 29.906940
4634.885047 29.479708
4635.302659 29.362251
4635.720271 29.255138
4636.137884 29.043708
4636.555496 28.916453
4636.973109 28.451652
4637.390721 28.356371
4637.808333 28.237788
4638.225946 28.109406
4638.643558 27.928182
4639.061170 28.452960
4639.478783 28.846546
4639.896395 28.210731
4640.314007 28.577599
4640.731620 28.393989
4641.149232 28.998326
4641.566844 29.178630
4641.984457 29.167414
4642.402069 28.633808
4642.819681 28.592956
4643.237294 28.789392
4643.654906 28.587385
4644.072518 28.182256
4644.490131 28.171308
4644.907743 28.257348
4645.325355 28.133847
4645.742968 28.193823
4646.160580 27.851590
4646.578192 28.047456
4646.995805 28.367065
4647.413417 28.099051
4647.831029 27.981303
4648.248642 28.044222
4648.666254 27.661888
4649.083866 27.506183
4649.501479 27.540640
4649.919091 27.590127
4650.336703 27.862999
4650.754316 27.882122
4651.171928 27.618008
4651.589540 27.663959
4652.007153 27.184963
4652.424765 27.164325
4652.842378 26.916343
4653.259990 27.221140
4653.677602 27.289509
4654.095215 27.774100
4654.512827 27.993257
4654.930439 27.653313
4655.348052 27.093303
4655.765664 27.120191
4656.183276 27.240034
4656.600889 27.136045
4657.018501 27.327054
4657.436113 27.289521
4657.853726 27.358871
4658.271338 27.302965
4658.688950 27.371395
4659.106563 27.463151
4659.524175 27.283865
4659.941787 27.068778
4660.359400 26.644501
4660.777012 26.319333
4661.194624 26.415522
4661.612237 26.120075
4662.029849 26.036518
4662.447461 26.297641
4662.865074 26.986178
4663.282686 26.856658
4663.700298 27.175879
4664.117911 26.858704
4664.535523 26.556887
4664.953135 26.525191
4665.370748 26.584101
4665.788360 26.267387
4666.205972 26.254561
4666.623585 26.142542
4667.041197 26.164209
4667.458809 26.263414
4667.876422 26.454606
4668.294034 26.374258
4668.711646 26.449059
4669.129259 26.254452
4669.546871 26.150778
4669.964484 26.035937
4670.382096 26.430056
4670.799708 26.665103
4671.217321 26.759730
4671.634933 26.839447
4672.052545 26.615615
4672.470158 26.607852
4672.887770 26.440980
4673.305382 26.420076
4673.722995 26.580698
4674.140607 26.571869
4674.558219 26.624663
4674.975832 26.850033
4675.393444 26.631845
4675.811056 26.527432
4676.228669 26.584101
4676.646281 26.358901
4677.063893 26.585191
4677.481506 26.656383
4677.899118 26.751349
4678.316730 26.951115
4678.734343 26.899472
4679.151955 26.758082
4679.569567 26.986614
4679.987180 27.040279
4680.404792 26.771938
4680.822404 26.680969
4681.240017 26.904607
4681.657629 26.555094
4682.075241 26.435215
4682.492854 26.432684
4682.910466 26.535268
4683.328078 26.681296
4683.745691 26.712132
4684.163303 27.021543
4684.580915 26.722281
4684.998528 26.751336
4685.416140 26.868733
4685.833753 26.294722
4686.251365 26.283216
4686.668977 25.908585
4687.086590 26.351658
4687.504202 26.796573
4687.921814 26.825495
4688.339427 26.040467
4688.757039 25.378963
4689.174651 25.585403
4689.592264 25.952114
4690.009876 26.090935
4690.427488 26.018593
4690.845101 26.567266
4691.262713 26.392268
4691.680325 25.798225
4692.097938 25.204546
4692.515550 24.822502
4692.933162 24.283409
4693.350775 24.081584
4693.768387 23.979823
4694.185999 24.542195
4694.603612 25.253089
4695.021224 25.443190
4695.438836 25.580861
4695.856449 26.168969
4696.274061 26.398505
4696.691673 26.269337
4697.109286 26.193749
4697.526898 25.543546
4697.944510 25.818379
4698.362123 25.897527
4698.779735 25.920721
4699.197347 25.529896
4699.614960 25.892452
4700.032572 26.077225
4700.450184 25.643187
4700.867797 25.586420
4701.285409 25.305931
4701.703021 24.952967
4702.120634 25.508943
4702.538246 25.722008
4702.955859 25.736094
4703.373471 25.526674
4703.791083 25.274187
4704.208696 25.012785
4704.626308 24.560628
4705.043920 24.749809
4705.461533 24.722680
4705.879145 24.434136
4706.296757 24.504262
4706.714370 24.854331
4707.131982 24.555166
4707.549594 24.673204
4707.967207 24.800593
4708.384819 24.532154
4708.802431 24.455065
4709.220044 24.174551
4709.637656 24.632364
4710.055268 24.693430
4710.472881 24.973726
4710.890493 24.963940
4711.308105 24.858970
4711.725718 24.811335
4712.143330 25.017170
4712.560942 24.870282
4712.978555 24.488601
4713.396167 24.647153
4713.813779 25.218087
4714.231392 25.502052
4714.649004 25.328628
4715.066616 24.849692
4715.484229 24.328561
4715.901841 23.755846
4716.319453 23.860429
4716.737066 23.592584
4717.154678 24.262638
4717.572290 24.615481
4717.989903 25.154271
4718.407515 25.239100
4718.825127 24.999887
4719.242740 24.939777
4719.660352 24.965914
4720.077965 24.538598
4720.495577 24.989870
4720.913189 25.145115
4721.330802 25.272431
4721.748414 24.893875
4722.166026 25.093048
4722.583639 25.046491
4723.001251 25.069951
4723.418863 25.270166
4723.836476 25.267344
4724.254088 24.975458
4724.671700 24.781723
4725.089313 24.679744
4725.506925 24.677068
4725.924537 24.765457
4726.342150 24.497794
4726.759762 24.406135
4727.177374 24.458807
4727.594987 24.890435
4728.012599 24.772458
4728.430211 24.835268
4728.847824 24.701787
4729.265436 24.747569
4729.683048 24.986576
4730.100661 24.637391
4730.518273 24.759438
4730.935885 24.662825
4731.353498 24.524863
4731.771110 24.407321
4732.188722 23.781486
4732.606335 23.804631
4733.023947 24.043045
4733.441559 24.038055
4733.859172 23.693787
4734.276784 23.747974
4734.694396 23.723036
4735.112009 23.892052
4735.529621 23.878802
4735.947234 23.520690
4736.364846 23.657756
4736.782458 23.747768
4737.200071 24.472542
4737.617683 24.129691
4738.035295 24.036299
4738.452908 25.197061
4738.870520 24.589175
4739.288132 24.193118
4739.705745 23.255740
4740.123357 21.596664
4740.540969 20.068005
4740.958582 19.676877
4741.376194 21.727759
4741.793806 23.389136
4742.211419 21.466987
4742.629031 20.991503
4743.046643 13.878978
4743.464256 15.671655
4743.881868 17.353319
4744.299480 17.998968
4744.717093 17.823025
4745.134705 18.318190
4745.552317 20.215256
4745.969930 22.906106
4746.387542 24.480366
4746.805154 24.920072
4747.222767 24.671557
4747.640379 24.499732
4748.057991 20.375914
4748.475604 15.617650
4748.893216 15.901179
4749.310828 16.721246
4749.728441 17.781640
4750.146053 20.394941
4750.563665 23.217613
4750.981278 23.682003
4751.398890 22.942053
4751.816502 23.907688
4752.234115 23.066729
4752.651727 23.201832
4753.069340 23.830683
4753.486952 22.547292
4753.904564 23.117851
4754.322177 23.098073
4754.739789 21.550786
4755.157401 21.351492
4755.575014 21.548170
4755.992626 22.412637
4756.410238 23.532499
4756.827851 25.138563
4757.245463 25.766433
4757.663075 24.092751
4758.080688 22.049972
4758.498300 21.828369
4758.915912 22.110917
4759.333525 22.387118
4759.751137 22.962437
4760.168749 24.439453
4760.586362 25.159625
4761.003974 24.816446
4761.421586 24.953803
4761.839199 25.215725
4762.256811 25.208894
4762.674423 24.644028
4763.092036 24.350168
4763.509648 23.633206
4763.927260 23.166636
4764.344873 23.289749
4764.762485 23.030443
4765.180097 23.330795
4765.597710 23.551708
4766.015322 23.542127
4766.432934 23.542164
4766.850547 23.712681
4767.268159 23.323504
4767.685771 23.579007
4768.103384 23.545737
4768.520996 23.561627
4768.938608 23.047859
4769.356221 23.116676
4769.773833 23.570626
4770.191446 23.588018
4770.609058 23.211400
4771.026670 23.622899
4771.444283 22.821992
4771.861895 23.597041
4772.279507 22.464838
4772.697120 22.989639
4773.114732 26.963238
4773.532344 28.662452
4773.949957 26.267629
4774.367569 22.788722
4774.785181 23.789238
4775.202794 22.675916
4775.620406 18.846443
4776.038018 18.343394
4776.455631 18.490911
4776.873243 19.707883
4777.290855 19.178224
4777.708468 19.873858
4778.126080 21.192360
4778.543692 22.465698
4778.961305 23.150189
4779.378917 24.152097
4779.796529 23.262631
4780.214142 23.053539
4780.631754 23.617364
4781.049366 23.846476
4781.466979 23.709617
4781.884591 24.371145
4782.302203 24.284887
4782.719816 24.292832
4783.137428 24.135262
4783.555040 24.661662
4783.972653 24.458916
4784.390265 24.038867
4784.807877 23.868955
4785.225490 24.234612
4785.643102 23.704227
4786.060715 24.050082
4786.478327 24.735736
4786.895939 25.289859
4787.313552 25.023080
4787.731164 24.437128
4788.148776 23.634393
4788.566389 22.865024
4788.984001 22.565072
4789.401613 21.837137
4789.819226 22.075321
4790.236838 22.448039
4790.654450 23.218085
4791.072063 23.511691
4791.489675 23.895564
4791.907287 24.114030
4792.324900 24.188528
4792.742512 24.319586
4793.160124 24.810790
4793.577737 24.862688
4793.995349 25.424429
4794.412961 25.166346
4794.830574 25.259435
4795.248186 25.732811
4795.665798 26.213612
4796.083411 25.875073
4796.501023 25.152975
4796.918635 23.054290
4797.336248 21.634997
4797.753860 22.396783
4798.171472 22.424519
4798.589085 22.617406
4799.006697 25.613320
4799.424309 25.713518
4799.841922 24.926661
4800.259534 24.816434
4800.677146 24.160260
4801.094759 23.937312
4801.512371 24.066832
4801.929983 24.662401
4802.347596 24.539470
4802.765208 25.053504
4803.182821 25.320683
4803.600433 25.490691
4804.018045 25.405063
4804.435658 25.137412
4804.853270 25.497922
4805.270882 25.120953
4805.688495 26.156955
4806.106107 23.735971
4806.523719 21.604464
4806.941332 18.377064
4807.358944 16.021398
4807.776556 13.620641
4808.194169 13.327241
4808.611781 13.923815
4809.029393 20.085155
4809.447006 21.874247
4809.864618 24.646341
4810.282230 25.288745
4810.699843 25.169314
4811.117455 26.732055
4811.535067 26.648062
4811.952680 26.141101
4812.370292 25.721802
4812.787904 26.508853
4813.205517 26.410181
4813.623129 26.549075
4814.040741 26.547755
4814.458354 25.953773
4814.875966 25.090589
4815.293578 24.441657
4815.711191 23.841414
4816.128803 23.662745
4816.546415 23.753594
4816.964028 25.357150
4817.381640 25.070508
4817.799252 27.038475
4818.216865 26.963759
4818.634477 26.685862
4819.052089 26.719616
4819.469702 26.800715
4819.887314 26.847901
4820.304927 27.747165
4820.722539 27.113166
4821.140151 27.893544
4821.557764 27.427894
4821.975376 27.027950
4822.392988 26.646548
4822.810601 27.102520
4823.228213 27.441483
4823.645825 27.865372
4824.063438 26.451687
4824.481050 24.604593
4824.898662 21.360418
4825.316275 21.055149
4825.733887 17.195846
4826.151499 21.659971
4826.569112 24.429134
4826.986724 29.038960
4827.404336 33.801597
4827.821949 32.939394
4828.239561 29.715434
4828.657173 27.736192
4829.074786 25.373343
4829.492398 27.021277
4829.910010 28.023088
4830.327623 28.735508
4830.745235 29.741776
4831.162847 29.966383
4831.580460 29.392857
4831.998072 29.187059
4832.415684 28.795896
4832.833297 28.927826
4833.250909 29.980190
4833.668521 30.077445
4834.086134 30.395734
4834.503746 30.642893
4834.921358 30.430712
4835.338971 30.210465
4835.756583 30.146081
4836.174196 30.441431
4836.591808 31.467017
4837.009420 31.020116
4837.427033 29.838898
4837.844645 27.767572
4838.262257 26.374997
4838.679870 25.442088
4839.097482 23.532414
4839.515094 25.329367
4839.932707 30.056395
4840.350319 31.764220
4840.767931 33.474321
4841.185544 34.620489
4841.603156 33.107017
4842.020768 32.693834
4842.438381 32.948199
4842.855993 33.185741
4843.273605 33.464959
4843.691218 33.802614
4844.108830 33.756675
4844.526442 33.446283
4844.944055 33.301188
4845.361667 34.239075
4845.779279 34.063870
4846.196892 33.246420
4846.614504 34.027342
4847.032116 34.047459
4847.449729 34.109349
4847.867341 35.399946
4848.284953 36.264607
4848.702566 38.430462
4849.120178 39.532605
4849.537790 38.660701
4849.955403 36.656279
4850.373015 37.076595
4850.790627 37.000705
4851.208240 37.657242
4851.625852 37.513903
4852.043464 38.199242
4852.461077 37.849088
4852.878689 38.011381
4853.296302 38.327394
4853.713914 38.880245
4854.131526 39.686251
4854.549139 40.481065
4854.966751 40.166494
4855.384363 40.095218
4855.801976 40.046070
4856.219588 39.965105
4856.637200 39.332233
4857.054813 39.156483
4857.472425 38.842857
4857.890037 39.198607
4858.307650 39.788253
4858.725262 40.696721
4859.142874 40.836500
4859.560487 40.777432
4859.978099 41.244753
4860.395711 41.484414
4860.813324 40.610924
4861.230936 40.784578
4861.648548 40.555829
4862.066161 40.407306
4862.483773 40.681909
4862.901385 42.107924
4863.318998 42.993453
4863.736610 42.264937
4864.154222 40.691841
4864.571835 40.485243
4864.989447 39.283096
4865.407059 39.330113
4865.824672 38.839623
4866.242284 40.476668
4866.659896 39.478345
4867.077509 40.049945
4867.495121 40.223272
4867.912733 40.041286
4868.330346 39.452112
4868.747958 39.626335
4869.165571 40.111351
4869.583183 41.353683
4870.000795 41.437373
4870.418408 42.239975
4870.836020 44.726724
4871.253632 47.153896
4871.671245 45.155021
4872.088857 41.539618
4872.506469 37.457961
4872.924082 35.371145
4873.341694 30.565755
4873.759306 27.556567
4874.176919 31.583747
4874.594531 34.478906
4875.012143 36.245337
4875.429756 36.130097
4875.847368 36.138248
4876.264980 35.848481
4876.682593 35.350979
4877.100205 35.006069
4877.517817 34.794700
4877.935430 35.072088
4878.353042 35.151673
4878.770654 35.132016
4879.188267 34.893941
4879.605879 35.025229
4880.023491 34.532402
4880.441104 34.585305
4880.858716 34.329232
4881.276328 34.578789
4881.693941 34.418094
4882.111553 33.453053
4882.529165 33.173218
4882.946778 32.958337
4883.364390 32.840771
4883.782002 33.080033
4884.199615 32.587460
4884.617227 32.963157
4885.034839 32.581949
4885.452452 32.038593
4885.870064 31.091658
4886.287677 31.018384
4886.705289 31.414392
4887.122901 31.514251
4887.540514 31.172321
4887.958126 30.871448
4888.375738 30.683187
4888.793351 30.208879
4889.210963 30.505755
4889.628575 30.382448
4890.046188 30.391471
4890.463800 30.508080
4890.881412 31.151840
4891.299025 31.351025
4891.716637 32.036921
4892.134249 31.350565
4892.551862 30.472157
4892.969474 29.419963
4893.387086 29.135319
4893.804699 29.369155
4894.222311 29.498905
4894.639923 29.388436
4895.057536 28.713768
4895.475148 29.187919
4895.892760 29.230830
4896.310373 29.594319
4896.727985 29.594331
4897.145597 29.474452
4897.563210 30.298770
4897.980822 30.813059
4898.398434 30.915449
4898.816047 29.294875
4899.233659 27.988473
4899.651271 26.595486
4900.068884 27.825259
4900.486496 28.865972
4900.904108 29.739063
4901.321721 28.720550
4901.739333 28.404259
4902.156945 28.196596
4902.574558 27.810144
4902.992170 26.634255
4903.409783 27.519506
4903.827395 27.967411
4904.245007 28.247162
4904.662620 28.373533
4905.080232 28.414591
4905.497844 28.538285
4905.915457 28.106415
4906.333069 28.135664
4906.750681 27.909167
4907.168294 27.942498
4907.585906 27.974678
4908.003518 27.762958
4908.421131 27.859111
4908.838743 27.641577
4909.256355 27.566353
4909.673968 27.647693
4910.091580 27.877181
4910.509192 28.454038
4910.926805 28.698011
4911.344417 28.924422
4911.762029 28.456084
4912.179642 27.711363
4912.597254 27.448581
4913.014866 27.162569
4913.432479 27.474075
4913.850091 28.164671
4914.267703 27.959151
4914.685316 27.897238
4915.102928 27.649231
4915.520540 27.441459
4915.938153 27.575158
4916.355765 27.353688
4916.773377 27.390385
4917.190990 27.503906
4917.608602 27.547204
4918.026214 27.653373
4918.443827 26.823012
4918.861439 27.265831
4919.279052 27.731553
4919.696664 27.844940
4920.114276 27.745857
4920.531889 27.586010
4920.949501 27.207369
4921.367113 26.746613
4921.784726 26.832289
4922.202338 27.254640
4922.619950 26.095150
4923.037563 25.759335
4923.455175 25.406178
4923.872787 24.751408
4924.290400 25.021724
4924.708012 25.111227
4925.125624 26.021851
4925.543237 26.751894
4925.960849 26.706197
4926.378461 26.594336
4926.796074 26.319878
4927.213686 27.209464
4927.631298 27.064938
4928.048911 26.502434
4928.466523 26.021100
4928.884135 26.478780
4929.301748 26.170301
4929.719360 25.297816
4930.136972 25.587849
4930.554585 25.971032
4930.972197 25.853829
4931.389809 25.851770
4931.807422 26.744663
4932.225034 27.465404
4932.642646 27.395739
4933.060259 26.617795
4933.477871 26.093309
4933.895483 26.335623
4934.313096 26.394327
4934.730708 25.977342
4935.148320 25.865892
4935.565933 25.955238
4935.983545 25.903207
4936.401158 26.392220
4936.818770 26.468207
4937.236382 26.587347
4937.653995 26.561841
4938.071607 27.155314
4938.489219 27.943164
4938.906832 28.369621
4939.324444 27.846878
4939.742056 25.984621
4940.159669 25.221090
4940.577281 24.318205
4940.994893 25.219346
4941.412506 25.831193
4941.830118 25.785605
4942.247730 25.058530
4942.665343 24.955898
4943.082955 25.327792
4943.500567 26.218868
4943.918180 26.700662
4944.335792 26.611994
4944.753404 26.422099
4945.171017 26.416661
4945.588629 25.413578
4946.006241 25.280836
4946.423854 24.970226
4946.841466 24.929216
4947.259078 24.790480
4947.676691 25.573328
4948.094303 27.755630
4948.511915 28.529553
4948.929528 28.281389
4949.347140 27.292682
4949.764752 26.719810
4950.182365 25.778593
4950.599977 22.863801
4951.017589 23.142994
4951.435202 24.400261
4951.852814 24.609328
4952.270426 25.815848
4952.688039 26.603625
4953.105651 26.500121
4953.523264 27.395823
4953.940876 27.296388
4954.358488 27.708129
4954.776101 28.297182
4955.193713 28.468256
4955.611325 28.420113
4956.028938 28.538794
4956.446550 28.985234
4956.864162 30.104526
4957.281775 30.897887
4957.699387 30.433873
4958.116999 29.335098
4958.534612 27.725945
4958.952224 27.873608
4959.369836 26.066543
4959.787449 26.135808
4960.205061 26.516011
4960.622673 27.335629
4961.040286 27.499897
4961.457898 27.360179
4961.875510 26.940202
4962.293123 26.063151
4962.710735 25.444256
4963.128347 24.899131
4963.545960 24.575235
4963.963572 24.786858
4964.381184 24.519086
4964.798797 24.066759
4965.216409 24.403930
4965.634021 24.126832
4966.051634 24.119941
4966.469246 23.626617
4966.886858 23.514610
4967.304471 23.821030
4967.722083 23.840614
4968.139695 23.352026
4968.557308 23.228647
4968.974920 22.722763
4969.392533 23.018186
4969.810145 23.343984
4970.227757 23.239523
4970.645370 23.343124
4971.062982 23.305821
4971.480594 23.371513
4971.898207 23.061714
4972.315819 23.567937
4972.733431 23.156584
4973.151044 23.189684
4973.568656 23.476944
4973.986268 23.728159
4974.403881 23.894329
4974.821493 23.892306
4975.239105 24.085920
4975.656718 24.291415
4976.074330 23.781934
4976.491942 23.464142
4976.909555 23.802463
4977.327167 23.696173
4977.744779 23.726428
4978.162392 23.563371
4978.580004 23.251804
4978.997616 23.202837
4979.415229 23.620404
4979.832841 23.525922
4980.250453 23.978649
4980.668066 23.944119
4981.085678 24.098007
4981.503290 24.048738
4981.920903 23.653638
4982.338515 23.554312
4982.756127 23.515943
4983.173740 24.221774
4983.591352 24.113473
4984.008964 22.538088
4984.426577 21.018330
4984.844189 19.380195
4985.261801 17.437421
4985.679414 15.772871
4986.097026 13.723745
4986.514639 19.185939
4986.932251 23.691183
4987.349863 29.683932
4987.767476 28.729537
4988.185088 29.637339
4988.602700 29.123147
4989.020313 26.209870
4989.437925 24.623499
4989.855537 25.639735
4990.273150 27.163429
4990.690762 25.933862
4991.108374 28.383718
4991.525987 29.089223
4991.943599 30.140655
4992.361211 29.554630
4992.778824 29.080188
4993.196436 28.655936
4993.614048 28.637938
4994.031661 27.955530
4994.449273 27.805614
4994.866885 27.534245
4995.284498 27.411823
4995.702110 28.645144
4996.119722 28.561466
4996.537335 29.081229
4996.954947 30.141805
4997.372559 30.875106
4997.790172 31.153076
4998.207784 32.036049
4998.625396 32.288973
4999.043009 33.189048
4999.460621 33.712481
4999.878233 33.976777
5000.295846 34.612410
5000.713458 35.133578
5001.131070 35.254027
5001.548683 35.840682
5001.966295 36.822581
5002.383907 37.102308
5002.801520 37.922290
5003.219132 38.672933
5003.636745 39.746953
5004.054357 40.209792
5004.471969 41.118927
5004.889582 41.353986
5005.307194 41.532400
5005.724806 42.115252
5006.142419 41.715682
5006.560031 41.138886
5006.977643 40.711255
5007.395256 40.326002
5007.812868 39.924047
5008.230480 39.105845
5008.648093 38.149828
5009.065705 37.534880
5009.483317 36.744172
5009.900930 35.551315
5010.318542 34.329196
5010.736154 33.139415
5011.153767 32.321371
5011.571379 30.983358
5011.988991 30.274995
5012.406604 29.372050
5012.824216 29.106058
5013.241828 28.347336
5013.659441 28.731414
5014.077053 27.552097
5014.494665 26.126252
5014.912278 25.022789
5015.329890 23.301691
5015.747502 23.353043
5016.165115 21.933835
5016.582727 22.867992
5017.000339 23.810227
5017.417952 23.831470
5017.835564 24.734040
5018.253176 24.851146
5018.670789 24.743245
5019.088401 24.481892
5019.506014 24.452897
5019.923626 25.155652
5020.341238 25.078429
5020.758851 25.372023
5021.176463 25.710950
5021.594075 25.584337
5022.011688 25.464119
5022.429300 25.122406
5022.846912 25.313162
5023.264525 25.126948
5023.682137 24.475085
5024.099749 24.276518
5024.517362 25.022765
5024.934974 25.430473
5025.352586 25.323020
5025.770199 26.171343
5026.187811 28.921891
5026.605423 28.679868
5027.023036 25.505068
5027.440648 21.957004
5027.858260 19.759768
5028.275873 19.935627
5028.693485 18.033898
5029.111097 19.369828
5029.528710 22.769949
5029.946322 22.754495
5030.363934 23.587170
5030.781547 23.670448
5031.199159 24.095900
5031.616771 24.457209
5032.034384 25.046080
5032.451996 24.997743
5032.869608 25.095083
5033.287221 24.523301
5033.704833 24.051196
5034.122445 23.895830
5034.540058 23.891446
5034.957670 24.149723
5035.375282 24.635029
5035.792895 24.708860
5036.210507 24.697621
5036.628120 24.520043
5037.045732 23.670509
5037.463344 24.122702
5037.880957 23.058517
5038.298569 21.943609
5038.716181 21.288076
5039.133794 20.301090
5039.551406 21.615328
5039.969018 21.651638
5040.386631 22.061381
5040.804243 22.762985
5041.221855 23.418373
5041.639468 23.132239
5042.057080 21.919919
5042.474692 21.540273
5042.892305 21.454016
5043.309917 21.894933
5043.727529 22.406121
5044.145142 22.613603
5044.562754 22.250840
5044.980366 22.933999
5045.397979 22.643179
5045.815591 22.506695
5046.233203 22.360255
5046.650816 22.264502
5047.068428 21.474532
5047.486040 20.545366
5047.903653 17.736126
5048.321265 15.739479
5048.738877 16.369905
5049.156490 19.388019
5049.574102 21.258646
5049.991714 23.480468
5050.409327 26.044318
5050.826939 30.336994
5051.244551 28.267521
5051.662164 24.462513
5052.079776 22.443727
5052.497388 21.866096
5052.915001 22.051013
5053.332613 21.851465
5053.750226 22.175737
5054.167838 22.873115
5054.585450 23.078307
5055.003063 22.348822
5055.420675 22.193359
5055.838287 22.365415
5056.255900 22.066589
5056.673512 22.155111
5057.091124 22.037945
5057.508737 22.416331
5057.926349 22.455185
5058.343961 22.051110
5058.761574 21.593116
5059.179186 21.721630
5059.596798 22.043504
5060.014411 22.063900
5060.432023 22.658112
5060.849635 22.144066
5061.267248 22.053799
5061.684860 21.110523
5062.102472 20.384211
5062.520085 20.888059
5062.937697 19.581936
5063.355309 20.374085
5063.772922 22.501184
5064.190534 19.732033
5064.608146 19.269145
5065.025759 18.744792
5065.443371 14.818258
5065.860983 13.306809
5066.278596 16.591302
5066.696208 16.753026
5067.113820 18.166760
5067.531433 20.499814
5067.949045 23.594183
5068.366657 21.282118
5068.784270 19.836119
5069.201882 20.227319
5069.619495 17.466597
5070.037107 14.530102
5070.454719 13.694920
5070.872332 13.241831
5071.289944 15.144334
5071.707556 17.621854
5072.125169 15.582684
5072.542781 13.728348
5072.960393 12.281683
5073.378006 12.181545
5073.795618 12.809161
5074.213230 16.295952
5074.630843 18.337568
5075.048455 19.330465
5075.466067 19.580301
5075.883680 20.224751
5076.301292 20.663731
5076.718904 20.848431
5077.136517 21.868470
5077.554129 22.167828
5077.971741 21.249901
5078.389354 19.326311
5078.806966 17.805972
5079.224578 18.960872
5079.642191 18.265723
5080.059803 18.966928
5080.477415 19.253400
5080.895028 19.182560
5081.312640 20.032264
5081.730252 19.920039
5082.147865 20.344497
5082.565477 20.736291
5082.983089 21.150757
5083.400702 21.269982
5083.818314 21.948199
5084.235926 21.556236
5084.653539 21.423616
5085.071151 21.490059
5085.488763 21.753592
5085.906376 22.044497
5086.323988 21.371379
5086.741601 20.993647
5087.159213 20.778935
5087.576825 20.608854
5087.994438 20.548963
5088.412050 20.664542
5088.829662 21.332308
5089.247275 21.478590
5089.664887 21.982378
5090.082499 21.408016
5090.500112 21.103389
5090.917724 21.096691
5091.335336 20.609677
5091.752949 20.705140
5092.170561 20.281069
5092.588173 20.321812
5093.005786 19.949603
5093.423398 20.670247
5093.841010 20.509661
5094.258623 20.391986
5094.676235 19.996462
5095.093847 20.275208
5095.511460 20.923013
5095.929072 20.007496
5096.346684 20.558458
5096.764297 20.420606
5097.181909 20.815282
5097.599521 21.596131
5098.017134 20.312378
5098.434746 17.857979
5098.852358 17.268769
5099.269971 11.801936
5099.687583 11.062628
5100.105195 11.000000
5100.522808 15.013143
5100.940420 18.547121
5101.358032 19.763123
5101.775645 19.312734
5102.193257 17.308034
5102.610870 17.935323
5103.028482 18.947126
5103.446094 19.867039
5103.863707 18.946666
5104.281319 18.461275
5104.698931 16.478145
5105.116544 14.674531
5105.534156 13.909559
5105.951768 13.816664
5106.369381 14.975016
5106.786993 18.404654
5107.204605 19.891747
5107.622218 21.111031
5108.039830 21.251778
5108.457442 21.271363
5108.875055 19.845808
5109.292667 19.080424
5109.710279 20.439899
5110.127892 20.860542
5110.545504 20.953934
5110.963116 21.119328
5111.380729 21.186728
5111.798341 21.014866
5112.215953 20.787619
5112.633566 20.851810
5113.051178 21.374153
5113.468790 20.974862
5113.886403 20.959711
5114.304015 20.027116
5114.721627 18.451598
5115.139240 19.885110
5115.556852 19.955744
5115.974464 19.462928
5116.392077 18.728502
5116.809689 18.815995
5117.227301 19.236032
5117.644914 20.537421
5118.062526 20.586436
5118.480138 21.060514
5118.897751 21.333809
5119.315363 21.451884
5119.732976 21.031193
5120.150588 21.186885
5120.568200 21.168440
5120.985813 20.679609
5121.403425 20.162583
5121.821037 19.891226
5122.238650 20.470311
5122.656262 19.525399
5123.073874 19.018414
5123.491487 18.218513
5123.909099 18.513511
5124.326711 20.077948
5124.744324 20.468797
5125.161936 20.154408
5125.579548 20.889900
5125.997161 19.732420
5126.414773 18.075876
5126.832385 17.708342
5127.249998 17.623937
5127.667610 18.629903
5128.085222 19.273784
5128.502835 19.540103
5128.920447 20.190597
5129.338059 19.280796
5129.755672 20.141424
5130.173284 19.749776
5130.590896 19.908897
5131.008509 20.440117
5131.426121 20.099289
5131.843733 19.466392
5132.261346 20.058970
5132.678958 20.129010
5133.096570 15.941959
5133.514183 10.236772
5133.931795 8.615557
5134.349407 5.663232
5134.767020 7.270229
5135.184632 9.350662
5135.602244 13.568428
5136.019857 16.590031
5136.437469 20.512435
5136.855082 20.219580
5137.272694 18.549700
5137.690306 18.202768
5138.107919 19.461778
5138.525531 20.729545
5138.943143 20.471268
5139.360756 20.847328
5139.778368 21.853778
5140.195980 22.098430
5140.613593 22.068224
5141.031205 20.786929
5141.448817 20.730901
5141.866430 20.296427
5142.284042 20.653424
5142.701654 21.291855
5143.119267 21.515421
5143.536879 21.413430
5143.954491 20.463722
5144.372104 20.893812
5144.789716 20.954927
5145.207328 18.740032
5145.624941 18.710722
5146.042553 19.927064
5146.460165 18.940985
5146.877778 19.523643
5147.295390 20.836234
5147.713002 20.161917
5148.130615 20.947963
5148.548227 21.426983
5148.965839 22.949138
5149.383452 23.129817
5149.801064 23.034512
5150.218676 23.194638
5150.636289 23.021335
5151.053901 22.509929
5151.471513 22.016726
5151.889126 21.341694
5152.306738 21.484294
5152.724351 22.141002
5153.141963 22.389831
5153.559575 21.078270
5153.977188 20.486310
5154.394800 21.999310
5154.812412 19.634124
5155.230025 19.880386
5155.647637 15.104197
5156.065249 19.062306
5156.482862 15.003248
5156.900474 14.411361
5157.318086 16.404883
5157.735699 18.732256
5158.153311 19.877770
5158.570923 20.031174
5158.988536 20.504611
5159.406148 20.831220
5159.823760 22.557163
5160.241373 23.097819
5160.658985 22.935949
5161.076597 23.002683
5161.494210 22.696796
5161.911822 22.664095
5162.329434 22.741330
5162.747047 23.034439
5163.164659 23.131864
5163.582271 23.114072
5163.999884 24.100454
5164.417496 23.103402
5164.835108 23.354739
5165.252721 24.018386
5165.670333 23.846670
5166.087945 24.515259
5166.505558 22.910939
5166.923170 22.449904
5167.340782 22.373517
5167.758395 21.545905
5168.176007 21.850787
5168.593619 21.311173
5169.011232 21.025948
5169.428844 20.313565
5169.846457 21.313208
5170.264069 20.103176
5170.681681 18.949415
5171.099294 19.058563
5171.516906 18.117249
5171.934518 19.739893
5172.352131 18.196494
5172.769743 17.029277
5173.187355 16.689151
5173.604968 17.275139
5174.022580 18.684271
5174.440192 19.343425
5174.857805 20.676145
5175.275417 20.834648
5175.693029 21.732300
5176.110642 20.688220
5176.528254 21.713758
5176.945866 21.255339
5177.363479 20.378361
5177.781091 19.927948
5178.198703 20.051024
5178.616316 19.209751
5179.033928 18.557452
5179.451540 16.131745
5179.869153 15.977905
5180.286765 11.404753
5180.704377 13.745994
5181.121990 16.080792
5181.539602 20.889355
5181.957214 17.932707
5182.374827 18.729180
5182.792439 19.608678
5183.210051 19.671330
5183.627664 19.811847
5184.045276 21.192396
5184.462888 21.733948
5184.880501 21.539680
5185.298113 21.196914
5185.715725 21.758885
5186.133338 21.015569
5186.550950 22.186516
5186.968563 20.594599
5187.386175 18.299127
5187.803787 17.164077
5188.221400 15.475668
5188.639012 14.516137
5189.056624 13.965708
5189.474237 16.009504
5189.891849 19.017239
5190.309461 18.386474
5190.727074 16.834367
5191.144686 16.262198
5191.562298 18.776112
5191.979911 20.151174
5192.397523 20.745144
5192.815135 21.002597
5193.232748 21.817056
5193.650360 22.042269
5194.067972 22.118547
5194.485585 25.785242
5194.903197 23.319955
5195.320809 21.825195
5195.738422 21.892281
5196.156034 19.133848
5196.573646 19.425601
5196.991259 18.901175
5197.408871 19.982667
5197.826483 18.698974
5198.244096 20.611373
5198.661708 20.856860
5199.079320 21.455881
5199.496933 20.889416
5199.914545 22.208705
5200.332157 18.875596
5200.749770 12.412244
5201.167382 15.117338
5201.584994 18.206038
5202.002607 18.821905
5202.420219 18.708312
5202.837832 17.916804
5203.255444 20.321025
5203.673056 20.631648
5204.090669 21.159622
5204.508281 21.434625
5204.925893 21.409421
5205.343506 18.982116
5205.761118 21.607952
5206.178730 24.102767
5206.596343 25.391498
5207.013955 23.153592
5207.431567 19.279186
5207.849180 16.328641
5208.266792 15.231646
5208.684404 13.329287
5209.102017 12.172437
5209.519629 11.991504
5209.937241 11.493772
5210.354854 12.562644
5210.772466 12.135788
5211.190078 13.931324
5211.607691 16.160098
5212.025303 18.469244
5212.442915 19.696885
5212.860528 21.899717
5213.278140 21.974602
5213.695752 21.222323
5214.113365 21.438295
5214.530977 24.041543
5214.948589 22.304131
5215.366202 23.140887
5215.783814 23.613416
5216.201426 24.366651
5216.619039 23.749742
5217.036651 21.997093
5217.454263 21.441892
5217.871876 21.283498
5218.289488 21.141758
5218.707100 20.204561
5219.124713 19.518411
5219.542325 20.083580
5219.959938 19.904222
5220.377550 20.366080
5220.795162 20.155062
5221.212775 20.021097
5221.630387 21.059715
5222.047999 20.948750
5222.465612 20.481563
5222.883224 20.952529
5223.300836 21.804000
5223.718449 20.382757
5224.136061 20.775241
5224.553673 20.681341
5224.971286 21.035553
5225.388898 21.324314
5225.806510 21.011269
5226.224123 22.008672
5226.641735 22.877318
5227.059347 22.989627
5227.476960 23.540953
5227.894572 23.150382
5228.312184 23.929815
5228.729797 24.345638
5229.147409 21.866738
5229.565021 20.887635
5229.982634 19.416457
5230.400246 21.260547
5230.817858 19.811908
5231.235471 17.587518
5231.653083 20.242204
5232.070695 19.936438
5232.488308 21.120054
5232.905920 19.995263
5233.323532 19.209230
5233.741145 18.704327
5234.158757 17.768548
5234.576369 18.276393
5234.993982 17.877260
5235.411594 16.724952
5235.829206 17.612698
5236.246819 18.134677
5236.664431 17.738923
5237.082044 12.058953
5237.499656 3.560465
5237.917268 -5.270446
5238.334881 -2.365380
5238.752493 -3.870167
5239.170105 -7.613746
5239.587718 -4.184690
5240.005330 3.276294
5240.422942 12.400000
5240.840555 9.230274
5241.258167 12.531918
5241.675779 16.820693
5242.093392 15.161605
5242.511004 20.499282
5242.928616 22.007364
5243.346229 17.399802
5243.763841 18.354415
5244.181453 12.929512
5244.599066 10.104830
5245.016678 8.746155
5245.434290 12.965350
5245.851903 15.974551
5246.269515 22.095911
5246.687127 22.275197
5247.104740 22.026137
5247.522352 25.864887
5247.939964 24.787076
5248.357577 20.619355
5248.775189 18.226494
5249.192801 21.720007
5249.610414 21.144580
5250.028026 22.103553
5250.445638 20.066394
5250.863251 20.259329
5251.280863 21.161560
5251.698475 23.133608
5252.116088 24.353898
5252.533700 24.280805
5252.951313 22.020541
5253.368925 20.083314
5253.786537 21.753520
5254.204150 24.412336
5254.621762 27.245956
5255.039374 25.367603
5255.456987 23.038545
5255.874599 21.970799
5256.292211 19.182900
5256.709824 19.661811
5257.127436 19.593950
5257.545048 19.268431
5257.962661 20.556060
5258.380273 24.046921
5258.797885 22.379525
5259.215498 22.516408
5259.633110 22.207070
5260.050722 22.782279
5260.468335 22.734378
5260.885947 18.224387
