1843.357179 54.326660
1843.776266 55.084684
1844.195352 52.107118
1844.614439 58.076504
1845.033526 54.562534
1845.452612 47.803525
1845.871699 52.542758
1846.290786 58.400841
1846.709873 62.756289
1847.128959 59.104397
1847.548046 61.918986
1847.967133 59.238812
1848.386219 52.969332
1848.805306 67.814878
1849.224393 59.668125
1849.643479 65.716726
1850.062566 59.972576
1850.481653 60.294021
1850.900740 63.159064
1851.319826 56.231138
1851.738913 60.085624
1852.158000 55.281701
1852.577086 50.545451
1852.996173 57.152664
1853.415260 51.089077
1853.834346 59.049586
1854.253433 60.279812
1854.672520 66.769711
1855.091606 61.156958
1855.510693 47.581859
1855.929780 55.141230
1856.348867 61.979916
1856.767953 60.438975
1857.187040 59.449089
1857.606127 59.326271
1858.025213 58.137045
1858.444300 59.724870
1858.863387 65.351055
1859.282473 55.060903
1859.701560 55.502291
1860.120647 61.300872
1860.539734 58.618819
1860.958820 58.637014
1861.377907 64.292891
1861.796994 59.413540
1862.216080 54.348407
1862.635167 56.031166
1863.054254 58.961170
1863.473340 55.763493
1863.892427 61.753848
1864.311514 69.047544
1864.730600 59.757373
1865.149687 58.831003
1865.568774 52.960221
1865.987861 53.883672
1866.406947 60.671993
1866.826034 53.004221
1867.245121 60.530998
1867.664207 55.868080
1868.083294 66.961278
1868.502381 64.331016
1868.921467 63.555349
1869.340554 61.946066
1869.759641 62.177955
1870.178727 61.838496
1870.597814 62.131432
1871.016901 59.983459
1871.435988 57.035576
1871.855074 56.187255
1872.274161 56.072111
1872.693248 58.371474
1873.112334 64.839743
1873.531421 65.728802
1873.950508 62.372766
1874.369594 62.505437
1874.788681 62.512650
1875.207768 58.334740
1875.626855 62.619605
1876.045941 59.867212
1876.465028 60.063407
1876.884115 62.853609
1877.303201 61.450454
1877.722288 54.050445
1878.141375 58.981145
1878.560461 59.264781
1878.979548 64.197740
1879.398635 56.942071
1879.817721 57.233479
1880.236808 64.253554
1880.655895 68.962028
1881.074982 64.937118
1881.494068 62.105898
1881.913155 66.986641
1882.332242 64.145352
1882.751328 66.328196
1883.170415 64.607123
1883.589502 65.179853
1884.008588 65.058535
1884.427675 62.543716
1884.846762 62.612600
1885.265849 63.338455
1885.684935 66.469716
1886.104022 68.579826
1886.523109 71.608894
1886.942195 69.264229
1887.361282 70.426881
1887.780369 65.023239
1888.199455 68.285082
1888.618542 70.678086
1889.037629 72.223600
1889.456715 70.867501
1889.875802 67.535292
1890.294889 65.748262
1890.713976 70.516609
1891.133062 71.073639
1891.552149 76.755050
1891.971236 73.608514
1892.390322 71.728034
1892.809409 71.837782
1893.228496 68.411850
1893.647582 77.303051
1894.066669 68.334551
1894.485756 69.727265
1894.904843 71.753794
1895.323929 68.596140
1895.743016 72.800687
1896.162103 77.525964
1896.581189 76.018936
1897.000276 79.007782
1897.419363 76.863172
1897.838449 79.513608
1898.257536 82.384200
1898.676623 85.988105
1899.095709 86.728043
1899.514796 86.289158
1899.933883 87.025426
1900.352970 85.866932
1900.772056 87.085172
1901.191143 85.966430
1901.610230 90.958594
1902.029316 92.357319
1902.448403 97.890993
1902.867490 96.915379
1903.286576 88.806445
1903.705663 96.777692
1904.124750 97.541348
1904.543836 101.352239
1904.962923 103.176074
1905.382010 103.251738
1905.801097 100.686166
1906.220183 99.965933
1906.639270 103.670827
1907.058357 102.614281
1907.477443 96.828056
1907.896530 100.674389
1908.315617 100.495295
1908.734703 97.479966
1909.153790 92.109721
1909.572877 92.858363
1909.991964 89.327609
1910.411050 91.094030
1910.830137 90.155990
1911.249224 88.699010
1911.668310 87.724246
1912.087397 84.311791
1912.506484 80.135708
1912.925570 81.837872
1913.344657 81.358313
1913.763744 79.978343
1914.182830 78.682460
1914.601917 77.139892
1915.021004 78.790943
1915.440091 78.636399
1915.859177 78.623555
1916.278264 80.640150
1916.697351 78.247553
1917.116437 79.784471
1917.535524 78.690948
1917.954611 76.084087
1918.373697 75.905355
1918.792784 77.656076
1919.211871 75.711285
1919.630958 78.912171
1920.050044 73.756578
1920.469131 70.662114
1920.888218 73.061454
1921.307304 71.082343
1921.726391 70.885253
1922.145478 70.994043
1922.564564 70.949031
1922.983651 71.221928
1923.402738 68.960998
1923.821824 67.969404
1924.240911 65.135192
1924.659998 62.150667
1925.079085 63.435387
1925.498171 65.693786
1925.917258 67.242735
1926.336345 67.378343
1926.755431 61.788042
1927.174518 62.000217
1927.593605 59.710119
1928.012691 60.499372
1928.431778 55.575035
1928.850865 58.283988
1929.269952 58.986514
1929.689038 57.523207
1930.108125 58.529652
1930.527212 59.234085
1930.946298 57.384517
1931.365385 55.069915
1931.784472 56.315813
1932.203558 55.239517
1932.622645 56.891924
1933.041732 56.460686
1933.460818 58.223103
1933.879905 55.105220
1934.298992 54.036634
1934.718079 57.604754
1935.137165 57.180549
1935.556252 60.054865
1935.975339 56.336132
1936.394425 59.008117
1936.813512 52.482560
1937.232599 53.509125
1937.651685 51.093876
1938.070772 49.820102
1938.489859 52.758268
1938.908945 53.228445
1939.328032 54.143517
1939.747119 52.103900
1940.166206 50.163863
1940.585292 50.646098
1941.004379 53.479143
1941.423466 50.510978
1941.842552 51.933059
1942.261639 50.735201
1942.680726 47.880707
1943.099812 51.396547
1943.518899 51.477353
1943.937986 46.675736
1944.357073 48.997352
1944.776159 47.585068
1945.195246 49.152239
1945.614333 49.698649
1946.033419 46.777638
1946.452506 45.367940
1946.871593 45.630451
1947.290679 48.756289
1947.709766 49.437068
1948.128853 47.283690
1948.547939 45.742514
1948.967026 46.575704
1949.386113 47.541248
1949.805200 45.471858
1950.224286 47.261192
1950.643373 47.478727
1951.062460 47.061355
1951.481546 47.557970
1951.900633 46.348082
1952.319720 46.305346
1952.738806 48.345478
1953.157893 47.324219
1953.576980 44.610376
1953.996067 42.752456
1954.415153 42.481566
1954.834240 42.354978
1955.253327 43.349356
1955.672413 47.760654
1956.091500 44.856610
1956.510587 42.719926
1956.929673 36.680445
1957.348760 37.485226
1957.767847 44.509974
1958.186933 45.635061
1958.606020 44.183640
1959.025107 47.111999
1959.444194 42.846251
1959.863280 41.477073
1960.282367 42.932354
1960.701454 45.290035
1961.120540 41.270981
1961.539627 41.319149
1961.958714 41.222199
1962.377800 44.515560
1962.796887 43.411787
1963.215974 43.599150
1963.635061 42.525801
1964.054147 41.381118
1964.473234 42.812971
1964.892321 43.627469
1965.311407 41.753423
1965.730494 40.511809
1966.149581 42.705265
1966.568667 42.441976
1966.987754 42.711538
1967.406841 41.159290
1967.825927 45.286528
1968.245014 43.103692
1968.664101 40.659827
1969.083188 39.199611
1969.502274 37.982230
1969.921361 38.478556
1970.340448 39.851512
1970.759534 42.437149
1971.178621 41.466299
1971.597708 42.166647
1972.016794 39.378479
1972.435881 37.527681
1972.854968 39.746418
1973.274055 41.006671
1973.693141 39.837917
1974.112228 42.139296
1974.531315 39.055679
1974.950401 42.290677
1975.369488 41.254766
1975.788575 40.821883
1976.207661 42.755376
1976.626748 40.358856
1977.045835 40.658589
1977.464921 38.288010
1977.884008 40.432286
1978.303095 37.630686
1978.722182 39.837267
1979.141268 39.636065
1979.560355 37.888101
1979.979442 39.729715
1980.398528 38.524011
1980.817615 38.187355
1981.236702 40.668902
1981.655788 39.993284
1982.074875 38.155764
1982.493962 40.630813
1982.913048 38.490532
1983.332135 38.861725
1983.751222 38.088950
1984.170309 39.217174
1984.589395 39.609961
1985.008482 36.732155
1985.427569 37.088372
1985.846655 37.580503
1986.265742 37.381760
1986.684829 39.942062
1987.103915 37.338609
1987.523002 36.198093
1987.942089 38.252108
1988.361176 38.658408
1988.780262 37.748759
1989.199349 39.069354
1989.618436 40.706657
1990.037522 40.714521
1990.456609 37.625110
1990.875696 37.400533
1991.294782 37.661979
1991.713869 38.259900
1992.132956 37.364812
1992.552042 40.146201
1992.971129 38.220626
1993.390216 41.435558
1993.809303 39.883102
1994.228389 39.955801
1994.647476 39.648122
1995.066563 40.345261
1995.485649 38.698965
1995.904736 40.845953
1996.323823 37.920423
1996.742909 38.580115
1997.161996 38.262937
1997.581083 39.261409
1998.000170 42.406915
1998.419256 41.745759
1998.838343 41.191946
1999.257430 40.440584
1999.676516 39.911411
2000.095603 41.002874
2000.514690 39.220147
2000.933776 40.867610
2001.352863 40.724039
2001.771950 39.708682
2002.191036 39.251548
2002.610123 34.799286
2003.029210 36.484982
2003.448297 38.675681
2003.867383 40.199991
2004.286470 38.909522
2004.705557 37.946048
2005.124643 39.854169
2005.543730 39.132652
2005.962817 39.684919
2006.381903 39.560474
2006.800990 37.830488
2007.220077 38.811081
2007.639164 39.229114
2008.058250 39.238695
2008.477337 38.616848
2008.896424 37.150802
2009.315510 36.806363
2009.734597 37.519845
2010.153684 34.752357
2010.572770 35.357464
2010.991857 37.024658
2011.410944 36.895621
2011.830030 40.412284
2012.249117 39.133059
2012.668204 37.854711
2013.087291 38.929859
2013.506377 39.791088
2013.925464 38.957690
2014.344551 38.436363
2014.763637 38.525440
2015.182724 40.818719
2015.601811 38.508980
2016.020897 39.473422
2016.439984 43.203155
2016.859071 42.149754
2017.278157 39.606589
2017.697244 40.799168
2018.116331 38.243196
2018.535418 38.722619
2018.954504 41.781778
2019.373591 42.172775
2019.792678 39.033696
2020.211764 39.335093
2020.630851 40.637466
2021.049938 40.331965
2021.469024 39.955891
2021.888111 38.817463
2022.307198 40.719004
2022.726285 40.848321
2023.145371 37.617562
2023.564458 37.530076
2023.983545 37.045004
2024.402631 39.985909
2024.821718 38.528187
2025.240805 38.161721
2025.659891 37.885588
2026.078978 37.198075
2026.498065 37.738275
2026.917151 40.073928
2027.336238 37.356985
2027.755325 34.848384
2028.174412 36.278167
2028.593498 40.533701
2029.012585 39.524662
2029.431672 37.053573
2029.850758 39.216215
2030.269845 38.496850
2030.688932 37.981850
2031.108018 40.471072
2031.527105 40.672482
2031.946192 38.045727
2032.365279 38.878700
2032.784365 38.706738
2033.203452 39.666164
2033.622539 38.471379
2034.041625 38.868767
2034.460712 39.464988
2034.879799 41.456754
2035.298885 41.443919
2035.717972 39.365951
2036.137059 39.976147
2036.556145 37.306241
2036.975232 38.055407
2037.394319 40.874316
2037.813406 39.422009
2038.232492 38.267655
2038.651579 36.955882
2039.070666 36.094238
2039.489752 39.490396
2039.908839 39.703611
2040.327926 39.161956
2040.747012 39.697546
2041.166099 38.989569
2041.585186 39.730293
2042.004273 38.867330
2042.423359 37.459421
2042.842446 38.689339
2043.261533 38.379057
2043.680619 41.379482
2044.099706 40.983992
2044.518793 40.291617
2044.937879 39.283192
2045.356966 38.915271
2045.776053 38.764279
2046.195139 38.835052
2046.614226 40.218150
2047.033313 41.141637
2047.452400 42.562182
2047.871486 39.662919
2048.290573 42.139097
2048.709660 41.367714
2049.128746 40.905590
2049.547833 40.180422
2049.966920 41.373444
2050.386006 40.969811
2050.805093 42.062684
2051.224180 42.717449
2051.643266 39.905482
2052.062353 40.053844
2052.481440 39.540670
2052.900527 42.491291
2053.319613 41.452135
2053.738700 41.032078
2054.157787 40.049876
2054.576873 41.248321
2054.995960 41.580937
2055.415047 42.553432
2055.834133 39.007538
2056.253220 39.454540
2056.672307 40.725087
2057.091394 39.513400
2057.510480 40.263551
2057.929567 41.749980
2058.348654 39.921779
2058.767740 41.783685
2059.186827 40.287341
2059.605914 41.574448
2060.025000 39.806978
2060.444087 40.044886
2060.863174 41.117052
2061.282260 41.660677
2061.701347 41.783875
2062.120434 43.065495
2062.539521 43.564017
2062.958607 43.789072
2063.377694 42.062666
2063.796781 42.270077
2064.215867 42.559443
2064.634954 41.666317
2065.054041 41.348967
2065.473127 41.805080
2065.892214 43.284774
2066.311301 41.362860
2066.730388 42.966213
2067.149474 44.177412
2067.568561 41.324400
2067.987648 40.583929
2068.406734 40.353532
2068.825821 41.300285
2069.244908 42.662331
2069.663994 43.850879
2070.083081 41.304036
2070.502168 41.671587
2070.921254 41.035332
2071.340341 40.101207
2071.759428 39.568645
2072.178515 40.306838
2072.597601 38.104334
2073.016688 38.849243
2073.435775 39.862973
2073.854861 40.845989
2074.273948 42.530935
2074.693035 43.324997
2075.112121 43.118154
2075.531208 40.918154
2075.950295 41.369657
2076.369382 40.916735
2076.788468 44.991486
2077.207555 41.641641
2077.626642 40.752664
2078.045728 41.625399
2078.464815 42.108501
2078.883902 41.046739
2079.302988 40.055579
2079.722075 42.158160
2080.141162 41.656944
2080.560248 41.351128
2080.979335 42.200280
2081.398422 43.204718
2081.817509 44.208749
2082.236595 42.086266
2082.655682 40.612537
2083.074769 40.296425
2083.493855 41.286853
2083.912942 41.242627
2084.332029 39.970715
2084.751115 41.372441
2085.170202 41.209174
2085.589289 40.207547
2086.008375 39.998689
2086.427462 42.672599
2086.846549 42.582248
2087.265636 40.430596
2087.684722 39.472798
2088.103809 40.433814
2088.522896 40.370669
2088.941982 38.482334
2089.361069 39.119826
2089.780156 39.404013
2090.199242 40.273223
2090.618329 40.612121
2091.037416 40.614010
2091.456503 39.300185
2091.875589 41.108872
2092.294676 41.674081
2092.713763 40.692340
2093.132849 39.003841
2093.551936 40.073738
2093.971023 38.247950
2094.390109 38.753089
2094.809196 39.015800
2095.228283 39.527573
2095.647369 39.165355
2096.066456 38.195146
2096.485543 39.395137
2096.904630 40.883780
2097.323716 39.735590
2097.742803 37.822534
2098.161890 37.168455
2098.580976 38.904723
2099.000063 39.824486
2099.419150 38.536629
2099.838236 38.297365
2100.257323 37.753469
2100.676410 37.168184
2101.095497 38.378488
2101.514583 38.555900
2101.933670 40.106928
2102.352757 41.022940
2102.771843 40.064338
2103.190930 40.118453
2103.610017 39.598617
2104.029103 37.440602
2104.448190 37.633046
2104.867277 38.664636
2105.286363 41.118805
2105.705450 37.863190
2106.124537 38.428110
2106.543624 38.358630
2106.962710 40.592633
2107.381797 40.294039
2107.800884 41.142523
2108.219970 40.281683
2108.639057 39.731279
2109.058144 39.237818
2109.477230 39.180151
2109.896317 37.486465
2110.315404 38.620970
2110.734491 39.339341
2111.153577 40.349275
2111.572664 36.434573
2111.991751 36.782799
2112.410837 38.632250
2112.829924 38.293759
2113.249011 38.698486
2113.668097 37.977738
2114.087184 37.135210
2114.506271 37.304208
2114.925357 39.325837
2115.344444 39.243061
2115.763531 39.432820
2116.182618 39.574592
2116.601704 38.672689
2117.020791 39.993203
2117.439878 38.038026
2117.858964 39.141574
2118.278051 39.562824
2118.697138 39.016396
2119.116224 38.522827
2119.535311 38.276359
2119.954398 39.032576
2120.373485 38.505102
2120.792571 37.870999
2121.211658 37.990003
2121.630745 37.784688
2122.049831 38.216839
2122.468918 39.528404
2122.888005 40.550603
2123.307091 39.820590
2123.726178 38.071298
2124.145265 39.640403
2124.564351 39.354156
2124.983438 38.739178
2125.402525 39.686248
2125.821612 40.483391
2126.240698 39.237203
2126.659785 38.159895
2127.078872 36.015583
2127.497958 36.685904
2127.917045 37.904153
2128.336132 36.402386
2128.755218 38.804203
2129.174305 35.337298
2129.593392 36.666299
2130.012478 40.096470
2130.431565 37.731984
2130.850652 38.470755
2131.269739 39.040168
2131.688825 37.425281
2132.107912 37.665820
2132.526999 36.278782
2132.946085 38.150305
2133.365172 38.628427
2133.784259 39.998961
2134.203345 40.014769
2134.622432 38.289655
2135.041519 37.910173
2135.460606 38.211687
2135.879692 38.435242
2136.298779 39.006309
2136.717866 37.544457
2137.136952 38.329923
2137.556039 38.050626
2137.975126 38.450192
2138.394212 39.571582
2138.813299 38.415330
2139.232386 36.657188
2139.651472 36.697284
2140.070559 38.275482
2140.489646 39.276802
2140.908733 39.085579
2141.327819 37.591874
2141.746906 37.834645
2142.165993 39.021856
2142.585079 40.026059
2143.004166 40.117838
2143.423253 38.491246
2143.842339 39.416948
2144.261426 40.304424
2144.680513 38.418764
2145.099600 38.170633
2145.518686 37.344023
2145.937773 37.567867
2146.356860 36.868215
2146.775946 38.383685
2147.195033 37.588403
2147.614120 36.291228
2148.033206 36.588277
2148.452293 36.000750
2148.871380 36.279152
2149.290466 35.880409
2149.709553 35.055941
2150.128640 35.853193
2150.547727 35.593122
2150.966813 37.306729
2151.385900 36.970480
2151.804987 37.644199
2152.224073 37.083681
2152.643160 36.551082
2153.062247 36.210584
2153.481333 36.686157
2153.900420 33.937913
2154.319507 36.653202
2154.738594 37.672762
2155.157680 36.869915
2155.576767 36.389027
2155.995854 36.518760
2156.414940 36.738826
2156.834027 37.002314
2157.253114 35.151905
2157.672200 36.941330
2158.091287 35.778750
2158.510374 35.549058
2158.929460 35.427152
2159.348547 37.056673
2159.767634 34.852976
2160.186721 37.266968
2160.605807 38.107516
2161.024894 36.150151
2161.443981 35.690143
2161.863067 36.641849
2162.282154 38.667935
2162.701241 36.364966
2163.120327 37.431717
2163.539414 37.414796
2163.958501 36.509441
2164.377587 37.421313
2164.796674 38.376861
2165.215761 37.005477
2165.634848 36.550775
2166.053934 35.843097
2166.473021 35.553785
2166.892108 37.327076
2167.311194 37.631572
2167.730281 38.385402
2168.149368 38.542387
2168.568454 37.096344
2168.987541 36.765499
2169.406628 35.989687
2169.825715 37.194324
2170.244801 36.838622
2170.663888 35.468505
2171.082975 36.741420
2171.502061 36.575189
2171.921148 37.309468
2172.340235 37.270213
2172.759321 36.972106
2173.178408 37.340977
2173.597495 37.673657
2174.016581 37.237710
2174.435668 35.772287
2174.854755 36.035875
2175.273842 37.190536
2175.692928 38.524409
2176.112015 38.284142
2176.531102 36.980268
2176.950188 36.940688
2177.369275 38.167045
2177.788362 37.326398
2178.207448 37.293361
2178.626535 38.319375
2179.045622 37.744349
2179.464709 38.786026
2179.883795 36.413965
2180.302882 36.720459
2180.721969 37.984227
2181.141055 36.400018
2181.560142 36.786008
2181.979229 36.672183
2182.398315 34.812392
2182.817402 34.628156
2183.236489 37.049632
2183.655575 37.828463
2184.074662 37.190600
2184.493749 37.943119
2184.912836 37.447254
2185.331922 38.103503
2185.751009 35.737334
2186.170096 35.954083
2186.589182 36.147250
2187.008269 35.259764
2187.427356 34.654070
2187.846442 36.338012
2188.265529 37.978334
2188.684616 35.871894
2189.103703 35.357437
2189.522789 35.329534
2189.941876 35.387418
2190.360963 35.505853
2190.780049 36.156451
2191.199136 35.475311
2191.618223 36.849740
2192.037309 37.421720
2192.456396 35.394875
2192.875483 37.191928
2193.294569 37.077706
2193.713656 34.878691
2194.132743 35.316663
2194.551830 36.443323
2194.970916 36.116726
2195.390003 36.654296
2195.809090 35.855886
2196.228176 36.343092
2196.647263 37.138546
2197.066350 36.619614
2197.485436 34.999033
2197.904523 35.337298
2198.323610 36.917513
2198.742696 37.873774
2199.161783 37.253329
2199.580870 36.243720
2199.999957 35.599566
2200.419043 35.992579
2200.838130 35.749681
2201.257217 36.469625
2201.676303 36.206517
2202.095390 36.507778
2202.514477 37.212473
2202.933563 36.729923
2203.352650 35.628110
2203.771737 35.197822
2204.190824 35.493352
2204.609910 35.869824
2205.028997 36.708347
2205.448084 35.851340
2205.867170 37.531712
2206.286257 37.962345
2206.705344 37.288869
2207.124430 37.292602
2207.543517 36.996439
2207.962604 38.230379
2208.381690 36.047110
2208.800777 36.313391
2209.219864 35.359841
2209.638951 36.350450
2210.058037 36.168364
2210.477124 35.459502
2210.896211 36.030876
2211.315297 37.097347
2211.734384 36.492520
2212.153471 37.236733
2212.572557 36.735210
2212.991644 36.331712
2213.410731 35.904813
2213.829818 36.028580
2214.248904 36.586541
2214.667991 37.129652
2215.087078 36.624170
2215.506164 35.204881
2215.925251 35.438668
2216.344338 35.621277
2216.763424 36.231536
2217.182511 35.833895
2217.601598 34.118127
2218.020684 34.036055
2218.439771 35.144493
2218.858858 34.674118
2219.277945 35.416559
2219.697031 36.019641
2220.116118 36.102779
2220.535205 34.837140
2220.954291 34.501261
2221.373378 35.659104
2221.792465 35.679794
2222.211551 37.129082
2222.630638 36.111294
2223.049725 36.112966
2223.468812 34.764586
2223.887898 36.370470
2224.306985 37.071867
2224.726072 35.826493
2225.145158 36.158494
2225.564245 36.736648
2225.983332 36.725349
2226.402418 36.410295
2226.821505 34.977286
2227.240592 35.162905
2227.659678 34.299019
2228.078765 34.905934
2228.497852 36.567153
2228.916939 36.777918
2229.336025 35.051259
2229.755112 36.937651
2230.174199 37.143960
2230.593285 37.678004
2231.012372 37.203326
2231.431459 35.670150
2231.850545 34.878348
2232.269632 33.860858
2232.688719 34.462891
2233.107806 36.127826
2233.526892 37.033018
2233.945979 37.089095
2234.365066 35.433823
2234.784152 36.163945
2235.203239 34.532445
2235.622326 34.708465
2236.041412 35.892114
2236.460499 36.618484
2236.879586 36.813603
2237.298672 36.651774
2237.717759 35.426348
2238.136846 35.917820
2238.555933 36.157518
2238.975019 36.328196
2239.394106 36.510616
2239.813193 35.567750
2240.232279 35.394848
2240.651366 34.650246
2241.070453 34.506070
2241.489539 35.288986
2241.908626 34.947331
2242.327713 35.116401
2242.746799 36.299209
2243.165886 36.592697
2243.584973 35.375207
2244.004060 33.895802
2244.423146 36.056953
2244.842233 34.525738
2245.261320 35.841054
2245.680406 35.820373
2246.099493 34.212727
2246.518580 36.406960
2246.937666 36.188693
2247.356753 37.772079
2247.775840 36.797189
2248.194927 36.447435
2248.614013 37.007710
2249.033100 37.655823
2249.452187 37.886311
2249.871273 35.903168
2250.290360 36.058725
2250.709447 36.699019
2251.128533 36.382709
2251.547620 34.947105
2251.966707 36.940534
2252.385793 36.642618
2252.804880 37.786849
2253.223967 36.631681
2253.643054 36.432585
2254.062140 35.610711
2254.481227 35.634474
2254.900314 35.396764
2255.319400 34.931423
2255.738487 36.108872
2256.157574 36.077471
2256.576660 36.502192
2256.995747 36.681014
2257.414834 36.763845
2257.833921 36.927365
2258.253007 36.528395
2258.672094 35.923803
2259.091181 35.615520
2259.510267 36.986505
2259.929354 37.462412
2260.348441 37.144674
2260.767527 36.123062
2261.186614 35.360799
2261.605701 36.586361
2262.024787 36.315325
2262.443874 35.929778
2262.862961 35.311972
2263.282048 36.149157
2263.701134 38.129046
2264.120221 38.931920
2264.539308 36.590401
2264.958394 35.968527
2265.377481 36.521770
2265.796568 36.106341
2266.215654 37.430063
2266.634741 37.010846
2267.053828 36.970154
2267.472915 36.626420
2267.892001 36.691797
2268.311088 37.064030
2268.730175 36.936476
2269.149261 37.238541
2269.568348 37.263967
2269.987435 38.070041
2270.406521 37.601473
2270.825608 38.256356
2271.244695 37.706928
2271.663781 36.765942
2272.082868 36.467239
2272.501955 36.193682
2272.921042 38.245167
2273.340128 37.733005
2273.759215 37.574475
2274.178302 37.109486
2274.597388 37.831961
2275.016475 37.746925
2275.435562 37.016134
2275.854648 37.050635
2276.273735 38.593248
2276.692822 36.923984
2277.111908 37.638089
2277.530995 38.181751
2277.950082 37.209436
2278.369169 35.670809
2278.788255 38.897718
2279.207342 38.789271
2279.626429 37.879776
2280.045515 36.621404
2280.464602 38.284937
2280.883689 37.297275
2281.302775 38.276558
2281.721862 38.011226
2282.140949 39.203118
2282.560036 37.263244
2282.979122 38.341402
2283.398209 38.107172
2283.817296 38.238704
2284.236382 38.172721
2284.655469 38.200850
2285.074556 38.818231
2285.493642 37.449342
2285.912729 38.226375
2286.331816 39.228147
2286.750902 38.546057
2287.169989 39.037176
2287.589076 38.439852
2288.008163 38.192932
2288.427249 38.124671
2288.846336 38.507669
2289.265423 37.258562
2289.684509 37.205722
2290.103596 37.758422
2290.522683 39.107814
2290.941769 39.794523
2291.360856 38.679658
2291.779943 38.443042
2292.199030 38.118543
2292.618116 39.401654
2293.037203 38.624956
2293.456290 39.593302
2293.875376 38.413404
2294.294463 38.790075
2294.713550 38.017851
2295.132636 39.197252
2295.551723 38.508329
2295.970810 38.223546
2296.389896 39.564180
2296.808983 39.608623
2297.228070 40.460984
2297.647157 40.630840
2298.066243 39.864925
2298.485330 41.213856
2298.904417 39.343653
2299.323503 38.432530
2299.742590 38.522140
2300.161677 39.447083
2300.580763 39.465838
2300.999850 40.081520
2301.418937 39.856881
2301.838024 38.795806
2302.257110 37.767560
2302.676197 38.092629
2303.095284 39.870005
2303.514370 39.469625
2303.933457 39.428861
2304.352544 39.153966
2304.771630 37.970416
2305.190717 40.692186
2305.609804 40.479685
2306.028890 39.078754
2306.447977 38.460487
2306.867064 38.920785
2307.286151 38.858020
2307.705237 39.580946
2308.124324 41.090080
2308.543411 38.893822
2308.962497 40.084657
2309.381584 39.866588
2309.800671 39.511113
2310.219757 39.306042
2310.638844 37.795698
2311.057931 40.847715
2311.477017 39.042545
2311.896104 39.304867
2312.315191 39.455986
2312.734278 38.547033
2313.153364 39.335436
2313.572451 38.311122
2313.991538 38.845103
2314.410624 39.504298
2314.829711 38.885253
2315.248798 40.841714
2315.667884 40.272292
2316.086971 40.951543
2316.506058 42.324454
2316.925145 41.691138
2317.344231 40.314087
2317.763318 39.811154
2318.182405 41.155249
2318.601491 40.191721
2319.020578 40.921842
2319.439665 39.966186
2319.858751 41.412392
2320.277838 42.073078
2320.696925 42.150251
2321.116011 41.635549
2321.535098 41.804998
2321.954185 40.936033
2322.373272 40.197099
2322.792358 41.045709
2323.211445 40.196565
2323.630532 41.872039
2324.049618 42.723478
2324.468705 42.217418
2324.887792 42.772441
2325.306878 42.595652
2325.725965 43.304705
2326.145052 43.550956
2326.564139 43.656790
2326.983225 43.961956
2327.402312 42.818041
2327.821399 42.520052
2328.240485 42.431997
2328.659572 42.355050
2329.078659 43.116862
2329.497745 40.983712
2329.916832 41.214453
2330.335919 41.325973
2330.755005 40.180621
2331.174092 40.639635
2331.593179 40.118055
2332.012266 41.128251
2332.431352 40.763682
2332.850439 40.156650
2333.269526 39.919275
2333.688612 40.254232
2334.107699 40.539459
2334.526786 39.626258
2334.945872 40.298350
2335.364959 40.714909
2335.784046 40.217671
2336.203133 40.598039
2336.622219 42.166593
2337.041306 42.265793
2337.460393 41.658878
2337.879479 41.004510
2338.298566 41.030985
2338.717653 40.468776
2339.136739 39.807728
2339.555826 40.015357
2339.974913 40.118498
2340.393999 39.225200
2340.813086 38.605613
2341.232173 38.868360
2341.651260 39.606327
2342.070346 38.289447
2342.489433 39.110309
2342.908520 39.492891
2343.327606 39.655688
2343.746693 38.758322
2344.165780 38.734894
2344.584866 39.251141
2345.003953 39.188078
2345.423040 39.425670
2345.842127 39.979545
2346.261213 40.187780
2346.680300 40.583848
2347.099387 39.522954
2347.518473 41.014552
2347.937560 40.024956
2348.356647 38.885570
2348.775733 38.104470
2349.194820 39.986812
2349.613907 40.288372
2350.032993 40.118127
2350.452080 39.196701
2350.871167 38.452343
2351.290254 38.880291
2351.709340 39.199403
2352.128427 39.990527
2352.547514 39.870240
2352.966600 38.895539
2353.385687 39.841443
2353.804774 39.867465
2354.223860 39.616387
2354.642947 39.489167
2355.062034 39.701695
2355.481120 39.989560
2355.900207 38.561477
2356.319294 39.442762
2356.738381 39.532933
2357.157467 39.364315
2357.576554 40.082903
2357.995641 39.723894
2358.414727 39.059945
2358.833814 39.175378
2359.252901 39.536693
2359.671987 39.902364
2360.091074 38.878167
2360.510161 38.872527
2360.929248 37.865657
2361.348334 38.522140
2361.767421 39.237303
2362.186508 39.741438
2362.605594 39.180639
2363.024681 39.210883
2363.443768 38.737795
2363.862854 39.646070
2364.281941 38.724264
2364.701028 37.799232
2365.120114 37.778343
2365.539201 39.130131
2365.958288 38.030587
2366.377375 38.823582
2366.796461 37.875799
2367.215548 39.341935
2367.634635 39.201970
2368.053721 38.810693
2368.472808 40.228364
2368.891895 38.916582
2369.310981 37.455100
2369.730068 36.783703
2370.149155 38.720712
2370.568242 38.104985
2370.987328 38.996800
2371.406415 39.299074
2371.825502 40.132092
2372.244588 39.089158
2372.663675 37.689538
2373.082762 38.646974
2373.501848 38.494735
2373.920935 37.722818
2374.340022 37.935961
2374.759108 39.300619
2375.178195 38.206336
2375.597282 38.651548
2376.016369 39.481321
2376.435455 39.503123
2376.854542 39.476892
2377.273629 38.734786
2377.692715 38.384553
2378.111802 38.513472
2378.530889 38.782112
2378.949975 37.929272
2379.369062 38.375586
2379.788149 39.216966
2380.207236 37.706051
2380.626322 37.395987
2381.045409 37.033778
2381.464496 37.300917
2381.883582 37.626493
2382.302669 38.673855
2382.721756 39.206029
2383.140842 39.682686
2383.559929 39.430804
2383.979016 37.985872
2384.398102 39.642374
2384.817189 38.578994
2385.236276 37.541239
2385.655363 38.058996
2386.074449 38.199783
2386.493536 39.025778
2386.912623 38.337307
2387.331709 38.963158
2387.750796 38.336828
2388.169883 38.819072
2388.588969 37.544945
2389.008056 38.560645
2389.427143 37.420265
2389.846229 38.962977
2390.265316 39.059773
2390.684403 38.539142
2391.103490 39.539856
2391.522576 38.065124
2391.941663 37.052208
2392.360750 37.723903
2392.779836 40.389280
2393.198923 39.594685
2393.618010 39.198933
2394.037096 38.591314
2394.456183 38.402567
2394.875270 38.206427
2395.294357 39.160835
2395.713443 39.925186
2396.132530 39.440087
2396.551617 37.531297
2396.970703 38.948687
2397.389790 39.312116
2397.808877 38.816044
2398.227963 39.062340
2398.647050 39.585213
2399.066137 39.247869
2399.485223 38.441949
2399.904310 39.667339
2400.323397 38.958792
2400.742484 38.109857
2401.161570 38.938121
2401.580657 39.339350
2401.999744 38.849098
2402.418830 38.874488
2402.837917 39.425598
2403.257004 38.709848
2403.676090 38.977602
2404.095177 38.521490
2404.514264 37.977394
2404.933351 38.455769
2405.352437 38.011154
2405.771524 38.634899
2406.190611 38.380612
2406.609697 38.832648
2407.028784 37.836019
2407.447871 36.960383
2407.866957 37.610919
2408.286044 38.012853
2408.705131 37.684123
2409.124217 38.154734
2409.543304 39.448294
2409.962391 39.030515
2410.381478 39.223672
2410.800564 38.007439
2411.219651 38.468649
2411.638738 38.218981
2412.057824 38.403634
2412.476911 37.176129
2412.895998 37.112993
2413.315084 37.989370
2413.734171 38.808144
2414.153258 39.043549
2414.572345 39.297266
2414.991431 40.356632
2415.410518 40.402775
2415.829605 39.503710
2416.248691 38.674118
2416.667778 38.457794
2417.086865 38.760926
2417.505951 38.528910
2417.925038 39.851051
2418.344125 39.281683
2418.763211 38.774357
2419.182298 39.714846
2419.601385 39.507624
2420.020472 40.525937
2420.439558 41.133131
2420.858645 41.163538
2421.277732 40.008731
2421.696818 39.422696
2422.115905 40.985303
2422.534992 41.903114
2422.954078 42.031654
2423.373165 41.436462
2423.792252 41.933439
2424.211338 41.665693
2424.630425 40.970977
2425.049512 40.249062
2425.468599 39.854314
2425.887685 39.054811
2426.306772 39.433913
2426.725859 40.150215
2427.144945 40.774845
2427.564032 39.990771
2427.983119 38.717964
2428.402205 38.076468
2428.821292 38.932345
2429.240379 38.149519
2429.659466 38.791675
2430.078552 38.891273
2430.497639 38.730022
2430.916726 38.258137
2431.335812 37.485190
2431.754899 38.736892
2432.173986 39.183061
2432.593072 39.366801
2433.012159 39.169684
2433.431246 38.200741
2433.850332 39.817002
2434.269419 39.863488
2434.688506 39.212365
2435.107593 37.690812
2435.526679 38.488128
2435.945766 37.974782
2436.364853 37.595372
2436.783939 39.569693
2437.203026 39.411524
2437.622113 39.670421
2438.041199 39.613811
2438.460286 39.553008
2438.879373 38.148136
2439.298460 38.528838
2439.717546 39.532210
2440.136633 39.739567
2440.555720 38.893849
2440.974806 38.327166
2441.393893 38.656257
2441.812980 39.403010
2442.232066 39.824007
2442.651153 39.472771
2443.070240 39.025317
2443.489326 39.359922
2443.908413 38.203055
2444.327500 38.781688
2444.746587 37.841569
2445.165673 38.660713
2445.584760 38.655805
2446.003847 38.039870
2446.422933 38.809229
2446.842020 37.747720
2447.261107 38.820202
2447.680193 38.126786
2448.099280 39.011669
2448.518367 39.306386
2448.937454 38.703665
2449.356540 39.029258
2449.775627 39.265730
2450.194714 40.123008
2450.613800 38.514701
2451.032887 37.469643
2451.451974 37.953550
2451.871060 39.778804
2452.290147 39.958413
2452.709234 39.533927
2453.128320 38.504678
2453.547407 37.805767
2453.966494 39.591476
2454.385581 39.821594
2454.804667 38.544864
2455.223754 37.932056
2455.642841 39.369865
2456.061927 40.047499
2456.481014 39.380024
2456.900101 39.694066
2457.319187 38.591458
2457.738274 39.058634
2458.157361 39.236101
2458.576448 40.298034
2458.995534 40.122990
2459.414621 39.310724
2459.833708 39.789578
2460.252794 40.600696
2460.671881 40.406011
2461.090968 39.849460
2461.510054 39.310164
2461.929141 39.625833
2462.348228 39.462946
2462.767314 39.969684
2463.186401 40.045049
2463.605488 40.552736
2464.024575 40.678185
2464.443661 40.701921
2464.862748 39.788015
2465.281835 40.554137
2465.700921 40.108591
2466.120008 40.416062
2466.539095 39.957129
2466.958181 40.233380
2467.377268 40.707064
2467.796355 40.167352
2468.215441 39.414028
2468.634528 39.212202
2469.053615 39.942170
2469.472702 41.839364
2469.891788 40.765806
2470.310875 39.479270
2470.729962 38.960935
2471.149048 39.875835
2471.568135 40.244109
2471.987222 39.738419
2472.406308 39.592914
2472.825395 40.115958
2473.244482 39.681782
2473.663569 39.562254
2474.082655 39.330727
2474.501742 39.543264
2474.920829 40.399937
2475.339915 40.595490
2475.759002 41.209382
2476.178089 39.321598
2476.597175 39.221078
2477.016262 39.837294
2477.435349 40.006083
2477.854435 39.854169
2478.273522 40.259303
2478.692609 39.905898
2479.111696 40.782573
2479.530782 40.877977
2479.949869 41.096425
2480.368956 38.398563
2480.788042 39.859683
2481.207129 39.464347
2481.626216 39.678528
2482.045302 39.853356
2482.464389 39.843973
2482.883476 39.661771
2483.302563 39.339133
2483.721649 38.486727
2484.140736 38.533366
2484.559823 39.072355
2484.978909 39.811190
2485.397996 38.941040
2485.817083 38.813920
2486.236169 39.588521
2486.655256 39.222561
2487.074343 41.102581
2487.493429 40.447218
2487.912516 40.324255
2488.331603 39.944954
2488.750690 40.643350
2489.169776 40.405758
2489.588863 39.381941
2490.007950 39.598283
2490.427036 38.848836
2490.846123 39.312731
2491.265210 39.863804
2491.684296 38.632377
2492.103383 38.940643
2492.522470 38.652858
2492.941557 39.044678
2493.360643 38.325928
2493.779730 39.608695
2494.198817 39.607855
2494.617903 40.246287
2495.036990 39.658173
2495.456077 39.363185
2495.875163 39.713545
2496.294250 39.562462
2496.713337 39.574348
2497.132423 39.399168
2497.551510 38.995426
2497.970597 40.111574
2498.389684 40.572802
2498.808770 40.255172
2499.227857 40.235694
2499.646944 40.555322
2500.066030 39.135834
2500.485117 39.932318
2500.904204 40.486419
2501.323290 40.075130
2501.742377 39.959100
2502.161464 40.025037
2502.580550 40.810286
2502.999637 40.029584
2503.418724 39.644624
2503.837811 39.641000
2504.256897 39.744656
2504.675984 39.081150
2505.095071 39.190103
2505.514157 39.739802
2505.933244 39.512885
2506.352331 38.556930
2506.771417 38.329778
2507.190504 39.449144
2507.609591 39.990934
2508.028678 39.051295
2508.447764 39.723324
2508.866851 39.995716
2509.285938 38.873801
2509.705024 39.355620
2510.124111 39.317784
2510.543198 39.132562
2510.962284 39.174032
2511.381371 38.579762
2511.800458 39.663389
2512.219544 39.322692
2512.638631 38.921209
2513.057718 38.667456
2513.476805 39.693036
2513.895891 39.376291
2514.314978 39.423076
2514.734065 38.220708
2515.153151 38.134777
2515.572238 39.001302
2515.991325 38.420247
2516.410411 38.203299
2516.829498 38.083156
2517.248585 38.476748
2517.667672 38.718968
2518.086758 38.890541
2518.505845 38.994387
2518.924932 38.851241
2519.344018 38.668595
2519.763105 38.428436
2520.182192 38.321472
2520.601278 39.451900
2521.020365 39.289267
2521.439452 38.736837
2521.858538 38.672120
2522.277625 38.493587
2522.696712 37.694563
2523.115799 37.413630
2523.534885 37.778506
2523.953972 37.174683
2524.373059 36.872228
2524.792145 37.041542
2525.211232 38.012953
2525.630319 38.332155
2526.049405 38.122140
2526.468492 37.199792
2526.887579 38.012663
2527.306666 38.313734
2527.725752 37.581769
2528.144839 37.037854
2528.563926 37.491879
2528.983012 37.342785
2529.402099 37.609400
2529.821186 38.657586
2530.240272 37.746482
2530.659359 37.955520
2531.078446 37.900493
2531.497532 37.743011
2531.916619 38.020247
2532.335706 38.583287
2532.754793 38.151236
2533.173879 37.491996
2533.592966 37.364785
2534.012053 36.636715
2534.431139 36.846333
2534.850226 37.061075
2535.269313 38.578162
2535.688399 38.435414
2536.107486 38.608994
2536.526573 38.367307
2536.945659 39.468242
2537.364746 38.562571
2537.783833 37.360962
2538.202920 36.512776
2538.622006 36.932372
2539.041093 36.241461
2539.460180 36.848728
2539.879266 37.790283
2540.298353 36.538681
2540.717440 36.500249
2541.136526 37.324518
2541.555613 38.618222
2541.974700 37.915271
2542.393787 37.245881
2542.812873 36.607493
2543.231960 35.751119
2543.651047 35.943689
2544.070133 36.758449
2544.489220 37.666326
2544.908307 37.608252
2545.327393 36.918688
2545.746480 35.040927
2546.165567 35.428698
2546.584653 36.397080
2547.003740 36.647706
2547.422827 36.279215
2547.841914 37.196601
2548.261000 37.878718
2548.680087 36.722610
2549.099174 36.650653
2549.518260 36.327012
2549.937347 36.954156
2550.356434 35.739422
2550.775520 36.179726
2551.194607 37.204863
2551.613694 37.108311
2552.032781 36.446568
2552.451867 36.692692
2552.870954 36.449776
2553.290041 36.860035
2553.709127 36.116762
2554.128214 36.354137
2554.547301 36.671713
2554.966387 36.361423
2555.385474 36.522186
2555.804561 36.862756
2556.223647 36.872780
2556.642734 36.201717
2557.061821 35.548317
2557.480908 35.671487
2557.899994 37.014453
2558.319081 36.554427
2558.738168 36.114873
2559.157254 36.080092
2559.576341 34.909070
2559.995428 35.388810
2560.414514 36.478881
2560.833601 35.646929
2561.252688 36.098766
2561.671775 35.608135
2562.090861 36.261427
2562.509948 36.451204
2562.929035 36.379997
2563.348121 36.338618
2563.767208 36.903231
2564.186295 36.254946
2564.605381 35.322728
2565.024468 36.261319
2565.443555 36.126940
2565.862641 36.277778
2566.281728 36.429719
2566.700815 35.679966
2567.119902 35.054341
2567.538988 34.897889
2567.958075 35.332128
2568.377162 35.130673
2568.796248 35.963565
2569.215335 35.024676
2569.634422 36.038415
2570.053508 35.638966
2570.472595 37.025941
2570.891682 36.323885
2571.310768 35.171591
2571.729855 34.803832
2572.148942 35.697663
2572.568029 34.980205
2572.987115 34.748416
2573.406202 34.651394
2573.825289 35.968771
2574.244375 35.653446
2574.663462 35.218529
2575.082549 34.010160
2575.501635 34.714575
2575.920722 35.222497
2576.339809 34.998165
2576.758896 35.460776
2577.177982 35.306829
2577.597069 35.285009
2578.016156 35.234085
2578.435242 35.351778
2578.854329 34.981109
2579.273416 36.016378
2579.692502 36.353306
2580.111589 35.763312
2580.530676 34.549672
2580.949762 34.491544
2581.368849 34.895955
2581.787936 34.705337
2582.207023 35.619090
2582.626109 34.892665
2583.045196 34.392652
2583.464283 34.542351
2583.883369 34.957717
2584.302456 34.407819
2584.721543 33.777973
2585.140629 33.331269
2585.559716 34.877860
2585.978803 35.608632
2586.397890 35.069580
2586.816976 34.851973
2587.236063 35.097148
2587.655150 36.373164
2588.074236 35.175198
2588.493323 34.191657
2588.912410 35.049776
2589.331496 35.385204
2589.750583 35.920875
2590.169670 35.516654
2590.588756 34.422488
2591.007843 34.434148
2591.426930 34.991874
2591.846017 34.696859
2592.265103 35.319167
2592.684190 34.552230
2593.103277 34.629584
2593.522363 34.513716
2593.941450 34.274678
2594.360537 34.147937
2594.779623 34.096805
2595.198710 34.806996
2595.617797 35.236092
2596.036884 34.672256
2596.455970 35.065205
2596.875057 34.716934
2597.294144 35.072988
2597.713230 34.750829
2598.132317 34.833018
2598.551404 34.254513
2598.970490 34.835260
2599.389577 34.666643
2599.808664 33.962263
2600.227750 34.590365
2600.646837 34.013269
2601.065924 34.210051
2601.485011 33.830072
2601.904097 34.174755
2602.323184 34.392615
2602.742271 34.910688
2603.161357 35.640602
2603.580444 34.291824
2603.999531 33.193935
2604.418617 33.650047
2604.837704 33.872979
2605.256791 34.316338
2605.675878 34.288643
2606.094964 35.715434
2606.514051 34.580621
2606.933138 34.278266
2607.352224 33.981633
2607.771311 35.043160
2608.190398 35.193176
2608.609484 34.674994
2609.028571 34.335355
2609.447658 34.419406
2609.866744 35.133439
2610.285831 34.658815
2610.704918 35.498685
2611.124005 35.028680
2611.543091 35.377295
2611.962178 34.880806
2612.381265 34.325241
2612.800351 34.534623
2613.219438 35.118172
2613.638525 34.970805
2614.057611 35.109775
2614.476698 35.370100
2614.895785 34.791594
2615.314871 34.772830
2615.733958 35.237610
2616.153045 35.699941
2616.572132 35.428617
2616.991218 35.779220
2617.410305 35.931577
2617.829392 35.121860
2618.248478 35.734487
2618.667565 35.528811
2619.086652 35.719275
2619.505738 35.310905
2619.924825 36.217761
2620.343912 35.623871
2620.762999 34.962200
2621.182085 34.437737
2621.601172 35.022262
2622.020259 35.134641
2622.439345 34.243241
2622.858432 34.849361
2623.277519 34.420997
2623.696605 34.722077
2624.115692 34.888363
2624.534779 34.267474
2624.953865 34.220500
2625.372952 35.206472
2625.792039 35.012898
2626.211126 34.258363
2626.630212 34.315334
2627.049299 34.665223
2627.468386 34.651114
2627.887472 34.000678
2628.306559 35.060605
2628.725646 34.958675
2629.144732 34.171763
2629.563819 34.334722
2629.982906 33.740236
2630.401993 34.144412
2630.821079 34.049234
2631.240166 33.328757
2631.659253 33.453934
2632.078339 33.981959
2632.497426 33.609825
2632.916513 33.523243
2633.335599 33.909459
2633.754686 33.724762
2634.173773 34.793411
2634.592859 35.011091
2635.011946 34.033624
2635.431033 32.389840
2635.850120 32.324138
2636.269206 32.801636
2636.688293 33.003236
2637.107380 32.897609
2637.526466 32.895449
2637.945553 33.495413
2638.364640 33.105292
2638.783726 32.483717
2639.202813 32.885534
2639.621900 32.402838
2640.040987 32.546012
2640.460073 31.738500
2640.879160 31.926696
2641.298247 32.517494
2641.717333 32.915904
2642.136420 32.851105
2642.555507 32.525747
2642.974593 32.367090
2643.393680 31.593908
2643.812767 31.722900
2644.231853 32.911185
2644.650940 32.003561
2645.070027 31.791775
2645.489114 31.566150
2645.908200 32.444208
2646.327287 31.995842
2646.746374 31.482930
2647.165460 32.243440
2647.584547 32.360428
2648.003634 31.928892
2648.422720 30.924734
2648.841807 30.736720
2649.260894 30.971266
2649.679980 31.129661
2650.099067 30.790934
2650.518154 31.412130
2650.937241 32.716817
2651.356327 32.034808
2651.775414 30.881873
2652.194501 31.196475
2652.613587 31.570660
2653.032674 31.924283
2653.451761 32.216333
2653.870847 31.390564
2654.289934 30.505265
2654.709021 30.635857
2655.128108 30.421151
2655.547194 30.689303
2655.966281 31.406011
2656.385368 31.544475
2656.804454 31.017137
2657.223541 31.067691
2657.642628 30.970913
2658.061714 31.173806
2658.480801 30.827451
2658.899888 31.999205
2659.318974 31.695792
2659.738061 31.815501
2660.157148 31.744005
2660.576235 31.748154
2660.995321 30.867013
2661.414408 30.966665
2661.833495 30.980259
2662.252581 31.463497
2662.671668 31.081150
2663.090755 30.741619
2663.509841 30.824197
2663.928928 31.392823
2664.348015 30.471849
2664.767102 31.120089
2665.186188 31.297166
2665.605275 31.544810
2666.024362 31.559506
2666.443448 30.746274
2666.862535 30.938464
2667.281622 30.911954
2667.700708 30.571799
2668.119795 32.066914
2668.538882 31.465088
2668.957968 31.207837
2669.377055 31.367506
2669.796142 31.071180
2670.215229 31.091183
2670.634315 31.237104
2671.053402 31.475618
2671.472489 31.250997
2671.891575 31.546446
2672.310662 32.529878
2672.729749 31.180314
2673.148835 31.105943
2673.567922 31.911854
2673.987009 31.215149
2674.406096 30.819433
2674.825182 31.625751
2675.244269 32.180784
2675.663356 32.470385
2676.082442 30.859475
2676.501529 31.743445
2676.920616 30.745289
2677.339702 30.160094
2677.758789 31.060080
2678.177876 32.038514
2678.596962 31.887495
2679.016049 32.146066
2679.435136 31.913364
2679.854223 31.680255
2680.273309 31.439192
2680.692396 31.717187
2681.111483 31.679179
2681.530569 32.026276
2681.949656 31.432928
2682.368743 30.735708
2682.787829 31.030397
2683.206916 31.040918
2683.626003 31.441759
2684.045089 32.147051
2684.464176 31.451313
2684.883263 31.448267
2685.302350 31.754852
2685.721436 31.022434
2686.140523 31.231129
2686.559610 31.187518
2686.978696 30.529805
2687.397783 30.321499
2687.816870 30.232494
2688.235956 31.792362
2688.655043 31.970552
2689.074130 31.618710
2689.493217 31.225914
2689.912303 31.316039
2690.331390 31.878899
2690.750477 32.200696
2691.169563 32.562995
2691.588650 31.691418
2692.007737 31.375514
2692.426823 31.660415
2692.845910 31.773860
2693.264997 31.621467
2693.684083 31.788223
2694.103170 31.977295
2694.522257 31.607339
2694.941344 31.429846
2695.360430 31.553740
2695.779517 32.010331
2696.198604 32.021594
2696.617690 32.252289
2697.036777 32.565553
2697.455864 32.424784
2697.874950 32.710019
2698.294037 31.756126
2698.713124 31.757690
2699.132211 32.190473
2699.551297 32.105518
2699.970384 31.980711
2700.389471 31.372531
2700.808557 32.427622
2701.227644 32.807059
2701.646731 32.831120
2702.065817 31.758820
2702.484904 32.045438
2702.903991 32.519347
2703.323077 32.893578
2703.742164 32.542035
2704.161251 32.812022
2704.580338 32.636272
2704.999424 32.656058
2705.418511 32.293659
2705.837598 33.519375
2706.256684 33.203028
2706.675771 32.869246
2707.094858 32.464130
2707.513944 31.953116
2707.933031 32.629385
2708.352118 32.768916
2708.771205 32.261653
2709.190291 31.662403
2709.609378 31.826086
2710.028465 32.935274
2710.447551 33.371826
2710.866638 33.249053
2711.285725 33.571826
2711.704811 33.738039
2712.123898 33.151851
2712.542985 33.499869
2712.962071 33.166403
2713.381158 33.786903
2713.800245 33.518805
2714.219332 34.117802
2714.638418 34.090866
2715.057505 34.152474
2715.476592 33.747946
2715.895678 33.898938
2716.314765 34.480806
2716.733852 34.340381
2717.152938 33.407990
2717.572025 34.279134
2717.991112 34.020771
2718.410199 33.648728
2718.829285 34.573670
2719.248372 34.056456
2719.667459 34.436028
2720.086545 34.072283
2720.505632 34.427107
2720.924719 35.357382
2721.343805 34.265585
2721.762892 34.171501
2722.181979 34.427288
2722.601065 34.763845
2723.020152 34.620464
2723.439239 34.664202
2723.858326 35.026845
2724.277412 35.136187
2724.696499 35.410910
2725.115586 35.058788
2725.534672 35.172287
2725.953759 34.796375
2726.372846 35.496769
2726.791932 36.291138
2727.211019 35.699363
2727.630106 34.909992
2728.049192 35.010584
2728.468279 34.627351
2728.887366 35.239743
2729.306453 35.796131
2729.725539 35.263425
2730.144626 36.039933
2730.563713 36.006942
2730.982799 36.183324
2731.401886 35.449514
2731.820973 36.137190
2732.240059 36.240973
2732.659146 36.585972
2733.078233 36.448140
2733.497320 36.796448
2733.916406 36.562110
2734.335493 36.986306
2734.754580 36.681258
2735.173666 36.218331
2735.592753 36.403055
2736.011840 36.417915
2736.430926 35.674832
2736.850013 36.249577
2737.269100 37.187662
2737.688186 37.080734
2738.107273 37.043015
2738.526360 37.633046
2738.945447 37.056591
2739.364533 36.950549
2739.783620 36.194369
2740.202707 37.771374
2740.621793 38.068812
2741.040880 37.058933
2741.459967 37.210964
2741.879053 37.489881
2742.298140 37.163520
2742.717227 37.566349
2743.136314 37.826194
2743.555400 37.873611
2743.974487 37.576743
2744.393574 37.316609
2744.812660 37.158738
2745.231747 37.757898
2745.650834 38.176563
2746.069920 37.967388
2746.489007 37.267917
2746.908094 37.356298
2747.327180 37.522891
2747.746267 38.127790
2748.165354 37.789877
2748.584441 37.731956
2749.003527 38.063389
2749.422614 38.906675
2749.841701 38.695964
2750.260787 37.639120
2750.679874 37.789904
2751.098961 38.594767
2751.518047 38.959913
2751.937134 38.930320
2752.356221 39.029746
2752.775308 39.349645
2753.194394 39.260532
2753.613481 38.835739
2754.032568 38.581850
2754.451654 38.450210
2754.870741 39.924472
2755.289828 38.946093
2755.708914 38.529362
2756.128001 39.270620
2756.547088 40.200018
2756.966174 40.238098
2757.385261 39.347593
2757.804348 39.295069
2758.223435 38.815601
2758.642521 39.196159
2759.061608 39.744421
2759.480695 40.713002
2759.899781 39.685027
2760.318868 39.688860
2760.737955 39.977222
2761.157041 41.321128
2761.576128 40.902102
2761.995215 40.807150
2762.414301 40.026854
2762.833388 40.832747
2763.252475 40.656736
2763.671562 40.437466
2764.090648 40.867293
2764.509735 42.538717
2764.928822 42.798518
2765.347908 42.715470
2765.766995 42.046938
2766.186082 41.947684
2766.605168 42.298097
2767.024255 42.045004
2767.443342 42.361359
2767.862429 42.621964
2768.281515 43.020563
2768.700602 43.522927
2769.119689 43.671090
2769.538775 45.022398
2769.957862 44.447155
2770.376949 44.445447
2770.796035 44.033823
2771.215122 43.941122
2771.634209 44.435884
2772.053295 44.728612
2772.472382 44.860297
2772.891469 45.536964
2773.310556 46.620979
2773.729642 47.191558
2774.148729 45.052768
2774.567816 46.561667
2774.986902 46.847236
2775.405989 47.204818
2775.825076 47.412031
2776.244162 47.613847
2776.663249 48.147142
2777.082336 48.421883
2777.501423 49.086718
2777.920509 49.428969
2778.339596 50.685317
2778.758683 51.326886
2779.177769 52.007791
2779.596856 51.574601
2780.015943 52.184652
2780.435029 52.886220
2780.854116 53.569594
2781.273203 53.922845
2781.692289 55.085181
2782.111376 55.462684
2782.530463 55.996809
2782.949550 55.253880
2783.368636 56.417544
2783.787723 57.585945
2784.206810 57.760582
2784.625896 58.877408
2785.044983 60.130131
2785.464070 60.249388
2785.883156 59.449731
2786.302243 59.835757
2786.721330 61.164351
2787.140417 62.345731
2787.559503 63.364821
2787.978590 62.702147
2788.397677 63.327790
2788.816763 64.323966
2789.235850 66.561170
2789.654937 67.053112
2790.074023 67.276296
2790.493110 66.034429
2790.912197 65.637402
2791.331283 66.182736
2791.750370 66.371067
2792.169457 68.354707
2792.588544 69.304171
2793.007630 69.310987
2793.426717 69.280526
2793.845804 71.230470
2794.264890 71.150920
2794.683977 71.858273
2795.103064 72.482026
2795.522150 72.287350
2795.941237 72.553948
2796.360324 72.199512
2796.779410 72.299435
2797.198497 72.481430
2797.617584 72.104569
2798.036671 70.788114
2798.455757 70.045664
2798.874844 69.913056
2799.293931 69.817770
2799.713017 69.929200
2800.132104 69.679441
2800.551191 69.489999
2800.970277 70.721056
2801.389364 70.392055
2801.808451 70.007692
2802.227538 69.072003
2802.646624 68.356497
2803.065711 67.963330
2803.484798 68.705111
2803.903884 67.369612
2804.322971 67.205893
2804.742058 67.301948
2805.161144 67.053473
2805.580231 66.909965
2805.999318 66.521327
2806.418404 66.670909
2806.837491 67.229520
2807.256578 66.612085
2807.675665 65.549690
2808.094751 63.878275
2808.513838 64.025733
2808.932925 64.087179
2809.352011 64.219822
2809.771098 64.445040
2810.190185 64.031111
2810.609271 62.901143
2811.028358 63.192995
2811.447445 62.883003
2811.866532 62.420726
2812.285618 61.274425
2812.704705 61.563963
2813.123792 61.344005
2813.542878 60.100556
2813.961965 59.645139
2814.381052 60.073268
2814.800138 59.429620
2815.219225 59.113517
2815.638312 59.129932
2816.057398 58.829530
2816.476485 59.758286
2816.895572 58.304885
2817.314659 58.218647
2817.733745 56.671695
2818.152832 56.065242
2818.571919 55.816324
2818.991005 55.339350
2819.410092 54.098242
2819.829179 53.800768
2820.248265 53.795255
2820.667352 53.229367
2821.086439 53.046794
2821.505526 52.424477
2821.924612 51.915217
2822.343699 51.510137
2822.762786 50.321517
2823.181872 50.058535
2823.600959 50.826547
2824.020046 50.418484
2824.439132 49.606372
2824.858219 48.560239
2825.277306 48.610150
2825.696392 48.795960
2826.115479 47.959714
2826.534566 47.777286
2826.953653 47.442509
2827.372739 47.697926
2827.791826 47.368816
2828.210913 47.502752
2828.629999 46.583703
2829.049086 45.886356
2829.468173 46.824314
2829.887259 46.214923
2830.306346 46.588593
2830.725433 46.521499
2831.144520 46.559769
2831.563606 45.676730
2831.982693 44.994676
2832.401780 44.270014
2832.820866 43.800072
2833.239953 44.021621
2833.659040 43.694780
2834.078126 43.419072
2834.497213 43.542378
2834.916300 43.521978
2835.335386 43.751616
2835.754473 43.258951
2836.173560 42.913933
2836.592647 42.691002
2837.011733 42.814643
2837.430820 42.247155
2837.849907 41.378795
2838.268993 41.395978
2838.688080 40.931369
2839.107167 40.542749
2839.526253 40.419045
2839.945340 40.808135
2840.364427 41.098215
2840.783513 40.976671
2841.202600 40.948778
2841.621687 40.355240
2842.040774 39.698405
2842.459860 39.211398
2842.878947 39.081629
2843.298034 39.507498
2843.717120 38.753658
2844.136207 38.423907
2844.555294 38.117946
2844.974380 38.083473
2845.393467 37.594161
2845.812554 36.941465
2846.231641 38.112180
2846.650727 38.252533
2847.069814 38.906440
2847.488901 37.796285
2847.907987 37.070231
2848.327074 39.142884
2848.746161 42.336539
2849.165247 44.481267
2849.584334 40.042997
2850.003421 39.075880
2850.422507 39.287549
2850.841594 38.147069
2851.260681 39.319420
2851.679768 41.012437
2852.098854 41.737958
2852.517941 42.637800
2852.937028 38.447164
2853.356114 37.000081
2853.775201 36.871081
2854.194288 36.075853
2854.613374 35.720170
2855.032461 35.743291
2855.451548 34.876269
2855.870635 34.591558
2856.289721 34.873440
2856.708808 35.008234
2857.127895 35.430876
2857.546981 35.239996
2857.966068 35.532499
2858.385155 35.135536
2858.804241 34.882406
2859.223328 35.191919
2859.642415 34.478013
2860.061501 33.705554
2860.480588 34.041253
2860.899675 33.600307
2861.318762 33.355864
2861.737848 33.091752
2862.156935 33.463497
2862.576022 33.098341
2862.995108 33.824757
2863.414195 32.797062
2863.833282 33.096235
2864.252368 33.048104
2864.671455 33.703177
2865.090542 33.090613
2865.509629 32.845682
2865.928715 32.925168
2866.347802 32.589940
2866.766889 32.712017
2867.185975 33.035170
2867.605062 33.145560
2868.024149 33.155891
2868.443235 33.044001
2868.862322 32.322222
2869.281409 31.580955
2869.700495 31.688643
2870.119582 32.083400
2870.538669 32.265386
2870.957756 32.485253
2871.376842 32.670231
2871.795929 33.090469
2872.215016 33.119158
2872.634102 31.854052
2873.053189 31.285579
2873.472276 32.507597
2873.891362 31.208777
2874.310449 30.895368
2874.729536 31.227884
2875.148622 31.564270
2875.567709 31.096145
2875.986796 31.074027
2876.405883 31.352944
2876.824969 30.963538
2877.244056 30.256510
2877.663143 30.509260
2878.082229 31.003796
2878.501316 31.137063
2878.920403 31.034808
2879.339489 29.957120
2879.758576 30.538410
2880.177663 30.968184
2880.596750 30.449894
2881.015836 30.682117
2881.434923 30.279740
2881.854010 30.656356
2882.273096 30.131342
2882.692183 30.380395
2883.111270 30.363258
2883.530356 30.318886
2883.949443 30.006707
2884.368530 29.954843
2884.787616 29.638071
2885.206703 29.762869
2885.625790 30.204293
2886.044877 29.984923
2886.463963 30.055010
2886.883050 29.776129
2887.302137 30.479559
2887.721223 30.344249
2888.140310 30.068477
2888.559397 30.588087
2888.978483 29.338049
2889.397570 30.037429
2889.816657 29.432106
2890.235744 29.275184
2890.654830 29.964722
2891.073917 29.777259
2891.493004 29.855037
2891.912090 30.170742
2892.331177 30.026773
2892.750264 29.314385
2893.169350 29.390518
2893.588437 29.710706
2894.007524 29.284982
2894.426610 29.367967
2894.845697 28.545894
2895.264784 28.646161
2895.683871 28.822534
2896.102957 28.845546
2896.522044 29.353902
2896.941131 28.940046
2897.360217 28.195734
2897.779304 28.860605
2898.198391 28.719646
2898.617477 28.676278
2899.036564 28.629656
2899.455651 29.342197
2899.874738 29.409382
2900.293824 29.670122
2900.712911 29.667836
2901.131998 29.843992
2901.551084 28.917305
2901.970171 29.093605
2902.389258 29.688191
2902.808344 30.042075
2903.227431 29.241623
2903.646518 28.493135
2904.065604 28.376174
2904.484691 28.758178
2904.903778 28.884928
2905.322865 29.180314
2905.741951 28.864627
2906.161038 29.493289
2906.580125 29.768292
2906.999211 29.296000
2907.418298 27.919420
2907.837385 28.990862
2908.256471 28.267637
2908.675558 27.921038
2909.094645 27.347386
2909.513731 28.041397
2909.932818 28.310733
2910.351905 28.158539
2910.770992 28.501433
2911.190078 27.909061
2911.609165 27.938817
2912.028252 27.271171
2912.447338 27.159642
2912.866425 28.292846
2913.285512 28.515813
2913.704598 28.365879
2914.123685 27.915985
2914.542772 28.287893
2914.961859 28.702445
2915.380945 29.229683
2915.800032 28.962905
2916.219119 28.451114
2916.638205 27.842048
2917.057292 28.135346
2917.476379 28.787951
2917.895465 28.175785
2918.314552 27.681005
2918.733639 27.766403
2919.152725 28.329154
2919.571812 27.493424
2919.990899 28.095874
2920.409986 27.762209
2920.829072 28.128350
2921.248159 27.974104
2921.667246 28.035387
2922.086332 29.710941
2922.505419 29.396267
2922.924506 28.752700
2923.343592 28.785891
2923.762679 28.346934
2924.181766 28.322339
2924.600853 28.132851
2925.019939 28.554011
2925.439026 28.122167
2925.858113 27.279116
2926.277199 27.925729
2926.696286 28.329037
2927.115373 29.089366
2927.534459 28.615755
2927.953546 28.221774
2928.372633 28.122737
2928.791719 27.634194
2929.210806 27.407620
2929.629893 27.601166
2930.048980 27.444706
2930.468066 28.131179
2930.887153 28.319971
2931.306240 28.310526
2931.725326 28.730420
2932.144413 27.251810
2932.563500 28.288778
2932.982586 29.119718
2933.401673 28.384318
2933.820760 28.385131
2934.239847 29.000045
2934.658933 28.414833
2935.078020 28.167994
2935.497107 28.116582
2935.916193 28.422552
2936.335280 28.683952
2936.754367 27.386831
2937.173453 26.971673
2937.592540 28.735879
2938.011627 28.180983
2938.430713 28.276676
2938.849800 28.568265
2939.268887 28.977539
2939.687974 28.925277
2940.107060 28.841000
2940.526147 29.155548
2940.945234 28.615538
2941.364320 28.553125
2941.783407 29.165192
2942.202494 28.183513
2942.621580 27.665585
2943.040667 28.078194
2943.459754 28.349013
2943.878840 28.982826
2944.297927 29.070728
2944.717014 28.202685
2945.136101 28.567903
2945.555187 29.235631
2945.974274 29.859909
2946.393361 29.678086
2946.812447 28.903430
2947.231534 28.372712
2947.650621 29.162706
2948.069707 29.254793
2948.488794 27.468016
2948.907881 28.470855
2949.326968 28.801039
2949.746054 29.612817
2950.165141 28.950088
2950.584228 28.473937
2951.003314 29.416722
2951.422401 30.019135
2951.841488 29.855841
2952.260574 29.039653
2952.679661 28.193664
2953.098748 28.358901
2953.517834 29.067447
2953.936921 29.489700
2954.356008 29.144900
2954.775095 28.687658
2955.194181 28.331062
2955.613268 28.187870
2956.032355 27.503756
2956.451441 28.263922
2956.870528 28.313689
2957.289615 29.414796
2957.708701 29.379139
2958.127788 28.648420
2958.546875 28.007150
2958.965962 28.312478
2959.385048 28.896398
2959.804135 28.794025
2960.223222 29.425941
2960.642308 29.492593
2961.061395 29.340778
2961.480482 29.413377
2961.899568 28.669201
2962.318655 27.781669
2962.737742 27.774023
2963.156828 28.064636
2963.575915 28.297465
2963.995002 27.303168
2964.414089 28.059131
2964.833175 29.093352
2965.252262 29.321544
2965.671349 28.812139
2966.090435 28.643178
2966.509522 28.744285
2966.928609 29.803426
2967.347695 29.139504
2967.766782 29.346409
2968.185869 29.012049
2968.604956 28.350603
2969.024042 28.620825
2969.443129 29.144602
2969.862216 29.019741
2970.281302 28.588919
2970.700389 28.007113
2971.119476 27.802377
2971.538562 27.810539
2971.957649 27.754228
2972.376736 28.834347
2972.795822 28.268731
2973.214909 27.433425
2973.633996 27.215655
2974.053083 28.086889
2974.472169 28.389777
2974.891256 29.199385
2975.310343 28.461355
2975.729429 28.738925
2976.148516 28.027234
2976.567603 28.144981
2976.986689 28.262295
2977.405776 27.918516
2977.824863 27.814462
2978.243950 28.035649
2978.663036 28.135933
2979.082123 27.587653
2979.501210 27.888082
2979.920296 27.333005
2980.339383 27.806417
2980.758470 27.921806
2981.177556 27.875690
2981.596643 27.863750
2982.015730 28.171646
2982.434816 28.373625
2982.853903 27.757319
2983.272990 28.233751
2983.692077 27.638469
2984.111163 27.797433
2984.530250 27.767913
2984.949337 27.811787
2985.368423 28.416514
2985.787510 28.358946
2986.206597 28.272445
2986.625683 27.576309
2987.044770 27.057875
2987.463857 27.065983
2987.882943 26.476450
2988.302030 27.105021
2988.721117 27.236553
2989.140204 27.289429
2989.559290 26.950856
2989.978377 27.334261
2990.397464 27.322204
2990.816550 26.798843
2991.235637 27.089664
2991.654724 27.702716
2992.073810 27.905410
2992.492897 27.957129
2992.911984 27.239978
2993.331071 26.714575
2993.750157 27.171429
2994.169244 27.170977
2994.588331 26.967180
2995.007417 26.446369
2995.426504 26.726723
2995.845591 27.747612
2996.264677 26.701053
2996.683764 26.231473
2997.102851 26.395146
2997.521937 25.667781
2997.941024 25.280454
2998.360111 26.471370
2998.779198 26.506720
2999.198284 26.943499
2999.617371 27.104271
3000.036458 27.309540
3000.455544 26.368274
3000.874631 26.403227
3001.293718 26.261662
3001.712804 26.475772
3002.131891 25.295783
3002.550978 25.131152
3002.970065 25.019017
3003.389151 25.806155
3003.808238 26.295268
3004.227325 25.484340
3004.646411 24.932906
3005.065498 25.248881
3005.484585 25.554201
3005.903671 25.773245
3006.322758 25.765228
3006.741845 25.114900
3007.160931 24.708862
3007.580018 25.725566
3007.999105 26.356551
3008.418192 26.601799
3008.837278 26.631509
3009.256365 24.406743
3009.675452 23.198997
3010.094538 23.654187
3010.513625 24.062196
3010.932712 24.742703
3011.351798 26.920694
3011.770885 28.019406
3012.189972 25.801717
3012.609059 24.103927
3013.028145 22.994396
3013.447232 23.363411
3013.866319 24.359036
3014.285405 25.278393
3014.704492 25.920495
3015.123579 26.491978
3015.542665 26.510724
3015.961752 26.325168
3016.380839 25.551580
3016.799925 25.637321
3017.219012 25.344394
3017.638099 24.691354
3018.057186 24.724138
3018.476272 24.380151
3018.895359 23.694328
3019.314446 23.697419
3019.733532 23.995670
3020.152619 24.772016
3020.571706 24.973137
3020.990792 24.162516
3021.409879 25.233696
3021.828966 24.674642
3022.248052 24.428734
3022.667139 23.427568
3023.086226 23.769413
3023.505313 24.363619
3023.924399 24.353984
3024.343486 24.970425
3024.762573 24.889628
3025.181659 25.888724
3025.600746 25.328395
3026.019833 24.150983
3026.438919 24.129561
3026.858006 24.856591
3027.277093 25.386568
3027.696180 25.563628
3028.115266 24.119980
3028.534353 23.750061
3028.953440 24.914647
3029.372526 24.995860
3029.791613 24.295792
3030.210700 24.703096
3030.629786 24.652316
3031.048873 24.910941
3031.467960 24.587843
3031.887046 24.693253
3032.306133 24.587698
3032.725220 23.569549
3033.144307 24.103385
3033.563393 24.756786
3033.982480 25.756668
3034.401567 25.224170
3034.820653 25.403905
3035.239740 24.540597
3035.658827 24.331179
3036.077913 23.988412
3036.497000 24.398644
3036.916087 24.437999
3037.335174 24.762896
3037.754260 24.736855
3038.173347 24.160799
3038.592434 23.546057
3039.011520 23.867104
3039.430607 23.711276
3039.849694 23.910679
3040.268780 24.240475
3040.687867 24.516310
3041.106954 24.644904
3041.526040 24.869300
3041.945127 24.912071
3042.364214 23.807213
3042.783301 23.999792
3043.202387 24.641876
3043.621474 24.171808
3044.040561 24.532255
3044.459647 24.458047
3044.878734 26.181001
3045.297821 24.606625
3045.716907 24.255281
3046.135994 24.306196
3046.555081 24.237945
3046.974168 23.970226
3047.393254 23.560980
3047.812341 23.236046
3048.231428 23.536440
3048.650514 23.924536
3049.069601 24.379554
3049.488688 24.075889
3049.907774 24.621241
3050.326861 24.661481
3050.745948 24.037673
3051.165034 23.826981
3051.584121 24.424558
3052.003208 24.556732
3052.422295 24.421151
3052.841381 24.571700
3053.260468 23.584309
3053.679555 23.765861
3054.098641 23.711357
3054.517728 23.040548
3054.936815 23.649885
3055.355901 24.391585
3055.774988 24.387147
3056.194075 24.744123
3056.613161 24.432630
3057.032248 22.809979
3057.451335 23.303945
3057.870422 23.719519
3058.289508 23.383079
3058.708595 24.005242
3059.127682 23.708989
3059.546768 23.588421
3059.965855 24.092141
3060.384942 25.063063
3060.804028 24.889990
3061.223115 25.145976
3061.642202 25.273259
3062.061289 25.179545
3062.480375 24.623239
3062.899462 23.856754
3063.318549 23.541646
3063.737635 23.825806
3064.156722 23.651575
3064.575809 23.626212
3064.994895 23.552881
3065.413982 24.143589
3065.833069 24.070782
3066.252155 23.591169
3066.671242 23.504506
3067.090329 24.378262
3067.509416 24.172640
3067.928502 23.753704
3068.347589 23.911854
3068.766676 23.983866
3069.185762 24.242012
3069.604849 23.986614
3070.023936 23.858092
3070.443022 23.725105
3070.862109 23.417978
3071.281196 23.481665
3071.700283 23.102599
3072.119369 23.594604
3072.538456 23.938021
3072.957543 23.111872
3073.376629 23.799801
3073.795716 24.320043
3074.214803 24.689700
3074.633889 24.150287
3075.052976 24.895096
3075.472063 25.108013
3075.891149 24.240466
3076.310236 23.533954
3076.729323 22.956072
3077.148410 23.128811
3077.567496 23.364659
3077.986583 24.079224
3078.405670 23.984960
3078.824756 24.198500
3079.243843 23.649180
3079.662930 24.798852
3080.082016 24.425543
3080.501103 23.969386
3080.920190 23.739097
3081.339277 24.012374
3081.758363 24.268586
3082.177450 24.367894
3082.596537 23.195363
3083.015623 24.088833
3083.434710 23.931920
3083.853797 24.356262
3084.272883 23.761613
3084.691970 23.806643
3085.111057 23.340408
3085.530143 23.049794
3085.949230 23.954607
3086.368317 24.826664
3086.787404 24.489999
3087.206490 24.841063
3087.625577 24.245926
3088.044664 23.760130
3088.463750 23.664455
3088.882837 24.166403
3089.301924 24.346717
3089.721010 25.516907
3090.140097 24.037176
3090.559184 23.407855
3090.978271 23.127021
3091.397357 23.579563
3091.816444 25.099688
3092.235531 24.900990
3092.654617 24.331125
3093.073704 24.471044
3093.492791 23.499815
3093.911877 23.036498
3094.330964 23.547801
3094.750051 23.734713
3095.169137 23.758783
3095.588224 23.930113
3096.007311 23.175261
3096.426398 23.085054
3096.845484 23.277019
3097.264571 23.791531
3097.683658 23.457297
3098.102744 22.800009
3098.521831 23.551896
3098.940918 24.886239
3099.360004 25.076269
3099.779091 24.960212
3100.198178 24.002721
3100.617264 23.798780
3101.036351 23.837845
3101.455438 23.847797
3101.874525 24.198256
3102.293611 23.985348
3102.712698 24.590609
3103.131785 25.530013
3103.550871 25.043359
3103.969958 24.354797
3104.389045 23.964089
3104.808131 23.909938
3105.227218 24.077390
3105.646305 23.806210
3106.065392 24.001401
3106.484478 24.663271
3106.903565 25.099968
3107.322652 25.897962
3107.741738 25.388259
3108.160825 25.618647
3108.579912 24.334135
3108.998998 24.854974
3109.418085 25.546436
3109.837172 25.951580
3110.256258 25.597551
3110.675345 25.178497
3111.094432 24.515533
3111.513519 24.496281
3111.932605 25.749862
3112.351692 25.380314
3112.770779 25.050020
3113.189865 24.854748
3113.608952 24.972631
3114.028039 24.864961
3114.447125 25.317278
3114.866212 25.258065
3115.285299 26.245167
3115.704386 26.150377
3116.123472 25.791124
3116.542559 25.325684
3116.961646 25.190708
3117.380732 25.837773
3117.799819 25.805432
3118.218906 25.382763
3118.637992 26.235188
3119.057079 26.604800
3119.476166 26.292728
3119.895252 26.503629
3120.314339 26.935382
3120.733426 27.502734
3121.152513 27.961396
3121.571599 26.215294
3121.990686 25.284123
3122.409773 25.616776
3122.828859 26.576300
3123.247946 26.706549
3123.667033 25.844272
3124.086119 25.162182
3124.505206 24.511592
3124.924293 25.255118
3125.343380 26.654856
3125.762466 26.232169
3126.181553 25.568410
3126.600640 25.836896
3127.019726 26.327772
3127.438813 26.579563
3127.857900 26.139865
3128.276986 26.249668
3128.696073 25.664555
3129.115160 26.060623
3129.534246 26.220482
3129.953333 26.681945
3130.372420 26.927555
3130.791507 26.843738
3131.210593 26.292195
3131.629680 26.988674
3132.048767 27.080463
3132.467853 25.722167
3132.886940 25.557708
3133.306027 26.383459
3133.725113 26.269273
3134.144200 26.956533
3134.563287 27.038613
3134.982373 26.459909
3135.401460 25.879640
3135.820547 25.367723
3136.239634 25.907109
3136.658720 26.418141
3137.077807 26.485949
3137.496894 25.319302
3137.915980 25.571501
3138.335067 26.410828
3138.754154 25.585421
3139.173240 25.496552
3139.592327 25.846902
3140.011414 26.288733
3140.430501 26.493876
3140.849587 25.591486
3141.268674 24.670620
3141.687761 24.686094
3142.106847 25.537841
3142.525934 25.244371
3142.945021 25.248520
3143.364107 24.558151
3143.783194 24.979898
3144.202281 24.671397
3144.621367 25.498513
3145.040454 25.051295
3145.459541 24.631753
3145.878628 24.535662
3146.297714 26.131947
3146.716801 25.271930
3147.135888 25.255019
3147.554974 25.156045
3147.974061 25.651801
3148.393148 25.653274
3148.812234 26.031247
3149.231321 25.789904
3149.650408 24.908293
3150.069495 24.374719
3150.488581 25.050228
3150.907668 25.886609
3151.326755 25.869228
3151.745841 25.652352
3152.164928 25.680020
3152.584015 25.719709
3153.003101 25.206915
3153.422188 25.296100
3153.841275 25.256908
3154.260361 24.989054
3154.679448 24.186288
3155.098535 24.321851
3155.517622 25.152230
3155.936708 25.797930
3156.355795 25.264003
3156.774882 24.610069
3157.193968 24.220934
3157.613055 24.677426
3158.032142 25.452343
3158.451228 24.981480
3158.870315 24.984625
3159.289402 24.845519
3159.708489 24.651638
3160.127575 24.550630
3160.546662 23.811859
3160.965749 23.852877
3161.384835 24.610937
3161.803922 24.784869
3162.223009 25.248023
3162.642095 25.304298
3163.061182 25.632133
3163.480269 24.881150
3163.899355 25.242410
3164.318442 25.701378
3164.737529 25.577720
3165.156616 25.357238
3165.575702 25.179853
3165.994789 25.042518
3166.413876 25.187834
3166.832962 25.658363
3167.252049 25.462467
3167.671136 24.958720
3168.090222 25.508627
3168.509309 24.857739
3168.928396 24.829394
3169.347482 25.260713
3169.766569 25.827776
3170.185656 25.390880
3170.604743 24.880219
3171.023829 24.814950
3171.442916 25.310354
3171.862003 26.268179
3172.281089 26.233199
3172.700176 26.112505
3173.119263 25.024350
3173.538349 25.103051
3173.957436 24.529814
3174.376523 24.988259
3174.795610 24.799738
3175.214696 25.225977
3175.633783 25.142279
3176.052870 25.641587
3176.471956 26.337253
3176.891043 25.955240
3177.310130 25.873485
3177.729216 25.335102
3178.148303 25.420292
3178.567390 25.457170
3178.986476 25.837095
3179.405563 24.888317
3179.824650 25.180196
3180.243737 25.228743
3180.662823 25.569250
3181.081910 25.852569
3181.500997 26.505563
3181.920083 26.538672
3182.339170 26.073675
3182.758257 25.250056
3183.177343 24.491011
3183.596430 25.223175
3184.015517 25.108338
3184.434604 24.575559
3184.853690 25.674009
3185.272777 26.323117
3185.691864 26.367226
3186.110950 26.215764
3186.530037 25.562354
3186.949124 25.865350
3187.368210 26.141194
3187.787297 25.721942
3188.206384 26.324020
3188.625470 27.126868
3189.044557 26.451873
3189.463644 26.326777
3189.882731 26.090559
3190.301817 26.314241
3190.720904 25.847571
3191.139991 25.296217
3191.559077 25.698450
3191.978164 25.635106
3192.397251 25.556008
3192.816337 25.682650
3193.235424 25.144927
3193.654511 26.060659
3194.073598 25.792371
3194.492684 25.677417
3194.911771 25.022651
3195.330858 25.132761
3195.749944 25.998581
3196.169031 26.107805
3196.588118 26.209861
3197.007204 25.666489
3197.426291 26.223320
3197.845378 25.247065
3198.264464 25.987029
3198.683551 25.351625
3199.102638 25.087359
3199.521725 26.045817
3199.940811 26.224730
3200.359898 26.360392
3200.778985 26.341312
3201.198071 25.611904
3201.617158 26.230226
3202.036245 26.308962
3202.455331 26.597704
3202.874418 26.697980
3203.293505 26.695259
3203.712592 27.079785
3204.131678 26.515081
3204.550765 26.107516
3204.969852 25.492177
3205.388938 25.798310
3205.808025 26.099074
3206.227112 26.338627
3206.646198 26.400334
3207.065285 25.454594
3207.484372 25.439933
3207.903458 25.327889
3208.322545 25.416902
3208.741632 25.911448
3209.160719 26.059791
3209.579805 26.062485
3209.998892 25.569937
3210.417979 25.627297
3210.837065 25.664636
3211.256152 25.504560
3211.675239 25.455588
3212.094325 25.130908
3212.513412 25.125882
3212.932499 25.591034
3213.351585 25.176861
3213.770672 25.105681
3214.189759 24.515976
3214.608846 24.740742
3215.027932 25.288851
3215.447019 24.860912
3215.866106 24.368229
3216.285192 24.359633
3216.704279 24.517106
3217.123366 24.502002
3217.542452 24.503557
3217.961539 24.917639
3218.380626 24.742035
3218.799713 24.525394
3219.218799 23.609084
3219.637886 24.841217
3220.056973 29.020229
3220.476059 31.465956
3220.895146 29.330113
3221.314233 27.288561
3221.733319 22.330031
3222.152406 22.280282
3222.571493 23.619198
3222.990579 25.422362
3223.409666 28.172622
3223.828753 26.903792
3224.247840 26.028481
3224.666926 24.800922
3225.086013 23.611172
3225.505100 23.680336
3225.924186 23.397523
3226.343273 23.128196
3226.762360 23.859493
3227.181446 25.016577
3227.600533 24.962742
3228.019620 24.520685
3228.438707 23.968057
3228.857793 24.256899
3229.276880 24.708392
3229.695967 23.925186
3230.115053 23.148633
3230.534140 24.249632
3230.953227 24.470963
3231.372313 24.627360
3231.791400 24.717305
3232.210487 24.158404
3232.629573 23.774466
3233.048660 23.372016
3233.467747 23.682469
3233.886834 23.486672
3234.305920 23.641795
3234.725007 23.747431
3235.144094 22.928296
3235.563180 22.993772
3235.982267 23.852705
3236.401354 23.989922
3236.820440 23.766756
3237.239527 22.817797
3237.658614 23.337795
3238.077701 23.757129
3238.496787 24.006173
3238.915874 23.917061
3239.334961 24.206318
3239.754047 24.083274
3240.173134 23.949754
3240.592221 23.140652
3241.011307 24.149998
3241.430394 24.095621
3241.849481 23.664401
3242.268567 23.962200
3242.687654 24.120423
3243.106741 24.385945
3243.525828 24.357310
3243.944914 24.043259
3244.364001 23.646649
3244.783088 24.027424
3245.202174 23.916844
3245.621261 23.966647
3246.040348 23.807348
3246.459434 23.755367
3246.878521 23.191531
3247.297608 23.220717
3247.716694 23.610684
3248.135781 23.787273
3248.554868 24.217797
3248.973955 24.137994
3249.393041 23.641795
3249.812128 24.034835
3250.231215 24.139567
3250.650301 23.712008
3251.069388 23.633046
3251.488475 23.483129
3251.907561 24.173806
3252.326648 25.835983
3252.745735 25.619650
3253.164822 24.420400
3253.583908 23.887341
3254.002995 24.067691
3254.422082 23.066408
3254.841168 22.347277
3255.260255 23.370199
3255.679342 23.906350
3256.098428 23.986876
3256.517515 23.971772
3256.936602 23.761848
3257.355688 23.665974
3257.774775 24.064744
3258.193862 23.688462
3258.612949 23.680915
3259.032035 23.688580
3259.451122 23.178217
3259.870209 23.952971
3260.289295 23.563890
3260.708382 23.457052
3261.127469 23.537027
3261.546555 22.978325
3261.965642 23.055778
3262.384729 23.294410
3262.803816 23.189253
3263.222902 22.931848
3263.641989 23.419325
3264.061076 22.962580
3264.480162 23.582320
3264.899249 22.922592
3265.318336 23.429557
3265.737422 22.953677
3266.156509 22.955999
3266.575596 22.930257
3266.994682 22.651702
3267.413769 22.977403
3267.832856 23.011868
3268.251943 22.993402
3268.671029 23.511963
3269.090116 23.125792
3269.509203 23.379943
3269.928289 23.685036
3270.347376 23.440503
3270.766463 23.261120
3271.185549 23.550549
3271.604636 23.773390
3272.023723 23.617083
3272.442810 23.333312
3272.861896 22.927509
3273.280983 23.083834
3273.700070 23.094943
3274.119156 23.538636
3274.538243 22.958494
3274.957330 22.950269
3275.376416 22.857360
3275.795503 22.627143
3276.214590 22.912767
3276.633676 22.681674
3277.052763 22.782736
3277.471850 22.729579
3277.890937 22.486971
3278.310023 22.665983
3278.729110 23.027306
3279.148197 22.690378
3279.567283 22.734207
3279.986370 22.846640
3280.405457 23.243314
3280.824543 22.797180
3281.243630 22.790437
3281.662717 22.538600
3282.081803 22.404248
3282.500890 22.377268
3282.919977 22.325394
3283.339064 22.441280
3283.758150 22.535536
3284.177237 22.629674
3284.596324 22.624820
3285.015410 22.730320
3285.434497 22.267754
3285.853584 22.563655
3286.272670 22.998906
3286.691757 22.788259
3287.110844 22.753423
3287.529931 22.546934
3287.949017 22.307308
3288.368104 22.133330
3288.787191 21.939576
3289.206277 22.275699
3289.625364 22.237854
3290.044451 23.164622
3290.463537 22.724274
3290.882624 23.090179
3291.301711 22.525476
3291.720797 22.274416
3292.139884 21.639382
3292.558971 21.692575
3292.978058 22.385511
3293.397144 22.915497
3293.816231 23.697555
3294.235318 23.588024
3294.654404 23.525738
3295.073491 22.571483
3295.492578 22.433000
3295.911664 22.291119
3296.330751 22.648059
3296.749838 22.790970
3297.168925 22.570208
3297.588011 22.784752
3298.007098 22.890405
3298.426185 22.927121
3298.845271 22.661997
3299.264358 22.543860
3299.683445 22.761965
3300.102531 23.132680
3300.521618 23.263407
3300.940705 23.545524
3301.359791 21.936747
3301.778878 21.834392
3302.197965 21.868622
3302.617052 22.119121
3303.036138 22.795698
3303.455225 22.405007
3303.874312 22.569928
3304.293398 22.824766
3304.712485 23.179193
3305.131572 22.986930
3305.550658 22.444181
3305.969745 22.168744
3306.388832 22.632413
3306.807919 22.052633
3307.227005 21.712568
3307.646092 21.573806
3308.065179 21.678040
3308.484265 22.725557
3308.903352 22.569106
3309.322439 22.712758
3309.741525 23.003245
3310.160612 22.693470
3310.579699 22.596339
3310.998785 22.821259
3311.417872 22.557645
3311.836959 22.082903
3312.256046 21.839427
3312.675132 21.884458
3313.094219 22.182266
3313.513306 22.221612
3313.932392 22.262042
3314.351479 22.153261
3314.770566 22.033552
3315.189652 21.996502
3315.608739 21.549148
3316.027826 21.705491
3316.446913 21.808533
3316.865999 21.847508
3317.285086 21.999882
3317.704173 21.706368
3318.123259 21.478601
3318.542346 21.801446
3318.961433 21.709821
3319.380519 21.919149
3319.799606 22.566810
3320.218693 21.772902
3320.637779 21.409961
3321.056866 21.372369
3321.475953 22.067673
3321.895040 22.678501
3322.314126 22.224784
3322.733213 22.535662
3323.152300 22.510526
3323.571386 21.877046
3323.990473 21.552140
3324.409560 21.341745
3324.828646 21.757328
3325.247733 22.034302
3325.666820 21.638993
3326.085906 21.422606
3326.504993 21.890595
3326.924080 22.429168
3327.343167 21.657450
3327.762253 21.335554
3328.181340 22.037972
3328.600427 22.187454
3329.019513 22.577295
3329.438600 22.039364
3329.857687 21.539983
3330.276773 22.155828
3330.695860 21.795797
3331.114947 22.141926
3331.534034 22.833037
3331.953120 22.688824
3332.372207 22.286148
3332.791294 22.263976
3333.210380 22.383459
3333.629467 22.178488
3334.048554 22.629584
3334.467640 23.051584
3334.886727 23.126117
3335.305814 22.834546
3335.724900 22.458354
3336.143987 22.390645
3336.563074 22.660541
3336.982161 22.839472
3337.401247 22.569991
3337.820334 22.482506
3338.239421 22.436372
3338.658507 22.904858
3339.077594 23.219876
3339.496681 22.813766
3339.915767 22.474316
3340.334854 22.552899
3340.753941 22.690857
3341.173028 22.830650
3341.592114 22.116808
3342.011201 22.177882
3342.430288 22.900258
3342.849374 23.003850
3343.268461 23.445402
3343.687548 23.316645
3344.106634 23.283256
3344.525721 23.142857
3344.944808 23.643485
3345.363894 23.417137
3345.782981 23.573282
3346.202068 23.620021
3346.621155 23.626267
3347.040241 22.782854
3347.459328 22.428725
3347.878415 22.027053
3348.297501 21.793131
3348.716588 22.316003
3349.135675 23.061942
3349.554761 22.611081
3349.973848 22.343662
3350.392935 21.566891
3350.812022 22.169856
3351.231108 22.836354
3351.650195 22.518588
3352.069282 22.098070
3352.488368 21.859077
3352.907455 21.510209
3353.326542 22.050219
3353.745628 21.782664
3354.164715 21.486700
3354.583802 21.949483
3355.002888 22.108139
3355.421975 21.951833
3355.841062 22.632313
3356.260149 21.772305
3356.679235 21.865025
3357.098322 22.085063
3357.517409 21.769666
3357.936495 21.844308
3358.355582 22.161188
3358.774669 22.001790
3359.193755 21.304180
3359.612842 21.530890
3360.031929 21.311746
3360.451015 21.083464
3360.870102 21.495738
3361.289189 21.834826
3361.708276 21.699101
3362.127362 21.277245
3362.546449 21.786207
3362.965536 21.399259
3363.384622 21.439147
3363.803709 21.491978
3364.222796 20.813142
3364.641882 21.057613
3365.060969 21.215411
3365.480056 21.224278
3365.899143 21.177033
3366.318229 21.374791
3366.737316 21.345352
3367.156403 21.569585
3367.575489 21.397975
3367.994576 20.724111
3368.413663 20.667619
3368.832749 21.083464
3369.251836 21.189877
3369.670923 21.104596
3370.090009 21.465025
3370.509096 21.210295
3370.928183 20.997650
3371.347270 21.030162
3371.766356 21.348208
3372.185443 20.939712
3372.604530 21.537633
3373.023616 21.773507
3373.442703 21.089303
3373.861790 21.140950
3374.280876 20.989063
3374.699963 21.167867
3375.119050 21.640837
3375.538137 21.324581
3375.957223 21.309441
3376.376310 21.483346
3376.795397 21.950124
3377.214483 21.784363
3377.633570 21.513698
3378.052657 21.325656
3378.471743 21.460912
3378.890830 20.973625
3379.309917 20.674335
3379.729003 20.950983
3380.148090 21.035504
3380.567177 20.964252
3380.986264 21.201573
3381.405350 21.064356
3381.824437 21.116681
3382.243524 21.270132
3382.662610 21.092376
3383.081697 21.179319
3383.500784 20.650888
3383.919870 20.981923
3384.338957 21.877254
3384.758044 21.699941
3385.177131 21.323415
3385.596217 21.044154
3386.015304 20.631075
3386.434391 20.830524
3386.853477 21.308257
3387.272564 20.848881
3387.691651 20.972784
3388.110737 21.013748
3388.529824 20.931197
3388.948911 20.505455
3389.367997 21.262611
3389.787084 21.353505
3390.206171 21.325051
3390.625258 21.388828
3391.044344 21.255516
3391.463431 21.431256
3391.882518 21.053392
3392.301604 21.308411
3392.720691 21.116175
3393.139778 21.487513
3393.558864 21.462096
3393.977951 21.130103
3394.397038 20.682524
3394.816124 20.664148
3395.235211 21.539793
3395.654298 21.719736
3396.073385 21.444163
3396.492471 21.080553
3396.911558 20.832883
3397.330645 20.904913
3397.749731 21.271912
3398.168818 21.558702
3398.587905 21.548823
3399.006991 21.673087
3399.426078 22.091535
3399.845165 21.658453
3400.264252 21.101568
3400.683338 21.607421
3401.102425 21.530239
3401.521512 21.617291
3401.940598 21.872915
3402.359685 22.495024
3402.778772 22.229873
3403.197858 22.246441
3403.616945 22.060677
3404.036032 22.199946
3404.455118 21.645185
3404.874205 21.771763
3405.293292 21.782790
3405.712379 21.714819
3406.131465 21.769666
3406.550552 20.912713
3406.969639 21.248845
3407.388725 21.840457
3407.807812 22.411777
3408.226899 22.833922
3408.645985 22.809310
3409.065072 22.806788
3409.484159 21.752773
3409.903246 21.728838
3410.322332 21.721318
3410.741419 21.915018
3411.160506 22.793085
3411.579592 22.324454
3411.998679 22.212907
3412.417766 21.829276
3412.836852 21.980775
3413.255939 22.147557
3413.675026 22.116916
3414.094112 22.204058
3414.513199 22.129832
3414.932286 22.568518
3415.351373 22.506521
3415.770459 21.975867
3416.189546 22.440403
3416.608633 23.357310
3417.027719 23.215194
3417.446806 23.212636
3417.865893 22.964821
3418.284979 22.820780
3418.704066 22.599946
3419.123153 23.009518
3419.542240 23.218322
3419.961326 23.542893
3420.380413 23.612573
3420.799500 24.248701
3421.218586 24.265233
3421.637673 24.173535
3422.056760 24.184697
3422.475846 24.453853
3422.894933 25.147196
3423.314020 24.786623
3423.733106 24.860840
3424.152193 24.683220
3424.571280 24.778470
3424.990367 25.191495
3425.409453 25.300511
3425.828540 24.689990
3426.247627 24.468640
3426.666713 24.090857
3427.085800 23.611705
3427.504887 23.897772
3427.923973 23.138202
3428.343060 22.467284
3428.762147 22.328142
3429.181233 22.746174
3429.600320 22.591079
3430.019407 22.705111
3430.438494 21.984878
3430.857580 21.593935
3431.276667 21.499281
3431.695754 21.316961
3432.114840 21.650752
3432.533927 21.709468
3432.953014 22.035278
3433.372100 21.938401
3433.791187 21.641388
3434.210274 21.212275
3434.629361 21.642509
3435.048447 21.809581
3435.467534 21.902662
3435.886621 21.787861
3436.305707 21.944104
3436.724794 21.763619
3437.143881 21.150070
3437.562967 21.150757
3437.982054 21.574610
3438.401141 21.493415
3438.820227 21.631825
3439.239314 21.646360
3439.658401 21.246251
3440.077488 21.071325
3440.496574 21.383667
3440.915661 21.279288
3441.334748 21.217174
3441.753834 20.677905
3442.172921 20.494283
3442.592008 21.344475
3443.011094 21.687730
3443.430181 21.864582
3443.849268 21.504379
3444.268355 21.383703
3444.687441 21.430216
3445.106528 21.511439
3445.525615 21.227378
3445.944701 20.707091
3446.363788 20.240159
3446.782875 21.046450
3447.201961 21.115117
3447.621048 21.679785
3448.040135 21.725186
3448.459221 21.354400
3448.878308 20.894364
3449.297395 20.245998
3449.716482 20.254187
3450.135568 20.097392
3450.554655 20.612356
3450.973742 20.806264
3451.392828 20.912207
3451.811915 20.787147
3452.231002 21.239409
3452.650088 21.312939
3453.069175 20.673539
3453.488262 20.674931
3453.907349 20.786478
3454.326435 20.807195
3454.745522 21.358982
3455.164609 21.345768
3455.583695 21.660541
3456.002782 21.064654
3456.421869 20.844127
3456.840955 20.708754
3457.260042 20.717178
3457.679129 19.952863
3458.098215 20.453880
3458.517302 20.751245
3458.936389 20.574628
3459.355476 20.786234
3459.774562 20.705825
3460.193649 20.733701
3460.612736 20.737334
3461.031822 20.590898
3461.450909 20.366620
3461.869996 20.273159
3462.289082 20.380946
3462.708169 20.922457
3463.127256 20.937244
3463.546343 20.918073
3463.965429 20.814227
3464.384516 20.809129
3464.803603 20.608352
3465.222689 20.624612
3465.641776 20.630632
3466.060863 20.408198
3466.479949 20.617978
3466.899036 20.885344
3467.318123 20.713508
3467.737209 20.573697
3468.156296 21.110083
3468.575383 21.132119
3468.994470 20.713834
3469.413556 20.954879
3469.832643 20.878230
3470.251730 20.866968
3470.670816 21.044227
3471.089903 20.950359
3471.508990 20.169982
3471.928076 20.188213
3472.347163 20.671017
3472.766250 20.926361
3473.185336 20.848059
3473.604423 20.971591
3474.023510 20.609590
3474.442597 20.395661
3474.861683 20.455010
3475.280770 20.503973
3475.699857 20.488688
3476.118943 20.494211
3476.538030 20.861581
3476.957117 20.478519
3477.376203 20.722023
3477.795290 21.106883
3478.214377 20.771004
3478.633464 20.605893
3479.052550 20.793465
3479.471637 20.784517
3479.890724 20.440638
3480.309810 20.204203
3480.728897 20.400886
3481.147984 20.901577
3481.567070 21.233886
3481.986157 21.270520
3482.405244 21.021612
3482.824330 20.621666
3483.243417 20.646143
3483.662504 20.613197
3484.081591 20.594568
3484.500677 20.302364
3484.919764 20.379690
3485.338851 20.645176
3485.757937 20.445167
3486.177024 20.713002
3486.596111 20.073006
3487.015197 20.656375
3487.434284 21.628499
3487.853371 21.397243
3488.272458 21.169603
3488.691544 21.064763
3489.110631 20.909215
3489.529718 20.385493
3489.948804 20.235251
3490.367891 20.804158
3490.786978 21.086537
3491.206064 20.421241
3491.625151 20.574791
3492.044238 20.285335
3492.463324 20.283274
3492.882411 20.709369
3493.301498 20.695277
3493.720585 20.158078
3494.139671 20.306106
3494.558758 20.567180
3494.977845 19.932318
3495.396931 20.927744
3495.816018 20.940299
3496.235105 20.639454
3496.654191 20.316780
3497.073278 19.918552
3497.492365 20.084485
3497.911452 19.732951
3498.330538 20.642102
3498.749625 20.665332
3499.168712 21.053609
3499.587798 20.598789
3500.006885 20.293587
3500.425972 19.965960
3500.845058 20.108682
3501.264145 20.242355
3501.683232 20.576282
3502.102318 20.464654
3502.521405 20.145225
3502.940492 20.087694
3503.359579 20.173869
3503.778665 19.844516
3504.197752 20.221756
3504.616839 20.218349
3505.035925 20.093225
3505.455012 19.806987
3505.874099 20.096443
3506.293185 20.239002
3506.712272 20.198816
3507.131359 19.792543
3507.550445 20.557382
3507.969532 20.412257
3508.388619 20.493460
3508.807706 20.883012
3509.226792 20.259095
3509.645879 20.852877
3510.064966 21.396357
3510.484052 19.884105
3510.903139 19.534198
3511.322226 19.785529
3511.741312 20.433922
3512.160399 20.450445
3512.579486 19.966484
3512.998573 19.905925
3513.417659 20.283916
3513.836746 20.227062
3514.255833 20.351272
3514.674919 19.415583
3515.094006 19.547738
3515.513093 20.048195
3515.932179 20.288580
3516.351266 20.253419
3516.770353 20.353478
3517.189439 20.040738
3517.608526 20.102065
3518.027613 19.450011
3518.446700 20.233742
3518.865786 20.151950
3519.284873 20.178678
3519.703960 20.180142
3520.123046 20.402287
3520.542133 20.629828
3520.961220 20.401781
3521.380306 20.306232
3521.799393 19.755520
3522.218480 19.877869
3522.637567 19.782465
3523.056653 19.932435
3523.475740 20.078465
3523.894827 20.187228
3524.313913 19.980178
3524.733000 19.875907
3525.152087 19.626773
3525.571173 19.384417
3525.990260 19.635947
3526.409347 19.859900
3526.828433 20.447453
3527.247520 20.437050
3527.666607 20.770172
3528.085694 20.194143
3528.504780 19.624721
3528.923867 19.735771
3529.342954 19.629078
3529.762040 19.628978
3530.181127 19.309784
3530.600214 19.389108
3531.019300 19.568518
3531.438387 19.701306
3531.857474 20.378379
3532.276561 19.943752
3532.695647 19.812238
3533.114734 20.256022
3533.533821 20.930854
3533.952907 20.443829
3534.371994 20.861518
3534.791081 19.958557
3535.210167 19.116609
3535.629254 19.266118
3536.048341 19.240249
3536.467427 19.169187
3536.886514 19.287151
3537.305601 19.590943
3537.724688 19.551534
3538.143774 19.601627
3538.562861 19.551887
3538.981948 20.218810
3539.401034 19.724599
3539.820121 19.249858
3540.239208 19.716193
3540.658294 19.996150
3541.077381 19.657278
3541.496468 19.341971
3541.915554 19.252732
3542.334641 18.784245
3542.753728 19.025778
3543.172815 18.595417
3543.591901 18.560763
3544.010988 18.848213
3544.430075 19.230334
3544.849161 19.492566
3545.268248 19.262548
3545.687335 19.391802
3546.106421 19.126560
3546.525508 19.468893
3546.944595 20.425950
3547.363682 20.664057
3547.782768 20.163366
3548.201855 19.922240
3548.620942 19.499327
3549.040028 19.926235
3549.459115 19.565336
3549.878202 18.416143
3550.297288 19.699281
3550.716375 19.542649
3551.135462 20.119935
3551.554548 20.068396
3551.973635 19.299914
3552.392722 19.275338
3552.811809 18.852723
3553.230895 19.333403
3553.649982 19.284024
3554.069069 19.143291
3554.488155 19.220409
3554.907242 19.564279
3555.326329 19.506160
3555.745415 19.410096
3556.164502 19.178831
3556.583589 19.346726
3557.002676 19.518597
3557.421762 19.631057
3557.840849 19.394640
3558.259936 19.311628
3558.679022 19.385909
3559.098109 19.455398
3559.517196 19.294129
3559.936282 19.131233
3560.355369 19.323306
3560.774456 19.464826
3561.193542 19.714204
3561.612629 19.744014
3562.031716 19.776102
3562.450803 19.273006
3562.869889 19.464528
3563.288976 19.598897
3563.708063 20.057016
3564.127149 19.257450
3564.546236 19.214354
3564.965323 18.873033
3565.384409 19.105455
3565.803496 19.522809
3566.222583 19.269219
3566.641670 19.385836
3567.060756 19.012754
3567.479843 18.925810
3567.898930 19.033733
3568.318016 18.626592
3568.737103 18.846983
3569.156190 18.870222
3569.575276 19.063488
3569.994363 18.840629
3570.413450 18.585665
3570.832536 18.451720
3571.251623 18.779220
3571.670710 18.610584
3572.089797 18.885082
3572.508883 18.698676
3572.927970 18.710987
3573.347057 19.073919
3573.766143 19.208804
3574.185230 18.621521
3574.604317 18.837294
3575.023403 18.882243
3575.442490 18.676549
3575.861577 19.008894
3576.280664 19.214290
3576.699750 19.544312
3577.118837 19.364948
3577.537924 18.869860
3577.957010 18.960157
3578.376097 19.045302
3578.795184 19.477299
3579.214270 19.428707
3579.633357 19.168979
3580.052444 19.092014
3580.471530 19.112062
3580.890617 19.156605
3581.309704 19.000597
3581.728791 19.138112
3582.147877 19.327301
3582.566964 19.944846
3582.986051 20.008460
3583.405137 19.888778
3583.824224 19.685335
3584.243311 19.480174
3584.662397 19.318299
3585.081484 19.748886
3585.500571 19.463362
3585.919657 18.789000
3586.338744 18.359823
3586.757831 18.228834
3587.176918 18.891617
3587.596004 19.066362
3588.015091 18.847264
3588.434178 19.059466
3588.853264 18.868107
3589.272351 18.591260
3589.691438 18.509622
3590.110524 18.669544
3590.529611 18.749663
3590.948698 19.157229
3591.367785 18.800696
3591.786871 18.582980
3592.205958 18.970037
3592.625045 18.989425
3593.044131 19.186541
3593.463218 19.560428
3593.882305 19.329615
3594.301391 18.962101
3594.720478 18.897591
3595.139565 19.017888
3595.558651 19.164885
3595.977738 19.652036
3596.396825 19.196610
3596.815912 19.166231
3597.234998 18.988647
3597.654085 18.598355
3598.073172 19.094382
3598.492258 19.642988
3598.911345 19.104840
3599.330432 19.615456
3599.749518 19.697257
3600.168605 19.561802
3600.587692 19.579771
3601.006779 19.455778
3601.425865 19.522330
3601.844952 19.038478
3602.264039 19.473196
3602.683125 19.271162
3603.102212 18.940245
3603.521299 19.073024
3603.940385 18.690875
3604.359472 18.751182
3604.778559 18.566231
3605.197645 18.725539
3605.616732 18.842925
3606.035819 18.482026
3606.454906 18.457685
3606.873992 18.810557
3607.293079 18.702590
3607.712166 18.562308
3608.131252 18.709477
3608.550339 18.668794
3608.969426 19.001645
3609.388512 19.359335
3609.807599 19.082180
3610.226686 18.689899
3610.645773 18.606643
3611.064859 18.492566
3611.483946 18.781624
3611.903033 18.675519
3612.322119 18.559516
3612.741206 18.737533
3613.160293 18.844507
3613.579379 19.220699
3613.998466 19.095530
3614.417553 19.121363
3614.836639 19.255896
3615.255726 19.005125
3615.674813 19.009897
3616.093900 18.919637
3616.512986 18.866968
3616.932073 18.651259
3617.351160 19.001446
3617.770246 19.002748
3618.189333 18.899995
3618.608420 18.967849
3619.027506 18.379446
3619.446593 18.383956
3619.865680 18.051521
3620.284766 18.407502
3620.703853 18.489230
3621.122940 18.683626
3621.542027 18.703503
3621.961113 18.681340
3622.380200 18.548787
3622.799287 18.721607
3623.218373 19.120667
3623.637460 19.181299
3624.056547 19.071930
3624.475633 18.868649
3624.894720 19.107290
3625.313807 18.649550
3625.732894 18.658490
3626.151980 18.595517
3626.571067 19.169431
3626.990154 19.273666
3627.409240 18.933484
3627.828327 18.563474
3628.247414 18.826990
3628.666500 18.416460
3629.085587 18.890812
3629.504674 18.762001
3629.923760 18.798707
3630.342847 18.583061
3630.761934 18.291282
3631.181021 18.332020
3631.600107 18.646667
3632.019194 18.332707
3632.438281 18.071777
3632.857367 17.943409
3633.276454 18.053491
3633.695541 18.373896
3634.114627 18.724933
3634.533714 18.464121
3634.952801 18.372531
3635.371888 18.233443
3635.790974 18.358883
3636.210061 18.425724
3636.629148 19.247408
3637.048234 19.433389
3637.467321 18.937524
3637.886408 19.094048
3638.305494 18.962263
3638.724581 18.789452
3639.143668 18.846052
3639.562754 18.713662
3639.981841 18.607439
3640.400928 18.197749
3640.820015 18.419822
3641.239101 18.309956
3641.658188 19.075808
3642.077275 19.059683
3642.496361 18.926117
3642.915448 18.755746
3643.334535 18.308754
3643.753621 18.617029
3644.172708 18.897546
3644.591795 18.589931
3645.010882 18.187563
3645.429968 18.195490
3645.849055 18.067031
3646.268142 17.977909
3646.687228 17.887676
3647.106315 18.267384
3647.525402 18.328838
3647.944488 18.262593
3648.363575 18.211054
3648.782662 18.032919
3649.201748 18.404086
3649.620835 18.251394
3650.039922 18.408397
3650.459009 18.564523
3650.878095 18.685949
3651.297182 18.591377
3651.716269 18.500981
3652.135355 18.822696
3652.554442 18.878303
3652.973529 18.849695
3653.392615 18.700249
3653.811702 18.536991
3654.230789 18.435043
3654.649875 18.576915
3655.068962 18.737018
3655.488049 18.754752
3655.907136 18.503575
3656.326222 18.046965
3656.745309 18.218285
3657.164396 18.424920
3657.583482 18.548678
3658.002569 18.696931
3658.421656 18.050969
3658.840742 17.968934
3659.259829 18.097781
3659.678916 18.749293
3660.098003 18.734460
3660.517089 18.292421
3660.936176 18.090342
3661.355263 17.985728
3661.774349 18.281746
3662.193436 18.335744
3662.612523 18.139124
3663.031609 17.897763
3663.450696 18.032901
3663.869783 18.135319
3664.288869 18.094075
3664.707956 18.129516
3665.127043 18.423257
3665.546130 18.133692
3665.965216 18.229267
3666.384303 18.335418
3666.803390 18.272979
3667.222476 18.464627
3667.641563 18.654196
3668.060650 18.426782
3668.479736 18.360058
3668.898823 18.361197
3669.317910 18.145026
3669.736997 18.198852
3670.156083 18.236516
3670.575170 18.399412
3670.994257 18.512424
3671.413343 18.410078
3671.832430 18.151417
3672.251517 18.410096
3672.670603 18.508004
3673.089690 18.513653
3673.508777 18.816107
3673.927863 18.270240
3674.346950 18.526425
3674.766037 18.556225
3675.185124 18.324066
3675.604210 18.202287
3676.023297 18.212727
3676.442384 18.101659
3676.861470 18.122999
3677.280557 17.813667
3677.699644 18.079206
3678.118730 18.388756
3678.537817 18.294428
3678.956904 18.402766
3679.375991 18.014354
3679.795077 18.113969
3680.214164 17.977873
3680.633251 17.847245
3681.052337 17.945759
3681.471424 17.994649
3681.890511 17.567750
3682.309597 17.818421
3682.728684 17.748280
3683.147771 17.989895
3683.566857 17.775098
3683.985944 17.554047
3684.405031 17.538021
3684.824118 17.400524
3685.243204 17.594586
3685.662291 17.596330
3686.081378 17.808478
3686.500464 17.589587
3686.919551 17.542975
3687.338638 17.784752
3687.757724 17.607502
3688.176811 17.207484
3688.595898 17.686004
3689.014985 17.762498
3689.434071 17.525738
3689.853158 17.164984
3690.272245 17.536358
3690.691331 17.722972
3691.110418 18.055453
3691.529505 18.385764
3691.948591 18.622687
3692.367678 18.215158
3692.786765 17.891870
3693.205851 17.628843
3693.624938 17.681575
3694.044025 17.888941
3694.463112 17.871858
3694.882198 17.733348
3695.301285 17.606182
3695.720372 17.428843
3696.139458 17.632051
3696.558545 18.325114
3696.977632 18.275491
3697.396718 18.057071
3697.815805 17.187508
3698.234892 17.459005
3698.653978 17.470773
3699.073065 18.098911
3699.492152 18.012401
3699.911239 19.043205
3700.330325 19.178876
3700.749412 19.538157
3701.168499 19.915479
3701.587585 19.691282
3702.006672 19.310770
3702.425759 19.483057
3702.844845 19.667781
3703.263932 19.427550
3703.683019 18.654739
3704.102106 18.223790
3704.521192 17.771383
3704.940279 17.571112
3705.359366 17.814814
3705.778452 17.841958
3706.197539 17.727094
3706.616626 18.032187
3707.035712 18.118380
3707.454799 18.111574
3707.873886 18.259629
3708.292972 18.006662
3708.712059 18.108474
3709.131146 17.805731
3709.550233 17.848077
3709.969319 17.004800
3710.388406 17.612446
3710.807493 17.419045
3711.226579 17.359877
3711.645666 17.042844
3712.064753 17.013856
3712.483839 17.385999
3712.902926 17.925241
3713.322013 17.502508
3713.741100 18.142053
3714.160186 18.129344
3714.579273 18.154291
3714.998360 17.962797
3715.417446 18.195698
3715.836533 18.006526
3716.255620 17.557807
3716.674706 17.189813
3717.093793 17.223600
3717.512880 17.568780
3717.931966 17.472572
3718.351053 17.839653
3718.770140 18.088317
3719.189227 18.615818
3719.608313 18.481032
3720.027400 18.170290
3720.446487 18.593528
3720.865573 18.339233
3721.284660 17.902897
3721.703747 19.160428
3722.122833 18.803371
3722.541920 20.091924
3722.961007 20.821747
3723.380094 21.847345
3723.799180 22.717919
3724.218267 23.460062
3724.637354 24.355773
3725.056440 25.170272
3725.475527 26.116292
3725.894614 27.406246
3726.313700 28.074859
3726.732787 28.790961
3727.151874 28.676956
3727.570960 28.395381
3727.990047 28.161423
3728.409134 27.896452
3728.828221 27.069029
3729.247307 26.812555
3729.666394 26.187969
3730.085481 25.094093
3730.504567 23.795354
3730.923654 22.803670
3731.342741 21.532508
3731.761827 20.916753
3732.180914 20.514964
3732.600001 19.355168
3733.019087 19.348470
3733.438174 18.889149
3733.857261 18.126551
3734.276348 18.544484
3734.695434 17.557699
3735.114521 17.110462
3735.533608 16.952375
3735.952694 16.685759
3736.371781 16.947060
3736.790868 17.596168
3737.209954 17.207240
3737.629041 17.255787
3738.048128 17.053464
3738.467215 16.654151
3738.886301 16.628129
3739.305388 18.747340
3739.724475 19.647562
3740.143561 18.594468
3740.562648 18.004239
3740.981735 17.196936
3741.400821 17.360510
3741.819908 17.427776
3742.238995 17.172775
3742.658081 16.832151
3743.077168 16.882478
3743.496255 16.462431
3743.915342 16.800072
3744.334428 16.939332
3744.753515 16.909251
3745.172602 17.241361
3745.591688 17.503882
3746.010775 17.173010
3746.429862 17.630307
3746.848948 17.674325
3747.268035 17.368202
3747.687122 16.844805
3748.106209 17.119691
3748.525295 16.351498
3748.944382 16.837836
3749.363469 16.461174
3749.782555 17.126117
3750.201642 16.833199
3750.620729 15.888534
3751.039815 16.545270
3751.458902 17.616441
3751.877989 18.126352
3752.297075 19.335165
3752.716162 19.054856
3753.135249 17.889944
3753.554336 17.335283
3753.973422 17.107163
3754.392509 17.108691
3754.811596 17.227767
3755.230682 17.363963
3755.649769 17.605938
3756.068856 17.531658
3756.487942 17.262150
3756.907029 17.457658
3757.326116 17.526126
3757.745203 17.488082
3758.164289 17.227026
3758.583376 17.024775
3759.002463 16.812238
3759.421549 17.278321
3759.840636 17.129606
3760.259723 17.269309
3760.678809 17.443856
3761.097896 17.857595
3761.516983 17.491716
3761.936069 17.232675
3762.355156 16.696272
3762.774243 16.726108
3763.193330 16.851937
3763.612416 17.931197
3764.031503 16.954372
3764.450590 16.588765
3764.869676 17.262702
3765.288763 17.404917
3765.707850 17.886754
3766.126936 18.651087
3766.546023 18.716157
3766.965110 18.934668
3767.384196 18.965490
3767.803283 17.447788
3768.222370 16.385276
3768.641457 15.944728
3769.060543 15.720703
3769.479630 16.029295
3769.898717 16.342450
3770.317803 16.722059
3770.736890 16.158865
3771.155977 16.177783
3771.575063 16.401781
3771.994150 16.003977
3772.413237 16.049785
3772.832324 16.290595
3773.251410 16.342640
3773.670497 15.866670
3774.089584 16.216098
3774.508670 16.062530
3774.927757 16.255941
3775.346844 16.310119
3775.765930 16.531622
3776.185017 16.483012
3776.604104 16.728802
3777.023190 16.712162
3777.442277 16.603724
3777.861364 17.050047
3778.280451 17.074723
3778.699537 17.353017
3779.118624 17.564134
3779.537711 17.215013
3779.956797 17.015040
3780.375884 17.216441
3780.794971 16.973598
3781.214057 17.081782
3781.633144 17.553478
3782.052231 17.993772
3782.471318 18.232196
3782.890404 18.807972
3783.309491 18.755557
3783.728578 18.047670
3784.147664 17.482280
3784.566751 16.656591
3784.985838 16.839400
3785.404924 16.467275
3785.824011 16.193049
3786.243098 16.679975
3786.662184 16.370272
3787.081271 16.219677
3787.500358 16.299101
3787.919445 16.044706
3788.338531 16.437402
3788.757618 16.592887
3789.176705 16.462223
3789.595791 16.168274
3790.014878 16.020861
3790.433965 16.259547
3790.853051 16.191368
3791.272138 16.128702
3791.691225 16.130393
3792.110312 16.112686
3792.529398 15.788611
3792.948485 15.973715
3793.367572 16.023989
3793.786658 16.049460
3794.205745 15.884142
3794.624832 15.596204
3795.043918 15.378660
3795.463005 15.539938
3795.882092 15.412853
3796.301178 15.603570
3796.720265 16.278266
3797.139352 16.537389
3797.558439 16.747340
3797.977525 16.036128
3798.396612 15.913210
3798.815699 15.596520
3799.234785 15.532680
3799.653872 15.162688
3800.072959 15.338428
3800.492045 15.881457
3800.911132 16.440051
3801.330219 16.760302
3801.749305 17.093126
3802.168392 17.191684
3802.587479 16.574655
3803.006566 16.875980
3803.425652 16.673060
3803.844739 16.375921
3804.263826 16.137398
3804.682912 16.352953
3805.101999 16.113165
3805.521086 15.955195
3805.940172 15.726732
3806.359259 15.676802
3806.778346 15.760492
3807.197433 16.385674
3807.616519 15.845393
3808.035606 15.996412
3808.454693 16.235296
3808.873779 16.678131
3809.292866 16.703105
3809.711953 16.540579
3810.131039 16.361016
3810.550126 16.290369
3810.969213 16.000371
3811.388299 15.890405
3811.807386 15.904009
3812.226473 15.731523
3812.645560 15.856564
3813.064646 15.998030
3813.483733 16.214462
3813.902820 15.941628
3814.321906 16.339314
3814.740993 15.933728
3815.160080 15.636751
3815.579166 15.809229
3815.998253 15.968491
3816.417340 15.701541
3816.836427 15.849577
3817.255513 15.947503
3817.674600 16.396177
3818.093687 16.593393
3818.512773 16.645899
3818.931860 16.606345
3819.350947 16.403218
3819.770033 16.410937
3820.189120 15.912288
3820.608207 15.674597
3821.027293 15.675103
3821.446380 15.924346
3821.865467 16.021485
3822.284554 16.432404
3822.703640 16.433895
3823.122727 16.299661
3823.541814 15.895901
3823.960900 15.244001
3824.379987 15.447688
3824.799074 15.601573
3825.218160 15.035649
3825.637247 14.823989
3826.056334 14.823591
3826.475421 14.869716
3826.894507 14.962363
3827.313594 15.299688
3827.732681 15.378307
3828.151767 15.718344
3828.570854 15.262385
3828.989941 15.421322
3829.409027 15.060876
3829.828114 14.865251
3830.247201 14.783251
3830.666287 14.760971
3831.085374 14.632178
3831.504461 15.088941
3831.923548 15.104723
3832.342634 14.920224
3832.761721 15.360157
3833.180808 15.186550
3833.599894 15.327762
3834.018981 14.974755
3834.438068 14.394902
3834.857154 14.733267
3835.276241 15.051665
3835.695328 14.965120
3836.114415 14.977231
3836.533501 14.850282
3836.952588 14.731107
3837.371675 14.724608
3837.790761 14.818385
3838.209848 14.736575
3838.628935 14.654296
3839.048021 14.906323
3839.467108 14.914349
3839.886195 15.135057
3840.305281 15.243494
3840.724368 15.319944
3841.143455 15.336159
3841.562542 15.599873
3841.981628 15.502273
3842.400715 15.658526
3842.819802 15.702454
3843.238888 15.838152
3843.657975 15.493054
3844.077062 14.993004
3844.496148 15.563095
3844.915235 15.992091
3845.334322 16.501143
3845.753408 17.142740
3846.172495 17.072762
3846.591582 16.037502
3847.010669 15.675862
3847.429755 16.013694
3847.848842 16.367885
3848.267929 16.043386
3848.687015 16.429114
3849.106102 16.903249
3849.525189 17.116410
3849.944275 16.833335
3850.363362 16.650608
3850.782449 16.280273
3851.201536 16.247923
3851.620622 16.435459
3852.039709 16.534099
3852.458796 16.230614
3852.877882 16.406038
3853.296969 16.425489
3853.716056 16.782420
3854.135142 17.165436
3854.554229 16.925882
3854.973316 16.640132
3855.392402 16.689619
3855.811489 16.712903
3856.230576 16.705401
3856.649663 16.399241
3857.068749 16.361025
3857.487836 16.412934
3857.906923 16.738121
3858.326009 16.864500
3858.745096 17.045944
3859.164183 17.377033
3859.583269 17.547720
3860.002356 17.036607
3860.421443 17.047978
3860.840530 17.491373
3861.259616 17.487875
3861.678703 17.609979
3862.097790 18.141917
3862.516876 18.275320
3862.935963 18.736702
3863.355050 18.249749
3863.774136 18.404537
3864.193223 18.429602
3864.612310 18.274714
3865.031396 18.751498
3865.450483 19.373191
3865.869570 20.073521
3866.288657 20.496534
3866.707743 20.757527
3867.126830 20.885994
3867.545917 20.966078
3867.965003 21.745994
3868.384090 21.089538
3868.803177 21.047761
3869.222263 20.691436
3869.641350 20.226402
3870.060437 19.733791
3870.479524 19.262449
3870.898610 19.326895
3871.317697 18.628761
3871.736784 18.474741
3872.155870 17.757708
3872.574957 17.331387
3872.994044 17.512803
3873.413130 17.434772
3873.832217 17.230849
3874.251304 16.656131
3874.670390 16.622895
3875.089477 16.458255
3875.508564 16.468559
3875.927651 16.701613
3876.346737 16.935789
3876.765824 16.801862
3877.184911 16.582058
3877.603997 16.066941
3878.023084 16.644642
3878.442171 16.873575
3878.861257 16.469074
3879.280344 16.253780
3879.699431 16.511375
3880.118517 16.248321
3880.537604 16.632503
3880.956691 16.413639
3881.375778 16.172775
3881.794864 15.888516
3882.213951 15.993736
3882.633038 15.626122
3883.052124 16.522267
3883.471211 17.194559
3883.890298 17.218358
3884.309384 18.198084
3884.728471 16.358575
3885.147558 15.629041
3885.566645 15.398608
3885.985731 14.464464
3886.404818 15.212717
3886.823905 16.076929
3887.242991 16.004917
3887.662078 15.603823
3888.081165 15.382953
3888.500251 14.707398
3888.919338 15.069797
3889.338425 15.746039
3889.757511 15.694464
3890.176598 15.495431
3890.595685 15.411316
3891.014772 15.247291
3891.433858 15.253464
3891.852945 15.641849
3892.272032 16.230388
3892.691118 15.845935
3893.110205 15.943273
3893.529292 15.965282
3893.948378 15.984318
3894.367465 16.098857
3894.786552 15.894536
3895.205639 15.722330
3895.624725 15.784345
3896.043812 15.585872
3896.462899 15.664853
3896.881985 15.468984
3897.301072 15.007954
3897.720159 14.872599
3898.139245 15.567135
3898.558332 16.036119
3898.977419 16.355520
3899.396505 16.898848
3899.815592 16.228770
3900.234679 15.465558
3900.653766 15.030090
3901.072852 15.315705
3901.491939 15.487170
3901.911026 15.658752
3902.330112 15.529200
3902.749199 15.690984
3903.168286 15.395137
3903.587372 15.329001
3904.006459 14.922909
3904.425546 15.075473
3904.844633 15.214082
3905.263719 15.194730
3905.682806 15.320468
3906.101893 15.297076
3906.520979 15.419542
3906.940066 15.326407
3907.359153 15.425742
3907.778239 15.579437
3908.197326 15.795137
3908.616413 16.092864
3909.035499 15.691264
3909.454586 15.096570
3909.873673 15.194333
3910.292760 15.518236
3910.711846 16.197984
3911.130933 16.393194
3911.550020 16.374936
3911.969106 15.685714
3912.388193 15.422940
3912.807280 15.092141
3913.226366 15.161251
3913.645453 15.537597
3914.064540 15.804185
3914.483626 15.753333
3914.902713 15.394947
3915.321800 15.285407
3915.740887 15.407574
3916.159973 15.329724
3916.579060 15.640313
3916.998147 15.652461
3917.417233 15.220907
3917.836320 15.573263
3918.255407 14.917106
3918.674493 14.558603
3919.093580 14.947729
3919.512667 15.236417
3919.931754 15.463488
3920.350840 15.391278
3920.769927 14.934424
3921.189014 14.763122
3921.608100 15.102834
3922.027187 15.179130
3922.446274 14.947584
3922.865360 15.021675
3923.284447 14.657378
3923.703534 14.553351
3924.122620 14.547883
3924.541707 14.847399
3924.960794 14.594993
3925.379881 14.299119
3925.798967 14.323189
3926.218054 14.349555
3926.637141 14.234826
3927.056227 14.369259
3927.475314 14.495774
3927.894401 14.116808
3928.313487 13.961432
3928.732574 13.947801
3929.151661 14.122195
3929.570748 14.135048
3929.989834 14.052560
3930.408921 14.113789
3930.828008 14.364017
3931.247094 14.034293
3931.666181 13.755548
3932.085268 13.777457
3932.504354 13.271551
3932.923441 13.189515
3933.342528 13.557934
3933.761614 13.661626
3934.180701 13.196113
3934.599788 13.414607
3935.018875 13.779193
3935.437961 14.017336
3935.857048 13.922764
3936.276135 14.033100
3936.695221 13.983947
3937.114308 13.823474
3937.533395 13.844254
3937.952481 13.597623
3938.371568 14.017698
3938.790655 13.660017
3939.209742 13.634880
3939.628828 13.789217
3940.047915 14.261192
3940.467002 14.126226
3940.886088 14.340254
3941.305175 14.992145
3941.724262 15.592570
3942.143348 16.261075
3942.562435 15.957798
3942.981522 15.950061
3943.400608 15.308528
3943.819695 15.289465
3944.238782 16.470755
3944.657869 17.165047
3945.076955 15.912379
3945.496042 15.145361
3945.915129 15.335346
3946.334215 15.154445
3946.753302 14.966023
3947.172389 15.557898
3947.591475 15.388855
3948.010562 15.287160
3948.429649 15.604221
3948.848736 15.901921
3949.267822 15.726280
3949.686909 15.636462
3950.105996 15.071135
3950.525082 15.022678
3950.944169 14.961504
3951.363256 15.233687
3951.782342 14.993917
3952.201429 14.836218
3952.620516 14.344846
3953.039602 14.600569
3953.458689 14.846504
3953.877776 14.991784
3954.296863 15.072039
3954.715949 15.196240
3955.135036 15.037185
3955.554123 15.003028
3955.973209 14.740552
3956.392296 14.739901
3956.811383 14.990365
3957.230469 15.053554
3957.649556 14.871740
3958.068643 14.380296
3958.487729 14.534099
3958.906816 14.382637
3959.325903 14.418448
3959.744990 14.780124
3960.164076 14.689800
3960.583163 16.051467
3961.002250 17.556271
3961.421336 17.436173
3961.840423 17.232756
3962.259510 16.512261
3962.678596 15.907461
3963.097683 15.330465
3963.516770 15.012907
3963.935857 14.877317
3964.354943 14.670602
3964.774030 14.751805
3965.193117 14.783812
3965.612203 15.878321
3966.031290 16.270918
3966.450377 16.494771
3966.869463 16.307344
3967.288550 15.632720
3967.707637 15.136141
3968.126723 14.919447
3968.545810 14.450572
3968.964897 14.153125
3969.383984 14.141302
3969.803070 14.066191
3970.222157 14.210422
3970.641244 13.737163
3971.060330 14.241587
3971.479417 13.889981
3971.898504 13.563935
3972.317590 13.687866
3972.736677 13.610702
3973.155764 13.692294
3973.574851 13.853066
3973.993937 14.131179
3974.413024 13.930456
3974.832111 13.991476
3975.251197 13.913789
3975.670284 14.505057
3976.089371 14.331016
3976.508457 14.923333
3976.927544 14.571447
3977.346631 13.814959
3977.765717 14.017861
3978.184804 13.842392
3978.603891 14.006002
3979.022978 14.226764
3979.442064 14.407529
3979.861151 14.165761
3980.280238 14.163981
3980.699324 14.270276
3981.118411 14.455209
3981.537498 14.336711
3981.956584 14.239246
3982.375671 14.613178
3982.794758 14.874958
3983.213845 15.379509
3983.632931 16.664808
3984.052018 17.099742
3984.471105 16.459321
3984.890191 15.967370
3985.309278 15.153297
3985.728365 14.614046
3986.147451 14.592118
3986.566538 14.130944
3986.985625 14.230686
3987.404711 14.072807
3987.823798 14.216035
3988.242885 14.489755
3988.661972 14.477796
3989.081058 14.302734
3989.500145 14.474786
3989.919232 14.516455
3990.338318 14.430885
3990.757405 15.363827
3991.176492 16.112632
3991.595578 16.685588
3992.014665 15.801663
3992.433752 15.123505
3992.852838 14.621729
3993.271925 14.096868
3993.691012 14.153848
3994.110099 14.211660
3994.529185 14.071569
3994.948272 14.056076
3995.367359 13.868731
3995.786445 13.689149
3996.205532 13.429258
3996.624619 14.260397
3997.043705 15.396222
3997.462792 16.869580
3997.881879 16.640150
3998.300966 15.703647
3998.720052 14.681484
3999.139139 14.378416
3999.558226 13.824341
3999.977312 13.759299
4000.396399 14.050346
4000.815486 13.742116
4001.234572 13.764234
4001.653659 13.889999
4002.072746 13.939585
4002.491832 13.919998
4002.910919 13.942233
4003.330006 13.822814
4003.749093 14.128811
4004.168179 14.413305
4004.587266 14.098124
4005.006353 14.118398
4005.425439 14.234781
4005.844526 14.230958
4006.263613 14.123785
4006.682699 13.534099
4007.101786 14.065332
4007.520873 14.755484
4007.939960 14.796222
4008.359046 14.753902
4008.778133 14.740832
4009.197220 13.844769
4009.616306 14.010973
4010.035393 14.241904
4010.454480 14.014607
4010.873566 14.188385
4011.292653 14.317702
4011.711740 14.079839
4012.130826 14.061183
4012.549913 13.773480
4012.969000 14.472861
4013.388087 14.622687
4013.807173 15.781453
4014.226260 17.722701
4014.645347 17.670620
4015.064433 15.777213
4015.483520 15.172658
4015.902607 14.352357
4016.321693 14.390780
4016.740780 14.446396
4017.159867 14.975632
4017.578954 15.307190
4017.998040 14.727265
4018.417127 14.742351
4018.836214 14.612347
4019.255300 14.374836
4019.674387 14.024251
4020.093474 14.105997
4020.512560 14.394396
4020.931647 14.586487
4021.350734 14.678971
4021.769820 14.828499
4022.188907 14.080951
4022.607994 14.244163
4023.027081 14.873241
4023.446167 15.185421
4023.865254 14.695024
4024.284341 13.812266
4024.703427 13.713807
4025.122514 13.222958
4025.541601 13.521923
4025.960687 13.857739
4026.379774 13.990103
4026.798861 14.420400
4027.217947 14.712867
4027.637034 15.331242
4028.056121 14.484015
4028.475208 14.757798
4028.894294 14.378623
4029.313381 14.629972
4029.732468 14.644073
4030.151554 14.045745
4030.570641 14.037005
4030.989728 13.774411
4031.408814 14.003787
4031.827901 14.240159
4032.246988 14.403073
4032.666075 15.555150
4033.085161 15.516166
4033.504248 14.825137
4033.923335 14.659601
4034.342421 14.243865
4034.761508 13.504271
4035.180595 13.266905
4035.599681 13.167741
4036.018768 13.545994
4036.437855 13.986135
4036.856941 13.814037
4037.276028 13.857080
4037.695115 13.422985
4038.114202 13.320188
4038.533288 13.224088
4038.952375 13.743680
4039.371462 13.853256
4039.790548 13.946897
4040.209635 13.975279
4040.628722 13.965255
4041.047808 14.110182
4041.466895 13.821024
4041.885982 13.786171
4042.305069 13.606083
4042.724155 13.443503
4043.143242 13.140236
4043.562329 13.692746
4043.981415 15.123117
4044.400502 16.672147
4044.819589 18.725195
4045.238675 19.028336
4045.657762 16.442139
4046.076849 15.644733
4046.495935 13.719790
4046.915022 13.410693
4047.334109 13.576111
4047.753196 13.711167
4048.172282 14.380992
4048.591369 15.548597
4049.010456 15.509631
4049.429542 15.450997
4049.848629 14.697148
4050.267716 13.682831
4050.686802 14.213341
4051.105889 14.046513
4051.524976 13.901243
4051.944063 13.504171
4052.363149 13.515280
4052.782236 13.916012
4053.201323 14.079613
4053.620409 14.910083
4054.039496 15.913689
4054.458583 15.059041
4054.877669 14.720324
4055.296756 14.335265
4055.715843 13.823374
4056.134929 14.012510
4056.554016 13.464148
4056.973103 14.142261
4057.392190 13.820717
4057.811276 13.757120
4058.230363 13.766267
4058.649450 13.870674
4059.068536 13.874696
4059.487623 13.444046
4059.906710 13.327301
4060.325796 13.180142
4060.744883 13.421973
4061.163970 13.722999
4061.583057 14.109830
4062.002143 13.840530
4062.421230 14.072111
4062.840317 14.396818
4063.259403 14.386668
4063.678490 14.423573
4064.097577 14.083138
4064.516663 13.883916
4064.935750 13.529417
4065.354837 13.816812
4065.773923 13.702472
4066.193010 14.121291
4066.612097 14.002233
4067.031184 13.866073
4067.450270 13.672382
4067.869357 13.793845
4068.288444 13.912424
4068.707530 14.112713
4069.126617 13.705211
4069.545704 13.447327
4069.964790 13.384490
4070.383877 14.439445
4070.802964 16.668260
4071.222050 17.524174
4071.641137 16.925168
4072.060224 16.062819
4072.479311 14.180097
4072.898397 13.522854
4073.317484 14.300059
4073.736571 14.331504
4074.155657 14.304795
4074.574744 13.839083
4074.993831 14.065043
4075.412917 13.988557
4075.832004 13.908564
4076.251091 13.783197
4076.670178 13.962525
4077.089264 13.756569
4077.508351 13.980277
4077.927438 14.698829
4078.346524 15.807050
4078.765611 15.612202
4079.184698 14.992353
4079.603784 14.754029
4080.022871 13.966484
4080.441958 13.564948
4080.861044 13.688543
4081.280131 14.227116
4081.699218 14.503774
4082.118305 14.548886
4082.537391 14.549483
4082.956478 14.115542
4083.375565 14.117088
4083.794651 13.887983
4084.213738 13.181425
4084.632825 13.411805
4085.051911 15.060894
4085.470998 17.058200
4085.890085 18.548307
4086.309172 17.974032
4086.728258 17.453817
4087.147345 16.473720
4087.566432 15.517928
4087.985518 14.630741
4088.404605 14.510173
4088.823692 14.714882
4089.242778 14.759597
4089.661865 14.746138
4090.080952 14.958096
4090.500038 14.786008
4090.919125 14.256158
4091.338212 14.506946
4091.757299 14.461319
4092.176385 14.104894
4092.595472 14.276531
4093.014559 14.337172
4093.433645 14.124183
4093.852732 13.937732
4094.271819 13.878718
4094.690905 13.773300
4095.109992 13.768337
4095.529079 13.984200
4095.948166 14.315786
4096.367252 14.380639
4096.786339 14.251078
4097.205426 13.585565
4097.624512 13.490713
4098.043599 13.576897
4098.462686 14.132481
4098.881772 14.166340
4099.300859 14.730420
4099.719946 13.762860
4100.139032 13.575650
4100.558119 13.315660
4100.977206 13.234483
4101.396293 14.367497
4101.815379 15.570154
4102.234466 15.421006
4102.653553 15.346509
4103.072639 14.999675
4103.491726 15.502490
4103.910813 16.097221
4104.329899 15.135409
4104.748986 14.077091
4105.168073 13.976933
4105.587159 13.704867
4106.006246 13.690631
4106.425333 13.438198
4106.844420 13.540109
4107.263506 13.973056
4107.682593 13.926542
4108.101680 13.592688
4108.520766 13.728422
4108.939853 13.916003
4109.358940 13.735581
4109.778026 13.687793
4110.197113 13.757419
4110.616200 14.053112
4111.035287 13.857062
4111.454373 13.803019
4111.873460 13.979021
4112.292547 13.601564
4112.711633 13.244127
4113.130720 13.693343
4113.549807 13.989108
4113.968893 13.863163
4114.387980 13.547377
4114.807067 13.722050
4115.226153 14.769386
4115.645240 14.680192
4116.064327 14.419497
4116.483414 14.577322
4116.902500 14.544647
4117.321587 13.803869
4117.740674 14.137027
4118.159760 14.588647
4118.578847 14.252334
4118.997934 13.834853
4119.417020 13.645185
4119.836107 13.890143
4120.255194 14.511692
4120.674281 14.610530
4121.093367 15.691409
4121.512454 14.453600
4121.931541 14.515162
4122.350627 14.172920
4122.769714 14.090243
4123.188801 14.210792
4123.607887 13.986939
4124.026974 14.206282
4124.446061 14.031211
4124.865147 14.093822
4125.284234 13.855471
4125.703321 13.950540
4126.122408 13.867519
4126.541494 13.795119
4126.960581 13.714611
4127.379668 13.539169
4127.798754 13.858173
4128.217841 13.994631
4128.636928 14.060180
4129.056014 13.578072
4129.475101 13.244868
4129.894188 13.367614
4130.313275 13.451078
4130.732361 13.331803
4131.151448 13.832368
4131.570535 13.915470
4131.989621 13.678628
4132.408708 13.468089
4132.827795 13.613115
4133.246881 13.180666
4133.665968 13.188087
4134.085055 13.217562
4134.504141 13.270728
4134.923228 13.177078
4135.342315 13.444697
4135.761402 13.487188
4136.180488 13.558774
4136.599575 13.727500
4137.018662 13.604854
4137.437748 14.023853
4137.856835 13.890179
4138.275922 13.797560
4138.695008 13.447155
4139.114095 13.679405
4139.533182 13.700312
4139.952268 13.387138
4140.371355 13.431898
4140.790442 14.265901
4141.209529 13.968120
4141.628615 14.351796
4142.047702 14.237583
4142.466789 13.920920
4142.885875 13.733357
4143.304962 13.327573
4143.724049 13.241027
4144.143135 13.246116
4144.562222 12.903810
4144.981309 12.794378
4145.400396 12.985619
4145.819482 12.693795
4146.238569 13.175125
4146.657656 13.665947
4147.076742 13.678013
4147.495829 13.816550
4147.914916 13.788051
4148.334002 13.393890
4148.753089 13.316446
4149.172176 13.602151
4149.591262 13.767063
4150.010349 13.680336
4150.429436 13.637637
4150.848523 13.293921
4151.267609 12.983468
4151.686696 12.891761
4152.105783 12.995435
4152.524869 12.899553
4152.943956 13.039481
4153.363043 13.113653
4153.782129 12.890649
4154.201216 13.080879
4154.620303 13.038324
4155.039390 13.049912
4155.458476 12.854386
4155.877563 12.759787
4156.296650 13.162634
4156.715736 13.213838
4157.134823 13.230117
4157.553910 12.989018
4157.972996 12.708971
4158.392083 12.790564
4158.811170 12.803480
4159.230256 13.171257
4159.649343 13.372730
4160.068430 13.644263
4160.487517 13.498540
4160.906603 13.935933
4161.325690 13.563709
4161.744777 13.075826
4162.163863 12.923017
4162.582950 12.596665
4163.002037 12.867384
4163.421123 13.269146
4163.840210 13.204257
4164.259297 13.487423
4164.678384 13.516437
4165.097470 13.295910
4165.516557 13.104180
4165.935644 12.834890
4166.354730 12.824332
4166.773817 12.922466
4167.192904 12.598391
4167.611990 12.748244
4168.031077 12.383179
4168.450164 12.727473
4168.869250 12.618041
4169.288337 12.384969
4169.707424 12.406571
4170.126511 12.419469
4170.545597 12.545442
4170.964684 12.728169
4171.383771 12.633895
4171.802857 12.673973
4172.221944 12.763086
4172.641031 12.758268
4173.060117 12.579337
4173.479204 13.012573
4173.898291 12.964695
4174.317378 12.783423
4174.736464 12.542423
4175.155551 12.051557
4175.574638 11.956433
4175.993724 11.873648
4176.412811 11.989922
4176.831898 12.242419
4177.250984 12.547874
4177.670071 12.553496
4178.089158 12.566340
4178.508244 12.396836
4178.927331 12.407936
4179.346418 11.960492
4179.765505 11.997044
4180.184591 11.993239
4180.603678 12.249867
4181.022765 12.513373
4181.441851 12.608840
4181.860938 12.328910
4182.280025 12.160781
4182.699111 12.087820
4183.118198 12.419948
4183.537285 12.562634
4183.956371 12.544177
4184.375458 12.636291
4184.794545 12.701677
4185.213632 12.974981
4185.632718 12.547819
4186.051805 12.689773
4186.470892 12.623555
4186.889978 12.113490
4187.309065 12.071885
4187.728152 12.044028
4188.147238 12.279206
4188.566325 12.585872
4188.985412 12.823916
4189.404499 12.960465
4189.823585 12.732417
4190.242672 12.709233
4190.661759 12.468098
4191.080845 12.449930
4191.499932 12.659339
4191.919019 12.744005
4192.338105 12.628852
4192.757192 12.094247
4193.176279 12.568157
4193.595365 12.330348
4194.014452 12.433127
4194.433539 12.721255
4194.852626 12.980241
4195.271712 12.767822
4195.690799 12.402947
4196.109886 12.196104
4196.528972 12.134677
4196.948059 12.311059
4197.367146 12.440611
4197.786232 12.394242
4198.205319 12.631382
4198.624406 12.772730
4199.043493 12.371148
4199.462579 12.425869
4199.881666 12.256528
4200.300753 12.189949
4200.719839 12.347738
4201.138926 12.502165
4201.558013 12.664500
4201.977099 12.602449
4202.396186 12.486202
4202.815273 12.298613
4203.234359 12.303141
4203.653446 12.261301
4204.072533 12.008596
4204.491620 12.182546
4204.910706 12.063723
4205.329793 11.799187
4205.748880 11.729001
4206.167966 11.808731
4206.587053 11.938166
4207.006140 12.154282
4207.425226 12.384905
4207.844313 12.534713
4208.263400 12.803597
4208.682487 12.488417
4209.101573 12.288652
4209.520660 12.347747
4209.939747 12.404754
4210.358833 12.388024
4210.777920 11.852831
4211.197007 12.292864
4211.616093 12.242482
4212.035180 12.320703
4212.454267 12.118552
4212.873353 11.987572
4213.292440 12.023058
4213.711527 12.434320
4214.130614 12.555846
4214.549700 12.472454
4214.968787 12.380332
4215.387874 12.740227
4215.806960 12.820798
4216.226047 12.888914
4216.645134 12.333620
4217.064220 12.283907
4217.483307 11.838894
4217.902394 11.742559
4218.321480 12.249921
4218.740567 12.666471
4219.159654 12.775333
4219.578741 12.734325
4219.997827 12.299833
4220.416914 12.675555
4220.836001 12.525539
4221.255087 12.288290
4221.674174 12.320315
4222.093261 12.154906
4222.512347 12.193655
4222.931434 12.208289
4223.350521 12.176373
4223.769608 12.051937
4224.188694 11.999295
4224.607781 11.892213
4225.026868 11.869417
4225.445954 11.564695
4225.865041 11.767289
4226.284128 11.961432
4226.703214 11.938934
4227.122301 11.759760
4227.541388 11.579283
4227.960474 11.668776
4228.379561 11.984354
4228.798648 12.303909
4229.217735 11.955078
4229.636821 11.397605
4230.055908 11.337470
4230.474995 11.998491
4230.894081 12.146346
4231.313168 12.499715
4231.732255 13.249849
4232.151341 13.797912
4232.570428 14.156587
4232.989515 14.681267
4233.408602 14.747114
4233.827688 13.456474
4234.246775 12.569711
4234.665862 11.400533
4235.084948 11.457658
4235.504035 10.837999
4235.923122 12.388729
4236.342208 14.564640
4236.761295 14.733303
4237.180382 13.695811
4237.599468 14.175957
4238.018555 13.329841
4238.437642 12.359488
4238.856729 11.703701
4239.275815 11.399910
4239.694902 11.673720
4240.113989 11.088110
4240.533075 11.128594
4240.952162 13.783929
4241.371249 15.123984
4241.790335 15.055254
4242.209422 15.488571
4242.628509 15.442102
4243.047596 13.505446
4243.466682 12.787255
4243.885769 13.088661
4244.304856 12.298468
4244.723942 12.456022
4245.143029 11.956352
4245.562116 12.157708
4245.981202 12.196122
4246.400289 12.183215
4246.819376 12.614146
4247.238462 13.617535
4247.657549 14.114900
4248.076636 13.575939
4248.495723 13.511339
4248.914809 12.992163
4249.333896 12.721996
4249.752983 12.321372
4250.172069 11.792263
4250.591156 11.961025
4251.010243 11.653094
4251.429329 11.835143
4251.848416 12.214507
4252.267503 11.985439
4252.686589 12.124707
4253.105676 12.116573
4253.524763 12.343490
4253.943850 12.523352
4254.362936 12.612645
4254.782023 12.582139
4255.201110 12.596529
4255.620196 12.040385
4256.039283 12.162128
4256.458370 12.351525
4256.877456 12.714331
4257.296543 12.799792
4257.715630 12.480526
4258.134717 12.323053
4258.553803 12.518254
4258.972890 12.459032
4259.391977 12.719899
4259.811063 12.869598
4260.230150 12.728070
4260.649237 12.246739
4261.068323 12.233290
4261.487410 12.241904
4261.906497 12.634022
4262.325583 11.518425
4262.744670 10.601238
4263.163757 10.280418
4263.582844 9.562083
4264.001930 8.738446
4264.421017 14.078266
4264.840104 17.029846
4265.259190 19.791413
4265.678277 20.117395
4266.097364 18.633335
4266.516450 15.693451
4266.935537 13.155900
4267.354624 12.742794
4267.773711 11.566548
4268.192797 11.429096
4268.611884 12.275826
4269.030971 13.649767
4269.450057 14.896326
4269.869144 15.439029
4270.288231 14.734885
4270.707317 13.780973
4271.126404 12.923641
4271.545491 12.276368
4271.964577 12.311990
4272.383664 12.461897
4272.802751 12.617861
4273.221838 12.412157
4273.640924 12.189985
4274.060011 12.033281
4274.479098 12.248357
4274.898184 12.569169
4275.317271 13.421557
4275.736358 13.254386
4276.155444 13.503051
4276.574531 13.434175
4276.993618 13.230442
4277.412705 12.814561
4277.831791 12.741176
4278.250878 12.879658
4278.669965 12.836688
4279.089051 12.990780
4279.508138 12.804556
4279.927225 12.893677
4280.346311 12.881963
4280.765398 12.479749
4281.184485 12.414381
4281.603571 12.640069
4282.022658 12.376770
4282.441745 12.626963
4282.860832 12.631373
4283.279918 13.203887
4283.699005 13.917766
4284.118092 15.301939
4284.537178 16.537895
4284.956265 15.380829
4285.375352 13.824287
4285.794438 13.108040
4286.213525 13.224956
4286.632612 12.283798
4287.051698 12.479893
4287.470785 12.632503
4287.889872 12.814778
4288.308959 12.893280
4288.728045 12.968401
4289.147132 12.984833
4289.566219 13.045474
4289.985305 12.498911
4290.404392 12.336241
4290.823479 11.970778
4291.242565 10.996240
4291.661652 10.688082
4292.080739 12.158801
4292.499826 15.554490
4292.918912 16.972206
4293.337999 18.944855
4293.757086 16.846477
4294.176172 14.856230
4294.595259 13.859556
4295.014346 13.892945
4295.433432 12.549727
4295.852519 12.423980
4296.271606 12.471126
4296.690692 12.765002
4297.109779 12.277254
4297.528866 12.387816
4297.947953 12.330890
4298.367039 12.700737
4298.786126 11.981913
4299.205213 11.632323
4299.624299 11.690993
4300.043386 11.605541
4300.462473 12.650138
4300.881559 13.939947
4301.300646 15.233995
4301.719733 15.045194
4302.138820 13.961097
4302.557906 13.640204
4302.976993 13.101686
4303.396080 12.710309
4303.815166 12.527374
4304.234253 12.571175
4304.653340 12.493063
4305.072426 12.750893
4305.491513 13.074542
4305.910600 13.087070
4306.329686 12.727536
4306.748773 12.020039
4307.167860 10.984200
4307.586947 11.527708
4308.006033 13.574375
4308.425120 17.466001
4308.844207 18.579952
4309.263293 19.540959
4309.682380 17.635640
4310.101467 15.562959
4310.520553 14.210964
4310.939640 13.286627
4311.358727 12.045537
4311.777814 12.658743
4312.196900 13.004266
4312.615987 13.190066
4313.035074 13.489908
4313.454160 13.757961
4313.873247 13.429511
4314.292334 13.708917
4314.711420 13.592191
4315.130507 13.614326
4315.549594 13.760049
4315.968680 13.844986
4316.387767 14.168907
4316.806854 14.343210
4317.225941 14.487359
4317.645027 14.576680
4318.064114 13.848918
4318.483201 13.478312
4318.902287 13.050536
4319.321374 13.120739
4319.740461 14.111113
4320.159547 15.670231
4320.578634 16.213305
4320.997721 16.181073
4321.416808 16.025516
4321.835894 14.861780
4322.254981 14.031997
4322.674068 13.757039
4323.093154 14.215230
4323.512241 14.222226
4323.931328 14.145442
4324.350414 14.000714
4324.769501 13.430451
4325.188588 12.941519
4325.607674 12.855796
4326.026761 14.071786
4326.445848 17.360555
4326.864935 18.957518
4327.284021 19.463795
4327.703108 18.893985
4328.122195 17.314584
4328.541281 16.437936
4328.960368 15.357229
4329.379455 14.742685
4329.798541 14.213558
4330.217628 14.635296
4330.636715 14.878510
4331.055801 14.862946
4331.474888 15.286130
4331.893975 15.340941
4332.313062 15.477498
4332.732148 15.380775
4333.151235 15.084349
4333.570322 15.127112
4333.989408 14.939052
4334.408495 15.112071
4334.827582 15.030912
4335.246668 14.938446
4335.665755 15.297356
4336.084842 15.328359
4336.503929 15.657730
4336.923015 16.109604
4337.342102 16.318669
4337.761189 16.248827
4338.180275 15.977656
4338.599362 16.250291
4339.018449 16.065404
4339.437535 16.238243
4339.856622 16.014986
4340.275709 16.188575
4340.694795 16.789307
4341.113882 17.134478
4341.532969 16.884006
4341.952056 16.482307
4342.371142 16.635323
4342.790229 16.018764
4343.209316 15.763068
4343.628402 15.510806
4344.047489 15.069860
4344.466576 14.941971
4344.885662 14.225625
4345.304749 14.315316
4345.723836 14.778162
4346.142923 14.448113
4346.562009 16.475808
4346.981096 18.531242
4347.400183 18.677878
4347.819269 17.438577
4348.238356 16.360636
4348.657443 15.618737
4349.076529 15.444100
4349.495616 15.050852
4349.914703 14.870357
4350.333789 14.996773
4350.752876 14.841895
4351.171963 15.023537
4351.591050 14.847155
4352.010136 14.969802
4352.429223 14.843169
4352.848310 14.842600
4353.267396 14.960745
4353.686483 14.729778
4354.105570 14.437728
4354.524656 14.539314
4354.943743 14.693027
4355.362830 15.156533
4355.781917 15.362697
4356.201003 15.675021
4356.620090 15.311936
4357.039177 15.024251
4357.458263 15.197442
4357.877350 15.089990
4358.296437 15.305654
4358.715523 15.378244
4359.134610 15.664283
4359.553697 15.665630
4359.972783 15.632160
4360.391870 15.756596
4360.810957 15.725114
4361.230044 15.817544
4361.649130 15.715660
4362.068217 15.689972
4362.487304 15.549609
4362.906390 15.282813
4363.325477 15.635622
4363.744564 16.133583
4364.163650 16.388575
4364.582737 16.151399
4365.001824 15.939874
4365.420910 15.608768
4365.839997 15.226818
4366.259084 14.917323
4366.678171 14.622913
4367.097257 14.485669
4367.516344 14.395535
4367.935431 14.084142
4368.354517 14.489393
4368.773604 14.918245
4369.192691 15.749690
4369.611777 16.169088
4370.030864 16.231048
4370.449951 15.702653
4370.869038 15.237032
4371.288124 14.134731
4371.707211 13.987671
4372.126298 14.650752
4372.545384 14.480607
4372.964471 14.376364
4373.383558 14.406427
4373.802644 14.181190
4374.221731 14.058978
4374.640818 13.932869
4375.059904 14.056854
4375.478991 14.149464
4375.898078 13.934804
4376.317165 13.814182
4376.736251 14.266308
4377.155338 14.639138
4377.574425 14.394730
4377.993511 13.891770
4378.412598 13.697474
4378.831685 13.853826
4379.250771 13.740028
4379.669858 13.860831
4380.088945 13.748778
4380.508032 13.796412
4380.927118 14.212600
4381.346205 14.130519
4381.765292 13.837113
4382.184378 13.847806
4382.603465 13.558820
4383.022552 13.565996
4383.441638 13.754472
4383.860725 13.803073
4384.279812 13.815013
4384.698898 13.672744
4385.117985 13.522502
4385.537072 13.420129
4385.956159 13.358196
4386.375245 13.264573
4386.794332 13.167967
4387.213419 13.370986
4387.632505 13.357717
4388.051592 13.258942
4388.470679 13.199892
4388.889765 13.431608
4389.308852 14.146581
4389.727939 13.824712
4390.147026 13.654232
4390.566112 13.424603
4390.985199 13.042970
4391.404286 13.014796
4391.823372 12.884693
4392.242459 13.130013
4392.661546 12.889384
4393.080632 13.462765
4393.499719 13.297546
4393.918806 13.734560
4394.337892 13.798581
4394.756979 13.472934
4395.176066 13.593564
4395.595153 13.329986
4396.014239 13.104217
4396.433326 12.738464
4396.852413 12.952022
4397.271499 13.097175
4397.690586 13.327401
4398.109673 13.439156
4398.528759 13.808316
4398.947846 13.576897
4399.366933 13.311909
4399.786019 13.108564
4400.205106 13.010792
4400.624193 13.062322
4401.043280 13.406842
4401.462366 13.369928
4401.881453 13.117675
4402.300540 12.660198
4402.719626 12.690442
4403.138713 12.551073
4403.557800 12.437023
4403.976886 12.662756
4404.395973 12.650870
4404.815060 12.792751
4405.234147 13.046812
4405.653233 12.781263
4406.072320 12.696814
4406.491407 12.404031
4406.910493 12.920992
4407.329580 12.588168
4407.748667 13.375993
4408.167753 12.951281
4408.586840 13.072780
4409.005927 13.045655
4409.425013 13.810828
4409.844100 14.139612
4410.263187 13.577602
4410.682274 13.792715
4411.101360 13.818575
4411.520447 13.976346
4411.939534 14.333321
4412.358620 13.499408
4412.777707 13.217273
4413.196794 13.351860
4413.615880 13.308537
4414.034967 13.887486
4414.454054 13.882976
4414.873141 14.237113
4415.292227 13.782854
4415.711314 13.328350
4416.130401 13.236914
4416.549487 13.193718
4416.968574 12.913599
4417.387661 12.740426
4417.806747 12.641108
4418.225834 12.743047
4418.644921 12.638225
4419.064007 12.696018
4419.483094 13.104361
4419.902181 12.928133
4420.321268 13.703710
4420.740354 13.894012
4421.159441 13.891156
4421.578528 13.527301
4421.997614 13.407186
4422.416701 13.206436
4422.835788 12.813612
4423.254874 12.766304
4423.673961 13.223799
4424.093048 13.204384
4424.512135 12.776472
4424.931221 12.060352
4425.350308 12.950576
4425.769395 13.571076
4426.188481 13.838333
4426.607568 13.247607
4427.026655 12.601392
4427.445741 12.820925
4427.864828 12.536051
4428.283915 12.347593
4428.703001 12.605468
4429.122088 13.613667
4429.541175 12.952773
4429.960262 12.828029
4430.379348 12.792489
4430.798435 12.841578
4431.217522 13.233362
4431.636608 13.844272
4432.055695 14.326090
4432.474782 13.192670
4432.893868 12.601808
4433.312955 12.304741
4433.732042 12.256230
4434.151129 12.566322
4434.570215 12.759913
4434.989302 12.413350
4435.408389 12.247788
4435.827475 12.332698
4436.246562 12.961260
4436.665649 12.687377
4437.084735 12.968337
4437.503822 12.929118
4437.922909 12.556822
4438.341995 12.303801
4438.761082 12.197776
4439.180169 12.664979
4439.599256 12.747946
4440.018342 12.896082
4440.437429 13.094202
4440.856516 12.281276
4441.275602 12.083572
4441.694689 11.701659
4442.113776 12.142577
4442.532862 12.371040
4442.951949 12.441560
4443.371036 12.309278
4443.790122 12.293018
4444.209209 11.976219
4444.628296 12.311782
4445.047383 12.370263
4445.466469 12.803489
4445.885556 12.450662
4446.304643 12.677299
4446.723729 12.634654
4447.142816 12.498314
4447.561903 12.302671
4447.980989 12.148009
4448.400076 12.283310
4448.819163 12.288679
4449.238250 12.383721
4449.657336 12.420879
4450.076423 12.461255
4450.495510 12.448285
4450.914596 12.507055
4451.333683 12.457387
4451.752770 12.289972
4452.171856 12.039553
4452.590943 12.182067
4453.010030 12.135436
4453.429116 11.871632
4453.848203 11.936006
4454.267290 12.134894
4454.686377 12.089619
4455.105463 12.071605
4455.524550 11.925259
4455.943637 11.897663
4456.362723 12.022967
4456.781810 12.116139
4457.200897 12.012247
4457.619983 11.901161
4458.039070 11.779455
4458.458157 11.816875
4458.877244 11.610250
4459.296330 11.737832
4459.715417 11.910390
4460.134504 11.839201
4460.553590 12.017336
4460.972677 12.068459
4461.391764 12.055416
4461.810850 12.025733
4462.229937 11.931893
4462.649024 11.907859
4463.068110 12.166674
4463.487197 11.953252
4463.906284 12.204655
4464.325371 11.929552
4464.744457 12.097275
4465.163544 12.239228
4465.582631 12.527338
4466.001717 12.800723
4466.420804 12.534325
4466.839891 12.190826
4467.258977 12.107977
4467.678064 11.880427
4468.097151 11.641334
4468.516238 11.721517
4468.935324 11.961594
4469.354411 11.834871
4469.773498 12.051656
4470.192584 12.256103
4470.611671 12.083762
4471.030758 12.381516
4471.449844 12.125458
4471.868931 12.192471
4472.288018 12.308537
4472.707104 12.514430
4473.126191 12.419406
4473.545278 12.158657
4473.964365 12.218511
4474.383451 11.749645
4474.802538 12.348651
4475.221625 12.074027
4475.640711 11.823691
4476.059798 11.232558
4476.478885 11.605514
4476.897971 13.118199
4477.317058 13.582637
4477.736145 16.414616
4478.155231 15.999774
4478.574318 15.030479
4478.993405 12.036733
4479.412492 11.636986
4479.831578 10.945108
4480.250665 10.033028
4480.669752 12.706033
4481.088838 14.695548
4481.507925 15.174059
4481.927012 16.446314
4482.346098 14.754861
4482.765185 13.201392
4483.184272 11.523686
4483.603359 10.673349
4484.022445 11.230795
4484.441532 10.638966
4484.860619 11.134433
4485.279705 12.463244
4485.698792 13.668007
4486.117879 16.105699
4486.536965 17.093831
4486.956052 18.296055
4487.375139 17.434239
4487.794225 15.744222
4488.213312 14.257062
4488.632399 12.880354
4489.051486 12.504940
4489.470572 12.529525
4489.889659 12.222190
4490.308746 11.994902
4490.727832 11.674262
4491.146919 11.432512
4491.566006 11.214887
4491.985092 11.505346
4492.404179 12.316274
4492.823266 13.874172
4493.242353 14.533168
4493.661439 14.961007
4494.080526 14.068378
4494.499613 13.761287
4494.918699 12.518308
4495.337786 12.164071
4495.756873 11.792624
4496.175959 11.944186
4496.595046 12.220780
4497.014133 12.481819
4497.433219 12.143363
4497.852306 12.150486
4498.271393 11.844895
4498.690480 11.731233
4499.109566 11.953930
4499.528653 12.301306
4499.947740 12.413079
4500.366826 12.351986
4500.785913 12.196818
4501.205000 12.275311
4501.624086 12.143562
4502.043173 12.148823
4502.462260 12.301704
4502.881347 12.606354
4503.300433 12.401772
4503.719520 12.316347
4504.138607 12.436462
4504.557693 12.272464
4504.976780 12.086745
4505.395867 12.234546
4505.814953 12.088001
4506.234040 12.310508
4506.653127 12.125313
4507.072213 12.102490
4507.491300 12.346753
4507.910387 12.777683
4508.329474 12.956795
4508.748560 12.737235
4509.167647 12.127274
4509.586734 12.256745
4510.005820 11.493650
4510.424907 12.485000
4510.843994 16.768590
4511.263080 18.478989
4511.682167 18.329661
4512.101254 19.088372
4512.520340 17.982944
4512.939427 15.946418
4513.358514 14.860569
4513.777601 14.384987
4514.196687 12.298857
4514.615774 11.422805
4515.034861 11.098143
4515.453947 12.593438
4515.873034 14.471677
4516.292121 15.965752
4516.711207 17.002666
4517.130294 15.438415
4517.549381 14.346518
4517.968468 13.095268
4518.387554 12.420283
4518.806641 11.887395
4519.225728 12.066634
4519.644814 12.501107
4520.063901 12.669689
4520.482988 12.437122
4520.902074 12.253744
4521.321161 12.065296
4521.740248 11.977069
4522.159334 12.117070
4522.578421 12.504750
4522.997508 13.286817
4523.416595 13.161739
4523.835681 13.249107
4524.254768 12.405297
4524.673855 12.109522
4525.092941 11.385375
4525.512028 11.529245
4525.931115 11.930465
4526.350201 11.912948
4526.769288 11.795969
4527.188375 11.613920
4527.607462 11.723984
4528.026548 12.008460
4528.445635 11.850888
4528.864722 12.161495
4529.283808 12.192832
4529.702895 12.093967
4530.121982 12.200696
4530.541068 11.532011
4530.960155 11.518272
4531.379242 12.229168
4531.798328 14.472464
4532.217415 14.942830
4532.636502 14.355005
4533.055589 14.018430
4533.474675 12.963050
4533.893762 12.484964
4534.312849 12.053202
4534.731935 12.218267
4535.151022 12.225905
4535.570109 12.223537
4535.989195 11.862485
4536.408282 11.741836
4536.827369 11.865513
4537.246456 12.178208
4537.665542 12.291969
4538.084629 12.593727
4538.503716 12.504931
4538.922802 12.098188
4539.341889 12.335364
4539.760976 11.651286
4540.180062 11.545054
4540.599149 11.839906
4541.018236 13.036101
4541.437322 14.179003
4541.856409 14.400940
4542.275496 16.056266
4542.694583 15.955412
4543.113669 13.764903
4543.532756 12.611000
4543.951843 12.614516
4544.370929 12.686211
4544.790016 13.264220
4545.209103 12.661735
4545.628189 12.341592
4546.047276 12.130962
4546.466363 12.052669
4546.885450 12.148895
4547.304536 12.276721
4547.723623 11.885687
4548.142710 11.568627
4548.561796 11.145035
4548.980883 10.213314
4549.399970 11.876151
4549.819056 11.861662
4550.238143 13.828825
4550.657230 14.861210
4551.076316 15.231274
4551.495403 14.381986
4551.914490 12.822470
4552.333577 11.874777
4552.752663 12.470222
4553.171750 12.380522
4553.590837 12.328513
4554.009923 12.463723
4554.429010 12.404809
4554.848097 12.428825
4555.267183 12.287341
4555.686270 12.552140
4556.105357 12.410702
4556.524443 11.850942
4556.943530 10.700059
4557.362617 8.763737
4557.781704 11.285091
4558.200790 13.815601
4558.619877 15.404818
4559.038964 16.038478
4559.458050 15.383929
4559.877137 15.233651
4560.296224 13.232774
4560.715310 12.353939
4561.134397 13.426348
4561.553484 12.614706
4561.972571 12.443567
4562.391657 12.570787
4562.810744 12.736982
4563.229831 12.689646
4563.648917 12.709712
4564.068004 12.450102
4564.487091 12.303286
4564.906177 12.619397
4565.325264 12.632051
4565.744351 12.365969
4566.163437 12.423944
4566.582524 12.434673
4567.001611 12.317603
4567.420698 12.140218
4567.839784 12.121942
4568.258871 12.211931
4568.677958 12.278628
4569.097044 11.776951
4569.516131 11.502436
4569.935218 10.569124
4570.354304 11.743228
4570.773391 14.595191
4571.192478 15.522448
4571.611565 15.287685
4572.030651 15.034781
4572.449738 14.046748
4572.868825 12.957726
4573.287911 13.064401
4573.706998 12.586406
4574.126085 12.437330
4574.545171 12.672228
4574.964258 12.237954
4575.383345 11.865278
4575.802431 11.862891
4576.221518 11.592877
4576.640605 11.187147
4577.059692 11.947892
4577.478778 12.941709
4577.897865 14.295901
4578.316952 14.757934
4578.736038 15.864202
4579.155125 19.722873
4579.574212 19.891065
4579.993298 14.979789
4580.412385 12.276874
4580.831472 12.167497
4581.250559 12.081665
4581.669645 12.243802
4582.088732 12.196213
4582.507819 12.328341
4582.926905 12.327826
4583.345992 11.882759
4583.765079 11.689764
4584.184165 11.950874
4584.603252 12.170787
4585.022339 12.238704
4585.441425 12.345072
4585.860512 12.175207
4586.279599 12.279387
4586.698686 12.664871
4587.117772 12.318064
4587.536859 12.091092
4587.955946 11.877941
4588.375032 12.053012
4588.794119 12.084196
4589.213206 12.253500
4589.632292 12.247833
4590.051379 12.209165
4590.470466 12.159145
4590.889552 12.073602
4591.308639 11.787219
4591.727726 11.907787
4592.146813 12.161739
4592.565899 11.182158
4592.984986 11.320522
4593.404073 12.102364
4593.823159 12.596674
4594.242246 12.684286
4594.661333 12.571175
4595.080419 11.942333
4595.499506 12.166945
4595.918593 12.546807
4596.337680 12.591323
4596.756766 13.231337
4597.175853 13.051593
4597.594940 13.565327
4598.014026 13.270412
4598.433113 13.489818
4598.852200 12.102797
4599.271286 11.918679
4599.690373 11.307950
4600.109460 12.813567
4600.528546 13.405279
4600.947633 13.741989
4601.366720 14.607050
4601.785807 14.036480
4602.204893 13.017183
4602.623980 11.738392
4603.043067 11.981263
4603.462153 11.756949
4603.881240 11.836733
4604.300327 11.847001
4604.719413 11.734993
4605.138500 11.664934
4605.557587 11.814977
4605.976674 12.021340
4606.395760 12.298287
4606.814847 12.530637
4607.233934 12.359344
4607.653020 11.812564
4608.072107 11.415357
4608.491194 10.913201
4608.910280 10.968319
4609.329367 11.172387
4609.748454 11.527392
4610.167540 11.987527
4610.586627 11.822633
4611.005714 12.015185
4611.424801 11.806589
4611.843887 11.397804
4612.262974 10.840593
4612.682061 10.881466
4613.101147 11.072671
4613.520234 11.026673
4613.939321 11.234374
4614.358407 11.845835
4614.777494 11.852199
4615.196581 11.977918
4615.615668 12.063325
4616.034754 12.092936
4616.453841 12.118914
4616.872928 12.074850
4617.292014 12.570950
4617.711101 12.699480
4618.130188 12.504045
4618.549274 12.491589
4618.968361 13.361079
4619.387448 14.504108
4619.806534 14.592661
4620.225621 13.888778
4620.644708 13.151516
4621.063795 12.728449
4621.482881 12.399910
4621.901968 12.122357
4622.321055 12.156704
4622.740141 12.457667
4623.159228 11.851774
4623.578315 11.483554
4623.997401 11.552456
4624.416488 12.332002
4624.835575 13.638785
4625.254661 14.112379
4625.673748 14.169811
4626.092835 13.790085
4626.511922 12.930239
4626.931008 12.292204
4627.350095 12.314566
4627.769182 12.323596
4628.188268 12.714873
4628.607355 12.480851
4629.026442 12.345307
4629.445528 12.066408
4629.864615 12.248430
4630.283702 12.240466
4630.702789 12.387780
4631.121875 12.530682
4631.540962 12.370877
4631.960049 12.370344
4632.379135 12.050671
4632.798222 12.175758
4633.217309 11.988069
4633.636395 11.817472
4634.055482 11.734307
4634.474569 12.102237
4634.893655 11.989479
4635.312742 11.702111
4635.731829 12.265739
4636.150916 12.026248
4636.570002 12.059249
4636.989089 11.808361
4637.408176 11.687305
4637.827262 11.640005
4638.246349 11.523406
4638.665436 12.025200
4639.084522 12.280418
4639.503609 12.065540
4639.922696 12.088073
4640.341783 11.951372
4640.760869 11.860785
4641.179956 12.007511
4641.599043 12.603688
4642.018129 12.330763
4642.437216 12.357328
4642.856303 12.657477
4643.275389 12.623781
4643.694476 12.541528
4644.113563 12.607837
4644.532649 12.450373
4644.951736 12.018114
4645.370823 11.836553
4645.789910 12.497058
4646.208996 12.796077
4646.628083 12.629041
4647.047170 12.413305
4647.466256 12.697139
4647.885343 12.495060
4648.304430 11.966466
4648.723516 11.813920
4649.142603 12.078953
4649.561690 11.800054
4649.980777 11.756849
4650.399863 11.588168
4650.818950 11.625408
4651.238037 11.932011
4651.657123 11.992281
4652.076210 12.484675
4652.495297 13.485443
4652.914383 13.657441
4653.333470 12.569784
4653.752557 12.375116
4654.171643 12.298450
4654.590730 12.176418
4655.009817 12.428318
4655.428904 11.970940
4655.847990 12.233751
4656.267077 12.412564
4656.686164 12.430036
4657.105250 12.422299
4657.524337 12.070719
4657.943424 12.053039
4658.362510 12.032160
4658.781597 12.273051
4659.200684 12.701487
4659.619770 12.281095
4660.038857 12.336883
4660.457944 12.389813
4660.877031 12.333068
4661.296117 12.403679
4661.715204 12.292873
4662.134291 12.089384
4662.553377 11.972640
4662.972464 11.825878
4663.391551 12.268514
4663.810637 12.212482
4664.229724 12.126163
4664.648811 12.341194
4665.067898 12.270258
4665.486984 12.003661
4665.906071 11.914457
4666.325158 11.882732
4666.744244 11.719293
4667.163331 11.880056
4667.582418 11.831608
4668.001504 11.900113
4668.420591 11.911827
4668.839678 11.762453
4669.258764 11.703620
4669.677851 11.599286
4670.096938 11.653672
4670.516025 11.742758
4670.935111 11.423112
4671.354198 11.653121
4671.773285 11.769015
4672.192371 11.696353
4672.611458 12.226402
4673.030545 12.483211
4673.449631 12.216568
4673.868718 11.954345
4674.287805 12.115343
4674.706892 12.201130
4675.125978 12.239282
4675.545065 12.184318
4675.964152 12.300041
4676.383238 12.316627
4676.802325 12.013766
4677.221412 12.162779
4677.640498 12.413477
4678.059585 12.341619
4678.478672 12.697067
4678.897758 12.442853
4679.316845 12.060099
4679.735932 12.114593
4680.155019 11.916645
4680.574105 12.184697
4680.993192 12.290161
4681.412279 12.789199
4681.831365 13.340823
4682.250452 13.327672
4682.669539 13.477118
4683.088625 13.487992
4683.507712 13.048746
4683.926799 12.899553
4684.345886 12.891933
4684.764972 13.020780
4685.184059 12.766521
4685.603146 12.768807
4686.022232 12.874380
4686.441319 12.500511
4686.860406 12.491418
4687.279492 12.325638
4687.698579 12.341583
4688.117666 12.318914
4688.536752 12.441081
4688.955839 12.429322
4689.374926 12.118642
4689.794013 12.213160
4690.213099 12.332435
4690.632186 12.337922
4691.051273 12.345298
4691.470359 12.237682
4691.889446 11.951968
4692.308533 12.074850
4692.727619 12.023456
4693.146706 11.713418
4693.565793 11.905753
4693.984880 11.856356
4694.403966 11.572983
4694.823053 11.602449
4695.242140 11.853374
4695.661226 11.848773
4696.080313 12.208623
4696.499400 12.138627
4696.918486 11.957193
4697.337573 11.888679
4697.756660 11.928594
4698.175746 11.958015
4698.594833 11.817734
4699.013920 11.644172
4699.433007 11.380702
4699.852093 11.391305
4700.271180 11.394260
4700.690267 11.498305
4701.109353 11.512216
4701.528440 11.675817
4701.947527 11.751218
4702.366613 11.637881
4702.785700 11.549944
4703.204787 11.520333
4703.623873 11.510435
4704.042960 11.353387
4704.462047 11.611362
4704.881134 11.520080
4705.300220 11.583893
4705.719307 11.560193
4706.138394 11.203661
4706.557480 11.279658
4706.976567 11.365662
4707.395654 11.496091
4707.814740 11.830135
4708.233827 11.852813
4708.652914 11.965635
4709.072001 11.820545
4709.491087 11.383739
4709.910174 11.520333
4710.329261 12.077878
4710.748347 11.899833
4711.167434 11.929652
4711.586521 12.045049
4712.005607 11.883391
4712.424694 11.849713
4712.843781 11.836254
4713.262867 11.815520
4713.681954 11.812853
4714.101041 12.230198
4714.520128 12.373037
4714.939214 12.458842
4715.358301 12.852144
4715.777388 12.602070
4716.196474 12.737407
4716.615561 12.611262
4717.034648 12.409979
4717.453734 12.101821
4717.872821 12.145298
4718.291908 11.952285
4718.710995 11.668468
4719.130081 11.551815
4719.549168 11.655706
4719.968255 11.904433
4720.387341 11.932092
4720.806428 12.004781
4721.225515 12.045736
4721.644601 11.923930
4722.063688 11.814308
4722.482775 11.777466
4722.901861 11.997207
4723.320948 11.855200
4723.740035 11.614344
4724.159122 11.666832
4724.578208 11.589614
4724.997295 11.772694
4725.416382 11.754228
4725.835468 11.537533
4726.254555 11.430370
4726.673642 11.601437
4727.092728 11.689709
4727.511815 11.692728
4727.930902 11.602965
4728.349989 11.721969
4728.769075 11.558006
4729.188162 11.224992
4729.607249 11.136675
4730.026335 11.494617
4730.445422 11.499824
4730.864509 11.438071
4731.283595 11.504849
4731.702682 11.472328
4732.121769 11.330384
4732.540855 11.251457
4732.959942 11.465603
4733.379029 11.618150
4733.798116 11.573037
4734.217202 11.652488
4734.636289 11.569286
4735.055376 11.495657
4735.474462 11.379464
4735.893549 11.633272
4736.312636 11.448005
4736.731722 11.513138
4737.150809 11.398011
4737.569896 11.424206
4737.988982 11.436300
4738.408069 11.520848
4738.827156 11.596665
4739.246243 11.857134
4739.665329 11.588557
4740.084416 11.852325
4740.503503 12.064790
4740.922589 12.117639
4741.341676 11.972025
4741.760763 12.070782
4742.179849 12.076251
4742.598936 11.945985
4743.018023 11.860731
4743.437110 12.052551
4743.856196 11.795743
4744.275283 11.176572
4744.694370 11.273024
4745.113456 11.184001
4745.532543 11.521969
4745.951630 11.532851
4746.370716 11.905527
4746.789803 11.731956
4747.208890 12.135915
4747.627976 11.889294
4748.047063 11.937542
4748.466150 11.685398
4748.885237 11.573019
4749.304323 11.640484
4749.723410 11.307751
4750.142497 12.026140
4750.561583 11.746265
4750.980670 11.785538
4751.399757 11.649207
4751.818843 11.741447
4752.237930 11.641352
4752.657017 11.498811
4753.076104 12.120785
4753.495190 12.131514
4753.914277 11.713780
4754.333364 11.694943
4754.752450 10.755954
4755.171537 10.793185
4755.590624 9.895449
4756.009710 13.578578
4756.428797 16.065793
4756.847884 16.646468
4757.266970 13.675880
4757.686057 12.471063
4758.105144 11.083292
4758.524231 8.822109
4758.943317 7.750097
4759.362404 11.099182
4759.781491 14.048918
4760.200577 16.306549
4760.619664 16.014317
4761.038751 14.579021
4761.457837 13.810169
4761.876924 11.856528
4762.296011 10.976644
4762.715098 10.162580
4763.134184 11.009464
4763.553271 10.665531
4763.972358 10.586487
4764.391444 12.763972
4764.810531 13.848927
4765.229618 15.959181
4765.648704 16.684666
4766.067791 14.124698
4766.486878 14.066010
4766.905964 13.054431
4767.325051 11.272274
4767.744138 9.716708
4768.163225 11.457333
4768.582311 12.806390
4769.001398 13.624766
4769.420485 13.058969
4769.839571 12.882921
4770.258658 12.158377
4770.677745 10.914403
4771.096831 10.107217
4771.515918 10.748045
4771.935005 12.933294
4772.354091 13.623555
4772.773178 14.013043
4773.192265 14.707344
4773.611352 13.199819
4774.030438 12.569295
4774.449525 11.645049
4774.868612 11.085543
4775.287698 10.360130
4775.706785 10.535744
4776.125872 10.601446
4776.544958 10.316699
4776.964045 11.780169
4777.383132 12.402224
4777.802219 13.375812
4778.221305 13.136006
4778.640392 14.004727
4779.059479 12.952926
4779.478565 12.192606
4779.897652 11.878447
4780.316739 12.308076
4780.735825 11.575496
4781.154912 11.834184
4781.573999 11.696696
4781.993085 12.043187
4782.412172 11.454323
4782.831259 11.170244
4783.250346 11.068062
4783.669432 11.305166
4784.088519 11.589777
4784.507606 12.130691
4784.926692 12.586234
4785.345779 12.622199
4785.764866 12.197993
4786.183952 12.059430
4786.603039 12.048981
4787.022126 11.618520
4787.441213 12.069517
4787.860299 13.036245
4788.279386 13.508546
4788.698473 13.955041
4789.117559 13.874696
4789.536646 14.534487
4789.955733 13.481303
4790.374819 14.982573
4790.793906 15.483418
4791.212993 14.584182
4791.632079 17.730781
4792.051166 14.777322
4792.470253 14.857884
4792.889340 13.599584
4793.308426 14.134704
4793.727513 10.739513
4794.146600 9.463054
4794.565686 9.767515
4794.984773 11.506133
4795.403860 12.338347
4795.822946 12.987246
4796.242033 12.769060
4796.661120 12.103484
4797.080207 11.763447
4797.499293 11.473584
4797.918380 11.990039
4798.337467 12.470068
4798.756553 12.445772
4799.175640 12.532110
4799.594727 12.684033
4800.013813 12.660487
4800.432900 12.440412
4800.851987 12.488796
4801.271073 12.629150
4801.690160 12.687224
4802.109247 12.595237
4802.528334 12.433904
4802.947420 12.470367
4803.366507 11.955864
4803.785594 11.829575
4804.204680 12.118199
4804.623767 13.368654
4805.042854 14.089538
4805.461940 14.878863
4805.881027 14.792453
4806.300114 15.144123
4806.719201 14.385448
4807.138287 13.088851
4807.557374 12.526190
4807.976461 12.850960
4808.395547 12.925882
4808.814634 12.875726
4809.233721 12.918868
4809.652807 12.927139
4810.071894 12.706982
4810.490981 12.826330
4810.910067 12.896525
4811.329154 13.465748
4811.748241 13.830804
4812.167328 13.658399
4812.586414 13.144285
4813.005501 11.595246
4813.424588 14.251069
4813.843674 16.484991
4814.262761 17.859005
4814.681848 17.651882
4815.100934 16.564695
4815.520021 15.565626
4815.939108 14.359100
4816.358194 13.978045
4816.777281 13.507841
4817.196368 13.668857
4817.615455 13.718073
4818.034541 13.205640
4818.453628 12.785384
4818.872715 12.750377
4819.291801 12.988846
4819.710888 13.220491
4820.129975 14.401708
4820.549061 15.140462
4820.968148 15.296145
4821.387235 15.592823
4821.806322 17.074732
4822.225408 16.786035
4822.644495 15.901315
4823.063582 14.056736
4823.482668 18.204781
4823.901755 18.248945
4824.320842 19.109206
4824.739928 18.062693
4825.159015 17.271352
4825.578102 16.735355
4825.997188 13.201880
4826.416275 11.191811
4826.835362 11.992281
4827.254449 12.544358
4827.673535 13.375966
4828.092622 14.001699
4828.511709 15.083427
4828.930795 14.854458
4829.349882 14.697853
4829.768969 14.626836
4830.188055 14.650978
4830.607142 14.543770
4831.026229 14.395164
4831.445316 14.864229
4831.864402 14.429593
4832.283489 14.533412
4832.702576 14.128232
4833.121662 16.209319
4833.540749 20.069562
4833.959836 20.982429
4834.378922 20.831834
4834.798009 19.834438
4835.217096 17.818023
4835.636182 17.095440
4836.055269 14.853103
4836.474356 14.319754
4836.893443 15.187490
4837.312529 16.574872
4837.731616 16.058508
4838.150703 14.998364
4838.569789 15.365463
4838.988876 15.453536
4839.407963 15.597225
4839.827049 15.803498
4840.246136 16.217806
4840.665223 16.701885
4841.084310 16.767903
4841.503396 16.742116
4841.922483 15.882822
4842.341570 17.170353
4842.760656 19.253681
4843.179743 21.545515
4843.598830 22.504669
4844.017916 23.009346
4844.437003 21.815131
4844.856090 21.914973
4845.275176 16.202224
4845.694263 16.792877
4846.113350 14.449623
4846.532437 14.683554
4846.951523 16.111990
4847.370610 16.625363
4847.789697 16.647264
4848.208783 16.996321
4848.627870 17.361215
4849.046957 16.679071
4849.466043 16.649324
4849.885130 17.155114
4850.304217 17.259629
4850.723303 18.206689
4851.142390 17.669671
4851.561477 16.941077
4851.980564 16.687495
4852.399650 16.677760
4852.818737 17.085217
4853.237824 16.595435
4853.656910 17.470981
4854.075997 18.540896
4854.495084 17.035432
4854.914170 16.220111
4855.333257 15.122619
4855.752344 17.870864
4856.171431 18.584345
4856.590517 20.949284
4857.009604 22.199638
4857.428691 24.594965
4857.847777 23.471569
4858.266864 22.137226
4858.685951 21.276667
4859.105037 21.505473
4859.524124 22.055227
4859.943211 21.644190
4860.362297 21.315741
4860.781384 21.647526
4861.200471 20.561025
4861.619558 20.493216
4862.038644 20.272518
4862.457731 20.181190
4862.876818 19.011172
4863.295904 19.174583
4863.714991 19.007529
4864.134078 18.268270
4864.553164 20.244633
4864.972251 22.776870
4865.391338 23.455832
4865.810425 21.760004
4866.229511 18.411063
4866.648598 18.721734
4867.067685 18.420635
4867.486771 16.654070
4867.905858 16.137316
4868.324945 16.365779
4868.744031 16.629701
4869.163118 16.396294
4869.582205 16.053889
4870.001291 15.711511
4870.420378 16.055172
4870.839465 16.005767
4871.258552 15.780992
4871.677638 15.807620
4872.096725 15.526795
4872.515812 15.741013
4872.934898 15.893370
4873.353985 16.238216
4873.773072 16.446721
4874.192158 16.513391
4874.611245 16.483653
4875.030332 15.891020
4875.449419 15.389072
4875.868505 16.076947
4876.287592 15.911113
4876.706679 16.171112
4877.125765 16.221512
4877.544852 16.345388
4877.963939 16.418303
4878.383025 16.209048
4878.802112 15.954038
4879.221199 15.550938
4879.640285 15.284666
4880.059372 15.769693
4880.478459 15.577964
4880.897546 15.214525
4881.316632 16.666344
4881.735719 18.987906
4882.154806 19.956162
4882.573892 18.735915
4882.992979 19.092719
4883.412066 18.041515
4883.831152 17.132607
4884.250239 15.737334
4884.669326 15.971627
4885.088412 15.773851
4885.507499 16.437158
4885.926586 17.112062
4886.345673 17.494319
4886.764759 17.131830
4887.183846 16.427234
4887.602933 15.558223
4888.022019 15.373643
4888.441106 15.298884
4888.860193 15.349591
4889.279279 17.413676
4889.698366 17.861581
4890.117453 17.961197
4890.536540 17.493280
4890.955626 18.391684
4891.374713 15.678402
4891.793800 15.955773
4892.212886 15.130483
4892.631973 15.301668
4893.051060 15.876422
4893.470146 15.870565
4893.889233 15.567894
4894.308320 15.353179
4894.727406 15.543698
4895.146493 15.458851
4895.565580 15.467067
4895.984667 15.468116
4896.403753 15.737416
4896.822840 15.427225
4897.241927 15.521029
4897.661013 15.534162
4898.080100 15.233425
4898.499187 15.471551
4898.918273 15.538898
4899.337360 15.429629
4899.756447 15.113572
4900.175534 14.784797
4900.594620 14.557147
4901.013707 14.654720
4901.432794 15.102870
4901.851880 15.023953
4902.270967 15.321969
4902.690054 15.475491
4903.109140 15.416270
4903.528227 15.244471
4903.947314 15.074380
4904.366400 15.259312
4904.785487 15.358485
4905.204574 14.770995
4905.623661 14.824920
4906.042747 15.048619
4906.461834 15.150585
4906.880921 15.233308
4907.300007 14.916473
4907.719094 14.512686
4908.138181 14.765978
4908.557267 14.576093
4908.976354 13.881755
4909.395441 14.432820
4909.814528 15.425381
4910.233614 17.407764
4910.652701 16.976942
4911.071788 16.958801
4911.490874 17.196312
4911.909961 15.964125
4912.329048 15.448502
4912.748134 14.915099
4913.167221 14.927301
4913.586308 14.701568
4914.005394 14.115054
4914.424481 14.396638
4914.843568 14.284078
4915.262655 13.919980
4915.681741 14.629403
4916.100828 14.719112
4916.519915 15.862485
4916.939001 16.755882
4917.358088 17.283437
4917.777175 15.767442
4918.196261 15.449975
4918.615348 14.610458
4919.034435 14.185538
4919.453522 13.959407
4919.872608 13.998192
4920.291695 13.787644
4920.710782 13.674443
4921.129868 13.514683
4921.548955 13.985882
4921.968042 13.934786
4922.387128 13.646559
4922.806215 13.911393
4923.225302 14.011416
4923.644388 14.037466
4924.063475 13.938519
4924.482562 13.978994
4924.901649 13.932806
4925.320735 13.650038
4925.739822 13.581127
4926.158909 13.698323
4926.577995 13.877833
4926.997082 13.760184
4927.416169 13.625525
4927.835255 13.658833
4928.254342 13.625191
4928.673429 13.395444
4929.092515 13.570968
4929.511602 13.798988
4929.930689 13.870023
4930.349776 13.396629
4930.768862 13.462096
4931.187949 13.330474
4931.607036 13.329353
4932.026122 13.238722
4932.445209 13.338284
4932.864296 13.536385
4933.283382 13.246685
4933.702469 13.537009
4934.121556 13.558729
4934.540643 13.488390
4934.959729 13.850807
4935.378816 13.585764
4935.797903 13.593031
4936.216989 13.717006
4936.636076 13.370353
4937.055163 13.186153
4937.474249 13.254278
4937.893336 12.576897
4938.312423 12.814073
4938.731509 12.751046
4939.150596 12.150884
4939.569683 12.017183
4939.988770 12.406797
4940.407856 12.933050
4940.826943 13.616577
4941.246030 15.140381
4941.665116 15.556569
4942.084203 15.061780
4942.503290 14.770850
4942.922376 13.762534
4943.341463 13.069110
4943.760550 13.436742
4944.179637 12.901921
4944.598723 13.189506
4945.017810 12.975731
4945.436897 13.551137
4945.855983 13.277408
4946.275070 12.471442
4946.694157 12.544168
4947.113243 14.210422
4947.532330 16.723948
4947.951417 17.609825
4948.370503 17.060343
4948.789590 17.229421
4949.208677 16.785854
4949.627764 14.939115
4950.046850 13.807204
4950.465937 14.519754
4950.885024 14.937389
4951.304110 15.178723
4951.723197 15.773462
4952.142284 16.587328
4952.561370 17.401952
4952.980457 17.399394
4953.399544 17.873774
4953.818631 18.107922
4954.237717 18.983848
4954.656804 19.136530
4955.075891 19.547214
4955.494977 19.846134
4955.914064 20.615999
4956.333151 23.046893
4956.752237 25.223573
4957.171324 26.326913
4957.590411 26.642473
4958.009497 25.583848
4958.428584 24.497166
4958.847671 22.733864
4959.266758 22.243296
4959.685844 21.311249
4960.104931 20.547847
4960.524018 20.056935
4960.943104 19.264763
4961.362191 18.031048
4961.781278 17.110969
4962.200364 16.274289
4962.619451 15.510128
4963.038538 15.733213
4963.457624 15.696633
4963.876711 15.213025
4964.295798 14.061852
4964.714885 13.079541
4965.133971 12.812130
4965.553058 12.790609
4965.972145 12.257893
4966.391231 13.091083
4966.810318 14.717702
4967.229405 16.271777
4967.648491 16.664934
4968.067578 16.762435
4968.486665 15.309730
4968.905752 14.498007
4969.324838 11.412302
4969.743925 10.717494
4970.163012 11.727735
4970.582098 12.672482
4971.001185 12.785095
4971.420272 12.463352
4971.839358 12.770172
4972.258445 11.838523
4972.677532 12.105066
4973.096618 12.238360
4973.515705 12.345777
4973.934792 12.727094
4974.353879 12.813368
4974.772965 13.016044
4975.192052 12.609925
4975.611139 13.111556
4976.030225 14.447896
4976.449312 14.737362
4976.868399 14.513174
4977.287485 14.657640
4977.706572 13.520007
4978.125659 12.168157
4978.544746 10.833660
4978.963832 11.488272
4979.382919 11.638912
4979.802006 12.027297
4980.221092 11.949085
4980.640179 12.546382
4981.059266 12.744773
4981.478352 12.117395
4981.897439 12.307037
4982.316526 11.453681
4982.735612 11.861364
4983.154699 11.735463
4983.573786 11.963565
4983.992873 11.905220
4984.411959 12.263072
4984.831046 12.073422
4985.250133 11.907353
4985.669219 11.952935
4986.088306 11.781778
4986.507393 11.646902
4986.926479 11.603191
4987.345566 12.055968
4987.764653 12.314376
4988.183740 12.591874
4988.602826 13.200642
4989.021913 13.574673
4989.441000 13.576499
4989.860086 13.367217
4990.279173 13.437637
4990.698260 13.580350
4991.117346 14.086627
4991.536433 14.027252
4991.955520 14.025209
4992.374606 14.130429
4992.793693 14.539712
4993.212780 15.094581
4993.631867 15.134325
4994.050953 15.544023
4994.470040 15.577376
4994.889127 15.658381
4995.308213 15.177991
4995.727300 15.404700
4996.146387 15.955810
4996.565473 16.540579
4996.984560 16.946644
4997.403647 17.579075
4997.822733 18.178307
4998.241820 18.819596
4998.660907 19.237755
4999.079994 20.215899
4999.499080 20.926723
4999.918167 22.067492
5000.337254 22.659149
5000.756340 24.383513
5001.175427 26.546355
5001.594514 27.994233
5002.013600 29.586840
5002.432687 30.710336
5002.851774 35.005731
5003.270861 41.744656
5003.689947 48.405342
5004.109034 52.245203
5004.528121 52.160727
5004.947207 49.498902
5005.366294 48.223989
5005.785381 45.067917
5006.204467 42.458083
5006.623554 43.711981
5007.042641 44.287115
5007.461727 42.594288
5007.880814 40.247047
5008.299901 39.066986
5008.718988 36.184146
5009.138074 32.457622
5009.557161 27.635079
5009.976248 25.465368
5010.395334 23.423889
5010.814421 20.244633
5011.233508 19.664790
5011.652594 19.738573
5012.071681 18.977376
5012.490768 17.519320
5012.909855 16.152782
5013.328941 14.835938
5013.748028 14.923966
5014.167115 14.719573
5014.586201 14.642355
5015.005288 13.903484
5015.424375 13.667537
5015.843461 12.869716
5016.262548 12.651765
5016.681635 12.514376
5017.100721 12.516084
5017.519808 13.114729
5017.938895 12.788213
5018.357982 12.597117
5018.777068 11.882406
5019.196155 11.136810
5019.615242 11.000380
5020.034328 10.536123
5020.453415 10.819605
5020.872502 11.099010
5021.291588 11.233461
5021.710675 10.954689
5022.129762 11.216035
5022.548849 11.241650
5022.967935 11.223492
5023.387022 11.423103
5023.806109 11.299516
5024.225195 10.816080
5024.644282 11.145740
5025.063369 10.717983
5025.482455 11.055715
5025.901542 11.138573
5026.320629 10.943119
5026.739715 11.026032
5027.158802 10.932535
5027.577889 10.754246
5027.996976 10.913626
5028.416062 10.858833
5028.835149 11.216143
5029.254236 11.263994
5029.673322 10.984697
5030.092409 11.280607
5030.511496 10.704180
5030.930582 10.614137
5031.349669 10.786098
5031.768756 10.458743
5032.187843 11.664094
5032.606929 12.445998
5033.026016 11.792525
5033.445103 11.831120
5033.864189 11.225336
5034.283276 11.178632
5034.702363 10.017318
5035.121449 9.157265
5035.540536 9.545795
5035.959623 9.640340
5036.378709 11.117422
5036.797796 11.269255
5037.216883 11.160564
5037.635970 11.002205
5038.055056 10.636598
5038.474143 10.222705
5038.893230 9.986858
5039.312316 10.012564
5039.731403 10.088462
5040.150490 10.339558
5040.569576 10.786803
5040.988663 10.567334
5041.407750 10.709423
5041.826836 10.266588
5042.245923 10.595598
5042.665010 10.093858
5043.084097 9.336638
5043.503183 10.431699
5043.922270 10.645817
5044.341357 11.467510
5044.760443 12.897555
5045.179530 14.515262
5045.598617 18.169386
5046.017703 15.404989
5046.436790 12.633986
5046.855877 11.019451
5047.274964 11.026077
5047.694050 8.964170
5048.113137 9.157391
5048.532224 10.131984
5048.951310 11.440123
5049.370397 11.306684
5049.789484 10.565852
5050.208570 11.027884
5050.627657 10.687956
5051.046744 10.773327
5051.465830 11.047553
5051.884917 11.164622
5052.304004 11.190790
5052.723091 11.228933
5053.142177 10.850102
5053.561264 10.837664
5053.980351 10.686546
5054.399437 10.269652
5054.818524 9.670430
5055.237611 9.154879
5055.656697 9.663822
5056.075784 10.226013
5056.494871 11.914909
5056.913958 11.859710
5057.333044 13.112840
5057.752131 12.389741
5058.171218 11.275175
5058.590304 9.396394
5059.009391 9.721363
5059.428478 8.525656
5059.847564 9.933764
5060.266651 10.689312
5060.685738 11.327410
5061.104824 10.652163
5061.523911 10.163185
5061.942998 9.768148
5062.362085 9.427613
5062.781171 9.934397
5063.200258 10.306838
5063.619345 10.096154
5064.038431 10.673810
5064.457518 10.898369
5064.876605 10.229611
5065.295691 9.307019
5065.714778 10.762751
5066.133865 15.069689
5066.552952 18.940191
5066.972038 19.898531
5067.391125 15.848601
5067.810212 15.094328
5068.229298 11.809581
5068.648385 11.031157
5069.067472 9.814109
5069.486558 9.022271
5069.905645 8.827116
5070.324732 9.949202
5070.743818 10.264392
5071.162905 11.203869
5071.581992 11.031229
5072.001079 10.471930
5072.420165 10.383251
5072.839252 10.080698
5073.258339 10.480092
5073.677425 10.232259
5074.096512 10.520929
5074.515599 9.248818
5074.934685 9.342270
5075.353772 9.908203
5075.772859 10.112252
5076.191945 10.064663
5076.611032 9.926027
5077.030119 9.809897
5077.449206 9.490957
5077.868292 9.651322
5078.287379 9.076016
5078.706466 8.950748
5079.125552 9.089592
5079.544639 9.943155
5079.963726 11.213920
5080.382812 11.424820
5080.801899 10.902770
5081.220986 11.666579
5081.640073 11.410973
5082.059159 9.230723
5082.478246 13.048059
5082.897333 14.661626
5083.316419 12.155557
5083.735506 11.346102
5084.154593 10.137208
5084.573679 7.782347
5084.992766 9.553884
5085.411853 10.355538
5085.830939 8.058191
5086.250026 9.441325
5086.669113 12.539920
5087.088200 10.620129
5087.507286 10.354418
5087.926373 12.236833
5088.345460 12.046098
5088.764546 11.263741
5089.183633 9.610955
5089.602720 10.085253
5090.021806 9.390997
5090.440893 10.783468
5090.859980 12.008316
5091.279067 11.757834
5091.698153 8.937777
5092.117240 9.708492
5092.536327 9.653609
5092.955413 8.728721
5093.374500 6.836309
5093.793587 7.432033
5094.212673 9.402242
5094.631760 10.990166
5095.050847 10.911411
5095.469933 10.538085
5095.889020 11.916545
5096.308107 11.445637
5096.727194 11.816080
5097.146280 10.753423
5097.565367 10.060144
5097.984454 9.865847
5098.403540 9.589099
5098.822627 10.854079
5099.241714 10.927509
5099.660800 10.530239
5100.079887 11.000000
5100.498974 11.191377
5100.918061 9.697772
5101.337147 8.619027
5101.756234 8.722972
5102.175321 8.752013
5102.594407 8.907986
5103.013494 9.138654
5103.432581 9.456727
5103.851667 9.517811
5104.270754 9.681810
5104.689841 10.012175
5105.108927 10.065214
5105.528014 9.978641
5105.947101 9.206824
5106.366188 8.931947
5106.785274 8.877977
5107.204361 8.662385
5107.623448 8.790853
5108.042534 9.194405
5108.461621 8.513102
5108.880708 8.336331
5109.299794 9.478519
5109.718881 9.567361
5110.137968 10.602965
5110.557054 11.264645
5110.976141 11.630470
5111.395228 11.685967
5111.814315 11.283120
5112.233401 10.621630
5112.652488 9.972902
5113.071575 8.920586
5113.490661 9.218954
5113.909748 9.909161
5114.328835 8.474380
5114.747921 9.009328
5115.167008 11.525946
5115.586095 11.395191
5116.005182 15.444977
5116.424268 21.494129
5116.843355 30.495187
5117.262442 18.040024
5117.681528 13.241786
5118.100615 7.629050
5118.519702 6.965300
5118.938788 4.393293
5119.357875 2.315226
5119.776962 2.907986
5120.196048 8.510182
5120.615135 9.891933
5121.034222 9.125087
5121.453309 8.814281
5121.872395 10.961115
5122.291482 11.722981
5122.710569 15.007177
5123.129655 13.802341
5123.548742 15.777611
5123.967829 14.093415
5124.386915 11.342993
5124.806002 8.505310
5125.225089 5.866968
5125.644176 6.607547
5126.063262 9.117919
5126.482349 9.167949
5126.901436 9.464482
5127.320522 10.141646
5127.739609 10.567397
5128.158696 10.548714
5128.577782 9.365806
5128.996869 9.808063
5129.415956 9.488155
5129.835042 8.663136
5130.254129 9.015275
5130.673216 9.238794
5131.092303 8.798834
5131.511389 10.011452
5131.930476 10.576707
5132.349563 10.936756
5132.768649 10.753866
5133.187736 10.593709
5133.606823 9.414688
5134.025909 8.413441
5134.444996 7.906666
5134.864083 7.923379
5135.283170 7.890550
5135.702256 8.852307
5136.121343 9.625092
5136.540430 9.382736
5136.959516 9.267113
5137.378603 9.120034
5137.797690 9.218954
5138.216776 8.579030
5138.635863 8.163447
5139.054950 7.260334
5139.474036 7.839147
5139.893123 9.042500
5140.312210 10.732851
5140.731297 12.601880
5141.150383 13.590193
5141.569470 14.101288
5141.988557 13.263714
5142.407643 10.279243
5142.826730 9.563520
5143.245817 8.803299
5143.664903 9.458942
5144.083990 9.946346
5144.503077 10.551833
5144.922163 10.558115
5145.341250 10.953044
5145.760337 10.829403
5146.179424 10.933574
5146.598510 11.289212
5147.017597 11.128422
5147.436684 11.308166
5147.855770 10.830686
5148.274857 9.332553
5148.693944 8.725485
5149.113030 8.275491
5149.532117 8.053048
5149.951204 7.386577
5150.370291 7.896272
5150.789377 10.616125
5151.208464 12.145641
5151.627551 15.580657
5152.046637 21.047273
5152.465724 19.863633
5152.884811 18.789054
5153.303897 18.557419
5153.722984 14.481086
5154.142071 10.318534
5154.561157 5.444001
5154.980244 6.320441
5155.399331 6.713671
5155.818418 9.595734
5156.237504 10.399629
5156.656591 9.822055
5157.075678 10.392444
5157.494764 9.720757
5157.913851 9.869661
5158.332938 10.273639
5158.752024 10.848610
5159.171111 10.983884
5159.590198 10.776255
5160.009285 9.783152
5160.428371 8.616487
5160.847458 8.114430
5161.266545 8.010214
5161.685631 8.141782
5162.104718 7.387753
5162.523805 11.432991
5162.942891 12.388620
5163.361978 14.357889
5163.781065 13.890559
5164.200151 12.371338
5164.619238 9.079270
5165.038325 7.559841
5165.457412 5.016731
5165.876498 6.539215
5166.295585 8.544773
5166.714672 8.923306
5167.133758 9.722809
5167.552845 9.043802
5167.971932 8.751887
5168.391018 9.246902
5168.810105 9.268803
5169.229192 9.583179
5169.648279 8.579202
5170.067365 8.383324
5170.486452 8.389425
5170.905539 7.495802
5171.324625 6.485534
5171.743712 8.250653
5172.162799 8.977602
5172.581885 9.400136
5173.000972 14.135961
5173.420059 23.074560
5173.839145 28.416161
5174.258232 26.194667
5174.677319 18.086175
5175.096406 12.200795
5175.515492 5.733285
5175.934579 1.671605
5176.353666 1.803408
5176.772752 4.182582
5177.191839 9.552709
5177.610926 10.107416
5178.030012 10.669463
5178.449099 10.328332
5178.868186 9.462620
5179.287273 9.196276
5179.706359 7.768003
5180.125446 7.092322
5180.544533 8.444480
5180.963619 8.812148
5181.382706 7.555927
5181.801793 7.629837
5182.220879 7.381046
5182.639966 7.700276
5183.059053 7.252994
5183.478139 7.063298
5183.897226 8.566963
5184.316313 7.910426
5184.735400 8.260632
5185.154486 7.955773
5185.573573 7.638586
5185.992660 7.711222
5186.411746 7.067908
5186.830833 7.799729
5187.249920 9.386894
5187.669006 12.171338
5188.088093 14.176111
5188.507180 11.914213
5188.926266 11.134623
5189.345353 11.642066
5189.764440 10.442816
5190.183527 10.625119
5190.602613 9.888724
5191.021700 9.269128
5191.440787 8.634112
5191.859873 10.047001
5192.278960 9.842337
5192.698047 9.256221
5193.117133 9.279794
5193.536220 9.031021
5193.955307 8.873593
5194.374394 9.718733
5194.793480 10.230677
5195.212567 10.573706
5195.631654 9.808279
5196.050740 9.086356
5196.469827 7.882352
5196.888914 11.770986
5197.308000 10.977855
5197.727087 14.513545
5198.146174 17.862412
5198.565260 23.849722
5198.984347 20.938030
5199.403434 8.578849
5199.822521 7.901008
5200.241607 8.114286
5200.660694 7.362923
5201.079781 8.013639
5201.498867 6.685940
5201.917954 7.649785
5202.337041 12.322131
5202.756127 13.827894
5203.175214 12.461780
5203.594301 10.674859
5204.013388 8.101559
5204.432474 6.169404
5204.851561 3.415646
5205.270648 5.277579
5205.689734 5.088254
5206.108821 5.101125
5206.527908 11.319637
5206.946994 14.601546
5207.366081 14.288589
5207.785168 12.895548
5208.204254 8.250129
5208.623341 3.266516
5209.042428 4.197171
5209.461515 4.034835
5209.880601 4.848827
5210.299688 6.703611
5210.718775 8.662512
5211.137861 8.913201
5211.556948 8.303819
5211.976035 6.409147
5212.395121 7.050219
5212.814208 8.322791
5213.233295 10.845718
5213.652382 10.682334
5214.071468 12.823040
5214.490555 13.670502
5214.909642 10.221774
5215.328728 8.228870
5215.747815 3.046269
5216.166902 6.411416
5216.585988 11.742224
5217.005075 12.346075
5217.424162 15.768889
5217.843248 18.840358
5218.262335 20.406119
5218.681422 13.683635
5219.100509 8.053518
5219.519595 8.118570
5219.938682 3.765617
5220.357769 1.941908
5220.776855 3.132734
5221.195942 6.326325
5221.615029 9.079432
5222.034115 9.747431
5222.453202 7.996195
5222.872289 8.690884
5223.291375 8.161775
5223.710462 8.419605
5224.129549 8.212293
5224.548636 11.803227
5224.967722 13.529344
5225.386809 17.441054
5225.805896 15.123487
5226.224982 14.462666
5226.644069 11.455425
5227.063156 9.909387
5227.482242 9.256817
5227.901329 9.902572
5228.320416 11.520134
5228.739503 14.225055
5229.158589 14.852370
5229.577676 11.722574
5229.996763 8.043205
5230.415849 6.680616
5230.834936 6.168825
5231.254023 7.375442
5231.673109 7.619153
5232.092196 8.944945
5232.511283 9.820247
5232.930369 10.649713
5233.349456 10.966674
5233.768543 10.805432
5234.187630 10.220771
5234.606716 10.098558
5235.025803 9.201943
5235.444890 9.742062
5235.863976 10.805333
5236.283063 11.232323
5236.702150 9.789081
5237.121236 8.642048
5237.540323 8.550576
5237.959410 8.847544
5238.378497 8.980567
5238.797583 9.851376
5239.216670 9.939558
5239.635757 9.900465
5240.054843 9.677263
5240.473930 9.028969
5240.893017 9.682388
5241.312103 9.531857
5241.731190 8.753405
5242.150277 9.682623
5242.569363 9.457107
5242.988450 8.109441
5243.407537 8.372604
5243.826624 7.375668
5244.245710 7.730781
5244.664797 7.922547
5245.083884 7.468559
5245.502970 7.086727
5245.922057 7.450978
5246.341144 7.947666
5246.760230 7.247743
5247.179317 7.530348
5247.598404 8.707760
5248.017491 9.965653
5248.436577 10.628481
5248.855664 10.639581
5249.274751 9.953188
5249.693837 11.144855
5250.112924 10.701387
5250.532011 9.104596
5250.951097 8.588665
5251.370184 8.252840
5251.789271 8.751119
5252.208357 8.764261
5252.627444 8.998671
5253.046531 11.094256
5253.465618 9.109070
5253.884704 4.206689
5254.303791 -0.646721
5254.722878 9.565725
5255.141964 14.379238
5255.561051 15.562534
5255.980138 23.378470
5256.399224 48.243341
5256.818311 53.267384
5257.237398 45.068758
5257.656484 37.818656
5258.075571 32.773733
5258.494658 14.695151
5258.913745 -1.049324
5259.332831 -6.988756
5259.751918 2.234230
5260.171005 4.981913
5260.590091 13.103638
5261.009178 19.031147
5261.428265 25.451114
5261.847351 18.703195
5262.266438 12.755963
5262.685525 6.794432
5263.104612 5.806987
5263.523698 5.670656
5263.942785 3.960808
5264.361872 7.056781
5264.780958 7.126813
5265.200045 9.454910
5265.619132 8.731206
5266.038218 9.874416
5266.457305 8.126515
5266.876392 7.058300
5267.295478 9.817237
5267.714565 11.049234
5268.133652 12.317621
5268.552739 15.259647
5268.971825 15.473069
5269.390912 17.511457
5269.809999 17.964640
5270.229085 14.475193
5270.648172 9.368880
5271.067259 3.327762
5271.486345 1.281972
5271.905432 3.423094
5272.324519 6.677507
5272.743606 7.702644
5273.162692 7.804321
5273.581779 9.298468
5274.000866 8.373028
5274.419952 8.494292
5274.839039 5.369720
