1808.245614 45.612119
1808.656718 47.214435
1809.067822 47.287807
1809.478926 41.861714
1809.890030 47.553119
1810.301134 50.772880
1810.712239 47.806385
1811.123343 43.784515
1811.534447 50.902161
1811.945551 47.379415
1812.356655 43.419013
1812.767759 46.641236
1813.178863 48.179107
1813.589967 48.074378
1814.001071 45.159470
1814.412175 47.775561
1814.823279 51.372908
1815.234384 49.533968
1815.645488 50.280179
1816.056592 47.723790
1816.467696 48.046177
1816.878800 48.899553
1817.289904 48.334793
1817.701008 43.804338
1818.112112 43.272375
1818.523216 44.077559
1818.934320 49.293497
1819.345424 48.423815
1819.756529 46.444936
1820.167633 48.078873
1820.578737 44.810386
1820.989841 47.450340
1821.400945 46.493703
1821.812049 46.146863
1822.223153 43.062217
1822.634257 45.131570
1823.045361 47.634237
1823.456465 46.431224
1823.867569 45.316087
1824.278674 43.960422
1824.689778 46.484318
1825.100882 48.224106
1825.511986 47.863659
1825.923090 47.084474
1826.334194 47.920624
1826.745298 44.707787
1827.156402 45.137880
1827.567506 47.592438
1827.978610 42.562596
1828.389714 45.965796
1828.800819 44.228820
1829.211923 44.213823
1829.623027 47.375799
1830.034131 45.948149
1830.445235 43.954743
1830.856339 42.242517
1831.267443 44.115416
1831.678547 48.669651
1832.089651 46.875097
1832.500755 49.474297
1832.911859 48.944341
1833.322964 46.392495
1833.734068 48.421023
1834.145172 48.198524
1834.556276 47.361137
1834.967380 44.121343
1835.378484 46.735551
1835.789588 50.237632
1836.200692 47.072890
1836.611796 44.887584
1837.022900 44.774656
1837.434004 46.687054
1837.845109 45.889447
1838.256213 42.704863
1838.667317 46.832286
1839.078421 44.598107
1839.489525 47.020115
1839.900629 48.932332
1840.311733 47.876592
1840.722837 44.047133
1841.133941 45.656929
1841.545045 46.962210
1841.956150 45.224351
1842.367254 43.801625
1842.778358 44.451303
1843.189462 44.869369
1843.600566 45.127796
1844.011670 44.502526
1844.422774 45.725632
1844.833878 45.441377
1845.244982 45.031271
1845.656086 43.840812
1846.067190 42.061319
1846.478295 41.589677
1846.889399 43.018684
1847.300503 44.552207
1847.711607 45.743809
1848.122711 42.457806
1848.533815 44.579881
1848.944919 42.767628
1849.356023 44.934837
1849.767127 47.473170
1850.178231 47.523990
1850.589335 45.542047
1851.000440 45.535488
1851.411544 44.850926
1851.822648 44.504074
1852.233752 46.560595
1852.644856 45.669595
1853.055960 44.971107
1853.467064 47.712871
1853.878168 46.501991
1854.289272 45.325010
1854.700376 43.383220
1855.111480 42.151183
1855.522585 45.866896
1855.933689 46.467416
1856.344793 46.388034
1856.755897 48.055994
1857.167001 46.854466
1857.578105 43.991269
1857.989209 47.121582
1858.400313 46.765522
1858.811417 47.583120
1859.222521 46.965570
1859.633625 45.578645
1860.044730 47.007426
1860.455834 47.382734
1860.866938 45.395796
1861.278042 46.633858
1861.689146 47.384873
1862.100250 48.758688
1862.511354 48.566883
1862.922458 47.378994
1863.333562 46.651475
1863.744666 45.104316
1864.155770 45.873541
1864.566875 47.466220
1864.977979 45.623706
1865.389083 45.785187
1865.800187 44.950318
1866.211291 44.952217
1866.622395 45.308803
1867.033499 44.216774
1867.444603 46.378329
1867.855707 45.460121
1868.266811 44.801598
1868.677915 44.214293
1869.089020 41.645846
1869.500124 43.256251
1869.911228 45.063445
1870.322332 48.037701
1870.733436 47.016657
1871.144540 45.958914
1871.555644 44.662093
1871.966748 44.136396
1872.377852 45.981627
1872.788956 43.205081
1873.200060 43.857804
1873.611165 42.344439
1874.022269 44.793656
1874.433373 45.240092
1874.844477 45.859619
1875.255581 48.075396
1875.666685 47.238761
1876.077789 46.182134
1876.488893 45.265237
1876.899997 47.418005
1877.311101 44.932653
1877.722205 45.904339
1878.133310 49.359471
1878.544414 47.697953
1878.955518 47.320623
1879.366622 46.305623
1879.777726 47.729037
1880.188830 49.280804
1880.599934 50.519294
1881.011038 49.947148
1881.422142 47.214694
1881.833246 49.689733
1882.244350 52.738721
1882.655455 51.505508
1883.066559 49.185459
1883.477663 49.344429
1883.888767 55.005228
1884.299871 50.724496
1884.710975 53.422690
1885.122079 54.477881
1885.533183 53.180511
1885.944287 50.974285
1886.355391 49.937951
1886.766495 51.648684
1887.177600 53.058703
1887.588704 53.520688
1887.999808 55.556721
1888.410912 56.094111
1888.822016 56.660033
1889.233120 57.538822
1889.644224 57.316929
1890.055328 56.298053
1890.466432 58.092314
1890.877536 57.982334
1891.288640 56.484052
1891.699745 57.839773
1892.110849 62.149940
1892.521953 60.520825
1892.933057 61.670105
1893.344161 59.396257
1893.755265 60.866105
1894.166369 60.289682
1894.577473 59.679697
1894.988577 60.226481
1895.399681 60.269216
1895.810785 61.543342
1896.221890 59.950452
1896.632994 59.015961
1897.044098 59.444894
1897.455202 63.813461
1897.866306 60.255181
1898.277410 56.877420
1898.688514 62.643020
1899.099618 59.296414
1899.510722 61.356923
1899.921826 58.985949
1900.332930 60.889536
1900.744035 64.231903
1901.155139 61.832480
1901.566243 59.215352
1901.977347 60.442375
1902.388451 63.676231
1902.799555 64.707848
1903.210659 64.916616
1903.621763 65.437938
1904.032867 67.920144
1904.443971 70.219366
1904.855075 71.056531
1905.266180 70.721606
1905.677284 71.905259
1906.088388 70.445341
1906.499492 73.906705
1906.910596 74.442096
1907.321700 77.005142
1907.732804 74.811924
1908.143908 72.364410
1908.555012 73.536103
1908.966116 74.587396
1909.377221 72.415147
1909.788325 72.653864
1910.199429 70.085394
1910.610533 72.995029
1911.021637 72.470263
1911.432741 69.577430
1911.843845 68.046422
1912.254949 66.202183
1912.666053 64.857910
1913.077157 65.216372
1913.488261 61.921642
1913.899366 62.412230
1914.310470 63.812702
1914.721574 64.873910
1915.132678 62.731584
1915.543782 59.620326
1915.954886 60.538163
1916.365990 58.132106
1916.777094 59.569179
1917.188198 57.030906
1917.599302 58.537976
1918.010406 52.504707
1918.421511 53.606816
1918.832615 53.152337
1919.243719 52.895639
1919.654823 50.375535
1920.065927 53.494660
1920.477031 52.300062
1920.888135 50.541527
1921.299239 50.627561
1921.710343 51.380267
1922.121447 50.703831
1922.532551 51.065897
1922.943656 50.498912
1923.354760 48.778519
1923.765864 48.960586
1924.176968 49.866549
1924.588072 48.897091
1924.999176 47.931457
1925.410280 48.650722
1925.821384 47.349670
1926.232488 46.164329
1926.643592 44.805612
1927.054696 43.918303
1927.465801 45.883964
1927.876905 46.947867
1928.288009 45.561099
1928.699113 46.179706
1929.110217 44.834196
1929.521321 44.179718
1929.932425 46.320045
1930.343529 44.261242
1930.754633 43.733263
1931.165737 42.686379
1931.576841 42.712989
1931.987946 44.380548
1932.399050 45.416374
1932.810154 43.429068
1933.221258 41.680452
1933.632362 41.899435
1934.043466 41.209175
1934.454570 41.604407
1934.865674 41.397989
1935.276778 39.335352
1935.687882 40.279987
1936.098986 41.031224
1936.510091 40.451643
1936.921195 40.186413
1937.332299 41.499723
1937.743403 41.156829
1938.154507 39.791421
1938.565611 39.913677
1938.976715 40.631135
1939.387819 41.687567
1939.798923 40.893001
1940.210027 39.898827
1940.621131 39.686985
1941.032236 39.239553
1941.443340 38.413952
1941.854444 39.346391
1942.265548 40.082398
1942.676652 39.496852
1943.087756 38.966851
1943.498860 39.925393
1943.909964 40.711194
1944.321068 39.957499
1944.732172 41.011762
1945.143276 38.256595
1945.554381 38.508748
1945.965485 38.977544
1946.376589 38.904815
1946.787693 39.776928
1947.198797 40.101927
1947.609901 40.079481
1948.021005 37.527290
1948.432109 38.881553
1948.843213 39.544740
1949.254317 38.437248
1949.665421 39.016077
1950.076526 37.878310
1950.487630 38.464167
1950.898734 40.443682
1951.309838 39.453906
1951.720942 38.213168
1952.132046 39.451579
1952.543150 39.605400
1952.954254 38.557869
1953.365358 37.564237
1953.776462 37.613268
1954.187566 38.977991
1954.598671 38.784442
1955.009775 37.811068
1955.420879 38.860151
1955.831983 39.279721
1956.243087 37.165753
1956.654191 37.403113
1957.065295 36.960789
1957.476399 38.011552
1957.887503 37.883436
1958.298607 36.377754
1958.709711 39.313988
1959.120816 38.493060
1959.531920 38.417155
1959.943024 38.753306
1960.354128 36.334819
1960.765232 38.736317
1961.176336 38.092862
1961.587440 37.581801
1961.998544 37.045215
1962.409648 37.649463
1962.820752 39.196889
1963.231856 36.743327
1963.642961 35.490614
1964.054065 36.656834
1964.465169 36.155462
1964.876273 37.021329
1965.287377 38.927754
1965.698481 36.594667
1966.109585 35.837973
1966.520689 37.293925
1966.931793 38.177295
1967.342897 34.293678
1967.754001 36.319165
1968.165106 36.355871
1968.576210 36.567748
1968.987314 35.550985
1969.398418 36.778282
1969.809522 36.611197
1970.220626 36.217126
1970.631730 36.964649
1971.042834 36.830553
1971.453938 34.746132
1971.865042 33.946300
1972.276146 33.217807
1972.687251 35.162608
1973.098355 37.128983
1973.509459 35.851760
1973.920563 33.983259
1974.331667 35.930991
1974.742771 36.994680
1975.153875 35.993921
1975.564979 35.953975
1975.976083 37.740609
1976.387187 36.586995
1976.798292 35.791490
1977.209396 36.305450
1977.620500 36.205659
1978.031604 36.730119
1978.442708 35.688986
1978.853812 35.024844
1979.264916 35.148197
1979.676020 36.199961
1980.087124 36.270250
1980.498228 33.821316
1980.909332 34.407778
1981.320437 35.953888
1981.731541 36.480837
1982.142645 36.934776
1982.553749 35.383997
1982.964853 36.408759
1983.375957 35.922752
1983.787061 36.487013
1984.198165 35.513109
1984.609269 34.160601
1985.020373 36.927228
1985.431477 35.285620
1985.842582 35.657443
1986.253686 36.016706
1986.664790 37.713438
1987.075894 36.110352
1987.486998 35.923707
1987.898102 36.307787
1988.309206 36.885549
1988.720310 35.704223
1989.131414 34.803770
1989.542518 34.093642
1989.953622 35.242181
1990.364727 36.483585
1990.775831 35.824517
1991.186935 37.450716
1991.598039 37.523272
1992.009143 35.899855
1992.420247 35.044614
1992.831351 34.669930
1993.242455 36.699874
1993.653559 37.044534
1994.064663 36.498698
1994.475767 35.828343
1994.886872 36.355270
1995.297976 36.307987
1995.709080 36.233702
1996.120184 34.304559
1996.531288 36.174643
1996.942392 36.301676
1997.353496 36.042659
1997.764600 36.948367
1998.175704 36.170226
1998.586808 36.432051
1998.997912 36.819664
1999.409017 36.350996
1999.820121 36.905842
2000.231225 37.169602
2000.642329 36.704343
2001.053433 36.174086
2001.464537 36.406240
2001.875641 36.797962
2002.286745 36.262628
2002.697849 37.459616
2003.108953 35.809250
2003.520057 36.316477
2003.931162 35.840115
2004.342266 34.804875
2004.753370 36.293659
2005.164474 36.592893
2005.575578 35.637985
2005.986682 34.102910
2006.397786 35.999901
2006.808890 35.657101
2007.219994 35.291257
2007.631098 34.178308
2008.042202 35.795535
2008.453307 37.451659
2008.864411 35.741704
2009.275515 35.379686
2009.686619 36.299849
2010.097723 36.108221
2010.508827 34.834279
2010.919931 34.331501
2011.331035 34.165754
2011.742139 35.098490
2012.153243 33.759171
2012.564347 34.167149
2012.975452 33.810570
2013.386556 33.686156
2013.797660 34.639605
2014.208764 35.492253
2014.619868 35.601996
2015.030972 34.469029
2015.442076 35.626127
2015.853180 32.920885
2016.264284 35.825731
2016.675388 35.880355
2017.086492 35.436370
2017.497597 35.085218
2017.908701 35.010102
2018.319805 34.335271
2018.730909 33.599877
2019.142013 34.749503
2019.553117 35.870744
2019.964221 35.774580
2020.375325 35.488915
2020.786429 33.733139
2021.197533 33.964064
2021.608637 34.751165
2022.019742 34.518090
2022.430846 34.689696
2022.841950 34.469746
2023.253054 31.532599
2023.664158 33.722434
2024.075262 34.743147
2024.486366 33.526197
2024.897470 35.618993
2025.308574 36.799627
2025.719678 34.588364
2026.130782 32.052933
2026.541887 36.278177
2026.952991 34.388951
2027.364095 33.695305
2027.775199 34.473776
2028.186303 34.443320
2028.597407 34.308600
2029.008511 34.046324
2029.419615 33.711782
2029.830719 33.494031
2030.241823 32.207321
2030.652927 32.009784
2031.064032 31.846811
2031.475136 32.336204
2031.886240 33.768751
2032.297344 35.370440
2032.708448 34.280031
2033.119552 35.334519
2033.530656 35.116892
2033.941760 33.788743
2034.352864 34.903249
2034.763968 34.729267
2035.175072 34.061156
2035.586177 33.820943
2035.997281 33.861067
2036.408385 34.738130
2036.819489 35.193977
2037.230593 33.981598
2037.641697 34.203280
2038.052801 33.643432
2038.463905 34.068651
2038.875009 34.146480
2039.286113 34.037507
2039.697218 34.375770
2040.108322 33.191696
2040.519426 33.964657
2040.930530 34.889256
2041.341634 34.923019
2041.752738 35.028516
2042.163842 35.164329
2042.574946 34.870196
2042.986050 36.017710
2043.397154 33.897318
2043.808258 33.510047
2044.219363 33.302154
2044.630467 35.236318
2045.041571 35.236814
2045.452675 33.781268
2045.863779 33.562566
2046.274883 35.586007
2046.685987 33.082441
2047.097091 33.386832
2047.508195 33.707501
2047.919299 32.936795
2048.330403 33.790239
2048.741508 34.446560
2049.152612 33.089808
2049.563716 34.535943
2049.974820 35.181702
2050.385924 34.912010
2050.797028 33.993084
2051.208132 34.666863
2051.619236 34.633407
2052.030340 34.848550
2052.441444 34.479000
2052.852548 34.520157
2053.263653 33.398487
2053.674757 34.928319
2054.085861 35.895356
2054.496965 35.115073
2054.908069 35.786228
2055.319173 34.793588
2055.730277 34.489596
2056.141381 34.858123
2056.552485 34.465251
2056.963589 34.685205
2057.374693 34.786022
2057.785798 34.501356
2058.196902 33.847126
2058.608006 34.682119
2059.019110 34.143751
2059.430214 35.015537
2059.841318 34.982420
2060.252422 35.325532
2060.663526 34.217961
2061.074630 33.713147
2061.485734 34.945037
2061.896838 35.406421
2062.307943 34.677560
2062.719047 35.097825
2063.130151 34.865855
2063.541255 35.630836
2063.952359 35.454467
2064.363463 34.499661
2064.774567 34.474170
2065.185671 36.416156
2065.596775 36.474128
2066.007879 35.321274
2066.418983 34.573071
2066.830088 35.362509
2067.241192 35.986494
2067.652296 36.006385
2068.063400 36.055239
2068.474504 34.683389
2068.885608 35.318455
2069.296712 36.302758
2069.707816 36.034593
2070.118920 35.171162
2070.530024 34.718638
2070.941128 33.575976
2071.352233 34.884599
2071.763337 35.513087
2072.174441 35.376209
2072.585545 35.046892
2072.996649 36.153230
2073.407753 35.044685
2073.818857 34.784214
2074.229961 35.500183
2074.641065 34.239848
2075.052169 34.602173
2075.463273 34.918490
2075.874378 33.450315
2076.285482 33.437261
2076.696586 34.440583
2077.107690 35.071217
2077.518794 34.909169
2077.929898 33.687269
2078.341002 35.016436
2078.752106 34.942421
2079.163210 35.459914
2079.574314 34.310389
2079.985418 34.145157
2080.396523 34.716781
2080.807627 35.483608
2081.218731 34.969506
2081.629835 34.931690
2082.040939 34.237581
2082.452043 34.673888
2082.863147 35.327434
2083.274251 35.622056
2083.685355 34.130927
2084.096459 34.375932
2084.507563 34.303984
2084.918668 33.092736
2085.329772 33.580329
2085.740876 35.600531
2086.151980 33.656771
2086.563084 34.625849
2086.974188 33.791645
2087.385292 34.224986
2087.796396 35.303127
2088.207500 33.724084
2088.618604 34.270544
2089.029708 33.635663
2089.440813 34.387392
2089.851917 35.263643
2090.263021 35.092702
2090.674125 34.355549
2091.085229 34.336214
2091.496333 34.601854
2091.907437 34.900768
2092.318541 33.171396
2092.729645 34.452878
2093.140749 34.429048
2093.551853 33.258051
2093.962958 32.964237
2094.374062 34.710158
2094.785166 32.694636
2095.196270 34.034553
2095.607374 34.692936
2096.018478 33.885659
2096.429582 33.372094
2096.840686 33.314847
2097.251790 35.513850
2097.662894 32.403344
2098.073998 33.945109
2098.485103 34.755040
2098.896207 33.775088
2099.307311 33.371775
2099.718415 33.147533
2100.129519 33.662811
2100.540623 34.059961
2100.951727 35.158259
2101.362831 34.632799
2101.773935 33.817794
2102.185039 34.032684
2102.596143 33.293145
2103.007248 34.528121
2103.418352 33.505668
2103.829456 32.529411
2104.240560 32.764373
2104.651664 33.699319
2105.062768 32.989077
2105.473872 32.441174
2105.884976 32.784181
2106.296080 31.958712
2106.707184 32.855752
2107.118289 32.790195
2107.529393 31.938250
2107.940497 31.357730
2108.351601 32.704476
2108.762705 33.107778
2109.173809 33.185961
2109.584913 33.245080
2109.996017 33.802064
2110.407121 34.220867
2110.818225 32.900389
2111.229329 32.728662
2111.640434 32.937690
2112.051538 33.282275
2112.462642 33.807179
2112.873746 33.005465
2113.284850 33.182153
2113.695954 32.732019
2114.107058 33.016899
2114.518162 32.653160
2114.929266 32.094567
2115.340370 31.925700
2115.751474 33.265354
2116.162579 32.228396
2116.573683 31.644771
2116.984787 31.679421
2117.395891 32.418893
2117.806995 31.793702
2118.218099 31.857993
2118.629203 31.887005
2119.040307 32.732357
2119.451411 30.851066
2119.862515 30.390858
2120.273619 30.731944
2120.684724 31.418010
2121.095828 31.932173
2121.506932 31.809477
2121.918036 31.001542
2122.329140 31.485733
2122.740244 31.146440
2123.151348 30.942088
2123.562452 30.760356
2123.973556 30.468850
2124.384660 31.404081
2124.795764 31.729054
2125.206869 32.273029
2125.617973 32.465165
2126.029077 32.224367
2126.440181 31.988007
2126.851285 31.482696
2127.262389 30.678129
2127.673493 31.386036
2128.084597 31.650322
2128.495701 30.619588
2128.906805 30.335656
2129.317909 31.917104
2129.729014 32.173400
2130.140118 32.412297
2130.551222 32.182864
2130.962326 31.328563
2131.373430 31.139994
2131.784534 32.393402
2132.195638 31.052114
2132.606742 31.221732
2133.017846 30.398067
2133.428950 30.344579
2133.840054 30.822576
2134.251159 31.976727
2134.662263 31.954247
2135.073367 30.903889
2135.484471 31.560499
2135.895575 31.455619
2136.306679 29.772572
2136.717783 31.508239
2137.128887 32.961861
2137.539991 32.368840
2137.951095 32.036226
2138.362199 31.423419
2138.773304 30.209295
2139.184408 31.902931
2139.595512 31.774435
2140.006616 31.893263
2140.417720 30.247005
2140.828824 30.408866
2141.239928 30.453127
2141.651032 31.692546
2142.062136 30.923990
2142.473240 31.520714
2142.884344 30.705942
2143.295449 30.439957
2143.706553 30.401277
2144.117657 31.105742
2144.528761 32.003924
2144.939865 31.002977
2145.350969 30.532058
2145.762073 30.630090
2146.173177 30.991766
2146.584281 29.548638
2146.995385 30.961163
2147.406489 30.167500
2147.817594 31.211836
2148.228698 31.899743
2148.639802 31.329630
2149.050906 29.934977
2149.462010 31.577774
2149.873114 31.283283
2150.284218 31.302136
2150.695322 31.590752
2151.106426 30.721680
2151.517530 31.336730
2151.928634 30.311612
2152.339739 30.215114
2152.750843 30.396053
2153.161947 30.656712
2153.573051 29.944020
2153.984155 30.359312
2154.395259 30.395414
2154.806363 29.489770
2155.217467 29.779450
2155.628571 29.758744
2156.039675 29.595834
2156.450779 28.929915
2156.861884 30.537328
2157.272988 30.920138
2157.684092 31.687570
2158.095196 30.603712
2158.506300 30.759333
2158.917404 30.373467
2159.328508 30.763475
2159.739612 29.202609
2160.150716 29.340990
2160.561820 30.574199
2160.972924 31.857113
2161.384029 30.749768
2161.795133 30.751316
2162.206237 29.867055
2162.617341 29.591786
2163.028445 29.956894
2163.439549 31.442483
2163.850653 30.712956
2164.261757 31.048321
2164.672861 30.907035
2165.083965 30.624016
2165.495069 30.989687
2165.906174 30.752027
2166.317278 30.595447
2166.728382 29.797968
2167.139486 30.091696
2167.550590 29.924712
2167.961694 30.307729
2168.372798 30.307342
2168.783902 29.897011
2169.195006 30.493807
2169.606110 30.364368
2170.017214 30.321715
2170.428319 29.734700
2170.839423 30.478893
2171.250527 30.135698
2171.661631 31.003921
2172.072735 30.987905
2172.483839 31.549291
2172.894943 30.371122
2173.306047 30.877978
2173.717151 29.523853
2174.128255 30.069156
2174.539360 31.213986
2174.950464 31.011137
2175.361568 30.449703
2175.772672 30.465181
2176.183776 30.541143
2176.594880 31.300050
2177.005984 31.047987
2177.417088 30.778536
2177.828192 29.756244
2178.239296 29.405957
2178.650400 29.599574
2179.061505 30.381624
2179.472609 29.964888
2179.883713 29.873945
2180.294817 30.615236
2180.705921 30.581348
2181.117025 29.455792
2181.528129 29.653176
2181.939233 29.710385
2182.350337 29.332600
2182.761441 30.386017
2183.172545 30.407892
2183.583650 29.289279
2183.994754 27.774869
2184.405858 30.551242
2184.816962 30.401913
2185.228066 30.999689
2185.639170 30.515340
2186.050274 30.045833
2186.461378 29.701263
2186.872482 28.127125
2187.283586 28.890073
2187.694690 29.607185
2188.105795 28.916327
2188.516899 28.599924
2188.928003 28.408122
2189.339107 28.425596
2189.750211 28.852517
2190.161315 29.613015
2190.572419 29.143366
2190.983523 29.211002
2191.394627 29.127681
2191.805731 29.381056
2192.216835 28.515581
2192.627940 28.679404
2193.039044 29.299356
2193.450148 29.383060
2193.861252 28.250569
2194.272356 27.861264
2194.683460 28.562007
2195.094564 28.771922
2195.505668 28.645802
2195.916772 28.453124
2196.327876 29.339373
2196.738980 29.036633
2197.150085 28.678926
2197.561189 28.030251
2197.972293 28.562849
2198.383397 28.565991
2198.794501 28.201497
2199.205605 27.768847
2199.616709 28.348248
2200.027813 29.011488
2200.438917 28.192209
2200.850021 28.596056
2201.261125 29.406991
2201.672230 28.086423
2202.083334 28.446851
2202.494438 27.682381
2202.905542 27.582432
2203.316646 27.644840
2203.727750 27.784852
2204.138854 28.380801
2204.549958 28.560583
2204.961062 28.604558
2205.372166 28.863361
2205.783270 28.443731
2206.194375 28.830654
2206.605479 28.754252
2207.016583 28.778135
2207.427687 28.817581
2207.838791 29.083228
2208.249895 28.469001
2208.660999 29.190721
2209.072103 28.016859
2209.483207 29.285501
2209.894311 29.704939
2210.305415 28.635973
2210.716520 28.647944
2211.127624 29.578274
2211.538728 29.469057
2211.949832 28.991657
2212.360936 28.517099
2212.772040 28.652860
2213.183144 28.250129
2213.594248 28.366056
2214.005352 28.487309
2214.416456 29.016212
2214.827560 29.377527
2215.238665 29.635766
2215.649769 29.241379
2216.060873 28.775485
2216.471977 29.899424
2216.883081 28.979547
2217.294185 28.628583
2217.705289 29.106517
2218.116393 28.795323
2218.527497 29.141088
2218.938601 28.243593
2219.349705 28.453887
2219.760810 28.047044
2220.171914 29.379572
2220.583018 29.047916
2220.994122 28.557602
2221.405226 28.628914
2221.816330 28.761924
2222.227434 28.213622
2222.638538 28.800773
2223.049642 28.000393
2223.460746 27.862997
2223.871850 28.301183
2224.282955 28.323930
2224.694059 28.513341
2225.105163 28.623483
2225.516267 28.446689
2225.927371 29.325188
2226.338475 28.873690
2226.749579 28.226649
2227.160683 27.883759
2227.571787 27.764082
2227.982891 27.863414
2228.393995 27.927419
2228.805100 28.954496
2229.216204 28.416527
2229.627308 28.067585
2230.038412 28.017306
2230.449516 27.742627
2230.860620 27.321393
2231.271724 27.459665
2231.682828 27.644445
2232.093932 28.006079
2232.505036 27.592125
2232.916140 27.814037
2233.327245 27.176551
2233.738349 28.244367
2234.149453 27.451516
2234.560557 28.073494
2234.971661 27.992045
2235.382765 27.299758
2235.793869 27.636263
2236.204973 28.587581
2236.616077 28.461694
2237.027181 28.104506
2237.438286 26.787607
2237.849390 27.107367
2238.260494 27.555595
2238.671598 27.538809
2239.082702 27.372675
2239.493806 27.905477
2239.904910 27.340697
2240.316014 27.631666
2240.727118 27.910705
2241.138222 26.960845
2241.549326 27.169617
2241.960431 27.117958
2242.371535 27.883244
2242.782639 27.268780
2243.193743 25.499055
2243.604847 27.203117
2244.015951 28.046233
2244.427055 28.381921
2244.838159 28.069209
2245.249263 27.159555
2245.660367 28.159224
2246.071471 28.362557
2246.482576 28.252249
2246.893680 28.154052
2247.304784 28.030834
2247.715888 29.307831
2248.126992 28.427197
2248.538096 28.563484
2248.949200 28.284227
2249.360304 28.513089
2249.771408 27.985061
2250.182512 27.858216
2250.593616 27.730397
2251.004721 28.107761
2251.415825 28.866567
2251.826929 28.018896
2252.238033 27.938590
2252.649137 28.326673
2253.060241 29.017516
2253.471345 28.599037
2253.882449 28.645516
2254.293553 28.540117
2254.704657 27.619620
2255.115761 28.177637
2255.526866 29.267614
2255.937970 27.998746
2256.349074 27.881782
2256.760178 27.245454
2257.171282 27.982276
2257.582386 27.631418
2257.993490 27.839250
2258.404594 28.187056
2258.815698 27.875938
2259.226802 28.257752
2259.637906 27.247999
2260.049011 27.610888
2260.460115 27.878475
2260.871219 28.131094
2261.282323 27.605544
2261.693427 28.291053
2262.104531 28.909088
2262.515635 28.219023
2262.926739 28.368800
2263.337843 27.725270
2263.748947 27.511654
2264.160051 28.192239
2264.571156 28.689360
2264.982260 28.090265
2265.393364 27.687451
2265.804468 27.444961
2266.215572 27.621683
2266.626676 28.006444
2267.037780 28.550690
2267.448884 27.817762
2267.859988 27.661765
2268.271092 27.674841
2268.682196 28.212510
2269.093301 27.221136
2269.504405 27.958589
2269.915509 28.239113
2270.326613 27.670665
2270.737717 27.079512
2271.148821 28.403541
2271.559925 27.699287
2271.971029 27.636199
2272.382133 27.907600
2272.793237 29.119021
2273.204341 28.524865
2273.615446 28.223026
2274.026550 28.497258
2274.437654 28.375674
2274.848758 28.198885
2275.259862 28.845248
2275.670966 28.679336
2276.082070 29.019648
2276.493174 29.624772
2276.904278 29.057722
2277.315382 28.675201
2277.726486 28.801799
2278.137591 28.235430
2278.548695 28.377452
2278.959799 28.866567
2279.370903 29.632958
2279.782007 29.055144
2280.193111 29.672578
2280.604215 28.173416
2281.015319 28.169489
2281.426423 28.335506
2281.837527 29.042865
2282.248631 29.883090
2282.659736 30.287493
2283.070840 29.473131
2283.481944 28.953391
2283.893048 29.354197
2284.304152 29.647568
2284.715256 29.391009
2285.126360 29.159092
2285.537464 28.721695
2285.948568 29.907630
2286.359672 29.415782
2286.770776 28.231878
2287.181881 28.650992
2287.592985 29.138780
2288.004089 29.114004
2288.415193 29.348135
2288.826297 29.315935
2289.237401 28.438067
2289.648505 29.254715
2290.059609 29.230855
2290.470713 29.056828
2290.881817 28.489481
2291.292921 28.250299
2291.704026 29.092696
2292.115130 29.277744
2292.526234 29.470011
2292.937338 29.571941
2293.348442 29.392291
2293.759546 30.815408
2294.170650 30.669724
2294.581754 30.692276
2294.992858 29.784821
2295.403962 30.140746
2295.815066 29.983245
2296.226171 30.012792
2296.637275 29.971887
2297.048379 30.154100
2297.459483 29.841749
2297.870587 29.774620
2298.281691 30.119585
2298.692795 30.576940
2299.103899 30.017133
2299.515003 29.700342
2299.926107 29.382943
2300.337211 29.720395
2300.748316 30.945858
2301.159420 31.040180
2301.570524 30.661279
2301.981628 29.801182
2302.392732 30.142430
2302.803836 30.542097
2303.214940 29.471225
2303.626044 30.169905
2304.037148 30.738935
2304.448252 30.284708
2304.859357 29.643178
2305.270461 29.640825
2305.681565 29.506098
2306.092669 29.600807
2306.503773 29.027424
2306.914877 30.136529
2307.325981 30.325632
2307.737085 30.124963
2308.148189 30.231806
2308.559293 29.669199
2308.970397 29.950162
2309.381502 30.277796
2309.792606 30.554824
2310.203710 30.104874
2310.614814 29.544864
2311.025918 29.398267
2311.437022 29.164918
2311.848126 29.343872
2312.259230 29.967027
2312.670334 29.694441
2313.081438 29.487944
2313.492542 29.756338
2313.903647 28.909772
2314.314751 29.262435
2314.725855 29.745547
2315.136959 29.679196
2315.548063 28.863981
2315.959167 29.826500
2316.370271 29.435631
2316.781375 29.566051
2317.192479 29.886762
2317.603583 30.331115
2318.014687 29.485500
2318.425792 29.269298
2318.836896 29.833303
2319.248000 29.319239
2319.659104 28.720508
2320.070208 29.172736
2320.481312 29.325918
2320.892416 29.623107
2321.303520 30.014791
2321.714624 29.773180
2322.125728 29.713110
2322.536832 29.690326
2322.947937 30.115650
2323.359041 29.962547
2323.770145 30.443434
2324.181249 30.724912
2324.592353 29.751854
2325.003457 30.624734
2325.414561 30.027507
2325.825665 29.528476
2326.236769 30.264013
2326.647873 30.936074
2327.058977 30.498095
2327.470082 29.890201
2327.881186 30.275499
2328.292290 31.057244
2328.703394 30.538985
2329.114498 30.689322
2329.525602 29.992961
2329.936706 30.008589
2330.347810 29.270474
2330.758914 29.215666
2331.170018 29.429415
2331.581122 28.981968
2331.992227 29.482046
2332.403331 29.532750
2332.814435 30.212903
2333.225539 29.280423
2333.636643 30.320625
2334.047747 30.046318
2334.458851 29.263209
2334.869955 28.862786
2335.281059 29.126509
2335.692163 29.788309
2336.103267 29.031938
2336.514372 29.212975
2336.925476 28.340614
2337.336580 29.731279
2337.747684 29.811556
2338.158788 30.395576
2338.569892 29.566825
2338.980996 29.250170
2339.392100 29.249772
2339.803204 29.477777
2340.214308 29.697907
2340.625412 29.763562
2341.036517 29.517084
2341.447621 28.819536
2341.858725 28.666917
2342.269829 29.519538
2342.680933 29.326530
2343.092037 29.073948
2343.503141 28.776263
2343.914245 28.813093
2344.325349 28.535475
2344.736453 28.551502
2345.147557 28.962859
2345.558662 28.867184
2345.969766 28.308512
2346.380870 28.807865
2346.791974 29.037636
2347.203078 29.304422
2347.614182 29.422014
2348.025286 29.066916
2348.436390 29.390761
2348.847494 30.057237
2349.258598 30.123783
2349.669702 29.670413
2350.080807 29.873005
2350.491911 28.797755
2350.903015 28.514341
2351.314119 28.241421
2351.725223 28.933102
2352.136327 28.627373
2352.547431 28.622408
2352.958535 29.080499
2353.369639 29.210611
2353.780743 28.637232
2354.191847 29.040790
2354.602952 28.739233
2355.014056 28.973804
2355.425160 28.032822
2355.836264 28.470301
2356.247368 27.742176
2356.658472 28.262852
2357.069576 29.094083
2357.480680 28.984989
2357.891784 28.535051
2358.302888 28.273688
2358.713992 28.790072
2359.125097 28.849853
2359.536201 28.217884
2359.947305 28.233471
2360.358409 28.236839
2360.769513 28.424070
2361.180617 28.388551
2361.591721 28.007989
2362.002825 27.930768
2362.413929 28.461363
2362.825033 27.787862
2363.236137 27.561587
2363.647242 28.146460
2364.058346 28.640186
2364.469450 28.323325
2364.880554 28.302960
2365.291658 27.561989
2365.702762 28.707627
2366.113866 28.145591
2366.524970 28.139111
2366.936074 28.208371
2367.347178 27.905743
2367.758282 27.856051
2368.169387 27.540448
2368.580491 28.043883
2368.991595 28.716681
2369.402699 29.024519
2369.813803 28.763672
2370.224907 28.147057
2370.636011 28.334600
2371.047115 28.127355
2371.458219 27.944198
2371.869323 28.070013
2372.280428 28.013890
2372.691532 27.242804
2373.102636 27.175736
2373.513740 27.426281
2373.924844 27.500900
2374.335948 27.402316
2374.747052 27.468182
2375.158156 27.593896
2375.569260 28.208950
2375.980364 27.580628
2376.391468 27.877663
2376.802573 28.263315
2377.213677 28.852946
2377.624781 26.874844
2378.035885 27.748547
2378.446989 28.616484
2378.858093 28.529574
2379.269197 27.914978
2379.680301 27.492011
2380.091405 27.708105
2380.502509 27.347876
2380.913613 27.155668
2381.324718 27.338510
2381.735822 28.003956
2382.146926 28.195979
2382.558030 27.460529
2382.969134 27.503869
2383.380238 27.798710
2383.791342 28.077482
2384.202446 27.180701
2384.613550 27.405146
2385.024654 27.077347
2385.435758 27.668538
2385.846863 27.624618
2386.257967 27.685741
2386.669071 27.852766
2387.080175 27.338979
2387.491279 28.106663
2387.902383 28.360384
2388.313487 28.534705
2388.724591 28.081255
2389.135695 28.388875
2389.546799 27.963945
2389.957903 27.584710
2390.369008 27.660915
2390.780112 28.120503
2391.191216 27.869616
2391.602320 27.586679
2392.013424 27.995179
2392.424528 27.694506
2392.835632 27.144870
2393.246736 27.700798
2393.657840 27.763243
2394.068944 27.535863
2394.480048 28.137439
2394.891153 28.431779
2395.302257 28.696189
2395.713361 28.395114
2396.124465 28.075459
2396.535569 28.256899
2396.946673 28.374389
2397.357777 27.928799
2397.768881 27.647099
2398.179985 28.245070
2398.591089 28.168556
2399.002193 28.438522
2399.413298 28.396884
2399.824402 28.345448
2400.235506 27.709319
2400.646610 27.510022
2401.057714 27.259782
2401.468818 27.327801
2401.879922 27.660592
2402.291026 27.660547
2402.702130 27.890810
2403.113234 28.281176
2403.524338 28.388803
2403.935443 28.169639
2404.346547 28.140006
2404.757651 28.335119
2405.168755 27.755106
2405.579859 28.348011
2405.990963 28.247961
2406.402067 28.170541
2406.813171 28.671518
2407.224275 28.293959
2407.635379 27.769565
2408.046483 27.966618
2408.457588 27.951016
2408.868692 28.106141
2409.279796 28.705466
2409.690900 27.965144
2410.102004 27.714791
2410.513108 27.764341
2410.924212 28.217418
2411.335316 27.824370
2411.746420 28.128678
2412.157524 27.845591
2412.568628 28.293699
2412.979733 28.063086
2413.390837 28.342914
2413.801941 28.872919
2414.213045 28.784295
2414.624149 28.710318
2415.035253 28.534840
2415.446357 28.724781
2415.857461 29.236688
2416.268565 29.143216
2416.679669 29.310428
2417.090773 29.251820
2417.501878 28.342140
2417.912982 28.488978
2418.324086 29.706108
2418.735190 30.350837
2419.146294 30.317900
2419.557398 29.734767
2419.968502 30.171277
2420.379606 30.239920
2420.790710 29.798810
2421.201814 29.888363
2421.612918 30.073113
2422.024023 29.800081
2422.435127 30.059815
2422.846231 30.271853
2423.257335 29.350070
2423.668439 29.252565
2424.079543 29.324549
2424.490647 29.596586
2424.901751 29.696118
2425.312855 28.763119
2425.723959 29.462528
2426.135063 29.396794
2426.546168 29.115763
2426.957272 28.880316
2427.368376 28.529725
2427.779480 29.366033
2428.190584 29.195062
2428.601688 28.693070
2429.012792 29.446456
2429.423896 29.273308
2429.835000 28.702339
2430.246104 28.111437
2430.657208 29.000682
2431.068313 29.425115
2431.479417 28.637871
2431.890521 28.459292
2432.301625 27.897332
2432.712729 28.137676
2433.123833 28.538448
2433.534937 28.780623
2433.946041 28.319085
2434.357145 28.013176
2434.768249 28.957585
2435.179353 28.239816
2435.590458 27.733013
2436.001562 28.255309
2436.412666 28.623603
2436.823770 28.508650
2437.234874 28.664320
2437.645978 28.979701
2438.057082 29.286757
2438.468186 28.826508
2438.879290 28.311763
2439.290394 28.181456
2439.701499 28.427735
2440.112603 28.027060
2440.523707 28.188639
2440.934811 28.106573
2441.345915 28.584893
2441.757019 28.956751
2442.168123 28.633180
2442.579227 28.000904
2442.990331 27.888007
2443.401435 27.846248
2443.812539 27.699080
2444.223644 27.332135
2444.634748 27.659070
2445.045852 27.495368
2445.456956 28.321532
2445.868060 27.654375
2446.279164 27.985121
2446.690268 27.698449
2447.101372 27.006591
2447.512476 27.278879
2447.923580 27.439067
2448.334684 27.392307
2448.745789 27.847353
2449.156893 27.365782
2449.567997 27.742112
2449.979101 27.343151
2450.390205 27.851447
2450.801309 28.623569
2451.212413 28.265637
2451.623517 27.347737
2452.034621 26.827741
2452.445725 27.362689
2452.856829 28.101341
2453.267934 27.425702
2453.679038 27.721376
2454.090142 27.509147
2454.501246 27.881688
2454.912350 27.592648
2455.323454 26.542824
2455.734558 26.288299
2456.145662 26.897103
2456.556766 27.575862
2456.967870 27.646219
2457.378974 27.484501
2457.790079 27.634680
2458.201183 27.355205
2458.612287 27.447084
2459.023391 27.376686
2459.434495 27.476815
2459.845599 27.661122
2460.256703 28.025707
2460.667807 28.142167
2461.078911 27.470301
2461.490015 26.514815
2461.901119 27.558632
2462.312224 27.598898
2462.723328 26.881196
2463.134432 27.031544
2463.545536 27.737080
2463.956640 27.854859
2464.367744 27.920755
2464.778848 27.598992
2465.189952 27.314304
2465.601056 27.143592
2466.012160 27.441217
2466.423264 27.674386
2466.834369 28.169473
2467.245473 27.845350
2467.656577 27.475804
2468.067681 28.080165
2468.478785 28.260503
2468.889889 27.912670
2469.300993 27.487121
2469.712097 27.754313
2470.123201 27.868067
2470.534305 27.871908
2470.945409 28.161133
2471.356514 28.708619
2471.767618 27.442228
2472.178722 27.639999
2472.589826 27.359238
2473.000930 27.764856
2473.412034 27.688740
2473.823138 27.266510
2474.234242 27.627231
2474.645346 27.835251
2475.056450 27.671657
2475.467554 27.567213
2475.878659 27.819893
2476.289763 27.903748
2476.700867 27.842993
2477.111971 27.493199
2477.523075 27.517716
2477.934179 27.098970
2478.345283 26.648471
2478.756387 26.561858
2479.167491 27.188139
2479.578595 26.866820
2479.989699 27.776211
2480.400804 28.279661
2480.811908 28.547616
2481.223012 27.855498
2481.634116 27.526985
2482.045220 27.678663
2482.456324 27.280101
2482.867428 27.830770
2483.278532 27.753595
2483.689636 27.148813
2484.100740 26.762947
2484.511844 27.215438
2484.922949 27.321626
2485.334053 27.066424
2485.745157 26.903661
2486.156261 26.904616
2486.567365 27.143299
2486.978469 26.631422
2487.389573 27.459969
2487.800677 27.121950
2488.211781 27.232709
2488.622885 27.568157
2489.033989 27.727232
2489.445094 27.593426
2489.856198 27.723447
2490.267302 28.085777
2490.678406 28.273079
2491.089510 28.185196
2491.500614 27.658927
2491.911718 27.800228
2492.322822 27.421868
2492.733926 27.614361
2493.145030 26.820983
2493.556134 27.019126
2493.967239 27.184177
2494.378343 26.685877
2494.789447 27.468520
2495.200551 28.268438
2495.611655 27.919222
2496.022759 27.364906
2496.433863 27.604348
2496.844967 27.792778
2497.256071 27.528729
2497.667175 26.979491
2498.078279 26.531556
2498.489384 26.710142
2498.900488 26.731991
2499.311592 27.218610
2499.722696 27.228619
2500.133800 26.783382
2500.544904 27.253986
2500.956008 27.667399
2501.367112 27.058805
2501.778216 27.448554
2502.189320 27.620585
2502.600425 27.213517
2503.011529 27.399110
2503.422633 27.126393
2503.833737 27.205233
2504.244841 27.027406
2504.655945 27.545816
2505.067049 27.933925
2505.478153 27.741692
2505.889257 27.761864
2506.300361 27.618308
2506.711465 27.764356
2507.122570 27.798341
2507.533674 27.791418
2507.944778 27.826441
2508.355882 26.834635
2508.766986 26.321141
2509.178090 27.427829
2509.589194 27.568724
2510.000298 27.126735
2510.411402 27.185049
2510.822506 27.023655
2511.233610 27.373848
2511.644715 27.238467
2512.055819 27.610667
2512.466923 27.482209
2512.878027 27.301423
2513.289131 27.244541
2513.700235 27.421353
2514.111339 26.839589
2514.522443 27.151169
2514.933547 27.141408
2515.344651 27.167140
2515.755755 27.412212
2516.166860 27.481412
2516.577964 27.403252
2516.989068 27.361362
2517.400172 27.273535
2517.811276 26.443033
2518.222380 27.296146
2518.633484 27.796778
2519.044588 27.041640
2519.455692 27.029112
2519.866796 26.949377
2520.277900 27.910051
2520.689005 27.653079
2521.100109 27.245304
2521.511213 27.003377
2521.922317 26.707699
2522.333421 27.031014
2522.744525 25.318041
2523.155629 26.548857
2523.566733 27.308505
2523.977837 27.384117
2524.388941 26.822085
2524.800045 26.779549
2525.211150 26.844539
2525.622254 27.074189
2526.033358 26.873469
2526.444462 26.461597
2526.855566 26.151324
2527.266670 26.580256
2527.677774 26.787002
2528.088878 26.934287
2528.499982 26.721098
2528.911086 26.754753
2529.322190 26.296226
2529.733295 26.669068
2530.144399 26.309993
2530.555503 26.535675
2530.966607 26.669124
2531.377711 27.056389
2531.788815 26.757204
2532.199919 27.050957
2532.611023 26.599654
2533.022127 27.211052
2533.433231 27.025147
2533.844335 26.723568
2534.255440 26.366658
2534.666544 26.147618
2535.077648 26.211082
2535.488752 26.524234
2535.899856 27.018938
2536.310960 27.192792
2536.722064 26.801161
2537.133168 26.396907
2537.544272 26.197329
2537.955376 26.660931
2538.366480 26.263755
2538.777585 25.923237
2539.188689 26.829485
2539.599793 26.288340
2540.010897 26.125596
2540.422001 26.463754
2540.833105 26.955790
2541.244209 27.257331
2541.655313 27.205782
2542.066417 26.791208
2542.477521 26.307235
2542.888625 26.326621
2543.299730 26.452975
2543.710834 26.622845
2544.121938 26.528556
2544.533042 26.066372
2544.944146 25.711398
2545.355250 26.114414
2545.766354 26.484539
2546.177458 26.301225
2546.588562 25.630114
2546.999666 26.535096
2547.410770 26.860366
2547.821875 26.802578
2548.232979 26.178175
2548.644083 26.061741
2549.055187 26.322562
2549.466291 26.486422
2549.877395 26.071446
2550.288499 25.644374
2550.699603 26.248676
2551.110707 26.087292
2551.521811 26.081433
2551.932915 26.406710
2552.344020 26.407973
2552.755124 26.544230
2553.166228 26.826952
2553.577332 25.532695
2553.988436 26.465209
2554.399540 26.451137
2554.810644 25.713867
2555.221748 25.839070
2555.632852 26.113542
2556.043956 26.322761
2556.455060 25.749781
2556.866165 25.924537
2557.277269 26.203422
2557.688373 25.573551
2558.099477 25.682325
2558.510581 25.837356
2558.921685 25.761105
2559.332789 25.704373
2559.743893 25.286728
2560.154997 25.223598
2560.566101 25.342017
2560.977205 25.498089
2561.388310 25.738133
2561.799414 26.140559
2562.210518 25.508651
2562.621622 25.209041
2563.032726 25.021310
2563.443830 25.945300
2563.854934 25.957515
2564.266038 26.107927
2564.677142 26.259373
2565.088246 26.412081
2565.499350 26.204831
2565.910455 24.985318
2566.321559 25.302210
2566.732663 25.738509
2567.143767 25.760940
2567.554871 25.499567
2567.965975 25.603609
2568.377079 26.023885
2568.788183 25.808708
2569.199287 25.810088
2569.610391 26.246901
2570.021496 26.330324
2570.432600 25.770333
2570.843704 25.583932
2571.254808 25.250533
2571.665912 24.919790
2572.077016 25.236987
2572.488120 25.645400
2572.899224 25.125209
2573.310328 25.729928
2573.721432 25.530319
2574.132536 25.467494
2574.543641 25.395412
2574.954745 24.717972
2575.365849 25.425360
2575.776953 25.121883
2576.188057 25.451547
2576.599161 25.651256
2577.010265 25.187768
2577.421369 25.406192
2577.832473 24.848163
2578.243577 25.232781
2578.654681 25.378363
2579.065786 25.613625
2579.476890 25.741478
2579.887994 25.814880
2580.299098 25.602116
2580.710202 25.273565
2581.121306 25.340292
2581.532410 24.653861
2581.943514 24.813031
2582.354618 25.231642
2582.765722 25.595621
2583.176826 25.154429
2583.587931 25.327392
2583.999035 25.131855
2584.410139 25.275035
2584.821243 25.019983
2585.232347 24.775550
2585.643451 24.593401
2586.054555 24.543652
2586.465659 24.816617
2586.876763 25.361990
2587.287867 24.681371
2587.698971 25.288036
2588.110076 25.091044
2588.521180 24.877991
2588.932284 25.049921
2589.343388 25.069526
2589.754492 25.362862
2590.165596 25.253415
2590.576700 24.970468
2590.987804 24.883433
2591.398908 25.006490
2591.810012 24.772645
2592.221116 25.013267
2592.632221 25.241459
2593.043325 24.943015
2593.454429 24.632843
2593.865533 25.390567
2594.276637 25.012447
2594.687741 24.962112
2595.098845 24.713375
2595.509949 24.324322
2595.921053 24.494271
2596.332157 25.172940
2596.743261 25.344325
2597.154366 24.860337
2597.565470 24.270025
2597.976574 24.529095
2598.387678 24.539739
2598.798782 24.556540
2599.209886 24.734108
2599.620990 24.601763
2600.032094 24.189700
2600.443198 24.624199
2600.854302 25.074325
2601.265406 24.912502
2601.676511 25.614099
2602.087615 24.689820
2602.498719 24.990001
2602.909823 25.476628
2603.320927 25.202813
2603.732031 24.762027
2604.143135 25.104285
2604.554239 24.750029
2604.965343 24.839164
2605.376447 24.874360
2605.787551 24.332970
2606.198656 25.307547
2606.609760 25.364099
2607.020864 24.762173
2607.431968 24.288254
2607.843072 24.593449
2608.254176 24.925097
2608.665280 24.748424
2609.076384 24.848302
2609.487488 25.094250
2609.898592 25.009877
2610.309696 24.871699
2610.720801 24.788093
2611.131905 25.155981
2611.543009 25.123841
2611.954113 24.938339
2612.365217 24.399306
2612.776321 24.434100
2613.187425 25.409837
2613.598529 25.056141
2614.009633 25.447360
2614.420737 25.530008
2614.831841 24.859006
2615.242946 24.814640
2615.654050 24.729357
2616.065154 24.554991
2616.476258 25.052292
2616.887362 25.243463
2617.298466 24.793193
2617.709570 25.206204
2618.120674 25.402696
2618.531778 25.838901
2618.942882 25.219051
2619.353986 24.934032
2619.765091 23.715811
2620.176195 24.791990
2620.587299 24.798297
2620.998403 25.249296
2621.409507 24.762421
2621.820611 25.312448
2622.231715 25.286563
2622.642819 24.908830
2623.053923 25.140150
2623.465027 24.985976
2623.876131 24.457508
2624.287236 24.846310
2624.698340 25.093810
2625.109444 25.068037
2625.520548 25.320525
2625.931652 24.977406
2626.342756 24.879047
2626.753860 24.454979
2627.164964 24.274141
2627.576068 24.533718
2627.987172 25.046546
2628.398276 25.300627
2628.809381 25.842148
2629.220485 25.691312
2629.631589 24.477579
2630.042693 24.370500
2630.453797 24.505115
2630.864901 24.710808
2631.276005 25.163051
2631.687109 25.164303
2632.098213 24.217901
2632.509317 24.292385
2632.920421 24.768807
2633.331526 25.046775
2633.742630 24.665103
2634.153734 25.272547
2634.564838 24.944969
2634.975942 24.858446
2635.387046 24.165382
2635.798150 24.010967
2636.209254 24.332219
2636.620358 23.843506
2637.031462 23.766131
2637.442567 23.305984
2637.853671 23.466514
2638.264775 23.373763
2638.675879 24.184596
2639.086983 24.383155
2639.498087 24.189155
2639.909191 24.350350
2640.320295 23.636444
2640.731399 23.021270
2641.142503 23.547335
2641.553607 23.864686
2641.964712 23.716435
2642.375816 23.930597
2642.786920 23.734138
2643.198024 23.480222
2643.609128 23.224201
2644.020232 23.567076
2644.431336 22.986300
2644.842440 23.141207
2645.253544 23.703769
2645.664648 23.313516
2646.075752 23.552669
2646.486857 23.398149
2646.897961 23.245884
2647.309065 23.213966
2647.720169 23.233796
2648.131273 23.034147
2648.542377 23.401366
2648.953481 23.407057
2649.364585 23.363618
2649.775689 22.983755
2650.186793 23.097641
2650.597897 22.959061
2651.009002 23.171723
2651.420106 22.731774
2651.831210 22.365524
2652.242314 22.231677
2652.653418 22.286316
2653.064522 22.654204
2653.475626 22.386479
2653.886730 21.865265
2654.297834 21.602283
2654.708938 21.575935
2655.120042 22.093740
2655.531147 22.971258
2655.942251 23.260009
2656.353355 22.877999
2656.764459 22.068358
2657.175563 22.309859
2657.586667 22.795013
2657.997771 22.814460
2658.408875 22.386223
2658.819979 22.200879
2659.231083 22.062581
2659.642187 22.629927
2660.053292 23.065538
2660.464396 22.749714
2660.875500 22.899720
2661.286604 22.826307
2661.697708 22.970630
2662.108812 22.997181
2662.519916 23.089315
2662.931020 23.093018
2663.342124 22.738423
2663.753228 22.704156
2664.164332 23.015121
2664.575437 22.989212
2664.986541 22.660357
2665.397645 22.369475
2665.808749 22.502259
2666.219853 23.107120
2666.630957 23.080062
2667.042061 23.308792
2667.453165 23.538382
2667.864269 23.719498
2668.275373 23.521905
2668.686477 23.229914
2669.097582 22.694714
2669.508686 22.685156
2669.919790 23.085651
2670.330894 23.085888
2670.741998 23.401874
2671.153102 22.833937
2671.564206 23.023754
2671.975310 23.029670
2672.386414 23.126699
2672.797518 22.887377
2673.208622 23.388921
2673.619727 23.150754
2674.030831 22.671005
2674.441935 22.694496
2674.853039 23.457076
2675.264143 23.482755
2675.675247 23.129811
2676.086351 22.649901
2676.497455 22.505247
2676.908559 23.326280
2677.319663 23.228170
2677.730767 23.012038
2678.141872 22.632077
2678.552976 22.777265
2678.964080 23.364637
2679.375184 23.138873
2679.786288 22.842661
2680.197392 23.072834
2680.608496 23.106906
2681.019600 22.890444
2681.430704 23.076393
2681.841808 23.352523
2682.252912 23.473174
2682.664017 23.419919
2683.075121 23.468792
2683.486225 23.424459
2683.897329 23.003867
2684.308433 22.772600
2684.719537 22.693448
2685.130641 23.017064
2685.541745 23.112878
2685.952849 23.510042
2686.363953 23.364844
2686.775057 23.293103
2687.186162 22.705381
2687.597266 22.456517
2688.008370 23.394150
2688.419474 23.572593
2688.830578 23.343251
2689.241682 23.177086
2689.652786 23.311716
2690.063890 23.196567
2690.474994 22.870380
2690.886098 22.908293
2691.297202 22.927195
2691.708307 23.118854
2692.119411 23.058081
2692.530515 22.734928
2692.941619 22.954896
2693.352723 22.938088
2693.763827 23.478786
2694.174931 24.069594
2694.586035 24.085173
2694.997139 24.049470
2695.408243 24.051316
2695.819347 23.622519
2696.230452 23.097573
2696.641556 22.753781
2697.052660 22.804439
2697.463764 23.097708
2697.874868 23.347254
2698.285972 23.370245
2698.697076 22.969487
2699.108180 22.742374
2699.519284 22.552992
2699.930388 22.992434
2700.341493 23.176353
2700.752597 23.188223
2701.163701 23.953487
2701.574805 23.546978
2701.985909 22.991889
2702.397013 22.836621
2702.808117 22.863081
2703.219221 23.260516
2703.630325 23.692609
2704.041429 23.402757
2704.452533 22.680571
2704.863638 22.982917
2705.274742 22.674861
2705.685846 23.175730
2706.096950 23.162642
2706.508054 23.641338
2706.919158 23.208873
2707.330262 23.833512
2707.741366 23.286590
2708.152470 23.553041
2708.563574 24.099659
2708.974678 24.362167
2709.385783 23.685449
2709.796887 23.025765
2710.207991 23.490400
2710.619095 23.880961
2711.030199 24.281583
2711.441303 24.002168
2711.852407 24.422602
2712.263511 23.975937
2712.674615 23.894439
2713.085719 24.165254
2713.496823 23.839469
2713.907928 23.907944
2714.319032 23.734228
2714.730136 24.096494
2715.141240 24.301721
2715.552344 24.940241
2715.963448 24.131908
2716.374552 24.293110
2716.785656 23.658214
2717.196760 24.089661
2717.607864 24.056735
2718.018968 23.489930
2718.430073 24.082647
2718.841177 23.970727
2719.252281 23.920088
2719.663385 24.026618
2720.074489 23.744516
2720.485593 23.988227
2720.896697 24.435900
2721.307801 24.007325
2721.718905 23.168599
2722.130009 23.209813
2722.541113 23.232702
2722.952218 24.219660
2723.363322 24.545155
2723.774426 24.678604
2724.185530 24.371248
2724.596634 24.106116
2725.007738 23.993850
2725.418842 23.961041
2725.829946 23.835902
2726.241050 23.725888
2726.652154 23.766319
2727.063258 24.483510
2727.474363 24.557949
2727.885467 24.616501
2728.296571 24.654700
2728.707675 24.560246
2729.118779 24.158601
2729.529883 24.195977
2729.940987 24.747052
2730.352091 24.987810
2730.763195 24.969806
2731.174299 25.076483
2731.585403 24.930871
2731.996508 24.373917
2732.407612 24.618343
2732.818716 24.471697
2733.229820 24.612163
2733.640924 24.709827
2734.052028 24.730875
2734.463132 24.938813
2734.874236 24.537442
2735.285340 24.501758
2735.696444 24.524791
2736.107548 23.861487
2736.518653 23.783522
2736.929757 24.089165
2737.340861 24.179529
2737.751965 24.961357
2738.163069 24.492411
2738.574173 24.657030
2738.985277 24.548049
2739.396381 24.141158
2739.807485 24.221528
2740.218589 24.407105
2740.629693 24.360976
2741.040798 24.821751
2741.451902 24.574356
2741.863006 24.729669
2742.274110 25.028696
2742.685214 25.023569
2743.096318 25.205335
2743.507422 25.453832
2743.918526 25.275279
2744.329630 25.584473
2744.740734 25.616982
2745.151838 25.807893
2745.562943 25.159830
2745.974047 24.985479
2746.385151 25.078956
2746.796255 25.154643
2747.207359 25.023934
2747.618463 25.492722
2748.029567 25.227128
2748.440671 25.122879
2748.851775 25.425139
2749.262879 25.019484
2749.673983 25.026336
2750.085088 25.119782
2750.496192 25.116245
2750.907296 24.590634
2751.318400 24.828268
2751.729504 25.201438
2752.140608 25.260842
2752.551712 24.774580
2752.962816 24.801710
2753.373920 24.894251
2753.785024 25.165265
2754.196128 25.329118
2754.607233 25.104811
2755.018337 25.021746
2755.429441 25.264056
2755.840545 25.609566
2756.251649 25.570183
2756.662753 25.613531
2757.073857 25.320619
2757.484961 25.168914
2757.896065 25.082715
2758.307169 24.509565
2758.718273 25.010376
2759.129378 24.924883
2759.540482 25.470467
2759.951586 25.424661
2760.362690 25.606837
2760.773794 24.785758
2761.184898 25.413528
2761.596002 25.243677
2762.007106 24.985359
2762.418210 25.155278
2762.829314 25.547598
2763.240418 25.445725
2763.651523 25.565756
2764.062627 24.987543
2764.473731 25.022272
2764.884835 24.985220
2765.295939 25.144168
2765.707043 24.960947
2766.118147 24.876307
2766.529251 24.936306
2766.940355 24.911521
2767.351459 25.659458
2767.762564 25.295749
2768.173668 25.927202
2768.584772 25.334981
2768.995876 24.890744
2769.406980 24.911751
2769.818084 25.397862
2770.229188 25.476421
2770.640292 25.688538
2771.051396 26.263706
2771.462500 25.944958
2771.873604 25.977763
2772.284709 25.912081
2772.695813 25.521261
2773.106917 25.793332
2773.518021 25.792715
2773.929125 25.397460
2774.340229 26.134993
2774.751333 26.470715
2775.162437 26.562839
2775.573541 26.627502
2775.984645 25.720238
2776.395749 25.825265
2776.806854 26.367767
2777.217958 26.611005
2777.629062 26.602090
2778.040166 26.063327
2778.451270 26.562763
2778.862374 27.041516
2779.273478 27.547263
2779.684582 27.582391
2780.095686 27.144310
2780.506790 27.707639
2780.917894 27.509143
2781.328999 27.888657
2781.740103 28.040978
2782.151207 28.221233
2782.562311 28.356648
2782.973415 28.467967
2783.384519 28.242488
2783.795623 28.939928
2784.206727 29.191818
2784.617831 29.378162
2785.028935 29.622994
2785.440039 29.387671
2785.851144 29.772316
2786.262248 30.146519
2786.673352 30.454616
2787.084456 31.381443
2787.495560 30.604062
2787.906664 30.571061
2788.317768 31.246990
2788.728872 31.559003
2789.139976 32.846957
2789.551080 33.553590
2789.962184 33.550012
2790.373289 33.532955
2790.784393 33.807604
2791.195497 34.617091
2791.606601 35.858393
2792.017705 35.691910
2792.428809 36.354928
2792.839913 36.650181
2793.251017 37.561501
2793.662121 37.944487
2794.073225 36.898020
2794.484329 34.933825
2794.895434 34.265147
2795.306538 37.776666
2795.717642 40.427189
2796.128746 38.070472
2796.539850 38.681809
2796.950954 36.114200
2797.362058 33.845435
2797.773162 33.030400
2798.184266 34.507956
2798.595370 39.116815
2799.006474 40.515934
2799.417579 41.809154
2799.828683 41.314036
2800.239787 40.929279
2800.650891 40.117007
2801.061995 40.621415
2801.473099 40.909821
2801.884203 41.849683
2802.295307 41.071433
2802.706411 40.805249
2803.117515 40.077579
2803.528619 39.829019
2803.939724 39.401680
2804.350828 39.059602
2804.761932 38.673394
2805.173036 38.559786
2805.584140 38.454872
2805.995244 37.967377
2806.406348 37.843873
2806.817452 37.078896
2807.228556 36.616997
2807.639660 35.464439
2808.050764 35.264549
2808.461869 34.815215
2808.872973 34.042855
2809.284077 33.552996
2809.695181 34.242569
2810.106285 33.107519
2810.517389 33.164255
2810.928493 32.889666
2811.339597 32.000549
2811.750701 31.020068
2812.161805 30.912012
2812.572909 30.377196
2812.984014 30.206582
2813.395118 29.288162
2813.806222 29.243262
2814.217326 29.519771
2814.628430 28.616609
2815.039534 28.074388
2815.450638 28.464580
2815.861742 28.615323
2816.272846 28.423683
2816.683950 28.193265
2817.095054 27.985486
2817.506159 27.575200
2817.917263 26.792106
2818.328367 26.427882
2818.739471 26.913975
2819.150575 26.842377
2819.561679 26.144209
2819.972783 25.800093
2820.383887 26.067530
2820.794991 26.079279
2821.206095 25.687222
2821.617199 25.361370
2822.028304 24.712229
2822.439408 25.192135
2822.850512 25.371451
2823.261616 25.317173
2823.672720 25.303025
2824.083824 24.938023
2824.494928 25.013729
2824.906032 24.373943
2825.317136 24.160616
2825.728240 24.223648
2826.139344 24.326457
2826.550449 24.737633
2826.961553 24.480289
2827.372657 24.309802
2827.783761 24.912856
2828.194865 24.991162
2828.605969 24.974707
2829.017073 24.691658
2829.428177 24.689038
2829.839281 25.348734
2830.250385 25.253551
2830.661489 24.571334
2831.072594 24.084139
2831.483698 24.109912
2831.894802 24.022750
2832.305906 23.751935
2832.717010 23.502003
2833.128114 23.805830
2833.539218 23.833222
2833.950322 23.616926
2834.361426 23.803315
2834.772530 24.138293
2835.183635 24.204080
2835.594739 23.967194
2836.005843 24.499105
2836.416947 25.000976
2836.828051 24.609570
2837.239155 24.345983
2837.650259 24.038033
2838.061363 24.568759
2838.472467 24.569353
2838.883571 24.692752
2839.294675 24.437805
2839.705780 24.115614
2840.116884 24.506979
2840.527988 23.910533
2840.939092 24.261952
2841.350196 24.058983
2841.761300 24.290743
2842.172404 24.076254
2842.583508 24.522070
2842.994612 24.134328
2843.405716 23.910026
2843.816820 24.047053
2844.227925 24.022314
2844.639029 23.996767
2845.050133 24.040062
2845.461237 24.315474
2845.872341 24.215491
2846.283445 24.192898
2846.694549 23.945116
2847.105653 23.863896
2847.516757 24.044565
2847.927861 24.042911
2848.338965 23.803740
2848.750070 23.767210
2849.161174 23.598095
2849.572278 23.439366
2849.983382 22.970021
2850.394486 22.867062
2850.805590 23.139406
2851.216694 23.293972
2851.627798 22.755187
2852.038902 23.106785
2852.450006 22.993847
2852.861110 23.733507
2853.272215 23.478440
2853.683319 23.615968
2854.094423 23.255134
2854.505527 22.513035
2854.916631 22.570259
2855.327735 23.105673
2855.738839 23.145762
2856.149943 23.332061
2856.561047 23.568000
2856.972151 23.602185
2857.383255 23.372395
2857.794360 23.149525
2858.205464 22.894003
2858.616568 22.840266
2859.027672 22.659511
2859.438776 22.516910
2859.849880 22.799933
2860.260984 22.609315
2860.672088 22.221416
2861.083192 22.845968
2861.494296 22.899464
2861.905400 22.533639
2862.316505 22.619170
2862.727609 22.462282
2863.138713 22.985954
2863.549817 22.820398
2863.960921 22.959151
2864.372025 22.727602
2864.783129 23.044592
2865.194233 22.975426
2865.605337 22.689388
2866.016441 23.087368
2866.427545 22.781102
2866.838650 22.762219
2867.249754 22.519778
2867.660858 22.368291
2868.071962 22.308796
2868.483066 22.434100
2868.894170 22.370016
2869.305274 22.302887
2869.716378 22.037721
2870.127482 22.512967
2870.538586 22.322969
2870.949690 22.113596
2871.360795 22.537939
2871.771899 22.224066
2872.183003 22.254969
2872.594107 22.310408
2873.005211 21.979414
2873.416315 21.947338
2873.827419 21.301854
2874.238523 22.061615
2874.649627 22.147450
2875.060731 22.084230
2875.471835 21.973983
2875.882940 22.348430
2876.294044 22.621737
2876.705148 22.609526
2877.116252 22.008156
2877.527356 21.734255
2877.938460 21.476110
2878.349564 21.580724
2878.760668 21.775427
2879.171772 21.194659
2879.582876 21.867032
2879.993980 21.662334
2880.405085 22.108793
2880.816189 22.073206
2881.227293 22.156869
2881.638397 21.752657
2882.049501 21.564178
2882.460605 21.756938
2882.871709 21.816911
2883.282813 21.587824
2883.693917 21.482872
2884.105021 21.774040
2884.516125 21.652066
2884.927230 21.251925
2885.338334 21.416022
2885.749438 21.922494
2886.160542 21.679015
2886.571646 21.557815
2886.982750 22.032617
2887.393854 22.281595
2887.804958 21.975881
2888.216062 21.236913
2888.627166 21.012107
2889.038270 21.634825
2889.449375 21.442016
2889.860479 21.303936
2890.271583 21.370527
2890.682687 21.498745
2891.093791 21.362717
2891.504895 20.844616
2891.915999 21.205822
2892.327103 21.536004
2892.738207 21.693662
2893.149311 21.807706
2893.560415 21.595754
2893.971520 21.463241
2894.382624 21.395541
2894.793728 20.944768
2895.204832 20.190833
2895.615936 21.046299
2896.027040 21.127064
2896.438144 21.107478
2896.849248 21.004447
2897.260352 20.629526
2897.671456 20.962783
2898.082561 20.861150
2898.493665 21.358910
2898.904769 21.185582
2899.315873 21.032877
2899.726977 21.079081
2900.138081 20.702157
2900.549185 20.372554
2900.960289 20.346296
2901.371393 20.503177
2901.782497 20.625530
2902.193601 20.806113
2902.604706 21.040886
2903.015810 20.689355
2903.426914 20.948113
2903.838018 20.683503
2904.249122 20.505999
2904.660226 20.544224
2905.071330 20.520335
2905.482434 20.379417
2905.893538 20.613439
2906.304642 20.758002
2906.715746 20.698417
2907.126851 20.745810
2907.537955 20.303174
2907.949059 20.445681
2908.360163 20.314855
2908.771267 20.695986
2909.182371 20.928553
2909.593475 21.210174
2910.004579 21.243975
2910.415683 21.388542
2910.826787 21.006935
2911.237891 20.295826
2911.648996 20.040394
2912.060100 20.517925
2912.471204 20.603832
2912.882308 20.720905
2913.293412 20.683593
2913.704516 20.383867
2914.115620 20.355102
2914.526724 20.401901
2914.937828 20.579721
2915.348932 21.066764
2915.760036 21.159365
2916.171141 21.233128
2916.582245 20.699026
2916.993349 20.867040
2917.404453 20.877774
2917.815557 20.770045
2918.226661 20.921746
2918.637765 20.708363
2919.048869 20.302771
2919.459973 20.692847
2919.871077 21.010735
2920.282181 20.748099
2920.693286 21.033982
2921.104390 20.866265
2921.515494 21.087301
2921.926598 21.397232
2922.337702 21.202927
2922.748806 21.139182
2923.159910 21.366295
2923.571014 21.384062
2923.982118 21.085054
2924.393222 21.104437
2924.804326 20.577747
2925.215431 20.687251
2925.626535 21.367930
2926.037639 21.685912
2926.448743 21.329397
2926.859847 21.155753
2927.270951 20.804267
2927.682055 21.099791
2928.093159 21.243434
2928.504263 21.168529
2928.915367 21.656200
2929.326471 21.294848
2929.737576 21.717623
2930.148680 21.684003
2930.559784 21.148995
2930.970888 21.435112
2931.381992 22.029099
2931.793096 21.652915
2932.204200 21.707498
2932.615304 20.958502
2933.026408 20.831626
2933.437512 20.919322
2933.848616 21.460730
2934.259721 21.917615
2934.670825 21.892136
2935.081929 21.411489
2935.493033 21.221923
2935.904137 21.792920
2936.315241 21.384600
2936.726345 21.737228
2937.137449 21.555128
2937.548553 21.509506
2937.959657 21.777070
2938.370761 21.596502
2938.781866 21.444632
2939.192970 21.859315
2939.604074 21.601607
2940.015178 21.041383
2940.426282 21.539255
2940.837386 21.926361
2941.248490 22.146961
2941.659594 21.866930
2942.070698 21.371403
2942.481802 21.140933
2942.892906 21.422795
2943.304011 21.177658
2943.715115 20.834456
2944.126219 20.980328
2944.537323 21.622083
2944.948427 21.908831
2945.359531 21.528900
2945.770635 21.468214
2946.181739 21.353711
2946.592843 21.447771
2947.003947 21.374482
2947.415051 21.233541
2947.826156 21.560916
2948.237260 21.719582
2948.648364 21.411996
2949.059468 21.185412
2949.470572 21.124639
2949.881676 21.500707
2950.292780 21.407129
2950.703884 20.582491
2951.114988 20.221191
2951.526092 20.332419
2951.937196 20.962738
2952.348301 21.197771
2952.759405 21.985747
2953.170509 21.953750
2953.581613 21.910955
2953.992717 20.975998
2954.403821 19.339001
2954.814925 19.708055
2955.226029 21.134525
2955.637133 22.597032
2956.048237 22.445643
2956.459341 21.871711
2956.870446 21.269515
2957.281550 20.499113
2957.692654 19.946561
2958.103758 20.254586
2958.514862 20.608857
2958.925966 20.859500
2959.337070 20.590707
2959.748174 20.742592
2960.159278 21.009235
2960.570382 21.398732
2960.981486 21.616942
2961.392591 21.211580
2961.803695 20.598713
2962.214799 20.980023
2962.625903 21.388569
2963.037007 21.621242
2963.448111 21.627315
2963.859215 21.173234
2964.270319 21.530419
2964.681423 21.202897
2965.092527 20.790582
2965.503632 20.695050
2965.914736 20.707280
2966.325840 21.591774
2966.736944 21.434341
2967.148048 21.469672
2967.559152 21.537477
2967.970256 21.633532
2968.381360 21.001936
2968.792464 20.895804
2969.203568 20.974788
2969.614672 21.253522
2970.025777 21.397319
2970.436881 21.169318
2970.847985 21.004402
2971.259089 20.903611
2971.670193 20.814987
2972.081297 20.404754
2972.492401 20.469988
2972.903505 20.782001
2973.314609 21.286151
2973.725713 21.396323
2974.136817 20.890185
2974.547922 21.304218
2974.959026 21.510190
2975.370130 21.008822
2975.781234 21.047844
2976.192338 21.441084
2976.603442 20.997595
2977.014546 20.320775
2977.425650 20.823895
2977.836754 20.845943
2978.247858 20.924614
2978.658962 20.688224
2979.070067 20.685270
2979.481171 20.810555
2979.892275 20.942768
2980.303379 20.543615
2980.714483 21.210140
2981.125587 20.954487
2981.536691 20.588775
2981.947795 20.698376
2982.358899 20.890617
2982.770003 20.792548
2983.181107 20.991536
2983.592212 20.414767
2984.003316 20.577627
2984.414420 20.871982
2984.825524 21.011919
2985.236628 20.771860
2985.647732 20.609744
2986.058836 20.576879
2986.469940 20.593879
2986.881044 20.936548
2987.292148 20.657445
2987.703252 20.883874
2988.114357 20.465222
2988.525461 19.649729
2988.936565 20.228144
2989.347669 20.449853
2989.758773 20.289789
2990.169877 20.814596
2990.580981 21.364544
2990.992085 20.650897
2991.403189 20.176039
2991.814293 19.945238
2992.225397 19.987902
2992.636502 19.981625
2993.047606 19.932654
2993.458710 19.898635
2993.869814 19.880233
2994.280918 20.004004
2994.692022 19.774503
2995.103126 19.373561
2995.514230 19.618010
2995.925334 20.004289
2996.336438 19.870874
2996.747542 19.960111
2997.158647 19.728054
2997.569751 19.639573
2997.980855 19.999418
2998.391959 19.965331
2998.803063 20.158343
2999.214167 19.591737
2999.625271 19.421322
3000.036375 19.800024
3000.447479 20.180872
3000.858583 20.552317
3001.269687 20.301084
3001.680792 19.725777
3002.091896 19.889126
3002.503000 19.829875
3002.914104 19.882338
3003.325208 19.748279
3003.736312 19.288861
3004.147416 18.979926
3004.558520 19.395865
3004.969624 18.940277
3005.380728 19.361041
3005.791832 19.184308
3006.202937 19.815882
3006.614041 19.740623
3007.025145 19.241912
3007.436249 19.328808
3007.847353 19.429602
3008.258457 19.331510
3008.669561 19.275766
3009.080665 19.335021
3009.491769 19.568201
3009.902873 19.346638
3010.313977 19.127940
3010.725082 19.027281
3011.136186 18.786407
3011.547290 18.855310
3011.958394 18.925280
3012.369498 18.791361
3012.780602 18.483181
3013.191706 18.465163
3013.602810 18.381301
3014.013914 18.255350
3014.425018 18.937281
3014.836122 18.789955
3015.247227 18.491511
3015.658331 18.345571
3016.069435 18.332848
3016.480539 18.128873
3016.891643 18.310928
3017.302747 18.639885
3017.713851 18.773432
3018.124955 18.646399
3018.536059 18.453643
3018.947163 17.980825
3019.358267 18.284637
3019.769372 18.700094
3020.180476 19.010536
3020.591580 18.845909
3021.002684 18.407337
3021.413788 18.072321
3021.824892 17.740203
3022.235996 18.340757
3022.647100 18.221143
3023.058204 17.848481
3023.469308 17.724311
3023.880412 17.889701
3024.291517 18.139622
3024.702621 18.538963
3025.113725 18.398782
3025.524829 18.355592
3025.935933 18.933492
3026.347037 18.388356
3026.758141 18.396309
3027.169245 18.015355
3027.580349 18.043624
3027.991453 18.412670
3028.402557 17.571554
3028.813662 18.030439
3029.224766 18.377707
3029.635870 18.415263
3030.046974 18.279612
3030.458078 18.712569
3030.869182 18.827214
3031.280286 18.502982
3031.691390 18.231144
3032.102494 17.903961
3032.513598 18.578924
3032.924703 18.533885
3033.335807 18.307636
3033.746911 18.257992
3034.158015 17.618048
3034.569119 18.055929
3034.980223 18.828011
3035.391327 18.371904
3035.802431 18.467113
3036.213535 18.297687
3036.624639 18.267141
3037.035743 18.846770
3037.446848 19.113992
3037.857952 18.986042
3038.269056 18.561135
3038.680160 18.345575
3039.091264 18.430102
3039.502368 18.649432
3039.913472 18.613545
3040.324576 18.930429
3040.735680 18.837840
3041.146784 18.404638
3041.557888 18.306835
3041.968993 18.459769
3042.380097 18.538764
3042.791201 18.859474
3043.202305 19.095146
3043.613409 19.262446
3044.024513 18.617694
3044.435617 18.922991
3044.846721 18.701940
3045.257825 18.576098
3045.668929 18.465527
3046.080033 19.091688
3046.491138 19.363285
3046.902242 18.738410
3047.313346 17.865936
3047.724450 17.908630
3048.135554 18.042120
3048.546658 18.660603
3048.957762 18.660990
3049.368866 18.485455
3049.779970 18.252309
3050.191074 18.431959
3050.602178 18.082604
3051.013283 18.452361
3051.424387 17.930986
3051.835491 18.132368
3052.246595 18.438108
3052.657699 18.671040
3053.068803 18.976322
3053.479907 18.534163
3053.891011 18.180591
3054.302115 18.024398
3054.713219 17.809914
3055.124323 18.199643
3055.535428 18.314537
3055.946532 18.007406
3056.357636 17.767735
3056.768740 17.675540
3057.179844 17.821411
3057.590948 18.641362
3058.002052 18.762160
3058.413156 18.636145
3058.824260 18.995607
3059.235364 18.669315
3059.646468 18.457709
3060.057573 18.019061
3060.468677 18.080266
3060.879781 18.474965
3061.290885 18.195287
3061.701989 18.199907
3062.113093 18.778097
3062.524197 18.766321
3062.935301 18.737786
3063.346405 18.797002
3063.757509 18.488943
3064.168613 18.298390
3064.579718 18.148966
3064.990822 18.619833
3065.401926 18.772429
3065.813030 18.518700
3066.224134 18.550043
3066.635238 18.541880
3067.046342 18.288568
3067.457446 18.010552
3067.868550 18.193352
3068.279654 18.497633
3068.690758 18.801569
3069.101863 18.477818
3069.512967 18.754508
3069.924071 18.375659
3070.335175 18.118202
3070.746279 18.577891
3071.157383 18.413700
3071.568487 17.936552
3071.979591 18.096053
3072.390695 18.329860
3072.801799 18.203838
3073.212903 18.347973
3073.624008 18.899939
3074.035112 19.119946
3074.446216 19.394707
3074.857320 19.201767
3075.268424 18.792041
3075.679528 18.354772
3076.090632 18.088438
3076.501736 18.645395
3076.912840 18.525432
3077.323944 18.481994
3077.735048 18.258375
3078.146153 18.702714
3078.557257 18.644027
3078.968361 19.084799
3079.379465 18.629703
3079.790569 18.377719
3080.201673 18.339588
3080.612777 18.587686
3081.023881 18.350570
3081.434985 17.850916
3081.846089 18.141923
3082.257193 18.173006
3082.668298 18.508586
3083.079402 18.804726
3083.490506 18.671123
3083.901610 18.547908
3084.312714 18.693047
3084.723818 18.431286
3085.134922 18.719102
3085.546026 18.762089
3085.957130 18.457600
3086.368234 17.854976
3086.779338 18.183414
3087.190443 17.944295
3087.601547 17.727292
3088.012651 17.900342
3088.423755 17.613459
3088.834859 18.190657
3089.245963 18.137660
3089.657067 18.119378
3090.068171 18.256271
3090.479275 18.034332
3090.890379 17.403841
3091.301483 17.755091
3091.712588 17.662742
3092.123692 18.026041
3092.534796 18.280957
3092.945900 18.400086
3093.357004 18.601589
3093.768108 18.391009
3094.179212 17.998708
3094.590316 17.907423
3095.001420 18.064499
3095.412524 18.280502
3095.823629 18.258368
3096.234733 18.354404
3096.645837 19.104836
3097.056941 18.821249
3097.468045 18.626204
3097.879149 18.615992
3098.290253 18.561282
3098.701357 18.316942
3099.112461 18.238162
3099.523565 18.379763
3099.934669 18.723217
3100.345774 18.514660
3100.756878 18.579875
3101.167982 18.021568
3101.579086 18.070686
3101.990190 18.076996
3102.401294 18.099244
3102.812398 18.104923
3103.223502 18.001095
3103.634606 18.445501
3104.045710 17.941059
3104.456814 18.206078
3104.867919 18.120649
3105.279023 18.080789
3105.690127 18.325726
3106.101231 18.481062
3106.512335 18.430087
3106.923439 18.481231
3107.334543 18.124163
3107.745647 18.102145
3108.156751 18.581593
3108.567855 18.713708
3108.978959 19.253651
3109.390064 18.984335
3109.801168 18.814187
3110.212272 18.458345
3110.623376 18.271640
3111.034480 18.577695
3111.445584 18.940277
3111.856688 18.867800
3112.267792 18.407705
3112.678896 18.921999
3113.090000 18.995017
3113.501104 18.982655
3113.912209 18.865300
3114.323313 18.972247
3114.734417 18.919093
3115.145521 19.257605
3115.556625 19.107764
3115.967729 19.358020
3116.378833 19.235395
3116.789937 19.254102
3117.201041 18.985948
3117.612145 18.997468
3118.023249 19.051238
3118.434354 18.828236
3118.845458 19.351224
3119.256562 19.751733
3119.667666 19.628756
3120.078770 19.489135
3120.489874 19.319340
3120.900978 19.575680
3121.312082 19.146139
3121.723186 18.847484
3122.134290 18.806921
3122.545394 19.082848
3122.956499 19.595853
3123.367603 19.478923
3123.778707 19.809334
3124.189811 19.803159
3124.600915 19.702699
3125.012019 20.216151
3125.423123 19.703435
3125.834227 19.271139
3126.245331 19.284385
3126.656435 19.200827
3127.067539 19.409400
3127.478644 19.450771
3127.889748 19.149406
3128.300852 19.757307
3128.711956 20.249726
3129.123060 19.957081
3129.534164 19.420375
3129.945268 19.184086
3130.356372 19.323568
3130.767476 19.714651
3131.178580 19.677302
3131.589684 19.377309
3132.000789 19.347492
3132.411893 19.242717
3132.822997 19.489154
3133.234101 19.077838
3133.645205 18.760653
3134.056309 19.108358
3134.467413 19.302403
3134.878517 19.290132
3135.289621 19.418191
3135.700725 19.290372
3136.111829 19.430967
3136.522934 19.153236
3136.934038 18.515434
3137.345142 18.447118
3137.756246 18.898455
3138.167350 19.391697
3138.578454 19.557568
3138.989558 19.147312
3139.400662 19.161828
3139.811766 19.400180
3140.222870 19.226517
3140.633974 18.634871
3141.045079 18.619040
3141.456183 18.412110
3141.867287 18.471098
3142.278391 18.836231
3142.689495 18.262036
3143.100599 17.974458
3143.511703 17.770896
3143.922807 18.391832
3144.333911 18.435849
3144.745015 18.353216
3145.156119 18.904442
3145.567224 18.668526
3145.978328 18.325034
3146.389432 18.554433
3146.800536 18.503666
3147.211640 18.421070
3147.622744 18.436706
3148.033848 18.552156
3148.444952 18.490229
3148.856056 18.568945
3149.267160 18.265795
3149.678264 18.276593
3150.089369 18.201504
3150.500473 18.189995
3150.911577 18.174698
3151.322681 18.446584
3151.733785 18.443419
3152.144889 18.748430
3152.555993 18.763453
3152.967097 18.800430
3153.378201 18.767069
3153.789305 18.986820
3154.200409 19.491100
3154.611514 19.475668
3155.022618 19.544627
3155.433722 19.448249
3155.844826 18.896083
3156.255930 18.666695
3156.667034 18.475311
3157.078138 18.418684
3157.489242 18.505162
3157.900346 18.752407
3158.311450 18.139968
3158.722554 19.094023
3159.133659 20.001406
3159.544763 20.309033
3159.955867 19.805963
3160.366971 17.077512
3160.778075 17.077309
3161.189179 17.160705
3161.600283 18.293045
3162.011387 19.414500
3162.422491 19.757022
3162.833595 19.882484
3163.244700 19.062371
3163.655804 18.441547
3164.066908 18.114797
3164.478012 17.947900
3164.889116 17.954887
3165.300220 18.200459
3165.711324 18.569547
3166.122428 18.574673
3166.533532 18.560725
3166.944636 18.848304
3167.355740 18.694915
3167.766845 18.403469
3168.177949 17.736876
3168.589053 17.742308
3169.000157 18.102446
3169.411261 18.547348
3169.822365 18.645001
3170.233469 18.422499
3170.644573 18.465933
3171.055677 18.697287
3171.466781 18.908648
3171.877885 18.595289
3172.288990 18.626384
3172.700094 18.795548
3173.111198 18.302517
3173.522302 18.229900
3173.933406 18.174931
3174.344510 18.423085
3174.755614 18.657603
3175.166718 18.838332
3175.577822 18.579315
3175.988926 18.550464
3176.400030 19.160828
3176.811135 18.684684
3177.222239 18.447794
3177.633343 18.468083
3178.044447 18.942408
3178.455551 18.933459
3178.866655 19.034152
3179.277759 18.745938
3179.688863 18.618273
3180.099967 18.870401
3180.511071 18.927659
3180.922175 18.628677
3181.333280 18.445464
3181.744384 18.611414
3182.155488 18.861778
3182.566592 18.977697
3182.977696 19.168195
3183.388800 18.723379
3183.799904 18.641092
3184.211008 18.821809
3184.622112 18.572437
3185.033216 18.581405
3185.444320 18.972672
3185.855425 19.195573
3186.266529 19.397545
3186.677633 19.187815
3187.088737 18.999915
3187.499841 19.081266
3187.910945 19.451034
3188.322049 19.543924
3188.733153 19.260841
3189.144257 18.644087
3189.555361 18.585810
3189.966465 18.698365
3190.377570 19.523887
3190.788674 19.574237
3191.199778 19.360654
3191.610882 19.124945
3192.021986 19.350078
3192.433090 19.425659
3192.844194 19.202887
3193.255298 19.279833
3193.666402 18.870998
3194.077506 18.942126
3194.488610 19.427573
3194.899715 19.326932
3195.310819 19.066092
3195.721923 18.708329
3196.133027 19.058778
3196.544131 19.294969
3196.955235 19.500553
3197.366339 19.296991
3197.777443 19.177636
3198.188547 18.756894
3198.599651 19.343820
3199.010755 19.245092
3199.421860 19.114729
3199.832964 19.189025
3200.244068 19.202135
3200.655172 19.004271
3201.066276 18.803490
3201.477380 18.525872
3201.888484 18.559120
3202.299588 18.430069
3202.710692 18.872487
3203.121796 18.791440
3203.532900 18.263352
3203.944005 18.656761
3204.355109 18.796833
3204.766213 18.697685
3205.177317 18.751185
3205.588421 18.554798
3205.999525 18.300085
3206.410629 18.088077
3206.821733 18.198854
3207.232837 18.713467
3207.643941 18.455086
3208.055045 18.303520
3208.466150 18.051107
3208.877254 18.043733
3209.288358 18.363590
3209.699462 18.373986
3210.110566 17.905769
3210.521670 17.914452
3210.932774 18.298656
3211.343878 18.446279
3211.754982 18.558613
3212.166086 18.365037
3212.577190 18.307173
3212.988295 17.995048
3213.399399 17.696242
3213.810503 18.107637
3214.221607 18.552569
3214.632711 18.605017
3215.043815 18.205308
3215.454919 18.680076
3215.866023 18.586671
3216.277127 18.670676
3216.688231 18.434925
3217.099335 18.101224
3217.510440 18.258097
3217.921544 18.347954
3218.332648 18.183391
3218.743752 18.019655
3219.154856 17.845771
3219.565960 18.152443
3219.977064 18.279138
3220.388168 18.397357
3220.799272 18.409543
3221.210376 18.184568
3221.621480 17.892618
3222.032585 18.205090
3222.443689 18.288726
3222.854793 17.953000
3223.265897 17.658991
3223.677001 17.890119
3224.088105 18.188247
3224.499209 17.777864
3224.910313 18.088351
3225.321417 17.746408
3225.732521 18.126313
3226.143625 18.325001
3226.554730 18.216820
3226.965834 18.111794
3227.376938 17.962404
3227.788042 17.899782
3228.199146 17.857629
3228.610250 17.590915
3229.021354 17.875325
3229.432458 17.788129
3229.843562 17.924844
3230.254666 18.071960
3230.665771 18.445216
3231.076875 18.423668
3231.487979 18.164658
3231.899083 17.898940
3232.310187 17.749160
3232.721291 17.750272
3233.132395 17.540805
3233.543499 17.847586
3233.954603 18.209172
3234.365707 17.806151
3234.776811 17.782092
3235.187916 17.928967
3235.599020 18.158449
3236.010124 18.246822
3236.421228 17.990169
3236.832332 17.978777
3237.243436 17.741966
3237.654540 18.007733
3238.065644 18.172957
3238.476748 17.999896
3238.887852 17.768994
3239.298956 17.567532
3239.710061 17.624317
3240.121165 17.483400
3240.532269 17.542444
3240.943373 17.797127
3241.354477 17.905409
3241.765581 18.119239
3242.176685 18.096834
3242.587789 17.943149
3242.998893 17.815454
3243.409997 17.663738
3243.821101 17.615150
3244.232206 17.645144
3244.643310 17.748107
3245.054414 17.651237
3245.465518 17.555471
3245.876622 17.451993
3246.287726 17.482321
3246.698830 17.385496
3247.109934 17.412606
3247.521038 17.456052
3247.932142 17.467084
3248.343246 17.334570
3248.754351 17.057125
3249.165455 17.265427
3249.576559 17.216764
3249.987663 17.343501
3250.398767 17.291455
3250.809871 17.536238
3251.220975 18.088930
3251.632079 17.722853
3252.043183 17.481130
3252.454287 17.325084
3252.865391 17.043617
3253.276496 17.274696
3253.687600 17.487087
3254.098704 17.223688
3254.509808 17.143611
3254.920912 17.105273
3255.332016 17.100563
3255.743120 17.777699
3256.154224 17.685801
3256.565328 17.571644
3256.976432 17.528755
3257.387536 17.612865
3257.798641 18.008199
3258.209745 17.606340
3258.620849 17.858629
3259.031953 17.684823
3259.443057 17.757541
3259.854161 17.622784
3260.265265 17.155939
3260.676369 17.386612
3261.087473 17.513829
3261.498577 17.435714
3261.909681 17.706033
3262.320786 17.638172
3262.731890 17.490804
3263.142994 17.212562
3263.554098 17.415057
3263.965202 17.635138
3264.376306 17.700031
3264.787410 17.989928
3265.198514 17.417895
3265.609618 17.255076
3266.020722 17.538072
3266.431826 17.755256
3266.842931 17.533340
3267.254035 17.179137
3267.665139 17.318852
3268.076243 17.408145
3268.487347 17.402203
3268.898451 17.691702
3269.309555 17.640821
3269.720659 17.641630
3270.131763 17.585115
3270.542867 17.383695
3270.953971 17.321114
3271.365076 17.611211
3271.776180 17.712220
3272.187284 17.512608
3272.598388 17.413133
3273.009492 17.433636
3273.420596 16.905240
3273.831700 16.760248
3274.242804 17.442908
3274.653908 18.161745
3275.065012 18.181395
3275.476116 18.022722
3275.887221 18.383334
3276.298325 18.545052
3276.709429 17.907235
3277.120533 17.762127
3277.531637 17.863226
3277.942741 17.812199
3278.353845 17.463953
3278.764949 17.674194
3279.176053 17.722083
3279.587157 17.887228
3279.998261 17.879703
3280.409366 17.768298
3280.820470 17.795856
3281.231574 17.886191
3281.642678 17.754719
3282.053782 17.548014
3282.464886 17.628170
3282.875990 17.583428
3283.287094 17.759248
3283.698198 17.959600
3284.109302 17.651774
3284.520406 17.704804
3284.931511 18.296435
3285.342615 18.420432
3285.753719 18.343688
3286.164823 18.495754
3286.575927 18.209461
3286.987031 17.889619
3287.398135 17.468989
3287.809239 17.816029
3288.220343 17.676833
3288.631447 17.841944
3289.042551 17.629504
3289.453656 17.473128
3289.864760 17.269456
3290.275864 17.117439
3290.686968 17.114455
3291.098072 17.004520
3291.509176 17.350856
3291.920280 17.600292
3292.331384 17.314736
3292.742488 17.181182
3293.153592 17.339592
3293.564697 17.059782
3293.975801 17.453053
3294.386905 17.358201
3294.798009 17.250517
3295.209113 17.325080
3295.620217 17.238647
3296.031321 16.925536
3296.442425 17.081969
3296.853529 17.066961
3297.264633 17.559684
3297.675737 17.330101
3298.086842 17.443427
3298.497946 17.277049
3298.909050 17.412449
3299.320154 17.033344
3299.731258 17.247457
3300.142362 17.206477
3300.553466 17.210217
3300.964570 16.856419
3301.375674 17.008748
3301.786778 17.223755
3302.197882 16.899767
3302.608987 16.732148
3303.020091 16.832958
3303.431195 17.269400
3303.842299 17.129741
3304.253403 17.064259
3304.664507 16.890427
3305.075611 17.044913
3305.486715 16.758699
3305.897819 17.011698
3306.308923 17.263875
3306.720027 17.052664
3307.131132 17.240586
3307.542236 17.078256
3307.953340 16.832932
3308.364444 16.870822
3308.775548 16.969783
3309.186652 16.827516
3309.597756 16.372243
3310.008860 16.206395
3310.419964 16.656886
3310.831068 17.100496
3311.242172 16.886349
3311.653277 16.891660
3312.064381 16.741879
3312.475485 16.218430
3312.886589 16.358614
3313.297693 16.712916
3313.708797 16.722650
3314.119901 16.679919
3314.531005 16.336239
3314.942109 16.293955
3315.353213 16.210807
3315.764317 16.376923
3316.175422 16.548078
3316.586526 16.516998
3316.997630 16.368992
3317.408734 16.367861
3317.819838 16.272633
3318.230942 16.107671
3318.642046 15.982885
3319.053150 16.235272
3319.464254 16.355359
3319.875358 16.371909
3320.286462 16.342253
3320.697567 16.191823
3321.108671 16.177442
3321.519775 16.243571
3321.930879 16.590787
3322.341983 16.617556
3322.753087 16.850575
3323.164191 16.690582
3323.575295 16.413366
3323.986399 16.203064
3324.397503 16.502727
3324.808607 16.714043
3325.219712 16.769325
3325.630816 16.670019
3326.041920 16.521693
3326.453024 16.362745
3326.864128 16.528372
3327.275232 16.615004
3327.686336 16.338852
3328.097440 16.409867
3328.508544 16.565695
3328.919648 16.276850
3329.330752 16.371209
3329.741857 16.343309
3330.152961 16.186098
3330.564065 16.034078
3330.975169 16.111309
3331.386273 16.709368
3331.797377 16.962720
3332.208481 16.683136
3332.619585 16.611155
3333.030689 16.856321
3333.441793 16.793500
3333.852897 16.740147
3334.264002 16.724349
3334.675106 16.582601
3335.086210 16.437301
3335.497314 16.543128
3335.908418 16.532337
3336.319522 17.002253
3336.730626 16.975458
3337.141730 17.025361
3337.552834 16.549296
3337.963938 16.631034
3338.375042 16.860584
3338.786147 16.616985
3339.197251 16.896212
3339.608355 17.040129
3340.019459 17.096402
3340.430563 17.136105
3340.841667 16.712788
3341.252771 16.571013
3341.663875 16.579827
3342.074979 16.624596
3342.486083 16.929693
3342.897187 16.496412
3343.308292 16.794808
3343.719396 16.975563
3344.130500 17.194758
3344.541604 17.119901
3344.952708 16.919759
3345.363812 16.584285
3345.774916 16.606540
3346.186020 16.461472
3346.597124 16.606006
3347.008228 17.055930
3347.419332 16.980359
3347.830437 17.084991
3348.241541 16.868950
3348.652645 16.775324
3349.063749 16.639566
3349.474853 16.814451
3349.885957 16.493353
3350.297061 16.306486
3350.708165 16.472722
3351.119269 16.463254
3351.530373 16.269389
3351.941477 16.164813
3352.352582 16.144509
3352.763686 16.022614
3353.174790 16.300871
3353.585894 16.161615
3353.996998 16.371785
3354.408102 15.914813
3354.819206 15.701512
3355.230310 15.899147
3355.641414 15.828294
3356.052518 16.053175
3356.463622 16.023817
3356.874727 16.288701
3357.285831 16.459800
3357.696935 16.275459
3358.108039 16.355562
3358.519143 16.206154
3358.930247 15.928953
3359.341351 15.851492
3359.752455 16.089705
3360.163559 16.197490
3360.574663 15.873837
3360.985768 16.016085
3361.396872 15.953373
3361.807976 16.329237
3362.219080 16.362982
3362.630184 16.088837
3363.041288 16.413779
3363.452392 16.320235
3363.863496 16.262684
3364.274600 16.347433
3364.685704 16.373446
3365.096808 16.560376
3365.507913 16.546267
3365.919017 16.309546
3366.330121 16.036690
3366.741225 16.019652
3367.152329 16.096204
3367.563433 16.422289
3367.974537 16.397125
3368.385641 16.141352
3368.796745 16.291448
3369.207849 16.241560
3369.618953 16.062835
3370.030058 16.131610
3370.441162 15.854055
3370.852266 16.111535
3371.263370 16.063989
3371.674474 16.098797
3372.085578 16.253746
3372.496682 16.433753
3372.907786 16.061624
3373.318890 16.110926
3373.729994 15.950903
3374.141098 15.965340
3374.552203 15.841644
3374.963307 16.115820
3375.374411 15.899294
3375.785515 16.293046
3376.196619 16.087687
3376.607723 16.101203
3377.018827 16.189868
3377.429931 15.933441
3377.841035 16.049157
3378.252139 16.059880
3378.663243 16.051495
3379.074348 15.935027
3379.485452 15.984182
3379.896556 15.985825
3380.307660 16.009684
3380.718764 15.976981
3381.129868 15.867910
3381.540972 15.928013
3381.952076 15.911686
3382.363180 15.783743
3382.774284 15.774715
3383.185388 15.773937
3383.596493 15.929694
3384.007597 15.805889
3384.418701 16.041779
3384.829805 15.754020
3385.240909 15.917271
3385.652013 16.249002
3386.063117 16.301232
3386.474221 15.991275
3386.885325 16.109975
3387.296429 16.076381
3387.707533 16.382200
3388.118638 16.360595
3388.529742 16.076554
3388.940846 15.837653
3389.351950 15.664990
3389.763054 15.883643
3390.174158 15.632339
3390.585262 15.703271
3390.996366 15.605454
3391.407470 15.829700
3391.818574 16.143592
3392.229678 16.334864
3392.640783 15.845587
3393.051887 15.769408
3393.462991 15.879678
3393.874095 15.727018
3394.285199 15.945570
3394.696303 15.831248
3395.107407 16.392479
3395.518511 15.992267
3395.929615 16.115132
3396.340719 16.206575
3396.751823 16.393953
3397.162928 16.105717
3397.574032 15.870240
3397.985136 15.510639
3398.396240 15.708718
3398.807344 15.982265
3399.218448 16.402609
3399.629552 16.403661
3400.040656 16.382632
3400.451760 16.113519
3400.862864 15.940451
3401.273968 16.396009
3401.685073 16.802795
3402.096177 16.714855
3402.507281 16.352883
3402.918385 16.310061
3403.329489 16.490511
3403.740593 16.473274
3404.151697 16.305517
3404.562801 16.276365
3404.973905 16.404631
3405.385009 16.555298
3405.796113 16.593742
3406.207218 16.595797
3406.618322 16.453711
3407.029426 16.541768
3407.440530 16.398786
3407.851634 16.694435
3408.262738 16.986753
3408.673842 17.093512
3409.084946 16.900808
3409.496050 16.963137
3409.907154 17.014965
3410.318258 16.961780
3410.729363 17.008274
3411.140467 17.208146
3411.551571 16.689184
3411.962675 16.763379
3412.373779 16.867620
3412.784883 16.839539
3413.195987 16.847842
3413.607091 16.876780
3414.018195 16.776677
3414.429299 17.081511
3414.840403 17.423608
3415.251508 17.396125
3415.662612 17.370905
3416.073716 17.193044
3416.484820 17.049863
3416.895924 17.082676
3417.307028 17.279736
3417.718132 17.182704
3418.129236 17.231299
3418.540340 17.258436
3418.951444 17.448734
3419.362548 17.684121
3419.773653 17.651522
3420.184757 17.592106
3420.595861 17.429381
3421.006965 17.639668
3421.418069 17.623848
3421.829173 17.909648
3422.240277 17.935583
3422.651381 18.162606
3423.062485 17.957326
3423.473589 17.965355
3423.884693 17.873581
3424.295798 17.856066
3424.706902 18.146365
3425.118006 18.404270
3425.529110 17.962911
3425.940214 18.044917
3426.351318 18.186774
3426.762422 18.431636
3427.173526 18.253903
3427.584630 18.241214
3427.995734 17.959390
3428.406839 17.711382
3428.817943 17.569427
3429.229047 17.034679
3429.640151 16.730837
3430.051255 16.837694
3430.462359 16.461179
3430.873463 16.452745
3431.284567 16.279590
3431.695671 16.333409
3432.106775 16.335168
3432.517879 16.135669
3432.928984 15.741245
3433.340088 15.778981
3433.751192 16.062771
3434.162296 15.578625
3434.573400 15.691131
3434.984504 15.508700
3435.395608 15.644848
3435.806712 15.806058
3436.217816 16.063624
3436.628920 16.010676
3437.040024 15.927683
3437.451129 15.762642
3437.862233 15.819724
3438.273337 16.014067
3438.684441 15.938913
3439.095545 15.795504
3439.506649 15.664772
3439.917753 15.446720
3440.328857 15.750355
3440.739961 15.830921
3441.151065 16.349045
3441.562169 16.532747
3441.973274 16.644389
3442.384378 16.066612
3442.795482 16.239294
3443.206586 16.381632
3443.617690 15.634184
3444.028794 15.906849
3444.439898 16.000870
3444.851002 15.665197
3445.262106 16.005381
3445.673210 16.005678
3446.084314 15.765942
3446.495419 15.458440
3446.906523 15.132388
3447.317627 15.235054
3447.728731 15.116711
3448.139835 15.397358
3448.550939 15.277339
3448.962043 15.079877
3449.373147 15.571953
3449.784251 15.741572
3450.195355 15.935715
3450.606459 15.619003
3451.017564 15.638304
3451.428668 15.256531
3451.839772 15.362475
3452.250876 15.562831
3452.661980 15.489707
3453.073084 15.096606
3453.484188 15.267687
3453.895292 15.324573
3454.306396 15.525189
3454.717500 15.865162
3455.128604 15.862478
3455.539709 15.778086
3455.950813 15.787787
3456.361917 16.152320
3456.773021 15.793801
3457.184125 15.373863
3457.595229 15.485381
3458.006333 15.347891
3458.417437 15.327084
3458.828541 15.386000
3459.239645 15.448551
3459.650749 15.348929
3460.061854 15.609250
3460.472958 15.318319
3460.884062 15.229071
3461.295166 15.057885
3461.706270 15.252787
3462.117374 15.516972
3462.528478 15.463168
3462.939582 15.497116
3463.350686 15.435959
3463.761790 15.707515
3464.172894 15.433986
3464.583999 15.077298
3464.995103 14.962826
3465.406207 15.524429
3465.817311 15.415539
3466.228415 15.858930
3466.639519 15.868894
3467.050623 15.961236
3467.461727 15.911882
3467.872831 16.001036
3468.283935 15.499593
3468.695039 15.238505
3469.106144 15.294455
3469.517248 15.387319
3469.928352 15.610426
3470.339456 15.502938
3470.750560 15.963442
3471.161664 15.778673
3471.572768 15.600338
3471.983872 15.583150
3472.394976 15.640863
3472.806080 15.881805
3473.217184 15.966768
3473.628289 15.681299
3474.039393 15.449941
3474.450497 15.187470
3474.861601 15.413393
3475.272705 15.700629
3475.683809 15.502423
3476.094913 15.450340
3476.506017 15.207361
3476.917121 15.022483
3477.328225 15.234799
3477.739329 15.178322
3478.150434 15.130385
3478.561538 15.215604
3478.972642 15.808734
3479.383746 15.660254
3479.794850 15.605145
3480.205954 15.215062
3480.617058 14.880377
3481.028162 15.006460
3481.439266 15.203027
3481.850370 15.118000
3482.261474 15.159897
3482.672579 15.127006
3483.083683 15.195574
3483.494787 15.268138
3483.905891 15.016890
3484.316995 15.823209
3484.728099 15.819138
3485.139203 15.783112
3485.550307 15.811429
3485.961411 15.333323
3486.372515 15.108878
3486.783619 15.295917
3487.194724 15.230803
3487.605828 14.994785
3488.016932 14.903075
3488.428036 14.796102
3488.839140 14.967479
3489.250244 15.069920
3489.661348 15.109385
3490.072452 15.240700
3490.483556 15.319552
3490.894660 15.337424
3491.305764 15.278910
3491.716869 15.121075
3492.127973 15.270299
3492.539077 15.484908
3492.950181 15.138391
3493.361285 15.036510
3493.772389 15.166512
3494.183493 15.587405
3494.594597 15.654067
3495.005701 15.697739
3495.416805 15.563083
3495.827910 15.539603
3496.239014 15.250683
3496.650118 15.204448
3497.061222 14.987682
3497.472326 15.158995
3497.883430 15.091750
3498.294534 15.154117
3498.705638 15.347151
3499.116742 15.270231
3499.527846 15.232265
3499.938950 15.175078
3500.350055 15.236509
3500.761159 15.130343
3501.172263 14.991846
3501.583367 14.875014
3501.994471 15.083116
3502.405575 14.951445
3502.816679 15.275730
3503.227783 15.341709
3503.638887 15.276617
3504.049991 15.311283
3504.461095 15.332985
3504.872200 15.069127
3505.283304 14.942109
3505.694408 14.642104
3506.105512 14.572852
3506.516616 14.520607
3506.927720 14.792415
3507.338824 14.992154
3507.749928 14.796996
3508.161032 14.748924
3508.572136 14.892521
3508.983240 14.990598
3509.394345 15.098515
3509.805449 15.127408
3510.216553 15.277519
3510.627657 15.204286
3511.038761 14.723245
3511.449865 14.817443
3511.860969 14.871191
3512.272073 15.122289
3512.683177 15.192781
3513.094281 15.053728
3513.505385 14.592949
3513.916490 14.821277
3514.327594 15.103154
3514.738698 14.833553
3515.149802 14.819619
3515.560906 14.731815
3515.972010 14.849876
3516.383114 14.977564
3516.794218 14.931043
3517.205322 14.933592
3517.616426 14.854364
3518.027530 14.826501
3518.438635 14.648156
3518.849739 14.626100
3519.260843 14.801721
3519.671947 14.598046
3520.083051 14.681904
3520.494155 14.624533
3520.905259 14.655639
3521.316363 14.627882
3521.727467 14.633219
3522.138571 14.469626
3522.549675 14.442736
3522.960780 14.398520
3523.371884 14.087935
3523.782988 14.210293
3524.194092 14.480270
3524.605196 14.536145
3525.016300 14.630351
3525.427404 14.278222
3525.838508 14.165167
3526.249612 14.146912
3526.660716 14.273663
3527.071820 14.236194
3527.482925 14.336172
3527.894029 14.214063
3528.305133 14.278861
3528.716237 14.584507
3529.127341 14.440850
3529.538445 14.135181
3529.949549 14.152354
3530.360653 14.328283
3530.771757 14.269626
3531.182861 14.064391
3531.593965 14.280966
3532.005070 13.965506
3532.416174 13.839247
3532.827278 14.404970
3533.238382 14.562568
3533.649486 14.519299
3534.060590 14.758486
3534.471694 14.256858
3534.882798 14.030605
3535.293902 14.125642
3535.705006 14.438200
3536.116110 13.996176
3536.527215 13.831798
3536.938319 14.068037
3537.349423 14.216701
3537.760527 14.095411
3538.171631 13.917873
3538.582735 14.154361
3538.993839 14.099579
3539.404943 14.007542
3539.816047 13.907455
3540.227151 13.918900
3540.638255 13.921722
3541.049360 13.905436
3541.460464 13.814038
3541.871568 13.959406
3542.282672 13.937490
3542.693776 14.218348
3543.104880 14.385331
3543.515984 14.195142
3543.927088 14.222557
3544.338192 13.920380
3544.749296 14.112411
3545.160400 13.953092
3545.571505 13.908327
3545.982609 13.854026
3546.393713 13.906015
3546.804817 14.105003
3547.215921 14.046549
3547.627025 14.121917
3548.038129 14.122605
3548.449233 14.033097
3548.860337 13.915306
3549.271441 13.792464
3549.682545 13.880652
3550.093650 13.994015
3550.504754 13.927056
3550.915858 13.974083
3551.326962 13.979488
3551.738066 13.891796
3552.149170 13.951257
3552.560274 13.873187
3552.971378 13.822619
3553.382482 13.991260
3553.793586 13.995361
3554.204690 14.099741
3554.615795 14.272483
3555.026899 14.214856
3555.438003 13.943387
3555.849107 13.884738
3556.260211 13.965168
3556.671315 13.988483
3557.082419 13.948104
3557.493523 13.528768
3557.904627 13.514406
3558.315731 13.593837
3558.726836 13.642728
3559.137940 14.269878
3559.549044 14.247826
3559.960148 14.094885
3560.371252 14.161097
3560.782356 14.064842
3561.193460 14.057633
3561.604564 14.022964
3562.015668 14.056423
3562.426772 13.824559
3562.837876 13.789092
3563.248981 13.688016
3563.660085 13.789630
3564.071189 14.248473
3564.482293 14.122432
3564.893397 13.934257
3565.304501 14.056126
3565.715605 14.569507
3566.126709 14.511466
3566.537813 14.303743
3566.948917 13.854842
3567.360021 13.926721
3567.771126 14.011455
3568.182230 14.277238
3568.593334 14.203456
3569.004438 14.079824
3569.415542 14.058566
3569.826646 14.444259
3570.237750 14.050270
3570.648854 13.834045
3571.059958 13.823547
3571.471062 13.625420
3571.882166 14.050270
3572.293271 14.106589
3572.704375 14.381264
3573.115479 14.582387
3573.526583 14.405955
3573.937687 14.403564
3574.348791 14.328129
3574.759895 14.065647
3575.170999 13.938835
3575.582103 13.946961
3575.993207 14.242527
3576.404311 14.390687
3576.815416 14.346452
3577.226520 14.223929
3577.637624 14.262402
3578.048728 14.567218
3578.459832 14.490080
3578.870936 14.353282
3579.282040 14.455110
3579.693144 14.626592
3580.104248 14.926228
3580.515352 14.571409
3580.926456 14.577073
3581.337561 14.327050
3581.748665 14.040723
3582.159769 14.122424
3582.570873 14.240046
3582.981977 14.274870
3583.393081 14.184370
3583.804185 14.215886
3584.215289 14.215890
3584.626393 14.375288
3585.037497 14.308509
3585.448601 14.028546
3585.859706 13.998928
3586.270810 13.801105
3586.681914 13.990358
3587.093018 14.107266
3587.504122 14.280786
3587.915226 14.208000
3588.326330 14.178548
3588.737434 14.092051
3589.148538 14.164889
3589.559642 13.981300
3589.970746 13.865862
3590.381851 13.721272
3590.792955 13.933096
3591.204059 14.177634
3591.615163 13.944003
3592.026267 13.655331
3592.437371 13.625537
3592.848475 13.511959
3593.259579 13.755690
3593.670683 13.943988
3594.081787 13.978357
3594.492891 14.070559
3594.903996 13.966923
3595.315100 13.514207
3595.726204 13.624755
3596.137308 13.663897
3596.548412 13.656669
3596.959516 13.584252
3597.370620 13.616787
3597.781724 13.627284
3598.192828 13.874740
3598.603932 13.884403
3599.015036 13.962364
3599.426141 13.869380
3599.837245 13.919016
3600.248349 13.582117
3600.659453 13.640838
3601.070557 13.921489
3601.481661 13.841476
3601.892765 13.793941
3602.303869 13.586868
3602.714973 13.659932
3603.126077 13.739584
3603.537181 13.453438
3603.948286 13.794550
3604.359390 14.103789
3604.770494 14.268202
3605.181598 14.165878
3605.592702 13.849982
3606.003806 13.701708
3606.414910 13.617764
3606.826014 13.434453
3607.237118 13.602293
3607.648222 14.063730
3608.059326 14.092829
3608.470431 13.832467
3608.881535 13.759576
3609.292639 13.644875
3609.703743 13.839657
3610.114847 13.721246
3610.525951 13.710879
3610.937055 13.734942
3611.348159 13.640548
3611.759263 13.660371
3612.170367 13.888391
3612.581471 13.697367
3612.992576 13.743884
3613.403680 13.541660
3613.814784 13.528489
3614.225888 13.542047
3614.636992 13.567075
3615.048096 13.517559
3615.459200 13.590048
3615.870304 13.805863
3616.281408 13.774257
3616.692512 13.832038
3617.103616 13.763402
3617.514721 13.883351
3617.925825 14.197112
3618.336929 13.819417
3618.748033 14.013004
3619.159137 13.794621
3619.570241 13.787036
3619.981345 13.606003
3620.392449 13.732228
3620.803553 13.757809
3621.214657 13.823754
3621.625761 13.734957
3622.036866 13.683848
3622.447970 13.766477
3622.859074 13.786867
3623.270178 13.764331
3623.681282 13.751202
3624.092386 13.474204
3624.503490 13.570202
3624.914594 13.700273
3625.325698 13.735765
3625.736802 13.716138
3626.147907 13.779918
3626.559011 13.582286
3626.970115 13.291479
3627.381219 13.371301
3627.792323 13.887354
3628.203427 13.683457
3628.614531 13.941282
3629.025635 13.324743
3629.436739 13.033699
3629.847843 13.608657
3630.258947 14.143104
3630.670052 14.517352
3631.081156 14.702915
3631.492260 14.497424
3631.903364 14.089270
3632.314468 13.982972
3632.725572 13.800733
3633.136676 14.712078
3633.547780 14.511188
3633.958884 14.247394
3634.369988 13.745350
3634.781092 13.581076
3635.192197 13.791242
3635.603301 13.798718
3636.014405 14.081343
3636.425509 14.190643
3636.836613 13.861641
3637.247717 13.916332
3637.658821 14.060118
3638.069925 14.099884
3638.481029 13.873699
3638.892133 13.841754
3639.303237 13.575164
3639.714342 13.482153
3640.125446 13.520134
3640.536550 13.382193
3640.947654 13.483488
3641.358758 13.604015
3641.769862 13.550913
3642.180966 13.569695
3642.592070 13.626318
3643.003174 13.887271
3643.414278 13.486149
3643.825382 13.701427
3644.236487 13.537322
3644.647591 13.586285
3645.058695 13.702216
3645.469799 13.521419
3645.880903 13.239028
3646.292007 13.461789
3646.703111 13.306033
3647.114215 13.424752
3647.525319 13.271728
3647.936423 13.457613
3648.347527 13.078419
3648.758632 14.175515
3649.169736 14.486058
3649.580840 13.609093
3649.991944 13.664423
3650.403048 13.426657
3650.814152 13.365700
3651.225256 13.451246
3651.636360 13.652839
3652.047464 13.944274
3652.458568 13.846362
3652.869672 13.716160
3653.280777 13.636294
3653.691881 13.257276
3654.102985 13.154636
3654.514089 13.269168
3654.925193 13.278805
3655.336297 13.400208
3655.747401 13.295486
3656.158505 13.423718
3656.569609 13.650264
3656.980713 13.616832
3657.391817 13.734070
3657.802922 13.674722
3658.214026 13.904361
3658.625130 13.594791
3659.036234 13.559562
3659.447338 13.264534
3659.858442 13.166859
3660.269546 13.260362
3660.680650 13.326476
3661.091754 13.354594
3661.502858 13.580445
3661.913962 13.546230
3662.325067 13.116178
3662.736171 13.489242
3663.147275 13.568703
3663.558379 13.396250
3663.969483 13.594179
3664.380587 13.308137
3664.791691 13.129476
3665.202795 13.344607
3665.613899 13.546888
3666.025003 13.595678
3666.436107 13.549801
3666.847212 13.532579
3667.258316 13.346283
3667.669420 13.429168
3668.080524 13.614738
3668.491628 13.585120
3668.902732 13.704618
3669.313836 14.115813
3669.724940 14.131182
3670.136044 13.849035
3670.547148 13.222614
3670.958252 13.065797
3671.369357 12.951976
3671.780461 12.818695
3672.191565 12.745425
3672.602669 12.929913
3673.013773 13.289867
3673.424877 13.744342
3673.835981 13.591638
3674.247085 13.592198
3674.658189 13.292028
3675.069293 13.488254
3675.480397 13.947040
3675.891502 13.909909
3676.302606 13.581283
3676.713710 13.140831
3677.124814 13.263045
3677.535918 12.933814
3677.947022 13.296978
3678.358126 13.189463
3678.769230 13.387271
3679.180334 13.598467
3679.591438 13.269251
3680.002542 13.369767
3680.413647 13.707643
3680.824751 13.756618
3681.235855 14.010241
3681.646959 14.449671
3682.058063 14.294651
3682.469167 13.772836
3682.880271 13.504340
3683.291375 13.399870
3683.702479 13.281921
3684.113583 13.428105
3684.524687 13.212548
3684.935792 13.398724
3685.346896 13.521735
3685.758000 13.579945
3686.169104 13.443846
3686.580208 13.148814
3686.991312 13.054123
3687.402416 13.304123
3687.813520 13.288251
3688.224624 13.023866
3688.635728 13.280309
3689.046832 13.351925
3689.457937 13.540912
3689.869041 13.636583
3690.280145 13.663081
3690.691249 13.943372
3691.102353 13.407857
3691.513457 13.196507
3691.924561 13.365020
3692.335665 13.156098
3692.746769 13.385809
3693.157873 13.009234
3693.568978 13.102940
3693.980082 13.068966
3694.391186 13.302766
3694.802290 13.645040
3695.213394 13.606477
3695.624498 13.660345
3696.035602 13.577520
3696.446706 13.519277
3696.857810 13.472599
3697.268914 13.266266
3697.680018 13.080238
3698.091123 13.175451
3698.502227 12.958192
3698.913331 12.927176
3699.324435 13.087740
3699.735539 13.130227
3700.146643 13.174113
3700.557747 13.079528
3700.968851 13.007633
3701.379955 13.178958
3701.791059 13.119256
3702.202163 13.029328
3702.613268 13.016601
3703.024372 13.170242
3703.435476 12.997665
3703.846580 12.773855
3704.257684 12.961812
3704.668788 13.082053
3705.079892 12.956730
3705.490996 13.258464
3705.902100 13.320458
3706.313204 13.369654
3706.724308 13.272134
3707.135413 13.111510
3707.546517 12.820718
3707.957621 12.770709
3708.368725 12.860844
3708.779829 12.991355
3709.190933 12.954212
3709.602037 12.681311
3710.013141 12.762087
3710.424245 12.878871
3710.835349 13.026979
3711.246453 13.546613
3711.657558 13.729977
3712.068662 13.655331
3712.479766 13.220663
3712.890870 13.317801
3713.301974 13.140722
3713.713078 13.016755
3714.124182 12.835853
3714.535286 12.864069
3714.946390 13.056980
3715.357494 13.080772
3715.768598 13.279508
3716.179703 13.143616
3716.590807 12.999285
3717.001911 12.949589
3717.413015 13.046328
3717.824119 13.080242
3718.235223 13.258178
3718.646327 13.425022
3719.057431 13.495312
3719.468535 13.220716
3719.879639 12.897855
3720.290743 12.954347
3720.701848 13.331080
3721.112952 13.466694
3721.524056 13.119519
3721.935160 12.823796
3722.346264 12.907925
3722.757368 12.767958
3723.168472 13.078979
3723.579576 13.354951
3723.990680 13.253183
3724.401784 13.365268
3724.812888 13.382862
3725.223993 13.772378
3725.635097 13.904613
3726.046201 13.981168
3726.457305 14.352898
3726.868409 14.621533
3727.279513 14.579163
3727.690617 14.619549
3728.101721 14.861614
3728.512825 15.356029
3728.923929 15.522325
3729.335033 15.603495
3729.746138 15.723147
3730.157242 15.846373
3730.568346 15.736873
3730.979450 15.458158
3731.390554 15.189496
3731.801658 14.774099
3732.212762 14.519141
3732.623866 14.364370
3733.034970 13.953524
3733.446074 13.434735
3733.857178 13.225985
3734.268283 12.924760
3734.679387 12.587177
3735.090491 12.556555
3735.501595 12.347712
3735.912699 12.371872
3736.323803 12.612694
3736.734907 12.670877
3737.146011 12.707768
3737.557115 12.727365
3737.968219 12.548268
3738.379323 12.561896
3738.790428 12.601181
3739.201532 12.717728
3739.612636 12.811919
3740.023740 12.801338
3740.434844 12.569601
3740.845948 12.679364
3741.257052 12.866336
3741.668156 13.053732
3742.079260 13.041081
3742.490364 12.875199
3742.901468 12.921151
3743.312573 13.041727
3743.723677 12.881321
3744.134781 12.933679
3744.545885 12.775907
3744.956989 13.173222
3745.368093 13.367621
3745.779197 13.496774
3746.190301 13.392251
3746.601405 13.147370
3747.012509 12.939527
3747.423613 12.955753
3747.834718 13.171426
3748.245822 13.256836
3748.656926 13.115392
3749.068030 12.759140
3749.479134 12.971934
3749.890238 13.007498
3750.301342 13.350993
3750.712446 13.294219
3751.123550 13.344660
3751.534654 13.131363
3751.945758 12.963255
3752.356863 13.172673
3752.767967 13.268555
3753.179071 13.128017
3753.590175 12.842548
3754.001279 12.764380
3754.412383 12.999165
3754.823487 12.985623
3755.234591 13.093085
3755.645695 13.092999
3756.056799 13.083189
3756.467904 13.215950
3756.879008 13.307825
3757.290112 13.220280
3757.701216 13.225429
3758.112320 12.989971
3758.523424 13.008528
3758.934528 12.875398
3759.345632 12.771006
3759.756736 12.961786
3760.167840 12.791682
3760.578944 13.038160
3760.990049 12.984236
3761.401153 12.583433
3761.812257 12.652967
3762.223361 12.506483
3762.634465 12.558607
3763.045569 12.790404
3763.456673 12.798959
3763.867777 12.572894
3764.278881 12.589759
3764.689985 12.303154
3765.101089 12.447473
3765.512194 12.799200
3765.923298 13.069624
3766.334402 12.941215
3766.745506 12.694646
3767.156610 12.716845
3767.567714 12.820221
3767.978818 12.945635
3768.389922 13.376217
3768.801026 13.266875
3769.212130 13.136459
3769.623234 12.763955
3770.034339 12.714514
3770.445443 12.679499
3770.856547 12.406903
3771.267651 12.406467
3771.678755 12.869752
3772.089859 12.613389
3772.500963 13.000214
3772.912067 13.145957
3773.323171 13.257220
3773.734275 13.239035
3774.145379 12.956118
3774.556484 12.419377
3774.967588 12.426955
3775.378692 12.428387
3775.789796 12.545167
3776.200900 12.676722
3776.612004 12.333689
3777.023108 12.169156
3777.434212 12.143646
3777.845316 12.247248
3778.256420 12.157921
3778.667524 11.973532
3779.078629 12.116374
3779.489733 12.206930
3779.900837 12.312644
3780.311941 12.517421
3780.723045 12.665472
3781.134149 12.546463
3781.545253 12.472573
3781.956357 12.308348
3782.367461 12.122820
3782.778565 12.218984
3783.189669 12.085989
3783.600774 12.189129
3784.011878 12.624556
3784.422982 12.613829
3784.834086 12.427086
3785.245190 12.141169
3785.656294 12.089815
3786.067398 11.943993
3786.478502 12.111781
3786.889606 12.082287
3787.300710 12.136873
3787.711814 11.989122
3788.122919 12.120824
3788.534023 12.253085
3788.945127 11.996906
3789.356231 12.105601
3789.767335 12.245110
3790.178439 12.289743
3790.589543 12.096246
3791.000647 11.880841
3791.411751 11.736082
3791.822855 11.846126
3792.233959 11.958862
3792.645064 11.905230
3793.056168 11.789706
3793.467272 11.746613
3793.878376 11.719115
3794.289480 11.512892
3794.700584 11.560333
3795.111688 11.580975
3795.522792 11.632393
3795.933896 12.128172
3796.345000 12.353207
3796.756104 11.874380
3797.167209 11.767872
3797.578313 11.711433
3797.989417 11.547426
3798.400521 11.698274
3798.811625 11.992317
3799.222729 11.693763
3799.633833 11.621967
3800.044937 11.370174
3800.456041 11.484274
3800.867145 11.430962
3801.278249 11.219570
3801.689354 11.147529
3802.100458 11.510644
3802.511562 11.186145
3802.922666 11.533801
3803.333770 11.744320
3803.744874 12.006453
3804.155978 11.995369
3804.567082 11.751484
3804.978186 11.501601
3805.389290 11.598370
3805.800394 11.592593
3806.211499 11.664683
3806.622603 11.717116
3807.033707 11.603343
3807.444811 11.280144
3807.855915 11.080028
3808.267019 11.240618
3808.678123 11.249293
3809.089227 11.651348
3809.500331 12.049782
3809.911435 12.160436
3810.322539 12.192493
3810.733644 12.363874
3811.144748 12.177286
3811.555852 12.049365
3811.966956 11.998158
3812.378060 11.708505
3812.789164 11.333554
3813.200268 11.277941
3813.611372 10.991100
3814.022476 11.073812
3814.433580 11.448405
3814.844684 11.302372
3815.255789 11.531110
3815.666893 11.666326
3816.077997 11.528062
3816.489101 11.728019
3816.900205 11.360037
3817.311309 11.128514
3817.722413 11.333524
3818.133517 11.146364
3818.544621 11.400235
3818.955725 11.903828
3819.366829 12.273044
3819.777934 12.639027
3820.189038 12.276077
3820.600142 12.200491
3821.011246 12.093769
3821.422350 12.055650
3821.833454 11.699796
3822.244558 11.580528
3822.655662 11.279768
3823.066766 11.615667
3823.477870 11.898656
3823.888975 11.654490
3824.300079 12.116017
3824.711183 12.460557
3825.122287 12.447138
3825.533391 12.442042
3825.944495 12.068801
3826.355599 11.861277
3826.766703 11.934239
3827.177807 11.872399
3827.588911 11.516947
3828.000015 11.366359
3828.411120 11.586688
3828.822224 11.414484
3829.233328 11.727038
3829.644432 11.670528
3830.055536 11.458588
3830.466640 11.305447
3830.877744 11.382340
3831.288848 11.650795
3831.699952 11.627480
3832.111056 11.580904
3832.522160 11.544036
3832.933265 11.224223
3833.344369 11.455693
3833.755473 12.164010
3834.166577 12.226253
3834.577681 11.769146
3834.988785 11.257964
3835.399889 11.488352
3835.810993 11.390132
3836.222097 11.641914
3836.633201 12.218649
3837.044305 12.084583
3837.455410 11.694414
3837.866514 11.484871
3838.277618 11.640895
3838.688722 11.650588
3839.099826 11.752853
3839.510930 11.837759
3839.922034 11.593803
3840.333138 11.425061
3840.744242 11.534974
3841.155346 11.544006
3841.566450 12.394977
3841.977555 12.141631
3842.388659 12.000278
3842.799763 11.644830
3843.210867 11.582900
3843.621971 11.475246
3844.033075 11.523983
3844.444179 11.595292
3844.855283 11.555315
3845.266387 11.464165
3845.677491 11.416796
3846.088595 11.562889
3846.499700 11.841187
3846.910804 12.034740
3847.321908 12.204317
3847.733012 11.985676
3848.144116 11.868723
3848.555220 11.793998
3848.966324 11.881472
3849.377428 11.845213
3849.788532 11.828453
3850.199636 11.888271
3850.610740 12.301177
3851.021845 12.295186
3851.432949 12.182472
3851.844053 12.223780
3852.255157 11.970002
3852.666261 12.022450
3853.077365 12.012023
3853.488469 12.360860
3853.899573 12.389865
3854.310677 12.264737
3854.721781 12.201803
3855.132885 12.196018
3855.543990 12.137245
3855.955094 12.186712
3856.366198 12.398277
3856.777302 12.186276
3857.188406 12.395119
3857.599510 12.458065
3858.010614 12.547606
3858.421718 12.497244
3858.832822 12.498263
3859.243926 12.717540
3859.655030 12.664589
3860.066135 12.660740
3860.477239 12.811772
3860.888343 12.831362
3861.299447 12.835557
3861.710551 12.987370
3862.121655 13.004934
3862.532759 12.892214
3862.943863 13.257802
3863.354967 13.210229
3863.766071 13.251514
3864.177175 13.417765
3864.588280 13.293904
3864.999384 13.507588
3865.410488 13.566184
3865.821592 13.357228
3866.232696 13.454776
3866.643800 13.383509
3867.054904 13.392511
3867.466008 13.311716
3867.877112 13.579035
3868.288216 13.768439
3868.699320 13.860528
3869.110425 14.312538
3869.521529 14.767600
3869.932633 14.334827
3870.343737 14.227729
3870.754841 14.127217
3871.165945 13.858033
3871.577049 13.666487
3871.988153 13.635869
3872.399257 13.355631
3872.810361 13.120767
3873.221465 12.642469
3873.632570 12.415055
3874.043674 12.378627
3874.454778 12.319808
3874.865882 12.629822
3875.276986 12.572924
3875.688090 12.198048
3876.099194 12.339026
3876.510298 11.900367
3876.921402 12.012531
3877.332506 12.084286
3877.743610 12.100550
3878.154715 12.080648
3878.565819 11.904975
3878.976923 11.883036
3879.388027 11.802733
3879.799131 11.716507
3880.210235 11.824469
3880.621339 11.950285
3881.032443 12.052774
3881.443547 11.965315
3881.854651 11.833294
3882.265755 11.753292
3882.676860 11.990118
3883.087964 11.904802
3883.499068 12.020353
3883.910172 12.084482
3884.321276 11.850272
3884.732380 11.770195
3885.143484 11.278979
3885.554588 11.207640
3885.965692 11.613446
3886.376796 12.126511
3886.787900 12.820233
3887.199005 12.656839
3887.610109 12.454626
3888.021213 12.177925
3888.432317 11.867757
3888.843421 11.698165
3889.254525 11.731545
3889.665629 12.078171
3890.076733 11.949965
3890.487837 12.271134
3890.898941 12.796178
3891.310046 12.704347
3891.721150 12.652325
3892.132254 12.375860
3892.543358 11.798989
3892.954462 11.590240
3893.365566 11.476768
3893.776670 11.491539
3894.187774 11.431511
3894.598878 11.509799
3895.009982 11.516545
3895.421086 11.796434
3895.832191 11.796554
3896.243295 11.753781
3896.654399 11.855951
3897.065503 11.668765
3897.476607 11.824352
3897.887711 11.933330
3898.298815 11.873169
3898.709919 11.579051
3899.121023 11.537781
3899.532127 11.430819
3899.943231 11.433980
3900.354336 11.628476
3900.765440 11.487006
3901.176544 11.611728
3901.587648 11.744437
3901.998752 11.732500
3902.409856 11.754194
3902.820960 11.732406
3903.232064 11.432149
3903.643168 11.456885
3904.054272 11.312430
3904.465376 11.297388
3904.876481 11.112597
3905.287585 11.079931
3905.698689 11.134502
3906.109793 11.300279
3906.520897 11.459614
3906.932001 11.001936
3907.343105 10.955712
3907.754209 11.294825
3908.165313 11.444854
3908.576417 12.075228
3908.987521 12.149806
3909.398626 11.629326
3909.809730 11.403099
3910.220834 11.235131
3910.631938 11.241566
3911.043042 11.309739
3911.454146 11.031020
3911.865250 11.138888
3912.276354 11.160947
3912.687458 11.112518
3913.098562 11.035571
3913.509666 11.129841
3913.920771 11.426741
3914.331875 11.714218
3914.742979 11.411184
3915.154083 11.265718
3915.565187 11.029618
3915.976291 10.862382
3916.387395 10.815994
3916.798499 10.792995
3917.209603 10.658279
3917.620707 10.391936
3918.031811 10.530772
3918.442916 10.888666
3918.854020 11.320199
3919.265124 11.318538
3919.676228 10.963542
3920.087332 11.067008
3920.498436 11.153261
3920.909540 11.229185
3921.320644 10.864108
3921.731748 10.956039
3922.142852 11.479429
3922.553956 11.491088
3922.965061 10.947977
3923.376165 10.588666
3923.787269 10.519567
3924.198373 10.649375
3924.609477 10.707885
3925.020581 10.996121
3925.431685 10.940663
3925.842789 10.882904
3926.253893 10.734868
3926.664997 10.655407
3927.076101 10.721578
3927.487206 10.935480
3927.898310 10.953833
3928.309414 10.948349
3928.720518 10.927218
3929.131622 10.726291
3929.542726 11.084760
3929.953830 10.857827
3930.364934 10.978674
3930.776038 10.877477
3931.187142 10.487717
3931.598246 10.689269
3932.009351 10.541093
3932.420455 10.602610
3932.831559 10.403359
3933.242663 10.599460
3933.653767 10.675677
3934.064871 10.645214
3934.475975 10.489893
3934.887079 10.303166
3935.298183 10.558014
3935.709287 10.557864
3936.120391 10.450995
3936.531496 10.317411
3936.942600 10.401769
3937.353704 10.702830
3937.764808 10.727452
3938.175912 11.227189
3938.587016 11.010456
3938.998120 10.803624
3939.409224 11.128206
3939.820328 11.099956
3940.231432 10.781185
3940.642536 11.067008
3941.053641 11.391090
3941.464745 11.686197
3941.875849 11.621038
3942.286953 11.374203
3942.698057 11.144436
3943.109161 11.001680
3943.520265 11.036169
3943.931369 11.067959
3944.342473 11.053402
3944.753577 11.095145
3945.164681 11.160233
3945.575786 11.155813
3945.986890 11.510716
3946.397994 11.418829
3946.809098 11.315956
3947.220202 11.206727
3947.631306 11.179620
3948.042410 11.350535
3948.453514 11.046190
3948.864618 11.109398
3949.275722 11.142406
3949.686826 10.780599
3950.097931 11.153629
3950.509035 11.216815
3950.920139 11.228516
3951.331243 11.233853
3951.742347 11.305503
3952.153451 11.244809
3952.564555 11.140970
3952.975659 10.866122
3953.386763 10.926095
3953.797867 10.802335
3954.208972 11.068835
3954.620076 10.851163
3955.031180 10.933755
3955.442284 11.150870
3955.853388 11.115634
3956.264492 11.129758
3956.675596 11.151720
3957.086700 11.113829
3957.497804 11.160643
3957.908908 11.236740
3958.320012 11.100110
3958.731117 10.972416
3959.142221 10.915379
3959.553325 11.113070
3959.964429 11.170464
3960.375533 11.162785
3960.786637 11.316978
3961.197741 11.334802
3961.608845 11.295141
3962.019949 11.280016
3962.431053 11.296201
3962.842157 11.327664
3963.253262 11.537548
3963.664366 11.578773
3964.075470 11.437430
3964.486574 11.627458
3964.897678 11.665893
3965.308782 11.602407
3965.719886 11.457813
3966.130990 11.413593
3966.542094 11.063513
3966.953198 10.715376
3967.364302 11.003537
3967.775407 11.267928
3968.186511 11.924425
3968.597615 12.038221
3969.008719 12.092833
3969.419823 11.515553
3969.830927 11.144736
3970.242031 11.224644
3970.653135 11.644860
3971.064239 11.660210
3971.475343 11.363032
3971.886447 11.876529
3972.297552 11.506190
3972.708656 11.418137
3973.119760 11.120884
3973.530864 10.949233
3973.941968 10.847472
3974.353072 10.877605
3974.764176 11.240540
3975.175280 11.264012
3975.586384 11.295517
3975.997488 11.119738
3976.408592 11.169757
3976.819697 10.884257
3977.230801 11.007777
3977.641905 11.417341
3978.053009 11.069343
3978.464113 10.796821
3978.875217 10.743750
3979.286321 10.711072
3979.697425 10.795419
3980.108529 10.546378
3980.519633 10.609842
3980.930737 10.810540
3981.341842 10.731703
3981.752946 10.774946
3982.164050 10.637295
3982.575154 10.818925
3982.986258 10.721126
3983.397362 10.688265
3983.808466 10.752699
3984.219570 10.648702
3984.630674 10.860766
3985.041778 10.899698
3985.452882 10.970318
3985.863987 10.619588
3986.275091 10.394748
3986.686195 10.482654
3987.097299 10.755213
3987.508403 10.537797
3987.919507 10.479335
3988.330611 10.354527
3988.741715 10.247309
3989.152819 10.182920
3989.563923 10.269135
3989.975027 10.239642
3990.386132 10.150393
3990.797236 10.160737
3991.208340 10.063837
3991.619444 10.536237
3992.030548 10.317343
3992.441652 10.140144
3992.852756 10.185348
3993.263860 10.612232
3993.674964 10.474709
3994.086068 10.212707
3994.497172 10.199789
3994.908277 10.160658
3995.319381 10.148995
3995.730485 10.077138
3996.141589 9.904754
3996.552693 9.915849
3996.963797 10.162376
3997.374901 10.333310
3997.786005 10.225047
3998.197109 10.332051
3998.608213 10.329626
3999.019317 10.667938
3999.430422 10.389230
3999.841526 10.350483
4000.252630 9.920269
4000.663734 9.596040
4001.074838 9.860582
4001.485942 10.345706
4001.897046 10.595717
4002.308150 10.368366
4002.719254 10.491543
4003.130358 10.444113
4003.541462 9.989480
4003.952567 10.022890
4004.363671 10.344864
4004.774775 10.272240
4005.185879 10.211723
4005.596983 10.351265
4006.008087 10.570369
4006.419191 10.498598
4006.830295 10.073162
4007.241399 10.052846
4007.652503 9.860763
4008.063607 9.619460
4008.474712 10.006807
4008.885816 9.424866
4009.296920 9.487248
4009.708024 9.583216
4010.119128 9.804733
4010.530232 9.491983
4010.941336 9.626372
4011.352440 9.607410
4011.763544 9.692396
4012.174648 9.597623
4012.585752 9.499632
4012.996857 9.534437
4013.407961 9.533847
4013.819065 9.766553
4014.230169 9.828661
4014.641273 9.990886
4015.052377 10.066892
4015.463481 9.833438
4015.874585 9.747576
4016.285689 9.929233
4016.696793 9.980414
4017.107897 9.879432
4017.519002 10.008510
4017.930106 9.702567
4018.341210 10.092315
4018.752314 10.255867
4019.163418 10.194689
4019.574522 10.229828
4019.985626 10.100847
4020.396730 9.938867
4020.807834 10.203055
4021.218938 10.039518
4021.630043 10.175937
4022.041147 10.204183
4022.452251 10.143771
4022.863355 9.736996
4023.274459 9.800494
4023.685563 9.727644
4024.096667 10.118096
4024.507771 10.296566
4024.918875 10.323207
4025.329979 9.974521
4025.741083 9.811236
4026.152188 10.027923
4026.563292 10.007292
4026.974396 9.914548
4027.385500 10.301617
4027.796604 10.212038
4028.207708 10.169115
4028.618812 10.133792
4029.029916 9.985518
4029.441020 10.049828
4029.852124 10.111345
4030.263228 10.121678
4030.674333 10.019361
4031.085437 9.823823
4031.496541 9.752064
4031.907645 9.767591
4032.318749 9.896560
4032.729853 9.950515
4033.140957 10.021590
4033.552061 9.921663
4033.963165 9.880341
4034.374269 9.912692
4034.785373 10.026649
4035.196478 9.942377
4035.607582 10.067963
4036.018686 10.056229
4036.429790 9.872843
4036.840894 10.023398
4037.251998 10.060600
4037.663102 10.184018
4038.074206 9.963399
4038.485310 9.761727
4038.896414 9.754315
4039.307518 10.066422
4039.718623 10.150882
4040.129727 10.136096
4040.540831 10.325533
4040.951935 10.284696
4041.363039 10.182710
4041.774143 10.044389
4042.185247 10.026998
4042.596351 9.919198
4043.007455 10.095337
4043.418559 10.211174
4043.829663 10.049091
4044.240768 9.897879
4044.651872 9.913455
4045.062976 10.007852
4045.474080 9.982906
4045.885184 9.807875
4046.296288 9.793792
4046.707392 9.761378
4047.118496 9.710618
4047.529600 9.816438
4047.940704 9.908459
4048.351808 9.970202
4048.762913 9.999316
4049.174017 10.032527
4049.585121 9.913970
4049.996225 9.732249
4050.407329 9.728430
4050.818433 9.769981
4051.229537 9.714358
4051.640641 9.693832
4052.051745 9.802369
4052.462849 10.054286
4052.873953 10.252849
4053.285058 10.017406
4053.696162 9.865153
4054.107266 9.835569
4054.518370 9.783903
4054.929474 9.930808
4055.340578 9.815212
4055.751682 9.767106
4056.162786 9.953055
4056.573890 9.728325
4056.984994 9.815310
4057.396098 10.110169
4057.807203 10.034328
4058.218307 10.186224
4058.629411 10.165830
4059.040515 9.922130
4059.451619 9.649860
4059.862723 9.956265
4060.273827 10.299020
4060.684931 10.358507
4061.096035 10.247583
4061.507139 10.076541
4061.918243 10.193332
4062.329348 10.064288
4062.740452 10.184954
4063.151556 10.339053
4063.562660 10.076082
4063.973764 10.112405
4064.384868 10.074394
4064.795972 10.117863
4065.207076 10.164969
4065.618180 10.140527
4066.029284 10.187893
4066.440388 10.242340
4066.851493 10.143339
4067.262597 10.135092
4067.673701 10.052865
4068.084805 10.169792
4068.495909 10.341917
4068.907013 10.271515
4069.318117 10.327281
4069.729221 10.390636
4070.140325 10.322271
4070.551429 10.351204
4070.962533 10.257461
4071.373638 10.423967
4071.784742 10.478839
4072.195846 10.431372
4072.606950 10.422013
4073.018054 10.418303
4073.429158 10.333344
4073.840262 10.426305
4074.251366 10.219977
4074.662470 10.278581
4075.073574 10.420539
4075.484678 10.352659
4075.895783 10.522345
4076.306887 10.512986
4076.717991 10.419589
4077.129095 10.588993
4077.540199 10.290616
4077.951303 10.262257
4078.362407 10.484755
4078.773511 10.516827
4079.184615 10.548411
4079.595719 10.445094
4080.006823 10.394887
4080.417928 10.533294
4080.829032 10.553921
4081.240136 10.578638
4081.651240 10.388757
4082.062344 10.501804
4082.473448 10.485981
4082.884552 10.606098
4083.295656 10.731463
4083.706760 10.918611
4084.117864 10.935243
4084.528968 10.884212
4084.940073 10.879552
4085.351177 10.678256
4085.762281 10.720322
4086.173385 10.657839
4086.584489 10.833719
4086.995593 10.828220
4087.406697 10.842826
4087.817801 10.749181
4088.228905 10.803117
4088.640009 10.742077
4089.051114 10.845589
4089.462218 10.792574
4089.873322 10.916657
4090.284426 11.043367
4090.695530 10.938547
4091.106634 11.008032
4091.517738 11.011362
4091.928842 11.125778
4092.339946 11.097250
4092.751050 11.213846
4093.162154 11.148021
4093.573259 11.373816
4093.984363 11.599374
4094.395467 11.765485
4094.806571 11.569500
4095.217675 11.399897
4095.628779 11.254243
4096.039883 11.356199
4096.450987 11.314588
4096.862091 11.533553
4097.273195 11.613269
4097.684299 11.194722
4098.095404 11.047776
4098.506508 11.363390
4098.917612 11.551354
4099.328716 11.190979
4099.739820 11.051767
4100.150924 11.251244
4100.562028 11.224389
4100.973132 11.394221
4101.384236 11.380860
4101.795340 11.414657
4102.206444 11.505931
4102.617549 11.478497
4103.028653 11.107834
4103.439757 11.598227
4103.850861 11.590800
4104.261965 11.405287
4104.673069 11.432266
4105.084173 11.708020
4105.495277 11.595765
4105.906381 11.482146
4106.317485 11.570090
4106.728589 11.465342
4107.139694 11.503762
4107.550798 11.617509
4107.961902 11.745749
4108.373006 11.922941
4108.784110 11.598423
4109.195214 11.310480
4109.606318 11.191922
4110.017422 11.228662
4110.428526 11.132412
4110.839630 11.069399
4111.250734 11.155599
4111.661839 10.792600
4112.072943 10.979730
4112.484047 10.961907
4112.895151 11.304962
4113.306255 11.184322
4113.717359 10.967871
4114.128463 11.069384
4114.539567 11.253089
4114.950671 11.532715
4115.361775 11.573413
4115.772879 11.079927
4116.183984 11.007769
4116.595088 10.877357
4117.006192 10.995696
4117.417296 10.892737
4117.828400 10.947733
4118.239504 11.075465
4118.650608 10.993336
4119.061712 10.931037
4119.472816 10.767049
4119.883920 10.758788
4120.295024 10.733902
4120.706129 10.615780
4121.117233 10.616092
4121.528337 10.733372
4121.939441 10.564926
4122.350545 10.641331
4122.761649 10.580389
4123.172753 10.528250
4123.583857 10.518072
4123.994961 10.623324
4124.406065 10.603651
4124.817169 10.298396
4125.228274 10.245956
4125.639378 10.140016
4126.050482 10.211926
4126.461586 10.235845
4126.872690 10.363063
4127.283794 10.350355
4127.694898 10.383607
4128.106002 10.263287
4128.517106 10.242866
4128.928210 10.245370
4129.339314 10.262573
4129.750419 10.302008
4130.161523 10.405031
4130.572627 10.305842
4130.983731 10.140121
4131.394835 9.898462
4131.805939 9.752951
4132.217043 9.760897
4132.628147 9.828258
4133.039251 9.952973
4133.450355 10.267963
4133.861459 10.463632
4134.272564 10.819076
4134.683668 10.969901
4135.094772 11.017929
4135.505876 10.735398
4135.916980 10.469871
4136.328084 10.521676
4136.739188 10.302647
4137.150292 10.202657
4137.561396 9.918439
4137.972500 9.921536
4138.383604 9.786621
4138.794709 9.824402
4139.205813 9.788331
4139.616917 9.772421
4140.028021 9.900950
4140.439125 9.903780
4140.850229 9.968360
4141.261333 9.789778
4141.672437 9.920705
4142.083541 10.125136
4142.494645 9.985346
4142.905749 9.901641
4143.316854 9.823575
4143.727958 9.703916
4144.139062 9.511201
4144.550166 9.443013
4144.961270 9.470052
4145.372374 9.455149
4145.783478 9.705521
4146.194582 9.844638
4146.605686 9.776450
4147.016790 9.763919
4147.427894 9.719221
4147.838999 9.633299
4148.250103 9.600434
4148.661207 9.439355
4149.072311 9.471228
4149.483415 9.340391
4149.894519 9.510716
4150.305623 9.640783
4150.716727 9.272541
4151.127831 9.349912
4151.538935 9.230941
4151.950040 8.907430
4152.361144 9.369832
4152.772248 9.730907
4153.183352 9.714955
4153.594456 9.562837
4154.005560 9.668446
4154.416664 9.512979
4154.827768 8.789571
4155.238872 8.874388
4155.649976 8.682139
4156.061080 8.589756
4156.472185 9.057312
4156.883289 9.412613
4157.294393 9.606640
4157.705497 9.674073
4158.116601 9.789996
4158.527705 9.766730
4158.938809 9.531434
4159.349913 9.508705
4159.761017 9.736270
4160.172121 9.026258
4160.583225 9.534170
4160.994330 9.044691
4161.405434 9.337659
4161.816538 9.338516
4162.227642 9.333404
4162.638746 9.587163
4163.049850 9.379913
4163.460954 9.414026
4163.872058 9.373460
4164.283162 9.402036
4164.694266 9.476235
4165.105370 9.585058
4165.516475 9.698714
4165.927579 9.780960
4166.338683 9.684777
4166.749787 9.701740
4167.160891 9.540853
4167.571995 9.521274
4167.983099 9.392136
4168.394203 9.538710
4168.805307 9.410076
4169.216411 9.311540
4169.627515 9.302238
4170.038620 9.246967
4170.449724 9.249057
4170.860828 9.677279
4171.271932 9.724671
4171.683036 9.735864
4172.094140 9.716489
4172.505244 9.560939
4172.916348 9.636389
4173.327452 9.638907
4173.738556 9.576364
4174.149660 9.586460
4174.560765 9.511803
4174.971869 9.393196
4175.382973 9.522609
4175.794077 9.437878
4176.205181 9.665597
4176.616285 9.720296
4177.027389 9.841575
4177.438493 9.761028
4177.849597 9.562750
4178.260701 9.720691
4178.671805 9.622907
4179.082910 9.769000
4179.494014 9.872835
4179.905118 9.876151
4180.316222 9.918732
4180.727326 10.014565
4181.138430 9.784959
4181.549534 9.927403
4181.960638 10.285354
4182.371742 9.989488
4182.782846 10.021605
4183.193950 9.344191
4183.605055 7.136600
4184.016159 8.379368
4184.427263 8.997366
4184.838367 9.647079
4185.249471 9.427365
4185.660575 9.412305
4186.071679 9.830280
4186.482783 9.757691
4186.893887 9.547844
4187.304991 9.259029
4187.716095 8.945591
4188.127200 9.051933
4188.538304 9.238135
4188.949408 9.331822
4189.360512 9.724145
4189.771616 9.641380
4190.182720 9.593052
4190.593824 9.505090
4191.004928 9.456810
4191.416032 9.433462
4191.827136 9.242468
4192.238240 9.355129
4192.649345 9.342132
4193.060449 9.444670
4193.471553 9.465632
4193.882657 9.517719
4194.293761 9.311183
4194.704865 9.002868
4195.115969 9.278145
4195.527073 9.131439
4195.938177 9.002782
4196.349281 9.121483
4196.760385 9.144154
4197.171490 9.202815
4197.582594 9.302959
4197.993698 8.901518
4198.404802 8.883950
4198.815906 9.039263
4199.227010 9.313698
4199.638114 8.984004
4200.049218 8.720180
4200.460322 9.077725
4200.871426 9.018895
4201.282530 9.060702
4201.693635 9.001083
4202.104739 8.895012
4202.515843 8.904476
4202.926947 8.847232
4203.338051 9.004007
4203.749155 8.855276
4204.160259 8.784467
4204.571363 8.978050
4204.982467 8.976788
4205.393571 8.988920
4205.804675 8.783828
4206.215780 8.797363
4206.626884 8.882304
4207.037988 8.828330
4207.449092 9.095826
4207.860196 8.936116
4208.271300 8.851754
4208.682404 9.029167
4209.093508 9.080927
4209.504612 9.063544
4209.915716 9.039233
4210.326820 8.928486
4210.737925 8.245427
4211.149029 8.208273
4211.560133 7.786644
4211.971237 8.071854
4212.382341 8.674769
4212.793445 8.526570
4213.204549 8.717572
4213.615653 8.909508
4214.026757 9.202353
4214.437861 9.033667
4214.848965 8.932646
4215.260070 8.793319
4215.671174 8.941224
4216.082278 9.145271
4216.493382 8.944005
4216.904486 9.018241
4217.315590 9.212881
4217.726694 9.107997
4218.137798 8.691126
4218.548902 9.039729
4218.960006 8.640460
4219.371111 8.049227
4219.782215 8.393749
4220.193319 8.683586
4220.604423 9.023131
4221.015527 9.039996
4221.426631 9.362360
4221.837735 9.215839
4222.248839 8.956017
4222.659943 9.048333
4223.071047 8.993987
4223.482151 9.067231
4223.893256 9.084054
4224.304360 9.402205
4224.715464 9.427448
4225.126568 9.212441
4225.537672 9.098202
4225.948776 8.867717
4226.359880 8.348506
4226.770984 8.213896
4227.182088 8.332224
4227.593192 8.928177
4228.004296 8.933019
4228.415401 9.033336
4228.826505 8.777856
4229.237609 9.104407
4229.648713 9.139321
4230.059817 9.161482
4230.470921 9.264802
4230.882025 9.312179
4231.293129 9.446392
4231.704233 9.385731
4232.115337 9.439431
4232.526441 9.554008
4232.937546 9.419194
4233.348650 9.344804
4233.759754 9.329495
4234.170858 9.365540
4234.581962 9.219379
4234.993066 9.256135
4235.404170 9.273225
4235.815274 9.266433
4236.226378 9.280780
4236.637482 9.331611
4237.048586 9.487334
4237.459691 9.464797
4237.870795 9.454600
4238.281899 9.552016
4238.693003 9.351663
4239.104107 9.304903
4239.515211 9.510002
4239.926315 9.553162
4240.337419 9.621629
4240.748523 9.516568
4241.159627 9.472950
4241.570731 9.267350
4241.981836 9.367077
4242.392940 9.651608
4242.804044 9.831818
4243.215148 9.613965
4243.626252 8.915049
4244.037356 8.534922
4244.448460 8.326549
4244.859564 8.209592
4245.270668 8.710603
4245.681772 8.953247
4246.092876 9.013885
4246.503981 9.025815
4246.915085 9.366938
4247.326189 9.402690
4247.737293 9.494254
4248.148397 9.422434
4248.559501 9.220360
4248.970605 9.186465
4249.381709 9.315912
4249.792813 9.438314
4250.203917 9.419202
4250.615021 9.433654
4251.026126 9.288910
4251.437230 9.014291
4251.848334 9.044675
4252.259438 9.110883
4252.670542 9.153322
4253.081646 9.194039
4253.492750 9.179177
4253.903854 9.096029
4254.314958 9.193982
4254.726062 9.216245
4255.137166 9.175712
4255.548271 9.200504
4255.959375 9.310954
4256.370479 9.368633
4256.781583 9.189322
4257.192687 9.107888
4257.603791 8.919161
4258.014895 8.874317
4258.425999 8.811307
4258.837103 8.971834
4259.248207 9.048374
4259.659311 9.122460
4260.070416 9.213595
4260.481520 9.057049
4260.892624 9.036948
4261.303728 9.018098
4261.714832 9.101333
4262.125936 9.188420
4262.537040 9.056139
4262.948144 9.159339
4263.359248 9.169852
4263.770352 8.501564
4264.181456 8.703514
4264.592561 8.695400
4265.003665 8.826954
4265.414769 8.974108
4265.825873 9.030757
4266.236977 8.949793
4266.648081 8.948004
4267.059185 9.026499
4267.470289 9.130360
4267.881393 9.268102
4268.292497 9.332840
4268.703601 9.394970
4269.114706 9.200270
4269.525810 9.142888
4269.936914 8.900259
4270.348018 8.981523
4270.759122 8.986605
4271.170226 9.082931
4271.581330 9.154983
4271.992434 9.021846
4272.403538 9.059278
4272.814642 9.121806
4273.225746 9.215004
4273.636851 9.153694
4274.047955 9.072388
4274.459059 9.000741
4274.870163 8.881935
4275.281267 8.924487
4275.692371 8.973288
4276.103475 9.136750
4276.514579 9.145564
4276.925683 9.221435
4277.336787 9.336978
4277.747891 9.423825
4278.158996 9.338275
4278.570100 9.143219
4278.981204 9.214666
4279.392308 9.159798
4279.803412 9.224386
4280.214516 9.032708
4280.625620 9.136667
4281.036724 9.221052
4281.447828 9.344864
4281.858932 9.597536
4282.270036 9.547727
4282.681141 9.599480
4283.092245 9.389806
4283.503349 9.357237
4283.914453 9.356305
4284.325557 9.282821
4284.736661 9.190464
4285.147765 9.222225
4285.558869 9.358966
4285.969973 9.358354
4286.381077 9.254455
4286.792182 9.391662
4287.203286 9.429651
4287.614390 9.497914
4288.025494 9.524653
4288.436598 9.447583
4288.847702 9.566798
4289.258806 9.622403
4289.669910 9.348593
4290.081014 9.287139
4290.492118 9.407291
4290.903222 9.612943
4291.314327 9.559582
4291.725431 9.554530
4292.136535 9.479749
4292.547639 9.578585
4292.958743 9.716417
4293.369847 9.795247
4293.780951 9.667251
4294.192055 9.736526
4294.603159 9.816994
4295.014263 9.667059
4295.425367 9.518425
4295.836472 9.488311
4296.247576 9.610597
4296.658680 9.551625
4297.069784 9.683917
4297.480888 9.661324
4297.891992 9.596292
4298.303096 9.759168
4298.714200 9.722608
4299.125304 9.717917
4299.536408 9.735316
4299.947512 9.633078
4300.358617 9.553625
4300.769721 9.715068
4301.180825 9.691983
4301.591929 9.747099
4302.003033 9.766065
4302.414137 9.827856
4302.825241 9.719067
4303.236345 9.647421
4303.647449 9.846450
4304.058553 9.913255
4304.469657 9.758514
4304.880762 9.768061
4305.291866 9.784482
4305.702970 9.828604
4306.114074 9.998568
4306.525178 9.971815
4306.936282 10.106185
4307.347386 10.051576
4307.758490 9.952695
4308.169594 9.918435
4308.580698 9.924246
4308.991802 9.945628
4309.402907 9.936540
4309.814011 10.119479
4310.225115 10.096706
4310.636219 9.920186
4311.047323 10.020146
4311.458427 10.168003
4311.869531 10.307638
4312.280635 10.300550
4312.691739 10.293687
4313.102843 10.240021
4313.513947 10.342451
4313.925052 10.353854
4314.336156 10.395146
4314.747260 10.557484
4315.158364 10.422148
4315.569468 10.432030
4315.980572 10.391343
4316.391676 10.327435
4316.802780 10.517932
4317.213884 10.428053
4317.624988 10.404295
4318.036092 10.548313
4318.447197 10.683198
4318.858301 10.762208
4319.269405 10.989807
4319.680509 11.066486
4320.091613 11.043066
4320.502717 10.770996
4320.913821 10.756619
4321.324925 10.835715
4321.736029 10.569467
4322.147133 10.932886
4322.558237 10.897048
4322.969342 10.964154
4323.380446 10.995381
4323.791550 11.188479
4324.202654 11.249774
4324.613758 11.512290
4325.024862 11.406813
4325.435966 10.994558
4325.847070 10.784467
4326.258174 10.720021
4326.669278 10.972908
4327.080382 10.949315
4327.491487 11.426019
4327.902591 11.407636
4328.313695 11.456486
4328.724799 11.350340
4329.135903 11.326356
4329.547007 11.367456
4329.958111 11.514027
4330.369215 11.673249
4330.780319 11.635092
4331.191423 11.343033
4331.602527 11.517105
4332.013632 11.700089
4332.424736 11.577202
4332.835840 11.836677
4333.246944 11.701687
4333.658048 11.551102
4334.069152 11.964075
4334.480256 12.311956
4334.891360 12.390962
4335.302464 12.294246
4335.713568 12.566557
4336.124672 12.524942
4336.535777 12.484236
4336.946881 12.264166
4337.357985 12.343209
4337.769089 12.365069
4338.180193 12.165130
4338.591297 12.250590
4339.002401 12.458520
4339.413505 12.693192
4339.824609 12.911180
4340.235713 12.970641
4340.646817 12.819113
4341.057922 13.039239
4341.469026 13.220614
4341.880130 13.518499
4342.291234 13.592393
4342.702338 13.175692
4343.113442 13.466243
4343.524546 13.301357
4343.935650 13.381513
4344.346754 13.067816
4344.757858 13.131979
4345.168962 13.286349
4345.580067 13.338578
4345.991171 13.057363
4346.402275 13.095618
4346.813379 13.052845
4347.224483 13.170787
4347.635587 12.871985
4348.046691 12.767312
4348.457795 12.408763
4348.868899 12.395976
4349.280003 12.570958
4349.691108 12.790138
4350.102212 12.499289
4350.513316 12.553631
4350.924420 12.290484
4351.335524 12.325296
4351.746628 12.408508
4352.157732 12.382652
4352.568836 12.438411
4352.979940 12.304533
4353.391044 12.358383
4353.802148 12.248286
4354.213253 12.282959
4354.624357 12.432916
4355.035461 12.131521
4355.446565 12.225742
4355.857669 12.337530
4356.268773 12.457170
4356.679877 12.468247
4357.090981 12.325626
4357.502085 12.124481
4357.913189 12.263117
4358.324293 12.189336
4358.735398 12.273852
4359.146502 12.062088
4359.557606 12.112217
4359.968710 11.969687
4360.379814 12.145924
4360.790918 12.172279
4361.202022 11.988224
4361.613126 11.989554
4362.024230 11.920129
4362.435334 11.659485
4362.846438 11.694365
4363.257543 11.552395
4363.668647 11.591943
4364.079751 11.466225
4364.490855 11.673249
4364.901959 11.642214
4365.313063 11.549568
4365.724167 11.483206
4366.135271 11.468330
4366.546375 11.475994
4366.957479 11.396315
4367.368583 11.217093
4367.779688 11.086906
4368.190792 10.799369
4368.601896 10.684394
4369.013000 10.644109
4369.424104 10.640403
4369.835208 10.706423
4370.246312 10.719495
4370.657416 10.692693
4371.068520 10.778750
4371.479624 10.670329
4371.890728 10.712591
4372.301833 10.538101
4372.712937 10.417097
4373.124041 10.223822
4373.535145 10.091601
4373.946249 10.059597
4374.357353 10.078781
4374.768457 10.075304
4375.179561 9.942200
4375.590665 9.853076
4376.001769 9.839008
4376.412873 9.981703
4376.823978 10.000436
4377.235082 10.056128
4377.646186 9.899758
4378.057290 9.883089
4378.468394 9.687202
4378.879498 9.738364
4379.290602 9.768861
4379.701706 9.864243
4380.112810 9.954089
4380.523914 10.066005
4380.935018 10.007386
4381.346123 9.807052
4381.757227 9.589858
4382.168331 9.525146
4382.579435 9.519218
4382.990539 9.495250
4383.401643 9.569351
4383.812747 9.678098
4384.223851 9.645729
4384.634955 9.523886
4385.046059 9.452999
4385.457163 9.442806
4385.868268 9.497095
4386.279372 9.647902
4386.690476 9.598878
4387.101580 9.615811
4387.512684 9.544296
4387.923788 9.498057
4388.334892 9.533264
4388.745996 9.446734
4389.157100 9.413568
4389.568204 9.368175
4389.979308 9.525191
4390.390413 9.760002
4390.801517 10.172791
4391.212621 10.135137
4391.623725 9.799223
4392.034829 9.500801
4392.445933 9.489258
4392.857037 8.479667
4393.268141 8.806959
4393.679245 9.692997
4394.090349 10.425166
4394.501453 9.982692
4394.912558 9.771830
4395.323662 9.180042
4395.734766 8.438503
4396.145870 7.923863
4396.556974 7.917669
4396.968078 8.118965
4397.379182 8.590369
4397.790286 8.886686
4398.201390 8.991938
4398.612494 9.517692
4399.023598 9.914075
4399.434703 9.805707
4399.845807 10.118066
4400.256911 9.646518
4400.668015 8.668619
4401.079119 7.741811
4401.490223 7.650563
4401.901327 7.546785
4402.312431 7.597229
4402.723535 8.449636
4403.134639 9.155148
4403.545743 9.342180
4403.956848 9.080014
4404.367952 9.070914
4404.779056 9.304827
4405.190160 9.287666
4405.601264 9.232805
4406.012368 9.286812
4406.423472 9.385333
4406.834576 9.226434
4407.245680 9.092237
4407.656784 8.563627
4408.067888 8.131789
4408.478993 8.264475
4408.890097 8.290485
4409.301201 8.540289
4409.712305 8.804463
4410.123409 8.919127
4410.534513 8.892614
4410.945617 8.900852
4411.356721 8.894846
4411.767825 8.905235
4412.178929 9.112240
4412.590033 8.999790
4413.001138 8.900018
4413.412242 8.934060
4413.823346 8.921423
4414.234450 8.948305
4414.645554 8.836640
4415.056658 9.041195
4415.467762 9.027517
4415.878866 8.937446
4416.289970 8.722018
4416.701074 8.840384
4417.112179 8.937830
4417.523283 8.893549
4417.934387 8.930316
4418.345491 8.947561
4418.756595 9.025176
4419.167699 9.012592
4419.578803 9.050125
4419.989907 9.074489
4420.401011 8.991604
4420.812115 8.981542
4421.223219 8.961986
4421.634324 9.113695
4422.045428 9.313856
4422.456532 9.452860
4422.867636 8.907415
4423.278740 9.513077
4423.689844 9.865645
4424.100948 10.532170
4424.512052 10.440765
4424.923156 9.304538
4425.334260 8.364439
4425.745364 6.724127
4426.156469 6.763033
4426.567573 6.814259
4426.978677 7.002602
4427.389781 7.710791
4427.800885 8.381379
4428.211989 9.003872
4428.623093 9.114277
4429.034197 9.420581
4429.445301 9.358583
4429.856405 8.943723
4430.267509 7.711152
4430.678614 6.779811
4431.089718 7.694077
4431.500822 7.999527
4431.911926 8.453420
4432.323030 8.304756
4432.734134 8.628218
4433.145238 8.845154
4433.556342 8.841951
4433.967446 8.715696
4434.378550 8.669225
4434.789654 8.633258
4435.200759 8.730922
4435.611863 8.859669
4436.022967 8.783167
4436.434071 8.731614
4436.845175 8.541413
4437.256279 8.454841
4437.667383 8.256150
4438.078487 8.356291
4438.489591 8.556887
4438.900695 8.644508
4439.311799 8.691359
4439.722904 8.767862
4440.134008 8.981700
4440.545112 8.751959
4440.956216 8.810589
4441.367320 8.706367
4441.778424 8.611729
4442.189528 8.498257
4442.600632 8.553644
4443.011736 8.513111
4443.422840 8.707047
4443.833944 8.943870
4444.245049 8.861026
4444.656153 8.820321
4445.067257 8.724495
4445.478361 8.241221
4445.889465 8.307699
4446.300569 8.301445
4446.711673 8.542605
4447.122777 8.706018
4447.533881 8.805752
4447.944985 8.589715
4448.356089 8.696185
4448.767194 8.797092
4449.178298 8.819621
4449.589402 8.816430
4450.000506 8.841602
4450.411610 8.629402
4450.822714 8.630800
4451.233818 8.626527
4451.644922 8.659351
4452.056026 8.776897
4452.467130 8.777499
4452.878234 8.862661
4453.289339 9.237766
4453.700443 9.780806
4454.111547 9.757127
4454.522651 8.328939
4454.933755 7.313939
4455.344859 6.893238
4455.755963 7.813634
4456.167067 8.038388
4456.578171 8.412921
4456.989275 8.854430
4457.400379 8.893715
4457.811484 8.891599
4458.222588 8.498990
4458.633692 8.649725
4459.044796 8.575165
4459.455900 8.656457
4459.867004 8.760803
4460.278108 8.624433
4460.689212 8.872685
4461.100316 8.926133
4461.511420 8.873945
4461.922524 9.148037
4462.333629 9.012810
4462.744733 8.811612
4463.155837 8.342256
4463.566941 8.222499
4463.978045 8.482685
4464.389149 8.756165
4464.800253 8.745126
4465.211357 8.746468
4465.622461 8.844515
4466.033565 8.725701
4466.444669 8.499997
4466.855774 8.791229
4467.266878 8.937243
4467.677982 9.044653
4468.089086 8.938957
4468.500190 9.019778
4468.911294 9.096420
4469.322398 8.917559
4469.733502 9.003132
4470.144606 9.502759
4470.555710 9.696196
4470.966814 8.950515
4471.377919 8.928380
4471.789023 7.968639
4472.200127 7.494217
4472.611231 7.522846
4473.022335 8.154754
4473.433439 8.181436
4473.844543 9.283475
4474.255647 8.958160
4474.666751 9.144384
4475.077855 9.131676
4475.488959 9.278957
4475.900064 9.171431
4476.311168 9.087463
4476.722272 9.358106
4477.133376 9.259709
4477.544480 8.944024
4477.955584 8.929914
4478.366688 8.992998
4478.777792 9.206476
4479.188896 9.088587
4479.600000 9.029844
4480.011104 8.913207
4480.422209 8.901619
4480.833313 9.053771
4481.244417 8.768850
4481.655521 8.952992
4482.066625 9.016659
4482.477729 9.056312
4482.888833 9.154953
4483.299937 8.721217
4483.711041 8.265385
4484.122145 8.550945
4484.533250 8.731283
4484.944354 9.042458
4485.355458 8.986342
4485.766562 8.946230
4486.177666 9.055587
4486.588770 9.004894
4486.999874 9.070730
4487.410978 8.963911
4487.822082 8.745408
4488.233186 8.852945
4488.644290 9.119603
4489.055395 9.456404
4489.466499 9.460268
4489.877603 9.754142
4490.288707 9.730211
4490.699811 8.808060
4491.110915 7.388931
4491.522019 7.619923
4491.933123 8.023387
4492.344227 8.076673
4492.755331 8.712727
4493.166435 9.476765
4493.577540 9.256604
4493.988644 9.146988
4494.399748 9.218601
4494.810852 9.166011
4495.221956 8.917285
4495.633060 8.975840
4496.044164 9.109271
4496.455268 9.300050
4496.866372 9.216669
4497.277476 9.359060
4497.688580 9.277063
4498.099685 9.124459
4498.510789 9.049934
4498.921893 9.222518
4499.332997 9.364803
4499.744101 9.351306
4500.155205 9.248741
4500.566309 9.264047
4500.977413 9.162049
4501.388517 9.188844
4501.799621 9.120498
4502.210725 9.124162
4502.621830 9.119122
4503.032934 9.184492
4503.444038 9.111466
4503.855142 9.192558
4504.266246 9.388035
4504.677350 9.528840
4505.088454 9.371065
4505.499558 9.135468
4505.910662 8.624644
4506.321766 8.142332
4506.732870 7.817378
4507.143975 8.102645
4507.555079 8.744314
4507.966183 9.187228
4508.377287 9.246930
4508.788391 9.693043
4509.199495 9.961726
4509.610599 10.154742
4510.021703 10.373549
4510.432807 10.568779
4510.843911 10.701499
4511.255015 10.540221
4511.666120 10.444440
4512.077224 9.651457
4512.488328 9.037027
4512.899432 7.937856
4513.310536 8.247735
4513.721640 8.650217
4514.132744 9.008916
4514.543848 9.116822
4514.954952 9.501993
4515.366056 9.447365
4515.777160 9.299238
4516.188265 9.245291
4516.599369 9.281539
4517.010473 9.115807
4517.421577 9.246024
4517.832681 9.270895
4518.243785 9.223378
4518.654889 9.261607
4519.065993 9.275382
4519.477097 9.174426
4519.888201 9.086753
4520.299305 8.924483
4520.710410 8.963550
4521.121514 8.728667
4521.532618 8.990093
4521.943722 9.199541
4522.354826 9.366168
4522.765930 9.228637
4523.177034 9.064123
4523.588138 8.973867
4523.999242 8.922694
4524.410346 8.810811
4524.821450 8.844237
4525.232555 8.723758
4525.643659 8.862981
4526.054763 8.919754
4526.465867 9.017591
4526.876971 9.203003
4527.288075 9.460065
4527.699179 9.494468
4528.110283 9.081476
4528.521387 9.125418
4528.932491 9.240164
4529.343595 9.646203
4529.754700 9.668582
4530.165804 9.679816
4530.576908 9.609395
4530.988012 9.551794
4531.399116 9.407907
4531.810220 9.293668
4532.221324 9.520733
4532.632428 9.374587
4533.043532 9.304440
4533.454636 9.055714
4533.865740 9.059811
4534.276845 9.132014
4534.687949 9.124023
4535.099053 9.123283
4535.510157 9.090455
4535.921261 9.201045
4536.332365 9.187690
4536.743469 9.082419
4537.154573 8.922092
4537.565677 9.085167
4537.976781 9.335877
4538.387885 9.188514
4538.798990 9.025510
4539.210094 9.100449
4539.621198 9.434939
4540.032302 9.569283
4540.443406 9.490356
4540.854510 9.393155
4541.265614 9.449455
4541.676718 9.194933
4542.087822 9.143095
4542.498926 9.261427
4542.910030 9.289955
4543.321135 9.257322
4543.732239 9.343161
4544.143343 9.450778
4544.554447 9.328157
4544.965551 9.119081
4545.376655 9.074034
4545.787759 9.187867
4546.198863 9.420856
4546.609967 9.511055
4547.021071 9.374719
4547.432176 9.366442
4547.843280 9.401548
4548.254384 9.407982
4548.665488 9.322249
4549.076592 9.431880
4549.487696 9.390494
4549.898800 9.475333
4550.309904 9.321211
4550.721008 9.387254
4551.132112 9.504812
4551.543216 9.805526
4551.954321 9.623790
4552.365425 9.565742
4552.776529 9.436161
4553.187633 9.537831
4553.598737 9.502410
4554.009841 9.437307
4554.420945 9.486274
4554.832049 9.556004
4555.243153 9.548637
4555.654257 9.503443
4556.065361 9.441663
4556.476466 9.329123
4556.887570 9.386483
4557.298674 9.508352
4557.709778 9.658009
4558.120882 9.748753
4558.531986 9.533956
4558.943090 9.481583
4559.354194 9.592748
4559.765298 9.857549
4560.176402 9.885352
4560.587506 9.760393
4560.998611 9.731023
4561.409715 9.645361
4561.820819 9.695042
4562.231923 9.629244
4562.643027 9.739514
4563.054131 9.644951
4563.465235 9.565054
4563.876339 9.441073
4564.287443 9.727862
4564.698547 9.642978
4565.109651 9.779975
4565.520756 9.604764
4565.931860 9.313258
4566.342964 9.340730
4566.754068 9.314833
4567.165172 9.295337
4567.576276 9.365897
4567.987380 9.398402
4568.398484 9.436638
4568.809588 9.448899
4569.220692 9.466944
4569.631796 9.393741
4570.042901 9.416146
4570.454005 9.419525
4570.865109 9.439288
4571.276213 9.223213
4571.687317 9.300633
4572.098421 9.289105
4572.509525 9.422194
4572.920629 9.393643
4573.331733 9.386570
4573.742837 9.317077
4574.153941 9.201984
4574.565046 8.929425
4574.976150 9.063728
4575.387254 9.215523
4575.798358 9.292680
4576.209462 9.288767
4576.620566 9.327221
4577.031670 9.392940
4577.442774 9.243543
4577.853878 9.355460
4578.264982 9.309631
4578.676086 9.289680
4579.087191 9.326875
4579.498295 9.297788
4579.909399 9.522319
4580.320503 9.299671
4580.731607 9.391790
4581.142711 9.520827
4581.553815 9.612856
4581.964919 9.625722
4582.376023 9.614435
4582.787127 9.563318
4583.198231 9.496449
4583.609336 9.453240
4584.020440 9.432188
4584.431544 9.512036
4584.842648 9.476968
4585.253752 9.451263
4585.664856 9.360192
4586.075960 9.445456
4586.487064 9.451586
4586.898168 9.429391
4587.309272 9.433924
4587.720376 9.307789
4588.131481 9.281005
4588.542585 9.328191
4588.953689 9.491172
4589.364793 9.395752
4589.775897 9.419168
4590.187001 9.554170
4590.598105 9.465083
4591.009209 9.333663
4591.420313 9.434484
4591.831417 9.319798
4592.242521 9.125467
4592.653626 9.380684
4593.064730 9.273808
4593.475834 9.413628
4593.886938 9.368851
4594.298042 9.163049
4594.709146 9.214508
4595.120250 9.068227
4595.531354 9.251057
4595.942458 9.126369
4596.353562 9.030404
4596.764666 8.967391
4597.175771 8.842617
4597.586875 8.882150
4597.997979 8.956694
4598.409083 9.099754
4598.820187 9.085813
4599.231291 9.055767
4599.642395 8.868359
4600.053499 8.836437
4600.464603 8.800595
4600.875707 8.821644
4601.286811 8.974694
4601.697916 9.016260
4602.109020 9.033234
4602.520124 9.009608
4602.931228 8.910719
4603.342332 8.900330
4603.753436 8.874031
4604.164540 8.833355
4604.575644 8.841312
4604.986748 8.816321
4605.397852 8.863917
4605.808956 8.886254
4606.220061 8.793029
4606.631165 8.689288
4607.042269 8.917086
4607.453373 8.896515
4607.864477 8.868870
4608.275581 8.920735
4608.686685 8.740702
4609.097789 8.849438
4609.508893 8.822192
4609.919997 8.950658
4610.331101 9.005823
4610.742206 8.903213
4611.153310 8.838151
4611.564414 8.806102
4611.975518 8.810977
4612.386622 8.929128
4612.797726 9.018192
4613.208830 9.015900
4613.619934 9.021380
4614.031038 8.999272
4614.442142 8.983809
4614.853247 9.106384
4615.264351 8.941566
4615.675455 8.875715
4616.086559 8.727235
4616.497663 8.863428
4616.908767 8.863552
4617.319871 8.920641
4617.730975 8.932083
4618.142079 8.844368
4618.553183 8.979685
4618.964287 9.227938
4619.375392 9.047694
4619.786496 8.943926
4620.197600 8.658595
4620.608704 8.588106
4621.019808 8.556034
4621.430912 8.537049
4621.842016 8.761645
4622.253120 8.981843
4622.664224 9.073857
4623.075328 9.287444
4623.486432 9.430737
4623.897537 9.275067
4624.308641 9.318505
4624.719745 9.310244
4625.130849 9.056857
4625.541953 9.083412
4625.953057 9.194982
4626.364161 9.363672
4626.775265 9.394233
4627.186369 9.368754
4627.597473 9.347830
4628.008577 9.313514
4628.419682 9.378733
4628.830786 9.343985
4629.241890 9.201466
4629.652994 9.292307
4630.064098 9.187702
4630.475202 9.252199
4630.886306 9.313187
4631.297410 9.245795
4631.708514 9.314032
4632.119618 9.367209
4632.530722 9.545799
4632.941827 9.580844
4633.352931 9.506135
4633.764035 9.475735
4634.175139 9.347645
4634.586243 9.102558
4634.997347 9.023834
4635.408451 9.124057
4635.819555 9.326274
4636.230659 9.459502
4636.641763 9.326071
4637.052867 9.356087
4637.463972 9.453920
4637.875076 9.416199
4638.286180 9.272921
4638.697284 9.350882
4639.108388 9.285305
4639.519492 9.452458
4639.930596 9.406787
4640.341700 9.312510
4640.752804 9.198072
4641.163908 9.164579
4641.575012 9.056320
4641.986117 9.024142
4642.397221 8.942689
4642.808325 8.852772
4643.219429 8.959716
4643.630533 8.889870
4644.041637 8.937495
4644.452741 9.031693
4644.863845 9.166375
4645.274949 9.119821
4645.686053 9.250068
4646.097157 9.034696
4646.508262 8.917582
4646.919366 8.824981
4647.330470 8.828556
4647.741574 8.656738
4648.152678 8.660843
4648.563782 8.868987
4648.974886 8.848721
4649.385990 8.791503
4649.797094 8.823722
4650.208198 8.910489
4650.619302 8.926986
4651.030407 8.785057
4651.441511 8.728362
4651.852615 8.776010
4652.263719 8.807958
4652.674823 8.968030
4653.085927 8.987988
4653.497031 9.091451
4653.908135 8.891888
4654.319239 8.988503
4654.730343 8.977517
4655.141447 9.119235
4655.552552 8.965839
4655.963656 8.761231
4656.374760 8.615732
4656.785864 8.660884
4657.196968 8.735410
4657.608072 8.958562
4658.019176 8.852355
4658.430280 8.788248
4658.841384 8.787884
4659.252488 8.780318
4659.663592 8.972574
4660.074697 8.909779
4660.485801 8.827033
4660.896905 8.933225
4661.308009 8.790301
4661.719113 8.722319
4662.130217 8.516828
4662.541321 8.619592
4662.952425 8.634867
4663.363529 8.296694
4663.774633 8.016490
4664.185737 8.477889
4664.596842 9.254214
4665.007946 9.606899
4665.419050 9.931116
4665.830154 9.771838
4666.241258 9.256071
4666.652362 8.678279
4667.063466 7.619119
4667.474570 7.731430
4667.885674 8.169657
4668.296778 8.846206
4668.707882 8.939446
4669.118987 9.955983
4669.530091 9.805752
4669.941195 8.823865
4670.352299 7.901210
4670.763403 8.176122
4671.174507 7.938488
4671.585611 7.502963
4671.996715 8.146320
4672.407819 8.912677
4672.818923 9.191941
4673.230027 9.014900
4673.641132 8.824038
4674.052236 8.575128
4674.463340 7.615631
4674.874444 6.561898
4675.285548 7.187372
4675.696652 7.513051
4676.107756 7.918545
4676.518860 8.488962
4676.929964 8.998279
4677.341068 9.074624
4677.752172 9.317445
4678.163277 9.253812
4678.574381 9.225991
4678.985485 9.035343
4679.396589 8.961746
4679.807693 8.276480
4680.218797 7.981426
4680.629901 8.447350
4681.041005 8.681688
4681.452109 8.684954
4681.863213 8.619915
4682.274318 8.867318
4682.685422 8.977073
4683.096526 9.447692
4683.507630 9.255033
4683.918734 8.663387
4684.329838 7.842493
4684.740942 7.631504
4685.152046 7.542661
4685.563150 7.604069
4685.974254 8.545296
4686.385358 8.895090
4686.796463 9.175903
4687.207567 9.402510
4687.618671 9.264073
4688.029775 9.034595
4688.440879 8.797224
4688.851983 8.658622
4689.263087 8.772492
4689.674191 8.521729
4690.085295 8.545461
4690.496399 8.553569
4690.907503 8.495468
4691.318608 8.262878
4691.729712 8.033216
4692.140816 8.208419
4692.551920 8.215271
4692.963024 8.146154
4693.374128 8.176625
4693.785232 8.265163
4694.196336 8.586780
4694.607440 8.545093
4695.018544 8.240574
4695.429648 8.184045
4695.840753 8.415823
4696.251857 8.384367
4696.662961 7.887547
4697.074065 7.967429
4697.485169 7.923957
4697.896273 8.122017
4698.307377 8.855418
4698.718481 9.805774
4699.129585 8.529596
4699.540689 9.719161
4699.951793 10.135566
4700.362898 10.365818
4700.774002 8.629271
4701.185106 8.372565
4701.596210 7.850630
4702.007314 7.906889
4702.418418 9.613661
4702.829522 8.109455
4703.240626 7.744254
4703.651730 7.702988
4704.062834 8.286595
4704.473938 8.191641
4704.885043 8.837625
4705.296147 8.682350
4705.707251 8.515776
4706.118355 8.421397
4706.529459 8.209171
4706.940563 8.277213
4707.351667 8.310221
4707.762771 8.705536
4708.173875 8.730806
4708.584979 8.535486
4708.996083 8.159903
4709.407188 8.060548
4709.818292 8.142249
4710.229396 8.085032
4710.640500 8.022778
4711.051604 8.031491
4711.462708 7.912768
4711.873812 8.105313
4712.284916 8.427588
4712.696020 8.307245
4713.107124 8.407321
4713.518228 8.036929
4713.929333 7.754752
4714.340437 7.591820
4714.751541 7.403386
4715.162645 7.737496
4715.573749 8.085487
4715.984853 8.054779
4716.395957 8.456762
4716.807061 8.324598
4717.218165 8.242758
4717.629269 8.176032
4718.040373 8.171799
4718.451478 8.187228
4718.862582 8.315404
4719.273686 8.296183
4719.684790 8.186097
4720.095894 8.170198
4720.506998 8.204262
4720.918102 8.370682
4721.329206 8.278145
4721.740310 8.344695
4722.151414 7.885991
4722.562518 7.926265
4722.973623 7.835915
4723.384727 7.728667
4723.795831 7.768215
4724.206935 8.150015
4724.618039 8.400732
4725.029143 8.432447
4725.440247 8.210851
4725.851351 8.159685
4726.262455 7.959882
4726.673559 7.730020
4727.084663 7.704676
4727.495768 7.778743
4727.906872 7.978648
4728.317976 8.399977
4728.729080 8.323730
4729.140184 8.392159
4729.551288 8.094132
4729.962392 7.910046
4730.373496 7.918176
4730.784600 8.379898
4731.195704 7.977220
4731.606808 6.962427
4732.017913 6.440533
4732.429017 6.203643
4732.840121 5.794677
4733.251225 5.303900
4733.662329 6.152958
4734.073433 6.512059
4734.484537 8.170871
4734.895641 8.501861
4735.306745 8.201207
4735.717849 8.016576
4736.128953 7.908490
4736.540058 7.825805
4736.951162 7.768839
4737.362266 7.824519
4737.773370 7.922532
4738.184474 7.828210
4738.595578 8.040342
4739.006682 8.063988
4739.417786 7.830018
4739.828890 7.590850
4740.239994 7.641475
4740.651098 7.145204
4741.062203 7.539500
4741.473307 7.914256
4741.884411 8.090422
4742.295515 7.925103
4742.706619 7.813401
4743.117723 7.993311
4743.528827 7.961487
4743.939931 8.219346
4744.351035 7.908671
4744.762139 8.283182
4745.173243 7.940705
4745.584348 8.034092
4745.995452 7.711175
4746.406556 7.448557
4746.817660 7.662719
4747.228764 7.616871
4747.639868 7.547112
4748.050972 7.323181
4748.462076 7.325181
4748.873180 7.163005
4749.284284 7.287644
4749.695389 7.366691
4750.106493 7.628497
4750.517597 7.019482
4750.928701 7.436951
4751.339805 8.901991
4751.750909 9.781084
4752.162013 8.556282
4752.573117 7.383654
4752.984221 6.913125
4753.395325 6.890927
4753.806429 6.813435
4754.217534 6.965828
4754.628638 7.395429
4755.039742 7.701090
4755.450846 7.915102
4755.861950 7.801220
4756.273054 7.575038
4756.684158 7.661358
4757.095262 7.759341
4757.506366 7.803332
4757.917470 8.005729
4758.328574 8.057823
4758.739679 7.891791
4759.150783 7.601408
4759.561887 7.474988
4759.972991 7.468064
4760.384095 7.504974
4760.795199 7.397771
4761.206303 7.428832
4761.617407 7.609125
4762.028511 7.451214
4762.439615 7.748979
4762.850719 7.439570
4763.261824 6.778247
4763.672928 7.119807
4764.084032 7.118394
4764.495136 7.122585
4764.906240 7.862015
4765.317344 8.143798
4765.728448 7.424844
4766.139552 7.697005
4766.550656 7.587178
4766.961760 7.762611
4767.372864 7.644223
4767.783969 7.569641
4768.195073 7.718418
4768.606177 7.582551
4769.017281 7.473101
4769.428385 7.550160
4769.839489 7.500347
4770.250593 7.314679
4770.661697 7.365319
4771.072801 7.980900
4771.483905 7.887337
4771.895009 7.922397
4772.306114 7.468113
4772.717218 7.149353
4773.128322 7.314503
4773.539426 7.039993
4773.950530 7.087024
4774.361634 7.348995
4774.772738 7.770414
4775.183842 7.879312
4775.594946 7.854269
4776.006050 8.042064
4776.417154 7.815442
4776.828259 7.788459
4777.239363 7.727675
4777.650467 7.803945
4778.061571 7.972548
4778.472675 8.018670
4778.883779 7.929933
4779.294883 7.635303
4779.705987 7.838253
4780.117091 7.791594
4780.528195 7.706702
4780.939299 7.770583
4781.350404 8.008792
4781.761508 7.948403
4782.172612 7.884428
4782.583716 7.897297
4782.994820 7.831390
4783.405924 7.697967
4783.817028 7.807241
4784.228132 7.837080
4784.639236 7.786918
4785.050340 7.684541
4785.461444 7.702428
4785.872549 7.708623
4786.283653 7.445118
4786.694757 7.401255
4787.105861 7.552201
4787.516965 7.831529
4787.928069 8.371404
4788.339173 8.045792
4788.750277 7.961137
4789.161381 7.978457
4789.572485 7.369254
4789.983589 7.023042
4790.394694 6.987553
4790.805798 7.148263
4791.216902 7.642809
4791.628006 7.850363
4792.039110 8.108053
4792.450214 8.329330
4792.861318 8.348807
4793.272422 8.258462
4793.683526 8.054508
4794.094630 7.636405
4794.505734 7.569438
4794.916839 7.593545
4795.327943 8.266464
4795.739047 8.588351
4796.150151 8.170672
4796.561255 7.431331
4796.972359 7.080112
4797.383463 7.031213
4797.794567 7.328932
4798.205671 7.323903
4798.616775 7.401785
4799.027879 8.039504
4799.438984 8.023680
4799.850088 8.031502
4800.261192 8.266719
4800.672296 8.238432
4801.083400 8.240157
4801.494504 8.114973
4801.905608 8.220680
4802.316712 8.046048
4802.727816 8.144820
4803.138920 8.238045
4803.550024 8.340256
4803.961129 8.345353
4804.372233 8.402803
4804.783337 8.374215
4805.194441 8.427798
4805.605545 8.418894
4806.016649 8.416176
4806.427753 8.398338
4806.838857 8.432410
4807.249961 8.328052
4807.661065 8.309973
4808.072169 8.306715
4808.483274 8.118123
4808.894378 8.225190
4809.305482 8.330018
4809.716586 8.303926
4810.127690 8.519410
4810.538794 8.456627
4810.949898 8.571644
4811.361002 8.608392
4811.772106 8.767621
4812.183210 8.614176
4812.594315 8.589444
4813.005419 8.582897
4813.416523 8.601055
4813.827627 8.571963
4814.238731 8.475397
4814.649835 8.426437
4815.060939 8.788808
4815.472043 8.845642
4815.883147 9.421791
4816.294251 8.879203
4816.705355 8.576383
4817.116460 8.760679
4817.527564 8.959363
4817.938668 8.839486
4818.349772 8.888956
4818.760876 8.975904
4819.171980 9.105452
4819.583084 9.079672
4819.994188 9.055948
4820.405292 9.188119
4820.816396 9.298340
4821.227500 9.350073
4821.638605 9.094560
4822.049709 9.172261
4822.460813 9.187694
4822.871917 9.122065
4823.283021 9.120622
4823.694125 9.312720
4824.105229 9.732497
4824.516333 9.341947
4824.927437 9.545731
4825.338541 9.739258
4825.749645 9.839237
4826.160750 9.866326
4826.571854 9.746407
4826.982958 9.741949
4827.394062 9.856797
4827.805166 9.759404
4828.216270 9.715410
4828.627374 9.955367
4829.038478 10.161463
4829.449582 10.246986
4829.860686 10.077243
4830.271790 10.063840
4830.682895 10.291292
4831.093999 10.118528
4831.505103 10.243487
4831.916207 10.324996
4832.327311 10.115514
4832.738415 10.169750
4833.149519 10.145883
4833.560623 10.140099
4833.971727 10.428493
4834.382831 10.746444
4834.793935 10.567245
4835.205040 10.464786
4835.616144 10.630491
4836.027248 10.898100
4836.438352 10.869843
4836.849456 10.820955
4837.260560 10.972333
4837.671664 11.065982
4838.082768 11.012558
4838.493872 10.984977
4838.904976 11.194756
4839.316080 11.195432
4839.727185 11.242626
4840.138289 11.143812
4840.549393 11.203844
4840.960497 11.290337
4841.371601 11.467804
4841.782705 11.708576
4842.193809 11.849077
4842.604913 11.903407
4843.016017 11.885261
4843.427121 11.794573
4843.838225 11.714210
4844.249330 11.791679
4844.660434 12.000857
4845.071538 11.894627
4845.482642 11.870313
4845.893746 12.215567
4846.304850 12.499601
4846.715954 12.537668
4847.127058 12.748406
4847.538162 12.820176
4847.949266 12.814437
4848.360370 13.026272
4848.771475 13.100786
4849.182579 13.157658
4849.593683 13.089168
4850.004787 13.259633
4850.415891 13.515928
4850.826995 13.387963
4851.238099 13.496410
4851.649203 13.769720
4852.060307 13.996624
4852.471411 14.208940
4852.882515 14.366933
4853.293620 14.541208
4853.704724 14.758433
4854.115828 14.781939
4854.526932 15.249390
4854.938036 15.355991
4855.349140 15.201475
4855.760244 14.944375
4856.171348 14.862287
4856.582452 15.332853
4856.993556 15.662400
4857.404660 15.907416
4857.815765 15.924116
4858.226869 15.937278
4858.637973 15.860242
4859.049077 15.880242
4859.460181 15.961334
4859.871285 15.955620
4860.282389 16.099244
4860.693493 16.702012
4861.104597 17.158532
4861.515701 17.285705
4861.926805 17.154353
4862.337910 17.350853
4862.749014 18.090967
4863.160118 18.177607
4863.571222 17.435387
4863.982326 17.853976
4864.393430 17.760717
4864.804534 18.029431
4865.215638 17.730303
4865.626742 17.629083
4866.037846 17.596271
4866.448950 17.358456
4866.860055 17.464926
4867.271159 16.835634
4867.682263 16.564105
4868.093367 16.233092
4868.504471 15.964220
4868.915575 16.342982
4869.326679 16.153289
4869.737783 15.899711
4870.148887 16.178829
4870.559991 16.357246
4870.971095 16.068488
4871.382200 15.179972
4871.793304 15.281890
4872.204408 15.590803
4872.615512 15.328989
4873.026616 15.443555
4873.437720 15.508955
4873.848824 15.334552
4874.259928 14.887887
4874.671032 14.618064
4875.082136 14.280891
4875.493240 14.128603
4875.904345 14.286363
4876.315449 14.098707
4876.726553 14.100211
4877.137657 13.888259
4877.548761 13.902877
4877.959865 13.914310
4878.370969 13.632182
4878.782073 13.523509
4879.193177 13.596088
4879.604281 13.429973
4880.015386 13.390988
4880.426490 13.703697
4880.837594 13.331403
4881.248698 13.467273
4881.659802 13.116050
4882.070906 12.842484
4882.482010 12.662371
4882.893114 12.548764
4883.304218 12.764320
4883.715322 12.617437
4884.126426 12.405775
4884.537531 12.526810
4884.948635 11.912514
4885.359739 11.659669
4885.770843 11.670156
4886.181947 11.741998
4886.593051 11.819729
4887.004155 11.857424
4887.415259 11.840868
4887.826363 11.536981
4888.237467 11.261678
4888.648571 11.311712
4889.059676 11.146879
4889.470780 11.113386
4889.881884 11.109026
4890.292988 11.037797
4890.704092 10.901694
4891.115196 10.683473
4891.526300 10.737653
4891.937404 10.634119
4892.348508 10.493378
4892.759612 10.617536
4893.170716 10.629755
4893.581821 10.633198
4893.992925 10.442854
4894.404029 10.252113
4894.815133 10.076736
4895.226237 9.975889
4895.637341 10.112477
4896.048445 10.169465
4896.459549 10.060273
4896.870653 9.888926
4897.281757 9.622110
4897.692861 9.837741
4898.103966 9.669833
4898.515070 9.692591
4898.926174 9.613965
4899.337278 9.699800
4899.748382 9.648879
4900.159486 9.917326
4900.570590 9.951582
4900.981694 9.782708
4901.392798 9.662831
4901.803902 9.491769
4902.215006 9.651352
4902.626111 9.550990
4903.037215 9.589591
4903.448319 9.383645
4903.859423 9.186067
4904.270527 9.135329
4904.681631 9.073098
4905.092735 9.102160
4905.503839 9.366149
4905.914943 9.385931
4906.326047 9.378722
4906.737151 8.911083
4907.148256 8.828356
4907.559360 8.195997
4907.970464 9.051144
4908.381568 9.131507
4908.792672 8.645921
4909.203776 9.221653
4909.614880 9.665120
4910.025984 9.418243
4910.437088 9.768621
4910.848192 9.461065
4911.259296 9.115585
4911.670401 8.718853
4912.081505 8.422513
4912.492609 8.862962
4912.903713 9.022958
4913.314817 8.690904
4913.725921 8.887006
4914.137025 9.025548
4914.548129 8.937950
4914.959233 8.660602
4915.370337 8.849209
4915.781441 8.877729
4916.192546 8.999501
4916.603650 9.132969
4917.014754 9.246813
4917.425858 9.021782
4917.836962 8.846732
4918.248066 8.939468
4918.659170 8.801779
4919.070274 8.885502
4919.481378 9.300122
4919.892482 9.414928
4920.303586 9.234808
4920.714691 9.210419
4921.125795 9.086727
4921.536899 9.026788
4921.948003 9.172656
4922.359107 9.161624
4922.770211 8.912151
4923.181315 8.759217
4923.592419 8.724033
4924.003523 8.677264
4924.414627 8.791319
4924.825731 8.766644
4925.236836 8.814893
4925.647940 8.878605
4926.059044 8.855986
4926.470148 8.772083
4926.881252 8.823455
4927.292356 8.994697
4927.703460 9.119735
4928.114564 9.105903
4928.525668 8.874140
4928.936772 8.914068
4929.347876 8.897425
4929.758981 8.857005
4930.170085 8.949135
4930.581189 9.006311
4930.992293 8.931583
4931.403397 8.867281
4931.814501 8.983219
4932.225605 8.849901
4932.636709 8.828368
4933.047813 8.771575
4933.458917 8.836806
4933.870021 8.869070
4934.281126 8.845184
4934.692230 8.676708
4935.103334 8.748227
4935.514438 8.770609
4935.925542 8.886404
4936.336646 8.915703
4936.747750 8.854535
4937.158854 8.771583
4937.569958 9.363003
4937.981062 8.954304
4938.392166 8.949053
4938.803271 8.788470
4939.214375 8.816246
4939.625479 8.778995
4940.036583 8.765411
4940.447687 8.576368
4940.858791 8.518749
4941.269895 8.728013
4941.680999 8.669770
4942.092103 8.562469
4942.503207 8.702086
4942.914311 8.947470
4943.325416 8.794356
4943.736520 8.716023
4944.147624 8.626068
4944.558728 8.751395
4944.969832 8.671927
4945.380936 8.562198
4945.792040 8.613199
4946.203144 8.619581
4946.614248 8.573256
4947.025352 8.382232
4947.436457 8.198982
4947.847561 8.000020
4948.258665 7.989988
4948.669769 8.280713
4949.080873 8.874031
4949.491977 8.946813
4949.903081 9.452511
4950.314185 9.799870
4950.725289 10.671547
4951.136393 10.174080
4951.547497 9.289056
4951.958602 9.759713
4952.369706 9.801749
4952.780810 9.840681
4953.191914 10.231718
4953.603018 10.465831
4954.014122 10.553951
4954.425226 10.407260
4954.836330 10.330840
4955.247434 10.146966
4955.658538 10.431300
4956.069642 10.588049
4956.480747 10.643496
4956.891851 10.761084
4957.302955 10.930917
4957.714059 11.067708
4958.125163 10.907940
4958.536267 10.999057
4958.947371 11.116663
4959.358475 11.028859
4959.769579 11.220333
4960.180683 11.581859
4960.591787 12.047813
4961.002892 12.806029
4961.413996 12.724354
4961.825100 12.585418
4962.236204 12.220968
4962.647308 11.311558
4963.058412 10.917476
4963.469516 10.466879
4963.880620 10.061559
4964.291724 9.295773
4964.702828 9.202210
4965.113932 8.882424
4965.525037 8.625042
4965.936141 8.379594
4966.347245 8.093947
4966.758349 8.041635
4967.169453 7.809910
4967.580557 7.609557
4967.991661 7.376234
4968.402765 7.145809
4968.813869 6.805727
4969.224973 6.546962
4969.636077 6.132297
4970.047182 6.193348
4970.458286 8.178309
4970.869390 9.333002
4971.280494 9.290654
4971.691598 8.684233
4972.102702 9.393121
4972.513806 8.818787
4972.924910 7.957799
4973.336014 7.873516
4973.747118 7.579627
4974.158222 7.623306
4974.569327 7.512743
4974.980431 7.754068
4975.391535 7.791932
4975.802639 7.635506
4976.213743 7.585720
4976.624847 7.473349
4977.035951 7.442701
4977.447055 7.560015
4977.858159 7.636036
4978.269263 7.717196
4978.680367 7.424878
4979.091472 7.476266
4979.502576 7.684477
4979.913680 7.713422
4980.324784 7.798363
4980.735888 7.526154
4981.146992 7.536877
4981.558096 7.570934
4981.969200 7.375531
4982.380304 6.869721
4982.791408 7.192344
4983.202512 7.097391
4983.613617 7.080405
4984.024721 7.217752
4984.435825 7.231765
4984.846929 8.030468
4985.258033 8.267182
4985.669137 8.124148
4986.080241 7.463490
4986.491345 8.320745
4986.902449 8.863774
4987.313553 9.588110
4987.724657 8.774289
4988.135762 9.716594
4988.546866 9.552482
4988.957970 9.746208
4989.369074 9.407979
4989.780178 8.880402
4990.191282 8.017343
4990.602386 8.434695
4991.013490 8.510048
4991.424594 8.094628
4991.835698 8.305598
4992.246802 7.942803
4992.657907 9.292018
4993.069011 9.999779
4993.480115 10.303226
4993.891219 10.948135
4994.302323 10.539785
4994.713427 10.891226
4995.124531 10.934739
4995.535635 11.813212
4995.946739 11.743035
4996.357843 11.694448
4996.768947 11.582644
4997.180052 11.335565
4997.591156 11.164928
4998.002260 11.487751
4998.413364 11.928368
4998.824468 12.479662
4999.235572 13.198645
4999.646676 13.938068
5000.057780 14.610212
5000.468884 14.676356
5000.879988 14.910811
5001.291092 14.981018
5001.702197 15.410055
5002.113301 15.306096
5002.524405 15.670726
5002.935509 15.918677
5003.346613 16.274858
5003.757717 16.203730
5004.168821 16.539009
5004.579925 16.805133
5004.991029 17.075764
5005.402133 16.883955
5005.813237 17.107802
5006.224342 17.951241
5006.635446 18.397741
5007.046550 19.047273
5007.457654 19.319163
5007.868758 19.793830
5008.279862 20.169202
5008.690966 20.340429
5009.102070 20.576894
5009.513174 20.078999
5009.924278 19.550276
5010.335383 19.058147
5010.746487 17.925630
5011.157591 16.701865
5011.568695 15.672135
5011.979799 14.279812
5012.390903 13.299034
5012.802007 12.115276
5013.213111 11.328833
5013.624215 10.464658
5014.035319 10.136009
5014.446423 9.536076
5014.857528 9.088520
5015.268632 9.078383
5015.679736 8.710160
5016.090840 8.644027
5016.501944 8.442066
5016.913048 8.132620
5017.324152 7.483926
5017.735256 7.676216
5018.146360 6.697449
5018.557464 6.761747
5018.968568 9.225709
5019.379673 8.949256
5019.790777 9.405581
5020.201881 11.634133
5020.612985 12.794035
5021.024089 11.589387
5021.435193 10.228351
5021.846297 9.734195
5022.257401 9.572917
5022.668505 8.375542
5023.079609 7.979524
5023.490713 8.088140
5023.901818 7.822550
5024.312922 7.676092
5024.724026 8.066818
5025.135130 8.559736
5025.546234 8.296965
5025.957338 8.071234
5026.368442 8.536910
5026.779546 9.546036
5027.190650 9.552535
5027.601754 10.069583
5028.012858 9.565314
5028.423963 8.282690
5028.835067 8.228840
5029.246171 8.053091
5029.657275 7.709649
5030.068379 7.739556
5030.479483 7.951008
5030.890587 8.255733
5031.301691 8.310015
5031.712795 7.973762
5032.123899 7.863075
5032.535003 7.810481
5032.946108 8.048716
5033.357212 8.043244
5033.768316 7.601593
5034.179420 7.413512
5034.590524 7.550284
5035.001628 7.673750
5035.412732 7.742161
5035.823836 7.872644
5036.234940 8.045589
5036.646044 8.406791
5037.057148 8.446475
5037.468253 8.134251
5037.879357 7.653747
5038.290461 7.418233
5038.701565 7.591365
5039.112669 7.444784
5039.523773 7.469560
5039.934877 7.322151
5040.345981 7.174070
5040.757085 7.282979
5041.168189 7.607839
5041.579293 7.434823
5041.990398 6.805313
5042.401502 6.305396
5042.812606 6.703331
5043.223710 6.733858
5043.634814 6.603705
5044.045918 7.629106
5044.457022 8.226164
5044.868126 8.445520
5045.279230 8.385581
5045.690334 7.842222
5046.101438 7.587374
5046.512543 7.274590
5046.923647 6.982013
5047.334751 6.564202
5047.745855 6.862654
5048.156959 7.578470
5048.568063 7.592189
5048.979167 7.464832
5049.390271 7.161742
5049.801375 7.139010
5050.212479 7.518779
5050.623583 7.294165
5051.034688 7.058346
5051.445792 6.910930
5051.856896 6.300758
5052.268000 5.788580
5052.679104 6.104029
5053.090208 6.257789
5053.501312 5.485648
5053.912416 5.440323
5054.323520 6.658002
5054.734624 7.257466
5055.145728 8.714576
5055.556833 9.753729
5055.967937 8.869724
5056.379041 8.092094
5056.790145 7.528052
5057.201249 7.678802
5057.612353 6.620412
5058.023457 6.705917
5058.434561 6.781547
5058.845665 7.348492
5059.256769 6.962551
5059.667873 6.711461
5060.078978 6.475732
5060.490082 6.479746
5060.901186 6.086904
5061.312290 6.283754
5061.723394 6.544594
5062.134498 6.367917
5062.545602 6.473406
5062.956706 6.301055
5063.367810 6.261503
5063.778914 5.641198
5064.190018 6.371138
5064.601123 6.303622
5065.012227 6.585363
5065.423331 6.185425
5065.834435 6.587066
5066.245539 7.124753
5066.656643 7.596109
5067.067747 7.237406
5067.478851 6.806042
5067.889955 6.812026
5068.301059 6.549130
5068.712163 6.489850
5069.123268 6.422270
5069.534372 6.664715
5069.945476 6.361640
5070.356580 6.403958
5070.767684 6.346260
5071.178788 6.158701
5071.589892 6.118105
5072.000996 6.335987
5072.412100 6.308564
5072.823204 6.590238
5073.234308 6.177551
5073.645413 4.979540
5074.056517 5.205192
5074.467621 5.219787
5074.878725 5.287971
5075.289829 5.405672
5075.700933 7.894865
5076.112037 9.383781
5076.523141 10.501827
5076.934245 7.685255
5077.345349 8.057369
5077.756454 6.475029
5078.167558 6.531003
5078.578662 6.011635
5078.989766 6.271745
5079.400870 6.624945
5079.811974 6.656303
5080.223078 6.590772
5080.634182 6.408265
5081.045286 6.169519
5081.456390 6.178445
5081.867494 6.018396
5082.278599 5.726710
5082.689703 5.896024
5083.100807 6.336025
5083.511911 6.141588
5083.923015 6.090080
5084.334119 5.966287
5084.745223 5.879305
5085.156327 5.561188
5085.567431 6.008759
5085.978535 6.245037
5086.389639 6.026921
5086.800744 5.986065
5087.211848 6.433719
5087.622952 6.661701
5088.034056 6.707612
5088.445160 6.134958
5088.856264 5.964513
5089.267368 5.902372
5089.678472 6.365846
5090.089576 6.464941
5090.500680 6.607637
5090.911784 6.828665
5091.322889 6.502884
5091.733993 6.674239
5092.145097 6.601732
5092.556201 6.909761
5092.967305 6.555460
5093.378409 6.245187
5093.789513 6.288757
5094.200617 6.302855
5094.611721 6.093572
5095.022825 6.004948
5095.433929 5.846553
5095.845034 6.149252
5096.256138 6.133522
5096.667242 5.806163
5097.078346 5.369251
5097.489450 5.703887
5097.900554 4.244304
5098.311658 2.886113
5098.722762 3.055750
5099.133866 4.053183
5099.544970 7.527826
5099.956074 11.000000
5100.367179 9.956397
5100.778283 11.167453
5101.189387 11.360777
5101.600491 9.521312
5102.011595 7.365766
5102.422699 6.313755
5102.833803 6.088397
5103.244907 6.253024
5103.656011 6.032649
5104.067115 5.556952
5104.478219 5.351939
5104.889324 6.070844
5105.300428 6.347353
5105.711532 6.358283
5106.122636 6.188300
5106.533740 4.874442
5106.944844 4.507200
5107.355948 4.544429
5107.767052 5.220722
5108.178156 5.825324
5108.589260 6.535757
5109.000364 6.405386
5109.411469 6.357152
5109.822573 6.247671
5110.233677 5.931430
5110.644781 6.265491
5111.055885 6.106043
5111.466989 5.917966
5111.878093 6.046289
5112.289197 6.244213
5112.700301 6.239921
5113.111405 6.207443
5113.522509 5.264924
5113.933614 4.465603
5114.344718 4.726342
5114.755822 5.094140
5115.166926 5.144404
5115.578030 6.734651
5115.989134 7.554050
5116.400238 8.631823
5116.811342 7.112357
5117.222446 5.614421
5117.633550 4.212386
5118.044654 5.618635
5118.455759 5.092178
5118.866863 6.088859
5119.277967 5.022749
5119.689071 7.483422
5120.100175 8.370186
5120.511279 7.775684
5120.922383 6.935019
5121.333487 6.933474
5121.744591 6.465355
5122.155695 6.711705
5122.566799 6.587032
5122.977904 6.456120
5123.389008 5.845906
5123.800112 6.371209
5124.211216 6.582668
5124.622320 6.826046
5125.033424 6.821772
5125.444528 6.482787
5125.855632 6.031202
5126.266736 6.712115
5126.677840 6.456383
5127.088944 6.886871
5127.500049 6.601480
5127.911153 6.706932
5128.322257 6.780070
5128.733361 6.853528
5129.144465 6.301626
5129.555569 6.631128
5129.966673 6.992999
5130.377777 7.783708
5130.788881 7.227596
5131.199985 6.592328
5131.611089 6.848101
5132.022194 6.199884
5132.433298 6.590140
5132.844402 6.609854
5133.255506 6.697486
5133.666610 6.593538
5134.077714 6.534645
5134.488818 6.677566
5134.899922 6.487177
5135.311026 6.294158
5135.722130 6.620164
5136.133234 7.055313
5136.544339 7.107223
5136.955443 6.741560
5137.366547 6.559023
5137.777651 6.779867
5138.188755 6.421860
5138.599859 6.306719
5139.010963 6.280882
5139.422067 5.645467
5139.833171 6.135887
5140.244275 6.196066
5140.655379 5.468080
5141.066484 5.690488
5141.477588 5.965892
5141.888692 5.600071
5142.299796 6.396512
5142.710900 6.214114
5143.122004 6.269133
5143.533108 6.121739
5143.944212 5.932986
5144.355316 6.259657
5144.766420 5.603262
5145.177525 5.870826
5145.588629 5.194472
5145.999733 5.328155
5146.410837 5.702719
5146.821941 5.159296
5147.233045 5.323949
5147.644149 5.787359
5148.055253 6.246517
5148.466357 6.106660
5148.877461 5.943435
5149.288565 6.343580
5149.699670 6.749584
5150.110774 6.021967
5150.521878 6.059963
5150.932982 6.473458
5151.344086 6.479976
5151.755190 6.618514
5152.166294 5.999299
5152.577398 5.495225
5152.988502 4.928551
5153.399606 4.827756
5153.810710 4.557637
5154.221815 3.919174
5154.632919 3.442146
5155.044023 2.703734
5155.455127 1.090676
5155.866231 3.574137
5156.277335 6.854776
5156.688439 6.957867
5157.099543 7.673510
5157.510647 10.457408
5157.921751 13.225437
5158.332855 10.989856
5158.743960 8.259191
5159.155064 7.527913
5159.566168 8.159449
5159.977272 7.167579
5160.388376 6.674826
5160.799480 7.786482
5161.210584 8.415361
5161.621688 9.246340
5162.032792 9.405084
5162.443896 9.230670
5162.855000 7.786430
5163.266105 7.496179
5163.677209 7.279965
5164.088313 6.578150
5164.499417 5.733050
5164.910521 4.477172
5165.321625 4.622927
5165.732729 5.609437
5166.143833 5.939154
5166.554937 5.289362
5166.966041 4.208210
5167.377145 4.374720
5167.788250 6.763664
5168.199354 8.874805
5168.610458 9.584396
5169.021562 9.595315
5169.432666 11.103884
5169.843770 10.445226
5170.254874 8.347954
5170.665978 6.213641
5171.077082 5.546481
5171.488186 5.838434
5171.899290 6.160359
5172.310395 6.099229
5172.721499 6.898609
5173.132603 8.751264
5173.543707 8.087768
5173.954811 6.546184
5174.365915 4.859269
