1781.926877 36.710793
1782.332091 35.053913
1782.737306 34.862414
1783.142520 27.979924
1783.547734 33.167621
1783.952949 31.117769
1784.358163 24.486970
1784.763378 28.465249
1785.168592 31.152722
1785.573806 27.886460
1785.979021 37.932915
1786.384235 37.839761
1786.789449 28.836193
1787.194664 30.768212
1787.599878 37.733703
1788.005092 38.395852
1788.410307 36.708242
1788.815521 33.807542
1789.220735 30.113926
1789.625950 28.149725
1790.031164 31.011751
1790.436379 35.091237
1790.841593 37.103565
1791.246807 33.797469
1791.652022 26.915919
1792.057236 27.968349
1792.462450 31.724418
1792.867665 29.540718
1793.272879 32.274658
1793.678093 35.060025
1794.083308 32.608418
1794.488522 29.246202
1794.893737 34.546329
1795.298951 29.917155
1795.704165 31.463254
1796.109380 32.068983
1796.514594 26.143239
1796.919808 31.459773
1797.325023 29.328662
1797.730237 33.791476
1798.135451 31.060858
1798.540666 29.344337
1798.945880 31.980331
1799.351094 30.141506
1799.756309 28.233095
1800.161523 31.306377
1800.566738 34.329391
1800.971952 34.741240
1801.377166 33.753273
1801.782381 33.637501
1802.187595 38.147332
1802.592809 30.658703
1802.998024 30.087386
1803.403238 35.015059
1803.808452 31.564241
1804.213667 31.619541
1804.618881 33.469350
1805.024096 28.588304
1805.429310 36.470486
1805.834524 29.094767
1806.239739 27.258072
1806.644953 28.751513
1807.050167 28.083231
1807.455382 34.483557
1807.860596 29.237839
1808.265810 30.535278
1808.671025 31.036079
1809.076239 27.402495
1809.481453 27.981824
1809.886668 27.582900
1810.291882 28.717310
1810.697097 29.697405
1811.102311 31.512892
1811.507525 31.957293
1811.912740 31.661616
1812.317954 33.498440
1812.723168 32.057899
1813.128383 26.611659
1813.533597 29.167193
1813.938811 31.786131
1814.344026 29.827662
1814.749240 26.318803
1815.154455 24.614536
1815.559669 25.619600
1815.964883 28.915512
1816.370098 27.723901
1816.775312 28.222431
1817.180526 29.162211
1817.585741 29.104240
1817.990955 30.448977
1818.396169 33.820377
1818.801384 30.024483
1819.206598 32.585430
1819.611813 32.520967
1820.017027 25.736722
1820.422241 26.316972
1820.827456 26.216236
1821.232670 26.046234
1821.637884 21.511463
1822.043099 26.204821
1822.448313 29.042998
1822.853527 30.878232
1823.258742 27.917241
1823.663956 26.922841
1824.069170 31.118799
1824.474385 30.104482
1824.879599 30.123129
1825.284814 30.695966
1825.690028 28.791197
1826.095242 27.870754
1826.500457 25.902982
1826.905671 27.121163
1827.310885 27.658887
1827.716100 27.620524
1828.121314 31.165786
1828.526528 30.270863
1828.931743 32.105927
1829.336957 30.987292
1829.742172 24.152879
1830.147386 24.353622
1830.552600 28.581321
1830.957815 28.175614
1831.363029 28.009194
1831.768243 26.966417
1832.173458 24.701818
1832.578672 25.885576
1832.983886 29.234778
1833.389101 32.727261
1833.794315 26.840411
1834.199529 26.946820
1834.604744 28.933839
1835.009958 28.312324
1835.415173 27.048907
1835.820387 28.252272
1836.225601 25.790441
1836.630816 29.087524
1837.036030 26.686296
1837.441244 24.749035
1837.846459 24.824102
1838.251673 29.473934
1838.656887 28.434008
1839.062102 30.042870
1839.467316 30.775135
1839.872531 28.003992
1840.277745 22.287864
1840.682959 25.182451
1841.088174 24.881503
1841.493388 23.542158
1841.898602 27.352437
1842.303817 26.041972
1842.709031 26.244596
1843.114245 26.955953
1843.519460 29.762979
1843.924674 29.112073
1844.329888 26.970418
1844.735103 23.497922
1845.140317 26.433314
1845.545532 28.149235
1845.950746 24.942775
1846.355960 26.572805
1846.761175 29.866156
1847.166389 30.230308
1847.571603 27.394592
1847.976818 26.299486
1848.382032 28.415861
1848.787246 33.646584
1849.192461 32.978672
1849.597675 30.076532
1850.002890 29.584644
1850.408104 28.043427
1850.813318 31.626003
1851.218533 30.339577
1851.623747 31.891439
1852.028961 32.807430
1852.434176 31.671399
1852.839390 31.966146
1853.244604 31.451860
1853.649819 27.592844
1854.055033 28.957757
1854.460247 32.198080
1854.865462 32.191427
1855.270676 29.122357
1855.675891 26.291843
1856.081105 28.751253
1856.486319 30.431391
1856.891534 31.127903
1857.296748 29.681149
1857.701962 32.215726
1858.107177 29.580263
1858.512391 30.839218
1858.917605 29.972224
1859.322820 28.209087
1859.728034 33.246209
1860.133249 34.058583
1860.538463 33.296517
1860.943677 32.470999
1861.348892 30.673668
1861.754106 29.314296
1862.159320 32.435776
1862.564535 28.319967
1862.969749 30.612636
1863.374963 31.149100
1863.780178 28.557163
1864.185392 28.054501
1864.590606 30.977788
1864.995821 29.387243
1865.401035 28.865344
1865.806250 28.426545
1866.211464 29.318708
1866.616678 32.368241
1867.021893 31.501288
1867.427107 31.791493
1867.832321 31.845372
1868.237536 27.730974
1868.642750 25.371160
1869.047964 27.320555
1869.453179 27.724231
1869.858393 30.120698
1870.263608 28.021869
1870.668822 27.656417
1871.074036 28.593396
1871.479251 30.258998
1871.884465 34.189320
1872.289679 30.734450
1872.694894 30.238601
1873.100108 32.114230
1873.505322 31.570353
1873.910537 29.447935
1874.315751 28.664261
1874.720965 28.966471
1875.126180 28.790347
1875.531394 27.453963
1875.936609 29.085504
1876.341823 32.737895
1876.747037 31.925261
1877.152252 32.015174
1877.557466 33.329889
1877.962680 30.676079
1878.367895 32.081928
1878.773109 32.819205
1879.178323 33.664180
1879.583538 32.588791
1879.988752 32.285001
1880.393967 32.473039
1880.799181 32.832139
1881.204395 32.763805
1881.609610 33.214528
1882.014824 32.865491
1882.420038 32.903325
1882.825253 31.864779
1883.230467 33.031011
1883.635681 36.431412
1884.040896 34.724384
1884.446110 34.864064
1884.851325 34.323509
1885.256539 33.880739
1885.661753 35.018870
1886.066968 36.421738
1886.472182 36.447537
1886.877396 36.987433
1887.282611 37.093561
1887.687825 38.207574
1888.093039 36.753748
1888.498254 34.571008
1888.903468 35.955199
1889.308682 34.706818
1889.713897 36.845251
1890.119111 36.966725
1890.524326 39.125206
1890.929540 39.008834
1891.334754 37.719388
1891.739969 37.420990
1892.145183 38.265925
1892.550397 38.071945
1892.955612 36.963244
1893.360826 37.388788
1893.766040 36.396709
1894.171255 38.617803
1894.576469 39.169382
1894.981684 36.276786
1895.386898 38.547047
1895.792112 39.496761
1896.197327 41.161143
1896.602541 40.465931
1897.007755 39.797049
1897.412970 41.470305
1897.818184 40.949546
1898.223398 40.949006
1898.628613 37.915909
1899.033827 40.363764
1899.439041 42.556388
1899.844256 39.550450
1900.249470 38.570195
1900.654685 38.467158
1901.059899 42.413476
1901.465113 44.684748
1901.870328 42.552216
1902.275542 44.102037
1902.680756 43.528509
1903.085971 44.128136
1903.491185 42.409074
1903.896399 45.570778
1904.301614 45.047909
1904.706828 48.143399
1905.112043 47.872171
1905.517257 47.572253
1905.922471 47.684893
1906.327686 50.635031
1906.732900 52.070900
1907.138114 49.848116
1907.543329 48.760402
1907.948543 47.807548
1908.353757 45.291777
1908.758972 46.583645
1909.164186 45.585534
1909.569400 44.214558
1909.974615 41.505758
1910.379829 40.695634
1910.785044 39.978515
1911.190258 42.284649
1911.595472 40.556354
1912.000687 36.452499
1912.405901 39.479845
1912.811115 38.098815
1913.216330 37.885958
1913.621544 38.649344
1914.026758 37.552417
1914.431973 35.722965
1914.837187 35.122528
1915.242402 35.453818
1915.647616 37.372672
1916.052830 38.556701
1916.458045 38.396062
1916.863259 36.675010
1917.268473 33.995090
1917.673688 36.325043
1918.078902 35.217692
1918.484116 34.049000
1918.889331 33.667612
1919.294545 35.492922
1919.699759 35.720344
1920.104974 36.068670
1920.510188 36.848492
1920.915403 35.853392
1921.320617 32.464826
1921.725831 33.505963
1922.131046 36.249626
1922.536260 35.820460
1922.941474 34.651688
1923.346689 33.345585
1923.751903 34.053861
1924.157117 35.415804
1924.562332 34.127368
1924.967546 32.355877
1925.372761 31.546924
1925.777975 30.840799
1926.183189 32.127944
1926.588404 31.025666
1926.993618 31.244485
1927.398832 31.461093
1927.804047 31.653013
1928.209261 30.865558
1928.614475 30.859015
1929.019690 31.899942
1929.424904 33.151005
1929.830118 31.516993
1930.235333 31.244825
1930.640547 30.844300
1931.045762 29.486769
1931.450976 30.380222
1931.856190 29.703677
1932.261405 29.121127
1932.666619 31.036820
1933.071833 32.091931
1933.477048 28.131508
1933.882262 25.789711
1934.287476 28.573538
1934.692691 28.871316
1935.097905 28.337813
1935.503120 29.479166
1935.908334 28.977084
1936.313548 26.157704
1936.718763 25.034098
1937.123977 20.127072
1937.529191 17.299079
1937.934406 19.034157
1938.339620 21.005910
1938.744834 23.964871
1939.150049 26.168888
1939.555263 27.063902
1939.960477 25.783379
1940.365692 27.999901
1940.770906 28.108770
1941.176121 26.828677
1941.581335 26.484042
1941.986549 28.095686
1942.391764 25.125561
1942.796978 25.594761
1943.202192 25.169957
1943.607407 24.055194
1944.012621 23.236667
1944.417835 25.465384
1944.823050 25.875202
1945.228264 27.248779
1945.633479 28.346196
1946.038693 27.308051
1946.443907 25.584977
1946.849122 25.766933
1947.254336 27.429945
1947.659550 26.481712
1948.064765 26.151332
1948.469979 24.260828
1948.875193 27.675964
1949.280408 24.633113
1949.685622 22.999842
1950.090836 23.606291
1950.496051 27.086720
1950.901265 26.208943
1951.306480 24.123508
1951.711694 25.530968
1952.116908 25.491863
1952.522123 23.764869
1952.927337 26.597103
1953.332551 24.883513
1953.737766 24.538879
1954.142980 24.838027
1954.548194 23.716571
1954.953409 22.204304
1955.358623 23.455497
1955.763838 25.079334
1956.169052 24.751666
1956.574266 24.984970
1956.979481 25.477898
1957.384695 25.515292
1957.789909 23.734838
1958.195124 23.109311
1958.600338 23.764789
1959.005552 24.903150
1959.410767 25.962594
1959.815981 24.874150
1960.221196 25.803216
1960.626410 23.252883
1961.031624 23.091145
1961.436839 21.629716
1961.842053 21.521587
1962.247267 18.744032
1962.652482 16.930006
1963.057696 17.843026
1963.462910 20.112057
1963.868125 22.629478
1964.273339 24.468083
1964.678553 25.099291
1965.083768 22.809543
1965.488982 23.022290
1965.894197 23.425406
1966.299411 23.108971
1966.704625 23.223353
1967.109840 23.487828
1967.515054 23.903989
1967.920268 24.390875
1968.325483 20.416727
1968.730697 15.644881
1969.135911 12.691442
1969.541126 12.109912
1969.946340 15.299035
1970.351555 19.338387
1970.756769 22.207045
1971.161983 21.801628
1971.567198 20.635786
1971.972412 22.059411
1972.377626 24.153949
1972.782841 24.065027
1973.188055 24.616497
1973.593269 21.891621
1973.998484 23.443172
1974.403698 23.306123
1974.808912 23.259256
1975.214127 22.919893
1975.619341 23.284375
1976.024556 22.412819
1976.429770 22.577739
1976.834984 21.982354
1977.240199 23.200084
1977.645413 22.716789
1978.050627 22.454144
1978.455842 22.664360
1978.861056 21.401623
1979.266270 21.706984
1979.671485 23.345867
1980.076699 21.891731
1980.481914 23.684810
1980.887128 23.951176
1981.292342 23.360152
1981.697557 23.130239
1982.102771 23.720322
1982.507985 24.145296
1982.913200 22.524410
1983.318414 20.002847
1983.723628 23.424605
1984.128843 22.916852
1984.534057 22.029711
1984.939271 22.864133
1985.344486 23.765999
1985.749700 22.672323
1986.154915 21.985115
1986.560129 24.619168
1986.965343 22.007103
1987.370558 22.285243
1987.775772 22.629628
1988.180986 22.168921
1988.586201 21.906286
1988.991415 23.122986
1989.396629 23.982437
1989.801844 22.245859
1990.207058 23.086793
1990.612273 21.726621
1991.017487 23.259766
1991.422701 23.553822
1991.827916 22.857940
1992.233130 23.905319
1992.638344 22.585002
1993.043559 22.077308
1993.448773 22.055690
1993.853987 22.770629
1994.259202 21.552448
1994.664416 21.993288
1995.069630 22.996230
1995.474845 22.265406
1995.880059 22.578689
1996.285274 21.979513
1996.690488 22.051629
1997.095702 22.608730
1997.500917 22.475112
1997.906131 22.195851
1998.311345 24.043259
1998.716560 24.477256
1999.121774 23.683899
1999.526988 21.401834
1999.932203 20.861708
2000.337417 21.643001
2000.742632 23.795980
2001.147846 24.741492
2001.553060 23.046529
2001.958275 21.766285
2002.363489 20.899542
2002.768703 21.063671
2003.173918 21.585370
2003.579132 22.127156
2003.984346 21.311491
2004.389561 22.487867
2004.794775 23.414792
2005.199989 21.595894
2005.605204 20.900372
2006.010418 20.262381
2006.415633 20.928732
2006.820847 21.768116
2007.226061 24.365476
2007.631276 23.586484
2008.036490 21.940548
2008.441704 23.475174
2008.846919 22.148874
2009.252133 23.494801
2009.657347 23.344536
2010.062562 22.458806
2010.467776 23.042247
2010.872991 22.404666
2011.278205 20.638777
2011.683419 21.873824
2012.088634 22.895894
2012.493848 23.157199
2012.899062 22.353968
2013.304277 22.146213
2013.709491 22.956426
2014.114705 23.468521
2014.519920 21.170590
2014.925134 21.743127
2015.330348 23.510737
2015.735563 23.145114
2016.140777 23.758046
2016.545992 23.135101
2016.951206 22.246389
2017.356420 21.646682
2017.761635 22.125365
2018.166849 23.369135
2018.572063 22.264666
2018.977278 21.681585
2019.382492 22.154176
2019.787706 23.608982
2020.192921 23.443422
2020.598135 22.844826
2021.003350 21.853157
2021.408564 21.718898
2021.813778 21.944430
2022.218993 21.724990
2022.624207 22.221050
2023.029421 23.208217
2023.434636 23.038606
2023.839850 22.734166
2024.245064 21.645822
2024.650279 23.770501
2025.055493 24.318969
2025.460708 22.608540
2025.865922 23.223543
2026.271136 23.527743
2026.676351 21.794996
2027.081565 23.915823
2027.486779 23.714380
2027.891994 22.700974
2028.297208 23.496021
2028.702422 24.251255
2029.107637 21.941209
2029.512851 21.323225
2029.918065 23.457027
2030.323280 23.108141
2030.728494 22.833862
2031.133709 21.493417
2031.538923 22.811674
2031.944137 22.292936
2032.349352 23.244900
2032.754566 21.707204
2033.159780 22.460817
2033.564995 22.124835
2033.970209 21.916510
2034.375423 21.204782
2034.780638 22.077908
2035.185852 23.655209
2035.591067 23.666483
2035.996281 23.431588
2036.401495 23.138452
2036.806710 22.164039
2037.211924 22.314564
2037.617138 23.959559
2038.022353 22.784654
2038.427567 22.001421
2038.832781 23.240709
2039.237996 22.061812
2039.643210 21.486694
2040.048424 22.454634
2040.453639 23.239028
2040.858853 22.895734
2041.264068 23.229375
2041.669282 22.163859
2042.074496 21.572365
2042.479711 21.855038
2042.884925 22.681467
2043.290139 22.849017
2043.695354 22.734096
2044.100568 20.959654
2044.505782 22.305681
2044.910997 24.252895
2045.316211 24.120947
2045.721426 22.775561
2046.126640 22.575158
2046.531854 21.973550
2046.937069 22.722511
2047.342283 22.712178
2047.747497 23.830162
2048.152712 22.609661
2048.557926 22.528221
2048.963140 22.574468
2049.368355 22.921533
2049.773569 22.341694
2050.178783 22.026760
2050.583998 22.381028
2050.989212 24.025033
2051.394427 22.530212
2051.799641 23.411451
2052.204855 24.400569
2052.610070 23.567037
2053.015284 22.760895
2053.420498 21.641350
2053.825713 22.728664
2054.230927 22.460267
2054.636141 22.844636
2055.041356 23.112613
2055.446570 23.146185
2055.851785 23.483727
2056.256999 24.355752
2056.662213 23.029843
2057.067428 23.247882
2057.472642 22.204884
2057.877856 23.106330
2058.283071 22.523499
2058.688285 24.809296
2059.093499 24.187441
2059.498714 23.682079
2059.903928 23.326590
2060.309142 23.015057
2060.714357 22.585182
2061.119571 23.464950
2061.524786 24.492582
2061.930000 24.872989
2062.335214 24.068008
2062.740429 24.082764
2063.145643 24.726246
2063.550857 23.032474
2063.956072 23.128368
2064.361286 23.330641
2064.766500 22.889662
2065.171715 23.058073
2065.576929 24.634763
2065.982144 24.450977
2066.387358 23.430368
2066.792572 22.355939
2067.197787 23.045948
2067.603001 23.478005
2068.008215 23.556093
2068.413430 23.868196
2068.818644 22.713768
2069.223858 23.520300
2069.629073 23.438210
2070.034287 22.364462
2070.439501 24.110324
2070.844716 25.324323
2071.249930 24.360384
2071.655145 23.067276
2072.060359 23.976985
2072.465573 23.340875
2072.870788 23.347337
2073.276002 22.901816
2073.681216 22.905878
2074.086431 24.019181
2074.491645 24.477877
2074.896859 23.502194
2075.302074 23.636922
2075.707288 22.873236
2076.112503 22.828370
2076.517717 22.984386
2076.922931 24.258747
2077.328146 23.019469
2077.733360 23.573769
2078.138574 24.111564
2078.543789 23.135311
2078.949003 23.626809
2079.354217 22.896274
2079.759432 21.713586
2080.164646 22.437908
2080.569860 22.096965
2080.975075 21.488435
2081.380289 23.934240
2081.785504 23.488218
2082.190718 23.005104
2082.595932 23.075769
2083.001147 22.325098
2083.406361 23.231225
2083.811575 22.941821
2084.216790 23.201115
2084.622004 23.069057
2085.027218 23.715661
2085.432433 23.722303
2085.837647 23.327200
2086.242862 23.396995
2086.648076 23.566717
2087.053290 22.798589
2087.458505 22.508494
2087.863719 22.735046
2088.268933 24.151809
2088.674148 23.254444
2089.079362 23.363653
2089.484576 23.349098
2089.889791 22.889632
2090.295005 23.129449
2090.700220 23.206126
2091.105434 22.900286
2091.510648 22.785254
2091.915863 22.788395
2092.321077 22.788165
2092.726291 23.299560
2093.131506 21.622383
2093.536720 22.328149
2093.941934 23.055692
2094.347149 22.029061
2094.752363 22.062943
2095.157577 22.177984
2095.562792 22.576369
2095.968006 22.952785
2096.373221 22.982065
2096.778435 22.657278
2097.183649 22.272649
2097.588864 23.025031
2097.994078 23.881981
2098.399292 22.190689
2098.804507 21.885539
2099.209721 21.808231
2099.614935 22.320366
2100.020150 23.153297
2100.425364 24.066068
2100.830579 23.786987
2101.235793 21.977282
2101.641007 22.068275
2102.046222 22.297728
2102.451436 22.229343
2102.856650 22.480164
2103.261865 22.588103
2103.667079 22.463858
2104.072293 23.723264
2104.477508 23.542428
2104.882722 22.846606
2105.287936 21.880897
2105.693151 20.517454
2106.098365 21.363140
2106.503580 21.648003
2106.908794 22.648575
2107.314008 22.449863
2107.719223 22.860351
2108.124437 22.813844
2108.529651 23.221682
2108.934866 22.442060
2109.340080 24.029864
2109.745294 23.483587
2110.150509 23.816547
2110.555723 22.522329
2110.960938 21.645772
2111.366152 22.659269
2111.771366 22.189669
2112.176581 22.294196
2112.581795 22.335231
2112.987009 23.333032
2113.392224 21.918300
2113.797438 21.061340
2114.202652 21.088680
2114.607867 21.299997
2115.013081 22.226012
2115.418295 21.990357
2115.823510 20.868901
2116.228724 21.177052
2116.633939 21.592162
2117.039153 22.142522
2117.444367 22.519338
2117.849582 23.161100
2118.254796 22.458436
2118.660010 22.033522
2119.065225 21.435456
2119.470439 21.088720
2119.875653 21.164318
2120.280868 21.034531
2120.686082 20.297024
2121.091297 21.486384
2121.496511 22.015316
2121.901725 21.807200
2122.306940 22.991749
2122.712154 24.124169
2123.117368 22.636340
2123.522583 22.831881
2123.927797 22.133388
2124.333011 21.776899
2124.738226 23.431368
2125.143440 21.607168
2125.548654 21.479192
2125.953869 22.706166
2126.359083 22.779082
2126.764298 22.936229
2127.169512 21.998129
2127.574726 21.612090
2127.979941 21.746018
2128.385155 21.693789
2128.790369 20.949630
2129.195584 20.886667
2129.600798 19.871580
2130.006012 21.002789
2130.411227 20.813081
2130.816441 21.102855
2131.221656 21.466697
2131.626870 21.930445
2132.032084 22.459096
2132.437299 24.544541
2132.842513 23.143064
2133.247727 23.143644
2133.652942 22.928166
2134.058156 22.887781
2134.463370 22.465919
2134.868585 21.951562
2135.273799 20.659925
2135.679013 20.490104
2136.084228 21.488175
2136.489442 22.080319
2136.894657 19.850712
2137.299871 17.480165
2137.705085 14.137145
2138.110300 13.182300
2138.515514 15.862749
2138.920728 19.808457
2139.325943 21.277499
2139.731157 22.836453
2140.136371 23.147685
2140.541586 22.382859
2140.946800 21.797917
2141.352015 21.869253
2141.757229 21.900914
2142.162443 22.482695
2142.567658 22.325188
2142.972872 22.408808
2143.378086 21.341662
2143.783301 21.196909
2144.188515 20.675461
2144.593729 21.583579
2144.998944 21.798397
2145.404158 22.085251
2145.809372 21.975491
2146.214587 21.310300
2146.619801 22.672343
2147.025016 22.162619
2147.430230 22.124255
2147.835444 20.990025
2148.240659 18.085104
2148.645873 14.205600
2149.051087 11.764737
2149.456302 12.320538
2149.861516 15.937286
2150.266730 20.175160
2150.671945 21.318343
2151.077159 21.216837
2151.482374 21.765605
2151.887588 22.802760
2152.292802 24.684141
2152.698017 24.537388
2153.103231 21.699131
2153.508445 19.111715
2153.913660 17.255563
2154.318874 18.726215
2154.724088 21.291444
2155.129303 22.433377
2155.534517 21.695520
2155.939732 21.823086
2156.344946 22.008583
2156.750160 21.703293
2157.155375 21.208374
2157.560589 21.441768
2157.965803 21.622884
2158.371018 21.810151
2158.776232 21.543965
2159.181446 21.300867
2159.586661 21.864051
2159.991875 22.191379
2160.397089 22.424414
2160.802304 21.918260
2161.207518 21.442148
2161.612733 21.170960
2162.017947 21.887139
2162.423161 22.215838
2162.828376 22.248240
2163.233590 22.444001
2163.638804 23.117124
2164.044019 21.785262
2164.449233 21.400913
2164.854447 22.185487
2165.259662 22.407357
2165.664876 21.733073
2166.070091 21.308050
2166.475305 21.878106
2166.880519 21.693779
2167.285734 21.384677
2167.690948 21.844554
2168.096162 21.191708
2168.501377 21.225780
2168.906591 21.513114
2169.311805 21.774979
2169.717020 22.343714
2170.122234 22.240567
2170.527448 21.380296
2170.932663 20.941437
2171.337877 21.471449
2171.743092 21.498168
2172.148306 22.775551
2172.553520 21.978992
2172.958735 21.896513
2173.363949 21.463766
2173.769163 22.448712
2174.174378 22.138710
2174.579592 21.945420
2174.984806 21.701072
2175.390021 21.198540
2175.795235 20.486032
2176.200450 22.093284
2176.605664 21.981623
2177.010878 20.604655
2177.416093 20.751388
2177.821307 20.676671
2178.226521 21.051917
2178.631736 21.498088
2179.036950 23.030733
2179.442164 21.655885
2179.847379 21.556249
2180.252593 21.312781
2180.657807 22.305711
2181.063022 20.344391
2181.468236 21.604807
2181.873451 21.341642
2182.278665 21.346554
2182.683879 22.137400
2183.089094 21.823196
2183.494308 21.255341
2183.899522 21.430454
2184.304737 21.423611
2184.709951 21.585340
2185.115165 21.233353
2185.520380 21.701842
2185.925594 21.062531
2186.330809 21.410317
2186.736023 20.775217
2187.141237 21.595974
2187.546452 21.573386
2187.951666 21.305549
2188.356880 20.728210
2188.762095 21.062511
2189.167309 21.925823
2189.572523 21.731903
2189.977738 21.434575
2190.382952 20.839740
2190.788166 20.129193
2191.193381 20.030717
2191.598595 20.270484
2192.003810 21.956934
2192.409024 22.442230
2192.814238 22.336152
2193.219453 20.075234
2193.624667 20.810410
2194.029881 21.608338
2194.435096 21.141549
2194.840310 19.921928
2195.245524 21.061230
2195.650739 21.492236
2196.055953 20.909295
2196.461168 20.272545
2196.866382 20.544553
2197.271596 20.326454
2197.676811 20.925621
2198.082025 21.559771
2198.487239 21.212655
2198.892454 20.698029
2199.297668 21.598915
2199.702882 20.989174
2200.108097 20.756880
2200.513311 20.934444
2200.918525 20.910936
2201.323740 22.060152
2201.728954 21.868082
2202.134169 20.798035
2202.539383 20.613418
2202.944597 21.745758
2203.349812 22.565915
2203.755026 21.554089
2204.160240 20.790012
2204.565455 20.705111
2204.970669 20.336148
2205.375883 20.931533
2205.781098 21.570245
2206.186312 22.085771
2206.591527 22.192009
2206.996741 22.111160
2207.401955 22.286404
2207.807170 21.026718
2208.212384 20.397060
2208.617598 21.534281
2209.022813 20.738494
2209.428027 20.722508
2209.833241 21.246157
2210.238456 21.242396
2210.643670 20.758661
2211.048884 20.028887
2211.454099 20.040581
2211.859313 21.001679
2212.264528 21.209144
2212.669742 20.450379
2213.074956 21.267235
2213.480171 21.265684
2213.885385 21.821105
2214.290599 21.702472
2214.695814 22.513086
2215.101028 21.980273
2215.506242 21.446810
2215.911457 22.331580
2216.316671 21.846925
2216.721886 21.263213
2217.127100 21.199941
2217.532314 21.181184
2217.937529 21.018005
2218.342743 21.434816
2218.747957 21.453672
2219.153172 20.834918
2219.558386 21.071844
2219.963600 21.965217
2220.368815 20.347852
2220.774029 20.858777
2221.179243 21.287792
2221.584458 21.085989
2221.989672 20.752979
2222.394887 21.143840
2222.800101 21.116340
2223.205315 22.168351
2223.610530 21.740386
2224.015744 22.098416
2224.420958 21.636579
2224.826173 21.253350
2225.231387 20.950470
2225.636601 21.070174
2226.041816 21.504891
2226.447030 21.658026
2226.852245 21.476701
2227.257459 20.873242
2227.662673 20.766374
2228.067888 21.388779
2228.473102 21.708675
2228.878316 20.532779
2229.283531 20.443387
2229.688745 22.016776
2230.093959 21.067202
2230.499174 20.473408
2230.904388 21.333269
2231.309603 22.444701
2231.714817 21.378895
2232.120031 20.525386
2232.525246 21.104786
2232.930460 22.226322
2233.335674 21.768536
2233.740889 21.350825
2234.146103 22.304040
2234.551317 21.316393
2234.956532 20.989364
2235.361746 20.815681
2235.766960 21.333149
2236.172175 21.838862
2236.577389 22.448612
2236.982604 22.157287
2237.387818 21.760823
2237.793032 21.521747
2238.198247 21.222469
2238.603461 21.583629
2239.008675 21.561371
2239.413890 22.303390
2239.819104 21.266905
2240.224318 20.505619
2240.629533 21.110688
2241.034747 21.260662
2241.439962 22.013685
2241.845176 21.551888
2242.250390 21.729482
2242.655605 20.478369
2243.060819 21.175582
2243.466033 21.629516
2243.871248 22.665691
2244.276462 23.742170
2244.681676 22.387280
2245.086891 21.791775
2245.492105 22.028520
2245.897319 21.334069
2246.302534 20.309858
2246.707748 21.684436
2247.112963 21.484784
2247.518177 21.751980
2247.923391 21.692539
2248.328606 21.848595
2248.733820 21.872544
2249.139034 21.592923
2249.544249 21.111559
2249.949463 20.781909
2250.354677 20.922180
2250.759892 21.233913
2251.165106 21.185335
2251.570321 22.363982
2251.975535 21.944040
2252.380749 21.890590
2252.785964 22.109920
2253.191178 21.656516
2253.596392 22.260704
2254.001607 22.632479
2254.406821 21.879316
2254.812035 21.261013
2255.217250 21.680714
2255.622464 21.634488
2256.027678 22.062703
2256.432893 22.384059
2256.838107 21.944730
2257.243322 21.834700
2257.648536 22.256963
2258.053750 21.687977
2258.458965 21.940238
2258.864179 22.554751
2259.269393 22.554931
2259.674608 22.635800
2260.079822 22.681256
2260.485036 21.632077
2260.890251 21.523398
2261.295465 22.384069
2261.700680 22.540686
2262.105894 22.506143
2262.511108 22.147673
2262.916323 21.954554
2263.321537 21.504291
2263.726751 22.595255
2264.131966 22.591474
2264.537180 23.585074
2264.942394 23.330311
2265.347609 22.777961
2265.752823 22.224001
2266.158037 21.677873
2266.563252 22.198302
2266.968466 22.680116
2267.373681 22.925015
2267.778895 23.167763
2268.184109 22.589283
2268.589324 22.845616
2268.994538 21.957305
2269.399752 21.511763
2269.804967 22.413320
2270.210181 22.674994
2270.615395 22.490618
2271.020610 22.921373
2271.425824 23.103839
2271.831039 22.863192
2272.236253 22.335761
2272.641467 22.828860
2273.046682 22.571567
2273.451896 22.851868
2273.857110 22.339853
2274.262325 22.539165
2274.667539 22.670713
2275.072753 23.188330
2275.477968 22.502632
2275.883182 23.022970
2276.288396 23.210998
2276.693611 22.667241
2277.098825 21.931335
2277.504040 22.960397
2277.909254 22.323007
2278.314468 22.022898
2278.719683 22.987287
2279.124897 22.244879
2279.530111 22.527941
2279.935326 22.382758
2280.340540 22.349787
2280.745754 22.692681
2281.150969 22.784404
2281.556183 22.515116
2281.961398 22.041215
2282.366612 22.856040
2282.771826 22.847307
2283.177041 23.061004
2283.582255 22.855410
2283.987469 22.655697
2284.392684 22.307991
2284.797898 22.454344
2285.203112 21.693609
2285.608327 21.744718
2286.013541 22.190219
2286.418755 22.558832
2286.823970 22.659999
2287.229184 23.319137
2287.634399 23.466531
2288.039613 23.207047
2288.444827 23.135701
2288.850042 22.942131
2289.255256 22.669872
2289.660470 22.923644
2290.065685 23.219021
2290.470899 22.738287
2290.876113 22.201453
2291.281328 23.215990
2291.686542 24.363925
2292.091757 24.341687
2292.496971 23.168123
2292.902185 22.070786
2293.307400 23.425426
2293.712614 23.837535
2294.117828 23.372777
2294.523043 23.216590
2294.928257 23.695103
2295.333471 23.829752
2295.738686 23.893095
2296.143900 23.198774
2296.549115 21.737185
2296.954329 23.062765
2297.359543 22.950914
2297.764758 23.407599
2298.169972 22.854669
2298.575186 23.367175
2298.980401 23.134761
2299.385615 23.194332
2299.790829 23.511567
2300.196044 22.575778
2300.601258 22.905508
2301.006472 23.267539
2301.411687 23.719822
2301.816901 23.513268
2302.222116 24.221084
2302.627330 23.794839
2303.032544 22.716029
2303.437759 23.302661
2303.842973 24.287238
2304.248187 24.424787
2304.653402 23.317307
2305.058616 23.840986
2305.463830 24.337036
2305.869045 23.725574
2306.274259 23.739329
2306.679474 24.264099
2307.084688 23.535396
2307.489902 23.413862
2307.895117 23.509376
2308.300331 24.292339
2308.705545 23.691232
2309.110760 23.536316
2309.515974 23.373997
2309.921188 21.176202
2310.326403 16.441699
2310.731617 11.849057
2311.136831 8.527956
2311.542046 8.387425
2311.947260 12.749943
2312.352475 17.085922
2312.757689 21.020396
2313.162903 23.672855
2313.568118 23.760267
2313.973332 23.525722
2314.378546 23.017338
2314.783761 23.429277
2315.188975 24.062786
2315.594189 22.690950
2315.999404 20.628184
2316.404618 15.967447
2316.809833 10.847795
2317.215047 9.755620
2317.620261 12.262627
2318.025476 16.419191
2318.430690 20.017313
2318.835904 22.590984
2319.241119 24.322100
2319.646333 24.779586
2320.051547 24.566779
2320.456762 24.039908
2320.861976 24.768402
2321.267190 24.440633
2321.672405 24.092477
2322.077619 24.157541
2322.482834 24.741812
2322.888048 24.708810
2323.293262 24.645907
2323.698477 24.365496
2324.103691 24.541089
2324.508905 24.867518
2324.914120 24.265640
2325.319334 24.384493
2325.724548 24.070979
2326.129763 25.387656
2326.534977 25.868530
2326.940192 25.402191
2327.345406 24.497734
2327.750620 24.546942
2328.155835 24.653180
2328.561049 24.399678
2328.966263 22.880048
2329.371478 23.680988
2329.776692 23.782695
2330.181906 24.130771
2330.587121 24.007977
2330.992335 24.528305
2331.397549 24.159631
2331.802764 23.264848
2332.207978 22.733826
2332.613193 24.582855
2333.018407 24.836946
2333.423621 23.559244
2333.828836 23.419404
2334.234050 23.970343
2334.639264 24.020721
2335.044479 23.367215
2335.449693 23.258155
2335.854907 23.702766
2336.260122 24.293810
2336.665336 23.305312
2337.070551 23.583233
2337.475765 23.565286
2337.880979 24.283786
2338.286194 23.999644
2338.691408 23.765389
2339.096622 24.298272
2339.501837 24.051132
2339.907051 23.478855
2340.312265 23.601429
2340.717480 24.220143
2341.122694 23.766789
2341.527908 23.224963
2341.933123 23.738589
2342.338337 23.761437
2342.743552 23.553772
2343.148766 23.488989
2343.553980 23.996953
2343.959195 23.540888
2344.364409 23.725074
2344.769623 25.033538
2345.174838 24.788359
2345.580052 23.825841
2345.985266 23.581682
2346.390481 23.994502
2346.795695 23.757366
2347.200910 23.543258
2347.606124 23.743301
2348.011338 23.989960
2348.416553 23.550591
2348.821767 23.923016
2349.226981 24.098019
2349.632196 23.033134
2350.037410 22.667001
2350.442624 23.320668
2350.847839 23.748293
2351.253053 23.914943
2351.658267 24.236319
2352.063482 23.474293
2352.468696 23.625128
2352.873911 24.261208
2353.279125 23.863384
2353.684339 23.437700
2354.089554 23.233826
2354.494768 23.520280
2354.899982 23.754225
2355.305197 23.978466
2355.710411 24.035807
2356.115625 23.808314
2356.520840 23.382950
2356.926054 23.148826
2357.331269 22.333711
2357.736483 21.298336
2358.141697 20.292402
2358.546912 19.837428
2358.952126 22.175123
2359.357340 22.830130
2359.762555 23.580992
2360.167769 23.939112
2360.572983 24.425137
2360.978198 22.809663
2361.383412 23.142803
2361.788627 22.951604
2362.193841 23.126918
2362.599055 23.475154
2363.004270 23.952967
2363.409484 23.449635
2363.814698 23.530494
2364.219913 22.985697
2364.625127 23.796810
2365.030341 23.881831
2365.435556 23.668414
2365.840770 24.342207
2366.245984 24.695655
2366.651199 24.032585
2367.056413 22.829820
2367.461628 23.914873
2367.866842 24.428779
2368.272056 23.773922
2368.677271 23.348178
2369.082485 23.425126
2369.487699 23.272200
2369.892914 23.071868
2370.298128 23.301771
2370.703342 23.640854
2371.108557 24.453128
2371.513771 23.833513
2371.918986 23.597988
2372.324200 23.566387
2372.729414 23.313875
2373.134629 23.624918
2373.539843 23.440931
2373.945057 23.474644
2374.350272 23.462979
2374.755486 23.359682
2375.160700 22.942191
2375.565915 24.080883
2375.971129 23.746062
2376.376343 23.767840
2376.781558 22.942941
2377.186772 23.888563
2377.591987 23.912372
2377.997201 23.418233
2378.402415 22.982105
2378.807630 23.711959
2379.212844 24.003235
2379.618058 24.387434
2380.023273 23.764328
2380.428487 23.591756
2380.833701 24.198686
2381.238916 24.337686
2381.644130 23.241189
2382.049345 23.300801
2382.454559 23.597548
2382.859773 23.832193
2383.264988 23.855061
2383.670202 24.026793
2384.075416 23.846688
2384.480631 24.338506
2384.885845 24.143836
2385.291059 24.972355
2385.696274 24.701037
2386.101488 24.316098
2386.506702 23.746022
2386.911917 23.572399
2387.317131 23.243610
2387.722346 23.683299
2388.127560 23.888333
2388.532774 23.422435
2388.937989 23.865915
2389.343203 24.401849
2389.748417 23.609402
2390.153632 23.763158
2390.558846 23.349168
2390.964060 23.328501
2391.369275 22.992519
2391.774489 23.676487
2392.179704 23.091315
2392.584918 24.140645
2392.990132 24.258587
2393.395347 24.556645
2393.800561 23.991731
2394.205775 22.881389
2394.610990 23.357871
2395.016204 23.685030
2395.421418 23.586434
2395.826633 23.959169
2396.231847 23.846248
2396.637061 23.519960
2397.042276 23.668134
2397.447490 23.643845
2397.852705 23.749733
2398.257919 24.726897
2398.663133 23.662702
2399.068348 23.657080
2399.473562 24.416644
2399.878776 24.403029
2400.283991 23.543729
2400.689205 23.800892
2401.094419 24.454948
2401.499634 24.126339
2401.904848 24.260888
2402.310063 24.261338
2402.715277 23.970633
2403.120491 24.329963
2403.525706 24.200456
2403.930920 24.553444
2404.336134 24.597340
2404.741349 23.881441
2405.146563 23.415192
2405.551777 23.958399
2405.956992 23.860483
2406.362206 23.733927
2406.767420 24.525314
2407.172635 23.960569
2407.577849 23.433879
2407.983064 23.549311
2408.388278 24.022932
2408.793492 24.429039
2409.198707 23.619066
2409.603921 23.886793
2410.009135 24.033186
2410.414350 23.850830
2410.819564 24.140444
2411.224778 23.641864
2411.629993 23.362313
2412.035207 23.360162
2412.440422 23.913672
2412.845636 23.648637
2413.250850 24.121248
2413.656065 23.877019
2414.061279 23.315956
2414.466493 23.432848
2414.871708 24.512709
2415.276922 23.945224
2415.682136 23.791198
2416.087351 23.588105
2416.492565 23.218181
2416.897779 23.191851
2417.302994 23.181127
2417.708208 23.897927
2418.113423 25.143717
2418.518637 24.641866
2418.923851 24.228556
2419.329066 24.096399
2419.734280 23.834314
2420.139494 24.160842
2420.544709 24.683161
2420.949923 25.017172
2421.355137 24.777355
2421.760352 25.424409
2422.165566 25.749237
2422.570781 25.663125
2422.975995 25.438654
2423.381209 25.230509
2423.786424 24.784407
2424.191638 25.615638
2424.596852 25.497886
2425.002067 25.903362
2425.407281 25.465714
2425.812495 25.632554
2426.217710 24.958270
2426.622924 24.031955
2427.028139 24.000294
2427.433353 24.497364
2427.838567 24.268871
2428.243782 23.828251
2428.648996 24.024222
2429.054210 23.243560
2429.459425 23.101919
2429.864639 22.963118
2430.269853 24.463261
2430.675068 24.329723
2431.080282 24.018800
2431.485496 23.802582
2431.890711 23.638333
2432.295925 23.073208
2432.701140 23.129059
2433.106354 23.699195
2433.511568 24.261438
2433.916783 24.476276
2434.321997 25.312549
2434.727211 24.519662
2435.132426 24.132552
2435.537640 24.750025
2435.942854 24.091367
2436.348069 24.083834
2436.753283 23.856272
2437.158498 24.286927
2437.563712 24.531486
2437.968926 24.090967
2438.374141 23.487858
2438.779355 24.908422
2439.184569 23.718812
2439.589784 23.022190
2439.994998 23.715161
2440.400212 24.543400
2440.805427 24.555185
2441.210641 24.421386
2441.615855 24.518031
2442.021070 24.639015
2442.426284 24.205108
2442.831499 23.991941
2443.236713 23.628139
2443.641927 23.809445
2444.047142 24.133362
2444.452356 24.718354
2444.857570 23.956508
2445.262785 23.958138
2445.667999 24.117526
2446.073213 23.236237
2446.478428 23.958158
2446.883642 24.322110
2447.288857 23.566137
2447.694071 22.909149
2448.099285 24.144416
2448.504500 24.412143
2448.909714 24.109473
2449.314928 23.910581
2449.720143 23.828862
2450.125357 23.352940
2450.530571 23.399997
2450.935786 24.184770
2451.341000 23.829902
2451.746214 23.576400
2452.151429 23.563096
2452.556643 24.096549
2452.961858 24.006396
2453.367072 23.611523
2453.772286 23.450145
2454.177501 23.440661
2454.582715 24.705839
2454.987929 24.535477
2455.393144 24.839737
2455.798358 24.444044
2456.203572 24.069489
2456.608787 24.142845
2457.014001 24.008117
2457.419216 23.960239
2457.824430 24.156210
2458.229644 24.142295
2458.634859 24.536518
2459.040073 23.811085
2459.445287 24.555625
2459.850502 24.739751
2460.255716 23.981297
2460.660930 24.229987
2461.066145 24.950718
2461.471359 25.061148
2461.876573 24.685692
2462.281788 25.130213
2462.687002 24.201947
2463.092217 24.813048
2463.497431 24.758738
2463.902645 24.649359
2464.307860 25.094860
2464.713074 24.065157
2465.118288 24.799643
2465.523503 24.760119
2465.928717 24.606203
2466.333931 23.882721
2466.739146 24.378761
2467.144360 24.207829
2467.549575 24.916225
2467.954789 24.944105
2468.360003 24.189402
2468.765218 24.331994
2469.170432 24.567419
2469.575646 24.986321
2469.980861 24.699017
2470.386075 24.585706
2470.791289 24.587686
2471.196504 25.067540
2471.601718 25.579675
2472.006932 24.950378
2472.412147 24.674588
2472.817361 24.935922
2473.222576 24.188602
2473.627790 24.447426
2474.033004 24.269741
2474.438219 24.111054
2474.843433 24.427538
2475.248647 24.799863
2475.653862 24.209459
2476.059076 24.409502
2476.464290 24.463061
2476.869505 24.299272
2477.274719 24.613756
2477.679934 25.115517
2478.085148 25.295192
2478.490362 24.083854
2478.895577 24.135473
2479.300791 24.201427
2479.706005 24.808116
2480.111220 24.913674
2480.516434 25.258239
2480.921648 24.456719
2481.326863 24.537638
2481.732077 24.845189
2482.137291 24.629501
2482.542506 24.679149
2482.947720 24.756447
2483.352935 24.543590
2483.758149 25.016121
2484.163363 24.533857
2484.568578 25.237401
2484.973792 25.347731
2485.379006 24.189032
2485.784221 24.026833
2486.189435 24.426848
2486.594649 24.849981
2486.999864 23.359712
2487.405078 24.103321
2487.810293 24.418435
2488.215507 24.674658
2488.620721 24.974556
2489.025936 24.455729
2489.431150 24.327602
2489.836364 23.780784
2490.241579 24.334065
2490.646793 24.285537
2491.052007 23.780414
2491.457222 24.175967
2491.862436 24.483809
2492.267650 24.267630
2492.672865 24.715052
2493.078079 24.679139
2493.483294 23.923786
2493.888508 23.665743
2494.293722 24.361144
2494.698937 24.595029
2495.104151 24.687232
2495.509365 25.151830
2495.914580 25.738333
2496.319794 24.990072
2496.725008 24.362025
2497.130223 24.789939
2497.535437 25.251947
2497.940652 24.430209
2498.345866 23.864975
2498.751080 24.276714
2499.156295 25.026075
2499.561509 24.656301
2499.966723 24.393296
2500.371938 24.019371
2500.777152 24.399448
2501.182366 24.070839
2501.587581 24.134542
2501.992795 25.154912
2502.398010 24.919116
2502.803224 24.573331
2503.208438 24.461751
2503.613653 24.125389
2504.018867 24.512019
2504.424081 24.014969
2504.829296 23.880160
2505.234510 24.230277
2505.639724 24.095188
2506.044939 24.380171
2506.450153 24.224435
2506.855367 24.618978
2507.260582 24.843499
2507.665796 24.281746
2508.071011 24.050892
2508.476225 24.238610
2508.881439 24.478847
2509.286654 24.305784
2509.691868 23.674466
2510.097082 25.473687
2510.502297 25.713444
2510.907511 25.069921
2511.312725 24.884704
2511.717940 24.448986
2512.123154 24.566709
2512.528369 24.173847
2512.933583 24.391715
2513.338797 23.739549
2513.744012 23.466341
2514.149226 24.757418
2514.554440 23.938051
2514.959655 23.999303
2515.364869 24.533727
2515.770083 24.086925
2516.175298 23.635642
2516.580512 23.514238
2516.985726 24.079182
2517.390941 24.447446
2517.796155 23.793069
2518.201370 24.407841
2518.606584 23.819128
2519.011798 24.065827
2519.417013 24.406771
2519.822227 24.230247
2520.227441 23.763038
2520.632656 23.846818
2521.037870 24.380081
2521.443084 23.956518
2521.848299 24.186651
2522.253513 24.083534
2522.658728 24.058915
2523.063942 24.256136
2523.469156 24.802484
2523.874371 23.727255
2524.279585 23.899077
2524.684799 23.761207
2525.090014 23.888623
2525.495228 24.080023
2525.900442 24.463381
2526.305657 24.977567
2526.710871 25.068870
2527.116085 24.696045
2527.521300 24.310476
2527.926514 23.795340
2528.331729 23.315536
2528.736943 23.513768
2529.142157 23.592976
2529.547372 23.632331
2529.952586 23.764979
2530.357800 23.270930
2530.763015 23.597438
2531.168229 24.433881
2531.573443 24.390745
2531.978658 24.009477
2532.383872 23.272540
2532.789087 23.409770
2533.194301 23.545889
2533.599515 24.083304
2534.004730 24.179188
2534.409944 23.582192
2534.815158 23.714520
2535.220373 23.733647
2535.625587 23.615394
2536.030801 23.841846
2536.436016 23.449815
2536.841230 24.287158
2537.246444 24.192393
2537.651659 24.291129
2538.056873 23.751704
2538.462088 23.396925
2538.867302 24.006096
2539.272516 24.390875
2539.677731 24.036907
2540.082945 24.055284
2540.488159 23.675156
2540.893374 23.835254
2541.298588 23.650897
2541.703802 23.361933
2542.109017 23.411491
2542.514231 23.877839
2542.919446 23.655789
2543.324660 23.236537
2543.729874 23.425306
2544.135089 23.439891
2544.540303 23.980907
2544.945517 23.885862
2545.350732 23.502414
2545.755946 23.380469
2546.161160 23.679048
2546.566375 23.851820
2546.971589 23.788387
2547.376803 24.468723
2547.782018 23.653908
2548.187232 23.219591
2548.592447 22.556491
2548.997661 22.742259
2549.402875 22.749711
2549.808090 23.425846
2550.213304 23.571599
2550.618518 23.587094
2551.023733 23.366124
2551.428947 23.301691
2551.834161 23.353870
2552.239376 23.234117
2552.644590 23.153217
2553.049805 23.630380
2553.455019 23.589915
2553.860233 23.438190
2554.265448 23.260706
2554.670662 23.275532
2555.075876 23.757006
2555.481091 23.661901
2555.886305 23.586674
2556.291519 23.570718
2556.696734 23.626488
2557.101948 23.823950
2557.507162 23.445233
2557.912377 23.437300
2558.317591 22.861482
2558.722806 22.933258
2559.128020 23.166092
2559.533234 23.291017
2559.938449 22.988278
2560.343663 22.363161
2560.748877 23.340865
2561.154092 23.350269
2561.559306 23.423225
2561.964520 23.581932
2562.369735 23.307623
2562.774949 23.052221
2563.180164 22.746330
2563.585378 22.639551
2563.990592 22.504533
2564.395807 21.742857
2564.801021 22.416571
2565.206235 22.374966
2565.611450 23.342356
2566.016664 23.577981
2566.421878 23.676907
2566.827093 23.501453
2567.232307 23.557814
2567.637522 23.222792
2568.042736 22.472401
2568.447950 21.793405
2568.853165 22.126526
2569.258379 22.339503
2569.663593 23.293498
2570.068808 23.379509
2570.474022 23.265058
2570.879236 22.902427
2571.284451 22.998501
2571.689665 22.571587
2572.094879 22.922414
2572.500094 22.843265
2572.905308 22.986737
2573.310523 22.836593
2573.715737 22.909229
2574.120951 22.468510
2574.526166 22.429906
2574.931380 23.045428
2575.336594 23.015537
2575.741809 22.325928
2576.147023 21.878706
2576.552237 22.366893
2576.957452 22.488767
2577.362666 22.111000
2577.767881 22.589423
2578.173095 22.308602
2578.578309 21.994088
2578.983524 22.811153
2579.388738 22.769628
2579.793952 22.399915
2580.199167 22.253002
2580.604381 22.088462
2581.009595 22.386590
2581.414810 22.650595
2581.820024 23.144184
2582.225238 22.800890
2582.630453 22.553930
2583.035667 22.540816
2583.440882 22.482315
2583.846096 22.030781
2584.251310 22.247470
2584.656525 21.967498
2585.061739 22.468349
2585.466953 22.688059
2585.872168 22.606599
2586.277382 23.190411
2586.682596 22.721591
2587.087811 22.232854
2587.493025 22.575638
2587.898240 23.200514
2588.303454 22.474522
2588.708668 21.751420
2589.113883 22.248840
2589.519097 22.496009
2589.924311 23.005354
2590.329526 22.071446
2590.734740 21.915149
2591.139954 21.960576
2591.545169 22.385039
2591.950383 22.517537
2592.355597 22.744769
2592.760812 22.372245
2593.166026 22.314634
2593.571241 23.353600
2593.976455 23.482486
2594.381669 22.758094
2594.786884 22.535324
2595.192098 21.968098
2595.597312 21.987145
2596.002527 21.833030
2596.407741 22.497150
2596.812955 22.103177
2597.218170 21.653875
2597.623384 21.709815
2598.028599 21.792305
2598.433813 21.595324
2598.839027 22.798459
2599.244242 22.836803
2599.649456 22.899686
2600.054670 22.293836
2600.459885 22.601107
2600.865099 22.732085
2601.270313 22.300369
2601.675528 22.745010
2602.080742 22.590864
2602.485956 22.413059
2602.891171 23.054892
2603.296385 22.726583
2603.701600 22.915121
2604.106814 22.413220
2604.512028 22.387260
2604.917243 23.338674
2605.322457 22.894134
2605.727671 22.407017
2606.132886 22.964179
2606.538100 22.458016
2606.943314 22.569306
2607.348529 22.517757
2607.753743 22.492728
2608.158958 22.664120
2608.564172 22.654217
2608.969386 22.587202
2609.374601 22.656438
2609.779815 22.421402
2610.185029 22.271728
2610.590244 21.860149
2610.995458 21.869713
2611.400672 21.745668
2611.805887 21.974471
2612.211101 22.108329
2612.616315 22.517677
2613.021530 23.336103
2613.426744 23.366775
2613.831959 22.767008
2614.237173 22.589823
2614.642387 22.797258
2615.047602 22.641512
2615.452816 23.139382
2615.858030 22.935919
2616.263245 22.694291
2616.668459 22.311133
2617.073673 21.888090
2617.478888 22.549399
2617.884102 22.704195
2618.289317 22.841675
2618.694531 22.608780
2619.099745 22.640692
2619.504960 22.750712
2619.910174 23.112743
2620.315388 22.476863
2620.720603 22.498180
2621.125817 22.759565
2621.531031 22.486856
2621.936246 22.382508
2622.341460 21.949042
2622.746674 22.349416
2623.151889 22.758995
2623.557103 22.891322
2623.962318 22.517587
2624.367532 22.564194
2624.772746 22.876507
2625.177961 22.593965
2625.583175 22.103477
2625.988389 21.852897
2626.393604 22.705115
2626.798818 22.808352
2627.204032 21.966128
2627.609247 22.755213
2628.014461 22.663790
2628.419676 22.990538
2628.824890 22.461977
2629.230104 21.938628
2629.635319 22.282182
2630.040533 22.560183
2630.445747 22.322067
2630.850962 22.503112
2631.256176 22.469450
2631.661390 22.473091
2632.066605 22.463938
2632.471819 21.898533
2632.877034 21.667890
2633.282248 21.839822
2633.687462 22.041035
2634.092677 22.214868
2634.497891 22.584712
2634.903105 22.117593
2635.308320 22.142141
2635.713534 21.737105
2636.118748 22.021658
2636.523963 22.093554
2636.929177 22.325628
2637.334391 22.164860
2637.739606 22.537434
2638.144820 22.803531
2638.550035 22.098306
2638.955249 21.708635
2639.360463 21.517716
2639.765678 21.817234
2640.170892 21.991677
2640.576106 21.346774
2640.981321 21.202301
2641.386535 21.352656
2641.791749 21.541354
2642.196964 22.493919
2642.602178 22.349877
2643.007393 22.143482
2643.412607 22.172482
2643.817821 21.595013
2644.223036 22.219559
2644.628250 22.004182
2645.033464 21.828398
2645.438679 22.561033
2645.843893 22.871785
2646.249107 22.492638
2646.654322 21.741286
2647.059536 21.599775
2647.464750 21.831149
2647.869965 22.234485
2648.275179 21.757782
2648.680394 21.289863
2649.085608 21.842613
2649.490822 21.730292
2649.896037 21.885509
2650.301251 21.380456
2650.706465 21.497448
2651.111680 21.970659
2651.516894 21.878216
2651.922108 21.331818
2652.327323 20.813911
2652.732537 21.238354
2653.137752 21.775529
2653.542966 21.338351
2653.948180 21.772138
2654.353395 21.338171
2654.758609 20.957323
2655.163823 21.853897
2655.569038 21.084509
2655.974252 21.409496
2656.379466 21.770177
2656.784681 21.663838
2657.189895 21.754881
2657.595109 21.505091
2658.000324 21.524948
2658.405538 21.374844
2658.810753 21.437637
2659.215967 21.373583
2659.621181 21.400713
2660.026396 21.312811
2660.431610 21.170040
2660.836824 21.143540
2661.242039 21.495758
2661.647253 21.775369
2662.052467 21.946901
2662.457682 21.754731
2662.862896 21.689348
2663.268111 21.216206
2663.673325 21.727882
2664.078539 21.626465
2664.483754 21.669630
2664.888968 21.790274
2665.294182 21.169059
2665.699397 21.188847
2666.104611 21.584490
2666.509825 21.331398
2666.915040 21.751860
2667.320254 21.341252
2667.725468 21.208234
2668.130683 21.488315
2668.535897 21.796556
2668.941112 21.522487
2669.346326 22.071066
2669.751540 21.605957
2670.156755 21.522957
2670.561969 21.394781
2670.967183 21.433325
2671.372398 21.493967
2671.777612 21.454573
2672.182826 21.459544
2672.588041 21.524768
2672.993255 21.685376
2673.398470 21.510363
2673.803684 21.312461
2674.208898 21.491916
2674.614113 21.318593
2675.019327 21.028338
2675.424541 21.021066
2675.829756 21.634768
2676.234970 22.114381
2676.640184 21.819175
2677.045399 21.985255
2677.450613 21.759373
2677.855827 20.853875
2678.261042 21.591982
2678.666256 21.782241
2679.071471 21.576397
2679.476685 21.553348
2679.881899 20.884076
2680.287114 20.554147
2680.692328 20.944658
2681.097542 21.101935
2681.502757 21.633157
2681.907971 21.516815
2682.313185 22.076328
2682.718400 22.124765
2683.123614 22.404836
2683.528829 21.757742
2683.934043 21.967268
2684.339257 22.100846
2684.744472 22.265066
2685.149686 21.952853
2685.554900 21.709515
2685.960115 22.097825
2686.365329 21.590952
2686.770543 21.394731
2687.175758 21.546206
2687.580972 21.170010
2687.986186 21.900784
2688.391401 21.707584
2688.796615 22.018087
2689.201830 21.692089
2689.607044 21.487264
2690.012258 22.353588
2690.417473 22.027330
2690.822687 21.648753
2691.227901 21.488145
2691.633116 21.767366
2692.038330 22.181496
2692.443544 21.881447
2692.848759 21.878516
2693.253973 21.924613
2693.659188 22.134439
2694.064402 22.372335
2694.469616 22.272178
2694.874831 22.113221
2695.280045 22.011854
2695.685259 22.412749
2696.090474 22.788215
2696.495688 22.736556
2696.900902 22.685008
2697.306117 22.772960
2697.711331 22.132088
2698.116546 20.521445
2698.521760 20.035589
2698.926974 20.840410
2699.332189 21.802318
2699.737403 23.097777
2700.142617 22.884630
2700.547832 23.244980
2700.953046 22.712338
2701.358260 22.181966
2701.763475 21.807170
2702.168689 21.832429
2702.573903 21.823636
2702.979118 21.597034
2703.384332 21.593863
2703.789547 22.510335
2704.194761 22.538395
2704.599975 22.757454
2705.005190 22.829310
2705.410404 22.755793
2705.815618 22.378667
2706.220833 22.426124
2706.626047 22.560993
2707.031261 22.422493
2707.436476 22.790756
2707.841690 22.347486
2708.246905 22.178975
2708.652119 21.904185
2709.057333 22.208635
2709.462548 23.369956
2709.867762 22.977844
2710.272976 22.573467
2710.678191 22.480944
2711.083405 22.929356
2711.488619 22.123615
2711.893834 23.038776
2712.299048 23.696674
2712.704262 23.476704
2713.109477 22.543817
2713.514691 22.168151
2713.919906 22.260504
2714.325120 22.400775
2714.730334 22.669882
2715.135549 23.228825
2715.540763 23.650817
2715.945977 23.780224
2716.351192 23.109151
2716.756406 23.395145
2717.161620 22.689700
2717.566835 22.645574
2717.972049 22.822167
2718.377264 23.408630
2718.782478 23.110632
2719.187692 22.904647
2719.592907 23.041427
2719.998121 23.229685
2720.403335 22.904417
2720.808550 22.208926
2721.213764 22.952104
2721.618978 23.834444
2722.024193 23.981927
2722.429407 24.007636
2722.834621 23.631880
2723.239836 23.173084
2723.645050 23.894756
2724.050265 23.906140
2724.455479 23.834144
2724.860693 24.067088
2725.265908 23.788887
2725.671122 23.619446
2726.076336 24.278584
2726.481551 24.620948
2726.886765 23.317077
2727.291979 23.667133
2727.697194 23.282764
2728.102408 22.708716
2728.507623 23.579441
2728.912837 23.849009
2729.318051 23.991551
2729.723266 24.636794
2730.128480 24.730548
2730.533694 23.926477
2730.938909 23.157189
2731.344123 23.183888
2731.749337 23.840306
2732.154552 25.084496
2732.559766 24.994824
2732.964980 24.479377
2733.370195 24.132952
2733.775409 23.876389
2734.180624 24.413603
2734.585838 24.899329
2734.991052 24.823622
2735.396267 24.942285
2735.801481 25.093289
2736.206695 24.425718
2736.611910 24.308185
2737.017124 24.629141
2737.422338 24.990082
2737.827553 24.919246
2738.232767 25.119379
2738.637982 25.169067
2739.043196 24.978298
2739.448410 24.834846
2739.853625 24.780236
2740.258839 24.520602
2740.664053 25.262961
2741.069268 25.585917
2741.474482 25.632844
2741.879696 25.342819
2742.284911 25.638997
2742.690125 25.608996
2743.095339 25.788261
2743.500554 25.917617
2743.905768 25.204479
2744.310983 25.595441
2744.716197 25.670348
2745.121411 25.965395
2745.526626 25.677791
2745.931840 25.225277
2746.337054 25.331595
2746.742269 25.330875
2747.147483 25.052985
2747.552697 25.755199
2747.957912 26.530999
2748.363126 26.344792
2748.768341 26.478690
2749.173555 26.236483
2749.578769 26.071533
2749.983984 26.364269
2750.389198 26.221397
2750.794412 27.198131
2751.199627 27.003560
2751.604841 26.239434
2752.010055 26.421060
2752.415270 26.274487
2752.820484 27.515796
2753.225698 27.461696
2753.630913 27.891312
2754.036127 31.959614
2754.441342 38.478372
2754.846556 43.564592
2755.251770 36.582906
2755.656985 31.642029
2756.062199 31.958553
2756.467413 35.174957
2756.872628 40.014608
2757.277842 46.894267
2757.683056 48.913558
2758.088271 41.657362
2758.493485 32.053728
2758.898700 28.114752
2759.303914 27.095784
2759.709128 28.038265
2760.114343 28.890313
2760.519557 28.600698
2760.924771 28.114882
2761.329986 28.001231
2761.735200 27.945601
2762.140414 28.115423
2762.545629 28.153807
2762.950843 27.756563
2763.356057 27.691989
2763.761272 28.171423
2764.166486 28.752763
2764.571701 28.766468
2764.976915 28.490128
2765.382129 28.811495
2765.787344 28.521580
2766.192558 28.488938
2766.597772 28.072957
2767.002987 28.239067
2767.408201 28.190280
2767.813415 28.910070
2768.218630 29.031934
2768.623844 28.966961
2769.029059 29.174626
2769.434273 29.496452
2769.839487 28.622216
2770.244702 28.416902
2770.649916 28.787226
2771.055130 29.355091
2771.460345 29.712651
2771.865559 29.585224
2772.270773 29.395476
2772.675988 29.898328
2773.081202 29.839376
2773.486417 29.606992
2773.891631 29.203106
2774.296845 29.884853
2774.702060 30.139825
2775.107274 29.958690
2775.512488 30.173137
2775.917703 30.807827
2776.322917 30.646619
2776.728131 30.797383
2777.133346 30.578504
2777.538560 31.047854
2777.943774 31.776817
2778.348989 30.758619
2778.754203 30.990563
2779.159418 31.582907
2779.564632 31.347882
2779.969846 31.795784
2780.375061 31.655323
2780.780275 32.459484
2781.185489 32.502310
2781.590704 32.521447
2781.995918 31.870681
2782.401132 32.431684
2782.806347 32.675613
2783.211561 32.701862
2783.616776 32.224419
2784.021990 33.066574
2784.427204 33.535294
2784.832419 33.593235
2785.237633 34.165302
2785.642847 33.976173
2786.048062 34.622847
2786.453276 34.983468
2786.858490 35.086335
2787.263705 35.515950
2787.668919 36.066660
2788.074133 36.185883
2788.479348 35.967774
2788.884562 36.125851
2789.289777 35.856213
2789.694991 36.654202
2790.100205 36.637686
2790.505420 37.166127
2790.910634 37.351474
2791.315848 36.573683
2791.721063 37.235072
2792.126277 37.443618
2792.531491 37.635077
2792.936706 38.036052
2793.341920 38.240736
2793.747135 38.520908
2794.152349 38.632068
2794.557563 38.752481
2794.962778 39.159239
2795.367992 38.650755
2795.773206 38.627346
2796.178421 38.399354
2796.583635 38.376745
2796.988849 38.500070
2797.394064 37.782060
2797.799278 37.199379
2798.204492 36.701189
2798.609707 36.538840
2799.014921 36.246655
2799.420136 36.780048
2799.825350 36.533589
2800.230564 36.478969
2800.635779 37.466246
2801.040993 37.830068
2801.446207 38.075386
2801.851422 38.712947
2802.256636 38.364431
2802.661850 37.372042
2803.067065 37.182353
2803.472279 36.790161
2803.877494 36.904363
2804.282708 36.691576
2804.687922 37.212394
2805.093137 36.238362
2805.498351 36.153771
2805.903565 36.171718
2806.308780 35.571080
2806.713994 35.183500
2807.119208 35.366206
2807.524423 35.299702
2807.929637 35.799303
2808.334851 35.038528
2808.740066 35.191793
2809.145280 36.760661
2809.550495 36.006188
2809.955709 35.523993
2810.360923 35.609524
2810.766138 34.895376
2811.171352 34.129259
2811.576566 34.564256
2811.981781 34.852370
2812.386995 34.855591
2812.792209 35.263099
2813.197424 35.004905
2813.602638 35.213251
2814.007853 34.523051
2814.413067 34.057613
2814.818281 34.078490
2815.223496 34.104270
2815.628710 34.676477
2816.033924 34.097757
2816.439139 34.454336
2816.844353 34.609792
2817.249567 34.250052
2817.654782 33.343444
2818.059996 33.253522
2818.465210 33.339883
2818.870425 32.505851
2819.275639 32.675683
2819.680854 32.994988
2820.086068 32.811602
2820.491282 32.988946
2820.896497 33.380388
2821.301711 32.882658
2821.706925 32.449391
2822.112140 32.227400
2822.517354 31.587769
2822.922568 31.444377
2823.327783 31.845492
2823.732997 31.601324
2824.138212 31.584658
2824.543426 31.046593
2824.948640 30.338107
2825.353855 29.634642
2825.759069 30.051213
2826.164283 29.229526
2826.569498 29.609373
2826.974712 30.162303
2827.379926 30.287218
2827.785141 29.797791
2828.190355 29.278103
2828.595569 29.364024
2829.000784 29.455758
2829.405998 29.228315
2829.811213 29.084323
2830.216427 28.655508
2830.621641 28.456236
2831.026856 27.874235
2831.432070 28.437979
2831.837284 28.114482
2832.242499 27.430995
2832.647713 27.811953
2833.052927 28.501312
2833.458142 28.520319
2833.863356 27.864232
2834.268571 28.163600
2834.673785 27.994719
2835.078999 27.955175
2835.484214 27.792466
2835.889428 27.912279
2836.294642 27.046696
2836.699857 27.038083
2837.105071 27.046836
2837.510285 27.138059
2837.915500 26.977641
2838.320714 26.514934
2838.725929 26.607237
2839.131143 26.938507
2839.536357 26.547345
2839.941572 26.456973
2840.346786 26.204411
2840.752000 26.294504
2841.157215 25.841710
2841.562429 25.523595
2841.967643 25.828415
2842.372858 25.767813
2842.778072 26.477480
2843.183286 26.129294
2843.588501 26.032319
2843.993715 25.614038
2844.398930 25.526406
2844.804144 25.260650
2845.209358 25.769154
2845.614573 25.818822
2846.019787 25.496535
2846.425001 25.272804
2846.830216 25.081815
2847.235430 24.902080
2847.640644 25.203649
2848.045859 25.358355
2848.451073 25.367889
2848.856288 25.696317
2849.261502 25.595061
2849.666716 25.931713
2850.071931 25.103993
2850.477145 24.668776
2850.882359 24.374099
2851.287574 24.723776
2851.692788 25.489302
2852.098002 25.158103
2852.503217 25.047383
2852.908431 24.935092
2853.313645 25.086167
2853.718860 24.886965
2854.124074 25.007598
2854.529289 25.074532
2854.934503 25.447647
2855.339717 25.548234
2855.744932 25.460922
2856.150146 25.036069
2856.555360 24.507097
2856.960575 23.726615
2857.365789 23.582673
2857.771003 24.300732
2858.176218 24.118096
2858.581432 24.494553
2858.986647 24.523763
2859.391861 25.340859
2859.797075 24.627231
2860.202290 24.183930
2860.607504 24.063707
2861.012718 23.567577
2861.417933 24.237139
2861.823147 23.942513
2862.228361 23.487978
2862.633576 23.492350
2863.038790 23.517929
2863.444004 24.075431
2863.849219 23.490299
2864.254433 23.385371
2864.659648 23.854991
2865.064862 23.582252
2865.470076 23.390713
2865.875291 22.889242
2866.280505 23.064305
2866.685719 23.637482
2867.090934 23.140573
2867.496148 23.415692
2867.901362 23.487838
2868.306577 23.293248
2868.711791 23.065506
2869.117006 23.129539
2869.522220 23.372827
2869.927434 22.466349
2870.332649 22.498820
2870.737863 22.501031
2871.143077 22.947563
2871.548292 22.910019
2871.953506 22.332700
2872.358720 22.448582
2872.763935 23.399086
2873.169149 22.641792
2873.574363 22.296497
2873.979578 22.622085
2874.384792 22.398514
2874.790007 22.476933
2875.195221 22.787695
2875.600435 22.451473
2876.005650 22.014585
2876.410864 21.608768
2876.816078 22.130627
2877.221293 21.575977
2877.626507 22.255282
2878.031721 21.679934
2878.436936 21.752500
2878.842150 21.890430
2879.247365 22.211467
2879.652579 22.597566
2880.057793 22.324798
2880.463008 22.709697
2880.868222 22.517877
2881.273436 21.791034
2881.678651 22.078738
2882.083865 21.865651
2882.489079 22.216398
2882.894294 22.389761
2883.299508 21.734014
2883.704722 22.114631
2884.109937 22.223691
2884.515151 22.038074
2884.920366 22.394573
2885.325580 22.286013
2885.730794 22.470340
2886.136009 22.226302
2886.541223 22.204224
2886.946437 22.276010
2887.351652 21.911468
2887.756866 21.648753
2888.162080 21.689588
2888.567295 21.876665
2888.972509 21.833870
2889.377724 21.578648
2889.782938 21.458094
2890.188152 21.686236
2890.593367 22.095385
2890.998581 22.090173
2891.403795 22.131828
2891.809010 21.784472
2892.214224 21.745568
2892.619438 22.485015
2893.024653 22.405947
2893.429867 21.671051
2893.835081 21.040953
2894.240296 21.292744
2894.645510 22.070656
2895.050725 22.015666
2895.455939 21.749649
2895.861153 21.223169
2896.266368 20.853485
2896.671582 20.886637
2897.076796 21.353806
2897.482011 22.499871
2897.887225 22.125415
2898.292439 22.422293
2898.697654 21.853087
2899.102868 21.306759
2899.508083 20.817832
2899.913297 21.042424
2900.318511 21.578397
2900.723726 21.673262
2901.128940 22.303650
2901.534154 22.001931
2901.939369 21.477741
2902.344583 21.663638
2902.749797 21.728662
2903.155012 21.424502
2903.560226 21.492206
2903.965441 21.193788
2904.370655 21.543945
2904.775869 21.302067
2905.181084 22.245529
2905.586298 21.451291
2905.991512 21.494267
2906.396727 21.421671
2906.801941 21.099914
2907.207155 20.867520
2907.612370 21.308330
2908.017584 21.980413
2908.422798 23.257085
2908.828013 24.219743
2909.233227 25.071601
2909.638442 22.718530
2910.043656 18.163702
2910.448870 14.370169
2910.854085 13.174907
2911.259299 16.682306
2911.664513 22.811173
2912.069728 26.962696
2912.474942 27.397353
2912.880156 23.654409
2913.285371 18.478136
2913.690585 15.478240
2914.095800 16.457835
2914.501014 19.980349
2914.906228 22.578399
2915.311443 24.001154
2915.716657 22.181476
2916.121871 21.712156
2916.527086 21.844614
2916.932300 21.005170
2917.337514 21.180844
2917.742729 21.976151
2918.147943 22.007753
2918.553157 21.675222
2918.958372 21.668010
2919.363586 21.769527
2919.768801 21.750110
2920.174015 21.222689
2920.579229 21.178063
2920.984444 21.409916
2921.389658 21.473089
2921.794872 21.487425
2922.200087 21.821535
2922.605301 22.104648
2923.010515 21.961676
2923.415730 21.497568
2923.820944 21.213245
2924.226159 21.293794
2924.631373 21.754121
2925.036587 21.760213
2925.441802 21.847535
2925.847016 21.505911
2926.252230 21.193488
2926.657445 21.202862
2927.062659 21.344133
2927.467873 20.971798
2927.873088 21.095943
2928.278302 21.085039
2928.683516 20.611057
2929.088731 21.054578
2929.493945 21.111308
2929.899160 22.291976
2930.304374 22.920483
2930.709588 21.755702
2931.114803 21.304068
2931.520017 20.105615
2931.925231 20.245845
2932.330446 21.089130
2932.735660 22.201583
2933.140874 22.433127
2933.546089 22.799179
2933.951303 22.154386
2934.356518 21.667150
2934.761732 21.529110
2935.166946 21.139249
2935.572161 21.192328
2935.977375 21.358388
2936.382589 21.087300
2936.787804 21.930175
2937.193018 21.778200
2937.598232 21.634558
2938.003447 21.990457
2938.408661 21.808591
2938.813875 21.718468
2939.219090 22.155906
2939.624304 21.775059
2940.029519 22.034663
2940.434733 22.239097
2940.839947 22.782253
2941.245162 22.410629
2941.650376 22.151285
2942.055590 21.411437
2942.460805 20.918789
2942.866019 21.615281
2943.271233 22.365842
2943.676448 23.382530
2944.081662 22.118263
2944.486877 21.369442
2944.892091 21.195709
2945.297305 21.867252
2945.702520 21.663858
2946.107734 21.470448
2946.512948 22.166780
2946.918163 21.354707
2947.323377 21.261943
2947.728591 21.535222
2948.133806 21.230872
2948.539020 21.579598
2948.944234 22.289865
2949.349449 21.884738
2949.754663 20.994916
2950.159878 20.635506
2950.565092 20.626143
2950.970306 21.680674
2951.375521 21.591022
2951.780735 20.449899
2952.185949 21.535412
2952.591164 21.460475
2952.996378 21.608498
2953.401592 21.428943
2953.806807 20.686405
2954.212021 20.826095
2954.617236 21.629126
2955.022450 21.989336
2955.427664 22.254942
2955.832879 22.043146
2956.238093 21.579508
2956.643307 20.996857
2957.048522 21.455663
2957.453736 21.184315
2957.858950 22.076118
2958.264165 21.793175
2958.669379 21.580338
2959.074593 21.418740
2959.479808 21.300587
2959.885022 21.155534
2960.290237 21.298826
2960.695451 20.834858
2961.100665 20.627763
2961.505880 20.435064
2961.911094 20.983512
2962.316308 21.135107
2962.721523 21.493587
2963.126737 20.963465
2963.531951 21.245947
2963.937166 21.343292
2964.342380 21.760453
2964.747595 21.650203
2965.152809 21.660547
2965.558023 21.227310
2965.963238 21.199200
2966.368452 20.619771
2966.773666 19.893548
2967.178881 20.102764
2967.584095 20.853455
2967.989309 21.096633
2968.394524 21.806500
2968.799738 21.210604
2969.204953 21.355737
2969.610167 21.262103
2970.015381 20.796705
2970.420596 21.295305
2970.825810 21.104146
2971.231024 21.250979
2971.636239 22.027940
2972.041453 21.429994
2972.446667 21.149102
2972.851882 21.337130
2973.257096 21.544895
2973.662310 21.931105
2974.067525 21.575777
2974.472739 21.716998
2974.877954 21.279989
2975.283168 20.916858
2975.688382 20.344911
2976.093597 21.211315
2976.498811 20.739594
2976.904025 21.026098
2977.309240 20.987114
2977.714454 21.307029
2978.119668 21.506702
2978.524883 21.406955
2978.930097 21.245977
2979.335312 20.702070
2979.740526 20.534650
2980.145740 21.291534
2980.550955 21.503941
2980.956169 22.058531
2981.361383 22.230533
2981.766598 21.584019
2982.171812 21.734504
2982.577026 22.006262
2982.982241 21.411627
2983.387455 20.925541
2983.792669 20.941667
2984.197884 21.259492
2984.603098 21.608418
2985.008313 21.083929
2985.413527 20.904204
2985.818741 20.580356
2986.223956 20.608757
2986.629170 21.695560
2987.034384 21.420890
2987.439599 21.075325
2987.844813 20.743815
2988.250027 20.820683
2988.655242 21.374134
2989.060456 21.538983
2989.465671 21.477551
2989.870885 22.293606
2990.276099 22.047527
2990.681314 22.592935
2991.086528 21.733754
2991.491742 20.704881
2991.896957 20.593101
2992.302171 20.848974
2992.707385 20.688606
2993.112600 20.585378
2993.517814 20.071502
2993.923028 20.240793
2994.328243 20.361437
2994.733457 20.602925
2995.138672 20.353214
2995.543886 19.941985
2995.949100 20.837649
2996.354315 22.177374
2996.759529 21.451412
2997.164743 21.658266
2997.569958 20.921040
2997.975172 21.041683
2998.380386 20.075654
2998.785601 20.083757
2999.190815 20.106055
2999.596030 20.721197
3000.001244 20.464865
3000.406458 20.775357
3000.811673 20.500597
3001.216887 20.468756
3001.622101 20.538801
3002.027316 20.826245
3002.432530 20.343751
3002.837744 20.674280
3003.242959 21.045635
3003.648173 20.412256
3004.053387 20.855826
3004.458602 20.758431
3004.863816 21.222059
3005.269031 21.089901
3005.674245 20.227399
3006.079459 20.578776
3006.484674 20.833758
3006.889888 20.517424
3007.295102 20.628134
3007.700317 20.413546
3008.105531 20.286290
3008.510745 20.729100
3008.915960 20.726229
3009.321174 20.063129
3009.726389 20.413306
3010.131603 20.986413
3010.536817 20.645420
3010.942032 20.874983
3011.347246 21.160806
3011.752460 21.488275
3012.157675 20.805118
3012.562889 20.198848
3012.968103 19.525655
3013.373318 19.823302
3013.778532 20.238533
3014.183746 20.316121
3014.588961 20.241364
3014.994175 19.891367
3015.399390 20.497076
3015.804604 20.652663
3016.209818 20.806388
3016.615033 20.785100
3017.020247 20.242534
3017.425461 20.193987
3017.830676 20.179251
3018.235890 20.476609
3018.641104 20.461003
3019.046319 20.666908
3019.451533 20.788692
3019.856748 20.990385
3020.261962 20.658605
3020.667176 20.478139
3021.072391 20.771536
3021.477605 20.300515
3021.882819 20.302466
3022.288034 20.389607
3022.693248 20.378053
3023.098462 20.250077
3023.503677 19.840349
3023.908891 19.498785
3024.314105 19.822012
3024.719320 19.517142
3025.124534 19.516902
3025.529749 19.559077
3025.934963 20.079195
3026.340177 20.682703
3026.745392 20.744126
3027.150606 20.519995
3027.555820 20.345421
3027.961035 20.164056
3028.366249 20.142368
3028.771463 20.079385
3029.176678 20.203070
3029.581892 20.291842
3029.987107 20.575134
3030.392321 20.864429
3030.797535 20.751698
3031.202750 20.606306
3031.607964 21.031089
3032.013178 21.007971
3032.418393 20.196738
3032.823607 20.266043
3033.228821 20.825075
3033.634036 20.549085
3034.039250 20.701780
3034.444464 20.679352
3034.849679 20.860298
3035.254893 20.286740
3035.660108 20.363568
3036.065322 19.958521
3036.470536 20.204560
3036.875751 20.514052
3037.280965 20.956242
3037.686179 20.607956
3038.091394 20.423159
3038.496608 20.210633
3038.901822 19.865488
3039.307037 20.143048
3039.712251 20.108286
3040.117466 19.777976
3040.522680 20.006269
3040.927894 20.367229
3041.333109 20.726219
3041.738323 20.629594
3042.143537 20.434193
3042.548752 20.446518
3042.953966 19.999096
3043.359180 20.231940
3043.764395 20.176780
3044.169609 20.371211
3044.574824 20.190865
3044.980038 20.480720
3045.385252 19.912415
3045.790467 20.366719
3046.195681 20.501288
3046.600895 20.811530
3047.006110 19.661154
3047.411324 20.034739
3047.816538 19.820181
3048.221753 20.471157
3048.626967 20.367719
3049.032181 20.064480
3049.437396 20.106975
3049.842610 19.708721
3050.247825 19.846471
3050.653039 20.002177
3051.058253 20.901563
3051.463468 21.002119
3051.868682 21.450891
3052.273896 21.292424
3052.679111 20.704331
3053.084325 20.231610
3053.489539 20.019073
3053.894754 20.037980
3054.299968 20.095641
3054.705183 20.424610
3055.110397 20.731661
3055.515611 20.687345
3055.920826 20.424120
3056.326040 20.176620
3056.731254 20.153542
3057.136469 19.900921
3057.541683 19.788670
3057.946897 20.319632
3058.352112 20.324604
3058.757326 20.316971
3059.162540 20.652713
3059.567755 20.801866
3059.972969 20.928342
3060.378184 20.253858
3060.783398 19.804406
3061.188612 19.502866
3061.593827 20.575725
3061.999041 20.878944
3062.404255 20.685314
3062.809470 20.766284
3063.214684 20.829406
3063.619898 20.733432
3064.025113 20.472417
3064.430327 20.573704
3064.835542 20.221336
3065.240756 19.842429
3065.645970 20.174790
3066.051185 20.217895
3066.456399 20.675551
3066.861613 20.875783
3067.266828 20.676411
3067.672042 20.305397
3068.077256 19.652561
3068.482471 20.181732
3068.887685 20.234241
3069.292899 20.144159
3069.698114 20.039591
3070.103328 20.723398
3070.508543 21.006370
3070.913757 20.367129
3071.318971 20.525176
3071.724186 20.377883
3072.129400 20.048404
3072.534614 19.959642
3072.939829 20.036580
3073.345043 19.802445
3073.750257 20.687705
3074.155472 20.135175
3074.560686 19.317860
3074.965901 20.045323
3075.371115 20.600083
3075.776329 20.165276
3076.181544 19.995095
3076.586758 20.220476
3076.991972 20.214724
3077.397187 20.030998
3077.802401 20.537571
3078.207615 20.676221
3078.612830 20.388367
3079.018044 20.576555
3079.423258 21.194128
3079.828473 21.001019
3080.233687 20.536601
3080.638902 20.503098
3081.044116 20.395239
3081.449330 19.692275
3081.854545 19.336166
3082.259759 20.214464
3082.664973 20.295903
3083.070188 20.878924
3083.475402 20.467005
3083.880616 19.678290
3084.285831 20.008659
3084.691045 19.759899
3085.096260 20.059758
3085.501474 20.379734
3085.906688 19.781237
3086.311903 19.936844
3086.717117 20.564441
3087.122331 20.257590
3087.527546 20.421909
3087.932760 21.474140
3088.337974 21.647973
3088.743189 20.684514
3089.148403 20.508730
3089.553617 20.539912
3089.958832 20.921870
3090.364046 21.304128
3090.769261 20.995877
3091.174475 20.951761
3091.579689 20.864199
3091.984904 20.017103
3092.390118 20.055757
3092.795332 20.293423
3093.200547 20.485142
3093.605761 20.776077
3094.010975 21.355817
3094.416190 21.435636
3094.821404 20.953551
3095.226619 20.214144
3095.631833 20.550596
3096.037047 20.333327
3096.442262 21.007691
3096.847476 20.110106
3097.252690 20.119129
3097.657905 20.063819
3098.063119 19.973937
3098.468333 20.290672
3098.873548 19.949858
3099.278762 20.518404
3099.683976 20.809139
3100.089191 20.383515
3100.494405 19.988032
3100.899620 20.362117
3101.304834 20.515353
3101.710048 20.816272
3102.115263 20.727039
3102.520477 20.966416
3102.925691 20.725949
3103.330906 20.935455
3103.736120 20.849094
3104.141334 20.339369
3104.546549 19.703379
3104.951763 20.338469
3105.356978 20.507630
3105.762192 20.864459
3106.167406 21.155825
3106.572621 21.342892
3106.977835 21.088100
3107.383049 20.678772
3107.788264 20.340159
3108.193478 20.484052
3108.598692 20.928732
3109.003907 21.580518
3109.409121 21.077506
3109.814336 20.866100
3110.219550 21.326596
3110.624764 21.130265
3111.029979 20.788752
3111.435193 21.877866
3111.840407 21.842103
3112.245622 20.965656
3112.650836 20.187314
3113.056050 20.928262
3113.461265 23.519780
3113.866479 25.424319
3114.271693 25.366048
3114.676908 22.172452
3115.082122 18.729587
3115.487337 17.986428
3115.892551 19.728448
3116.297765 22.036223
3116.702980 23.383741
3117.108194 23.476514
3117.513408 22.226342
3117.918623 21.068873
3118.323837 20.982642
3118.729051 20.814561
3119.134266 20.650612
3119.539480 20.504339
3119.944695 20.609567
3120.349909 21.091431
3120.755123 20.660615
3121.160338 20.412336
3121.565552 20.515633
3121.970766 20.623352
3122.375981 21.182464
3122.781195 21.049676
3123.186409 21.562132
3123.591624 21.549287
3123.996838 21.603076
3124.402052 21.501360
3124.807267 21.568184
3125.212481 21.865511
3125.617696 21.850966
3126.022910 22.073697
3126.428124 22.534213
3126.833339 22.429595
3127.238553 21.797037
3127.643767 21.609269
3128.048982 21.514894
3128.454196 21.965067
3128.859410 22.053499
3129.264625 21.581579
3129.669839 21.415408
3130.075054 21.955604
3130.480268 22.068085
3130.885482 21.783492
3131.290697 21.708294
3131.695911 21.574286
3132.101125 22.206425
3132.506340 22.732225
3132.911554 22.158157
3133.316768 21.746378
3133.721983 21.700692
3134.127197 21.377985
3134.532411 21.881567
3134.937626 21.348604
3135.342840 21.493187
3135.748055 21.758713
3136.153269 21.583959
3136.558483 22.049808
3136.963698 21.600966
3137.368912 21.495868
3137.774126 21.578377
3138.179341 21.793625
3138.584555 21.627905
3138.989769 21.764225
3139.394984 21.311271
3139.800198 21.255381
3140.205413 21.375484
3140.610627 21.417069
3141.015841 21.100795
3141.421056 20.843592
3141.826270 20.375072
3142.231484 21.196569
3142.636699 21.537703
3143.041913 21.731083
3143.447127 21.524178
3143.852342 21.339811
3144.257556 21.785352
3144.662770 22.088822
3145.067985 21.887879
3145.473199 20.768985
3145.878414 21.009442
3146.283628 22.016126
3146.688842 21.944110
3147.094057 21.839992
3147.499271 21.316253
3147.904485 21.325806
3148.309700 21.189817
3148.714914 21.115870
3149.120128 21.036521
3149.525343 21.417389
3149.930557 21.346844
3150.335772 20.671859
3150.740986 21.072805
3151.146200 20.959904
3151.551415 21.101415
3151.956629 20.794894
3152.361843 20.898441
3152.767058 20.970377
3153.172272 20.892889
3153.577486 20.908995
3153.982701 21.167569
3154.387915 21.134487
3154.793129 21.055288
3155.198344 21.190937
3155.603558 21.247318
3156.008773 20.666628
3156.413987 21.076846
3156.819201 20.994016
3157.224416 20.825915
3157.629630 21.271326
3158.034844 21.162717
3158.440059 20.879655
3158.845273 20.837669
3159.250487 21.210594
3159.655702 20.680092
3160.060916 20.795224
3160.466131 20.766344
3160.871345 21.008701
3161.276559 20.994936
3161.681774 20.844582
3162.086988 20.620271
3162.492202 20.908215
3162.897417 21.453812
3163.302631 21.541254
3163.707845 21.644391
3164.113060 21.386608
3164.518274 21.441078
3164.923488 20.831457
3165.328703 20.976770
3165.733917 21.081918
3166.139132 20.757470
3166.544346 20.110516
3166.949560 20.597673
3167.354775 21.011862
3167.759989 21.110078
3168.165203 20.805678
3168.570418 20.921880
3168.975632 21.096733
3169.380846 20.817472
3169.786061 20.632125
3170.191275 20.982842
3170.596490 20.503979
3171.001704 20.557178
3171.406918 21.207283
3171.812133 21.255771
3172.217347 20.782630
3172.622561 20.958013
3173.027776 20.998178
3173.432990 21.486224
3173.838204 20.950460
3174.243419 21.183254
3174.648633 20.787781
3175.053848 20.819203
3175.459062 20.823564
3175.864276 20.947339
3176.269491 21.063291
3176.674705 21.159436
3177.079919 21.310210
3177.485134 21.200711
3177.890348 20.819263
3178.295562 21.082498
3178.700777 20.860178
3179.105991 20.601124
3179.511205 20.901683
3179.916420 21.136037
3180.321634 21.028859
3180.726849 20.959674
3181.132063 20.305917
3181.537277 20.393819
3181.942492 20.424540
3182.347706 20.725109
3182.752920 20.393719
3183.158135 20.769185
3183.563349 20.868030
3183.968563 21.205643
3184.373778 21.224399
3184.778992 20.980601
3185.184207 20.903593
3185.589421 21.506331
3185.994635 21.412017
3186.399850 21.538533
3186.805064 21.423151
3187.210278 21.235383
3187.615493 20.976310
3188.020707 20.889058
3188.425921 20.798555
3188.831136 20.754159
3189.236350 20.755760
3189.641564 20.735833
3190.046779 20.595652
3190.451993 21.037052
3190.857208 21.393651
3191.262422 21.068963
3191.667636 20.812110
3192.072851 20.631025
3192.478065 20.605015
3192.883279 21.299767
3193.288494 21.418520
3193.693708 21.411887
3194.098922 20.823994
3194.504137 20.784490
3194.909351 20.277557
3195.314566 20.281158
3195.719780 20.534530
3196.124994 21.521427
3196.530209 21.139679
3196.935423 21.012983
3197.340637 21.232422
3197.745852 20.889288
3198.151066 21.022966
3198.556280 21.030309
3198.961495 21.114410
3199.366709 21.181034
3199.771923 21.086199
3200.177138 20.487493
3200.582352 20.768084
3200.987567 21.414018
3201.392781 21.495537
3201.797995 21.379495
3202.203210 20.703911
3202.608424 20.854976
3203.013638 21.117521
3203.418853 21.576067
3203.824067 21.202882
3204.229281 21.350775
3204.634496 20.876824
3205.039710 20.711004
3205.444925 20.595292
3205.850139 20.443257
3206.255353 20.581847
3206.660568 20.513892
3207.065782 20.284819
3207.470996 20.632035
3207.876211 20.601544
3208.281425 20.591220
3208.686639 20.472457
3209.091854 20.600464
3209.497068 20.955632
3209.902282 21.301777
3210.307497 21.377815
3210.712711 21.502890
3211.117926 22.141611
3211.523140 21.515885
3211.928354 20.240854
3212.333569 19.830415
3212.738783 20.135125
3213.143997 20.518144
3213.549212 20.922740
3213.954426 20.994136
3214.359640 20.700270
3214.764855 21.144470
3215.170069 20.652813
3215.575284 20.712294
3215.980498 20.718596
3216.385712 20.804067
3216.790927 20.742685
3217.196141 20.229139
3217.601355 20.563260
3218.006570 21.148742
3218.411784 20.898882
3218.816998 20.617720
3219.222213 20.907885
3219.627427 20.970648
3220.032641 20.853265
3220.437856 21.088050
3220.843070 21.081408
3221.248285 21.084359
3221.653499 20.944348
3222.058713 20.970918
3222.463928 21.169990
3222.869142 20.900802
3223.274356 20.782139
3223.679571 21.078587
3224.084785 21.126394
3224.489999 20.943958
3224.895214 20.676121
3225.300428 20.367269
3225.705643 20.579666
3226.110857 20.550506
3226.516071 20.365188
3226.921286 21.518366
3227.326500 21.181164
3227.731714 20.059418
3228.136929 20.424960
3228.542143 20.769015
3228.947357 20.625293
3229.352572 20.726039
3229.757786 20.082196
3230.163000 20.076284
3230.568215 20.268343
3230.973429 20.439175
3231.378644 20.896621
3231.783858 20.868170
3232.189072 20.711124
3232.594287 20.686995
3232.999501 20.934464
3233.404715 20.272785
3233.809930 19.893698
3234.215144 20.450339
3234.620358 20.659405
3235.025573 20.906454
3235.430787 20.477979
3235.836002 20.312609
3236.241216 20.368090
3236.646430 20.191746
3237.051645 20.733862
3237.456859 21.467117
3237.862073 21.361859
3238.267288 21.329427
3238.672502 21.052697
3239.077716 20.780549
3239.482931 21.046915
3239.888145 21.057349
3240.293360 20.716316
3240.698574 20.631785
3241.103788 20.333067
3241.509003 20.731251
3241.914217 20.900042
3242.319431 21.075806
3242.724646 20.896421
3243.129860 20.612078
3243.535074 20.268564
3243.940289 19.604883
3244.345503 20.298234
3244.750717 20.775357
3245.155932 20.744416
3245.561146 20.619340
3245.966361 21.115220
3246.371575 20.959514
3246.776789 20.644670
3247.182004 20.630204
3247.587218 20.583227
3247.992432 20.529568
3248.397647 20.447008
3248.802861 20.449999
3249.208075 20.990985
3249.613290 20.724739
3250.018504 20.212013
3250.423719 19.648059
3250.828933 19.398579
3251.234147 19.750726
3251.639362 19.132412
3252.044576 18.472034
3252.449790 18.238359
3252.855005 18.567328
3253.260219 19.138975
3253.665433 19.631063
3254.070648 20.123771
3254.475862 20.310859
3254.881076 20.571053
3255.286291 20.953191
3255.691505 20.755920
3256.096720 20.207722
3256.501934 20.065660
3256.907148 20.273685
3257.312363 20.437925
3257.717577 20.346752
3258.122791 20.310799
3258.528006 19.964013
3258.933220 20.110736
3259.338434 20.067671
3259.743649 20.118679
3260.148863 20.413766
3260.554078 20.487703
3260.959292 20.064020
3261.364506 19.607664
3261.769721 19.410323
3262.174935 19.685403
3262.580149 20.019693
3262.985364 20.130153
3263.390578 20.006909
3263.795792 20.376293
3264.201007 20.804577
3264.606221 20.416027
3265.011435 19.901471
3265.416650 19.970366
3265.821864 20.199689
3266.227079 20.133175
3266.632293 20.212713
3267.037507 19.985051
3267.442722 20.047213
3267.847936 20.005188
3268.253150 19.700428
3268.658365 20.147660
3269.063579 20.097312
3269.468793 19.795432
3269.874008 19.525985
3270.279222 20.221797
3270.684437 20.176280
3271.089651 19.791101
3271.494865 20.123901
3271.900080 20.128243
3272.305294 20.251047
3272.710508 19.869249
3273.115723 19.778236
3273.520937 19.934953
3273.926151 20.048224
3274.331366 20.234941
3274.736580 20.205041
3275.141794 20.187604
3275.547009 19.716694
3275.952223 19.821442
3276.357438 19.831145
3276.762652 19.929721
3277.167866 19.717154
3277.573081 19.788110
3277.978295 19.781887
3278.383509 19.916136
3278.788724 20.101363
3279.193938 19.749966
3279.599152 19.924619
3280.004367 19.413434
3280.409581 19.395238
3280.814796 19.355413
3281.220010 19.164114
3281.625224 18.637824
3282.030439 19.091558
3282.435653 19.558737
3282.840867 19.699087
3283.246082 20.068841
3283.651296 19.806766
3284.056510 20.211723
3284.461725 20.033799
3284.866939 19.968845
3285.272153 20.137686
3285.677368 20.270414
3286.082582 20.455371
3286.487797 19.973617
3286.893011 19.163474
3287.298225 19.492063
3287.703440 19.825423
3288.108654 19.781297
3288.513868 19.811578
3288.919083 20.257069
3289.324297 20.050405
3289.729511 19.851243
3290.134726 19.912225
3290.539940 20.112567
3290.945155 20.192176
3291.350369 20.211083
3291.755583 20.001637
3292.160798 19.853954
3292.566012 19.966534
3292.971226 19.963723
3293.376441 19.678480
3293.781655 19.620579
3294.186869 19.656502
3294.592084 19.704549
3294.997298 19.791401
3295.402512 19.386784
3295.807727 19.709771
3296.212941 19.371029
3296.618156 19.495154
3297.023370 19.764281
3297.428584 19.669407
3297.833799 19.886625
3298.239013 20.169278
3298.644227 20.194307
3299.049442 20.120860
3299.454656 20.074633
3299.859870 19.764821
3300.265085 19.963453
3300.670299 20.311669
3301.075514 19.771914
3301.480728 19.575033
3301.885942 19.789540
3302.291157 19.756038
3302.696371 19.511470
3303.101585 19.969265
3303.506800 20.749337
3303.912014 20.234251
3304.317228 20.112597
3304.722443 19.941885
3305.127657 19.436623
3305.532871 19.996925
3305.938086 20.089369
3306.343300 20.020034
3306.748515 19.988512
3307.153729 19.564669
3307.558943 19.563608
3307.964158 19.888556
3308.369372 19.636755
3308.774586 19.528856
3309.179801 19.969705
3309.585015 20.138446
3309.990229 19.922578
3310.395444 19.386014
3310.800658 19.376621
3311.205873 19.949368
3311.611087 19.686783
3312.016301 20.157073
3312.421516 20.249937
3312.826730 20.070622
3313.231944 20.120730
3313.637159 19.985731
3314.042373 19.687763
3314.447587 20.085137
3314.852802 20.351644
3315.258016 20.331186
3315.663231 20.819593
3316.068445 20.457592
3316.473659 20.333257
3316.878874 20.344441
3317.284088 20.062159
3317.689302 20.041511
3318.094517 19.727788
3318.499731 19.635675
3318.904945 19.484310
3319.310160 19.723126
3319.715374 19.206519
3320.120588 20.162915
3320.525803 20.160935
3320.931017 19.919607
3321.336232 19.822022
3321.741446 19.810808
3322.146660 19.547363
3322.551875 19.327523
3322.957089 19.230138
3323.362303 20.008059
3323.767518 19.911644
3324.172732 19.491122
3324.577946 19.520053
3324.983161 19.649620
3325.388375 19.420767
3325.793590 19.370989
3326.198804 19.847761
3326.604018 19.714673
3327.009233 19.660574
3327.414447 20.069952
3327.819661 20.111717
3328.224876 20.015822
3328.630090 20.105805
3329.035304 19.983320
3329.440519 19.712192
3329.845733 19.542061
3330.250947 19.131882
3330.656162 19.807317
3331.061376 20.152902
3331.466591 20.157403
3331.871805 19.739182
3332.277019 19.857585
3332.682234 19.415435
3333.087448 20.220036
3333.492662 19.923409
3333.897877 20.119550
3334.303091 20.120270
3334.708305 19.762721
3335.113520 19.766712
3335.518734 20.071982
3335.923949 20.208452
3336.329163 20.101413
3336.734377 19.793962
3337.139592 19.828414
3337.544806 19.949228
3337.950020 20.085387
3338.355235 20.385266
3338.760449 20.394229
3339.165663 19.825893
3339.570878 19.896759
3339.976092 20.278897
3340.381306 20.638497
3340.786521 20.894500
3341.191735 20.770645
3341.596950 20.486382
3342.002164 20.033148
3342.407378 19.816200
3342.812593 19.661934
3343.217807 20.214914
3343.623021 20.469986
3344.028236 20.971058
3344.433450 21.131286
3344.838664 20.679402
3345.243879 20.855356
3345.649093 20.852115
3346.054308 20.877564
3346.459522 20.918999
3346.864736 20.915998
3347.269951 20.142178
3347.675165 20.470937
3348.080379 20.189065
3348.485594 20.093200
3348.890808 20.013411
3349.296022 20.542813
3349.701237 20.238723
3350.106451 20.426051
3350.511665 20.725319
3350.916880 20.415057
3351.322094 20.395630
3351.727309 20.042822
3352.132523 19.669997
3352.537737 19.992814
3352.942952 19.878873
3353.348166 20.067751
3353.753380 20.157143
3354.158595 20.160454
3354.563809 20.109966
3354.969023 19.827024
3355.374238 19.931572
3355.779452 19.274064
3356.184667 19.730129
3356.589881 19.128971
3356.995095 19.153450
3357.400310 19.325282
3357.805524 19.916996
3358.210738 19.767382
3358.615953 19.726838
3359.021167 19.812809
3359.426381 19.750756
3359.831596 19.595820
3360.236810 19.432931
3360.642024 19.313468
3361.047239 19.230608
3361.452453 19.427179
3361.857668 19.236160
3362.262882 19.577483
3362.668096 19.903371
3363.073311 19.866138
3363.478525 19.793232
3363.883739 19.671237
3364.288954 19.536659
3364.694168 19.858495
3365.099382 19.591979
3365.504597 19.707841
3365.909811 19.687993
3366.315026 19.570271
3366.720240 19.675939
3367.125454 19.692825
3367.530669 19.818531
3367.935883 19.579694
3368.341097 19.570251
3368.746312 19.284888
3369.151526 19.179089
3369.556740 19.205069
3369.961955 19.743113
3370.367169 19.808807
3370.772383 19.507278
3371.177598 19.798513
3371.582812 19.253726
3371.988027 19.259158
3372.393241 19.254307
3372.798455 19.759729
3373.203670 19.803155
3373.608884 19.966234
3374.014098 19.817400
3374.419313 20.332467
3374.824527 20.513482
3375.229741 20.741945
3375.634956 20.557838
3376.040170 20.362718
3376.445385 20.181892
3376.850599 20.112997
3377.255813 19.842189
3377.661028 19.736211
3378.066242 19.292440
3378.471456 18.889304
3378.876671 19.149599
3379.281885 19.598061
3379.687099 19.363996
3380.092314 19.553685
3380.497528 19.778296
3380.902743 19.609225
3381.307957 19.082654
3381.713171 19.555596
3382.118386 19.897129
3382.523600 19.566399
3382.928814 19.121048
3383.334029 19.565459
3383.739243 19.193345
3384.144457 19.170586
3384.549672 19.455879
3384.954886 19.796723
3385.360100 19.809698
3385.765315 19.693626
3386.170529 19.659863
3386.575744 19.151859
3386.980958 19.484440
3387.386172 19.786309
3387.791387 19.920648
3388.196601 19.798513
3388.601815 19.364897
3389.007030 19.236210
3389.412244 19.062087
3389.817458 19.210321
3390.222673 19.823052
3390.627887 19.869879
3391.033102 19.975748
3391.438316 19.948958
3391.843530 19.335136
3392.248745 19.687013
3392.653959 19.351682
3393.059173 19.164684
3393.464388 19.450558
3393.869602 19.378552
3394.274816 19.142416
3394.680031 19.367778
3395.085245 18.724275
3395.490459 19.002275
3395.895674 19.100261
3396.300888 18.684440
3396.706103 19.235920
3397.111317 19.515061
3397.516531 20.100843
3397.921746 19.877312
3398.326960 19.439654
3398.732174 19.982940
3399.137389 20.422529
3399.542603 20.395900
3399.947817 19.971216
3400.353032 20.255459
3400.758246 20.382055
3401.163461 20.589180
3401.568675 20.312389
3401.973889 19.618628
3402.379104 19.061957
3402.784318 19.401340
3403.189532 19.760580
3403.594747 19.531187
3403.999961 19.828024
3404.405175 19.407022
3404.810390 20.054246
3405.215604 19.918227
3405.620818 19.344369
3406.026033 19.748475
3406.431247 19.941985
3406.836462 20.261601
3407.241676 20.354835
3407.646890 20.320222
3408.052105 20.281028
3408.457319 20.064880
3408.862533 19.751526
3409.267748 20.059418
3409.672962 20.340800
3410.078176 20.515313
3410.483391 20.277597
3410.888605 19.521183
3411.293820 19.601802
3411.699034 19.920578
3412.104248 19.577764
3412.509463 19.303194
3412.914677 19.616338
3413.319891 19.754808
3413.725106 19.988192
3414.130320 20.436134
3414.535534 20.323774
3414.940749 20.204931
3415.345963 20.342070
3415.751177 19.720375
3416.156392 19.873261
3416.561606 19.447016
3416.966821 20.225098
3417.372035 19.538940
3417.777249 19.996645
3418.182464 20.245515
3418.587678 20.151801
3418.992892 20.745306
3419.398107 21.191057
3419.803321 21.850236
3420.208535 21.320894
3420.613750 21.496258
3421.018964 21.250089
3421.424179 21.263474
3421.829393 21.793845
3422.234607 21.503220
3422.639822 21.322865
3423.045036 21.661548
3423.450250 21.166678
3423.855465 21.566493
3424.260679 22.195951
3424.665893 22.191329
3425.071108 22.373355
3425.476322 23.041807
3425.881536 23.054582
3426.286751 22.980145
3426.691965 22.971822
3427.097180 22.743799
3427.502394 22.669022
3427.907608 21.873234
3428.312823 21.088210
3428.718037 21.253730
3429.123251 21.018225
3429.528466 21.089401
3429.933680 20.040481
3430.338894 20.512362
3430.744109 20.134285
3431.149323 20.174479
3431.554538 20.227599
3431.959752 20.067891
3432.364966 20.381354
3432.770181 20.834968
3433.175395 21.475600
3433.580609 20.992225
3433.985824 20.073813
3434.391038 19.909914
3434.796252 20.367709
3435.201467 19.706990
3435.606681 19.582865
3436.011895 19.774585
3436.417110 19.727968
3436.822324 19.802725
3437.227539 19.812799
3437.632753 19.722916
3438.037967 19.888786
3438.443182 19.902751
3438.848396 19.817971
3439.253610 20.186774
3439.658825 20.127963
3440.064039 19.709061
3440.469253 19.709411
3440.874468 19.777556
3441.279682 19.948668
3441.684897 20.210352
3442.090111 20.160254
3442.495325 19.783708
3442.900540 19.730809
3443.305754 19.662344
3443.710968 19.780797
3444.116183 19.644408
3444.521397 19.646468
3444.926611 20.044973
3445.331826 19.953440
3445.737040 19.958331
3446.142255 20.090839
3446.547469 19.776916
3446.952683 19.949718
3447.357898 19.921048
3447.763112 19.737741
3448.168326 19.282547
3448.573541 19.452158
3448.978755 18.847739
3449.383969 19.188663
3449.789184 19.474116
3450.194398 19.917146
3450.599612 19.508459
3451.004827 19.655222
3451.410041 19.607884
3451.815256 19.475827
3452.220470 19.635945
3452.625684 19.708751
3453.030899 19.536539
3453.436113 19.634504
3453.841327 19.742163
3454.246542 19.627452
3454.651756 19.781927
3455.056970 19.899690
3455.462185 19.739732
3455.867399 19.243072
3456.272614 19.020002
3456.677828 19.148728
3457.083042 19.387565
3457.488257 19.640496
3457.893471 19.414214
3458.298685 19.418896
3458.703900 19.635274
3459.109114 19.972166
3459.514328 19.772424
3459.919543 19.633094
3460.324757 19.674329
3460.729971 19.681361
3461.135186 19.621639
3461.540400 19.826764
3461.945615 19.342128
3462.350829 19.406852
3462.756043 19.341828
3463.161258 19.364436
3463.566472 19.454669
3463.971686 19.649510
3464.376901 19.296852
3464.782115 19.011119
3465.187329 19.160162
3465.592544 19.669537
3465.997758 19.613196
3466.402973 19.011559
3466.808187 19.029105
3467.213401 18.827162
3467.618616 19.194645
3468.023830 19.526725
3468.429044 19.562328
3468.834259 19.398089
3469.239473 19.362986
3469.644687 19.673678
3470.049902 19.944766
3470.455116 19.887586
3470.860330 19.931121
3471.265545 19.456640
3471.670759 19.634614
3472.075974 19.699057
3472.481188 19.618858
3472.886402 19.834486
3473.291617 19.452228
3473.696831 18.998504
3474.102045 19.178979
3474.507260 19.341468
3474.912474 19.361645
3475.317688 19.313878
3475.722903 19.292010
3476.128117 19.176708
3476.533332 19.645738
3476.938546 19.481639
3477.343760 19.485870
3477.748975 19.352202
3478.154189 19.658083
3478.559403 19.574763
3478.964618 19.355113
3479.369832 19.401220
3479.775046 19.016390
3480.180261 18.890275
3480.585475 19.003126
3480.990689 18.839256
3481.395904 19.210401
3481.801118 19.449897
3482.206333 19.400419
3482.611547 19.401310
3483.016761 19.877092
3483.421976 19.644338
3483.827190 19.404681
3484.232404 19.205299
3484.637619 19.408112
3485.042833 19.659803
3485.448047 19.214492
3485.853262 19.325872
3486.258476 19.414354
3486.663691 19.498325
3487.068905 19.062697
3487.474119 19.084375
3487.879334 18.855522
3488.284548 18.911202
3488.689762 19.235470
3489.094977 19.107053
3489.500191 18.966562
3489.905405 18.859214
3490.310620 19.243503
3490.715834 19.363766
3491.121048 19.875761
3491.526263 19.806246
3491.931477 19.384944
3492.336692 19.023683
3492.741906 18.886634
3493.147120 18.757697
3493.552335 19.211071
3493.957549 19.135364
3494.362763 18.934021
3494.767978 18.853762
3495.173192 18.863175
3495.578406 18.856183
3495.983621 18.992142
3496.388835 18.877390
3496.794050 18.805674
3497.199264 18.782266
3497.604478 19.235730
3498.009693 19.322031
3498.414907 19.476607
3498.820121 19.219204
3499.225336 18.935241
3499.630550 18.879591
3500.035764 19.282947
3500.440979 19.259799
3500.846193 19.229408
3501.251407 19.008358
3501.656622 18.778214
3502.061836 18.728206
3502.467051 18.931680
3502.872265 18.847609
3503.277479 19.316279
3503.682694 19.154781
3504.087908 19.021692
3504.493122 19.015840
3504.898337 19.602643
3505.303551 19.649800
3505.708765 19.639276
3506.113980 19.502426
3506.519194 19.325062
3506.924409 19.094379
3507.329623 18.948026
3507.734837 18.757227
3508.140052 18.867657
3508.545266 19.121198
3508.950480 19.165895
3509.355695 19.585746
3509.760909 19.593899
3510.166123 19.364787
3510.571338 19.515321
3510.976552 19.307846
3511.381767 18.824871
3511.786981 19.033367
3512.192195 18.896127
3512.597410 18.808125
3513.002624 18.778434
3513.407838 18.873279
3513.813053 18.708509
3514.218267 19.173237
3514.623481 19.093748
3515.028696 19.262590
3515.433910 19.282907
3515.839124 19.570781
3516.244339 18.970974
3516.649553 19.019872
3517.054768 19.151099
3517.459982 19.068109
3517.865196 19.257648
3518.270411 19.127531
3518.675625 18.924907
3519.080839 19.343309
3519.486054 19.262720
3519.891268 19.302784
3520.296482 19.394237
3520.701697 19.618908
3521.106911 19.403681
3521.512126 19.377701
3521.917340 18.949016
3522.322554 18.489550
3522.727769 18.493501
3523.132983 19.014890
3523.538197 19.372049
3523.943412 19.030065
3524.348626 18.901439
3524.753840 18.846359
3525.159055 18.917455
3525.564269 19.239201
3525.969483 19.246404
3526.374698 19.196015
3526.779912 19.018991
3527.185127 18.875189
3527.590341 18.495472
3527.995555 18.437871
3528.400770 19.003886
3528.805984 18.784897
3529.211198 19.053944
3529.616413 18.871658
3530.021627 19.174648
3530.426841 19.118197
3530.832056 18.675867
3531.237270 18.917415
3531.642485 19.001205
3532.047699 19.191984
3532.452913 19.008157
3532.858128 19.184361
3533.263342 19.543651
3533.668556 19.242362
3534.073771 18.648537
3534.478985 18.703387
3534.884199 18.616206
3535.289414 18.823221
3535.694628 18.848860
3536.099842 18.871618
3536.505057 19.218774
3536.910271 19.433511
3537.315486 18.951187
3537.720700 19.006877
3538.125914 18.861054
3538.531129 18.970384
3538.936343 19.041740
3539.341557 18.994643
3539.746772 18.982148
3540.151986 18.714891
3540.557200 18.270140
3540.962415 18.456778
3541.367629 17.852299
3541.772844 18.182019
3542.178058 18.196624
3542.583272 18.298331
3542.988487 18.583274
3543.393701 18.861825
3543.798915 18.624359
3544.204130 18.675037
3544.609344 18.667174
3545.014558 18.648257
3545.419773 18.499724
3545.824987 18.797951
3546.230201 18.680769
3546.635416 18.812957
3547.040630 18.856653
3547.445845 18.611554
3547.851059 18.645716
3548.256273 18.878781
3548.661488 18.919846
3549.066702 19.065698
3549.471916 18.695014
3549.877131 18.430779
3550.282345 18.911643
3550.687559 18.896017
3551.092774 18.217331
3551.497988 18.230456
3551.903203 18.260487
3552.308417 18.670996
3552.713631 19.295832
3553.118846 19.400630
3553.524060 19.010768
3553.929274 18.753185
3554.334489 18.577472
3554.739703 18.794470
3555.144917 18.683730
3555.550132 18.741471
3555.955346 18.942784
3556.360560 18.704868
3556.765775 18.812167
3557.170989 18.865346
3557.576204 18.355541
3557.981418 18.432249
3558.386632 18.423096
3558.791847 18.797621
3559.197061 18.939883
3559.602275 18.850020
3560.007490 18.898618
3560.412704 18.593127
3560.817918 18.869647
3561.223133 18.792529
3561.628347 18.935861
3562.033562 18.913023
3562.438776 18.622638
3562.843990 18.414073
3563.249205 18.571930
3563.654419 18.616336
3564.059633 18.938502
3564.464848 18.953308
3564.870062 19.060957
3565.275276 18.978557
3565.680491 18.698025
3566.085705 18.611934
3566.490919 18.580353
3566.896134 18.503315
3567.301348 18.190762
3567.706563 18.194763
3568.111777 18.442233
3568.516991 19.029565
3568.922206 19.268572
3569.327420 19.180660
3569.732634 18.537727
3570.137849 18.283985
3570.543063 18.595418
3570.948277 18.645316
3571.353492 18.725865
3571.758706 18.442703
3572.163921 18.037166
3572.569135 18.034905
3572.974349 18.311716
3573.379564 18.249463
3573.784778 18.549161
3574.189992 18.812187
3574.595207 18.851281
3575.000421 17.946954
3575.405635 18.465241
3575.810850 19.110945
3576.216064 20.040551
3576.621279 20.119039
3577.026493 20.142898
3577.431707 19.748765
3577.836922 19.537569
3578.242136 19.746805
3578.647350 19.777346
3579.052565 20.335298
3579.457779 19.305675
3579.862993 18.751325
3580.268208 18.612414
3580.673422 18.256996
3581.078636 17.916272
3581.483851 17.543498
3581.889065 17.752263
3582.294280 17.616784
3582.699494 18.143235
3583.104708 18.646307
3583.509923 18.862125
3583.915137 18.859634
3584.320351 18.411702
3584.725566 17.952335
3585.130780 18.113804
3585.535994 18.315137
3585.941209 18.457288
3586.346423 18.496362
3586.751638 18.730567
3587.156852 18.460879
3587.562066 18.522272
3587.967281 18.320609
3588.372495 18.264158
3588.777709 18.886984
3589.182924 18.706528
3589.588138 18.787238
3589.993352 18.685641
3590.398567 18.911653
3590.803781 18.270261
3591.208995 18.853391
3591.614210 18.714051
3592.019424 18.910952
3592.424639 18.957879
3592.829853 18.262568
3593.235067 18.040717
3593.640282 18.899978
3594.045496 19.214062
3594.450710 20.003978
3594.855925 20.227539
3595.261139 19.884535
3595.666353 18.920836
3596.071568 17.354159
3596.476782 17.517368
3596.881997 17.453655
3597.287211 17.355089
3597.692425 18.149577
3598.097640 18.554873
3598.502854 19.226757
3598.908068 20.165446
3599.313283 19.573452
3599.718497 18.242731
3600.123711 18.286216
3600.528926 18.292349
3600.934140 17.904058
3601.339354 17.828211
3601.744569 18.120556
3602.149783 18.555474
3602.554998 18.772412
3602.960212 18.187391
3603.365426 18.082773
3603.770641 18.085854
3604.175855 18.118936
3604.581069 18.359263
3604.986284 18.478546
3605.391498 18.490610
3605.796712 18.092226
3606.201927 18.150647
3606.607141 18.107562
3607.012356 18.081782
3607.417570 18.034905
3607.822784 18.652249
3608.227999 19.047242
3608.633213 19.067419
3609.038427 18.990711
3609.443642 19.019041
3609.848856 18.522112
3610.254070 18.440142
3610.659285 18.719293
3611.064499 18.380670
3611.469713 18.383211
3611.874928 18.587945
3612.280142 18.588546
3612.685357 18.625489
3613.090571 19.144107
3613.495785 18.837326
3613.901000 18.648447
3614.306214 19.620339
3614.711428 20.992916
3615.116643 20.873933
3615.521857 19.471545
3615.927071 19.071090
3616.332286 17.397615
3616.737500 17.661700
3617.142715 17.320067
3617.547929 17.431297
3617.953143 17.799440
3618.358358 18.167163
3618.763572 18.119246
3619.168786 18.191492
3619.574001 18.805194
3619.979215 18.903950
3620.384429 18.969974
3620.789644 18.893176
3621.194858 18.952547
3621.600072 18.511668
3622.005287 18.443843
3622.410501 18.601400
3622.815716 17.933579
3623.220930 17.664041
3623.626144 17.826100
3624.031359 17.765188
3624.436573 17.877288
3624.841787 17.995721
3625.247002 17.727064
3625.652216 18.422486
3626.057430 18.606792
3626.462645 19.346640
3626.867859 19.883904
3627.273074 19.816150
3627.678288 18.380130
3628.083502 17.229284
3628.488717 17.218160
3628.893931 17.065285
3629.299145 17.317246
3629.704360 17.999713
3630.109574 18.192262
3630.514788 18.581653
3630.920003 18.541078
3631.325217 18.427617
3631.730431 18.169784
3632.135646 17.574339
3632.540860 18.075230
3632.946075 18.614275
3633.351289 18.923147
3633.756503 18.454797
3634.161718 18.165022
3634.566932 18.073399
3634.972146 18.292359
3635.377361 18.705778
3635.782575 18.842908
3636.187789 18.611474
3636.593004 18.646046
3636.998218 18.331733
3637.403433 17.724313
3637.808647 18.014378
3638.213861 18.069068
3638.619076 17.761556
3639.024290 17.471852
3639.429504 17.754684
3639.834719 18.778094
3640.239933 19.375590
3640.645147 19.803055
3641.050362 19.390896
3641.455576 18.176787
3641.860790 17.834443
3642.266005 16.787114
3642.671219 16.273678
3643.076434 16.728953
3643.481648 17.333071
3643.886862 18.248072
3644.292077 18.423516
3644.697291 18.220392
3645.102505 18.352750
3645.507720 18.493351
3645.912934 18.317288
3646.318148 18.217862
3646.723363 18.379270
3647.128577 18.207508
3647.533792 18.098718
3647.939006 17.973253
3648.344220 17.745521
3648.749435 18.441422
3649.154649 18.015728
3649.559863 18.131110
3649.965078 18.224304
3650.370292 18.148867
3650.775506 18.128209
3651.180721 18.327331
3651.585935 18.854252
3651.991150 18.856823
3652.396364 18.590766
3652.801578 18.343887
3653.206793 18.085994
3653.612007 17.759416
3654.017221 17.457056
3654.422436 17.572428
3654.827650 17.801201
3655.232864 17.950465
3655.638079 17.764848
3656.043293 18.111443
3656.448507 18.250904
3656.853722 18.526983
3657.258936 18.250863
3657.664151 17.831262
3658.069365 17.617554
3658.474579 17.168572
3658.879794 17.482586
3659.285008 17.594756
3659.690222 17.859052
3660.095437 18.160451
3660.500651 18.592217
3660.905865 18.067667
3661.311080 17.760086
3661.716294 17.914842
3662.121509 18.114194
3662.526723 18.461820
3662.931937 18.267800
3663.337152 18.286556
3663.742366 18.116495
3664.147580 17.597567
3664.552795 17.598607
3664.958009 17.609641
3665.363223 17.907429
3665.768438 18.322349
3666.173652 18.087234
3666.578866 18.185290
3666.984081 18.092506
3667.389295 17.868245
3667.794510 17.601919
3668.199724 17.560144
3668.604938 17.852579
3669.010153 17.461488
3669.415367 17.713859
3669.820581 17.941372
3670.225796 18.106461
3670.631010 18.338535
3671.036224 18.097128
3671.441439 17.902908
3671.846653 17.829921
3672.251868 17.402036
3672.657082 17.409639
3673.062296 17.414891
3673.467511 17.670584
3673.872725 17.723973
3674.277939 17.761817
3674.683154 17.787616
3675.088368 18.243921
3675.493582 17.789477
3675.898797 17.692832
3676.304011 18.057183
3676.709225 17.751563
3677.114440 17.212058
3677.519654 17.167812
3677.924869 17.575859
3678.330083 17.853010
3678.735297 17.878149
3679.140512 17.802021
3679.545726 17.819587
3679.950940 17.906609
3680.356155 17.770270
3680.761369 17.294277
3681.166583 17.096326
3681.571798 17.314795
3681.977012 17.475933
3682.382227 17.676146
3682.787441 17.680817
3683.192655 17.488158
3683.597870 17.672004
3684.003084 17.562014
3684.408298 17.625267
3684.813513 17.472752
3685.218727 17.365883
3685.623941 17.369935
3686.029156 17.218790
3686.434370 17.252122
3686.839584 17.427576
3687.244799 17.402176
3687.650013 17.396594
3688.055228 17.342475
3688.460442 17.578510
3688.865656 17.567326
3689.270871 17.733136
3689.676085 17.401166
3690.081299 17.335302
3690.486514 17.207086
3690.891728 17.279152
3691.296942 17.596697
3691.702157 17.303931
3692.107371 16.944801
3692.512586 17.262046
3692.917800 17.200774
3693.323014 17.639462
3693.728229 17.835953
3694.133443 18.094257
3694.538657 18.509517
3694.943872 17.659640
3695.349086 17.246150
3695.754300 17.297389
3696.159515 16.722400
3696.564729 17.013846
3696.969943 16.839813
3697.375158 17.269718
3697.780372 17.184778
3698.185587 17.525241
3698.590801 17.358551
3698.996015 17.190380
3699.401230 17.458637
3699.806444 17.726784
3700.211658 17.566276
3700.616873 17.344886
3701.022087 16.695501
3701.427301 16.545496
3701.832516 17.029201
3702.237730 17.240868
3702.642945 17.490828
3703.048159 17.817867
3703.453373 17.730325
3703.858588 17.074368
3704.263802 16.215657
3704.669016 16.226641
3705.074231 16.588542
3705.479445 16.761385
3705.884659 16.500380
3706.289874 16.847716
3706.695088 16.787394
3707.100302 16.854408
3707.505517 16.643552
3707.910731 16.914710
3708.315946 17.824499
3708.721160 17.318836
3709.126374 16.840063
3709.531589 16.708585
3709.936803 16.553379
3710.342017 16.750241
3710.747232 16.999981
3711.152446 17.196832
3711.557660 17.066755
3711.962875 17.010705
3712.368089 17.347777
3712.773304 16.914450
3713.178518 17.186108
3713.583732 17.569997
3713.988947 17.378398
3714.394161 17.115793
3714.799375 17.005393
3715.204590 16.874606
3715.609804 17.117884
3716.015018 17.151136
3716.420233 17.204175
3716.825447 17.558643
3717.230662 17.342465
3717.635876 16.887320
3718.041090 16.057910
3718.446305 16.170301
3718.851519 16.160667
3719.256733 16.578628
3719.661948 16.987706
3720.067162 17.217360
3720.472376 17.520619
3720.877591 17.634030
3721.282805 18.018740
3721.688019 17.709988
3722.093234 17.745861
3722.498448 18.297690
3722.903663 19.209890
3723.308877 19.342809
3723.714091 19.529246
3724.119306 19.831846
3724.524520 20.302416
3724.929734 20.958333
3725.334949 21.931795
3725.740163 23.009265
3726.145377 24.622559
3726.550592 25.376822
3726.955806 25.648760
3727.361021 25.741764
3727.766235 25.543282
3728.171449 25.207380
3728.576664 25.291241
3728.981878 25.135655
3729.387092 24.761709
3729.792307 24.428519
3730.197521 23.957158
3730.602735 23.335453
3731.007950 22.424964
3731.413164 20.843532
3731.818378 20.161965
3732.223593 19.319190
3732.628807 18.800202
3733.034022 18.531055
3733.439236 18.289648
3733.844450 18.026462
3734.249665 17.715850
3734.654879 17.409419
3735.060093 17.324828
3735.465308 17.259845
3735.870522 16.831080
3736.275736 16.874986
3736.680951 16.597285
3737.086165 16.678415
3737.491380 16.680025
3737.896594 16.563833
3738.301808 16.351836
3738.707023 16.486045
3739.112237 16.339852
3739.517451 16.667461
3739.922666 16.572146
3740.327880 16.483154
3740.733094 16.367992
3741.138309 16.597615
3741.543523 16.619933
3741.948737 16.429635
3742.353952 16.254701
3742.759166 16.254151
3743.164381 16.316964
3743.569595 16.620244
3743.974809 16.751311
3744.380024 16.998170
3744.785238 16.760254
3745.190452 16.080788
3745.595667 16.340232
3746.000881 16.526960
3746.406095 16.622374
3746.811310 16.551819
3747.216524 16.563133
3747.621739 16.404255
3748.026953 16.364531
3748.432167 16.279880
3748.837382 16.279500
3749.242596 16.189818
3749.647810 15.959945
3750.053025 16.061601
3750.458239 15.866121
3750.863453 15.747588
3751.268668 16.036722
3751.673882 16.169931
3752.079096 16.203023
3752.484311 15.937016
3752.889525 16.680155
3753.294740 16.126105
3753.699954 16.346985
3754.105168 15.917609
3754.510383 15.496017
3754.915597 15.737034
3755.320811 15.341041
3755.726026 14.921009
3756.131240 15.027917
3756.536454 16.534623
3756.941669 15.007280
3757.346883 14.412965
3757.752098 14.413885
3758.157312 14.851754
3758.562526 15.521996
3758.967741 16.302709
3759.372955 16.341923
3759.778169 16.087721
3760.183384 15.549406
3760.588598 15.572444
3760.993812 15.135946
3761.399027 15.573475
3761.804241 15.891620
3762.209455 15.185674
3762.614670 14.651851
3763.019884 15.245616
3763.425099 14.772335
3763.830313 16.048237
3764.235527 16.555090
3764.640742 16.646063
3765.045956 16.643412
3765.451170 16.871915
3765.856385 16.512014
3766.261599 15.913208
3766.666813 15.334138
3767.072028 14.969196
3767.477242 14.971197
3767.882457 15.005209
3768.287671 15.584189
3768.692885 16.007542
3769.098100 15.394980
3769.503314 15.590141
3769.908528 15.534851
3770.313743 15.228890
3770.718957 14.877373
3771.124171 14.689395
3771.529386 14.976649
3771.934600 15.515864
3772.339814 15.365740
3772.745029 15.607947
3773.150243 15.475189
3773.555458 15.512813
3773.960672 15.321414
3774.365886 15.206322
3774.771101 16.048127
3775.176315 15.586199
3775.581529 15.603806
3775.986744 15.810611
3776.391958 15.350014
3776.797172 15.462905
3777.202387 15.498348
3777.607601 15.538302
3778.012816 15.628735
3778.418030 15.881916
3778.823244 15.818623
3779.228459 15.881206
3779.633673 15.881696
3780.038887 15.598744
3780.444102 15.632466
3780.849316 15.266084
3781.254530 15.780880
3781.659745 16.088561
3782.064959 15.367480
3782.470174 14.613617
3782.875388 15.228510
3783.280602 14.831606
3783.685817 15.350654
3784.091031 15.600705
3784.496245 15.825566
3784.901460 15.488714
3785.306674 15.810851
3785.711888 15.863140
3786.117103 16.150604
3786.522317 16.254161
3786.927531 16.420641
3787.332746 15.848434
3787.737960 15.226469
3788.143175 15.196678
3788.548389 15.229000
3788.953603 15.385147
3789.358818 15.636177
3789.764032 15.833449
3790.169246 15.508601
3790.574461 15.476640
3790.979675 15.479391
3791.384889 15.321974
3791.790104 15.430633
3792.195318 15.520956
3792.600533 15.537122
3793.005747 15.313641
3793.410961 15.075585
3793.816176 14.673549
3794.221390 14.977279
3794.626604 14.877983
3795.031819 14.965535
3795.437033 15.327066
3795.842247 15.409806
3796.247462 15.577626
3796.652676 15.438426
3797.057890 15.364039
3797.463105 15.123712
3797.868319 15.298555
3798.273534 15.288392
3798.678748 15.390719
3799.083962 15.328446
3799.489177 15.094672
3799.894391 14.789861
3800.299605 15.175181
3800.704820 15.155083
3801.110034 14.986602
3801.515248 15.211914
3801.920463 15.313301
3802.325677 15.560840
3802.730892 15.341521
3803.136106 15.641369
3803.541320 15.710114
3803.946535 15.683315
3804.351749 15.628925
3804.756963 15.846634
3805.162178 15.688296
3805.567392 15.895701
3805.972606 15.371912
3806.377821 14.927571
3806.783035 14.737132
3807.188249 14.893089
3807.593464 15.040522
3807.998678 15.359948
3808.403893 15.003048
3808.809107 15.065271
3809.214321 15.770216
3809.619536 15.797666
3810.024750 15.833999
3810.429964 15.998308
3810.835179 16.074166
3811.240393 16.027789
3811.645607 16.016235
3812.050822 15.733403
3812.456036 15.540033
3812.861251 16.033261
3813.266465 15.776738
3813.671679 14.852214
3814.076894 13.605383
3814.482108 13.543760
3814.887322 13.527665
3815.292537 13.853502
3815.697751 14.360016
3816.102965 15.079716
3816.508180 15.418799
3816.913394 15.281859
3817.318608 15.268865
3817.723823 15.180012
3818.129037 14.997046
3818.534252 15.240164
3818.939466 14.807468
3819.344680 14.631884
3819.749895 14.490933
3820.155109 14.851584
3820.560323 14.942256
3820.965538 15.252108
3821.370752 15.528418
3821.775966 15.759602
3822.181181 15.325455
3822.586395 15.004079
3822.991610 14.872571
3823.396824 14.777337
3823.802038 14.826044
3824.207253 14.696327
3824.612467 14.648150
3825.017681 14.600973
3825.422896 14.509850
3825.828110 14.704000
3826.233324 14.530717
3826.638539 14.558828
3827.043753 14.406262
3827.448967 14.859687
3827.854182 14.792152
3828.259396 15.050065
3828.664611 16.211035
3829.069825 16.681606
3829.475039 16.485795
3829.880254 15.905685
3830.285468 15.516764
3830.690682 14.375271
3831.095897 14.671008
3831.501111 13.888215
3831.906325 13.951168
3832.311540 14.590279
3832.716754 14.484821
3833.121969 14.922199
3833.527183 14.611887
3833.932397 15.503359
3834.337612 15.162646
3834.742826 15.450820
3835.148040 15.930194
3835.553255 14.870720
3835.958469 14.232730
3836.363683 14.091999
3836.768898 14.347531
3837.174112 14.870230
3837.579326 15.074674
3837.984541 15.077065
3838.389755 15.223838
3838.794970 15.137297
3839.200184 15.291413
3839.605398 14.891488
3840.010613 15.037091
3840.415827 15.263563
3840.821041 15.124792
3841.226256 15.390258
3841.631470 14.847512
3842.036684 15.046194
3842.441899 14.929812
3842.847113 14.591429
3843.252328 14.884726
3843.657542 15.058518
3844.062756 15.154183
3844.467971 15.054337
3844.873185 15.656175
3845.278399 15.226959
3845.683614 14.764112
3846.088828 14.992585
3846.494042 14.747456
3846.899257 14.929832
3847.304471 14.945117
3847.709686 15.169098
3848.114900 15.314881
3848.520114 15.462965
3848.925329 15.410256
3849.330543 15.753880
3849.735757 15.042042
3850.140972 15.184104
3850.546186 15.343862
3850.951400 15.883717
3851.356615 15.993117
3851.761829 15.594362
3852.167043 14.349662
3852.572258 14.167946
3852.977472 13.549032
3853.382687 14.066730
3853.787901 14.622661
3854.193115 14.765062
3854.598330 14.807658
3855.003544 14.954391
3855.408758 15.250298
3855.813973 15.097072
3856.219187 15.430493
3856.624401 15.325925
3857.029616 15.366280
3857.434830 15.370091
3857.840045 15.764724
3858.245259 15.657285
3858.650473 15.365990
3859.055688 15.205692
3859.460902 15.124412
3859.866116 15.357667
3860.271331 15.460534
3860.676545 15.442147
3861.081759 15.810441
3861.486974 15.325655
3861.892188 15.310460
3862.297402 15.681274
3862.702617 15.756651
3863.107831 16.566794
3863.513046 17.366914
3863.918260 17.374456
3864.323474 18.067417
3864.728689 17.995311
3865.133903 18.099019
3865.539117 18.420855
3865.944332 17.228664
3866.349546 17.320917
3866.754760 17.643074
3867.159975 18.042828
3867.565189 18.458018
3867.970404 18.564267
3868.375618 18.852711
3868.780832 19.070880
3869.186047 19.329374
3869.591261 19.274884
3869.996475 18.928679
3870.401690 18.592807
3870.806904 18.285276
3871.212118 17.797099
3871.617333 16.849226
3872.022547 16.337821
3872.427761 16.350416
3872.832976 16.230242
3873.238190 16.185666
3873.643405 15.977771
3874.048619 16.105547
3874.453833 16.187337
3874.859048 15.674551
3875.264262 15.149651
3875.669476 15.064000
3876.074691 14.954531
3876.479905 15.323924
3876.885119 15.210053
3877.290334 15.306368
3877.695548 15.664368
3878.100763 15.358127
3878.505977 15.538442
3878.911191 15.652243
3879.316406 15.365259
3879.721620 15.659006
3880.126834 15.398451
3880.532049 15.569073
3880.937263 15.466516
3881.342477 14.892278
3881.747692 15.227580
3882.152906 15.289992
3882.558120 15.179622
3882.963335 15.139718
3883.368549 15.420589
3883.773764 15.470588
3884.178978 15.781670
3884.584192 15.621152
3884.989407 15.369541
3885.394621 15.019324
3885.799835 14.771975
3886.205050 14.802656
3886.610264 15.027627
3887.015478 15.149641
3887.420693 15.017354
3887.825907 14.757009
3888.231122 14.588588
3888.636336 13.956600
3889.041550 14.442075
3889.446765 14.738873
3889.851979 15.950891
3890.257193 15.968598
3890.662408 15.718557
3891.067622 14.737862
3891.472836 14.754939
3891.878051 14.674880
3892.283265 14.718435
3892.688479 14.886496
3893.093694 14.793853
3893.498908 15.201700
3893.904123 15.737954
3894.309337 15.614690
3894.714551 14.892238
3895.119766 14.807788
3895.524980 14.312078
3895.930194 13.919396
3896.335409 14.854435
3896.740623 15.142099
3897.145837 14.647390
3897.551052 14.174539
3897.956266 13.647468
3898.361481 13.985080
3898.766695 14.536129
3899.171909 15.070743
3899.577124 15.407185
3899.982338 15.940918
3900.387552 15.276387
3900.792767 14.681832
3901.197981 14.075483
3901.603195 14.068900
3902.008410 13.934592
3902.413624 14.439444
3902.818838 14.935124
3903.224053 14.601073
3903.629267 14.271164
3904.034482 14.052634
3904.439696 14.188784
3904.844910 14.099942
3905.250125 14.588328
3905.655339 14.777857
3906.060553 14.788711
3906.465768 14.284508
3906.870982 14.302645
3907.276196 13.981469
3907.681411 14.000736
3908.086625 13.959831
3908.491840 14.128152
3908.897054 13.733099
3909.302268 13.146407
3909.707483 13.269081
3910.112697 13.135263
3910.517911 13.842388
3910.923126 15.649512
3911.328340 16.111379
3911.733554 17.580921
3912.138769 15.956813
3912.543983 14.448738
3912.949197 13.647558
3913.354412 13.202827
3913.759626 13.937003
3914.164841 13.915145
3914.570055 14.790612
3914.975269 15.029068
3915.380484 15.101004
3915.785698 14.653842
3916.190912 13.933471
3916.596127 14.034818
3917.001341 13.827483
3917.406555 13.364175
3917.811770 13.418385
3918.216984 13.331203
3918.622199 13.885094
3919.027413 13.760479
3919.432627 14.019513
3919.837842 14.223156
3920.243056 13.944455
3920.648270 14.182802
3921.053485 14.047983
3921.458699 13.576492
3921.863913 13.958310
3922.269128 14.056916
3922.674342 14.111166
3923.079557 13.965693
3923.484771 13.918466
3923.889985 13.897608
3924.295200 13.939173
3924.700414 13.762440
3925.105628 13.806515
3925.510843 13.755627
3925.916057 13.697416
3926.321271 13.741542
3926.726486 13.496543
3927.131700 13.727397
3927.536914 13.382882
3927.942129 13.186361
3928.347343 13.686252
3928.752558 13.679540
3929.157772 13.728917
3929.562986 13.519232
3929.968201 13.391095
3930.373415 13.453168
3930.778629 13.632242
3931.183844 13.846350
3931.589058 13.735310
3931.994272 13.535037
3932.399487 13.177728
3932.804701 13.123788
3933.209916 13.335315
3933.615130 13.185201
3934.020344 13.659552
3934.425559 14.087357
3934.830773 13.845570
3935.235987 13.662243
3935.641202 12.833924
3936.046416 13.237309
3936.451630 12.932279
3936.856845 13.312867
3937.262059 13.715973
3937.667273 12.841406
3938.072488 13.109423
3938.477702 13.349960
3938.882917 13.097079
3939.288131 13.068688
3939.693345 13.365686
3940.098560 13.463291
3940.503774 13.548262
3940.908988 13.765581
3941.314203 13.801554
3941.719417 13.982719
3942.124631 13.823101
3942.529846 14.202459
3942.935060 13.915735
3943.340275 13.017630
3943.745489 13.176347
3944.150703 13.319289
3944.555918 13.542830
3944.961132 13.390505
3945.366346 13.293500
3945.771561 13.469714
3946.176775 13.384923
3946.581989 13.088366
3946.987204 13.115215
3947.392418 12.923156
3947.797632 12.827701
3948.202847 13.424877
3948.608061 14.138516
3949.013276 15.334808
3949.418490 15.369431
3949.823704 15.054927
3950.228919 14.615568
3950.634133 13.332714
3951.039347 12.188420
3951.444562 12.382490
3951.849776 12.676457
3952.254990 13.113735
3952.660205 13.527204
3953.065419 13.202437
3953.470634 13.266760
3953.875848 13.441743
3954.281062 13.383612
3954.686277 13.745103
3955.091491 13.851102
3955.496705 13.909583
3955.901920 13.608824
3956.307134 13.639085
3956.712348 13.726416
3957.117563 13.369647
3957.522777 13.449396
3957.927991 13.706969
3958.333206 13.952748
3958.738420 14.256018
3959.143635 14.588408
3959.548849 14.451729
3959.954063 14.261110
3960.359278 14.038539
3960.764492 13.443084
3961.169706 13.281816
3961.574921 13.116176
3961.980135 13.315358
3962.385349 13.933141
3962.790564 14.102382
3963.195778 14.310358
3963.600993 14.376722
3964.006207 14.821533
3964.411421 15.256920
3964.816636 15.125603
3965.221850 15.453912
3965.627064 15.130044
3966.032279 16.414909
3966.437493 15.503770
3966.842707 14.432262
3967.247922 13.628001
3967.653136 14.232269
3968.058350 13.698006
3968.463565 13.886714
3968.868779 14.581026
3969.273994 14.696878
3969.679208 14.721817
3970.084422 14.678331
3970.489637 14.403982
3970.894851 13.987041
3971.300065 14.006248
3971.705280 14.417467
3972.110494 13.936262
3972.515708 13.787949
3972.920923 13.596079
3973.326137 13.873640
3973.731352 14.032557
3974.136566 14.223156
3974.541780 14.167886
3974.946995 13.717093
3975.352209 13.450977
3975.757423 13.491361
3976.162638 13.501505
3976.567852 13.428689
3976.973066 13.365026
3977.378281 13.605103
3977.783495 13.842098
3978.188709 13.736810
3978.593924 13.674668
3978.999138 14.520414
3979.404353 14.160904
3979.809567 13.504976
3980.214781 13.003685
3980.619996 13.052583
3981.025210 12.882391
3981.430424 13.548222
3981.835639 13.636164
3982.240853 13.850001
3982.646067 13.995834
3983.051282 14.543132
3983.456496 14.371670
3983.861711 14.484371
3984.266925 14.562309
3984.672139 13.678759
3985.077354 12.646506
3985.482568 12.190041
3985.887782 12.396515
3986.292997 12.669164
3986.698211 13.222984
3987.103425 13.124329
3987.508640 13.108773
3987.913854 13.371478
3988.319069 13.355592
3988.724283 13.382782
3989.129497 13.339607
3989.534712 13.227606
3989.939926 13.396557
3990.345140 13.321640
3990.750355 13.336665
3991.155569 13.364856
3991.560783 13.567189
3991.965998 13.501075
3992.371212 13.502846
3992.776426 13.507787
3993.181641 13.276394
3993.586855 13.215252
3993.992070 13.354412
3994.397284 13.410822
3994.802498 13.449406
3995.207713 13.484019
3995.612927 13.361464
3996.018141 13.187952
3996.423356 13.094058
3996.828570 13.008037
3997.233784 12.847368
3997.638999 13.119067
3998.044213 13.176848
3998.449428 13.277334
3998.854642 13.262979
3999.259856 12.928848
3999.665071 13.019131
4000.070285 12.907570
4000.475499 12.630130
4000.880714 12.814577
4001.285928 12.920525
4001.691142 12.750693
4002.096357 12.903659
4002.501571 13.251685
4002.906785 13.312457
4003.312000 13.435471
4003.717214 13.372288
4004.122429 13.313957
4004.527643 12.963140
4004.932857 13.051592
4005.338072 12.481706
4005.743286 12.383461
4006.148500 12.821779
4006.553715 12.924716
4006.958929 12.727925
4007.364143 12.531504
4007.769358 12.315816
4008.174572 12.645175
4008.579787 12.736298
4008.985001 12.702076
4009.390215 12.485087
4009.795430 12.463419
4010.200644 12.323089
4010.605858 12.381470
4011.011073 12.953307
4011.416287 12.869076
4011.821501 12.757366
4012.226716 12.503964
4012.631930 12.615625
4013.037144 12.603070
4013.442359 12.624178
4013.847573 12.743191
4014.252788 12.734588
4014.658002 12.638523
4015.063216 12.868716
4015.468431 12.765549
4015.873645 12.608922
4016.278859 12.678207
4016.684074 12.817157
4017.089288 12.996893
4017.494502 12.715501
4017.899717 12.972714
4018.304931 12.887573
4018.710146 12.689781
4019.115360 12.532254
4019.520574 12.747592
4019.925789 12.470142
4020.331003 12.226964
4020.736217 12.470992
4021.141432 12.714130
4021.546646 13.155010
4021.951860 13.141785
4022.357075 12.930719
4022.762289 12.580582
4023.167503 12.726465
4023.572718 12.578671
4023.977932 12.854981
4024.383147 12.646396
4024.788361 12.672225
4025.193575 12.382710
4025.598790 12.421154
4026.004004 12.519790
4026.409218 12.498182
4026.814433 12.722483
4027.219647 12.790048
4027.624861 12.711509
4028.030076 12.738289
4028.435290 12.676287
4028.840505 12.571569
4029.245719 12.429687
4029.650933 12.410060
4030.056148 12.495241
4030.461362 12.272700
4030.866576 12.238518
4031.271791 12.341565
4031.677005 12.702566
4032.082219 12.330701
4032.487434 12.493780
4032.892648 12.355140
4033.297862 12.554122
4033.703077 12.303562
4034.108291 12.004664
4034.513506 11.919133
4034.918720 12.161620
4035.323934 12.421594
4035.729149 12.437890
4036.134363 12.241959
4036.539577 12.248092
4036.944792 12.124897
4037.350006 11.907048
4037.755220 12.181377
4038.160435 12.267168
4038.565649 12.450265
4038.970864 12.633231
4039.376078 12.744371
4039.781292 12.879180
4040.186507 12.664092
4040.591721 12.801222
4040.996935 12.785596
4041.402150 12.851060
4041.807364 12.607432
4042.212578 12.502714
4042.617793 13.204998
4043.023007 13.142365
4043.428221 12.701916
4043.833436 12.414162
4044.238650 12.613014
4044.643865 12.397025
4045.049079 12.706537
4045.454293 13.016560
4045.859508 13.007866
4046.264722 12.837555
4046.669936 12.565396
4047.075151 12.694753
4047.480365 12.908681
4047.885579 12.469202
4048.290794 12.513508
4048.696008 12.756095
4049.101223 12.732897
4049.506437 12.531364
4049.911651 13.128540
4050.316866 13.078372
4050.722080 12.800642
4051.127294 13.138184
4051.532509 13.293350
4051.937723 13.236779
4052.342937 13.036927
4052.748152 13.106942
4053.153366 13.138454
4053.558581 13.003665
4053.963795 12.794389
4054.369009 12.577421
4054.774224 12.578351
4055.179438 12.450175
4055.584652 12.711679
4055.989867 12.637743
4056.395081 12.635062
4056.800295 12.770841
4057.205510 12.968542
4057.610724 12.936471
4058.015938 13.020791
4058.421153 13.092297
4058.826367 12.941502
4059.231582 12.897086
4059.636796 12.660121
4060.042010 12.646126
4060.447225 12.470422
4060.852439 12.652978
4061.257653 12.844958
4061.662868 12.591696
4062.068082 12.986809
4062.473296 12.845118
4062.878511 12.828672
4063.283725 12.846448
4063.688940 12.946664
4064.094154 12.650077
4064.499368 12.670334
4064.904583 12.868856
4065.309797 13.096969
4065.715011 13.020981
4066.120226 13.011268
4066.525440 13.198966
4066.930654 12.991010
4067.335869 13.030095
4067.741083 13.045640
4068.146297 13.336996
4068.551512 12.999063
4068.956726 12.881331
4069.361941 12.983748
4069.767155 13.070169
4070.172369 12.996462
4070.577584 12.763738
4070.982798 13.091427
4071.388012 12.889794
4071.793227 12.758956
4072.198441 12.608732
4072.603655 12.650827
4073.008870 12.642934
4073.414084 12.694183
4073.819299 12.602580
4074.224513 12.501773
4074.629727 12.530154
4075.034942 12.710699
4075.440156 12.958239
4075.845370 12.695283
4076.250585 12.931819
4076.655799 12.936191
4077.061013 12.808724
4077.466228 12.729426
4077.871442 13.076431
4078.276656 12.987569
4078.681871 13.161672
4079.087085 13.111584
4079.492300 13.122768
4079.897514 12.913042
4080.302728 12.762088
4080.707943 12.933940
4081.113157 12.760577
4081.518371 12.816807
4081.923586 12.948655
4082.328800 13.229987
4082.734014 12.762908
4083.139229 12.631000
4083.544443 12.590996
4083.949658 12.956018
4084.354872 12.851380
4084.760086 12.752534
4085.165301 12.727005
4085.570515 12.839556
4085.975729 12.638003
4086.380944 12.693473
4086.786158 12.771991
4087.191372 12.852440
4087.596587 12.839285
4088.001801 13.017630
4088.407015 12.958709
4088.812230 13.173286
4089.217444 13.126029
4089.622659 13.045790
4090.027873 13.344448
4090.433087 13.973506
4090.838302 14.022874
4091.243516 13.618377
4091.648730 13.438852
4092.053945 13.630512
4092.459159 13.711341
4092.864373 14.105083
4093.269588 13.717963
4093.674802 13.735430
4094.080017 14.128932
4094.485231 13.940514
4094.890445 13.721325
4095.295660 13.719574
4095.700874 13.165694
4096.106088 12.937871
4096.511303 13.101130
4096.916517 12.597708
4097.321731 12.248652
4097.726946 12.534895
4098.132160 12.966031
4098.537374 13.679740
4098.942589 13.888325
4099.347803 14.007748
4099.753018 12.993591
4100.158232 12.785546
4100.563446 13.050342
4100.968661 14.601573
4101.373875 14.969806
4101.779089 15.035840
4102.184304 14.884485
4102.589518 14.568131
4102.994732 14.153701
4103.399947 13.830084
4103.805161 13.963192
4104.210376 13.584125
4104.615590 13.600151
4105.020804 13.498844
4105.426019 13.852602
4105.831233 13.915125
4106.236447 13.201246
4106.641662 12.969813
4107.046876 13.194234
4107.452090 13.357873
4107.857305 13.161632
4108.262519 13.246173
4108.667733 13.279035
4109.072948 13.374349
4109.478162 13.409552
4109.883377 13.229517
4110.288591 13.153299
4110.693805 13.178808
4111.099020 12.904109
4111.504234 13.008327
4111.909448 13.221584
4112.314663 13.279395
4112.719877 13.117716
4113.125091 13.130401
4113.530306 13.069089
4113.935520 13.277194
4114.340735 13.165494
4114.745949 12.976395
4115.151163 12.867096
4115.556378 12.896936
4115.961592 12.959429
4116.366806 13.089666
4116.772021 13.329143
4117.177235 13.297371
4117.582449 13.294310
4117.987664 13.168064
4118.392878 13.256787
4118.798093 13.240111
4119.203307 12.987099
4119.608521 12.888103
4120.013736 12.682089
4120.418950 12.719232
4120.824164 12.743191
4121.229379 12.890504
4121.634593 13.250844
4122.039807 13.367267
4122.445022 12.705747
4122.850236 12.199594
4123.255450 11.809253
4123.660665 13.395277
4124.065879 14.292331
4124.471094 13.927069
4124.876308 13.348060
4125.281522 13.496043
4125.686737 13.145946
4126.091951 12.768070
4126.497165 12.643084
4126.902380 12.336694
4127.307594 12.055332
4127.712808 12.328571
4128.118023 13.313217
4128.523237 13.782997
4128.928452 13.743553
4129.333666 13.356473
4129.738880 12.876029
4130.144095 12.505515
4130.549309 12.448384
4130.954523 12.687230
4131.359738 12.305642
4131.764952 12.399046
4132.170166 12.225293
4132.575381 11.955846
4132.980595 11.925435
4133.385809 11.988848
4133.791024 12.248842
4134.196238 12.217260
4134.601453 12.713370
4135.006667 12.661811
4135.411881 12.301421
4135.817096 12.200804
4136.222310 12.073829
4136.627524 11.874336
4137.032739 11.854149
4137.437953 11.788825
4137.843167 12.055712
4138.248382 12.085283
4138.653596 12.305332
4139.058811 12.524031
4139.464025 12.332212
4139.869239 12.233316
4140.274454 12.208827
4140.679668 12.115003
4141.084882 12.222262
4141.490097 12.124317
4141.895311 11.655817
4142.300525 11.615373
4142.705740 11.964239
4143.110954 12.622607
4143.516168 12.738489
4143.921383 12.635752
4144.326597 11.884440
4144.731812 11.597206
4145.137026 11.361431
4145.542240 11.345065
4145.947455 11.629718
4146.352669 12.096467
4146.757883 12.308083
4147.163098 11.941201
4147.568312 11.543927
4147.973526 11.440099
4148.378741 11.445301
4148.783955 10.485194
4149.189170 9.946739
4149.594384 9.547234
4149.999598 10.590422
4150.404813 9.977730
4150.810027 12.009545
4151.215241 14.019953
4151.620456 14.829856
4152.025670 14.104873
4152.430884 13.421956
4152.836099 12.509776
4153.241313 11.823098
4153.646527 11.831041
4154.051742 11.830701
4154.456956 11.634860
4154.862171 11.490748
4155.267385 11.466579
4155.672599 11.490848
4156.077814 11.618564
4156.483028 11.206805
4156.888242 10.976321
4157.293457 10.840822
4157.698671 10.719048
4158.103885 11.061492
4158.509100 11.485436
4158.914314 12.225703
4159.319529 11.875437
4159.724743 12.322228
4160.129957 12.088144
4160.535172 11.883360
4160.940386 11.690110
4161.345600 11.443410
4161.750815 11.431056
4162.156029 11.437558
4162.561243 11.316915
4162.966458 11.306951
4163.371672 11.157467
4163.776886 11.422983
4164.182101 11.749131
4164.587315 11.046637
4164.992530 11.550589
4165.397744 10.783812
4165.802958 10.809651
4166.208173 12.678797
4166.613387 12.594657
4167.018601 12.552892
4167.423816 11.764036
4167.829030 12.392084
4168.234244 11.401965
4168.639459 11.269057
4169.044673 11.250781
4169.449888 11.386480
4169.855102 11.415730
4170.260316 11.037193
4170.665531 10.949402
4171.070745 11.236596
4171.475959 11.592064
4171.881174 11.592124
4172.286388 11.621075
4172.691602 11.660569
4173.096817 11.699773
4173.502031 11.850828
4173.907245 11.827489
4174.312460 11.425074
4174.717674 11.648044
4175.122889 11.266737
4175.528103 11.220980
4175.933317 11.420152
4176.338532 11.295997
4176.743746 10.777239
4177.148960 11.201443
4177.554175 11.492328
4177.959389 11.692170
4178.364603 11.634970
4178.769818 11.185917
4179.175032 11.326198
4179.580247 11.237296
4179.985461 11.708636
4180.390675 11.670212
4180.795890 11.488057
4181.201104 11.432236
4181.606318 11.513806
4182.011533 11.241978
4182.416747 11.706155
4182.821961 11.893833
4183.227176 12.720763
4183.632390 12.433669
4184.037604 12.184559
4184.442819 12.465390
4184.848033 11.581660
4185.253248 11.458376
4185.658462 11.146503
4186.063676 11.359030
4186.468891 11.044496
4186.874105 11.417831
4187.279319 11.407377
4187.684534 11.253312
4188.089748 11.256503
4188.494962 11.462497
4188.900177 11.429996
4189.305391 11.385489
4189.710606 11.181786
4190.115820 11.272739
4190.521034 11.129917
4190.926249 10.901174
4191.331463 10.867042
4191.736677 10.797377
4192.141892 10.864041
4192.547106 10.834110
4192.952320 10.988926
4193.357535 10.939478
4193.762749 11.090013
4194.167964 11.096715
4194.573178 11.071776
4194.978392 11.320086
4195.383607 11.443060
4195.788821 11.524850
4196.194035 11.337272
4196.599250 11.274549
4197.004464 11.085371
4197.409678 10.853417
4197.814893 10.940639
4198.220107 10.767776
4198.625321 11.149094
4199.030536 10.824066
4199.435750 11.347796
4199.840965 11.315814
4200.246179 11.598797
4200.651393 11.726523
4201.056608 11.622505
4201.461822 11.776511
4201.867036 11.261535
4202.272251 10.766185
4202.677465 9.946539
4203.082679 9.610807
4203.487894 9.880285
4203.893108 9.820603
4204.298323 10.301257
4204.703537 10.599655
4205.108751 10.841463
4205.513966 11.162869
4205.919180 11.062943
4206.324394 11.174463
4206.729609 11.284993
4207.134823 10.953783
4207.540037 11.075187
4207.945252 10.881487
4208.350466 10.789514
4208.755680 10.863671
4209.160895 10.938958
4209.566109 10.950022
4209.971324 10.944480
4210.376538 10.880857
4210.781752 10.839662
4211.186967 10.808631
4211.592181 10.931015
4211.997395 10.780100
4212.402610 10.933366
4212.807824 11.260444
4213.213038 10.929124
4213.618253 10.957175
4214.023467 10.978392
4214.428682 11.053900
4214.833896 11.243148
4215.239110 11.366423
4215.644325 11.159418
4216.049539 11.047627
4216.454753 11.036963
4216.859968 11.023088
4217.265182 11.037964
4217.670396 10.740276
4218.075611 11.083310
4218.480825 11.141421
4218.886039 11.427135
4219.291254 11.200943
4219.696468 11.438299
4220.101683 11.353518
4220.506897 11.202543
4220.912111 11.340043
4221.317326 11.250441
4221.722540 11.008323
4222.127754 11.054600
4222.532969 11.421102
4222.938183 11.194720
4223.343397 11.342284
4223.748612 11.263075
4224.153826 11.059031
4224.559041 10.389799
4224.964255 10.680514
4225.369469 11.491418
4225.774684 11.540766
4226.179898 11.371044
4226.585112 11.257523
4226.990327 11.292896
4227.395541 11.101967
4227.800755 11.072656
4228.205970 11.094724
4228.611184 10.930875
4229.016398 10.636919
4229.421613 10.793105
4229.826827 10.954373
4230.232042 11.142622
4230.637256 11.088192
4231.042470 11.226262
4231.447685 11.227852
4231.852899 11.162369
4232.258113 11.000880
4232.663328 10.921151
4233.068542 11.009173
4233.473756 10.811162
4233.878971 10.973050
4234.284185 11.087342
4234.689400 10.880087
4235.094614 10.919361
4235.499828 11.106919
4235.905043 11.027930
4236.310257 10.967158
4236.715471 10.921882
4237.120686 10.884308
4237.525900 11.063813
4237.931114 11.124115
4238.336329 10.865791
4238.741543 11.019557
4239.146757 11.129887
4239.551972 11.624036
4239.957186 11.560803
4240.362401 11.496260
4240.767615 11.241777
4241.172829 11.375496
4241.578044 11.338212
4241.983258 11.289685
4242.388472 11.401675
4242.793687 11.126026
4243.198901 10.975841
4243.604115 10.941609
4244.009330 10.943820
4244.414544 11.262245
4244.819759 11.490167
4245.224973 11.582761
4245.630187 11.865903
4246.035402 11.868834
4246.440616 11.450683
4246.845830 11.194610
4247.251045 11.036493
4247.656259 10.841883
4248.061473 10.742667
4248.466688 11.195311
4248.871902 11.379707
4249.277116 11.101907
4249.682331 11.312013
4250.087545 11.758344
4250.492760 11.541556
4250.897974 11.216038
4251.303188 11.140651
4251.708403 10.873154
4252.113617 11.165380
4252.518831 11.401695
4252.924046 11.706246
4253.329260 11.550559
4253.734474 11.535314
4254.139689 11.338412
4254.544903 11.053119
4254.950118 10.812832
4255.355332 10.884188
4255.760546 11.251891
4256.165761 10.909827
4256.570975 11.148264
4256.976189 11.252501
4257.381404 11.237576
4257.786618 11.109109
4258.191832 11.191839
4258.597047 11.405717
4259.002261 11.319366
4259.407476 10.775969
4259.812690 10.464396
4260.217904 10.854567
4260.623119 11.422753
4261.028333 11.888561
4261.433547 10.991597
4261.838762 11.160838
4262.243976 11.124175
4262.649190 11.432957
4263.054405 11.537865
4263.459619 11.496590
4263.864833 11.477143
4264.270048 11.632489
4264.675262 11.250891
4265.080477 11.132578
4265.485691 11.291906
4265.890905 12.306153
4266.296120 12.513748
4266.701334 12.520170
4267.106548 12.495881
4267.511763 11.584011
4267.916977 11.484145
4268.322191 11.664721
4268.727406 11.794608
4269.132620 11.694551
4269.537835 12.055292
4269.943049 12.194072
4270.348263 11.966050
4270.753478 11.682717
4271.158692 11.491758
4271.563906 11.519078
4271.969121 11.898785
4272.374335 11.755063
4272.779549 11.918522
4273.184764 11.814955
4273.589978 12.004553
4273.995192 12.160670
4274.400407 12.062204
4274.805621 12.174975
4275.210836 12.775803
4275.616050 12.598959
4276.021264 12.837355
4276.426479 12.471582
4276.831693 12.184559
4277.236907 11.812504
4277.642122 11.938149
4278.047336 11.826959
4278.452550 12.454896
4278.857765 12.560815
4279.262979 12.476424
4279.668194 13.024442
4280.073408 12.766279
4280.478622 12.426046
4280.883837 12.157589
4281.289051 11.366303
4281.694265 11.381938
4282.099480 11.326508
4282.504694 11.506493
4282.909908 11.943731
4283.315123 11.620474
4283.720337 11.766978
4284.125551 11.729574
4284.530766 12.182428
4284.935980 12.535045
4285.341195 12.534655
4285.746409 12.671165
4286.151623 12.936681
4286.556838 13.080123
4286.962052 12.764068
4287.367266 12.872868
4287.772481 12.400197
4288.177695 12.356101
4288.582909 11.886491
4288.988124 12.025741
4289.393338 12.079321
4289.798553 12.447224
4290.203767 11.854119
4290.608981 11.777461
4291.014196 12.045628
4291.419410 12.037145
4291.824624 11.851288
4292.229839 12.038686
4292.635053 11.934078
4293.040267 11.927356
4293.445482 12.396045
4293.850696 12.134621
4294.255910 11.877267
4294.661125 12.178386
4295.066339 12.744161
4295.471554 12.755545
4295.876768 12.803292
4296.281982 13.017340
4296.687197 12.838095
4297.092411 12.524992
4297.497625 12.270570
4297.902840 12.307773
4298.308054 11.996971
4298.713268 12.224263
4299.118483 12.112713
4299.523697 12.086063
4299.928912 12.336033
4300.334126 12.519450
4300.739340 12.478255
4301.144555 12.462099
4301.549769 12.585694
4301.954983 12.460899
4302.360198 12.547120
4302.765412 12.530054
4303.170626 12.318737
4303.575841 12.406409
4303.981055 12.294688
4304.386269 12.412061
4304.791484 12.332952
4305.196698 12.601980
4305.601913 12.635792
4306.007127 12.695573
4306.412341 12.502414
4306.817556 12.389433
4307.222770 12.360612
4307.627984 12.502123
4308.033199 12.324689
4308.438413 12.352449
4308.843627 12.263837
4309.248842 12.196203
4309.654056 12.498702
4310.059271 12.508206
4310.464485 12.735698
4310.869699 12.562635
4311.274914 12.574250
4311.680128 12.558704
4312.085342 12.500103
4312.490557 12.412131
4312.895771 12.453016
4313.300985 12.745442
4313.706200 12.941953
4314.111414 13.113455
4314.516628 12.946054
4314.921843 12.846258
4315.327057 13.030435
4315.732272 13.147817
4316.137486 13.135093
4316.542700 13.099300
4316.947915 13.117916
4317.353129 13.063617
4317.758343 12.872628
4318.163558 12.883602
4318.568772 12.860033
4318.973986 13.161562
4319.379201 13.074581
4319.784415 13.080763
4320.189630 12.983568
4320.594844 13.063076
4321.000058 13.226165
4321.405273 13.402479
4321.810487 13.643226
4322.215701 13.603102
4322.620916 13.447235
4323.026130 13.059275
4323.431344 13.030525
4323.836559 12.952466
4324.241773 13.121958
4324.646988 12.928578
4325.052202 12.997953
4325.457416 13.014509
4325.862631 13.306264
4326.267845 13.730528
4326.673059 13.847610
4327.078274 13.976447
4327.483488 14.525536
4327.888702 15.151482
4328.293917 15.277488
4328.699131 16.361210
4329.104345 16.634679
4329.509560 15.385977
4329.914774 15.862049
4330.319989 15.326385
4330.725203 14.429951
4331.130417 13.591888
4331.535632 15.033529
4331.940846 14.610016
4332.346060 14.334286
4332.751275 13.874040
4333.156489 14.561639
4333.561703 14.312669
4333.966918 13.164753
4334.372132 13.889896
4334.777347 14.108575
4335.182561 14.423829
4335.587775 15.143289
4335.992990 15.584839
4336.398204 16.095073
4336.803418 16.946872
4337.208633 16.651735
4337.613847 15.168918
4338.019061 13.703678
4338.424276 13.645807
4338.829490 14.404832
4339.234704 14.992535
4339.639919 14.711783
4340.045133 14.448968
4340.450348 15.136437
4340.855562 15.205652
4341.260776 15.161816
4341.665991 15.709834
4342.071205 15.784591
4342.476419 15.611308
4342.881634 15.749578
4343.286848 15.645331
4343.692062 15.785531
4344.097277 15.400002
4344.502491 14.747976
4344.907706 14.577054
4345.312920 14.409504
4345.718134 15.112838
4346.123349 14.600543
4346.528563 14.803676
4346.933777 14.783759
4347.338992 14.752888
4347.744206 14.832607
4348.149420 14.594060
4348.554635 14.533639
4348.959849 14.557677
4349.365063 14.575784
4349.770278 14.760651
4350.175492 14.836088
4350.580707 14.245434
4350.985921 14.465144
4351.391135 14.746295
4351.796350 14.631024
4352.201564 14.774186
4352.606778 14.993155
4353.011993 15.326505
4353.417207 14.721627
4353.822421 14.472326
4354.227636 14.293432
4354.632850 14.645029
4355.038065 14.690255
4355.443279 14.549504
4355.848493 14.851343
4356.253708 14.506589
4356.658922 14.713003
4357.064136 14.735422
4357.469351 14.780028
4357.874565 14.755899
4358.279779 14.925490
4358.684994 14.768474
4359.090208 14.416066
4359.495422 14.031647
4359.900637 14.633645
4360.305851 13.669166
4360.711066 12.761277
4361.116280 10.805840
4361.521494 10.312961
4361.926709 9.479360
4362.331923 13.104321
4362.737137 15.507791
4363.142352 16.491407
4363.547566 17.149395
4363.952780 17.414721
4364.357995 16.315343
4364.763209 13.947326
4365.168424 13.433781
4365.573638 13.435671
4365.978852 13.283506
4366.384067 13.314517
4366.789281 13.786028
4367.194495 14.488792
4367.599710 15.541873
4368.004924 16.038143
4368.410138 15.947460
4368.815353 15.773867
4369.220567 14.674710
4369.625781 14.272334
4370.030996 13.946926
4370.436210 13.975447
4370.841425 13.875360
4371.246639 13.754227
4371.651853 13.535627
4372.057068 13.230017
4372.462282 13.163383
4372.867496 13.242201
4373.272711 13.706159
4373.677925 14.157402
4374.083139 14.081695
4374.488354 13.870499
4374.893568 13.597670
4375.298783 13.635103
4375.703997 13.277124
4376.109211 12.988610
4376.514426 12.920165
4376.919640 12.964231
4377.324854 13.051532
4377.730069 13.003635
4378.135283 12.900378
4378.540497 12.797660
4378.945712 12.613284
4379.350926 12.800611
4379.756140 12.837175
4380.161355 12.889023
4380.566569 12.672015
4380.971784 12.832463
4381.376998 12.268459
4381.782212 12.276642
4382.187427 11.875027
4382.592641 12.634651
4382.997855 12.640734
4383.403070 12.700595
4383.808284 12.855751
4384.213498 13.000504
4384.618713 12.548180
4385.023927 12.398436
4385.429142 12.202745
4385.834356 12.128358
4386.239570 12.285445
4386.644785 12.375998
4387.049999 12.081851
4387.455213 12.124987
4387.860428 12.217050
4388.265642 12.345937
4388.670856 12.061864
4389.076071 12.194662
4389.481285 12.089254
4389.886500 11.586272
4390.291714 11.698773
4390.696928 13.010197
4391.102143 12.254254
4391.507357 12.077350
4391.912571 12.534235
4392.317786 12.092555
4392.723000 11.417811
4393.128214 10.909747
4393.533429 11.394963
4393.938643 11.884730
4394.343857 12.128548
4394.749072 11.799149
4395.154286 12.011136
4395.559501 11.838183
4395.964715 11.574028
4396.369929 11.176924
4396.775144 11.376806
4397.180358 12.156248
4397.585572 11.923244
4397.990787 13.043079
4398.396001 13.609254
4398.801215 13.862566
4399.206430 13.307275
4399.611644 12.659440
4400.016859 11.783463
4400.422073 11.455265
4400.827287 11.095344
4401.232502 11.363482
4401.637716 11.252942
4402.042930 11.561643
4402.448145 12.026461
4402.853359 11.930697
4403.258573 11.667822
4403.663788 11.616013
4404.069002 11.435388
4404.474216 11.118173
4404.879431 11.529101
4405.284645 11.771609
4405.689860 12.383481
4406.095074 14.038389
4406.500288 15.214085
4406.905503 15.542243
4407.310717 13.729438
4407.715931 12.988990
4408.121146 10.155124
4408.526360 9.003888
4408.931574 8.326693
4409.336789 8.344159
4409.742003 9.346162
4410.147218 10.579228
4410.552432 11.509804
4410.957646 11.645043
4411.362861 11.510785
4411.768075 11.474172
4412.173289 11.806892
4412.578504 11.769889
4412.983718 11.512565
4413.388932 11.586552
4413.794147 11.784814
4414.199361 11.618234
4414.604575 11.587713
4415.009790 11.675184
4415.415004 11.678596
4415.820219 11.470740
4416.225433 11.637651
4416.630647 11.588033
4417.035862 11.704165
4417.441076 11.810443
4417.846290 12.212679
4418.251505 12.800902
4418.656719 13.198626
4419.061933 12.506845
4419.467148 12.249572
4419.872362 11.153546
4420.277577 11.068355
4420.682791 10.541464
4421.088005 10.620473
4421.493220 11.088422
4421.898434 11.471881
4422.303648 11.513406
4422.708863 11.811003
4423.114077 11.686048
4423.519291 11.332230
4423.924506 11.421412
4424.329720 11.801090
4424.734934 12.187420
4425.140149 12.278783
4425.545363 12.816277
4425.950578 13.373239
4426.355792 13.660172
4426.761006 14.168907
4427.166221 14.002126
4427.571435 12.493720
4427.976649 12.365974
4428.381864 12.071108
4428.787078 11.252501
4429.192292 11.267607
4429.597507 11.408618
4430.002721 11.343474
4430.407936 11.182076
4430.813150 10.905936
4431.218364 11.118983
4431.623579 11.549229
4432.028793 11.495139
4432.434007 11.558962
4432.839222 11.202603
4433.244436 11.250751
4433.649650 11.572587
4434.054865 11.566575
4434.460079 11.632959
4434.865293 11.842865
4435.270508 11.676365
4435.675722 11.352948
4436.080937 11.355529
4436.486151 11.468750
4436.891365 11.558712
4437.296580 11.190029
4437.701794 10.926563
4438.107008 11.076998
4438.512223 11.026119
4438.917437 11.249930
4439.322651 11.162499
4439.727866 11.351077
4440.133080 11.518708
4440.538295 11.226692
4440.943509 11.377587
4441.348723 11.107429
4441.753938 11.137710
4442.159152 11.777431
4442.564366 11.202363
4442.969581 11.124835
4443.374795 11.533343
4443.780009 11.435137
4444.185224 12.272610
4444.590438 12.442682
4444.995652 12.239989
4445.400867 12.607932
4445.806081 12.893185
4446.211296 13.255676
4446.616510 12.127228
4447.021724 11.952695
4447.426939 11.091133
4447.832153 10.852817
4448.237367 10.151453
4448.642582 9.921500
4449.047796 11.336702
4449.453010 11.922124
4449.858225 12.345287
4450.263439 12.556803
4450.668654 11.610771
4451.073868 11.051759
4451.479082 10.441208
4451.884297 10.762314
4452.289511 10.973881
4452.694725 11.114061
4453.099940 11.032132
4453.505154 11.094754
4453.910368 10.710445
4454.315583 10.805350
4454.720797 10.568504
4455.126011 10.308030
4455.531226 10.225980
4455.936440 9.907315
4456.341655 9.915468
4456.746869 10.128405
4457.152083 10.464986
4457.557298 10.760703
4457.962512 10.686387
4458.367726 10.772878
4458.772941 10.524468
4459.178155 10.123783
4459.583369 9.754749
4459.988584 9.876904
4460.393798 9.817402
4460.799013 9.968807
4461.204227 10.354937
4461.609441 10.711446
4462.014656 10.557740
4462.419870 10.476391
4462.825084 10.420460
4463.230299 10.512474
4463.635513 10.665629
4464.040727 10.841603
4464.445942 10.901244
4464.851156 11.645854
4465.256371 11.420542
4465.661585 10.909387
4466.066799 11.101737
4466.472014 11.119063
4466.877228 11.354068
4467.282442 11.507324
4467.687657 11.536644
4468.092871 11.210496
4468.498085 11.254952
4468.903300 11.278701
4469.308514 11.224051
4469.713728 11.249690
4470.118943 11.226652
4470.524157 10.896082
4470.929372 10.953643
4471.334586 10.820785
4471.739800 10.776859
4472.145015 10.908707
4472.550229 11.315564
4472.955443 12.110822
4473.360658 11.774380
4473.765872 11.471401
4474.171086 11.521459
4474.576301 11.694081
4474.981515 11.468429
4475.386730 11.237066
4475.791944 11.167070
4476.197158 11.110350
4476.602373 10.968349
4477.007587 11.190759
4477.412801 11.108289
4477.818016 11.134989
4478.223230 11.140691
4478.628444 11.063273
4479.033659 10.996149
4479.438873 11.005492
4479.844087 10.930015
4480.249302 10.687447
4480.654516 10.753371
4481.059731 10.579518
4481.464945 10.755812
4481.870159 11.155576
4482.275374 11.178705
4482.680588 10.614471
4483.085802 10.852967
4483.491017 10.990987
4483.896231 11.109900
4484.301445 11.334881
4484.706660 11.272128
4485.111874 11.061162
4485.517089 10.990407
4485.922303 10.810301
4486.327517 10.482433
4486.732732 10.797867
4487.137946 10.760053
4487.543160 10.758313
4487.948375 11.060552
4488.353589 11.116242
4488.758803 10.949772
4489.164018 10.986775
4489.569232 11.048808
4489.974446 11.409298
4490.379661 11.291946
4490.784875 11.313854
4491.190090 11.250010
4491.595304 11.121974
4492.000518 10.848735
4492.405733 10.806260
4492.810947 10.650163
4493.216161 10.274367
4493.621376 10.478251
4494.026590 10.869203
4494.431804 11.230854
4494.837019 11.006612
4495.242233 11.222050
4495.647448 11.005552
4496.052662 11.135109
4496.457876 10.969169
4496.863091 10.847295
4497.268305 10.677443
4497.673519 10.151993
4498.078734 10.418720
4498.483948 10.484353
4498.889162 10.789694
4499.294377 10.635728
4499.699591 10.881797
4500.104805 10.618642
4500.510020 10.708425
4500.915234 10.908147
4501.320449 10.940228
4501.725663 11.098166
4502.130877 11.020227
4502.536092 11.106989
4502.941306 11.040395
4503.346520 11.187738
4503.751735 11.255292
4504.156949 11.192310
4504.562163 10.954113
4504.967378 10.826087
4505.372592 10.900054
4505.777807 10.790014
4506.183021 11.079889
4506.588235 11.040034
4506.993450 10.951653
4507.398664 10.844714
4507.803878 10.835871
4508.209093 10.905006
4508.614307 10.955994
4509.019521 10.860980
4509.424736 11.016006
4509.829950 10.814893
4510.235164 10.700932
4510.640379 10.753621
4511.045593 10.662938
4511.450808 10.860490
4511.856022 10.839702
4512.261236 11.121664
4512.666451 11.180115
4513.071665 11.012304
4513.476879 11.031731
4513.882094 10.965017
4514.287308 10.773328
4514.692522 10.730202
4515.097737 10.565013
4515.502951 10.630116
4515.908166 10.985145
4516.313380 11.090243
4516.718594 10.970699
4517.123809 11.237436
4517.529023 11.239257
4517.934237 11.089272
4518.339452 10.939218
4518.744666 10.770327
4519.149880 10.736805
4519.555095 10.597604
4519.960309 10.879186
4520.365523 10.830969
4520.770738 10.912258
4521.175952 10.961416
4521.581167 11.267537
4521.986381 10.945360
4522.391595 10.861480
4522.796810 11.069075
4523.202024 10.702292
4523.607238 10.664689
4524.012453 10.486574
4524.417667 10.970889
4524.822881 10.867422
4525.228096 10.792695
4525.633310 10.954554
4526.038525 10.663518
4526.443739 10.864661
4526.848953 10.627725
4527.254168 10.441778
4527.659382 10.191247
4528.064596 10.317303
4528.469811 10.081027
4528.875025 10.268925
4529.280239 10.512524
4529.685454 10.792505
4530.090668 10.723970
4530.495883 10.802479
4530.901097 10.859069
4531.306311 10.756942
4531.711526 10.626305
4532.116740 10.430994
4532.521954 10.505811
4532.927169 10.824146
4533.332383 10.730613
4533.737597 10.684936
4534.142812 10.344853
4534.548026 10.606278
4534.953240 10.819325
4535.358455 10.704723
4535.763669 10.829528
4536.168884 10.818144
4536.574098 10.778990
4536.979312 10.529640
4537.384527 10.692769
4537.789741 10.837271
4538.194955 10.713276
4538.600170 10.782631
4539.005384 10.898933
4539.410598 10.953003
4539.815813 10.836341
4540.221027 10.823916
4540.626242 10.793995
4541.031456 10.874975
4541.436670 10.949442
4541.841885 10.869673
4542.247099 11.043676
4542.652313 10.961006
4543.057528 10.828998
4543.462742 10.590142
4543.867956 10.569934
4544.273171 10.609259
4544.678385 10.627775
4545.083599 10.708925
4545.488814 10.742017
4545.894028 10.904936
4546.299243 10.965488
4546.704457 11.018257
4547.109671 10.741827
4547.514886 11.003141
4547.920100 10.829928
4548.325314 10.664799
4548.730529 10.570355
4549.135743 10.517185
4549.540957 10.555739
4549.946172 10.508692
4550.351386 10.909107
4550.756601 10.837791
4551.161815 10.884158
4551.567029 10.622493
4551.972244 10.396041
4552.377458 10.985645
4552.782672 11.198612
4553.187887 10.923582
4553.593101 10.772028
4553.998315 10.611780
4554.403530 10.317513
4554.808744 9.966626
4555.213958 9.984112
4555.619173 10.386578
4556.024387 10.783812
4556.429602 11.162869
4556.834816 11.315294
4557.240030 11.455015
4557.645245 11.339133
4558.050459 11.221420
4558.455673 11.407748
4558.860888 11.196301
4559.266102 11.339213
4559.671316 11.295887
4560.076531 11.603108
4560.481745 11.726223
4560.886960 11.555561
4561.292174 11.270768
4561.697388 11.228603
4562.102603 11.361491
4562.507817 11.247750
4562.913031 11.285413
4563.318246 11.344295
4563.723460 11.259414
4564.128674 11.151815
4564.533889 11.310122
4564.939103 10.981583
4565.344317 11.277320
4565.749532 11.242588
4566.154746 11.049808
4566.559961 11.095284
4566.965175 11.095915
4567.370389 11.092854
4567.775604 11.019937
4568.180818 10.845724
4568.586032 10.792335
4568.991247 10.649983
4569.396461 10.634398
4569.801675 10.733694
4570.206890 10.910608
4570.612104 10.896252
4571.017319 10.838502
4571.422533 10.717398
4571.827747 10.615481
4572.232962 10.498509
4572.638176 10.968359
4573.043390 11.250581
4573.448605 11.024089
4573.853819 11.389601
4574.259033 11.179845
4574.664248 11.255943
4575.069462 11.065094
4575.474676 11.131598
4575.879891 10.915710
4576.285105 10.781851
4576.690320 10.517585
4577.095534 10.414188
4577.500748 10.940028
4577.905963 10.712876
4578.311177 10.437256
4578.716391 10.732063
4579.121606 11.028560
4579.526820 11.143592
4579.932034 10.952973
4580.337249 10.942149
4580.742463 10.999570
4581.147678 11.034563
4581.552892 11.034933
4581.958106 10.769156
4582.363321 10.812832
4582.768535 10.732063
4583.173749 10.685056
4583.578964 10.606958
4583.984178 10.595534
4584.389392 10.664909
4584.794607 10.761404
4585.199821 10.793865
4585.605035 10.841423
4586.010250 10.907537
4586.415464 10.971190
4586.820679 11.191799
4587.225893 11.142822
4587.631107 11.149434
4588.036322 10.745888
4588.441536 10.832429
4588.846750 10.777199
4589.251965 10.545816
4589.657179 10.478171
4590.062393 10.678494
4590.467608 10.908347
4590.872822 11.448642
4591.278037 10.832089
4591.683251 10.547476
4592.088465 10.543775
4592.493680 10.574886
4592.898894 10.127114
4593.304108 10.864681
4593.709323 11.181786
4594.114537 11.197772
4594.519751 10.791615
4594.924966 10.754291
4595.330180 11.116932
4595.735395 11.456515
4596.140609 11.709917
4596.545823 11.734166
4596.951038 12.154538
4597.356252 12.768400
4597.761466 11.991999
4598.166681 12.521260
4598.571895 11.392372
4598.977109 12.704607
4599.382324 12.704187
4599.787538 13.109223
4600.192752 12.920825
4600.597967 12.642324
4601.003181 12.181267
4601.408396 11.783674
4601.813610 10.608698
4602.218824 11.651786
4602.624039 10.297546
4603.029253 10.435326
4603.434467 9.636817
4603.839682 8.170906
4604.244896 8.250585
4604.650110 7.779145
4605.055325 10.769457
4605.460539 13.247473
4605.865754 12.800021
4606.270968 11.035663
4606.676182 9.283709
4607.081397 11.408128
4607.486611 11.448202
4607.891825 11.165490
4608.297040 11.633419
4608.702254 13.346519
4609.107468 11.492258
4609.512683 11.381818
4609.917897 10.443919
4610.323111 10.299186
4610.728326 10.661297
4611.133540 10.454893
4611.538755 11.362011
4611.943969 12.054852
4612.349183 11.097625
4612.754398 10.854367
4613.159612 10.484003
4613.564826 10.389829
4613.970041 8.972336
4614.375255 10.418370
4614.780469 11.785954
4615.185684 12.740710
4615.590898 12.285925
4615.996113 13.189802
4616.401327 12.942993
4616.806541 11.810143
4617.211756 10.872304
4617.616970 10.573006
4618.022184 9.963275
4618.427399 9.952481
4618.832613 10.403864
4619.237827 11.128346
4619.643042 11.168471
4620.048256 11.071526
4620.453470 10.691738
4620.858685 11.097655
4621.263899 11.163359
4621.669114 11.620935
4622.074328 10.902455
4622.479542 10.273927
4622.884757 10.373773
4623.289971 11.127526
4623.695185 11.253852
4624.100400 10.816063
4624.505614 11.045186
4624.910828 11.043456
4625.316043 11.100286
4625.721257 10.887349
4626.126472 10.999500
4626.531686 11.148444
4626.936900 11.467249
4627.342115 11.261525
4627.747329 11.121444
4628.152543 11.056951
4628.557758 11.066014
4628.962972 10.741867
4629.368186 11.649885
4629.773401 12.602490
4630.178615 13.101941
4630.583829 13.124379
4630.989044 13.534217
4631.394258 14.057626
4631.799473 15.484933
4632.204687 15.893731
4632.609901 14.886796
4633.015116 14.744235
4633.420330 14.541101
4633.825544 14.881234
4634.230759 14.939155
4634.635973 13.093027
4635.041187 10.822996
4635.446402 11.831651
4635.851616 11.756684
4636.256831 10.388799
4636.662045 10.575236
4637.067259 11.241367
4637.472474 11.844035
4637.877688 11.303580
4638.282902 11.473381
4638.688117 11.886191
4639.093331 11.454484
4639.498545 11.275580
4639.903760 10.927914
4640.308974 11.299468
4640.714188 11.279521
4641.119403 11.198772
4641.524617 11.580640
4641.929832 11.247430
4642.335046 10.892181
4642.740260 10.647502
4643.145475 10.783692
4643.550689 11.175784
4643.955903 11.849417
4644.361118 11.394023
4644.766332 11.440479
4645.171546 10.825817
4645.576761 10.598835
4645.981975 10.542955
4646.387190 10.861060
4646.792404 11.417271
4647.197618 12.172854
4647.602833 11.845396
4648.008047 11.748501
4648.413261 11.278171
4648.818476 11.039384
4649.223690 10.722630
4649.628904 10.534782
4650.034119 10.611279
4650.439333 10.207663
4650.844547 10.693249
4651.249762 11.092413
4651.654976 11.517587
4652.060191 12.202895
4652.465405 12.282644
4652.870619 12.262197
4653.275834 13.056374
4653.681048 11.931297
4654.086262 10.592132
4654.491477 10.655295
4654.896691 10.256191
4655.301905 10.214076
4655.707120 10.073215
4656.112334 10.990777
4656.517549 11.993239
4656.922763 12.046419
4657.327977 11.734646
4657.733192 11.433577
4658.138406 10.924383
4658.543620 11.358760
4658.948835 11.428865
4659.354049 10.998419
4659.759263 10.352076
4660.164478 10.529910
4660.569692 11.065364
4660.974907 11.119343
4661.380121 11.781613
4661.785335 13.199876
4662.190550 14.176749
4662.595764 13.720764
4663.000978 13.754267
4663.406193 11.934468
4663.811407 10.533391
4664.216621 8.296732
4664.621836 7.561876
4665.027050 7.166823
4665.432264 7.966122
4665.837479 9.206531
4666.242693 10.218647
4666.647908 9.735863
4667.053122 10.652264
4667.458336 10.390269
4667.863551 9.649141
4668.268765 10.862850
4668.673979 11.225121
4669.079194 11.399264
4669.484408 11.250221
4669.889622 11.319346
4670.294837 11.559392
4670.700051 11.174713
4671.105266 12.223733
4671.510480 12.753574
4671.915694 13.743503
4672.320909 12.720953
4672.726123 12.375778
4673.131337 11.713608
4673.536552 10.610269
4673.941766 10.941989
4674.346980 10.541394
4674.752195 10.525048
4675.157409 10.927414
4675.562623 13.006166
4675.967838 11.537745
4676.373052 11.824598
4676.778267 11.503632
4677.183481 11.051719
4677.588695 11.538265
4677.993910 11.818006
4678.399124 11.949584
4678.804338 11.742058
4679.209553 11.040645
4679.614767 11.339023
4680.019981 12.710729
4680.425196 13.615856
4680.830410 12.872828
4681.235625 12.360172
4681.640839 10.895552
4682.046053 10.582279
4682.451268 7.801633
4682.856482 4.499468
4683.261696 7.560315
4683.666911 8.446866
4684.072125 8.078763
4684.477339 10.989046
4684.882554 10.945060
4685.287768 10.845094
4685.692982 11.029931
4686.098197 11.193740
4686.503411 11.141341
4686.908626 11.749361
4687.313840 12.406789
4687.719054 12.353130
4688.124269 12.034524
4688.529483 11.763306
4688.934697 11.150114
4689.339912 11.139460
4689.745126 11.209866
4690.150340 11.015636
4690.555555 11.328359
4690.960769 11.570136
4691.365984 11.394583
4691.771198 11.218179
4692.176412 11.208796
4692.581627 11.540816
4692.986841 12.261927
4693.392055 13.198295
4693.797270 13.018020
4694.202484 12.330421
4694.607698 10.687017
4695.012913 8.273944
4695.418127 5.507783
4695.823341 5.290024
4696.228556 7.775333
4696.633770 10.228991
4697.038985 11.169871
4697.444199 12.860003
4697.849413 12.528003
4698.254628 11.886091
4698.659842 10.997589
4699.065056 11.050238
4699.470271 10.923412
4699.875485 11.147333
4700.280699 11.064473
4700.685914 11.470250
4701.091128 11.854249
4701.496343 12.379649
4701.901557 11.972602
4702.306771 11.684638
4702.711986 11.163969
4703.117200 8.853253
4703.522414 7.729827
4703.927629 8.215002
4704.332843 8.219444
4704.738057 7.611144
4705.143272 9.092630
4705.548486 11.508754
4705.953700 11.904807
4706.358915 12.843527
4706.764129 12.209017
4707.169344 11.628287
4707.574558 10.940068
4707.979772 10.972030
4708.384987 11.336772
4708.790201 11.081840
4709.195415 11.048037
4709.600630 10.662638
4710.005844 10.844954
4710.411058 11.058431
4710.816273 11.292166
4711.221487 11.036923
4711.626702 11.158557
4712.031916 11.316845
4712.437130 10.772288
4712.842345 10.073125
4713.247559 10.592613
4713.652773 10.670221
4714.057988 10.584039
4714.463202 11.048988
4714.868416 11.457165
4715.273631 11.376946
4715.678845 11.205884
4716.084059 10.689027
4716.489274 10.702422
4716.894488 10.681355
4717.299703 10.937898
4717.704917 11.826809
4718.110131 12.138972
4718.515346 12.405979
4718.920560 11.576439
4719.325774 10.728372
4719.730989 10.236324
4720.136203 10.544995
4720.541417 10.336190
4720.946632 10.205062
4721.351846 9.757240
4721.757061 10.575967
4722.162275 11.704725
4722.567489 11.576839
4722.972704 11.197371
4723.377918 11.447422
4723.783132 11.550209
4724.188347 11.541156
4724.593561 11.833031
4724.998775 12.300260
4725.403990 12.888693
4725.809204 12.966151
4726.214418 12.680198
4726.619633 10.584970
4727.024847 8.481039
4727.430062 8.416915
4727.835276 9.710694
4728.240490 11.726053
4728.645705 12.278242
4729.050919 10.214216
4729.456133 10.645382
4729.861348 12.232096
4730.266562 13.115746
4730.671776 12.609122
4731.076991 11.239287
4731.482205 10.843914
4731.887420 10.908957
4732.292634 11.317995
4732.697848 11.477003
4733.103063 11.254592
4733.508277 11.403526
4733.913491 11.333241
4734.318706 11.525930
4734.723920 11.466749
4735.129134 11.143862
4735.534349 10.942219
4735.939563 10.959165
4736.344778 10.963287
4736.749992 10.875945
4737.155206 10.665169
4737.560421 10.716097
4737.965635 10.460355
4738.370849 10.642010
4738.776064 11.101947
4739.181278 10.943570
4739.586492 10.415438
4739.991707 10.338171
4740.396921 10.271476
4740.802135 10.259032
4741.207350 10.556890
4741.612564 10.742717
4742.017779 10.830459
4742.422993 11.061082
4742.828207 10.923392
4743.233422 11.044956
4743.638636 11.160738
4744.043850 11.422083
4744.449065 11.458576
4744.854279 11.876347
4745.259493 12.074479
4745.664708 11.906538
4746.069922 11.546728
4746.475137 10.787083
4746.880351 10.391130
4747.285565 9.695528
4747.690780 8.007687
4748.095994 8.878953
4748.501208 10.325596
4748.906423 10.839902
4749.311637 10.976191
4749.716851 11.376496
4750.122066 11.433707
4750.527280 11.488247
4750.932494 11.316204
4751.337709 11.806002
4751.742923 11.760765
4752.148138 12.077440
4752.553352 11.473771
4752.958566 11.436588
4753.363781 10.485194
4753.768995 11.195241
4754.174209 10.203072
4754.579424 10.253040
4754.984638 10.053307
4755.389852 10.614971
4755.795067 11.524890
4756.200281 11.044496
4756.605496 10.860149
4757.010710 11.089953
4757.415924 11.277680
4757.821139 10.955314
4758.226353 10.967128
4758.631567 11.280912
4759.036782 11.225552
4759.441996 11.365252
4759.847210 11.220780
4760.252425 11.019037
4760.657639 10.816944
4761.062853 10.843363
4761.468068 11.147213
4761.873282 10.977582
4762.278497 10.997989
4762.683711 10.677873
4763.088925 10.925913
4763.494140 10.679294
4763.899354 10.855618
4764.304568 10.814693
4764.709783 10.785802
4765.114997 10.589762
4765.520211 10.757482
4765.925426 10.401043
4766.330640 10.620943
4766.735855 10.836541
4767.141069 11.068765
4767.546283 11.263405
4767.951498 11.006642
4768.356712 11.421813
4768.761926 11.539885
4769.167141 11.229433
4769.572355 11.488447
4769.977569 11.449533
4770.382784 11.381538
4770.787998 11.216938
4771.193212 11.319606
4771.598427 11.622455
4772.003641 12.101088
4772.408856 11.731014
4772.814070 11.597566
4773.219284 11.322947
4773.624499 10.965317
4774.029713 11.050368
4774.434927 11.262465
4774.840142 11.929296
4775.245356 12.268839
4775.650570 12.221052
4776.055785 12.497392
4776.460999 12.317727
4776.866214 11.448622
4777.271428 10.786753
4777.676642 10.234843
4778.081857 10.626925
4778.487071 10.922652
4778.892285 11.037844
4779.297500 11.811264
4779.702714 12.156999
4780.107928 12.102119
4780.513143 11.780993
4780.918357 12.143264
4781.323571 12.509266
4781.728786 12.177846
4782.134000 12.515298
4782.539215 11.774050
4782.944429 11.969621
4783.349643 11.865473
4783.754858 11.118943
4784.160072 10.889300
4784.565286 11.319686
4784.970501 11.643083
4785.375715 12.190541
4785.780929 12.434639
4786.186144 12.632891
4786.591358 12.171854
4786.996573 12.453866
4787.401787 12.159620
4787.807001 11.784264
4788.212216 11.559662
4788.617430 11.732415
4789.022644 11.986367
4789.427859 11.929846
4789.833073 12.633941
4790.238287 13.364966
4790.643502 13.738741
4791.048716 14.139306
4791.453930 13.984010
4791.859145 13.345018
4792.264359 12.212329
4792.669574 11.011114
4793.074788 11.147583
4793.480002 11.303420
4793.885217 12.526822
4794.290431 12.550151
4794.695645 12.587624
4795.100860 12.625908
4795.506074 12.210388
4795.911288 12.427396
4796.316503 13.139444
4796.721717 13.433681
4797.126932 13.655241
4797.532146 13.151458
4797.937360 12.885542
4798.342575 12.054612
4798.747789 12.042737
4799.153003 11.831831
4799.558218 11.731765
4799.963432 13.236989
4800.368646 14.482290
4800.773861 14.371470
4801.179075 14.941286
4801.584290 14.489152
4801.989504 14.209101
4802.394718 11.742309
4802.799933 11.342904
4803.205147 11.117463
4803.610361 12.045218
4804.015576 13.088966
4804.420790 15.028107
4804.826004 14.686304
4805.231219 14.988403
4805.636433 14.220305
4806.041647 13.359144
4806.446862 13.525884
4806.852076 13.351891
4807.257291 13.267921
4807.662505 13.222734
4808.067719 13.272882
4808.472934 13.578803
4808.878148 13.739861
4809.283362 13.761099
4809.688577 13.694815
4810.093791 13.413163
4810.499005 13.536878
4810.904220 13.080273
4811.309434 12.093126
4811.714649 12.066146
4812.119863 12.870507
4812.525077 12.822709
4812.930292 13.547522
4813.335506 13.572711
4813.740720 13.717123
4814.145935 13.071289
4814.551149 13.019271
4814.956363 12.876239
4815.361578 12.986009
4815.766792 12.796580
4816.172006 12.428247
4816.577221 12.692472
4816.982435 13.264829
4817.387650 13.487850
4817.792864 13.825092
4818.198078 14.103433
4818.603293 14.470956
4819.008507 14.424349
4819.413721 14.197547
4819.818936 13.959781
4820.224150 13.690293
4820.629364 13.847050
4821.034579 14.002486
4821.439793 13.929270
4821.845008 13.915705
4822.250222 13.804215
4822.655436 13.562407
4823.060651 13.572791
4823.465865 13.665334
4823.871079 14.104703
4824.276294 14.393728
4824.681508 14.561469
4825.086722 14.381964
4825.491937 13.965273
4825.897151 13.465302
4826.302365 13.503146
4826.707580 13.836986
4827.112794 14.103613
4827.518009 14.237551
4827.923223 14.329555
4828.328437 14.276405
4828.733652 14.350842
4829.138866 14.140276
4829.544080 13.993243
4829.949295 14.205880
4830.354509 14.049803
4830.759723 14.329395
4831.164938 14.677461
4831.570152 14.599022
4831.975367 14.917828
4832.380581 15.200500
4832.785795 14.985772
4833.191010 14.702340
4833.596224 14.304095
4834.001438 14.587128
4834.406653 15.018564
4834.811867 15.109427
4835.217081 15.377394
4835.622296 16.237505
4836.027510 16.248419
4836.432724 14.381954
4836.837939 12.431008
4837.243153 10.950562
4837.648368 11.703735
4838.053582 11.082730
4838.458796 9.896121
4838.864011 14.150790
4839.269225 14.522745
4839.674439 15.204771
4840.079654 16.014374
4840.484868 16.683696
4840.890082 16.351816
4841.295297 15.494176
4841.700511 15.735924
4842.105726 14.457791
4842.510940 13.773283
4842.916154 14.276495
4843.321369 14.778667
4843.726583 15.572564
4844.131797 15.683695
4844.537012 16.352357
4844.942226 16.648104
4845.347440 16.189518
4845.752655 15.744187
4846.157869 16.036302
4846.563083 15.576436
4846.968298 15.516844
4847.373512 15.605616
4847.778727 15.808440
4848.183941 16.152314
4848.589155 16.944151
4848.994370 16.613401
4849.399584 16.898214
4849.804798 16.775670
4850.210013 16.424333
4850.615227 16.136388
4851.020441 16.337411
4851.425656 16.041924
4851.830870 16.329448
4852.236085 17.112202
4852.641299 17.203525
4853.046513 17.503113
4853.451728 17.370055
4853.856942 16.976873
4854.262156 17.469061
4854.667371 17.518178
4855.072585 17.545768
4855.477799 17.756695
4855.883014 18.124618
4856.288228 18.231757
4856.693442 18.690753
4857.098657 18.609593
4857.503871 19.136954
4857.909086 19.202228
4858.314300 19.028265
4858.719514 19.471525
4859.124729 19.145007
4859.529943 19.026734
4859.935157 19.188533
4860.340372 18.870728
4860.745586 19.483479
4861.150800 19.894508
4861.556015 20.009970
4861.961229 20.261531
4862.366444 19.939174
4862.771658 20.047634
4863.176872 20.361647
4863.582087 20.633025
4863.987301 20.154762
4864.392515 20.522625
4864.797730 20.566161
4865.202944 20.248916
4865.608158 19.472095
4866.013373 17.849558
4866.418587 17.173444
4866.823802 16.523408
4867.229016 15.894161
4867.634230 15.766715
4868.039445 14.990974
4868.444659 16.109919
4868.849873 16.799648
4869.255088 16.857199
4869.660302 17.432447
4870.065516 17.162980
4870.470731 16.618923
4870.875945 16.295236
4871.281159 16.534693
4871.686374 16.970940
4872.091588 17.061703
4872.496803 17.278222
4872.902017 17.973423
4873.307231 17.132259
4873.712446 16.570646
4874.117660 16.313973
4874.522874 16.661719
4874.928089 17.283073
4875.333303 17.053850
4875.738517 18.833284
4876.143732 19.230978
4876.548946 18.657671
4876.954161 16.437127
4877.359375 16.071185
4877.764589 13.929800
4878.169804 12.536606
4878.575018 11.731915
4878.980232 10.283611
4879.385447 12.294318
4879.790661 13.245963
4880.195875 14.516212
4880.601090 15.985604
4881.006304 16.374615
4881.411518 16.817855
4881.816733 16.249869
4882.221947 16.037953
4882.627162 16.451913
4883.032376 16.519697
4883.437590 16.095003
4883.842805 15.866681
4884.248019 16.107828
4884.653233 15.690197
4885.058448 15.833459
4885.463662 15.953872
4885.868876 15.968688
4886.274091 16.691269
4886.679305 16.804960
4887.084520 16.744959
4887.489734 16.844365
4887.894948 17.443741
4888.300163 17.732636
4888.705377 17.353709
4889.110591 15.920400
4889.515806 14.084106
4889.921020 12.836414
4890.326234 12.068817
4890.731449 12.870987
4891.136663 13.267020
4891.541877 14.504338
4891.947092 15.474729
4892.352306 15.292583
4892.757521 15.387467
4893.162735 15.740285
4893.567949 15.051696
4893.973164 14.891078
4894.378378 15.294924
4894.783592 15.371312
4895.188807 15.632086
4895.594021 16.029670
4895.999235 16.275099
4896.404450 17.470691
4896.809664 16.903906
4897.214879 15.974060
4897.620093 16.409857
4898.025307 14.209131
4898.430522 14.229468
4898.835736 13.933992
4899.240950 11.406807
4899.646165 10.754791
4900.051379 12.929148
4900.456593 12.070657
4900.861808 11.687919
4901.267022 13.443674
4901.672236 12.900097
4902.077451 13.558196
4902.482665 13.987961
4902.887880 14.146729
4903.293094 13.741672
4903.698308 14.059357
4904.103523 13.859875
4904.508737 13.487000
4904.913951 13.357083
4905.319166 13.191763
4905.724380 12.895576
4906.129594 12.815887
4906.534809 13.183640
4906.940023 13.224905
4907.345238 13.511139
4907.750452 13.554244
4908.155666 13.563187
4908.560881 13.851202
4908.966095 13.877721
4909.371309 14.715904
4909.776524 15.685785
4910.181738 16.453523
4910.586952 16.932316
4910.992167 18.005245
4911.397381 17.124566
4911.802595 16.631538
4912.207810 15.769206
4912.613024 15.660976
4913.018239 12.940432
4913.423453 11.037714
4913.828667 9.699419
4914.233882 9.472527
4914.639096 8.815820
4915.044310 11.369694
4915.449525 11.936839
4915.854739 13.081383
4916.259953 13.293200
4916.665168 12.952346
4917.070382 11.837953
4917.475597 11.639341
4917.880811 13.336405
4918.286025 15.534010
4918.691240 14.380243
4919.096454 15.515194
4919.501668 16.537754
4919.906883 15.511542
4920.312097 19.167355
4920.717311 15.496797
4921.122526 14.107754
4921.527740 11.244428
4921.932954 9.946259
4922.338169 9.528328
4922.743383 9.536080
4923.148598 8.298443
4923.553812 5.799939
4923.959026 7.625149
4924.364241 12.067936
4924.769455 13.936112
4925.174669 14.289510
4925.579884 14.062288
4925.985098 14.414375
4926.390312 13.025433
4926.795527 13.638355
4927.200741 13.459650
4927.605956 11.878778
4928.011170 11.121064
4928.416384 10.811402
4928.821599 10.899864
4929.226813 11.515186
4929.632027 12.107561
4930.037242 12.361813
4930.442456 12.830102
4930.847670 12.804453
4931.252885 11.599627
4931.658099 11.546808
4932.063314 11.603518
4932.468528 10.539503
4932.873742 10.873924
4933.278957 10.545265
4933.684171 11.341093
4934.089385 11.803011
4934.494600 12.250833
4934.899814 12.094746
4935.305028 11.751792
4935.710243 11.686959
4936.115457 11.396203
4936.520671 11.780282
4936.925886 11.614672
4937.331100 11.579450
4937.736315 11.967360
4938.141529 12.110182
4938.546743 12.715811
4938.951958 12.886623
4939.357172 13.194504
4939.762386 13.330883
4940.167601 12.203906
4940.572815 12.267379
4940.978029 11.661409
4941.383244 11.038564
4941.788458 9.730631
4942.193673 10.483173
4942.598887 11.507284
4943.004101 11.129667
4943.409316 11.816876
4943.814530 12.491430
4944.219744 13.922557
4944.624959 16.007632
4945.030173 18.157330
4945.435387 19.212191
4945.840602 18.797511
4946.245816 15.783931
4946.651030 13.168585
4947.056245 14.100052
4947.461459 12.083052
4947.866674 9.618100
4948.271888 0.768348
4948.677102 -2.251135
4949.082317 1.981057
4949.487531 3.687794
4949.892745 3.439705
4950.297960 8.099280
4950.703174 11.401145
4951.108388 15.550867
4951.513603 16.325967
4951.918817 16.557161
4952.324032 17.957777
4952.729246 18.309985
4953.134460 19.917066
4953.539675 17.320897
4953.944889 14.720046
4954.350103 13.261348
4954.755318 13.303413
4955.160532 13.803804
4955.565746 12.976625
4955.970961 16.083499
4956.376175 17.329380
4956.781389 19.038679
4957.186604 20.643179
4957.591818 20.314090
4957.997033 20.892389
4958.402247 21.636418
4958.807461 22.231254
4959.212676 22.396173
4959.617890 22.289025
4960.023104 22.878148
4960.428319 22.570236
4960.833533 21.758953
4961.238747 22.357589
4961.643962 20.554937
4962.049176 19.217033
4962.454391 18.068878
4962.859605 16.308021
4963.264819 15.313711
4963.670034 13.665644
4964.075248 13.500355
4964.480462 12.198824
4964.885677 12.097137
4965.290891 13.648168
4965.696105 13.130841
4966.101320 13.077702
4966.506534 12.707998
4966.911748 12.446053
4967.316963 12.348048
4967.722177 11.891693
4968.127392 12.500553
4968.532606 13.621979
4968.937820 14.875802
4969.343035 15.609878
4969.748249 15.478951
4970.153463 14.479499
4970.558678 12.804783
4970.963892 10.198820
4971.369106 8.566620
4971.774321 8.553125
4972.179535 8.640586
4972.584750 9.009720
4972.989964 10.116500
4973.395178 10.505591
4973.800393 10.473029
4974.205607 11.551640
4974.610821 12.552382
4975.016036 12.029973
4975.421250 11.551570
4975.826464 10.598485
4976.231679 9.543473
4976.636893 8.451648
4977.042107 7.943974
4977.447322 8.364777
4977.852536 9.422029
4978.257751 10.569384
4978.662965 12.035515
4979.068179 12.706407
4979.473394 13.852992
4979.878608 14.403451
4980.283822 14.493824
4980.689037 12.043858
4981.094251 14.635025
4981.499465 13.598050
4981.904680 13.290559
4982.309894 6.147254
4982.715109 4.728901
4983.120323 5.455164
4983.525537 5.566344
4983.930752 7.286696
4984.335966 7.803043
4984.741180 8.980029
4985.146395 11.131848
4985.551609 11.541836
4985.956823 11.271148
4986.362038 11.039704
4986.767252 10.854767
4987.172466 11.224171
4987.577681 10.940528
4987.982895 11.188158
4988.388110 11.268337
4988.793324 12.277782
4989.198538 12.892055
4989.603753 13.319049
4990.008967 13.681820
4990.414181 13.190813
4990.819396 12.767219
4991.224610 12.651398
4991.629824 11.477133
4992.035039 10.880207
4992.440253 10.354286
4992.845468 7.823731
4993.250682 6.298719
4993.655896 8.542001
4994.061111 8.580905
4994.466325 10.088850
4994.871539 10.841513
4995.276754 13.081683
4995.681968 14.615298
4996.087182 14.355604
4996.492397 15.482742
4996.897611 15.789173
4997.302825 16.276589
4997.708040 16.701143
4998.113254 17.774671
4998.518469 18.489030
4998.923683 19.309256
4999.328897 20.078195
4999.734112 20.787591
5000.139326 22.420692
5000.544540 23.614444
5000.949755 27.205844
5001.354969 29.663833
5001.760183 25.356955
5002.165398 25.374271
5002.570612 22.865953
5002.975827 23.433379
5003.381041 18.855882
5003.786255 20.236422
5004.191470 22.372565
5004.596684 27.917311
5005.001898 32.608438
5005.407113 35.415534
5005.812327 38.832620
5006.217541 39.404927
5006.622756 39.853440
5007.027970 42.769365
5007.433185 43.171450
5007.838399 44.156757
5008.243613 43.859419
5008.648828 42.006159
5009.054042 38.514055
5009.459256 36.021643
5009.864471 32.702322
5010.269685 28.191160
5010.674899 25.171187
5011.080114 23.089614
5011.485328 20.882376
5011.890542 19.141356
5012.295757 18.554924
5012.700971 17.588834
5013.106186 16.005731
5013.511400 15.799156
5013.916614 16.702933
5014.321829 16.200652
5014.727043 15.962425
5015.132257 17.294748
5015.537472 17.552171
5015.942686 16.058800
5016.347900 14.519273
5016.753115 14.455090
5017.158329 13.143075
5017.563544 11.751032
5017.968758 10.444999
5018.373972 9.389047
5018.779187 10.173411
5019.184401 9.123031
5019.589615 8.491822
5019.994830 9.830707
5020.400044 10.560891
5020.805258 11.328729
5021.210473 11.039854
5021.615687 12.384901
5022.020901 12.766109
5022.426116 13.904621
5022.831330 14.723537
5023.236545 15.382456
5023.641759 15.575115
5024.046973 16.128225
5024.452188 15.656635
5024.857402 12.956858
5025.262616 11.390831
5025.667831 9.773266
5026.073045 11.955466
5026.478259 5.777060
5026.883474 6.348677
5027.288688 0.887461
5027.693903 2.290709
5028.099117 3.053385
5028.504331 4.168758
5028.909546 6.763447
5029.314760 8.001225
5029.719974 8.759149
5030.125189 11.189288
5030.530403 10.575746
5030.935617 10.756032
5031.340832 9.210553
5031.746046 10.193128
5032.151260 10.463236
5032.556475 9.762032
5032.961689 11.751662
5033.366904 11.606830
5033.772118 13.287398
5034.177332 12.866955
5034.582547 11.346305
5034.987761 10.218567
5035.392975 7.875940
5035.798190 6.335462
5036.203404 3.988403
5036.608618 4.226989
5037.013833 4.773877
5037.419047 5.869204
5037.824262 10.042904
5038.229476 11.614312
5038.634690 10.955614
5039.039905 9.486282
5039.445119 8.672598
5039.850333 10.185805
5040.255548 12.427116
5040.660762 14.237331
5041.065976 12.896866
5041.471191 11.036953
5041.876405 9.261131
5042.281619 9.252558
5042.686834 8.225616
5043.092048 6.734597
5043.497263 9.544423
5043.902477 12.242440
5044.307691 13.550073
5044.712906 14.376352
5045.118120 14.887837
5045.523334 11.771499
5045.928549 9.239493
5046.333763 6.646595
5046.738977 3.491973
5047.144192 3.849543
5047.549406 4.583168
5047.954621 6.875608
5048.359835 8.629922
5048.765049 12.045388
5049.170264 11.120684
5049.575478 11.192290
5049.980692 11.416091
5050.385907 12.252423
5050.791121 12.463970
5051.196335 12.854631
5051.601550 13.000654
5052.006764 14.924560
5052.411978 15.923111
5052.817193 12.533815
5053.222407 7.295920
5053.627622 5.647843
5054.032836 5.298947
5054.438050 3.624201
5054.843265 3.572603
5055.248479 5.606769
5055.653693 8.029125
5056.058908 8.583766
5056.464122 6.853320
5056.869336 5.901225
5057.274551 5.791205
5057.679765 7.534576
5058.084980 8.130502
5058.490194 8.973937
5058.895408 8.443575
5059.300623 9.280358
5059.705837 9.345271
5060.111051 9.532979
5060.516266 8.527025
5060.921480 8.672378
5061.326694 8.505637
5061.731909 8.030566
5062.137123 8.522894
5062.542337 8.309927
5062.947552 8.755718
5063.352766 8.470525
5063.757981 8.795332
5064.163195 8.534608
5064.568409 8.022423
5064.973624 7.889485
5065.378838 9.335428
5065.784052 9.538391
5066.189267 8.168686
5066.594481 8.218654
5066.999695 8.096950
5067.404910 8.973897
5067.810124 8.343029
5068.215339 8.481019
5068.620553 8.486240
5069.025767 9.148930
5069.430982 10.463366
5069.836196 10.044414
5070.241410 9.382995
5070.646625 10.319354
5071.051839 11.074387
5071.457053 11.630228
5071.862268 11.985276
5072.267482 10.937677
5072.672697 9.700550
5073.077911 9.438075
5073.483125 9.617350
5073.888340 9.564641
5074.293554 7.816168
5074.698768 8.037558
5075.103983 9.922350
5075.509197 8.824463
5075.914411 10.150883
5076.319626 9.752319
5076.724840 10.121422
5077.130054 11.096595
5077.535269 10.221098
5077.940483 12.620116
5078.345698 11.915131
5078.750912 11.197071
5079.156126 12.074899
5079.561341 11.903517
5079.966555 15.044783
5080.371769 17.559403
5080.776984 17.242149
5081.182198 16.139189
5081.587412 15.164967
5081.992627 10.183865
5082.397841 3.870791
5082.803056 3.687854
5083.208270 -5.818545
5083.613484 -15.380595
5084.018699 -19.350261
5084.423913 -1.989720
5084.829127 3.887497
5085.234342 9.102433
5085.639556 9.197728
5086.044770 9.919199
5086.449985 12.007545
5086.855199 7.684750
5087.260413 3.551585
5087.665628 3.701919
5088.070842 -2.631192
5088.476057 -4.215265
5088.881271 -4.216586
5089.286485 -4.007320
5089.691700 1.145594
5090.096914 6.481585
5090.502128 9.551086
5090.907343 11.850458
5091.312557 10.253070
5091.717771 8.968755
5092.122986 9.817072
5092.528200 7.908331
5092.933415 7.574130
5093.338629 8.246384
5093.743843 7.380831
5094.149058 7.901089
5094.554272 8.313518
5094.959486 8.906523
5095.364701 8.614777
5095.769915 9.507310
5096.175129 7.664803
5096.580344 7.598199
5096.985558 7.198625
5097.390772 8.241422
5097.795987 6.053490
5098.201201 6.156047
5098.606416 11.003691
5099.011630 13.801013
5099.416844 14.106944
5099.822059 11.000000
5100.227273 11.062223
