1804.965105 29.185816
1805.373974 26.642830
1805.782842 27.883966
1806.191711 30.653184
1806.600580 26.998851
1807.009449 28.674341
1807.418317 32.725106
1807.827186 29.606518
1808.236055 28.769439
1808.644923 27.669580
1809.053792 27.887250
1809.462661 27.626443
1809.871530 28.364811
1810.280398 24.579350
1810.689267 26.010409
1811.098136 24.262302
1811.507004 23.937409
1811.915873 24.275624
1812.324742 25.481879
1812.733611 24.821274
1813.142479 26.993033
1813.551348 25.566219
1813.960217 27.420353
1814.369085 29.384832
1814.777954 29.695465
1815.186823 27.572380
1815.595692 27.819999
1816.004560 28.522773
1816.413429 28.221310
1816.822298 28.318642
1817.231166 29.182920
1817.640035 28.011641
1818.048904 28.170291
1818.457773 27.841150
1818.866641 26.673133
1819.275510 27.168516
1819.684379 26.017416
1820.093247 27.516396
1820.502116 26.954380
1820.910985 26.606603
1821.319854 28.090971
1821.728722 28.852793
1822.137591 28.047721
1822.546460 27.247753
1822.955328 26.635361
1823.364197 27.283960
1823.773066 30.953685
1824.181935 30.151472
1824.590803 27.424671
1824.999672 28.919102
1825.408541 29.943622
1825.817409 29.157824
1826.226278 27.964346
1826.635147 28.474137
1827.044016 27.418141
1827.452884 28.807181
1827.861753 29.548848
1828.270622 29.350504
1828.679490 28.446341
1829.088359 27.514848
1829.497228 29.427053
1829.906097 31.026021
1830.314965 30.606706
1830.723834 31.048565
1831.132703 31.884273
1831.541571 30.645052
1831.950440 29.965625
1832.359309 27.733698
1832.768178 27.367853
1833.177046 24.776026
1833.585915 26.176854
1833.994784 25.779225
1834.403652 28.057776
1834.812521 28.813026
1835.221390 29.773941
1835.630259 28.944804
1836.039127 30.627362
1836.447996 30.066037
1836.856865 28.001121
1837.265733 28.382047
1837.674602 28.862662
1838.083471 30.505672
1838.492340 30.897053
1838.901208 31.844180
1839.310077 29.657790
1839.718946 23.699663
1840.127814 16.941925
1840.536683 12.976365
1840.945552 10.198857
1841.354420 11.806585
1841.763289 13.067887
1842.172158 14.710629
1842.581027 16.822805
1842.989895 21.298974
1843.398764 24.590337
1843.807633 30.315931
1844.216501 31.887129
1844.625370 32.848700
1845.034239 33.453677
1845.443108 33.045775
1845.851976 33.818605
1846.260845 34.711037
1846.669714 34.119817
1847.078582 32.350407
1847.487451 30.302323
1847.896320 23.910849
1848.305189 19.454740
1848.714057 15.125671
1849.122926 16.420953
1849.531795 17.858626
1849.940663 19.930947
1850.349532 22.336435
1850.758401 24.450338
1851.167270 27.826972
1851.576138 29.990110
1851.985007 33.287141
1852.393876 33.913144
1852.802744 33.206496
1853.211613 32.826758
1853.620482 33.330103
1854.029351 33.870475
1854.438219 32.703070
1854.847088 33.088917
1855.255957 34.483530
1855.664825 35.906308
1856.073694 35.190050
1856.482563 34.537164
1856.891432 34.927360
1857.300300 33.552879
1857.709169 34.477678
1858.118038 34.946943
1858.526906 34.108777
1858.935775 35.159396
1859.344644 35.621205
1859.753513 34.070604
1860.162381 35.427758
1860.571250 34.834557
1860.980119 34.488491
1861.388987 33.763866
1861.797856 35.010934
1862.206725 35.289579
1862.615594 34.903985
1863.024462 35.102686
1863.433331 34.935728
1863.842200 34.579415
1864.251068 34.904613
1864.659937 34.611354
1865.068806 33.751708
1865.477675 34.216581
1865.886543 34.408801
1866.295412 32.470259
1866.704281 33.298673
1867.113149 34.529869
1867.522018 35.488519
1867.930887 33.855944
1868.339756 35.308051
1868.748624 34.372604
1869.157493 34.305391
1869.566362 36.008364
1869.975230 36.295243
1870.384099 34.339429
1870.792968 34.188810
1871.201837 35.061345
1871.610705 34.964956
1872.019574 35.184416
1872.428443 35.585810
1872.837311 35.331214
1873.246180 35.022482
1873.655049 35.973236
1874.063918 36.169469
1874.472786 36.380374
1874.881655 35.950946
1875.290524 37.641808
1875.699392 37.212861
1876.108261 36.962322
1876.517130 37.600745
1876.925999 38.496364
1877.334867 37.461385
1877.743736 37.547456
1878.152605 37.580324
1878.561473 36.949591
1878.970342 36.959652
1879.379211 37.280225
1879.788080 37.900222
1880.196948 37.410821
1880.605817 37.063664
1881.014686 37.477926
1881.423554 38.307894
1881.832423 38.860127
1882.241292 38.687242
1882.650161 38.450593
1883.059029 38.936245
1883.467898 38.156689
1883.876767 39.463573
1884.285635 39.650391
1884.694504 38.722120
1885.103373 38.942515
1885.512242 40.468198
1885.921110 39.839071
1886.329979 40.819686
1886.738848 40.331125
1887.147716 40.805888
1887.556585 41.713988
1887.965454 42.361438
1888.374323 42.488002
1888.783191 42.742368
1889.192060 43.738772
1889.600929 43.278629
1890.009797 43.302402
1890.418666 43.532757
1890.827535 44.257654
1891.236404 44.034282
1891.645272 43.245509
1892.054141 42.836771
1892.463010 44.899644
1892.871878 45.459800
1893.280747 43.771911
1893.689616 43.670742
1894.098485 43.075589
1894.507353 43.187527
1894.916222 43.263017
1895.325091 43.416921
1895.733959 42.145884
1896.142828 42.139205
1896.551697 43.036718
1896.960566 42.537437
1897.369434 42.228242
1897.778303 41.435235
1898.187172 41.271507
1898.596040 41.582566
1899.004909 41.553401
1899.413778 41.065243
1899.822647 41.632321
1900.231515 41.735670
1900.640384 40.732351
1901.049253 41.236516
1901.458121 42.363504
1901.866990 41.601010
1902.275859 41.549716
1902.684728 42.256392
1903.093596 42.762078
1903.502465 43.895849
1903.911334 42.523651
1904.320202 42.329412
1904.729071 43.479247
1905.137940 43.428028
1905.546809 42.952233
1905.955677 41.457448
1906.364546 41.883891
1906.773415 42.115386
1907.182283 42.124647
1907.591152 40.524088
1908.000021 40.143523
1908.408889 40.753041
1908.817758 40.243135
1909.226627 40.654534
1909.635496 40.165017
1910.044364 39.361361
1910.453233 38.370994
1910.862102 38.704343
1911.270970 39.815216
1911.679839 37.778510
1912.088708 37.745996
1912.497577 37.924388
1912.906445 37.971004
1913.315314 36.999606
1913.724183 37.526645
1914.133051 37.855869
1914.541920 37.569984
1914.950789 36.387602
1915.359658 36.006395
1915.768526 35.715361
1916.177395 36.229265
1916.586264 36.563599
1916.995132 36.022274
1917.404001 35.214198
1917.812870 35.071663
1918.221739 34.865094
1918.630607 34.634737
1919.039476 34.981021
1919.448345 33.501398
1919.857213 34.313265
1920.266082 33.166649
1920.674951 33.167998
1921.083820 33.719525
1921.492688 33.661947
1921.901557 32.836567
1922.310426 31.343095
1922.719294 32.016325
1923.128163 33.043628
1923.537032 33.697101
1923.945901 31.999453
1924.354769 32.390430
1924.763638 32.181976
1925.172507 32.680627
1925.581375 32.374870
1925.990244 32.271745
1926.399113 31.993195
1926.807982 32.345551
1927.216850 30.972133
1927.625719 31.120415
1928.034588 31.165680
1928.443456 30.797651
1928.852325 30.656756
1929.261194 30.888484
1929.670063 31.519048
1930.078931 30.738376
1930.487800 29.686784
1930.896669 30.620928
1931.305537 30.184909
1931.714406 30.326715
1932.123275 29.223669
1932.532144 29.910413
1932.941012 29.784093
1933.349881 29.751772
1933.758750 29.821173
1934.167618 29.282423
1934.576487 28.938443
1934.985356 28.932286
1935.394225 28.918779
1935.803093 29.213441
1936.211962 29.000788
1936.620831 28.600648
1937.029699 28.952334
1937.438568 28.899099
1937.847437 29.259824
1938.256306 29.115149
1938.665174 28.881746
1939.074043 28.622387
1939.482912 28.246874
1939.891780 28.306181
1940.300649 28.668120
1940.709518 28.901755
1941.118387 28.645143
1941.527255 29.155475
1941.936124 28.540572
1942.344993 28.569021
1942.753861 28.285137
1943.162730 28.796558
1943.571599 28.889793
1943.980468 28.674551
1944.389336 28.859476
1944.798205 28.956804
1945.207074 28.481453
1945.615942 28.238726
1946.024811 28.521987
1946.433680 28.578280
1946.842549 28.411130
1947.251417 28.032850
1947.660286 28.333807
1948.069155 28.628988
1948.478023 28.681031
1948.886892 28.949314
1949.295761 28.204088
1949.704630 27.514174
1950.113498 28.823825
1950.522367 28.701420
1950.931236 28.111394
1951.340104 27.934227
1951.748973 28.299679
1952.157842 27.994865
1952.566711 27.922336
1952.975579 28.626176
1953.384448 28.144464
1953.793317 27.346991
1954.202185 27.160610
1954.611054 27.388422
1955.019923 27.814182
1955.428792 27.909948
1955.837660 27.602190
1956.246529 27.541224
1956.655398 27.749375
1957.064266 27.325613
1957.473135 26.730361
1957.882004 26.724639
1958.290873 27.417876
1958.699741 27.004979
1959.108610 27.381673
1959.517479 26.219848
1959.926347 26.405228
1960.335216 26.686596
1960.744085 26.351259
1961.152954 25.367075
1961.561822 24.840770
1961.970691 25.158014
1962.379560 26.367570
1962.788428 27.179948
1963.197297 26.730404
1963.606166 26.194934
1964.015035 26.394920
1964.423903 26.954897
1964.832772 26.063029
1965.241641 26.444636
1965.650509 26.811600
1966.059378 27.060400
1966.468247 26.983326
1966.877116 26.717335
1967.285984 26.805058
1967.694853 26.849742
1968.103722 26.491300
1968.512590 26.535450
1968.921459 26.757190
1969.330328 26.538449
1969.739197 26.370039
1970.148065 26.545672
1970.556934 26.621454
1970.965803 26.303254
1971.374671 26.024609
1971.783540 26.188882
1972.192409 25.685998
1972.601278 26.315780
1973.010146 26.647935
1973.419015 26.904149
1973.827884 26.185475
1974.236752 26.184780
1974.645621 26.474151
1975.054490 26.977143
1975.463359 26.313267
1975.872227 26.872416
1976.281096 26.371994
1976.689965 26.465336
1977.098833 26.291500
1977.507702 26.069101
1977.916571 25.952995
1978.325439 25.984134
1978.734308 25.683489
1979.143177 25.521676
1979.552046 26.836037
1979.960914 26.473147
1980.369783 26.337607
1980.778652 26.690658
1981.187520 26.697602
1981.596389 26.731987
1982.005258 27.226299
1982.414127 26.525600
1982.822995 26.869259
1983.231864 26.701384
1983.640733 26.550447
1984.049601 26.168536
1984.458470 26.364910
1984.867339 25.839087
1985.276208 26.622411
1985.685076 26.367176
1986.093945 26.359939
1986.502814 26.817254
1986.911682 26.265631
1987.320551 26.226194
1987.729420 26.649448
1988.138289 27.112380
1988.547157 25.907845
1988.956026 25.487301
1989.364895 26.086879
1989.773763 26.455536
1990.182632 27.197621
1990.591501 26.224990
1991.000370 26.021250
1991.409238 26.959206
1991.818107 26.756529
1992.226976 26.564522
1992.635844 26.382736
1993.044713 26.566039
1993.453582 26.463258
1993.862451 26.818967
1994.271319 26.314529
1994.680188 26.350375
1995.089057 26.595017
1995.497925 26.757204
1995.906794 26.115551
1996.315663 26.040029
1996.724532 26.273779
1997.133400 26.180175
1997.542269 26.446036
1997.951138 26.645842
1998.360006 26.482178
1998.768875 25.758273
1999.177744 26.354784
1999.586613 26.762007
1999.995481 26.550017
2000.404350 26.479981
2000.813219 26.772107
2001.222087 26.698366
2001.630956 26.368653
2002.039825 25.943398
2002.448694 26.584269
2002.857562 26.163599
2003.266431 25.912784
2003.675300 26.163886
2004.084168 26.101432
2004.493037 25.948302
2004.901906 26.555653
2005.310775 26.209051
2005.719643 25.789305
2006.128512 25.668047
2006.537381 26.022829
2006.946249 25.487075
2007.355118 25.720583
2007.763987 25.573652
2008.172856 25.990886
2008.581724 26.062153
2008.990593 26.184176
2009.399462 25.153857
2009.808330 25.617444
2010.217199 25.651502
2010.626068 25.644763
2011.034937 25.217109
2011.443805 25.350150
2011.852674 25.530430
2012.261543 25.545083
2012.670411 25.575888
2013.079280 25.765579
2013.488149 26.507480
2013.897018 25.811843
2014.305886 25.193758
2014.714755 24.962581
2015.123624 25.757994
2015.532492 25.799505
2015.941361 25.804256
2016.350230 25.932006
2016.759099 26.080906
2017.167967 25.994385
2017.576836 25.315717
2017.985705 26.005815
2018.394573 25.875440
2018.803442 26.107064
2019.212311 26.092641
2019.621180 26.172230
2020.030048 26.061916
2020.438917 26.076476
2020.847786 26.648920
2021.256654 26.296360
2021.665523 26.069283
2022.074392 26.429204
2022.483261 25.882776
2022.892129 25.830842
2023.300998 25.770321
2023.709867 25.577878
2024.118735 25.277745
2024.527604 26.360365
2024.936473 26.652718
2025.345342 26.360290
2025.754210 26.184721
2026.163079 26.288196
2026.571948 26.467011
2026.980816 26.812002
2027.389685 26.686357
2027.798554 26.753879
2028.207423 26.307797
2028.616291 26.402753
2029.025160 26.572246
2029.434029 26.213770
2029.842897 26.271487
2030.251766 26.004256
2030.660635 25.565007
2031.069504 26.385824
2031.478372 26.468055
2031.887241 26.354275
2032.296110 26.442836
2032.704978 26.221728
2033.113847 25.559628
2033.522716 26.154105
2033.931585 25.945497
2034.340453 26.716779
2034.749322 26.579997
2035.158191 26.471869
2035.567059 25.876690
2035.975928 26.368465
2036.384797 26.187852
2036.793666 26.553239
2037.202534 26.726693
2037.611403 26.214236
2038.020272 26.197780
2038.429140 26.626695
2038.838009 26.671529
2039.246878 25.828988
2039.655747 26.346870
2040.064615 26.617074
2040.473484 26.500955
2040.882353 26.218288
2041.291221 25.840792
2041.700090 26.210037
2042.108959 26.856323
2042.517828 26.377888
2042.926696 26.648135
2043.335565 27.328032
2043.744434 26.941562
2044.153302 26.903583
2044.562171 26.701062
2044.971040 26.426463
2045.379908 26.753796
2045.788777 26.393140
2046.197646 26.371996
2046.606515 26.867534
2047.015383 27.009191
2047.424252 26.695593
2047.833121 26.580342
2048.241989 26.705175
2048.650858 26.581233
2049.059727 26.758592
2049.468596 26.390547
2049.877464 26.831297
2050.286333 26.855031
2050.695202 26.934938
2051.104070 26.775020
2051.512939 26.958763
2051.921808 27.050518
2052.330677 26.679797
2052.739545 27.014257
2053.148414 27.278682
2053.557283 27.302050
2053.966151 27.346097
2054.375020 27.246123
2054.783889 27.420284
2055.192758 27.413741
2055.601626 27.049391
2056.010495 27.294936
2056.419364 27.678108
2056.828232 27.661957
2057.237101 27.509629
2057.645970 27.132482
2058.054839 27.875230
2058.463707 27.840774
2058.872576 28.149027
2059.281445 28.251843
2059.690313 27.979857
2060.099182 27.118426
2060.508051 27.529422
2060.916920 28.295887
2061.325788 28.042176
2061.734657 28.107888
2062.143526 28.354770
2062.552394 28.254431
2062.961263 28.002975
2063.370132 27.514693
2063.779001 28.319347
2064.187869 27.628036
2064.596738 28.042069
2065.005607 28.408791
2065.414475 27.895934
2065.823344 27.759129
2066.232213 28.152776
2066.641082 27.589218
2067.049950 28.281215
2067.458819 28.339952
2067.867688 28.340635
2068.276556 28.285018
2068.685425 28.028303
2069.094294 27.393920
2069.503163 27.696627
2069.912031 28.173903
2070.320900 27.996607
2070.729769 27.820244
2071.138637 27.910302
2071.547506 27.725651
2071.956375 27.589086
2072.365244 28.023508
2072.774112 28.049948
2073.182981 27.969526
2073.591850 27.889113
2074.000718 27.842487
2074.409587 28.128630
2074.818456 28.063942
2075.227325 27.879567
2075.636193 27.740035
2076.045062 27.899370
2076.453931 28.281538
2076.862799 28.308237
2077.271668 27.632464
2077.680537 27.419436
2078.089406 27.447111
2078.498274 27.369596
2078.907143 27.346357
2079.316012 27.562646
2079.724880 27.354748
2080.133749 27.698911
2080.542618 27.505458
2080.951487 28.218262
2081.360355 27.814255
2081.769224 27.451962
2082.178093 27.327451
2082.586961 27.570154
2082.995830 27.177789
2083.404699 27.414838
2083.813568 27.277924
2084.222436 27.057467
2084.631305 27.309350
2085.040174 27.282205
2085.449042 27.277474
2085.857911 26.878288
2086.266780 27.107672
2086.675649 26.868518
2087.084517 26.677688
2087.493386 26.944472
2087.902255 26.475735
2088.311123 26.865958
2088.719992 27.044030
2089.128861 26.685919
2089.537730 27.254301
2089.946598 27.306775
2090.355467 26.849662
2090.764336 27.011190
2091.173204 26.314434
2091.582073 26.319692
2091.990942 26.973030
2092.399811 26.955109
2092.808679 26.579464
2093.217548 26.703044
2093.626417 26.675636
2094.035285 26.246371
2094.444154 26.241736
2094.853023 26.655970
2095.261892 26.808492
2095.670760 26.785438
2096.079629 26.431117
2096.488498 26.933248
2096.897366 27.117058
2097.306235 26.885535
2097.715104 26.619274
2098.123973 26.911461
2098.532841 26.484645
2098.941710 26.149761
2099.350579 26.449272
2099.759447 26.900990
2100.168316 27.083396
2100.577185 26.356733
2100.986054 26.093262
2101.394922 25.811827
2101.803791 26.211724
2102.212660 26.510300
2102.621528 26.396693
2103.030397 26.569059
2103.439266 26.587363
2103.848135 26.869515
2104.257003 26.790945
2104.665872 26.421708
2105.074741 26.281475
2105.483609 26.115115
2105.892478 25.955903
2106.301347 26.392906
2106.710216 25.931169
2107.119084 26.087450
2107.527953 25.898647
2107.936822 26.148294
2108.345690 25.981603
2108.754559 25.950983
2109.163428 25.735082
2109.572297 25.574050
2109.981165 25.476638
2110.390034 25.649690
2110.798903 25.855035
2111.207771 25.781380
2111.616640 25.697324
2112.025509 25.833630
2112.434377 25.318878
2112.843246 25.498616
2113.252115 26.014873
2113.660984 26.013620
2114.069852 25.775967
2114.478721 25.510691
2114.887590 25.585343
2115.296458 25.469346
2115.705327 25.147104
2116.114196 25.628687
2116.523065 25.854320
2116.931933 25.898873
2117.340802 26.029230
2117.749671 25.576274
2118.158539 25.599206
2118.567408 25.784301
2118.976277 25.643226
2119.385146 25.819009
2119.794014 25.474202
2120.202883 25.115366
2120.611752 25.599269
2121.020620 25.275040
2121.429489 25.166982
2121.838358 25.245985
2122.247227 25.944487
2122.656095 25.420124
2123.064964 25.158796
2123.473833 25.588416
2123.882701 25.445379
2124.291570 25.354663
2124.700439 25.360947
2125.109308 25.711192
2125.518176 25.027008
2125.927045 25.409625
2126.335914 25.546191
2126.744782 25.193300
2127.153651 25.180078
2127.562520 25.107926
2127.971389 25.019448
2128.380257 25.390914
2128.789126 25.346052
2129.197995 25.169000
2129.606863 25.158190
2130.015732 25.250352
2130.424601 25.385424
2130.833470 25.253542
2131.242338 25.477642
2131.651207 25.571244
2132.060076 25.014097
2132.468944 25.031476
2132.877813 25.911681
2133.286682 25.176856
2133.695551 25.007011
2134.104419 25.112687
2134.513288 25.261557
2134.922157 24.904975
2135.331025 25.092446
2135.739894 25.655386
2136.148763 25.242321
2136.557632 25.167895
2136.966500 24.868855
2137.375369 25.070552
2137.784238 25.227378
2138.193106 25.212006
2138.601975 25.053231
2139.010844 25.562535
2139.419713 25.484170
2139.828581 25.429230
2140.237450 25.154942
2140.646319 25.381300
2141.055187 25.384701
2141.464056 25.239479
2141.872925 25.122609
2142.281794 25.284867
2142.690662 24.895017
2143.099531 24.977670
2143.508400 25.260955
2143.917268 25.559353
2144.326137 25.389426
2144.735006 25.179094
2145.143875 24.909025
2145.552743 25.108898
2145.961612 25.371945
2146.370481 25.086879
2146.779349 25.092211
2147.188218 25.123003
2147.597087 24.723049
2148.005956 24.928951
2148.414824 24.944969
2148.823693 24.770636
2149.232562 24.658159
2149.641430 24.645834
2150.050299 24.597180
2150.459168 25.070152
2150.868037 25.187753
2151.276905 25.332525
2151.685774 24.841138
2152.094643 24.612540
2152.503511 24.737389
2152.912380 24.598014
2153.321249 25.114596
2153.730118 24.984172
2154.138986 24.795877
2154.547855 25.043604
2154.956724 25.308641
2155.365592 25.074202
2155.774461 25.063108
2156.183330 25.128297
2156.592199 24.875254
2157.001067 24.931719
2157.409936 25.100602
2157.818805 25.257141
2158.227673 25.269182
2158.636542 25.125574
2159.045411 24.668869
2159.454280 24.422538
2159.863148 24.319347
2160.272017 23.976169
2160.680886 24.167615
2161.089754 24.577440
2161.498623 24.637110
2161.907492 24.733882
2162.316361 25.156960
2162.725229 25.232242
2163.134098 24.935720
2163.542967 24.764835
2163.951835 24.679447
2164.360704 25.008621
2164.769573 24.963953
2165.178442 24.764308
2165.587310 24.331068
2165.996179 24.436534
2166.405048 24.628907
2166.813916 25.097307
2167.222785 25.170836
2167.631654 25.147214
2168.040523 24.894536
2168.449391 25.141839
2168.858260 24.982639
2169.267129 25.253960
2169.675997 25.339037
2170.084866 25.075854
2170.493735 25.258020
2170.902604 25.154869
2171.311472 24.834108
2171.720341 24.858877
2172.129210 25.280463
2172.538078 24.645216
2172.946947 25.239562
2173.355816 25.013388
2173.764685 24.810144
2174.173553 24.831192
2174.582422 25.162535
2174.991291 24.922661
2175.400159 24.894474
2175.809028 25.314024
2176.217897 25.197891
2176.626766 24.754930
2177.035634 24.480869
2177.444503 24.625942
2177.853372 24.986317
2178.262240 24.861266
2178.671109 24.828861
2179.079978 24.827356
2179.488847 24.999683
2179.897715 24.253538
2180.306584 24.425227
2180.715453 24.640572
2181.124321 25.256457
2181.533190 25.088462
2181.942059 25.082934
2182.350927 24.981253
2182.759796 24.694781
2183.168665 25.265015
2183.577534 25.010405
2183.986402 24.830979
2184.395271 24.758905
2184.804140 24.800982
2185.213008 24.503153
2185.621877 24.184443
2186.030746 24.429735
2186.439615 24.410469
2186.848483 24.292728
2187.257352 24.180417
2187.666221 24.253330
2188.075089 24.447967
2188.483958 24.624338
2188.892827 24.482835
2189.301696 24.365049
2189.710564 24.464155
2190.119433 24.532850
2190.528302 24.200572
2190.937170 24.095554
2191.346039 24.125045
2191.754908 24.288941
2192.163777 24.263761
2192.572645 24.295336
2192.981514 24.006264
2193.390383 23.705397
2193.799251 23.948831
2194.208120 24.357404
2194.616989 24.057105
2195.025858 24.311378
2195.434726 24.142010
2195.843595 24.073929
2196.252464 23.999321
2196.661332 23.605446
2197.070201 23.696972
2197.479070 24.104056
2197.887939 24.437415
2198.296807 24.599958
2198.705676 24.131856
2199.114545 24.255590
2199.523413 24.160620
2199.932282 24.019817
2200.341151 23.768221
2200.750020 23.628412
2201.158888 24.305236
2201.567757 24.308631
2201.976626 24.098192
2202.385494 24.298835
2202.794363 24.211709
2203.203232 24.266839
2203.612101 24.587567
2204.020969 24.110556
2204.429838 24.158953
2204.838707 24.167782
2205.247575 24.134120
2205.656444 24.207197
2206.065313 24.174515
2206.474182 23.816026
2206.883050 24.416802
2207.291919 24.146305
2207.700788 23.751348
2208.109656 23.860084
2208.518525 23.907536
2208.927394 23.956851
2209.336263 24.000450
2209.745131 24.111251
2210.154000 24.187565
2210.562869 24.740277
2210.971737 24.471277
2211.380606 24.559650
2211.789475 24.503935
2212.198344 24.248555
2212.607212 24.471194
2213.016081 24.460490
2213.424950 24.898404
2213.833818 24.581481
2214.242687 24.193369
2214.651556 24.121268
2215.060425 24.426374
2215.469293 24.436346
2215.878162 24.280273
2216.287031 24.352080
2216.695899 24.308902
2217.104768 24.331321
2217.513637 24.224966
2217.922506 24.307201
2218.331374 24.564928
2218.740243 24.227293
2219.149112 23.710055
2219.557980 23.998986
2219.966849 24.177943
2220.375718 24.086218
2220.784587 24.172868
2221.193455 24.232882
2221.602324 24.378441
2222.011193 24.105522
2222.420061 24.097962
2222.828930 24.080869
2223.237799 23.976428
2223.646668 23.952990
2224.055536 24.338443
2224.464405 23.967211
2224.873274 24.110037
2225.282142 23.933716
2225.691011 24.021179
2226.099880 24.208803
2226.508749 24.097334
2226.917617 24.100093
2227.326486 24.331733
2227.735355 24.129412
2228.144223 24.305490
2228.553092 23.854614
2228.961961 23.538271
2229.370830 23.951657
2229.779698 23.878344
2230.188567 23.928230
2230.597436 23.826592
2231.006304 23.731612
2231.415173 24.136421
2231.824042 23.845000
2232.232911 23.956626
2232.641779 23.834345
2233.050648 23.812113
2233.459517 23.751368
2233.868385 23.677682
2234.277254 23.908548
2234.686123 24.039772
2235.094992 23.882780
2235.503860 23.679645
2235.912729 23.961585
2236.321598 23.945505
2236.730466 23.955012
2237.139335 23.952988
2237.548204 23.794411
2237.957073 23.673236
2238.365941 23.977896
2238.774810 24.125417
2239.183679 24.066580
2239.592547 24.232456
2240.001416 24.429137
2240.410285 23.894211
2240.819154 23.868556
2241.228022 24.145505
2241.636891 24.375187
2242.045760 24.229157
2242.454628 23.824845
2242.863497 23.783841
2243.272366 23.782635
2243.681235 23.999665
2244.090103 24.253310
2244.498972 24.473226
2244.907841 24.321706
2245.316709 23.974377
2245.725578 24.480593
2246.134447 24.233038
2246.543316 23.986172
2246.952184 24.088775
2247.361053 24.526017
2247.769922 24.319514
2248.178790 24.288737
2248.587659 24.485398
2248.996528 24.562028
2249.405396 24.243028
2249.814265 23.841471
2250.223134 24.270905
2250.632003 24.456897
2251.040871 24.722956
2251.449740 24.318151
2251.858609 24.431771
2252.267477 24.333644
2252.676346 24.471836
2253.085215 24.111926
2253.494084 24.515885
2253.902952 24.412865
2254.311821 24.577096
2254.720690 24.384673
2255.129558 24.167031
2255.538427 24.567380
2255.947296 24.580720
2256.356165 24.851383
2256.765033 24.338152
2257.173902 24.579587
2257.582771 24.682279
2257.991639 24.714533
2258.400508 24.751114
2258.809377 24.260680
2259.218246 24.355566
2259.627114 24.976052
2260.035983 24.852441
2260.444852 24.751726
2260.853720 24.722076
2261.262589 25.225730
2261.671458 24.936395
2262.080327 24.577803
2262.489195 24.715875
2262.898064 24.567776
2263.306933 24.777413
2263.715801 24.410495
2264.124670 24.374385
2264.533539 24.360945
2264.942408 24.980682
2265.351276 24.774531
2265.760145 24.834775
2266.169014 24.622768
2266.577882 24.642396
2266.986751 24.690813
2267.395620 24.855812
2267.804489 25.073810
2268.213357 25.020088
2268.622226 24.728010
2269.031095 25.266566
2269.439963 25.378706
2269.848832 25.018040
2270.257701 25.006648
2270.666570 25.057755
2271.075438 25.472491
2271.484307 25.342887
2271.893176 25.412093
2272.302044 25.707447
2272.710913 25.759872
2273.119782 25.302991
2273.528651 25.629616
2273.937519 25.333908
2274.346388 25.398174
2274.755257 25.722306
2275.164125 25.580094
2275.572994 25.275432
2275.981863 25.952158
2276.390732 25.804478
2276.799600 25.698184
2277.208469 25.668804
2277.617338 25.804098
2278.026206 25.589456
2278.435075 25.671913
2278.843944 25.539324
2279.252813 25.832729
2279.661681 25.386248
2280.070550 25.411043
2280.479419 25.383806
2280.888287 25.441550
2281.297156 25.522764
2281.706025 25.831814
2282.114894 25.970441
2282.523762 25.861258
2282.932631 25.587073
2283.341500 25.577587
2283.750368 25.822801
2284.159237 25.476908
2284.568106 25.449441
2284.976975 25.753035
2285.385843 25.947650
2285.794712 25.608680
2286.203581 25.416636
2286.612449 25.338574
2287.021318 25.668829
2287.430187 26.069406
2287.839056 25.926421
2288.247924 25.919989
2288.656793 26.123995
2289.065662 25.963755
2289.474530 26.145816
2289.883399 25.901412
2290.292268 26.060571
2290.701137 26.089448
2291.110005 26.120975
2291.518874 25.829551
2291.927743 25.864045
2292.336611 26.096126
2292.745480 26.387697
2293.154349 26.063809
2293.563218 26.548856
2293.972086 26.158252
2294.380955 26.025136
2294.789824 26.069372
2295.198692 26.438776
2295.607561 26.321716
2296.016430 26.608859
2296.425299 26.540707
2296.834167 26.081902
2297.243036 26.216480
2297.651905 26.457766
2298.060773 26.164096
2298.469642 26.542747
2298.878511 26.214733
2299.287380 26.048508
2299.696248 26.354673
2300.105117 26.741317
2300.513986 26.716697
2300.922854 26.672135
2301.331723 26.566132
2301.740592 26.697980
2302.149461 26.557475
2302.558329 26.660482
2302.967198 26.568518
2303.376067 26.758557
2303.784935 26.533244
2304.193804 26.662535
2304.602673 26.875680
2305.011542 26.661484
2305.420410 26.852883
2305.829279 26.711520
2306.238148 27.019007
2306.647016 26.988204
2307.055885 26.848300
2307.464754 26.655390
2307.873623 26.643630
2308.282491 27.189955
2308.691360 26.811651
2309.100229 27.046775
2309.509097 26.681918
2309.917966 26.604957
2310.326835 27.220902
2310.735704 26.982758
2311.144572 26.899879
2311.553441 26.941190
2311.962310 27.208142
2312.371178 27.086711
2312.780047 26.920450
2313.188916 26.857107
2313.597785 26.865564
2314.006653 26.979346
2314.415522 26.726065
2314.824391 26.686772
2315.233259 26.666778
2315.642128 26.573921
2316.050997 26.778391
2316.459866 26.799192
2316.868734 27.046082
2317.277603 27.287592
2317.686472 27.437249
2318.095340 27.262634
2318.504209 27.321884
2318.913078 27.886642
2319.321946 28.136833
2319.730815 27.402858
2320.139684 27.248181
2320.548553 27.442087
2320.957421 27.037550
2321.366290 27.479993
2321.775159 27.513570
2322.184027 27.550363
2322.592896 27.869877
2323.001765 27.639229
2323.410634 27.614693
2323.819502 27.378250
2324.228371 27.623407
2324.637240 28.028911
2325.046108 27.534728
2325.454977 27.055883
2325.863846 26.406874
2326.272715 25.475519
2326.681583 25.597118
2327.090452 25.989353
2327.499321 26.448207
2327.908189 26.735391
2328.317058 26.991139
2328.725927 27.025089
2329.134796 27.075042
2329.543664 27.095100
2329.952533 26.859523
2330.361402 26.440643
2330.770270 26.187917
2331.179139 26.068303
2331.588008 25.837245
2331.996877 25.879542
2332.405745 26.689856
2332.814614 27.011211
2333.223483 26.573804
2333.632351 26.490755
2334.041220 26.550769
2334.450089 26.303856
2334.858958 26.291042
2335.267826 26.241594
2335.676695 26.867504
2336.085564 26.669837
2336.494432 26.496162
2336.903301 26.278853
2337.312170 26.077977
2337.721039 26.301297
2338.129907 26.120005
2338.538776 26.448617
2338.947645 26.367310
2339.356513 26.885444
2339.765382 27.002002
2340.174251 26.488535
2340.583120 26.036076
2340.991988 25.802093
2341.400857 25.670568
2341.809726 25.176789
2342.218594 25.485580
2342.627463 25.543372
2343.036332 25.402822
2343.445201 25.717529
2343.854069 25.625402
2344.262938 25.964023
2344.671807 26.013196
2345.080675 26.072404
2345.489544 26.067431
2345.898413 25.885192
2346.307282 25.852663
2346.716150 25.721474
2347.125019 25.770340
2347.533888 25.842041
2347.942756 25.407352
2348.351625 25.821690
2348.760494 25.786198
2349.169363 25.650096
2349.578231 25.934322
2349.987100 26.103474
2350.395969 26.171473
2350.804837 25.863173
2351.213706 25.766508
2351.622575 25.791846
2352.031444 25.922399
2352.440312 26.260329
2352.849181 26.087537
2353.258050 25.764306
2353.666918 26.110889
2354.075787 25.858860
2354.484656 25.637682
2354.893525 25.568942
2355.302393 25.763793
2355.711262 25.564429
2356.120131 25.457671
2356.528999 25.282318
2356.937868 25.444697
2357.346737 25.646111
2357.755606 25.793484
2358.164474 25.950019
2358.573343 25.888620
2358.982212 25.851772
2359.391080 25.766772
2359.799949 25.987743
2360.208818 26.081815
2360.617687 25.744959
2361.026555 25.864860
2361.435424 25.755772
2361.844293 25.670291
2362.253161 25.606579
2362.662030 25.473955
2363.070899 25.367328
2363.479768 24.853281
2363.888636 24.090048
2364.297505 23.548623
2364.706374 22.894585
2365.115242 23.510431
2365.524111 23.994678
2365.932980 24.779944
2366.341849 25.010578
2366.750717 25.282501
2367.159586 25.586852
2367.568455 25.410500
2367.977323 25.334197
2368.386192 25.143121
2368.795061 25.689935
2369.203930 25.667906
2369.612798 25.979565
2370.021667 25.406540
2370.430536 25.218783
2370.839404 25.318177
2371.248273 24.798291
2371.657142 24.898978
2372.066011 25.022581
2372.474879 25.448890
2372.883748 25.659842
2373.292617 25.366936
2373.701485 25.878704
2374.110354 25.841433
2374.519223 25.684420
2374.928092 25.781710
2375.336960 25.717753
2375.745829 25.722389
2376.154698 25.795229
2376.563566 25.693292
2376.972435 25.428737
2377.381304 25.023405
2377.790173 24.693645
2378.199041 24.509219
2378.607910 24.583027
2379.016779 24.962401
2379.425647 25.685576
2379.834516 25.614978
2380.243385 25.659610
2380.652254 25.552724
2381.061122 25.556501
2381.469991 25.189636
2381.878860 25.516505
2382.287728 25.724174
2382.696597 25.896194
2383.105466 26.146080
2383.514335 26.200299
2383.923203 25.885659
2384.332072 25.732472
2384.740941 26.130335
2385.149809 26.525364
2385.558678 26.698069
2385.967547 26.137803
2386.376415 25.543479
2386.785284 24.932965
2387.194153 24.860418
2387.603022 25.032226
2388.011890 25.207714
2388.420759 25.600042
2388.829628 25.371257
2389.238496 25.539572
2389.647365 25.480475
2390.056234 25.764993
2390.465103 25.972331
2390.873971 26.419171
2391.282840 26.335718
2391.691709 25.799578
2392.100577 25.333989
2392.509446 25.079104
2392.918315 24.800026
2393.327184 25.040524
2393.736052 25.521124
2394.144921 25.960686
2394.553790 26.027653
2394.962658 25.936324
2395.371527 26.011649
2395.780396 26.094506
2396.189265 26.092544
2396.598133 26.461488
2397.007002 26.739332
2397.415871 26.924245
2397.824739 26.623504
2398.233608 26.749615
2398.642477 26.824758
2399.051346 26.882180
2399.460214 26.802248
2399.869083 26.990735
2400.277952 27.026851
2400.686820 27.351070
2401.095689 27.508055
2401.504558 27.380704
2401.913427 27.366045
2402.322295 27.234757
2402.731164 27.341128
2403.140033 27.488854
2403.548901 27.760238
2403.957770 27.915598
2404.366639 27.766269
2404.775508 27.614442
2405.184376 27.526219
2405.593245 27.458365
2406.002114 27.342766
2406.410982 27.783097
2406.819851 27.983360
2407.228720 28.247367
2407.637589 28.408659
2408.046457 28.287311
2408.455326 27.914830
2408.864195 27.801105
2409.273063 27.844707
2409.681932 28.000382
2410.090801 28.179221
2410.499670 28.259004
2410.908538 28.373430
2411.317407 27.921235
2411.726276 28.312897
2412.135144 28.530824
2412.544013 28.894882
2412.952882 28.570079
2413.361751 28.639388
2413.770619 28.462238
2414.179488 28.265760
2414.588357 29.024425
2414.997225 28.897879
2415.406094 28.778894
2415.814963 28.843123
2416.223832 28.843970
2416.632700 29.161323
2417.041569 28.866964
2417.450438 28.843606
2417.859306 28.625029
2418.268175 29.050136
2418.677044 28.991848
2419.085913 29.100158
2419.494781 29.276626
2419.903650 28.943034
2420.312519 28.900762
2420.721387 28.701487
2421.130256 28.860072
2421.539125 28.692345
2421.947994 28.659262
2422.356862 28.863688
2422.765731 28.876834
2423.174600 28.398944
2423.583468 28.662955
2423.992337 28.660014
2424.401206 28.421696
2424.810075 28.544083
2425.218943 28.581069
2425.627812 28.176230
2426.036681 28.199986
2426.445549 28.445444
2426.854418 28.603305
2427.263287 28.412635
2427.672156 28.350282
2428.081024 28.080732
2428.489893 27.691983
2428.898762 27.822369
2429.307630 28.288038
2429.716499 28.498752
2430.125368 28.095049
2430.534237 27.943109
2430.943105 28.154473
2431.351974 28.123791
2431.760843 27.986513
2432.169711 27.880877
2432.578580 27.893361
2432.987449 28.100800
2433.396318 28.221050
2433.805186 27.979427
2434.214055 27.766520
2434.622924 27.784719
2435.031792 27.687606
2435.440661 27.285848
2435.849530 27.892607
2436.258399 28.034765
2436.667267 27.709593
2437.076136 27.191963
2437.485005 27.705500
2437.893873 27.958654
2438.302742 28.195314
2438.711611 27.918708
2439.120480 28.043115
2439.529348 28.125334
2439.938217 27.623047
2440.347086 27.915442
2440.755954 27.974610
2441.164823 27.513014
2441.573692 27.620076
2441.982561 27.371279
2442.391429 27.248644
2442.800298 27.495837
2443.209167 27.319399
2443.618035 27.179639
2444.026904 27.273460
2444.435773 27.392421
2444.844642 27.251061
2445.253510 27.448771
2445.662379 27.283384
2446.071248 27.230028
2446.480116 27.305395
2446.888985 27.252477
2447.297854 26.973192
2447.706723 26.941055
2448.115591 26.769014
2448.524460 26.788491
2448.933329 26.576054
2449.342197 26.640536
2449.751066 26.961387
2450.159935 27.187147
2450.568804 26.761912
2450.977672 26.850552
2451.386541 26.753366
2451.795410 26.652389
2452.204278 26.606940
2452.613147 26.897544
2453.022016 26.868314
2453.430885 26.596726
2453.839753 27.070917
2454.248622 27.093985
2454.657491 26.809461
2455.066359 26.658872
2455.475228 27.095425
2455.884097 27.243038
2456.292965 27.390686
2456.701834 27.009673
2457.110703 27.157939
2457.519572 26.993920
2457.928440 26.695405
2458.337309 26.827851
2458.746178 27.260022
2459.155046 27.235286
2459.563915 27.155552
2459.972784 27.173852
2460.381653 27.448912
2460.790521 27.271812
2461.199390 27.208803
2461.608259 27.517979
2462.017127 27.328869
2462.425996 27.153380
2462.834865 27.125188
2463.243734 27.148339
2463.652602 27.498119
2464.061471 27.253536
2464.470340 27.182316
2464.879208 27.421989
2465.288077 27.495457
2465.696946 27.281417
2466.105815 27.370004
2466.514683 27.314119
2466.923552 27.365445
2467.332421 27.625344
2467.741289 27.696677
2468.150158 27.420019
2468.559027 27.344493
2468.967896 27.532608
2469.376764 27.682320
2469.785633 27.382744
2470.194502 27.257804
2470.603370 27.297720
2471.012239 27.559913
2471.421108 27.397410
2471.829977 27.546117
2472.238845 27.329208
2472.647714 27.233939
2473.056583 27.282998
2473.465451 27.256354
2473.874320 27.269705
2474.283189 27.328426
2474.692058 27.000103
2475.100926 27.308974
2475.509795 27.263126
2475.918664 26.963084
2476.327532 27.037928
2476.736401 26.983792
2477.145270 26.980770
2477.554139 27.114303
2477.963007 27.215982
2478.371876 27.251880
2478.780745 27.257038
2479.189613 27.293314
2479.598482 27.264367
2480.007351 27.641362
2480.416220 27.318286
2480.825088 26.982707
2481.233957 27.027533
2481.642826 27.607100
2482.051694 27.372782
2482.460563 27.479791
2482.869432 27.563187
2483.278301 27.438019
2483.687169 27.162989
2484.096038 26.903331
2484.504907 27.163266
2484.913775 27.201103
2485.322644 27.129495
2485.731513 27.091777
2486.140382 27.160527
2486.549250 27.174814
2486.958119 27.477593
2487.366988 27.245933
2487.775856 26.977583
2488.184725 27.119387
2488.593594 27.009651
2489.002463 26.903226
2489.411331 27.041940
2489.820200 27.373167
2490.229069 27.396703
2490.637937 27.359244
2491.046806 27.321684
2491.455675 27.184701
2491.864544 27.222629
2492.273412 27.301305
2492.682281 27.416947
2493.091150 27.251847
2493.500018 27.213748
2493.908887 26.994138
2494.317756 26.913247
2494.726625 27.141109
2495.135493 27.114400
2495.544362 26.995055
2495.953231 26.988446
2496.362099 27.119902
2496.770968 26.860268
2497.179837 26.962545
2497.588706 26.996156
2497.997574 27.098041
2498.406443 27.176197
2498.815312 27.078993
2499.224180 27.179478
2499.633049 26.780096
2500.041918 27.032450
2500.450787 26.830971
2500.859655 26.821201
2501.268524 27.071602
2501.677393 26.859398
2502.086261 26.755792
2502.495130 27.089315
2502.903999 27.051205
2503.312868 26.959729
2503.721736 27.076922
2504.130605 27.016446
2504.539474 26.958531
2504.948342 27.062482
2505.357211 26.692304
2505.766080 26.584923
2506.174949 26.678328
2506.583817 26.752990
2506.992686 26.620365
2507.401555 26.643808
2507.810423 26.666633
2508.219292 26.643448
2508.628161 26.852201
2509.037030 26.911675
2509.445898 26.845899
2509.854767 26.624235
2510.263636 26.665706
2510.672504 26.730935
2511.081373 26.521425
2511.490242 26.490048
2511.899111 26.697164
2512.307979 26.660658
2512.716848 26.443119
2513.125717 26.523980
2513.534585 26.427523
2513.943454 26.533619
2514.352323 26.355681
2514.761192 26.481475
2515.170060 26.927509
2515.578929 26.681742
2515.987798 26.670699
2516.396666 26.589048
2516.805535 26.560012
2517.214404 26.540871
2517.623273 26.485255
2518.032141 26.590246
2518.441010 26.658489
2518.849879 26.899087
2519.258747 26.851589
2519.667616 26.491581
2520.076485 26.501590
2520.485354 26.596596
2520.894222 26.841532
2521.303091 26.826645
2521.711960 26.647628
2522.120828 26.757652
2522.529697 26.693142
2522.938566 26.588264
2523.347434 26.624085
2523.756303 26.682501
2524.165172 26.818492
2524.574041 26.619607
2524.982909 26.732496
2525.391778 26.690519
2525.800647 26.312725
2526.209515 26.580916
2526.618384 26.251720
2527.027253 26.271008
2527.436122 26.527828
2527.844990 26.618107
2528.253859 26.596249
2528.662728 26.940861
2529.071596 26.925909
2529.480465 26.733001
2529.889334 26.417452
2530.298203 26.631850
2530.707071 26.674862
2531.115940 26.773992
2531.524809 26.700869
2531.933677 27.066134
2532.342546 27.022213
2532.751415 26.575973
2533.160284 26.663161
2533.569152 26.714002
2533.978021 26.842935
2534.386890 26.733624
2534.795758 26.732395
2535.204627 26.826711
2535.613496 26.748775
2536.022365 26.837102
2536.431233 26.811520
2536.840102 26.901376
2537.248971 26.622203
2537.657839 26.852651
2538.066708 26.722302
2538.475577 26.656768
2538.884446 26.830091
2539.293314 26.910459
2539.702183 26.769200
2540.111052 26.527156
2540.519920 26.662720
2540.928789 26.774747
2541.337658 26.828754
2541.746527 26.743141
2542.155395 26.581833
2542.564264 26.672208
2542.973133 26.743133
2543.382001 26.509425
2543.790870 26.472184
2544.199739 26.307185
2544.608608 26.727517
2545.017476 26.695999
2545.426345 26.552389
2545.835214 26.496130
2546.244082 26.519288
2546.652951 26.667780
2547.061820 26.856144
2547.470689 26.692383
2547.879557 26.923756
2548.288426 26.554950
2548.697295 26.637084
2549.106163 26.759173
2549.515032 26.886230
2549.923901 26.466954
2550.332770 26.316270
2550.741638 26.513550
2551.150507 26.497689
2551.559376 26.644363
2551.968244 26.667176
2552.377113 26.489793
2552.785982 26.474787
2553.194851 26.501420
2553.603719 26.677726
2554.012588 26.646670
2554.421457 26.358790
2554.830325 26.193896
2555.239194 26.363789
2555.648063 26.398614
2556.056932 26.426301
2556.465800 26.168631
2556.874669 25.825938
2557.283538 25.541259
2557.692406 26.053586
2558.101275 26.196300
2558.510144 26.261757
2558.919013 25.909045
2559.327881 26.037263
2559.736750 26.419003
2560.145619 26.180211
2560.554487 26.321405
2560.963356 26.433896
2561.372225 26.327473
2561.781094 26.232951
2562.189962 26.033896
2562.598831 26.174999
2563.007700 26.142992
2563.416568 25.958915
2563.825437 26.125354
2564.234306 26.221009
2564.643175 26.226435
2565.052043 26.356883
2565.460912 26.132353
2565.869781 25.862118
2566.278649 25.697954
2566.687518 25.262846
2567.096387 25.126000
2567.505256 25.218020
2567.914124 25.318777
2568.322993 25.632593
2568.731862 25.905405
2569.140730 25.949959
2569.549599 25.915295
2569.958468 26.023766
2570.367337 26.034304
2570.776205 26.270782
2571.185074 26.025366
2571.593943 26.272816
2572.002811 26.196912
2572.411680 26.069730
2572.820549 26.108451
2573.229418 26.057198
2573.638286 25.998721
2574.047155 26.043040
2574.456024 25.832858
2574.864892 25.481704
2575.273761 25.488826
2575.682630 25.822940
2576.091499 26.084980
2576.500367 26.081496
2576.909236 25.887713
2577.318105 25.944606
2577.726973 25.689278
2578.135842 25.617341
2578.544711 25.290626
2578.953580 24.763696
2579.362448 23.950841
2579.771317 23.340378
2580.180186 22.399717
2580.589054 22.833232
2580.997923 23.296552
2581.406792 24.341396
2581.815661 24.974789
2582.224529 25.106854
2582.633398 25.265435
2583.042267 24.966560
2583.451135 25.051229
2583.860004 25.154144
2584.268873 25.275246
2584.677742 25.374846
2585.086610 25.698810
2585.495479 25.760327
2585.904348 25.540402
2586.313216 25.259515
2586.722085 25.249896
2587.130954 25.016319
2587.539823 24.774759
2587.948691 24.975298
2588.357560 25.005294
2588.766429 25.014404
2589.175297 25.230876
2589.584166 25.284962
2589.993035 25.593146
2590.401903 25.910520
2590.810772 25.758576
2591.219641 25.892654
2591.628510 25.976880
2592.037378 25.245323
2592.446247 24.719712
2592.855116 24.294328
2593.263984 24.929527
2593.672853 25.167609
2594.081722 24.945165
2594.490591 24.865223
2594.899459 25.026384
2595.308328 25.140103
2595.717197 25.371701
2596.126065 25.367534
2596.534934 25.369206
2596.943803 25.706225
2597.352672 25.357541
2597.761540 25.396259
2598.170409 25.623267
2598.579278 25.062912
2598.988146 24.935318
2599.397015 25.530913
2599.805884 25.760464
2600.214753 25.870618
2600.623621 25.859036
2601.032490 25.791559
2601.441359 25.386733
2601.850227 25.373840
2602.259096 25.437712
2602.667965 25.562258
2603.076834 25.456281
2603.485702 25.781217
2603.894571 26.049013
2604.303440 26.136514
2604.712308 26.017167
2605.121177 25.773733
2605.530046 25.590428
2605.938915 25.597518
2606.347783 25.285810
2606.756652 25.386921
2607.165521 25.571891
2607.574389 25.488923
2607.983258 25.671966
2608.392127 25.903185
2608.800996 25.261240
2609.209864 25.359735
2609.618733 25.237926
2610.027602 25.813483
2610.436470 25.761403
2610.845339 25.719906
2611.254208 25.250712
2611.663077 24.775204
2612.071945 24.611013
2612.480814 24.871832
2612.889683 25.364029
2613.298551 25.629761
2613.707420 25.452764
2614.116289 25.399121
2614.525158 25.468675
2614.934026 25.735244
2615.342895 25.695421
2615.751764 25.547403
2616.160632 25.694787
2616.569501 26.041132
2616.978370 26.114192
2617.387239 26.007979
2617.796107 26.284125
2618.204976 26.133634
2618.613845 25.827602
2619.022713 25.802624
2619.431582 25.737579
2619.840451 25.821165
2620.249320 25.943343
2620.658188 25.705862
2621.067057 25.897623
2621.475926 26.018985
2621.884794 26.108593
2622.293663 26.013463
2622.702532 26.004159
2623.111401 26.116771
2623.520269 26.024489
2623.929138 25.910544
2624.338007 25.774325
2624.746875 25.906268
2625.155744 26.222189
2625.564613 26.009746
2625.973482 25.681671
2626.382350 25.705543
2626.791219 25.941481
2627.200088 25.882227
2627.608956 25.374432
2628.017825 25.788678
2628.426694 25.954584
2628.835563 26.017097
2629.244431 25.609754
2629.653300 25.472877
2630.062169 25.655342
2630.471037 25.405056
2630.879906 25.599097
2631.288775 25.877553
2631.697644 25.894936
2632.106512 25.612220
2632.515381 25.398186
2632.924250 25.516919
2633.333118 25.313168
2633.741987 25.257170
2634.150856 25.516569
2634.559725 25.514450
2634.968593 25.596162
2635.377462 25.398513
2635.786331 25.263949
2636.195199 25.214038
2636.604068 25.394661
2637.012937 25.466494
2637.421806 25.387489
2637.830674 25.388975
2638.239543 25.414432
2638.648412 25.158624
2639.057280 25.147680
2639.466149 25.324451
2639.875018 25.328350
2640.283887 24.964512
2640.692755 24.911774
2641.101624 25.072006
2641.510493 24.830412
2641.919361 24.697936
2642.328230 24.754718
2642.737099 24.943879
2643.145968 24.934062
2643.554836 24.892233
2643.963705 24.788125
2644.372574 24.802636
2644.781442 24.874361
2645.190311 24.810784
2645.599180 24.770008
2646.008049 24.624417
2646.416917 24.776430
2646.825786 24.770970
2647.234655 24.705728
2647.643523 24.559733
2648.052392 24.904523
2648.461261 24.951171
2648.870130 24.852694
2649.278998 24.612267
2649.687867 24.444628
2650.096736 24.474026
2650.505604 24.526863
2650.914473 24.663930
2651.323342 24.504547
2651.732211 24.505133
2652.141079 24.537934
2652.549948 24.451748
2652.958817 24.285323
2653.367685 24.544945
2653.776554 24.670420
2654.185423 24.601024
2654.594292 24.820452
2655.003160 24.607316
2655.412029 24.538350
2655.820898 24.586408
2656.229766 24.716163
2656.638635 24.570449
2657.047504 24.670598
2657.456373 24.593225
2657.865241 24.705613
2658.274110 24.766140
2658.682979 24.703238
2659.091847 24.430044
2659.500716 24.458139
2659.909585 24.638512
2660.318453 24.817385
2660.727322 25.005442
2661.136191 24.852197
2661.545060 24.937461
2661.953928 25.205258
2662.362797 25.019506
2662.771666 25.106751
2663.180534 24.964995
2663.589403 24.787273
2663.998272 24.777644
2664.407141 24.902478
2664.816009 24.869297
2665.224878 25.010281
2665.633747 24.940350
2666.042615 24.734211
2666.451484 24.879603
2666.860353 25.030058
2667.269222 25.153312
2667.678090 25.194102
2668.086959 25.290005
2668.495828 24.877379
2668.904696 24.778254
2669.313565 24.904527
2669.722434 24.746383
2670.131303 24.949581
2670.540171 25.118787
2670.949040 25.110944
2671.357909 24.832850
2671.766777 24.908391
2672.175646 24.843038
2672.584515 24.705743
2672.993384 24.703864
2673.402252 24.799137
2673.811121 24.810498
2674.219990 24.714317
2674.628858 24.830773
2675.037727 25.029073
2675.446596 24.902590
2675.855465 24.840643
2676.264333 24.664765
2676.673202 24.430822
2677.082071 24.445921
2677.490939 24.220793
2677.899808 24.108661
2678.308677 24.260383
2678.717546 24.139705
2679.126414 23.914964
2679.535283 23.925376
2679.944152 23.779302
2680.353020 23.991448
2680.761889 23.796057
2681.170758 23.712883
2681.579627 23.412800
2681.988495 23.237427
2682.397364 23.070931
2682.806233 22.921165
2683.215101 22.631533
2683.623970 22.537781
2684.032839 22.585667
2684.441708 22.480585
2684.850576 22.498707
2685.259445 22.354952
2685.668314 22.729254
2686.077182 22.832286
2686.486051 22.882778
2686.894920 23.085307
2687.303789 22.979255
2687.712657 23.103260
2688.121526 23.254695
2688.530395 23.102557
2688.939263 23.357604
2689.348132 23.114953
2689.757001 23.006666
2690.165870 22.710445
2690.574738 22.871232
2690.983607 22.886681
2691.392476 22.493714
2691.801344 22.254617
2692.210213 22.401418
2692.619082 22.291646
2693.027951 22.897831
2693.436819 23.114899
2693.845688 23.150274
2694.254557 23.184451
2694.663425 23.181916
2695.072294 22.901329
2695.481163 23.150419
2695.890032 23.274858
2696.298900 23.668869
2696.707769 23.896695
2697.116638 23.707940
2697.525506 23.450163
2697.934375 23.342869
2698.343244 23.378191
2698.752113 22.956996
2699.160981 23.294970
2699.569850 23.190036
2699.978719 23.419646
2700.387587 23.297554
2700.796456 23.105114
2701.205325 22.942816
2701.614194 23.289420
2702.023062 23.402026
2702.431931 23.177833
2702.840800 23.101105
2703.249668 23.315081
2703.658537 23.416543
2704.067406 23.300236
2704.476275 23.722017
2704.885143 23.818405
2705.294012 24.123098
2705.702881 24.349696
2706.111749 24.513313
2706.520618 24.265750
2706.929487 24.532056
2707.338356 24.458626
2707.747224 24.256626
2708.156093 24.339194
2708.564962 24.602426
2708.973830 24.685196
2709.382699 24.575539
2709.791568 24.723845
2710.200437 24.983740
2710.609305 25.014594
2711.018174 24.879952
2711.427043 24.693995
2711.835911 24.699107
2712.244780 25.123035
2712.653649 25.290110
2713.062518 25.185119
2713.471386 25.504197
2713.880255 25.565340
2714.289124 25.448676
2714.697992 25.347918
2715.106861 25.541087
2715.515730 25.509681
2715.924599 25.302177
2716.333467 24.943465
2716.742336 25.352885
2717.151205 25.493651
2717.560073 25.577324
2717.968942 25.506997
2718.377811 25.122876
2718.786680 25.023496
2719.195548 24.895294
2719.604417 24.698501
2720.013286 24.474200
2720.422154 24.798023
2720.831023 24.901024
2721.239892 25.063595
2721.648761 25.432812
2722.057629 25.468013
2722.466498 25.581158
2722.875367 25.258034
2723.284235 24.923958
2723.693104 24.983485
2724.101973 24.981203
2724.510842 25.024471
2724.919710 25.257244
2725.328579 25.173002
2725.737448 25.004925
2726.146316 24.769103
2726.555185 24.479803
2726.964054 24.410304
2727.372922 24.563551
2727.781791 24.774761
2728.190660 24.598933
2728.599529 24.277726
2729.008397 24.034167
2729.417266 23.991936
2729.826135 23.848318
2730.235003 23.682930
2730.643872 23.723581
2731.052741 23.599681
2731.461610 23.606979
2731.870478 23.743844
2732.279347 23.510748
2732.688216 23.315765
2733.097084 22.885020
2733.505953 22.716788
2733.914822 22.935595
2734.323691 23.091821
2734.732559 23.202163
2735.141428 23.414968
2735.550297 23.551375
2735.959165 23.596415
2736.368034 23.436060
2736.776903 23.727412
2737.185772 23.898962
2737.594640 23.811172
2738.003509 23.876759
2738.412378 24.173513
2738.821246 24.558006
2739.230115 24.808007
2739.638984 24.884350
2740.047853 24.791718
2740.456721 24.776211
2740.865590 25.044363
2741.274459 25.165657
2741.683327 25.611156
2742.092196 25.890872
2742.501065 26.088505
2742.909934 26.142085
2743.318802 25.889141
2743.727671 25.578427
2744.136540 25.708461
2744.545408 25.566774
2744.954277 25.872697
2745.363146 26.288056
2745.772015 26.502169
2746.180883 26.816747
2746.589752 26.863355
2746.998621 27.128487
2747.407489 27.306916
2747.816358 27.405676
2748.225227 27.573448
2748.634096 27.619129
2749.042964 27.721981
2749.451833 27.436797
2749.860702 27.535866
2750.269570 27.351344
2750.678439 27.414584
2751.087308 27.439744
2751.496177 27.517214
2751.905045 27.063019
2752.313914 27.178302
2752.722783 27.162690
2753.131651 27.012889
2753.540520 26.731151
2753.949389 26.758460
2754.358258 26.889488
2754.767126 27.224564
2755.175995 27.223589
2755.584864 27.359680
2755.993732 27.872590
2756.402601 27.929747
2756.811470 27.982756
2757.220339 27.589856
2757.629207 26.683445
2758.038076 26.164722
2758.446945 25.671533
2758.855813 26.082879
2759.264682 26.738259
2759.673551 27.419803
2760.082420 27.832957
2760.491288 27.746004
2760.900157 27.464102
2761.309026 27.722593
2761.717894 27.952502
2762.126763 27.692052
2762.535632 27.421615
2762.944501 27.000917
2763.353369 26.338350
2763.762238 25.622544
2764.171107 25.180562
2764.579975 24.964474
2764.988844 24.775747
2765.397713 24.546537
2765.806582 25.575115
2766.215450 26.927194
2766.624319 27.974769
2767.033188 28.554942
2767.442056 29.057014
2767.850925 29.511188
2768.259794 29.645246
2768.668663 29.619244
2769.077531 29.638063
2769.486400 29.346256
2769.895269 28.992474
2770.304137 28.468831
2770.713006 28.102592
2771.121875 27.849225
2771.530744 28.092046
2771.939612 28.242493
2772.348481 28.539806
2772.757350 29.211362
2773.166218 29.149797
2773.575087 27.667134
2773.983956 24.575743
2774.392825 19.540283
2774.801693 13.145026
2775.210562 8.250229
2775.619431 5.161648
2776.028299 5.722429
2776.437168 7.519529
2776.846037 9.978298
2777.254906 11.558703
2777.663774 12.674876
2778.072643 12.494114
2778.481512 13.727536
2778.890380 15.483786
2779.299249 19.980072
2779.708118 23.824962
2780.116987 26.207894
2780.525855 25.424124
2780.934724 23.185893
2781.343593 20.761741
2781.752461 18.375062
2782.161330 16.077599
2782.570199 12.655382
2782.979068 10.532814
2783.387936 9.936211
2783.796805 13.471903
2784.205674 16.420722
2784.614542 18.521506
2785.023411 18.368085
2785.432280 19.173262
2785.841149 21.329412
2786.250017 25.156190
2786.658886 28.912251
2787.067755 32.732466
2787.476623 35.267588
2787.885492 37.029725
2788.294361 37.949862
2788.703230 38.579922
2789.112098 38.617761
2789.520967 39.032494
2789.929836 39.599554
2790.338704 39.753045
2790.747573 39.716375
2791.156442 39.766358
2791.565311 39.996168
2791.974179 40.070099
2792.383048 40.257461
2792.791917 40.610819
2793.200785 40.638395
2793.609654 40.263696
2794.018523 40.531196
2794.427392 40.845464
2794.836260 40.870705
2795.245129 40.578066
2795.653998 40.159767
2796.062866 40.003416
2796.471735 40.219541
2796.880604 40.472071
2797.289472 40.160816
2797.698341 39.943071
2798.107210 39.683239
2798.516079 39.425905
2798.924947 39.188810
2799.333816 39.281469
2799.742685 39.058507
2800.151553 38.969437
2800.560422 38.814535
2800.969291 38.895706
2801.378160 38.481043
2801.787028 38.185449
2802.195897 37.885588
2802.604766 37.565621
2803.013634 37.375329
2803.422503 36.625865
2803.831372 36.179088
2804.240241 36.435314
2804.649109 36.356667
2805.057978 35.696592
2805.466847 35.244947
2805.875715 34.634696
2806.284584 34.626578
2806.693453 34.323984
2807.102322 34.047632
2807.511190 33.370881
2807.920059 32.624908
2808.328928 31.891528
2808.737796 31.636651
2809.146665 31.541435
2809.555534 31.026408
2809.964403 30.988014
2810.373271 31.613249
2810.782140 31.586503
2811.191009 31.535750
2811.599877 30.909037
2812.008746 31.001933
2812.417615 30.635991
2812.826484 30.821999
2813.235352 30.761088
2813.644221 30.400917
2814.053090 30.177232
2814.461958 30.079330
2814.870827 30.379956
2815.279696 29.992698
2815.688565 29.866290
2816.097433 29.815622
2816.506302 29.871887
2816.915171 29.331442
2817.324039 29.196372
2817.732908 29.304955
2818.141777 29.031567
2818.550646 29.107896
2818.959514 29.250270
2819.368383 29.063646
2819.777252 28.834983
2820.186120 28.848252
2820.594989 29.021365
2821.003858 29.027481
2821.412727 28.856964
2821.821595 28.752570
2822.230464 28.752962
2822.639333 28.986489
2823.048201 28.579128
2823.457070 28.745260
2823.865939 28.517787
2824.274808 28.728194
2824.683676 28.939930
2825.092545 28.751837
2825.501414 28.531177
2825.910282 28.346965
2826.319151 28.350060
2826.728020 28.223221
2827.136889 28.098964
2827.545757 28.402834
2827.954626 28.742006
2828.363495 28.597241
2828.772363 28.503466
2829.181232 28.052263
2829.590101 28.046230
2829.998970 28.102412
2830.407838 27.437520
2830.816707 26.516513
2831.225576 25.640719
2831.634444 26.065235
2832.043313 26.633890
2832.452182 27.287353
2832.861051 27.478979
2833.269919 27.829677
2833.678788 27.808542
2834.087657 28.074040
2834.496525 27.902888
2834.905394 27.502066
2835.314263 27.660185
2835.723132 27.470596
2836.132000 27.870192
2836.540869 28.076828
2836.949738 28.131894
2837.358606 27.903341
2837.767475 27.819951
2838.176344 28.256222
2838.585213 28.003622
2838.994081 27.748833
2839.402950 27.527816
2839.811819 27.655705
2840.220687 27.990123
2840.629556 27.919260
2841.038425 28.031470
2841.447294 27.966847
2841.856162 27.839376
2842.265031 27.824960
2842.673900 27.755584
2843.082768 27.605597
2843.491637 27.727707
2843.900506 27.674497
2844.309375 27.621734
2844.718243 27.622853
2845.127112 27.667449
2845.535981 27.494502
2845.944849 27.364991
2846.353718 27.369950
2846.762587 27.645549
2847.171456 27.656919
2847.580324 27.534298
2847.989193 27.615656
2848.398062 27.680829
2848.806930 27.518739
2849.215799 27.405621
2849.624668 27.455843
2850.033537 27.352035
2850.442405 27.879310
2850.851274 27.561668
2851.260143 27.558600
2851.669011 27.215036
2852.077880 27.134201
2852.486749 27.232824
2852.895618 27.443828
2853.304486 27.410758
2853.713355 27.442574
2854.122224 27.357133
2854.531092 27.183934
2854.939961 27.219682
2855.348830 27.443069
2855.757699 27.371521
2856.166567 27.076137
2856.575436 27.051809
2856.984305 26.965100
2857.393173 26.822997
2857.802042 27.077381
2858.210911 26.881671
2858.619780 26.694579
2859.028648 26.625409
2859.437517 26.809528
2859.846386 26.307393
2860.255254 26.783247
2860.664123 26.832852
2861.072992 27.212188
2861.481861 27.178193
2861.890729 26.505324
2862.299598 26.672364
2862.708467 26.766102
2863.117335 26.823667
2863.526204 26.741103
2863.935073 27.081736
2864.343941 26.757580
2864.752810 26.609603
2865.161679 26.441200
2865.570548 26.393296
2865.979416 26.716125
2866.388285 26.777920
2866.797154 26.347088
2867.206022 26.232872
2867.614891 26.408516
2868.023760 26.463379
2868.432629 26.481358
2868.841497 26.398212
2869.250366 26.293833
2869.659235 26.395805
2870.068103 26.537631
2870.476972 26.570416
2870.885841 26.922328
2871.294710 26.894288
2871.703578 26.782695
2872.112447 26.688307
2872.521316 26.396324
2872.930184 26.329042
2873.339053 26.169681
2873.747922 26.566811
2874.156791 26.437320
2874.565659 26.489874
2874.974528 26.595374
2875.383397 26.464807
2875.792265 26.328505
2876.201134 26.282992
2876.610003 26.153128
2877.018872 26.535062
2877.427740 26.530329
2877.836609 26.733626
2878.245478 26.223603
2878.654346 26.147985
2879.063215 26.364456
2879.472084 26.360292
2879.880953 26.185911
2880.289821 25.852916
2880.698690 25.827927
2881.107559 26.286576
2881.516427 26.254130
2881.925296 26.267742
2882.334165 26.440764
2882.743034 26.166172
2883.151902 25.711178
2883.560771 25.950781
2883.969640 26.247721
2884.378508 26.163484
2884.787377 26.078559
2885.196246 25.956810
2885.605115 26.134704
2886.013983 25.898879
2886.422852 25.939231
2886.831721 25.731103
2887.240589 26.067710
2887.649458 25.727584
2888.058327 25.649662
2888.467196 25.595687
2888.876064 25.750031
2889.284933 26.026418
2889.693802 25.940269
2890.102670 26.079417
2890.511539 25.772951
2890.920408 26.270925
2891.329277 26.084606
2891.738145 26.086889
2892.147014 26.212788
2892.555883 25.922639
2892.964751 25.992448
2893.373620 25.959919
2893.782489 25.937288
2894.191358 25.837134
2894.600226 25.827655
2895.009095 25.801695
2895.417964 25.632856
2895.826832 25.474636
2896.235701 25.347783
2896.644570 25.496096
2897.053439 25.694581
2897.462307 25.729864
2897.871176 25.614844
2898.280045 25.700212
2898.688913 25.556847
2899.097782 25.685657
2899.506651 25.776771
2899.915520 25.932143
2900.324388 25.503309
2900.733257 25.635235
2901.142126 25.567172
2901.550994 25.757784
2901.959863 25.834417
2902.368732 25.664429
2902.777601 25.726313
2903.186469 25.499097
2903.595338 25.534902
2904.004207 25.631553
2904.413075 25.714901
2904.821944 25.444743
2905.230813 25.366962
2905.639682 25.236571
2906.048550 25.325780
2906.457419 25.138675
2906.866288 25.148803
2907.275156 25.404729
2907.684025 25.818751
2908.092894 25.758711
2908.501763 25.528182
2908.910631 25.725217
2909.319500 25.455350
2909.728369 25.345236
2910.137237 25.291276
2910.546106 25.317470
2910.954975 25.523714
2911.363844 25.592650
2911.772712 26.024215
2912.181581 25.873325
2912.590450 25.799277
2912.999318 25.777537
2913.408187 25.821888
2913.817056 25.544495
2914.225925 25.744907
2914.634793 25.757784
2915.043662 26.050344
2915.452531 26.152685
2915.861399 26.087996
2916.270268 26.030056
2916.679137 25.873119
2917.088006 25.879815
2917.496874 26.000945
2917.905743 25.951884
2918.314612 25.985259
2918.723480 25.981570
2919.132349 26.015687
2919.541218 26.092037
2919.950087 26.270919
2920.358955 26.419597
2920.767824 26.214834
2921.176693 25.994171
2921.585561 25.852126
2921.994430 26.010178
2922.403299 25.608102
2922.812168 25.106238
2923.221036 24.638940
2923.629905 24.529214
2924.038774 24.487489
2924.447642 24.750785
2924.856511 25.253255
2925.265380 25.341889
2925.674249 26.042986
2926.083117 26.297958
2926.491986 26.264157
2926.900855 26.076609
2927.309723 26.046252
2927.718592 26.030068
2928.127461 26.111348
2928.536330 26.243905
2928.945198 26.886612
2929.354067 26.937787
2929.762936 26.824388
2930.171804 26.926530
2930.580673 27.214935
2930.989542 26.969695
2931.398411 26.977163
2931.807279 26.910429
2932.216148 26.879179
2932.625017 26.957408
2933.033885 26.778421
2933.442754 26.611259
2933.851623 26.645216
2934.260491 26.507251
2934.669360 26.434916
2935.078229 26.431602
2935.487098 26.634585
2935.895966 27.522385
2936.304835 27.366589
2936.713704 27.779734
2937.122572 27.517935
2937.531441 27.109366
2937.940310 26.534737
2938.349179 26.274517
2938.758047 26.346806
2939.166916 27.109645
2939.575785 27.150064
2939.984653 26.913836
2940.393522 27.042659
2940.802391 26.816165
2941.211260 26.676244
2941.620128 26.574941
2942.028997 26.737136
2942.437866 26.628249
2942.846734 26.707859
2943.255603 26.849591
2943.664472 27.143553
2944.073341 26.955863
2944.482209 26.913570
2944.891078 26.943628
2945.299947 26.985727
2945.708815 26.856125
2946.117684 26.590773
2946.526553 26.428707
2946.935422 26.482503
2947.344290 26.537271
2947.753159 26.681146
2948.162028 26.741439
2948.570896 26.898348
2948.979765 26.995556
2949.388634 26.984754
2949.797503 26.726758
2950.206371 26.294500
2950.615240 26.447145
2951.024109 26.602753
2951.432977 27.031832
2951.841846 26.831796
2952.250715 26.786804
2952.659584 26.779189
2953.068452 26.449094
2953.477321 26.590193
2953.886190 26.481754
2954.295058 26.695728
2954.703927 26.862888
2955.112796 26.874410
2955.521665 26.926126
2955.930533 27.163322
2956.339402 26.370465
2956.748271 26.582083
2957.157139 26.592617
2957.566008 26.470457
2957.974877 26.662308
2958.383746 26.829895
2958.792614 26.728705
2959.201483 26.677357
2959.610352 26.780478
2960.019220 26.714063
2960.428089 26.494718
2960.836958 26.597919
2961.245827 26.718327
2961.654695 26.994104
2962.063564 26.830685
2962.472433 26.771681
2962.881301 26.730559
2963.290170 26.450352
2963.699039 26.761064
2964.107908 26.473212
2964.516776 26.448110
2964.925645 26.281817
2965.334514 26.019078
2965.743382 26.207884
2966.152251 26.231529
2966.561120 26.591185
2966.969989 26.356113
2967.378857 26.597687
2967.787726 26.681673
2968.196595 26.707639
2968.605463 26.389608
2969.014332 26.112122
2969.423201 26.285673
2969.832070 26.300349
2970.240938 26.399529
2970.649807 26.114531
2971.058676 26.140394
2971.467544 26.263599
2971.876413 26.328378
2972.285282 26.248187
2972.694151 26.615666
2973.103019 26.573151
2973.511888 26.711586
2973.920757 26.376444
2974.329625 26.392514
2974.738494 26.168342
2975.147363 26.179910
2975.556232 26.138134
2975.965100 26.149880
2976.373969 26.293736
2976.782838 26.318187
2977.191706 26.469982
2977.600575 26.085541
2978.009444 26.366657
2978.418313 26.403284
2978.827181 26.107082
2979.236050 26.083992
2979.644919 26.435450
2980.053787 26.109108
2980.462656 25.824213
2980.871525 26.024702
2981.280394 26.206262
2981.689262 26.086818
2982.098131 26.361228
2982.507000 26.007823
2982.915868 25.800287
2983.324737 25.959891
2983.733606 25.663936
2984.142475 26.010750
2984.551343 26.093393
2984.960212 25.990490
2985.369081 25.897558
2985.777949 26.107653
2986.186818 26.047232
2986.595687 25.812612
2987.004556 25.896683
2987.413424 25.835518
2987.822293 25.982914
2988.231162 25.840130
2988.640030 25.563094
2989.048899 25.730194
2989.457768 25.968845
2989.866637 25.629168
2990.275505 25.721914
2990.684374 25.756410
2991.093243 25.559856
2991.502111 25.582352
2991.910980 25.420389
2992.319849 25.270121
2992.728718 25.055736
2993.137586 25.153697
2993.546455 25.355772
2993.955324 25.432801
2994.364192 25.393104
2994.773061 25.318801
2995.181930 25.345371
2995.590799 25.163551
2995.999667 25.169768
2996.408536 25.157982
2996.817405 24.889214
2997.226273 24.966443
2997.635142 24.937853
2998.044011 24.924162
2998.452880 24.780473
2998.861748 24.835458
2999.270617 24.723684
2999.679486 24.367863
3000.088354 24.461636
3000.497223 24.557099
3000.906092 24.710409
3001.314960 24.690456
3001.723829 24.612489
3002.132698 24.751407
3002.541567 24.801826
3002.950435 24.790442
3003.359304 24.939916
3003.768173 24.641727
3004.177041 24.460975
3004.585910 24.459050
3004.994779 24.556651
3005.403648 24.498594
3005.812516 24.483669
3006.221385 24.451167
3006.630254 24.425120
3007.039122 24.338401
3007.447991 24.153962
3007.856860 24.185047
3008.265729 24.295213
3008.674597 24.476682
3009.083466 23.986933
3009.492335 23.972624
3009.901203 24.214317
3010.310072 23.960226
3010.718941 23.846660
3011.127810 23.648743
3011.536678 23.717735
3011.945547 23.917042
3012.354416 23.833826
3012.763284 23.840726
3013.172153 23.974854
3013.581022 23.983271
3013.989891 23.888765
3014.398759 23.854857
3014.807628 23.575672
3015.216497 23.861022
3015.625365 23.766116
3016.034234 23.700903
3016.443103 23.715384
3016.851972 23.728410
3017.260840 23.701408
3017.669709 23.423653
3018.078578 23.732826
3018.487446 23.814568
3018.896315 23.707072
3019.305184 23.527802
3019.714053 23.633949
3020.122921 23.708231
3020.531790 23.684847
3020.940659 23.643444
3021.349527 23.429200
3021.758396 23.378807
3022.167265 23.463110
3022.576134 23.447900
3022.985002 23.518022
3023.393871 23.612594
3023.802740 23.687780
3024.211608 23.822922
3024.620477 23.848785
3025.029346 23.572840
3025.438215 23.662084
3025.847083 23.984657
3026.255952 24.114687
3026.664821 23.844794
3027.073689 23.689642
3027.482558 23.447767
3027.891427 23.597669
3028.300296 23.489894
3028.709164 23.601361
3029.118033 23.638479
3029.526902 23.675973
3029.935770 23.557503
3030.344639 23.441117
3030.753508 23.469200
3031.162377 23.626699
3031.571245 23.572248
3031.980114 23.790646
3032.388983 23.686844
3032.797851 23.702731
3033.206720 23.930091
3033.615589 23.961997
3034.024458 24.019965
3034.433326 23.725984
3034.842195 23.873711
3035.251064 23.853124
3035.659932 23.615998
3036.068801 23.798323
3036.477670 24.005979
3036.886539 24.055291
3037.295407 23.886101
3037.704276 23.470158
3038.113145 23.481829
3038.522013 23.713043
3038.930882 23.733807
3039.339751 23.799796
3039.748620 23.571089
3040.157488 23.831967
3040.566357 23.928644
3040.975226 23.712103
3041.384094 23.548137
3041.792963 23.794068
3042.201832 23.764114
3042.610701 23.726152
3043.019569 23.764906
3043.428438 23.363015
3043.837307 23.602398
3044.246175 23.685374
3044.655044 23.913473
3045.063913 23.966300
3045.472782 23.694175
3045.881650 23.675523
3046.290519 23.257240
3046.699388 23.626130
3047.108256 23.616634
3047.517125 23.905765
3047.925994 23.850960
3048.334863 23.715778
3048.743731 23.793569
3049.152600 23.651801
3049.561469 23.672073
3049.970337 23.605306
3050.379206 23.703038
3050.788075 23.894072
3051.196944 23.573200
3051.605812 24.001473
3052.014681 23.722991
3052.423550 23.909819
3052.832418 23.500707
3053.241287 23.594209
3053.650156 23.516281
3054.059025 23.345947
3054.467893 23.648329
3054.876762 23.901634
3055.285631 23.599093
3055.694499 23.530919
3056.103368 23.605874
3056.512237 23.505381
3056.921106 23.577032
3057.329974 23.569443
3057.738843 23.872899
3058.147712 23.836484
3058.556580 23.534779
3058.965449 23.327208
3059.374318 23.245650
3059.783187 23.089797
3060.192055 23.182475
3060.600924 23.364868
3061.009793 23.361177
3061.418661 23.696384
3061.827530 23.803058
3062.236399 23.585346
3062.645268 23.504745
3063.054136 23.427830
3063.463005 23.306561
3063.871874 23.441079
3064.280742 23.481290
3064.689611 23.356857
3065.098480 23.663601
3065.507349 23.686275
3065.916217 23.861878
3066.325086 23.743980
3066.733955 23.854271
3067.142823 23.896944
3067.551692 23.964110
3067.960561 23.413247
3068.369429 23.433537
3068.778298 23.493962
3069.187167 23.791084
3069.596036 23.831499
3070.004904 23.883984
3070.413773 23.817016
3070.822642 23.856158
3071.231510 23.667960
3071.640379 23.686048
3072.049248 23.528947
3072.458117 23.471828
3072.866985 23.579971
3073.275854 23.719185
3073.684723 24.009518
3074.093591 23.641229
3074.502460 23.552039
3074.911329 23.518793
3075.320198 23.416198
3075.729066 23.574793
3076.137935 23.562450
3076.546804 23.656451
3076.955672 23.709772
3077.364541 23.547444
3077.773410 23.747159
3078.182279 23.770964
3078.591147 23.922676
3079.000016 23.977328
3079.408885 24.032824
3079.817753 24.092971
3080.226622 24.048030
3080.635491 23.885814
3081.044360 23.844624
3081.453228 23.720036
3081.862097 23.620195
3082.270966 23.500259
3082.679834 23.559644
3083.088703 23.569699
3083.497572 23.678514
3083.906441 23.612934
3084.315309 23.609766
3084.724178 23.680970
3085.133047 23.991900
3085.541915 23.726524
3085.950784 23.495142
3086.359653 23.497746
3086.768522 23.670693
3087.177390 23.800450
3087.586259 23.769847
3087.995128 23.555382
3088.403996 23.776244
3088.812865 23.600188
3089.221734 23.775967
3089.630603 23.693306
3090.039471 23.672553
3090.448340 23.626758
3090.857209 23.992777
3091.266077 23.710372
3091.674946 23.562601
3092.083815 23.778211
3092.492684 23.753827
3092.901552 23.558307
3093.310421 23.738568
3093.719290 23.602515
3094.128158 23.492779
3094.537027 23.559854
3094.945896 23.564738
3095.354765 23.675630
3095.763633 23.690781
3096.172502 23.760060
3096.581371 23.975135
3096.990239 24.013649
3097.399108 23.906959
3097.807977 23.590931
3098.216846 23.717699
3098.625714 23.741362
3099.034583 23.995744
3099.443452 23.773979
3099.852320 23.666885
3100.261189 23.560086
3100.670058 23.587626
3101.078927 23.834892
3101.487795 24.003848
3101.896664 23.800380
3102.305533 23.644040
3102.714401 23.685602
3103.123270 23.618977
3103.532139 23.639299
3103.941008 23.799798
3104.349876 23.829925
3104.758745 24.002747
3105.167614 23.799337
3105.576482 24.189446
3105.985351 24.020844
3106.394220 23.718906
3106.803089 23.877813
3107.211957 23.891290
3107.620826 23.949567
3108.029695 23.923677
3108.438563 23.873369
3108.847432 23.738950
3109.256301 23.955186
3109.665170 23.942230
3110.074038 23.886483
3110.482907 24.186339
3110.891776 24.299461
3111.300644 24.252984
3111.709513 24.115079
3112.118382 23.912895
3112.527251 24.016563
3112.936119 24.156049
3113.344988 23.807456
3113.753857 23.925404
3114.162725 24.006235
3114.571594 24.075614
3114.980463 23.989698
3115.389332 24.125180
3115.798200 24.066879
3116.207069 24.119470
3116.615938 23.971606
3117.024806 24.199881
3117.433675 24.126253
3117.842544 24.158394
3118.251413 24.124584
3118.660281 23.952502
3119.069150 24.286800
3119.478019 24.333561
3119.886887 24.180399
3120.295756 24.227495
3120.704625 24.357366
3121.113494 24.243846
3121.522362 24.259858
3121.931231 24.320789
3122.340100 24.125693
3122.748968 24.212416
3123.157837 24.339598
3123.566706 24.690448
3123.975575 24.718601
3124.384443 24.625178
3124.793312 24.595047
3125.202181 24.625390
3125.611049 24.693983
3126.019918 24.440390
3126.428787 24.438481
3126.837656 24.422484
3127.246524 24.615054
3127.655393 24.539479
3128.064262 24.378722
3128.473130 24.365847
3128.881999 24.220264
3129.290868 24.290436
3129.699737 24.191543
3130.108605 24.339217
3130.517474 24.152908
3130.926343 24.135005
3131.335211 24.285810
3131.744080 24.278732
3132.152949 24.444573
3132.561818 24.639407
3132.970686 24.578680
3133.379555 24.610045
3133.788424 24.352526
3134.197292 24.547262
3134.606161 24.427536
3135.015030 24.026778
3135.423899 24.071636
3135.832767 24.267015
3136.241636 24.154043
3136.650505 24.060191
3137.059373 24.098174
3137.468242 24.051300
3137.877111 24.321245
3138.285979 24.070277
3138.694848 23.974541
3139.103717 24.126380
3139.512586 24.424934
3139.921454 24.377048
3140.330323 24.761510
3140.739192 23.734145
3141.148060 23.609025
3141.556929 23.391383
3141.965798 23.549742
3142.374667 24.057107
3142.783535 24.351607
3143.192404 24.503703
3143.601273 24.396992
3144.010141 24.098635
3144.419010 24.067520
3144.827879 23.982097
3145.236748 24.190377
3145.645616 24.229153
3146.054485 24.182863
3146.463354 24.263619
3146.872222 24.361006
3147.281091 24.392304
3147.689960 24.384067
3148.098829 24.376821
3148.507697 24.307829
3148.916566 24.209429
3149.325435 24.135082
3149.734303 24.108136
3150.143172 24.076506
3150.552041 24.168825
3150.960910 24.013469
3151.369778 24.080865
3151.778647 24.277967
3152.187516 24.574488
3152.596384 24.881524
3153.005253 24.760636
3153.414122 24.497501
3153.822991 23.993365
3154.231859 23.814202
3154.640728 23.919135
3155.049597 24.156232
3155.458465 24.689702
3155.867334 24.802216
3156.276203 24.940671
3156.685072 24.736932
3157.093940 24.439469
3157.502809 24.199481
3157.911678 24.276892
3158.320546 24.506852
3158.729415 24.545789
3159.138284 24.467403
3159.547153 24.670564
3159.956021 24.718824
3160.364890 24.565544
3160.773759 24.649850
3161.182627 24.882558
3161.591496 24.787384
3162.000365 24.407876
3162.409234 24.607528
3162.818102 24.346333
3163.226971 23.853744
3163.635840 23.247836
3164.044708 22.326954
3164.453577 21.305621
3164.862446 20.650256
3165.271315 21.038003
3165.680183 21.643012
3166.089052 22.467887
3166.497921 23.282918
3166.906789 23.614473
3167.315658 23.618569
3167.724527 23.578692
3168.133396 23.649547
3168.542264 23.746151
3168.951133 24.089816
3169.360002 24.590678
3169.768870 24.899782
3170.177739 25.107233
3170.586608 25.021815
3170.995477 25.052576
3171.404345 24.952651
3171.813214 25.245319
3172.222083 25.231983
3172.630951 25.528471
3173.039820 25.233763
3173.448689 25.086063
3173.857558 24.891555
3174.266426 25.126247
3174.675295 25.383449
3175.084164 25.153221
3175.493032 24.949528
3175.901901 24.943101
3176.310770 25.113879
3176.719639 25.268451
3177.128507 24.964324
3177.537376 25.020126
3177.946245 25.102907
3178.355113 25.330357
3178.763982 25.218713
3179.172851 25.157628
3179.581720 24.864530
3179.990588 25.281399
3180.399457 25.360270
3180.808326 25.477835
3181.217194 25.291110
3181.626063 25.064431
3182.034932 25.086584
3182.443801 25.520567
3182.852669 25.513315
3183.261538 25.327125
3183.670407 25.425314
3184.079275 25.547943
3184.488144 25.320530
3184.897013 25.621191
3185.305882 25.462676
3185.714750 25.525994
3186.123619 25.400450
3186.532488 25.495554
3186.941356 25.390858
3187.350225 25.646894
3187.759094 25.467197
3188.167963 25.317715
3188.576831 25.270075
3188.985700 25.357089
3189.394569 25.381857
3189.803437 25.380397
3190.212306 25.280120
3190.621175 25.138277
3191.030044 25.104294
3191.438912 25.243921
3191.847781 25.185917
3192.256650 25.242766
3192.665518 25.169863
3193.074387 25.293421
3193.483256 25.212786
3193.892125 25.281584
3194.300993 25.359418
3194.709862 25.166986
3195.118731 25.028414
3195.527599 25.223207
3195.936468 25.100830
3196.345337 25.204183
3196.754206 25.050902
3197.163074 25.114123
3197.571943 25.190615
3197.980812 25.161937
3198.389680 24.997891
3198.798549 25.065165
3199.207418 24.827776
3199.616287 24.869277
3200.025155 24.915630
3200.434024 25.018630
3200.842893 24.980744
3201.251761 24.842653
3201.660630 24.682077
3202.069499 25.034347
3202.478368 25.207708
3202.887236 25.106627
3203.296105 24.961397
3203.704974 24.839748
3204.113842 24.801121
3204.522711 24.878021
3204.931580 24.916779
3205.340448 24.686325
3205.749317 24.656366
3206.158186 24.573432
3206.567055 24.535056
3206.975923 24.485222
3207.384792 24.645418
3207.793661 24.627663
3208.202529 24.643250
3208.611398 24.706833
3209.020267 24.400998
3209.429136 24.563040
3209.838004 24.539059
3210.246873 24.629192
3210.655742 24.771073
3211.064610 24.598679
3211.473479 24.818856
3211.882348 24.915107
3212.291217 24.876100
3212.700085 24.753744
3213.108954 24.769851
3213.517823 24.689888
3213.926691 24.562943
3214.335560 24.660987
3214.744429 24.626784
3215.153298 24.688941
3215.562166 24.538328
3215.971035 24.433139
3216.379904 24.686095
3216.788772 24.751976
3217.197641 24.590922
3217.606510 24.619864
3218.015379 24.699485
3218.424247 24.551108
3218.833116 24.491062
3219.241985 24.679373
3219.650853 24.721120
3220.059722 24.670729
3220.468591 24.605312
3220.877460 24.533411
3221.286328 24.492318
3221.695197 24.432377
3222.104066 24.575286
3222.512934 24.481431
3222.921803 24.606048
3223.330672 24.280877
3223.739541 24.281114
3224.148409 24.322120
3224.557278 24.249270
3224.966147 24.182877
3225.375015 24.123183
3225.783884 24.339845
3226.192753 24.425574
3226.601622 24.587715
3227.010490 24.545575
3227.419359 24.496087
3227.828228 24.552150
3228.237096 24.441323
3228.645965 24.668340
3229.054834 24.651542
3229.463703 24.517987
3229.872571 24.290579
3230.281440 24.257681
3230.690309 24.310754
3231.099177 24.562714
3231.508046 24.707756
3231.916915 24.763221
3232.325784 24.676807
3232.734652 24.619753
3233.143521 24.527489
3233.552390 24.551671
3233.961258 24.689533
3234.370127 24.552298
3234.778996 24.328497
3235.187865 24.158741
3235.596733 23.971747
3236.005602 24.034579
3236.414471 24.325382
3236.823339 24.366683
3237.232208 24.269198
3237.641077 24.183879
3238.049946 24.137385
3238.458814 24.290252
3238.867683 24.304591
3239.276552 24.182009
3239.685420 24.112477
3240.094289 23.985693
3240.503158 24.189333
3240.912027 24.433155
3241.320895 24.382623
3241.729764 24.300533
3242.138633 24.501652
3242.547501 24.423857
3242.956370 24.347573
3243.365239 24.252391
3243.774108 24.029228
3244.182976 24.255021
3244.591845 24.416658
3245.000714 24.304803
3245.409582 24.203620
3245.818451 24.282338
3246.227320 24.200343
3246.636189 24.155178
3247.045057 24.234866
3247.453926 24.231872
3247.862795 24.125265
3248.271663 24.168000
3248.680532 24.421250
3249.089401 24.574715
3249.498270 24.351322
3249.907138 24.154780
3250.316007 24.404541
3250.724876 24.281772
3251.133744 24.374058
3251.542613 24.297964
3251.951482 24.039526
3252.360351 24.382683
3252.769219 24.613778
3253.178088 24.715634
3253.586957 24.563486
3253.995825 24.412523
3254.404694 24.289935
3254.813563 24.270972
3255.222432 24.375072
3255.631300 24.560773
3256.040169 24.584430
3256.449038 24.290991
3256.857906 24.252128
3257.266775 24.269665
3257.675644 24.363106
3258.084513 24.430159
3258.493381 24.343953
3258.902250 24.228352
3259.311119 24.210592
3259.719987 24.290636
3260.128856 24.326734
3260.537725 24.274418
3260.946594 24.290969
3261.355462 24.235340
3261.764331 24.236225
3262.173200 24.336334
3262.582068 24.581150
3262.990937 24.479855
3263.399806 24.354689
3263.808675 24.360985
3264.217543 24.354966
3264.626412 24.172941
3265.035281 24.092512
3265.444149 24.373840
3265.853018 24.353255
3266.261887 24.357879
3266.670756 24.406399
3267.079624 24.487117
3267.488493 24.426833
3267.897362 24.203048
3268.306230 24.124655
3268.715099 24.034209
3269.123968 24.384396
3269.532837 24.449399
3269.941705 24.232967
3270.350574 24.354017
3270.759443 24.542489
3271.168311 24.437449
3271.577180 24.418100
3271.986049 24.568433
3272.394918 24.305522
3272.803786 24.395766
3273.212655 24.648187
3273.621524 24.520991
3274.030392 24.431464
3274.439261 24.452728
3274.848130 24.522253
3275.256998 24.621710
3275.665867 24.505335
3276.074736 24.373862
3276.483605 24.380039
3276.892473 24.163922
3277.301342 24.448137
3277.710211 24.548256
3278.119079 24.453396
3278.527948 24.320965
3278.936817 24.253948
3279.345686 24.324043
3279.754554 24.285715
3280.163423 24.325132
3280.572292 24.402484
3280.981160 24.410502
3281.390029 24.155091
3281.798898 24.022025
3282.207767 23.904747
3282.616635 23.906567
3283.025504 24.134797
3283.434373 24.372022
3283.843241 24.058622
3284.252110 24.217555
3284.660979 24.286925
3285.069848 24.521328
3285.478716 24.281784
3285.887585 24.042224
3286.296454 24.052241
3286.705322 24.050813
3287.114191 24.291304
3287.523060 24.409465
3287.931929 24.260802
3288.340797 24.012590
3288.749666 24.137231
3289.158535 24.055350
3289.567403 24.062605
3289.976272 24.053370
3290.385141 23.585640
3290.794010 23.532634
3291.202878 23.612103
3291.611747 23.781637
3292.020616 23.832339
3292.429484 23.827376
3292.838353 23.549688
3293.247222 23.675127
3293.656091 23.754180
3294.064959 23.610235
3294.473828 23.608463
3294.882697 23.606785
3295.291565 23.600327
3295.700434 23.622849
3296.109303 23.572604
3296.518172 23.594294
3296.927040 23.749244
3297.335909 23.678405
3297.744778 23.564326
3298.153646 23.369764
3298.562515 23.538797
3298.971384 23.458178
3299.380253 23.748468
3299.789121 23.745068
3300.197990 23.452896
3300.606859 23.451330
3301.015727 23.380080
3301.424596 23.433698
3301.833465 23.503149
3302.242334 23.710322
3302.651202 23.584663
3303.060071 23.456224
3303.468940 23.505500
3303.877808 23.404476
3304.286677 23.172642
3304.695546 23.211930
3305.104415 23.230626
3305.513283 23.055580
3305.922152 23.095744
3306.331021 23.170117
3306.739889 23.097358
3307.148758 23.053958
3307.557627 23.094255
3307.966496 23.060781
3308.375364 22.974810
3308.784233 22.859008
3309.193102 22.758010
3309.601970 22.776547
3310.010839 23.127782
3310.419708 23.273771
3310.828577 23.139831
3311.237445 23.012305
3311.646314 22.888458
3312.055183 22.937342
3312.464051 23.056705
3312.872920 23.006736
3313.281789 22.956632
3313.690658 22.962628
3314.099526 22.694183
3314.508395 22.810227
3314.917264 22.814049
3315.326132 22.740481
3315.735001 22.622342
3316.143870 22.715622
3316.552739 22.793651
3316.961607 22.893698
3317.370476 22.800317
3317.779345 22.680655
3318.188213 22.848436
3318.597082 22.959226
3319.005951 22.998269
3319.414820 22.841235
3319.823688 22.821383
3320.232557 22.832989
3320.641426 22.734484
3321.050294 22.618319
3321.459163 22.710243
3321.868032 22.861113
3322.276901 22.684180
3322.685769 22.641156
3323.094638 22.785471
3323.503507 22.746452
3323.912375 22.820114
3324.321244 22.812754
3324.730113 22.732795
3325.138982 22.782031
3325.547850 22.593419
3325.956719 22.671317
3326.365588 22.680138
3326.774456 22.918234
3327.183325 22.828547
3327.592194 23.025457
3328.001063 22.873323
3328.409931 22.781451
3328.818800 22.935248
3329.227669 22.939267
3329.636537 22.914091
3330.045406 22.781269
3330.454275 22.714053
3330.863144 22.748458
3331.272012 22.894015
3331.680881 22.858349
3332.089750 22.914046
3332.498618 22.892375
3332.907487 23.092035
3333.316356 23.337352
3333.725225 23.030543
3334.134093 22.981142
3334.542962 22.881203
3334.951831 22.969132
3335.360699 23.189179
3335.769568 23.136268
3336.178437 22.960775
3336.587306 22.956273
3336.996174 23.105801
3337.405043 22.947815
3337.813912 22.668768
3338.222780 22.751031
3338.631649 22.943832
3339.040518 22.990187
3339.449387 22.876813
3339.858255 22.888466
3340.267124 22.949108
3340.675993 22.844481
3341.084861 22.556404
3341.493730 22.594251
3341.902599 22.471976
3342.311467 22.741206
3342.720336 22.612853
3343.129205 22.755907
3343.538074 22.675418
3343.946942 22.613026
3344.355811 22.613988
3344.764680 22.806100
3345.173548 22.681792
3345.582417 22.754243
3345.991286 22.504270
3346.400155 22.637108
3346.809023 22.450045
3347.217892 22.478027
3347.626761 22.557925
3348.035629 22.495550
3348.444498 22.594074
3348.853367 22.587432
3349.262236 22.534221
3349.671104 22.657887
3350.079973 22.807262
3350.488842 22.706522
3350.897710 22.298554
3351.306579 22.303648
3351.715448 22.511447
3352.124317 22.584752
3352.533185 22.567671
3352.942054 22.546666
3353.350923 22.461104
3353.759791 22.725528
3354.168660 22.706688
3354.577529 22.596520
3354.986398 22.603690
3355.395266 22.704106
3355.804135 22.610714
3356.213004 22.367564
3356.621872 22.262236
3357.030741 22.544868
3357.439610 22.519670
3357.848479 22.529220
3358.257347 22.607946
3358.666216 22.535710
3359.075085 22.560929
3359.483953 22.486608
3359.892822 22.648369
3360.301691 22.555263
3360.710560 22.534852
3361.119428 22.607235
3361.528297 22.486305
3361.937166 22.714760
3362.346034 22.500685
3362.754903 22.574779
3363.163772 22.978926
3363.572641 23.012487
3363.981509 22.821956
3364.390378 22.625394
3364.799247 22.575050
3365.208115 22.593720
3365.616984 22.553152
3366.025853 22.670291
3366.434722 22.751195
3366.843590 22.673214
3367.252459 22.614479
3367.661328 22.523736
3368.070196 22.454766
3368.479065 22.622278
3368.887934 22.666526
3369.296803 22.671673
3369.705671 22.743941
3370.114540 22.677308
3370.523409 22.781510
3370.932277 22.684313
3371.341146 22.585798
3371.750015 22.535833
3372.158884 22.424154
3372.567752 22.435425
3372.976621 22.639093
3373.385490 22.557648
3373.794358 22.784315
3374.203227 22.808506
3374.612096 22.828741
3375.020965 22.675208
3375.429833 22.684614
3375.838702 22.679076
3376.247571 22.516826
3376.656439 22.353273
3377.065308 22.625994
3377.474177 22.649118
3377.883046 22.810718
3378.291914 22.680069
3378.700783 22.532474
3379.109652 22.583247
3379.518520 22.559204
3379.927389 22.342295
3380.336258 22.444933
3380.745127 22.421171
3381.153995 22.359252
3381.562864 22.525853
3381.971733 22.725235
3382.380601 22.665835
3382.789470 22.407108
3383.198339 22.369515
3383.607208 22.413045
3384.016076 22.493029
3384.424945 22.526746
3384.833814 22.641639
3385.242682 22.662825
3385.651551 22.598586
3386.060420 22.407981
3386.469289 22.408259
3386.878157 22.499073
3387.287026 22.619009
3387.695895 22.903622
3388.104763 22.812978
3388.513632 22.787695
3388.922501 22.731264
3389.331370 22.676896
3389.740238 22.575349
3390.149107 22.600772
3390.557976 22.587107
3390.966844 22.466067
3391.375713 22.392369
3391.784582 22.410338
3392.193451 22.314164
3392.602319 22.602571
3393.011188 22.813158
3393.420057 22.509181
3393.828925 22.362137
3394.237794 22.535296
3394.646663 22.609552
3395.055532 22.436583
3395.464400 22.299234
3395.873269 22.355101
3396.282138 22.266334
3396.691006 22.309663
3397.099875 22.317551
3397.508744 22.477878
3397.917613 22.510546
3398.326481 22.652956
3398.735350 22.664043
3399.144219 22.542125
3399.553087 22.497291
3399.961956 22.397954
3400.370825 22.463674
3400.779694 22.566839
3401.188562 22.707894
3401.597431 22.734530
3402.006300 22.630066
3402.415168 22.708474
3402.824037 22.491640
3403.232906 22.397023
3403.641775 22.519731
3404.050643 22.579031
3404.459512 22.739116
3404.868381 22.667067
3405.277249 22.257030
3405.686118 22.508938
3406.094987 22.466090
3406.503856 22.569503
3406.912724 22.501529
3407.321593 22.625932
3407.730462 22.706116
3408.139330 22.442045
3408.548199 22.606017
3408.957068 22.538320
3409.365937 22.569748
3409.774805 22.768015
3410.183674 23.066728
3410.592543 23.034571
3411.001411 23.071065
3411.410280 22.699000
3411.819149 22.813820
3412.228017 22.885111
3412.636886 23.091450
3413.045755 23.331099
3413.454624 23.162977
3413.863492 22.962587
3414.272361 22.936898
3414.681230 23.163682
3415.090098 23.278860
3415.498967 23.289537
3415.907836 23.415660
3416.316705 23.159903
3416.725573 23.039015
3417.134442 22.945844
3417.543311 23.005955
3417.952179 22.843319
3418.361048 22.791835
3418.769917 22.815973
3419.178786 22.840467
3419.587654 22.749441
3419.996523 22.467049
3420.405392 22.542626
3420.814260 22.449373
3421.223129 22.686810
3421.631998 22.557685
3422.040867 22.415297
3422.449735 22.416771
3422.858604 22.582914
3423.267473 22.802250
3423.676341 22.740358
3424.085210 22.483715
3424.494079 22.383037
3424.902948 22.264243
3425.311816 22.293033
3425.720685 22.162583
3426.129554 22.419628
3426.538422 22.510186
3426.947291 22.500224
3427.356160 22.456948
3427.765029 22.404418
3428.173897 22.342261
3428.582766 22.486816
3428.991635 22.470325
3429.400503 22.307118
3429.809372 22.337522
3430.218241 22.379175
3430.627110 22.437585
3431.035978 22.306518
3431.444847 22.419771
3431.853716 22.482433
3432.262584 22.511176
3432.671453 22.324639
3433.080322 22.228970
3433.489191 22.126099
3433.898059 21.975646
3434.306928 22.052330
3434.715797 22.206096
3435.124665 22.313000
3435.533534 22.301735
3435.942403 22.087703
3436.351272 21.904840
3436.760140 22.034361
3437.169009 22.005634
3437.577878 22.222672
3437.986746 22.111693
3438.395615 22.047260
3438.804484 21.980692
3439.213353 22.030521
3439.622221 21.956348
3440.031090 21.982378
3440.439959 22.138984
3440.848827 22.068493
3441.257696 22.191163
3441.666565 21.905708
3442.075434 22.008500
3442.484302 22.216923
3442.893171 22.232412
3443.302040 22.135112
3443.710908 22.092480
3444.119777 22.193346
3444.528646 22.165068
3444.937515 21.936714
3445.346383 21.996687
3445.755252 21.913529
3446.164121 22.133941
3446.572989 22.033850
3446.981858 21.829343
3447.390727 21.903299
3447.799596 22.114450
3448.208464 22.192466
3448.617333 22.210914
3449.026202 22.255871
3449.435070 22.151714
3449.843939 22.143691
3450.252808 22.118333
3450.661677 22.153485
3451.070545 22.015006
3451.479414 22.014236
3451.888283 21.935237
3452.297151 21.726057
3452.706020 21.739255
3453.114889 21.906706
3453.523758 22.227366
3453.932626 22.092456
3454.341495 22.095865
3454.750364 22.138294
3455.159232 21.938898
3455.568101 21.954112
3455.976970 21.960820
3456.385839 22.163088
3456.794707 22.306246
3457.203576 22.267289
3457.612445 22.196033
3458.021313 22.205030
3458.430182 22.100844
3458.839051 21.995415
3459.247920 21.869221
3459.656788 21.891702
3460.065657 21.867902
3460.474526 21.998802
3460.883394 21.997616
3461.292263 22.172289
3461.701132 22.249498
3462.110001 22.341604
3462.518869 22.360113
3462.927738 22.177755
3463.336607 22.063419
3463.745475 22.077801
3464.154344 22.187250
3464.563213 21.923425
3464.972082 22.093066
3465.380950 22.137696
3465.789819 21.967934
3466.198688 22.103864
3466.607556 22.223593
3467.016425 22.244913
3467.425294 22.138643
3467.834163 22.237292
3468.243031 22.212976
3468.651900 22.192239
3469.060769 22.320930
3469.469637 22.332698
3469.878506 22.346246
3470.287375 22.155756
3470.696244 22.066528
3471.105112 21.986984
3471.513981 22.096310
3471.922850 22.209754
3472.331718 22.316178
3472.740587 22.370820
3473.149456 22.358390
3473.558325 22.256004
3473.967193 22.143624
3474.376062 22.026517
3474.784931 22.131299
3475.193799 22.158947
3475.602668 21.962419
3476.011537 22.069372
3476.420406 22.167403
3476.829274 22.037354
3477.238143 22.106046
3477.647012 22.196192
3478.055880 22.103438
3478.464749 22.036480
3478.873618 22.088085
3479.282486 21.998505
3479.691355 21.976533
3480.100224 22.054730
3480.509093 22.081875
3480.917961 22.101681
3481.326830 22.061327
3481.735699 21.932478
3482.144567 22.074139
3482.553436 22.004367
3482.962305 21.957719
3483.371174 22.000723
3483.780042 22.156457
3484.188911 21.953643
3484.597780 21.761937
3485.006648 21.860163
3485.415517 21.979777
3485.824386 21.951108
3486.233255 21.871893
3486.642123 21.818466
3487.050992 21.658095
3487.459861 21.871927
3487.868729 22.059838
3488.277598 22.060424
3488.686467 22.222823
3489.095336 22.259285
3489.504204 21.999846
3489.913073 21.994486
3490.321942 21.771044
3490.730810 21.899887
3491.139679 22.094740
3491.548548 22.152679
3491.957417 22.054372
3492.366285 21.746448
3492.775154 21.726730
3493.184023 21.983511
3493.592891 22.014491
3494.001760 21.908637
3494.410629 21.949019
3494.819498 21.809865
3495.228366 21.886967
3495.637235 21.848878
3496.046104 21.952021
3496.454972 22.014372
3496.863841 22.046028
3497.272710 22.156851
3497.681579 22.215172
3498.090447 22.004139
3498.499316 21.913996
3498.908185 21.840077
3499.317053 21.762114
3499.725922 21.535684
3500.134791 21.574688
3500.543660 21.596831
3500.952528 21.651128
3501.361397 21.689812
3501.770266 21.560084
3502.179134 21.601206
3502.588003 21.628556
3502.996872 21.724946
3503.405741 21.757616
3503.814609 21.601087
3504.223478 21.545553
3504.632347 21.507070
3505.041215 21.686093
3505.450084 21.810998
3505.858953 21.913772
3506.267822 21.788204
3506.676690 21.620270
3507.085559 21.506536
3507.494428 21.610958
3507.903296 21.535807
3508.312165 21.347719
3508.721034 21.379884
3509.129903 21.461040
3509.538771 21.499675
3509.947640 21.452718
3510.356509 21.439796
3510.765377 21.340299
3511.174246 21.249652
3511.583115 21.343957
3511.991984 21.576585
3512.400852 21.550429
3512.809721 21.306831
3513.218590 21.034739
3513.627458 20.976123
3514.036327 21.046892
3514.445196 20.978934
3514.854065 21.135888
3515.262933 21.146656
3515.671802 21.203208
3516.080671 21.195098
3516.489539 21.419074
3516.898408 21.518929
3517.307277 21.274440
3517.716146 21.102527
3518.125014 21.003874
3518.533883 21.025940
3518.942752 21.088894
3519.351620 21.059301
3519.760489 21.086850
3520.169358 21.060020
3520.578227 20.950021
3520.987095 21.151245
3521.395964 21.094465
3521.804833 21.130483
3522.213701 21.151312
3522.622570 20.956552
3523.031439 20.796677
3523.440308 20.864902
3523.849176 20.903416
3524.258045 20.879615
3524.666914 20.857036
3525.075782 20.650247
3525.484651 20.738039
3525.893520 20.815489
3526.302389 20.807532
3526.711257 20.775432
3527.120126 20.703268
3527.528995 20.555628
3527.937863 20.541594
3528.346732 20.603097
3528.755601 20.579819
3529.164470 20.643826
3529.573338 20.623570
3529.982207 20.651629
3530.391076 20.537756
3530.799944 20.438586
3531.208813 20.506843
3531.617682 20.558075
3532.026551 20.429792
3532.435419 20.555178
3532.844288 20.461684
3533.253157 20.424625
3533.662025 20.466209
3534.070894 20.399657
3534.479763 20.218001
3534.888632 20.216937
3535.297500 20.306256
3535.706369 20.383950
3536.115238 20.350601
3536.524106 20.610522
3536.932975 20.439364
3537.341844 20.196978
3537.750713 20.338086
3538.159581 20.402513
3538.568450 20.356552
3538.977319 20.486741
3539.386187 20.466546
3539.795056 20.614347
3540.203925 20.422902
3540.612794 20.286323
3541.021662 20.292365
3541.430531 20.167289
3541.839400 20.357121
3542.248268 20.499572
3542.657137 20.437047
3543.066006 20.346052
3543.474875 20.371222
3543.883743 20.270742
3544.292612 20.372925
3544.701481 20.377858
3545.110349 20.372561
3545.519218 20.467962
3545.928087 20.402412
3546.336955 20.551290
3546.745824 20.364377
3547.154693 20.420298
3547.563562 20.497206
3547.972430 20.572992
3548.381299 20.702436
3548.790168 20.633258
3549.199036 20.437344
3549.607905 20.218668
3550.016774 20.289117
3550.425643 20.386461
3550.834511 20.466995
3551.243380 20.378639
3551.652249 20.331309
3552.061117 20.393221
3552.469986 20.481108
3552.878855 20.661205
3553.287724 20.526400
3553.696592 20.495445
3554.105461 20.383384
3554.514330 20.346466
3554.923198 20.394625
3555.332067 20.473703
3555.740936 20.518838
3556.149805 20.567312
3556.558673 20.354631
3556.967542 20.316913
3557.376411 20.324386
3557.785279 20.364961
3558.194148 20.442897
3558.603017 20.410768
3559.011886 20.444782
3559.420754 20.368043
3559.829623 20.333876
3560.238492 20.478635
3560.647360 20.638653
3561.056229 20.681314
3561.465098 20.476789
3561.873967 20.534345
3562.282835 20.540988
3562.691704 20.534797
3563.100573 20.317610
3563.509441 20.157646
3563.918310 20.435130
3564.327179 20.600677
3564.736048 20.780409
3565.144916 20.876294
3565.553785 20.656152
3565.962654 20.372244
3566.371522 20.333357
3566.780391 20.445547
3567.189260 20.616202
3567.598129 20.637132
3568.006997 20.650326
3568.415866 20.671830
3568.824735 20.569103
3569.233603 20.601151
3569.642472 20.598830
3570.051341 20.579512
3570.460210 20.558790
3570.869078 20.587252
3571.277947 20.841457
3571.686816 20.902268
3572.095684 20.813394
3572.504553 20.617169
3572.913422 20.632945
3573.322291 20.512915
3573.731159 20.594375
3574.140028 20.361311
3574.548897 20.662805
3574.957765 20.797404
3575.366634 20.792557
3575.775503 20.830319
3576.184372 20.785582
3576.593240 20.656828
3577.002109 20.716474
3577.410978 20.775216
3577.819846 20.663490
3578.228715 20.501095
3578.637584 20.629980
3579.046453 20.754920
3579.455321 20.879217
3579.864190 20.757697
3580.273059 20.819421
3580.681927 20.789428
3581.090796 20.877466
3581.499665 20.692664
3581.908534 20.527251
3582.317402 20.622136
3582.726271 20.521326
3583.135140 20.426069
3583.544008 20.567166
3583.952877 20.737659
3584.361746 20.722437
3584.770615 20.788806
3585.179483 20.569451
3585.588352 20.188927
3585.997221 20.332383
3586.406089 20.304165
3586.814958 20.473083
3587.223827 20.607613
3587.632696 20.685673
3588.041564 20.413713
3588.450433 20.475478
3588.859302 20.580665
3589.268170 20.549437
3589.677039 20.753326
3590.085908 20.631010
3590.494777 20.489937
3590.903645 20.560183
3591.312514 20.409172
3591.721383 20.428816
3592.130251 20.599713
3592.539120 20.523782
3592.947989 20.316915
3593.356858 20.257707
3593.765726 20.216628
3594.174595 20.291833
3594.583464 20.484911
3594.992332 20.438938
3595.401201 20.184594
3595.810070 20.324861
3596.218939 20.376712
3596.627807 20.343180
3597.036676 20.367496
3597.445545 20.560680
3597.854413 20.440831
3598.263282 20.260767
3598.672151 20.240481
3599.081020 20.286004
3599.489888 20.256135
3599.898757 20.349102
3600.307626 20.384479
3600.716494 20.475773
3601.125363 20.443309
3601.534232 20.343315
3601.943101 20.230363
3602.351969 20.265459
3602.760838 20.357568
3603.169707 20.362179
3603.578575 20.222431
3603.987444 20.300610
3604.396313 20.416505
3604.805182 20.612730
3605.214050 20.678785
3605.622919 20.685069
3606.031788 20.656408
3606.440656 20.436629
3606.849525 20.245143
3607.258394 20.372563
3607.667263 20.166611
3608.076131 20.144618
3608.485000 20.244786
3608.893869 20.223585
3609.302737 20.151332
3609.711606 20.166784
3610.120475 20.074359
3610.529344 19.813340
3610.938212 20.191753
3611.347081 20.802709
3611.755950 20.743301
3612.164818 20.236312
3612.573687 20.103783
3612.982556 19.819710
3613.391425 20.379872
3613.800293 20.750193
3614.209162 20.776931
3614.618031 20.688474
3615.026899 20.324100
3615.435768 20.336369
3615.844637 20.190599
3616.253505 20.187454
3616.662374 20.290937
3617.071243 20.457212
3617.480112 20.509350
3617.888980 20.465674
3618.297849 20.432240
3618.706718 20.153033
3619.115586 20.199156
3619.524455 20.436797
3619.933324 20.434805
3620.342193 20.557079
3620.751061 20.655497
3621.159930 20.297180
3621.568799 20.330953
3621.977667 20.304682
3622.386536 20.296924
3622.795405 20.348082
3623.204274 20.373109
3623.613142 20.429980
3624.022011 20.262331
3624.430880 20.223239
3624.839748 20.521080
3625.248617 20.492458
3625.657486 20.339782
3626.066355 20.392342
3626.475223 20.390308
3626.884092 20.105324
3627.292961 19.628545
3627.701829 19.901545
3628.110698 19.645200
3628.519567 19.955097
3628.928436 20.482433
3629.337304 20.687077
3629.746173 20.443254
3630.155042 20.248217
3630.563910 20.051031
3630.972779 20.023954
3631.381648 19.944178
3631.790517 20.106165
3632.199385 20.287834
3632.608254 20.388739
3633.017123 20.446741
3633.425991 20.330246
3633.834860 20.128461
3634.243729 20.102272
3634.652598 19.998380
3635.061466 19.935542
3635.470335 19.981479
3635.879204 20.157166
3636.288072 20.332953
3636.696941 20.373058
3637.105810 20.107054
3637.514679 20.024758
3637.923547 19.948878
3638.332416 20.035280
3638.741285 20.174957
3639.150153 20.149627
3639.559022 20.103513
3639.967891 20.076224
3640.376760 20.103977
3640.785628 19.867936
3641.194497 19.744753
3641.603366 19.697059
3642.012234 19.704102
3642.421103 19.788998
3642.829972 20.235742
3643.238841 20.262852
3643.647709 20.203292
3644.056578 20.082786
3644.465447 19.972553
3644.874315 19.857347
3645.283184 19.776248
3645.692053 19.975165
3646.100922 19.794035
3646.509790 19.870358
3646.918659 19.875082
3647.327528 20.015646
3647.736396 19.774414
3648.145265 19.712620
3648.554134 19.793213
3648.963003 19.685275
3649.371871 19.740540
3649.780740 19.909548
3650.189609 19.814721
3650.598477 19.915772
3651.007346 19.884334
3651.416215 19.747319
3651.825084 19.821397
3652.233952 19.802319
3652.642821 19.650334
3653.051690 19.753914
3653.460558 19.853366
3653.869427 19.826273
3654.278296 19.656380
3654.687165 19.546377
3655.096033 19.552853
3655.504902 19.564597
3655.913771 19.526473
3656.322639 19.801828
3656.731508 19.813247
3657.140377 19.786283
3657.549246 19.793359
3657.958114 19.786850
3658.366983 19.796392
3658.775852 20.072753
3659.184720 19.925265
3659.593589 19.624451
3660.002458 19.561432
3660.411327 19.519716
3660.820195 19.287612
3661.229064 19.642002
3661.637933 19.869241
3662.046801 20.013966
3662.455670 19.875042
3662.864539 19.796057
3663.273408 19.755764
3663.682276 19.778690
3664.091145 19.569861
3664.500014 19.661145
3664.908882 19.655970
3665.317751 19.591543
3665.726620 19.433828
3666.135489 19.539461
3666.544357 19.661331
3666.953226 19.698699
3667.362095 19.509550
3667.770963 19.464187
3668.179832 19.582301
3668.588701 19.536886
3668.997570 19.300749
3669.406438 19.395205
3669.815307 19.469631
3670.224176 19.493967
3670.633044 19.642236
3671.041913 19.720821
3671.450782 19.588044
3671.859651 19.604743
3672.268519 19.636348
3672.677388 19.745099
3673.086257 19.727473
3673.495125 19.608518
3673.903994 19.243022
3674.312863 19.083592
3674.721732 19.207126
3675.130600 19.241091
3675.539469 19.374113
3675.948338 19.521833
3676.357206 19.639821
3676.766075 19.680132
3677.174944 19.646850
3677.583813 19.558485
3677.992681 19.624221
3678.401550 19.651657
3678.810419 19.688515
3679.219287 19.521447
3679.628156 19.614834
3680.037025 19.692357
3680.445894 19.712467
3680.854762 19.623718
3681.263631 19.624128
3681.672500 19.565278
3682.081368 19.524625
3682.490237 19.620716
3682.899106 19.614200
3683.307974 19.582984
3683.716843 19.567164
3684.125712 19.675921
3684.534581 19.627645
3684.943449 19.699287
3685.352318 19.618270
3685.761187 19.443172
3686.170055 19.453055
3686.578924 19.487949
3686.987793 19.486941
3687.396662 19.502101
3687.805530 19.382071
3688.214399 19.584142
3688.623268 19.508124
3689.032136 19.697417
3689.441005 19.664971
3689.849874 19.491961
3690.258743 19.328578
3690.667611 19.305918
3691.076480 19.325542
3691.485349 19.373719
3691.894217 19.558422
3692.303086 19.566185
3692.711955 19.661666
3693.120824 19.652958
3693.529692 19.488394
3693.938561 19.357004
3694.347430 19.390234
3694.756298 19.463914
3695.165167 19.525530
3695.574036 19.409471
3695.982905 19.613596
3696.391773 19.544660
3696.800642 19.361232
3697.209511 19.022583
3697.618379 19.032246
3698.027248 19.170247
3698.436117 19.282104
3698.844986 19.434528
3699.253854 19.330325
3699.662723 19.223138
3700.071592 19.160187
3700.480460 19.270576
3700.889329 19.379365
3701.298198 19.351379
3701.707067 19.186501
3702.115935 19.276815
3702.524804 19.202973
3702.933673 19.247472
3703.342541 19.283865
3703.751410 19.385794
3704.160279 19.329955
3704.569148 19.369447
3704.978016 19.400208
3705.386885 19.531735
3705.795754 19.497243
3706.204622 19.559860
3706.613491 19.580021
3707.022360 19.488418
3707.431229 19.388074
3707.840097 19.338687
3708.248966 19.115129
3708.657835 19.266681
3709.066703 19.338837
3709.475572 19.655184
3709.884441 19.549429
3710.293310 19.499881
3710.702178 19.443143
3711.111047 19.490337
3711.519916 19.531670
3711.928784 19.556865
3712.337653 19.519260
3712.746522 19.675260
3713.155391 19.507001
3713.564259 19.528988
3713.973128 19.509645
3714.381997 19.492801
3714.790865 19.434304
3715.199734 19.391470
3715.608603 19.504692
3716.017472 19.453253
3716.426340 19.664866
3716.835209 19.722310
3717.244078 19.577379
3717.652946 19.625877
3718.061815 19.507579
3718.470684 19.444470
3718.879553 19.558083
3719.288421 19.721272
3719.697290 19.555923
3720.106159 19.650480
3720.515027 19.596079
3720.923896 19.762240
3721.332765 19.713590
3721.741634 19.892880
3722.150502 20.126849
3722.559371 20.197772
3722.968240 20.314347
3723.377108 20.638031
3723.785977 20.866140
3724.194846 21.108478
3724.603715 21.468938
3725.012583 21.384913
3725.421452 21.254463
3725.830321 21.011796
3726.239189 20.977839
3726.648058 20.996021
3727.056927 21.036603
3727.465796 20.776922
3727.874664 20.279954
3728.283533 20.010429
3728.692402 19.616650
3729.101270 19.483118
3729.510139 19.489515
3729.919008 19.216854
3730.327877 18.952007
3730.736745 18.645585
3731.145614 18.722740
3731.554483 18.696172
3731.963351 18.576062
3732.372220 18.753930
3732.781089 18.635591
3733.189958 18.522831
3733.598826 18.587414
3734.007695 18.479336
3734.416564 18.313121
3734.825432 18.314576
3735.234301 18.371923
3735.643170 18.506112
3736.052039 18.550419
3736.460907 18.551197
3736.869776 18.721460
3737.278645 18.713523
3737.687513 18.827556
3738.096382 18.769223
3738.505251 18.740528
3738.914120 18.878712
3739.322988 18.883810
3739.731857 19.033258
3740.140726 19.160571
3740.549594 18.942289
3740.958463 18.733038
3741.367332 18.727982
3741.776201 18.461050
3742.185069 18.760214
3742.593938 18.846767
3743.002807 18.915555
3743.411675 18.935601
3743.820544 19.051663
3744.229413 19.077957
3744.638282 18.942438
3745.047150 18.772586
3745.456019 18.726384
3745.864888 18.582249
3746.273756 18.599885
3746.682625 18.616907
3747.091494 18.720353
3747.500363 18.677985
3747.909231 18.752770
3748.318100 18.683699
3748.726969 18.671749
3749.135837 18.754800
3749.544706 18.697833
3749.953575 18.651599
3750.362444 18.915222
3750.771312 18.717933
3751.180181 18.599675
3751.589050 18.507896
3751.997918 18.837708
3752.406787 18.829822
3752.815656 18.952084
3753.224524 18.913441
3753.633393 18.985002
3754.042262 18.798869
3754.451131 18.589618
3754.859999 18.735316
3755.268868 18.727235
3755.677737 18.771782
3756.086605 18.738582
3756.495474 18.872612
3756.904343 18.817290
3757.313212 18.876969
3757.722080 18.933052
3758.130949 18.835724
3758.539818 18.823902
3758.948686 18.837417
3759.357555 18.893554
3759.766424 18.826425
3760.175293 19.010384
3760.584161 18.973272
3760.993030 18.977716
3761.401899 18.834470
3761.810767 18.750241
3762.219636 18.720242
3762.628505 18.748163
3763.037374 19.037886
3763.446242 19.192074
3763.855111 19.054917
3764.263980 19.115624
3764.672848 19.212225
3765.081717 19.019226
3765.490586 19.200525
3765.899455 19.108972
3766.308323 19.004595
3766.717192 18.949856
3767.126061 18.990254
3767.534929 18.893817
3767.943798 18.949132
3768.352667 19.121381
3768.761536 19.049122
3769.170404 18.851106
3769.579273 18.781843
3769.988142 18.725386
3770.397010 18.866504
3770.805879 18.732965
3771.214748 18.651700
3771.623617 18.880514
3772.032485 18.857327
3772.441354 18.901392
3772.850223 18.759414
3773.259091 18.777227
3773.667960 18.673759
3774.076829 18.759252
3774.485698 18.698517
3774.894566 18.672058
3775.303435 18.356295
3775.712304 18.323209
3776.121172 18.603216
3776.530041 18.744040
3776.938910 18.718676
3777.347779 18.422952
3777.756647 18.630115
3778.165516 18.740926
3778.574385 18.763526
3778.983253 18.859169
3779.392122 18.643648
3779.800991 18.557279
3780.209860 18.547555
3780.618728 18.521662
3781.027597 18.540208
3781.436466 18.571202
3781.845334 18.542012
3782.254203 18.501380
3782.663072 18.506266
3783.071941 18.576702
3783.480809 18.460983
3783.889678 18.402254
3784.298547 18.193870
3784.707415 18.203246
3785.116284 18.244638
3785.525153 18.431089
3785.934022 18.495326
3786.342890 18.489070
3786.751759 18.181687
3787.160628 18.290163
3787.569496 18.078011
3787.978365 18.186931
3788.387234 18.164767
3788.796103 18.222702
3789.204971 18.329236
3789.613840 18.280746
3790.022709 18.329493
3790.431577 18.548930
3790.840446 18.671174
3791.249315 18.355119
3791.658184 18.379696
3792.067052 18.269372
3792.475921 18.611164
3792.884790 18.379391
3793.293658 18.061824
3793.702527 18.273917
3794.111396 18.238722
3794.520265 18.176933
3794.929133 18.083118
3795.338002 17.993332
3795.746871 17.700586
3796.155739 17.430024
3796.564608 17.460224
3796.973477 17.567576
3797.382346 17.835601
3797.791214 17.928327
3798.200083 17.933533
3798.608952 17.981766
3799.017820 17.974836
3799.426689 18.014438
3799.835558 17.867550
3800.244427 17.824265
3800.653295 17.588214
3801.062164 17.752312
3801.471033 17.703462
3801.879901 17.684065
3802.288770 17.526006
3802.697639 17.183376
3803.106508 17.599303
3803.515376 17.887656
3803.924245 18.063076
3804.333114 17.792690
3804.741982 17.965716
3805.150851 17.738514
3805.559720 18.073277
3805.968589 18.308613
3806.377457 18.238090
3806.786326 18.011233
3807.195195 17.982326
3807.604063 17.999083
3808.012932 18.117337
3808.421801 18.392098
3808.830670 18.301614
3809.239538 18.247064
3809.648407 18.205391
3810.057276 18.228325
3810.466144 18.456243
3810.875013 18.099820
3811.283882 18.146109
3811.692751 18.234555
3812.101619 18.088066
3812.510488 18.508704
3812.919357 18.759394
3813.328225 18.751633
3813.737094 18.547995
3814.145963 18.254524
3814.554832 18.057305
3814.963700 18.128113
3815.372569 18.377561
3815.781438 18.617347
3816.190306 18.399093
3816.599175 17.923429
3817.008044 18.320801
3817.416913 18.252681
3817.825781 18.269841
3818.234650 18.556414
3818.643519 18.579718
3819.052387 18.334654
3819.461256 18.319880
3819.870125 18.475515
3820.278993 18.348589
3820.687862 18.466326
3821.096731 18.716790
3821.505600 18.757487
3821.914468 18.558450
3822.323337 18.714145
3822.732206 18.677302
3823.141074 18.766181
3823.549943 19.200545
3823.958812 18.740618
3824.367681 18.711461
3824.776549 18.528148
3825.185418 18.367023
3825.594287 18.574105
3826.003155 18.618440
3826.412024 18.516800
3826.820893 18.660579
3827.229762 18.534419
3827.638630 18.476696
3828.047499 18.272656
3828.456368 18.275898
3828.865236 18.139095
3829.274105 18.269178
3829.682974 18.384568
3830.091843 18.471667
3830.500711 18.293233
3830.909580 18.171089
3831.318449 18.236732
3831.727317 18.205916
3832.136186 18.177496
3832.545055 18.434169
3832.953924 18.542402
3833.362792 18.632456
3833.771661 18.470196
3834.180530 18.648264
3834.589398 18.553760
3834.998267 18.537316
3835.407136 18.547003
3835.816005 18.489505
3836.224873 18.222033
3836.633742 18.282043
3837.042611 18.261203
3837.451479 18.350365
3837.860348 18.471513
3838.269217 18.575072
3838.678086 18.610950
3839.086954 18.784148
3839.495823 18.764048
3839.904692 18.993215
3840.313560 18.743521
3840.722429 18.960153
3841.131298 18.887196
3841.540167 18.951284
3841.949035 19.065734
3842.357904 18.960311
3842.766773 18.752360
3843.175641 18.582986
3843.584510 18.475272
3843.993379 18.548335
3844.402248 18.569669
3844.811116 18.293237
3845.219985 18.482526
3845.628854 18.369766
3846.037722 18.332896
3846.446591 18.362924
3846.855460 18.556956
3847.264329 18.806336
3847.673197 18.768378
3848.082066 18.765193
3848.490935 19.085622
3848.899803 19.084679
3849.308672 19.330026
3849.717541 19.249336
3850.126410 19.474870
3850.535278 19.261163
3850.944147 19.143103
3851.353016 18.990125
3851.761884 19.170398
3852.170753 19.145303
3852.579622 19.176535
3852.988491 19.307268
3853.397359 19.479886
3853.806228 19.545826
3854.215097 19.621912
3854.623965 19.590712
3855.032834 19.586869
3855.441703 19.460597
3855.850572 19.606403
3856.259440 19.730230
3856.668309 19.598582
3857.077178 19.606870
3857.486046 19.579425
3857.894915 19.469259
3858.303784 19.018276
3858.712653 18.373359
3859.121521 17.384180
3859.530390 15.690894
3859.939259 14.183134
3860.348127 13.257459
3860.756996 12.198043
3861.165865 13.020157
3861.574734 13.801755
3861.983602 14.934771
3862.392471 16.070093
3862.801340 16.809516
3863.210208 17.388598
3863.619077 17.588070
3864.027946 17.356485
3864.436815 17.223421
3864.845683 17.393314
3865.254552 17.780851
3865.663421 18.351710
3866.072289 18.859125
3866.481158 19.100941
3866.890027 19.231755
3867.298896 19.268091
3867.707764 19.119692
3868.116633 18.937952
3868.525502 18.994597
3868.934370 18.954473
3869.343239 18.743083
3869.752108 18.571887
3870.160977 18.711130
3870.569845 18.811520
3870.978714 18.967988
3871.387583 18.901289
3871.796451 18.688363
3872.205320 18.596742
3872.614189 18.811320
3873.023058 18.839283
3873.431926 18.767762
3873.840795 18.711806
3874.249664 18.598802
3874.658532 18.680851
3875.067401 18.563573
3875.476270 18.575208
3875.885139 18.402955
3876.294007 18.359602
3876.702876 18.384610
3877.111745 18.460945
3877.520613 18.518317
3877.929482 18.522199
3878.338351 18.613663
3878.747220 18.772814
3879.156088 18.606395
3879.564957 18.483285
3879.973826 18.445361
3880.382694 18.154384
3880.791563 18.419127
3881.200432 18.666102
3881.609301 18.353736
3882.018169 18.180716
3882.427038 18.162676
3882.835907 18.260141
3883.244775 18.256632
3883.653644 18.346610
3884.062513 18.275908
3884.471382 18.140334
3884.880250 18.146099
3885.289119 18.158606
3885.697988 17.766249
3886.106856 17.989757
3886.515725 18.055012
3886.924594 18.044889
3887.333463 18.345068
3887.742331 18.391407
3888.151200 18.160325
3888.560069 18.320549
3888.968937 18.101606
3889.377806 18.060953
3889.786675 18.055356
3890.195543 17.730594
3890.604412 18.003892
3891.013281 18.177112
3891.422150 18.072499
3891.831018 17.822890
3892.239887 17.930121
3892.648756 18.118840
3893.057624 17.905848
3893.466493 17.790791
3893.875362 17.945317
3894.284231 17.912998
3894.693099 17.810794
3895.101968 17.808364
3895.510837 17.694225
3895.919705 17.621351
3896.328574 17.552795
3896.737443 17.670723
3897.146312 17.632828
3897.555180 17.576052
3897.964049 17.623286
3898.372918 17.589747
3898.781786 17.896279
3899.190655 17.945070
3899.599524 17.754459
3900.008393 17.644436
3900.417261 17.713234
3900.826130 17.712548
3901.234999 17.564369
3901.643867 17.567126
3902.052736 17.540303
3902.461605 17.588781
3902.870474 17.436573
3903.279342 17.424651
3903.688211 17.225217
3904.097080 17.034878
3904.505948 16.971533
3904.914817 17.051177
3905.323686 16.900551
3905.732555 17.071327
3906.141423 17.099683
3906.550292 17.236387
3906.959161 17.316975
3907.368029 17.379005
3907.776898 17.659785
3908.185767 17.707201
3908.594636 17.759541
3909.003504 17.809574
3909.412373 17.778652
3909.821242 17.672543
3910.230110 17.652019
3910.638979 17.588729
3911.047848 17.711841
3911.456717 17.800917
3911.865585 17.736833
3912.274454 17.743957
3912.683323 17.801683
3913.092191 17.572432
3913.501060 17.597796
3913.909929 17.615957
3914.318798 17.715628
3914.727666 17.661141
3915.136535 17.552098
3915.545404 17.249215
3915.954272 17.235658
3916.363141 17.135042
3916.772010 17.437322
3917.180879 17.421298
3917.589747 17.477193
3917.998616 17.561331
3918.407485 17.560060
3918.816353 17.617202
3919.225222 17.473887
3919.634091 17.471382
3920.042960 17.542245
3920.451828 17.643600
3920.860697 17.801236
3921.269566 17.641216
3921.678434 17.550381
3922.087303 17.674973
3922.496172 17.726326
3922.905041 17.521728
3923.313909 17.581631
3923.722778 17.361672
3924.131647 17.300899
3924.540515 17.214406
3924.949384 17.618074
3925.358253 17.536268
3925.767122 17.580146
3926.175990 17.634898
3926.584859 17.617444
3926.993728 17.611041
3927.402596 17.705480
3927.811465 17.628137
3928.220334 17.557214
3928.629203 17.509362
3929.038071 17.587386
3929.446940 17.560620
3929.855809 17.717931
3930.264677 17.622156
3930.673546 17.546571
3931.082415 17.669493
3931.491284 17.594108
3931.900152 17.432206
3932.309021 17.640588
3932.717890 17.717757
3933.126758 17.886772
3933.535627 17.890967
3933.944496 17.653403
3934.353365 17.516016
3934.762233 17.580031
3935.171102 17.657733
3935.579971 17.877732
3935.988839 18.015632
3936.397708 17.992409
3936.806577 17.799970
3937.215446 17.613093
3937.624314 17.519238
3938.033183 17.458590
3938.442052 17.372976
3938.850920 17.302618
3939.259789 17.246325
3939.668658 17.287238
3940.077527 17.265756
3940.486395 17.438586
3940.895264 17.476119
3941.304133 17.490355
3941.713001 17.549811
3942.121870 17.607389
3942.530739 17.517256
3942.939608 17.507193
3943.348476 17.531206
3943.757345 17.634454
3944.166214 17.872634
3944.575082 17.974351
3944.983951 17.569473
3945.392820 17.541909
3945.801689 17.279112
3946.210557 17.149575
3946.619426 17.451484
3947.028295 17.510798
3947.437163 17.590167
3947.846032 17.716796
3948.254901 17.533009
3948.663770 17.456035
3949.072638 17.393680
3949.481507 17.432440
3949.890376 17.310807
3950.299244 17.398709
3950.708113 17.511386
3951.116982 17.383150
3951.525851 17.336805
3951.934719 17.415400
3952.343588 17.408805
3952.752457 17.440120
3953.161325 17.603741
3953.570194 17.604141
3953.979063 17.557220
3954.387932 17.507407
3954.796800 17.343654
3955.205669 17.070976
3955.614538 17.285018
3956.023406 17.376068
3956.432275 17.592114
3956.841144 17.679520
3957.250012 17.666389
3957.658881 17.725899
3958.067750 17.693611
3958.476619 17.731367
3958.885487 17.674008
3959.294356 17.559899
3959.703225 17.445787
3960.112093 17.557711
3960.520962 17.585576
3960.929831 17.746577
3961.338700 17.646127
3961.747568 17.587127
3962.156437 17.584198
3962.565306 17.555132
3962.974174 17.523199
3963.383043 17.533135
3963.791912 17.523637
3964.200781 17.499137
3964.609649 17.562520
3965.018518 17.750791
3965.427387 17.826002
3965.836255 17.563361
3966.245124 17.530901
3966.653993 17.432325
3967.062862 17.234809
3967.471730 17.421015
3967.880599 17.417610
3968.289468 17.146656
3968.698336 16.938205
3969.107205 16.971642
3969.516074 16.954528
3969.924943 16.921682
3970.333811 17.180372
3970.742680 17.190415
3971.151549 17.026820
3971.560417 16.670705
3971.969286 16.734185
3972.378155 16.855374
3972.787024 16.765865
3973.195892 16.936843
3973.604761 16.966774
3974.013630 17.095982
3974.422498 16.986254
3974.831367 16.973921
3975.240236 16.909677
3975.649105 16.919058
3976.057973 16.999469
3976.466842 16.888252
3976.875711 16.945062
3977.284579 16.985265
3977.693448 16.798239
3978.102317 16.738823
3978.511186 16.829297
3978.920054 16.937593
3979.328923 16.943766
3979.737792 16.877880
3980.146660 16.675028
3980.555529 16.600200
3980.964398 16.603187
3981.373267 16.479447
3981.782135 16.525677
3982.191004 16.613297
3982.599873 16.673792
3983.008741 16.465049
3983.417610 16.287068
3983.826479 16.131270
3984.235348 16.147407
3984.644216 16.245523
3985.053085 16.308631
3985.461954 16.211695
3985.870822 16.291900
3986.279691 16.720973
3986.688560 16.487040
3987.097429 16.502923
3987.506297 16.567770
3987.915166 16.372230
3988.324035 16.426871
3988.732903 16.372990
3989.141772 16.392407
3989.550641 16.399768
3989.959510 16.423712
3990.368378 16.316077
3990.777247 16.289088
3991.186116 16.238308
3991.594984 16.438643
3992.003853 16.436835
3992.412722 16.353758
3992.821591 16.335914
3993.230459 16.362135
3993.639328 16.406593
3994.048197 16.258481
3994.457065 16.210483
3994.865934 16.150352
3995.274803 16.204547
3995.683672 16.276882
3996.092540 16.161486
3996.501409 16.308270
3996.910278 16.132739
3997.319146 16.211578
3997.728015 16.267279
3998.136884 16.319959
3998.545753 16.399558
3998.954621 16.451239
3999.363490 16.486254
3999.772359 16.303210
4000.181227 16.123108
4000.590096 16.473503
4000.998965 16.294476
4001.407834 16.408092
4001.816702 16.496720
4002.225571 16.562133
4002.634440 16.582566
4003.043308 16.586188
4003.452177 16.598402
4003.861046 16.340647
4004.269915 16.346551
4004.678783 16.340376
4005.087652 16.329650
4005.496521 16.370713
4005.905389 16.440681
4006.314258 16.470194
4006.723127 16.370935
4007.131996 16.280413
4007.540864 16.154922
4007.949733 16.191409
4008.358602 16.318278
4008.767470 16.325239
4009.176339 16.380793
4009.585208 16.336453
4009.994077 16.352140
4010.402945 16.229761
4010.811814 16.379310
4011.220683 16.270535
4011.629551 16.315208
4012.038420 16.375713
4012.447289 16.419714
4012.856158 16.259064
4013.265026 16.247496
4013.673895 16.317389
4014.082764 16.305567
4014.491632 16.125671
4014.900501 16.114024
4015.309370 16.103010
4015.718239 16.134896
4016.127107 16.189884
4016.535976 16.281512
4016.944845 16.400640
4017.353713 16.405789
4017.762582 16.483861
4018.171451 16.135254
4018.580320 16.008908
4018.989188 16.258735
4019.398057 16.117204
4019.806926 16.053655
4020.215794 16.177482
4020.624663 16.073115
4021.033532 15.912946
4021.442401 15.973493
4021.851269 15.922144
4022.260138 16.068877
4022.669007 16.284531
4023.077875 16.082487
4023.486744 16.099352
4023.895613 16.119864
4024.304481 16.086281
4024.713350 16.281063
4025.122219 16.131640
4025.531088 16.037457
4025.939956 15.988410
4026.348825 16.153980
4026.757694 16.139714
4027.166562 16.001331
4027.575431 15.868053
4027.984300 15.694088
4028.393169 15.631145
4028.802037 15.797204
4029.210906 15.161751
4029.619775 14.987545
4030.028643 15.104733
4030.437512 15.141317
4030.846381 15.420357
4031.255250 15.744713
4031.664118 15.924772
4032.072987 16.095625
4032.481856 16.228729
4032.890724 16.190735
4033.299593 16.174785
4033.708462 15.973042
4034.117331 15.904177
4034.526199 16.062381
4034.935068 16.067621
4035.343937 16.134369
4035.752805 16.043010
4036.161674 15.967566
4036.570543 16.034888
4036.979412 16.030618
4037.388280 16.089323
4037.797149 16.100295
4038.206018 16.182508
4038.614886 16.222039
4039.023755 16.223300
4039.432624 16.166148
4039.841493 16.137603
4040.250361 16.195178
4040.659230 16.149274
4041.068099 16.071453
4041.476967 16.078686
4041.885836 16.095586
4042.294705 16.056645
4042.703574 16.130703
4043.112442 16.188448
4043.521311 16.088741
4043.930180 16.130731
4044.339048 15.969845
4044.747917 16.092233
4045.156786 16.235324
4045.565655 16.412237
4045.974523 16.563745
4046.383392 16.294005
4046.792261 16.330315
4047.201129 16.377965
4047.609998 16.432016
4048.018867 16.282051
4048.427736 16.308259
4048.836604 16.309148
4049.245473 16.103705
4049.654342 16.086220
4050.063210 16.079867
4050.472079 16.108920
4050.880948 16.181298
4051.289817 16.193480
4051.698685 16.152607
4052.107554 16.091894
4052.516423 16.149953
4052.925291 16.207050
4053.334160 16.234516
4053.743029 16.288630
4054.151898 16.236290
4054.560766 16.277126
4054.969635 16.384111
4055.378504 16.412756
4055.787372 16.299073
4056.196241 16.391046
4056.605110 16.255497
4057.013979 16.505028
4057.422847 16.534167
4057.831716 16.549393
4058.240585 16.606270
4058.649453 16.518628
4059.058322 16.295290
4059.467191 16.104183
4059.876060 16.108169
4060.284928 16.196823
4060.693797 16.382130
4061.102666 16.534890
4061.511534 16.678898
4061.920403 16.681758
4062.329272 16.599893
4062.738141 16.656594
4063.147009 16.636056
4063.555878 16.614109
4063.964747 16.672002
4064.373615 16.716604
4064.782484 16.698390
4065.191353 16.812067
4065.600222 16.764300
4066.009090 16.591993
4066.417959 16.524702
4066.826828 16.560006
4067.235696 16.588169
4067.644565 16.512554
4068.053434 16.571842
4068.462303 16.670192
4068.871171 16.568566
4069.280040 16.519411
4069.688909 16.723813
4070.097777 16.674523
4070.506646 16.748910
4070.915515 16.835722
4071.324384 16.675062
4071.733252 16.618054
4072.142121 16.508700
4072.550990 16.565615
4072.959858 16.700681
4073.368727 16.697629
4073.777596 16.681152
4074.186465 16.622472
4074.595333 16.570855
4075.004202 16.726031
4075.413071 16.812618
4075.821939 16.630388
4076.230808 16.674002
4076.639677 16.654453
4077.048546 16.582451
4077.457414 16.616840
4077.866283 16.538871
4078.275152 16.593159
4078.684020 16.565950
4079.092889 16.711790
4079.501758 16.668570
4079.910627 16.741265
4080.319495 16.792035
4080.728364 16.721702
4081.137233 16.670342
4081.546101 16.818832
4081.954970 16.808989
4082.363839 16.784935
4082.772708 16.682055
4083.181576 16.582586
4083.590445 16.632260
4083.999314 16.721110
4084.408182 16.892619
4084.817051 17.031363
4085.225920 16.871671
4085.634789 16.900428
4086.043657 16.968069
4086.452526 16.933197
4086.861395 16.816844
4087.270263 16.919076
4087.679132 16.781417
4088.088001 16.964682
4088.496870 17.051435
4088.905738 16.912717
4089.314607 16.961856
4089.723476 16.922896
4090.132344 16.758345
4090.541213 16.841564
4090.950082 16.872083
4091.358951 16.754267
4091.767819 16.719335
4092.176688 16.655546
4092.585557 16.703305
4092.994425 16.822607
4093.403294 16.831589
4093.812163 16.914269
4094.221031 16.764090
4094.629900 16.797188
4095.038769 16.639322
4095.447638 16.701240
4095.856506 16.656342
4096.265375 16.597451
4096.674244 16.776541
4097.083112 16.906274
4097.491981 16.855412
4097.900850 16.780639
4098.309719 16.724180
4098.718587 16.787727
4099.127456 16.766269
4099.536325 16.600358
4099.945193 16.522799
4100.354062 16.759163
4100.762931 16.984031
4101.171800 16.832248
4101.580668 16.669974
4101.989537 16.530695
4102.398406 16.334912
4102.807274 16.305692
4103.216143 16.375573
4103.625012 16.378763
4104.033881 16.518921
4104.442749 16.573212
4104.851618 16.340360
4105.260487 16.523225
4105.669355 16.547514
4106.078224 16.301317
4106.487093 16.347977
4106.895962 16.222294
4107.304830 16.186877
4107.713699 16.394005
4108.122568 16.546848
4108.531436 16.684463
4108.940305 16.519018
4109.349174 16.256697
4109.758043 16.264500
4110.166911 16.204482
4110.575780 16.298016
4110.984649 16.388723
4111.393517 16.401382
4111.802386 16.320910
4112.211255 16.269730
4112.620124 16.444725
4113.028992 16.573731
4113.437861 16.370115
4113.846730 16.320013
4114.255598 16.370168
4114.664467 16.237320
4115.073336 16.284154
4115.482205 16.111503
4115.891073 15.968150
4116.299942 15.829145
4116.708811 15.760101
4117.117679 15.814663
4117.526548 15.878787
4117.935417 15.937886
4118.344286 16.010782
4118.753154 15.931866
4119.162023 15.957905
4119.570892 16.055170
4119.979760 16.110825
4120.388629 16.048163
4120.797498 15.931299
4121.206367 15.857968
4121.615235 15.874492
4122.024104 15.903472
4122.432973 15.876026
4122.841841 15.918743
4123.250710 15.961464
4123.659579 15.962876
4124.068448 15.966938
4124.477316 15.974452
4124.886185 15.778169
4125.295054 15.775809
4125.703922 15.759735
4126.112791 15.830052
4126.521660 16.066520
4126.930529 16.044018
4127.339397 15.950714
4127.748266 16.004975
4128.157135 16.065912
4128.566003 16.140964
4128.974872 15.971174
4129.383741 15.708496
4129.792610 15.593029
4130.201478 15.421405
4130.610347 15.819908
4131.019216 16.152009
4131.428084 16.058069
4131.836953 16.314964
4132.245822 16.072879
4132.654691 15.771022
4133.063559 15.463137
4133.472428 15.561401
4133.881297 15.839869
4134.290165 15.784087
4134.699034 16.044062
4135.107903 15.926023
4135.516772 15.894360
4135.925640 15.892363
4136.334509 15.873642
4136.743378 16.032032
4137.152246 15.708152
4137.561115 15.540952
4137.969984 15.483419
4138.378853 15.617305
4138.787721 15.328168
4139.196590 15.247943
4139.605459 15.410225
4140.014327 15.526566
4140.423196 15.516311
4140.832065 15.493294
4141.240934 15.335211
4141.649802 15.459935
4142.058671 15.496518
4142.467540 15.747304
4142.876408 15.623086
4143.285277 15.506272
4143.694146 15.510320
4144.103015 15.699259
4144.511883 15.511594
4144.920752 15.542198
4145.329621 15.658717
4145.738489 15.630054
4146.147358 15.724441
4146.556227 15.740812
4146.965096 15.423453
4147.373964 15.408556
4147.782833 15.452976
4148.191702 15.515525
4148.600570 15.475298
4149.009439 15.445175
4149.418308 15.471582
4149.827177 15.345602
4150.236045 15.331525
4150.644914 15.384055
4151.053783 15.478314
4151.462651 15.606882
4151.871520 15.487254
4152.280389 15.400438
4152.689258 15.369330
4153.098126 15.236682
4153.506995 15.411762
4153.915864 15.443452
4154.324732 15.470849
4154.733601 15.500873
4155.142470 15.560149
4155.551339 15.588256
4155.960207 15.570265
4156.369076 15.442152
4156.777945 15.405595
4157.186813 15.439271
4157.595682 15.554944
4158.004551 15.664274
4158.413420 15.447575
4158.822288 15.270422
4159.231157 16.106427
4159.640026 16.473291
4160.048894 16.708324
4160.457763 16.739132
4160.866632 16.496370
4161.275500 16.236375
4161.684369 15.836403
4162.093238 15.528842
4162.502107 15.391098
4162.910975 15.644475
4163.319844 15.986725
4163.728713 15.824423
4164.137581 15.699881
4164.546450 15.567560
4164.955319 15.639332
4165.364188 15.524417
4165.773056 15.500321
4166.181925 15.337512
4166.590794 15.352385
4166.999662 15.520056
4167.408531 15.688535
4167.817400 15.697275
4168.226269 15.717563
4168.635137 15.762611
4169.044006 15.872705
4169.452875 15.829687
4169.861743 15.673531
4170.270612 15.719155
4170.679481 15.690300
4171.088350 15.523219
4171.497218 15.551734
4171.906087 15.712881
4172.314956 15.724407
4172.723824 15.891296
4173.132693 16.046092
4173.541562 15.975739
4173.950431 15.849007
4174.359299 15.697800
4174.768168 15.703448
4175.177037 15.772416
4175.585905 15.794645
4175.994774 15.851639
4176.403643 15.728036
4176.812512 15.670865
4177.221380 15.736197
4177.630249 15.918482
4178.039118 15.875862
4178.447986 15.730535
4178.856855 15.579062
4179.265724 15.628911
4179.674593 15.520547
4180.083461 15.559347
4180.492330 15.647603
4180.901199 15.675375
4181.310067 15.732945
4181.718936 15.565185
4182.127805 15.480641
4182.536674 15.472889
4182.945542 15.483570
4183.354411 15.428812
4183.763280 15.541404
4184.172148 15.490147
4184.581017 15.552847
4184.989886 15.513315
4185.398755 15.400727
4185.807623 15.274995
4186.216492 15.715404
4186.625361 15.542428
4187.034229 15.718151
4187.443098 15.373353
4187.851967 14.874054
4188.260836 14.891882
4188.669704 14.916234
4189.078573 15.149088
4189.487442 15.289969
4189.896310 15.224817
4190.305179 15.314263
4190.714048 15.162926
4191.122917 15.158103
4191.531785 15.211716
4191.940654 15.271895
4192.349523 15.372283
4192.758391 15.305421
4193.167260 15.098768
4193.576129 15.147100
4193.984998 15.187777
4194.393866 15.189082
4194.802735 15.143654
4195.211604 15.121005
4195.620472 15.069364
4196.029341 15.089135
4196.438210 15.144709
4196.847079 14.974705
4197.255947 15.123492
4197.664816 15.315418
4198.073685 15.214194
4198.482553 15.247040
4198.891422 14.949215
4199.300291 14.914887
4199.709160 14.960086
4200.118028 15.038316
4200.526897 15.016077
4200.935766 15.055982
4201.344634 15.419666
4201.753503 15.601608
4202.162372 15.665821
4202.571241 16.263981
4202.980109 16.405838
4203.388978 16.199471
4203.797847 15.431032
4204.206715 14.802194
4204.615584 14.677858
4205.024453 14.944741
4205.433322 14.966560
4205.842190 15.086202
4206.251059 15.042487
4206.659928 15.035179
4207.068796 14.964656
4207.477665 14.991254
4207.886534 14.822970
4208.295403 14.911835
4208.704271 15.123605
4209.113140 15.211966
4209.522009 15.204044
4209.930877 15.284006
4210.339746 15.154200
4210.748615 15.114913
4211.157484 15.171497
4211.566352 15.131860
4211.975221 15.120284
4212.384090 14.966629
4212.792958 15.048179
4213.201827 15.159810
4213.610696 15.506696
4214.019565 15.420815
4214.428433 15.053728
4214.837302 15.122425
4215.246171 15.255447
4215.655039 15.231454
4216.063908 15.293361
4216.472777 15.300123
4216.881646 15.309037
4217.290514 15.255182
4217.699383 15.438213
4218.108252 15.182766
4218.517120 15.190389
4218.925989 15.362365
4219.334858 15.515089
4219.743727 15.754831
4220.152595 16.083855
4220.561464 15.656606
4220.970333 15.381623
4221.379201 14.975517
4221.788070 14.700614
4222.196939 15.208979
4222.605808 15.300594
4223.014676 15.668671
4223.423545 15.595683
4223.832414 15.802418
4224.241282 15.798027
4224.650151 15.696489
4225.059020 15.671289
4225.467889 15.629357
4225.876757 15.531977
4226.285626 15.380150
4226.694495 15.414430
4227.103363 15.542851
4227.512232 15.665278
4227.921101 15.608415
4228.329970 15.746056
4228.738838 15.818529
4229.147707 15.825402
4229.556576 15.837807
4229.965444 15.857527
4230.374313 15.823599
4230.783182 15.797814
4231.192050 15.949470
4231.600919 16.042366
4232.009788 16.032696
4232.418657 15.973620
4232.827525 15.954085
4233.236394 15.860109
4233.645263 16.142729
4234.054131 16.360448
4234.463000 16.224247
4234.871869 16.301517
4235.280738 16.126356
4235.689606 16.071277
4236.098475 15.805171
4236.507344 15.988537
4236.916212 16.075456
4237.325081 16.083225
4237.733950 15.910449
4238.142819 16.074523
4238.551687 15.904502
4238.960556 15.983558
4239.369425 16.115376
4239.778293 16.128277
4240.187162 16.132103
4240.596031 16.150207
4241.004900 16.054966
4241.413768 16.038768
4241.822637 16.139685
4242.231506 16.128311
4242.640374 15.892821
4243.049243 16.046208
4243.458112 15.963781
4243.866981 16.137758
4244.275849 15.985408
4244.684718 15.942499
4245.093587 15.986564
4245.502455 15.904244
4245.911324 15.945333
4246.320193 15.835809
4246.729062 15.750716
4247.137930 15.730792
4247.546799 15.672529
4247.955668 15.622819
4248.364536 15.826990
4248.773405 16.057170
4249.182274 15.885000
4249.591143 15.851997
4250.000011 15.800620
4250.408880 15.717642
4250.817749 15.647133
4251.226617 15.596477
4251.635486 15.504254
4252.044355 15.558297
4252.453224 15.722421
4252.862092 15.831717
4253.270961 15.757810
4253.679830 15.570863
4254.088698 15.645297
4254.497567 15.654580
4254.906436 15.703214
4255.315305 15.710380
4255.724173 15.605104
4256.133042 15.666217
4256.541911 15.456796
4256.950779 15.392924
4257.359648 15.414586
4257.768517 15.511118
4258.177386 15.742533
4258.586254 15.779520
4258.995123 15.737762
4259.403992 15.571899
4259.812860 15.665799
4260.221729 15.961605
4260.630598 15.961698
4261.039467 15.998136
4261.448335 16.044493
4261.857204 16.092375
4262.266073 16.192017
4262.674941 16.120985
4263.083810 16.045707
4263.492679 16.124348
4263.901548 15.991096
4264.310416 15.981649
4264.719285 15.903236
4265.128154 15.908768
4265.537022 15.840142
4265.945891 15.865855
4266.354760 15.890991
4266.763629 15.894665
4267.172497 15.946424
4267.581366 15.932517
4267.990235 16.045087
4268.399103 15.985473
4268.807972 15.962759
4269.216841 15.904630
4269.625710 15.882275
4270.034578 15.973109
4270.443447 16.176791
4270.852316 15.982546
4271.261184 15.844361
4271.670053 15.912261
4272.078922 16.054964
4272.487791 16.076218
4272.896659 16.110328
4273.305528 16.201798
4273.714397 16.156885
4274.123265 16.218123
4274.532134 16.139699
4274.941003 16.181162
4275.349872 16.244648
4275.758740 16.104908
4276.167609 16.171194
4276.576478 16.187818
4276.985346 16.322966
4277.394215 16.306322
4277.803084 16.303292
4278.211953 16.249627
4278.620821 16.332917
4279.029690 16.390650
4279.438559 16.404319
4279.847427 16.569469
4280.256296 16.418506
4280.665165 16.518212
4281.074034 16.649326
4281.482902 16.665300
4281.891771 16.451146
4282.300640 16.411693
4282.709508 16.337746
4283.118377 16.434504
4283.527246 16.490979
4283.936115 16.577064
4284.344983 16.602222
4284.753852 16.580989
4285.162721 16.705108
4285.571589 16.760054
4285.980458 16.766053
4286.389327 16.655833
4286.798196 16.669099
4287.207064 16.742251
4287.615933 16.538461
4288.024802 16.544630
4288.433670 16.753899
4288.842539 16.864464
4289.251408 17.047014
4289.660277 16.957539
4290.069145 16.888751
4290.478014 16.833088
4290.886883 16.821353
4291.295751 16.829923
4291.704620 16.742794
4292.113489 16.743523
4292.522358 16.878585
4292.931226 17.086353
4293.340095 17.016884
4293.748964 17.020965
4294.157832 17.139247
4294.566701 17.209698
4294.975570 17.219630
4295.384439 17.143454
4295.793307 17.279966
4296.202176 17.405238
4296.611045 17.428146
4297.019913 17.311358
4297.428782 17.507359
4297.837651 17.447428
4298.246519 17.477312
4298.655388 17.321138
4299.064257 17.257644
4299.473126 17.318589
4299.881994 17.458493
4300.290863 17.508219
4300.699732 17.389601
4301.108600 17.196241
4301.517469 17.702872
4301.926338 17.723562
4302.335207 17.868798
4302.744075 17.742750
4303.152944 17.408433
4303.561813 17.469069
4303.970681 17.066578
4304.379550 17.402796
4304.788419 17.368342
4305.197288 17.434837
4305.606156 17.486584
4306.015025 17.604846
4306.423894 17.483142
4306.832762 17.482823
4307.241631 17.366124
4307.650500 17.625400
4308.059369 17.763579
4308.468237 17.636302
4308.877106 17.604280
4309.285975 17.611776
4309.694843 17.552134
4310.103712 17.567045
4310.512581 17.685061
4310.921450 17.778940
4311.330318 17.891724
4311.739187 17.951187
4312.148056 17.965627
4312.556924 17.968172
4312.965793 18.064613
4313.374662 17.945834
4313.783531 18.014511
4314.192399 18.193876
4314.601268 18.170560
4315.010137 18.239316
4315.419005 17.876900
4315.827874 17.597905
4316.236743 17.780585
4316.645612 18.067322
4317.054480 18.072087
4317.463349 18.243903
4317.872218 18.384853
4318.281086 18.046149
4318.689955 17.790589
4319.098824 17.872402
4319.507693 18.262896
4319.916561 18.625550
4320.325430 18.282035
4320.734299 18.155220
4321.143167 18.257347
4321.552036 18.136037
4321.960905 17.880023
4322.369774 18.102975
4322.778642 18.162597
4323.187511 18.354231
4323.596380 18.495540
4324.005248 18.456190
4324.414117 18.430149
4324.822986 18.476020
4325.231855 18.367471
4325.640723 18.554198
4326.049592 18.625144
4326.458461 18.318931
4326.867329 18.329723
4327.276198 18.496211
4327.685067 18.852433
4328.093936 18.793912
4328.502804 18.877274
4328.911673 18.761632
4329.320542 18.715834
4329.729410 18.559281
4330.138279 18.574802
4330.547148 18.565261
4330.956017 18.597685
4331.364885 18.659802
4331.773754 18.838746
4332.182623 18.709227
4332.591491 18.695928
4333.000360 18.670622
4333.409229 18.743832
4333.818098 18.670517
4334.226966 18.576137
4334.635835 18.633830
4335.044704 18.427691
4335.453572 18.439116
4335.862441 18.562325
4336.271310 18.667031
4336.680179 19.021514
4337.089047 19.024178
4337.497916 19.060363
4337.906785 19.092746
4338.315653 19.024300
4338.724522 18.889656
4339.133391 18.783703
4339.542260 18.825829
4339.951128 18.725629
4340.359997 18.622025
4340.768866 18.454473
4341.177734 18.336853
4341.586603 18.357994
4341.995472 18.250839
4342.404341 18.253102
4342.813209 18.392728
4343.222078 18.212980
4343.630947 18.208150
4344.039815 18.141325
4344.448684 18.153956
4344.857553 18.306159
4345.266422 18.261199
4345.675290 18.178029
4346.084159 18.247131
4346.493028 18.351651
4346.901896 18.346549
4347.310765 18.309780
4347.719634 18.366639
4348.128503 18.181633
4348.537371 18.224724
4348.946240 18.121742
4349.355109 18.045046
4349.763977 18.113923
4350.172846 18.070269
4350.581715 18.209722
4350.990584 18.159798
4351.399452 18.083010
4351.808321 17.998136
4352.217190 18.004383
4352.626058 17.991143
4353.034927 17.899733
4353.443796 17.751605
4353.852665 17.645258
4354.261533 17.576102
4354.670402 17.714749
4355.079271 17.638334
4355.488139 17.533761
4355.897008 17.567382
4356.305877 17.564989
4356.714746 17.600737
4357.123614 17.484323
4357.532483 17.357679
4357.941352 17.407128
4358.350220 17.527752
4358.759089 17.544693
4359.167958 17.441012
4359.576827 17.333910
4359.985695 17.292448
4360.394564 17.333922
4360.803433 17.353124
4361.212301 17.197717
4361.621170 17.166047
4362.030039 17.115778
4362.438908 17.144454
4362.847776 16.983368
4363.256645 16.949231
4363.665514 16.877074
4364.074382 16.887289
4364.483251 16.880019
4364.892120 16.764298
4365.300989 16.924344
4365.709857 16.963308
4366.118726 17.153178
4366.527595 16.839059
4366.936463 16.877003
4367.345332 16.764805
4367.754201 16.725481
4368.163069 16.237528
4368.571938 16.037049
4368.980807 16.163997
4369.389676 16.444113
4369.798544 16.275482
4370.207413 16.772307
4370.616282 17.278888
4371.025150 17.370394
4371.434019 16.990537
4371.842888 16.238419
4372.251757 15.640847
4372.660625 15.637114
4373.069494 15.603044
4373.478363 16.604135
4373.887231 16.555132
4374.296100 16.634583
4374.704969 16.484035
4375.113838 16.481898
4375.522706 16.539497
4375.931575 16.311778
4376.340444 16.227861
4376.749312 15.974187
4377.158181 15.567744
4377.567050 15.868005
4377.975919 15.882261
4378.384787 15.850754
4378.793656 15.914150
4379.202525 15.978217
4379.611393 16.175151
4380.020262 16.210762
4380.429131 16.221914
4380.838000 16.153756
4381.246868 16.124748
4381.655737 16.226669
4382.064606 16.261543
4382.473474 16.329634
4382.882343 16.444515
4383.291212 16.265843
4383.700081 16.132668
4384.108949 16.073824
4384.517818 16.083053
4384.926687 16.084029
4385.335555 16.026909
4385.744424 16.005866
4386.153293 16.024441
4386.562162 16.132902
4386.971030 16.052372
4387.379899 16.057152
4387.788768 15.904925
4388.197636 15.938417
4388.606505 15.980568
4389.015374 15.958085
4389.424243 15.839685
4389.833111 15.795589
4390.241980 15.696304
4390.650849 15.797338
4391.059717 15.835987
4391.468586 15.849753
4391.877455 15.720096
4392.286324 15.725829
4392.695192 15.793589
4393.104061 15.861858
4393.512930 15.914430
4393.921798 15.863460
4394.330667 15.851623
4394.739536 15.725247
4395.148405 15.715840
4395.557273 15.537183
4395.966142 15.573412
4396.375011 15.517078
4396.783879 15.625267
4397.192748 15.830771
4397.601617 15.618975
4398.010486 15.660107
4398.419354 15.778500
4398.828223 15.556509
4399.237092 15.693645
4399.645960 16.106833
4400.054829 16.629353
4400.463698 16.371376
4400.872567 15.323675
4401.281435 15.698923
4401.690304 15.353489
4402.099173 14.529250
4402.508041 14.956234
4402.916910 15.227315
4403.325779 15.211736
4403.734648 15.525772
4404.143516 15.672234
4404.552385 15.814741
4404.961254 15.539536
4405.370122 15.603331
4405.778991 15.815634
4406.187860 15.606052
4406.596729 15.754602
4407.005597 15.762488
4407.414466 15.492718
4407.823335 15.576395
4408.232203 15.576759
4408.641072 15.565401
4409.049941 15.589688
4409.458810 15.584325
4409.867678 15.437096
4410.276547 15.389632
4410.685416 15.414271
4411.094284 15.623183
4411.503153 15.633947
4411.912022 15.445171
4412.320891 14.980191
4412.729759 14.966847
4413.138628 14.955606
4413.547497 15.112273
4413.956365 15.316549
4414.365234 15.632212
4414.774103 15.756620
4415.182972 15.418282
4415.591840 15.322185
4416.000709 15.329216
4416.409578 15.313172
4416.818446 15.325178
4417.227315 15.293460
4417.636184 15.337983
4418.045053 15.271428
4418.453921 15.299283
4418.862790 15.262894
4419.271659 15.170636
4419.680527 15.274723
4420.089396 15.634431
4420.498265 15.819626
4420.907134 15.591096
4421.316002 15.289904
4421.724871 15.395475
4422.133740 15.242402
4422.542608 15.610728
4422.951477 15.533393
4423.360346 15.501224
4423.769215 15.433238
4424.178083 15.132737
4424.586952 14.868960
4424.995821 15.014218
4425.404689 15.116652
4425.813558 15.157362
4426.222427 15.010899
4426.631296 15.058939
4427.040164 14.913434
4427.449033 14.775105
4427.857902 14.698362
4428.266770 14.630917
4428.675639 14.562520
4429.084508 14.818137
4429.493377 14.887341
4429.902245 15.000491
4430.311114 15.146898
4430.719983 15.222928
4431.128851 15.543586
4431.537720 15.814089
4431.946589 15.556919
4432.355458 15.201931
4432.764326 15.011817
4433.173195 14.970604
4433.582064 14.971749
4433.990932 14.862153
4434.399801 14.737726
4434.808670 14.762284
4435.217538 14.789979
4435.626407 14.725287
4436.035276 14.610021
4436.444145 14.810500
4436.853013 14.845297
4437.261882 14.841905
4437.670751 14.779455
4438.079619 14.648266
4438.488488 14.767413
4438.897357 15.249104
4439.306226 15.325748
4439.715094 15.359424
4440.123963 15.404531
4440.532832 15.262314
4440.941700 15.362062
4441.350569 15.198596
4441.759438 15.016367
4442.168307 15.048987
4442.577175 14.978332
4442.986044 14.806165
4443.394913 14.914840
4443.803781 15.125326
4444.212650 15.140219
4444.621519 14.980150
4445.030388 15.127661
4445.439256 15.000226
4445.848125 14.484588
4446.256994 14.595744
4446.665862 14.602818
4447.074731 14.678395
4447.483600 14.939065
4447.892469 14.857125
4448.301337 14.927651
4448.710206 15.057812
4449.119075 15.239477
4449.527943 15.189321
4449.936812 15.529424
4450.345681 15.243921
4450.754550 15.111730
4451.163418 15.083853
4451.572287 15.078344
4451.981156 14.945097
4452.390024 15.014459
4452.798893 15.119545
4453.207762 15.162094
4453.616631 15.022041
4454.025499 14.872780
4454.434368 14.765619
4454.843237 14.872226
4455.252105 14.760111
4455.660974 14.877341
4456.069843 14.875484
4456.478712 14.755923
4456.887580 14.752649
4457.296449 14.851110
4457.705318 15.041138
4458.114186 15.069843
4458.523055 15.016016
4458.931924 15.518474
4459.340793 15.486465
4459.749661 15.234294
4460.158530 14.839483
4460.567399 14.876038
4460.976267 15.201248
4461.385136 15.119838
4461.794005 15.105001
4462.202874 15.043901
4462.611742 15.069556
4463.020611 15.175410
4463.429480 15.172804
4463.838348 15.155624
4464.247217 15.009934
4464.656086 14.954471
4465.064955 14.925815
4465.473823 14.703496
4465.882692 15.094393
4466.291561 14.877640
4466.700429 14.991209
4467.109298 14.987339
4467.518167 14.496984
4467.927036 15.142010
4468.335904 15.102426
4468.744773 15.210067
4469.153642 14.996255
4469.562510 15.122595
4469.971379 14.996023
4470.380248 15.051203
4470.789117 15.066469
4471.197985 15.137516
4471.606854 15.346189
4472.015723 15.293561
4472.424591 15.177153
4472.833460 15.117606
4473.242329 15.117701
4473.651198 15.050397
4474.060066 15.154948
4474.468935 15.243539
4474.877804 15.259472
4475.286672 15.372929
4475.695541 15.512344
4476.104410 15.490949
4476.513279 15.340390
4476.922147 15.235536
4477.331016 15.274248
4477.739885 14.810017
4478.148753 14.934759
4478.557622 15.088911
4478.966491 15.155580
4479.375360 15.506413
4479.784228 15.602602
4480.193097 15.391088
4480.601966 15.052621
4481.010834 14.825520
4481.419703 14.624504
4481.828572 14.418238
4482.237441 14.343323
4482.646309 14.310388
4483.055178 14.413358
4483.464047 14.694615
4483.872915 15.140928
4484.281784 15.611475
4484.690653 16.216672
4485.099522 16.980530
4485.508390 16.956566
4485.917259 17.125279
4486.326128 17.019474
4486.734996 16.558986
4487.143865 16.136601
4487.552734 15.578003
4487.961603 15.138025
4488.370471 14.701285
4488.779340 14.552807
4489.188209 14.675597
4489.597077 15.171436
4490.005946 15.090615
4490.414815 15.310928
4490.823684 15.276282
4491.232552 15.180579
4491.641421 15.280241
4492.050290 15.262379
4492.459158 15.198497
4492.868027 15.183740
4493.276896 15.191171
4493.685765 15.028947
4494.094633 15.032187
4494.503502 15.057067
4494.912371 14.833708
4495.321239 14.448997
4495.730108 14.362801
4496.138977 14.283770
4496.547846 14.274070
4496.956714 14.595055
4497.365583 14.995411
4497.774452 15.148627
4498.183320 14.995267
4498.592189 14.985628
4499.001058 14.694084
4499.409927 14.212792
4499.818795 14.113826
4500.227664 14.174658
4500.636533 14.223978
4501.045401 14.660967
4501.454270 14.948015
4501.863139 15.215113
4502.272007 15.595047
4502.680876 15.639382
4503.089745 15.534852
4503.498614 15.533591
4503.907482 15.666174
4504.316351 15.877880
4504.725220 16.002375
4505.134088 16.153057
4505.542957 16.399723
4505.951826 16.578989
4506.360695 16.382974
4506.769563 16.031042
4507.178432 16.121775
4507.587301 16.091318
4507.996169 16.059402
4508.405038 15.980037
4508.813907 15.798750
4509.222776 15.874896
4509.631644 15.919224
4510.040513 15.906971
4510.449382 16.055412
4510.858250 16.347468
4511.267119 16.187777
4511.675988 16.197602
4512.084857 16.128000
4512.493725 16.124853
4512.902594 16.066722
4513.311463 16.065797
4513.720331 16.412972
4514.129200 16.404246
4514.538069 16.239263
4514.946938 16.260244
4515.355806 16.442018
4515.764675 16.383562
4516.173544 16.444224
4516.582412 16.339281
4516.991281 16.275206
4517.400150 16.375100
4517.809019 16.340087
4518.217887 16.205999
4518.626756 16.277371
4519.035625 16.223576
4519.444493 16.283659
4519.853362 16.394859
4520.262231 16.490385
4520.671100 16.270937
4521.079968 16.182477
4521.488837 16.187759
4521.897706 16.021581
4522.306574 15.903711
4522.715443 16.037536
4523.124312 16.080621
4523.533181 16.242190
4523.942049 16.251827
4524.350918 16.229816
4524.759787 16.191648
4525.168655 15.994522
4525.577524 15.942537
4525.986393 15.990894
4526.395262 15.961387
4526.804130 16.008898
4527.212999 15.989949
4527.621868 15.832519
4528.030736 16.066023
4528.439605 16.293399
4528.848474 16.360490
4529.257343 16.216476
4529.666211 16.094185
4530.075080 16.022223
4530.483949 16.093203
4530.892817 16.069669
4531.301686 16.191831
4531.710555 16.191973
4532.119424 16.112917
4532.528292 16.080801
4532.937161 16.012711
4533.346030 15.961826
4533.754898 16.002343
4534.163767 15.947115
4534.572636 15.814440
4534.981505 16.026732
4535.390373 16.186091
4535.799242 16.286254
4536.208111 16.242895
4536.616979 16.319551
4537.025848 16.245684
4537.434717 16.229907
4537.843586 16.238132
4538.252454 16.223150
4538.661323 16.258006
4539.070192 16.162862
4539.479060 16.184727
4539.887929 16.432717
4540.296798 16.261809
4540.705667 16.140160
4541.114535 16.171418
4541.523404 16.186224
4541.932273 15.999649
4542.341141 16.080801
4542.750010 16.155580
4543.158879 16.134732
4543.567748 16.093819
4543.976616 16.155396
4544.385485 16.303095
4544.794354 16.394863
4545.203222 16.422728
4545.612091 16.319918
4546.020960 16.052966
4546.429829 15.873545
4546.838697 15.950965
4547.247566 16.080554
4547.656435 16.151599
4548.065303 16.156810
4548.474172 16.138352
4548.883041 15.972218
4549.291910 15.995609
4549.700778 15.953281
4550.109647 16.061862
4550.518516 16.107017
4550.927384 16.094366
4551.336253 16.154920
4551.745122 16.157271
4552.153991 16.097778
4552.562859 15.911681
4552.971728 15.917238
4553.380597 16.147904
4553.789465 16.070065
4554.198334 16.107155
4554.607203 16.195475
4555.016072 16.066338
4555.424940 16.104016
4555.833809 15.977510
4556.242678 16.106074
4556.651546 16.146250
4557.060415 16.081409
4557.469284 16.214927
4557.878153 16.148425
4558.287021 16.159687
4558.695890 16.310712
4559.104759 16.151623
4559.513627 16.067188
4559.922496 16.108506
4560.331365 16.204345
4560.740234 16.066132
4561.149102 16.045080
4561.557971 16.099121
4561.966840 16.120444
4562.375708 16.101022
4562.784577 16.114014
4563.193446 16.209580
4563.602315 16.155897
4564.011183 16.071442
4564.420052 16.119993
4564.828921 16.116068
4565.237789 16.125526
4565.646658 16.086808
4566.055527 16.130373
4566.464396 16.209734
4566.873264 16.286408
4567.282133 16.484519
4567.691002 16.353374
4568.099870 16.068631
4568.508739 15.822946
4568.917608 15.931066
4569.326477 16.162660
4569.735345 16.194799
4570.144214 16.006591
4570.553083 15.842313
4570.961951 15.752665
4571.370820 15.716800
4571.779689 15.783726
4572.188557 15.910178
4572.597426 15.875731
4573.006295 15.931216
4573.415164 15.953281
4573.824032 15.926895
4574.232901 15.955394
4574.641770 16.059476
4575.050638 15.809106
4575.459507 15.955784
4575.868376 15.815234
4576.277245 15.780358
4576.686113 15.898788
4577.094982 15.995132
4577.503851 15.898721
4577.912719 15.772996
4578.321588 15.812467
4578.730457 15.800097
4579.139326 15.748175
4579.548194 15.836253
4579.957063 15.866112
4580.365932 15.762864
4580.774800 15.802957
4581.183669 15.936496
4581.592538 15.991090
4582.001407 16.039768
4582.410275 16.022562
4582.819144 15.834535
4583.228013 15.951362
4583.636881 16.030499
4584.045750 16.041503
4584.454619 15.953110
4584.863488 15.896128
4585.272356 15.871990
4585.681225 15.838597
4586.090094 15.863280
4586.498962 15.786588
4586.907831 15.699117
4587.316700 15.636530
4587.725569 15.683364
4588.134437 15.773440
4588.543306 15.870519
4588.952175 15.892165
4589.361043 15.942513
4589.769912 15.797495
4590.178781 15.629808
4590.587650 15.427121
4590.996518 15.551096
4591.405387 15.586576
4591.814256 15.671246
4592.223124 15.627693
4592.631993 15.658204
4593.040862 15.435672
4593.449731 15.473630
4593.858599 15.444414
4594.267468 15.431565
4594.676337 15.331373
4595.085205 15.158664
4595.494074 15.264209
4595.902943 15.262838
4596.311812 15.537255
4596.720680 15.576325
4597.129549 15.692839
4597.538418 15.754152
4597.947286 15.884479
4598.356155 16.002933
4598.765024 16.039681
4599.173893 15.999208
4599.582761 15.797522
4599.991630 15.856792
4600.400499 15.765791
4600.809367 15.903349
4601.218236 15.828392
4601.627105 15.759763
4602.035974 15.773511
4602.444842 15.691539
4602.853711 15.674894
4603.262580 15.543747
4603.671448 15.559149
4604.080317 15.422989
4604.489186 15.362379
4604.898055 15.207538
4605.306923 15.093651
4605.715792 14.978371
4606.124661 14.994112
4606.533529 15.007352
4606.942398 15.054130
4607.351267 14.928796
4607.760136 14.924552
4608.169004 15.152423
4608.577873 15.198655
4608.986742 15.008869
4609.395610 14.866445
4609.804479 14.808902
4610.213348 14.825069
4610.622217 14.827853
4611.031085 14.934367
4611.439954 15.024073
4611.848823 15.212412
4612.257691 15.192864
4612.666560 15.054780
4613.075429 15.017658
4613.484298 15.082057
4613.893166 15.010247
4614.302035 15.140013
4614.710904 15.269907
4615.119772 15.298461
4615.528641 15.144398
4615.937510 15.034147
4616.346379 14.978565
4616.755247 14.778880
4617.164116 14.654487
4617.572985 14.693294
4617.981853 14.734462
4618.390722 14.873220
4618.799591 14.935542
4619.208460 14.932795
4619.617328 15.028998
4620.026197 14.955808
4620.435066 14.902848
4620.843934 15.046494
4621.252803 15.058054
4621.661672 15.100673
4622.070541 15.064001
4622.479409 15.021197
4622.888278 15.221043
4623.297147 15.062924
4623.706015 14.975462
4624.114884 14.931769
4624.523753 14.801862
4624.932622 14.830771
4625.341490 14.948167
4625.750359 14.838924
4626.159228 14.866801
4626.568096 14.765486
4626.976965 14.698105
4627.385834 14.949425
4627.794703 14.970772
4628.203571 15.057244
4628.612440 15.147914
4629.021309 15.061773
4629.430177 14.613376
4629.839046 14.554150
4630.247915 14.571259
4630.656784 14.625986
4631.065652 14.647278
4631.474521 14.663706
4631.883390 14.537540
4632.292258 14.679088
4632.701127 14.613487
4633.109996 14.641727
4633.518865 14.661090
4633.927733 14.565233
4634.336602 14.410021
4634.745471 14.344064
4635.154339 14.367651
4635.563208 14.434201
4635.972077 14.564286
4636.380946 14.656539
4636.789814 14.581370
4637.198683 14.419890
4637.607552 14.474086
4638.016420 14.420892
4638.425289 14.445204
4638.834158 14.837457
4639.243026 15.193017
4639.651895 15.222233
4640.060764 14.516668
4640.469633 13.972434
4640.878501 13.412976
4641.287370 13.167104
4641.696239 13.021359
4642.105107 14.438463
4642.513976 14.933149
4642.922845 15.300596
4643.331714 14.953267
4643.740582 14.859507
4644.149451 14.623653
4644.558320 14.706078
4644.967188 14.056612
4645.376057 13.644024
4645.784926 13.141796
4646.193795 13.277460
4646.602663 14.098639
4647.011532 14.584903
4647.420401 15.311774
4647.829269 14.802424
4648.238138 14.376551
4648.647007 13.838546
4649.055876 12.038904
4649.464744 12.485321
4649.873613 13.539508
4650.282482 14.242939
4650.691350 14.109770
4651.100219 14.072503
4651.509088 14.513212
4651.917957 14.331600
4652.326825 14.139136
4652.735694 14.240017
4653.144563 13.896895
4653.553431 13.672705
4653.962300 13.561925
4654.371169 13.334308
4654.780038 13.389525
4655.188906 13.881494
4655.597775 13.906747
4656.006644 13.860307
4656.415512 14.294063
4656.824381 14.613311
4657.233250 14.632238
4657.642119 14.858877
4658.050987 13.781489
4658.459856 13.085663
4658.868725 12.382277
4659.277593 12.185218
4659.686462 12.255936
4660.095331 12.736936
4660.504200 13.959440
4660.913068 14.445935
4661.321937 14.377781
4661.730806 14.469033
4662.139674 14.355754
4662.548543 14.036146
4662.957412 13.759184
4663.366281 13.594651
4663.775149 13.438124
4664.184018 13.124574
4664.592887 13.143776
4665.001755 13.445024
4665.410624 13.471509
4665.819493 13.127113
4666.228362 12.965886
4666.637230 13.288870
4667.046099 13.404117
4667.454968 13.418840
4667.863836 13.857374
4668.272705 14.410411
4668.681574 14.048316
4669.090443 13.721920
4669.499311 13.086566
4669.908180 13.389054
4670.317049 13.682122
4670.725917 13.613006
4671.134786 13.219125
4671.543655 12.725758
4671.952524 12.778367
4672.361392 12.617028
4672.770261 12.860430
4673.179130 14.119195
4673.587998 15.452332
4673.996867 16.044289
4674.405736 15.307916
4674.814605 14.212445
4675.223473 14.434783
4675.632342 14.489840
4676.041211 13.903967
4676.450079 13.915091
4676.858948 13.157253
4677.267817 13.361838
4677.676686 13.507306
4678.085554 13.212784
4678.494423 13.305941
4678.903292 13.711578
4679.312160 13.798123
4679.721029 13.742432
4680.129898 13.104119
4680.538767 12.853433
4680.947635 12.882421
4681.356504 12.708770
4681.765373 12.872927
4682.174241 13.129448
4682.583110 13.270808
4682.991979 13.048488
4683.400848 12.960979
4683.809716 12.844782
4684.218585 12.829477
4684.627454 12.834977
4685.036322 12.953308
4685.445191 12.943065
4685.854060 12.880884
4686.262929 12.857903
4686.671797 12.636334
4687.080666 12.406183
4687.489535 12.701165
4687.898403 12.618927
4688.307272 12.690789
4688.716141 12.720120
4689.125010 13.060896
4689.533878 13.317523
4689.942747 13.468913
4690.351616 13.255647
4690.760484 12.936015
4691.169353 12.887103
4691.578222 12.853578
4691.987091 12.634023
4692.395959 12.603024
4692.804828 12.713469
4693.213697 12.665059
4693.622565 12.714491
4694.031434 12.838530
4694.440303 12.848024
4694.849172 12.855130
4695.258040 12.423469
4695.666909 12.247904
4696.075778 12.215592
4696.484646 11.897000
4696.893515 12.024350
4697.302384 12.381849
4697.711253 12.832807
4698.120121 12.932745
4698.528990 13.210819
4698.937859 13.366900
4699.346727 13.622049
4699.755596 13.416085
4700.164465 12.809807
4700.573334 11.859036
4700.982202 11.492353
4701.391071 11.667023
4701.799940 11.572252
4702.208808 12.433751
4702.617677 12.732531
4703.026546 12.912055
4703.435415 12.878498
4703.844283 12.921633
4704.253152 12.830058
4704.662021 13.000089
4705.070889 12.296794
4705.479758 12.475539
4705.888627 12.451415
4706.297496 12.289438
4706.706364 11.671218
4707.115233 12.267392
4707.524102 11.861393
4707.932970 11.710164
4708.341839 11.515899
4708.750708 12.286967
4709.159576 12.436029
4709.568445 13.056095
4709.977314 12.940792
4710.386183 12.808734
4710.795051 12.679508
4711.203920 12.544792
4711.612789 12.607504
4712.021657 12.566924
4712.430526 12.669291
4712.839395 12.717389
4713.248264 12.562478
4713.657132 12.182778
4714.066001 12.371311
4714.474870 12.722825
4714.883738 12.750181
4715.292607 13.934906
4715.701476 14.128578
4716.110345 14.081409
4716.519213 13.315188
4716.928082 12.491341
4717.336951 12.303248
4717.745819 11.960402
4718.154688 11.811718
4718.563557 12.371370
4718.972426 12.818113
4719.381294 12.824986
4719.790163 12.860991
4720.199032 12.668249
4720.607900 12.510354
4721.016769 12.370925
4721.425638 12.253354
4721.834507 12.363726
4722.243375 12.503808
4722.652244 12.850668
4723.061113 13.182590
4723.469981 13.407544
4723.878850 13.219931
4724.287719 13.182132
4724.696588 13.204517
4725.105456 12.733716
4725.514325 12.342422
4725.923194 12.516343
4726.332062 12.077066
4726.740931 11.691603
4727.149800 11.548629
4727.558669 11.327313
4727.967537 11.532848
4728.376406 12.350694
4728.785275 12.753215
4729.194143 12.952948
4729.603012 12.910459
4730.011881 13.020579
4730.420750 13.082582
4730.829618 12.829236
4731.238487 12.512196
4731.647356 12.812946
4732.056224 12.913752
4732.465093 12.834894
4732.873962 12.721577
4733.282831 12.421904
4733.691699 12.296021
4734.100568 12.238098
4734.509437 12.266508
4734.918305 12.416676
4735.327174 12.652055
4735.736043 12.946042
4736.144912 12.995560
4736.553780 13.504997
4736.962649 13.014267
4737.371518 13.192872
4737.780386 13.160531
4738.189255 12.410401
4738.598124 12.175644
4739.006993 12.055261
4739.415861 12.133745
4739.824730 11.997360
4740.233599 12.295354
4740.642467 12.503917
4741.051336 12.595685
4741.460205 12.698643
4741.869074 12.597883
4742.277942 12.629763
4742.686811 12.516339
4743.095680 12.382188
4743.504548 12.694282
4743.913417 12.743822
4744.322286 12.762361
4744.731155 12.850809
4745.140023 12.706724
4745.548892 12.819922
4745.957761 12.359452
4746.366629 11.948397
4746.775498 11.812239
4747.184367 11.859363
4747.593236 11.978231
4748.002104 12.163252
4748.410973 12.642990
4748.819842 12.553728
4749.228710 12.876640
4749.637579 13.065017
4750.046448 13.022074
4750.455317 12.836734
4750.864185 12.632329
4751.273054 12.605535
4751.681923 12.331280
4752.090791 12.365221
4752.499660 12.777888
4752.908529 12.920539
4753.317398 12.861555
4753.726266 12.785040
4754.135135 12.783061
4754.544004 12.642440
4754.952872 12.532228
4755.361741 12.587115
4755.770610 12.762415
4756.179479 12.798909
4756.588347 12.836405
4756.997216 12.671319
4757.406085 12.820945
4757.814953 12.562593
4758.223822 12.360783
4758.632691 12.147149
4759.041560 12.164722
4759.450428 12.082907
4759.859297 12.212499
4760.268166 12.447708
4760.677034 12.579950
4761.085903 12.923956
4761.494772 13.405656
4761.903641 13.305638
4762.312509 12.967441
4762.721378 12.555738
4763.130247 12.684935
4763.539115 12.647240
4763.947984 12.307853
4764.356853 12.808088
4764.765722 12.739978
4765.174590 12.751296
4765.583459 12.874240
4765.992328 12.668958
4766.401196 12.887915
4766.810065 13.057032
4767.218934 13.267801
4767.627803 13.111750
4768.036671 13.209758
4768.445540 13.075717
4768.854409 12.835355
4769.263277 12.908366
4769.672146 13.286640
4770.081015 12.957093
4770.489884 13.052486
4770.898752 12.593748
4771.307621 12.519044
4771.716490 12.768225
4772.125358 13.057430
4772.534227 13.403537
4772.943096 13.688095
4773.351965 13.349841
4773.760833 12.938096
4774.169702 12.886061
4774.578571 13.202749
4774.987439 13.192328
4775.396308 13.384576
4775.805177 13.353926
4776.214045 13.228636
4776.622914 13.192179
4777.031783 13.052183
4777.440652 13.021821
4777.849520 13.091120
4778.258389 13.151554
4778.667258 13.339122
4779.076126 13.334318
4779.484995 13.573382
4779.893864 13.470166
4780.302733 13.148470
4780.711601 13.063852
4781.120470 13.062013
4781.529339 12.951373
4781.938207 13.180831
4782.347076 13.362005
4782.755945 13.358307
4783.164814 13.416133
4783.573682 13.459812
4783.982551 13.493908
4784.391420 13.517959
4784.800288 13.220254
4785.209157 13.283816
4785.618026 13.242010
4786.026895 13.350110
4786.435763 13.357594
4786.844632 13.510421
4787.253501 13.551057
4787.662369 13.566627
4788.071238 13.685491
4788.480107 13.965954
4788.888976 13.888537
4789.297844 13.919367
4789.706713 14.226109
4790.115582 14.073493
4790.524450 13.916919
4790.933319 13.991789
4791.342188 13.818121
4791.751057 13.952284
4792.159925 14.102127
4792.568794 14.216664
4792.977663 14.017391
4793.386531 13.892837
4793.795400 14.053972
4794.204269 14.238827
4794.613138 14.317929
4795.022006 14.437130
4795.430875 14.585883
4795.839744 14.609669
4796.248612 14.449744
4796.657481 14.553041
4797.066350 14.341802
4797.475219 13.910045
4797.884087 13.943794
4798.292956 14.250516
4798.701825 14.746832
4799.110693 14.832577
4799.519562 14.785695
4799.928431 14.825972
4800.337300 14.653269
4800.746168 14.534246
4801.155037 14.317593
4801.563906 14.573773
4801.972774 14.583124
4802.381643 14.789587
4802.790512 14.755174
4803.199381 14.837455
4803.608249 14.921211
4804.017118 14.794942
4804.425987 14.788723
4804.834855 14.734484
4805.243724 14.729986
4805.652593 14.643234
4806.061462 14.724544
4806.470330 14.792094
4806.879199 15.176201
4807.288068 15.179237
4807.696936 15.236449
4808.105805 15.158495
4808.514674 14.997748
4808.923543 14.947824
4809.332411 14.964855
4809.741280 15.113024
4810.150149 15.256325
4810.559017 15.454015
4810.967886 15.398424
4811.376755 15.523570
4811.785624 15.562704
4812.194492 15.588268
4812.603361 15.596564
4813.012230 15.739192
4813.421098 15.899737
4813.829967 16.039170
4814.238836 16.087438
4814.647705 16.181395
4815.056573 16.182071
4815.465442 16.152350
4815.874311 16.328485
4816.283179 16.193896
4816.692048 16.070420
4817.100917 15.970317
4817.509786 16.065362
4817.918654 16.067152
4818.327523 16.331369
4818.736392 16.532915
4819.145260 16.498431
4819.554129 16.991545
4819.962998 16.946565
4820.371867 17.107587
4820.780735 17.050775
4821.189604 16.905565
4821.598473 16.749351
4822.007341 16.636900
4822.416210 17.056451
4822.825079 17.134030
4823.233948 17.231349
4823.642816 17.295631
4824.051685 17.463577
4824.460554 17.439449
4824.869422 17.412285
4825.278291 17.512641
4825.687160 17.621536
4826.096029 17.867756
4826.504897 17.525065
4826.913766 17.563023
4827.322635 17.534472
4827.731503 17.274795
4828.140372 17.198071
4828.549241 17.777848
4828.958110 18.262999
4829.366978 18.444194
4829.775847 18.310112
4830.184716 18.205555
4830.593584 18.368837
4831.002453 18.455233
4831.411322 18.139207
4831.820191 18.620361
4832.229059 18.621088
4832.637928 18.489058
4833.046797 18.503987
4833.455665 18.515186
4833.864534 18.538617
4834.273403 18.624158
4834.682272 18.663135
4835.091140 18.759626
4835.500009 18.728733
4835.908878 18.583788
4836.317746 18.492702
4836.726615 18.598972
4837.135484 18.977623
4837.544353 18.909393
4837.953221 19.095863
4838.362090 19.289717
4838.770959 19.456733
4839.179827 19.408809
4839.588696 19.460412
4839.997565 19.442188
4840.406434 19.354423
4840.815302 19.654172
4841.224171 19.518092
4841.633040 19.632191
4842.041908 19.646105
4842.450777 19.799846
4842.859646 19.894886
4843.268515 20.053813
4843.677383 20.571871
4844.086252 20.442024
4844.495121 20.095088
4844.903989 20.083764
4845.312858 20.905910
4845.721727 20.986155
4846.130595 20.685735
4846.539464 20.597711
4846.948333 20.068299
4847.357202 20.038122
4847.766070 20.370164
4848.174939 20.382063
4848.583808 20.671337
4848.992676 20.865231
4849.401545 20.847508
4849.810414 20.862999
4850.219283 21.093655
4850.628151 21.006003
4851.037020 20.925635
4851.445889 20.927156
4851.854757 20.970580
4852.263626 21.222872
4852.672495 21.194575
4853.081364 21.500901
4853.490232 21.544333
4853.899101 21.532614
4854.307970 21.346004
4854.716838 21.086903
4855.125707 21.274367
4855.534576 20.965991
4855.943445 21.298121
4856.352313 21.431690
4856.761182 21.757818
4857.170051 22.027992
4857.578919 21.953081
4857.987788 22.348179
4858.396657 22.318880
4858.805526 22.255738
4859.214394 22.249912
4859.623263 22.061573
4860.032132 21.460654
4860.441000 20.985966
4860.849869 20.968112
4861.258738 21.026974
4861.667607 20.735025
4862.076475 20.803595
4862.485344 20.938233
4862.894213 20.841816
4863.303081 20.844103
4863.711950 20.838217
4864.120819 20.884699
4864.529688 20.641247
4864.938556 20.516567
4865.347425 20.494597
4865.756294 20.430767
4866.165162 20.365423
4866.574031 20.255925
4866.982900 20.260925
4867.391769 20.175517
4867.800637 20.205779
4868.209506 20.107563
4868.618375 20.012188
4869.027243 19.983528
4869.436112 19.954578
4869.844981 19.792609
4870.253850 19.659058
4870.662718 19.570911
4871.071587 19.636124
4871.480456 19.543024
4871.889324 19.522964
4872.298193 19.525508
4872.707062 19.416668
4873.115931 19.212519
4873.524799 19.223863
4873.933668 19.057836
4874.342537 18.930472
4874.751405 18.945543
4875.160274 18.804042
4875.569143 18.667538
4875.978012 18.403349
4876.386880 18.363884
4876.795749 18.505383
4877.204618 18.364383
4877.613486 18.183501
4878.022355 18.169701
4878.431224 18.072513
4878.840093 18.204985
4879.248961 18.166288
4879.657830 18.404555
4880.066699 18.814861
4880.475567 18.398899
4880.884436 18.019215
4881.293305 17.460438
4881.702174 16.670430
4882.111042 16.159757
4882.519911 15.657459
4882.928780 15.124716
4883.337648 15.690741
4883.746517 16.219807
4884.155386 17.230743
4884.564255 17.908128
4884.973123 17.831707
4885.381992 17.945545
4885.790861 17.848967
4886.199729 17.716933
4886.608598 17.195154
4887.017467 17.143097
4887.426336 17.025752
4887.835204 17.227933
4888.244073 17.162278
4888.652942 17.076652
4889.061810 17.157911
4889.470679 17.100487
4889.879548 17.326618
4890.288417 17.362753
4890.697285 17.083190
4891.106154 17.190749
4891.515023 16.989359
4891.923891 17.000174
4892.332760 16.678682
4892.741629 16.700691
4893.150498 16.635920
4893.559366 16.777872
4893.968235 16.620169
4894.377104 16.744331
4894.785972 16.565550
4895.194841 16.443000
4895.603710 16.265542
4896.012579 16.271949
4896.421447 16.016131
4896.830316 15.766170
4897.239185 16.042719
4897.648053 16.109615
4898.056922 16.041441
4898.465791 16.153067
4898.874660 15.994441
4899.283528 16.077296
4899.692397 16.378217
4900.101266 16.310225
4900.510134 16.190666
4900.919003 15.985796
4901.327872 16.067176
4901.736741 15.968770
4902.145609 15.882174
4902.554478 15.885034
4902.963347 15.777304
4903.372215 15.760842
4903.781084 15.784162
4904.189953 15.625093
4904.598822 15.535781
4905.007690 15.295328
4905.416559 15.272412
4905.825428 15.633163
4906.234296 15.650502
4906.643165 15.537740
4907.052034 15.633009
4907.460903 15.375593
4907.869771 15.443285
4908.278640 15.893692
4908.687509 16.233706
4909.096377 16.199937
4909.505246 16.139580
4909.914115 16.348967
4910.322984 16.117731
4910.731852 15.513453
4911.140721 15.440938
4911.549590 15.495815
4911.958458 15.549563
4912.367327 15.728200
4912.776196 15.400990
4913.185064 15.624584
4913.593933 15.523617
4914.002802 15.603066
4914.411671 15.536544
4914.820539 15.569831
4915.229408 15.707241
4915.638277 15.545996
4916.047145 15.496178
4916.456014 15.332436
4916.864883 15.257881
4917.273752 15.378102
4917.682620 15.400297
4918.091489 15.566924
4918.500358 15.307791
4918.909226 15.158024
4919.318095 15.424340
4919.726964 15.810794
4920.135833 15.996613
4920.544701 16.284412
4920.953570 16.310461
4921.362439 16.495710
4921.771307 16.089125
4922.180176 15.397726
4922.589045 14.829366
4922.997914 14.510037
4923.406782 14.393655
4923.815651 14.888731
4924.224520 15.209540
4924.633388 15.157941
4925.042257 15.484562
4925.451126 15.737524
4925.859995 15.708419
4926.268863 15.794423
4926.677732 15.754219
4927.086601 15.622092
4927.495469 15.555033
4927.904338 15.363983
4928.313207 15.435605
4928.722076 15.649132
4929.130944 15.802775
4929.539813 15.767776
4929.948682 15.617121
4930.357550 15.430287
4930.766419 15.475474
4931.175288 15.567350
4931.584157 15.904351
4931.993025 15.820282
4932.401894 15.917472
4932.810763 15.922375
4933.219631 15.847100
4933.628500 15.567641
4934.037369 15.683861
4934.446238 15.380415
4934.855106 15.292860
4935.263975 15.298406
4935.672844 15.285671
4936.081712 15.619731
4936.490581 15.737999
4936.899450 15.950383
4937.308319 15.816341
4937.717187 15.725253
4938.126056 15.442081
4938.534925 15.690472
4938.943793 15.710869
4939.352662 16.036936
4939.761531 15.834765
4940.170400 15.532963
4940.579268 15.615501
4940.988137 16.047908
4941.397006 16.393607
4941.805874 16.702392
4942.214743 16.765175
4942.623612 17.081930
4943.032481 17.223750
4943.441349 16.337271
4943.850218 15.596148
4944.259087 15.560721
4944.667955 15.741960
4945.076824 15.711843
4945.485693 15.518967
4945.894562 16.103882
4946.303430 16.143190
4946.712299 16.397366
4947.121168 16.313043
4947.530036 16.360109
4947.938905 16.271903
4948.347774 16.336320
4948.756643 16.424548
4949.165511 16.454604
4949.574380 16.225829
4949.983249 16.113416
4950.392117 16.145866
4950.800986 16.178504
4951.209855 16.096316
4951.618724 15.903097
4952.027592 15.868649
4952.436461 15.936494
4952.845330 15.923231
4953.254198 15.896815
4953.663067 15.704315
4954.071936 15.791488
4954.480805 16.033720
4954.889673 16.415640
4955.298542 16.706779
4955.707411 16.317739
4956.116279 16.114380
4956.525148 15.905652
4956.934017 15.752211
4957.342886 15.989131
4957.751754 15.718882
4958.160623 16.412794
4958.569492 16.568548
4958.978360 15.836688
4959.387229 15.282901
4959.796098 14.163446
4960.204967 13.486636
4960.613835 13.538930
4961.022704 13.414444
4961.431573 14.128634
4961.840441 14.631856
4962.249310 14.369225
4962.658179 14.741069
4963.067048 15.021015
4963.475916 15.594623
4963.884785 14.927329
4964.293654 14.406696
4964.702522 14.341772
4965.111391 13.892116
4965.520260 14.322627
4965.929129 14.482207
4966.337997 14.344008
4966.746866 14.255729
4967.155735 14.727760
4967.564603 14.317624
4967.973472 14.414378
4968.382341 14.688420
4968.791210 14.449031
4969.200078 14.436482
4969.608947 14.505306
4970.017816 14.567296
4970.426684 14.581469
4970.835553 14.606145
4971.244422 14.692510
4971.653291 14.538336
4972.062159 14.262846
4972.471028 14.016543
4972.879897 14.349385
4973.288765 14.576741
4973.697634 14.915632
4974.106503 15.014341
4974.515372 14.961226
4974.924240 14.786386
4975.333109 14.787264
4975.741978 14.708698
4976.150846 14.740118
4976.559715 14.834747
4976.968584 15.181912
4977.377453 14.917868
4977.786321 15.069313
4978.195190 14.971261
4978.604059 15.017692
4979.012927 15.191866
4979.421796 15.253924
4979.830665 15.289492
4980.239533 15.227538
4980.648402 15.508672
4981.057271 15.694229
4981.466140 15.853792
4981.875008 15.989006
4982.283877 15.981310
4982.692746 16.251480
4983.101614 16.389149
4983.510483 16.398574
4983.919352 16.723972
4984.328221 16.839881
4984.737089 17.074030
4985.145958 17.270913
4985.554827 17.360082
4985.963695 17.641624
4986.372564 17.632101
4986.781433 17.933197
4987.190302 18.271089
4987.599170 18.661379
4988.008039 18.301083
4988.416908 18.196611
4988.825776 18.460725
4989.234645 18.474268
4989.643514 18.148034
4990.052383 18.951613
4990.461251 18.951544
4990.870120 19.433371
4991.278989 20.254099
4991.687857 19.479270
4992.096726 19.286378
4992.505595 18.428614
4992.914464 18.056750
4993.323332 18.707680
4993.732201 19.689759
4994.141070 19.761868
4994.549938 20.170471
4994.958807 20.539768
4995.367676 20.258384
4995.776545 20.409372
4996.185413 20.333553
4996.594282 20.260319
4997.003151 20.445099
4997.412019 20.117517
4997.820888 20.068895
4998.229757 19.804577
4998.638626 19.080663
4999.047494 19.460151
4999.456363 19.993657
4999.865232 20.604466
5000.274100 20.558214
5000.682969 20.260909
5001.091838 20.071261
5001.500707 20.049177
5001.909575 19.843721
5002.318444 19.756119
5002.727313 20.011736
5003.136181 20.266960
5003.545050 20.238623
5003.953919 20.000101
5004.362788 19.638710
5004.771656 19.344200
5005.180525 19.303321
5005.589394 18.700240
5005.998262 18.505757
5006.407131 17.960684
5006.816000 17.140338
5007.224869 16.781538
5007.633737 16.143897
5008.042606 15.857024
5008.451475 15.630923
5008.860343 15.437566
5009.269212 15.005516
5009.678081 15.082962
5010.086950 14.896762
5010.495818 14.733947
5010.904687 14.561791
5011.313556 14.119484
5011.722424 14.002682
5012.131293 13.926031
5012.540162 13.908272
5012.949031 13.784560
5013.357899 13.964706
5013.766768 13.729065
5014.175637 13.844838
5014.584505 13.941267
5014.993374 13.918290
5015.402243 13.759886
5015.811112 13.623797
5016.219980 13.469578
5016.628849 13.652685
5017.037718 14.032971
5017.446586 14.016884
5017.855455 13.724522
5018.264324 13.532523
5018.673193 13.319781
5019.082061 13.553962
5019.490930 13.541822
5019.899799 13.497871
5020.308667 13.242030
5020.717536 13.508841
5021.126405 13.867728
5021.535274 13.809071
5021.944142 13.943240
5022.353011 13.653433
5022.761880 13.569095
5023.170748 13.167294
5023.579617 12.922837
5023.988486 12.727691
5024.397355 12.959749
5024.806223 13.252621
5025.215092 13.476793
5025.623961 13.815428
5026.032829 14.219535
5026.441698 14.312736
5026.850567 13.720922
5027.259436 13.877363
5027.668304 13.865898
5028.077173 13.991369
5028.486042 13.538267
5028.894910 12.858681
5029.303779 12.988785
5029.712648 12.565526
5030.121517 12.500824
5030.530385 12.612039
5030.939254 12.610304
5031.348123 12.821668
5031.756991 12.809403
5032.165860 13.059612
5032.574729 12.958331
5032.983598 12.751946
5033.392466 12.429509
5033.801335 12.274505
5034.210204 12.098750
5034.619072 12.049534
5035.027941 12.368164
5035.436810 12.742297
5035.845679 12.845367
5036.254547 12.994789
5036.663416 13.055746
5037.072285 12.799376
5037.481153 11.921165
5037.890022 10.755885
5038.298891 10.783808
5038.707760 11.548064
5039.116628 12.116287
5039.525497 12.557210
5039.934366 11.949351
5040.343234 11.689331
5040.752103 11.773557
5041.160972 11.832612
5041.569841 11.755451
5041.978709 11.906591
5042.387578 12.002559
5042.796447 12.066740
5043.205315 11.981704
5043.614184 11.974880
5044.023053 12.235454
5044.431922 11.849466
5044.840790 11.620918
5045.249659 11.760741
5045.658528 12.313455
5046.067396 12.865288
5046.476265 13.500715
5046.885134 13.408068
5047.294003 12.451237
5047.702871 12.931070
5048.111740 11.778744
5048.520609 11.384220
5048.929477 11.105312
5049.338346 10.437080
5049.747215 11.637678
5050.156083 11.891543
5050.564952 11.674347
5050.973821 11.377466
5051.382690 11.741610
5051.791558 12.097019
5052.200427 12.246353
5052.609296 11.808033
5053.018164 11.377191
5053.427033 11.245739
5053.835902 11.472717
5054.244771 11.096449
5054.653639 11.373460
5055.062508 11.792934
5055.471377 11.444656
5055.880245 11.738180
5056.289114 11.857242
5056.697983 11.717438
5057.106852 11.776870
5057.515720 11.434258
5057.924589 11.431781
5058.333458 11.372539
5058.742326 11.521593
5059.151195 11.422051
5059.560064 11.733254
5059.968933 12.208124
5060.377801 12.167209
5060.786670 11.865920
5061.195539 11.565989
5061.604407 11.748520
5062.013276 11.671915
5062.422145 11.888707
5062.831014 11.472717
5063.239882 11.410467
5063.648751 12.107007
5064.057620 11.847593
5064.466488 11.621351
5064.875357 11.415822
5065.284226 11.326542
5065.693095 11.430545
5066.101963 11.344899
5066.510832 11.139342
5066.919701 10.997851
5067.328569 11.479651
5067.737438 11.227536
5068.146307 11.219078
5068.555176 11.290001
5068.964044 11.747117
5069.372913 11.420351
5069.781782 11.658957
5070.190650 11.619015
5070.599519 11.885184
5071.008388 11.332727
5071.417257 11.426481
5071.826125 10.442087
5072.234994 10.016260
5072.643863 9.610320
5073.052731 10.194377
5073.461600 10.713772
5073.870469 11.048803
5074.279338 11.040423
5074.688206 11.246361
5075.097075 11.135847
5075.505944 10.662090
5075.914812 10.870622
5076.323681 11.097421
5076.732550 11.434640
5077.141419 11.167263
5077.550287 11.317490
5077.959156 11.703909
5078.368025 12.043153
5078.776893 11.854604
5079.185762 11.428317
5079.594631 11.570643
5080.003500 12.026517
5080.412368 11.454930
5080.821237 12.415802
5081.230106 11.732927
5081.638974 10.830509
5082.047843 10.539883
5082.456712 10.338673
5082.865581 10.458632
5083.274449 10.678207
5083.683318 10.535706
5084.092187 10.790781
5084.501055 10.800984
5084.909924 11.002773
5085.318793 11.139100
5085.727662 11.205743
5086.136530 11.281253
5086.545399 11.489850
5086.954268 11.270392
5087.363136 11.217638
5087.772005 11.288082
5088.180874 11.580473
5088.589743 11.435314
5088.998611 12.048553
5089.407480 12.707902
5089.816349 11.982643
5090.225217 10.991048
5090.634086 10.990593
5091.042955 11.480671
5091.451824 10.514390
5091.860692 10.027950
5092.269561 10.166126
5092.678430 10.231610
5093.087298 9.587598
5093.496167 10.369146
5093.905036 11.014335
5094.313905 10.998917
5094.722773 11.285586
5095.131642 11.162686
5095.540511 11.049005
5095.949379 11.162005
5096.358248 11.008847
5096.767117 11.293550
5097.175986 11.226073
5097.584854 11.665492
5097.993723 11.590508
5098.402592 11.328004
5098.811460 11.877310
5099.220329 11.301410
5099.629198 11.412414
5100.038067 11.000000
5100.446935 11.433125
5100.855804 11.398614
5101.264673 11.932531
5101.673541 11.262591
5102.082410 10.613111
5102.491279 10.912544
5102.900148 10.541154
5103.309016 10.638189
5103.717885 10.286059
5104.126754 10.688820
5104.535622 10.510716
5104.944491 10.594203
5105.353360 10.295564
5105.762229 10.617331
5106.171097 10.466595
5106.579966 10.934106
5106.988835 10.504765
5107.397703 10.876733
5107.806572 11.059850
5108.215441 10.925780
5108.624310 11.044145
5109.033178 11.038774
5109.442047 11.361339
5109.850916 11.357747
5110.259784 11.319357
5110.668653 10.938702
5111.077522 11.092425
5111.486391 11.252124
5111.895259 11.033232
5112.304128 10.944501
5112.712997 10.988864
5113.121865 10.646858
5113.530734 10.792773
5113.939603 11.000214
5114.348472 11.088268
5114.757340 11.101721
5115.166209 11.167092
5115.575078 11.021116
5115.983946 10.961224
5116.392815 10.919131
5116.801684 10.837991
5117.210552 11.195304
5117.619421 11.069039
5118.028290 11.152372
5118.437159 11.105581
5118.846027 10.899212
5119.254896 10.765987
5119.663765 10.706520
5120.072633 10.938425
5120.481502 11.057083
5120.890371 10.575769
5121.299240 10.317476
5121.708108 10.726709
5122.116977 11.180506
5122.525846 10.968136
5122.934714 11.133521
5123.343583 10.974812
5123.752452 10.856434
5124.161321 11.056164
5124.570189 11.252722
5124.979058 11.587256
5125.387927 11.454542
5125.796795 11.914636
5126.205664 11.682366
5126.614533 11.651169
5127.023402 11.834872
5127.432270 11.432058
5127.841139 12.184911
5128.250008 11.468487
5128.658876 9.442285
5129.067745 11.614402
5129.476614 10.353314
5129.885483 10.497176
5130.294351 11.835209
5130.703220 12.290583
5131.112089 11.702777
5131.520957 12.226015
5131.929826 11.910419
5132.338695 11.343802
5132.747564 11.174731
5133.156432 10.339098
5133.565301 11.721571
5133.974170 12.561921
5134.383038 10.639158
5134.791907 11.635167
5135.200776 12.392031
5135.609645 12.120399
5136.018513 11.905019
5136.427382 12.109599
5136.836251 11.747171
5137.245119 11.912408
5137.653988 11.989258
5138.062857 11.930872
5138.471726 11.606680
5138.880594 11.219155
5139.289463 10.852302
5139.698332 10.891211
5140.107200 10.735246
5140.516069 10.858850
5140.924938 12.185412
5141.333807 12.160272
5141.742675 11.769453
5142.151544 11.480267
5142.560413 10.692155
5142.969281 11.203442
5143.378150 11.433755
5143.787019 11.453142
5144.195888 11.620476
5144.604756 11.839631
5145.013625 12.210637
5145.422494 11.931894
5145.831362 11.985990
5146.240231 11.783538
5146.649100 11.771228
5147.057969 12.332688
5147.466837 12.188785
5147.875706 12.029840
5148.284575 12.356253
5148.693443 11.898485
5149.102312 11.822365
5149.511181 11.597689
5149.920050 11.830953
5150.328918 11.775573
5150.737787 11.281239
