1800.609086 3.851839
1801.018549 4.310174
1801.428011 3.929311
1801.837474 4.602980
1802.246937 4.531589
1802.656400 4.705800
1803.065862 4.767080
1803.475325 4.169547
1803.884788 4.204660
1804.294251 4.234554
1804.703713 4.404118
1805.113176 4.493459
1805.522639 4.331998
1805.932102 4.479595
1806.341564 4.456012
1806.751027 4.812304
1807.160490 4.227651
1807.569953 4.230045
1807.979415 3.958439
1808.388878 3.940461
1808.798341 4.339729
1809.207804 4.311282
1809.617266 3.999757
1810.026729 4.297428
1810.436192 3.670645
1810.845654 3.495264
1811.255117 4.105098
1811.664580 4.381805
1812.074043 3.740018
1812.483505 3.983037
1812.892968 4.377139
1813.302431 3.713661
1813.711894 3.479646
1814.121356 4.376745
1814.530819 4.131353
1814.940282 3.894217
1815.349745 4.059659
1815.759207 3.923860
1816.168670 4.026153
1816.578133 4.266761
1816.987596 3.767480
1817.397058 3.972103
1817.806521 3.758605
1818.215984 3.861587
1818.625446 3.645568
1819.034909 4.133171
1819.444372 4.639108
1819.853835 3.912800
1820.263297 4.091108
1820.672760 3.923968
1821.082223 3.753373
1821.491686 3.704079
1821.901148 3.765201
1822.310611 3.675813
1822.720074 3.672480
1823.129537 4.257879
1823.538999 3.683349
1823.948462 3.994288
1824.357925 4.528397
1824.767388 3.787383
1825.176850 3.774673
1825.586313 4.067039
1825.995776 4.447701
1826.405239 4.520693
1826.814701 4.201865
1827.224164 4.068163
1827.633627 4.149114
1828.043089 3.986940
1828.452552 4.074410
1828.862015 4.254951
1829.271478 3.874982
1829.680940 3.739849
1830.090403 3.327768
1830.499866 3.560542
1830.909329 3.406127
1831.318791 3.572199
1831.728254 3.550818
1832.137717 3.629430
1832.547180 3.606867
1832.956642 3.942174
1833.366105 3.973068
1833.775568 3.937714
1834.185031 3.615562
1834.594493 3.304525
1835.003956 2.970217
1835.413419 3.350265
1835.822882 3.738532
1836.232344 3.455610
1836.641807 3.071965
1837.051270 3.272757
1837.460732 3.536469
1837.870195 3.446871
1838.279658 3.203243
1838.689121 3.363405
1839.098583 3.588959
1839.508046 3.232399
1839.917509 3.248782
1840.326972 2.870896
1840.736434 2.816439
1841.145897 2.867964
1841.555360 2.600312
1841.964823 2.752976
1842.374285 2.221180
1842.783748 2.090545
1843.193211 2.292341
1843.602674 2.297892
1844.012136 2.595607
1844.421599 2.728186
1844.831062 2.625507
1845.240524 3.048503
1845.649987 3.345935
1846.059450 3.388574
1846.468913 3.874173
1846.878375 3.248778
1847.287838 3.179640
1847.697301 3.368283
1848.106764 3.487178
1848.516226 3.508789
1848.925689 3.291239
1849.335152 3.160271
1849.744615 2.853070
1850.154077 2.693585
1850.563540 2.272700
1850.973003 2.390195
1851.382466 2.510994
1851.791928 2.750674
1852.201391 2.743865
1852.610854 3.063167
1853.020317 3.136701
1853.429779 3.109875
1853.839242 3.493002
1854.248705 3.167767
1854.658167 3.370355
1855.067630 3.504058
1855.477093 3.387975
1855.886556 3.769506
1856.296018 3.876466
1856.705481 4.101043
1857.114944 4.004771
1857.524407 3.894079
1857.933869 3.927071
1858.343332 4.070555
1858.752795 3.951064
1859.162258 3.603743
1859.571720 3.830596
1859.981183 3.860615
1860.390646 3.614452
1860.800109 3.081165
1861.209571 3.187668
1861.619034 3.082345
1862.028497 3.405474
1862.437960 3.811042
1862.847422 4.099615
1863.256885 3.681034
1863.666348 3.712335
1864.075810 3.883842
1864.485273 3.580291
1864.894736 3.941989
1865.304199 4.242032
1865.713661 4.075605
1866.123124 4.049668
1866.532587 3.844145
1866.942050 4.180973
1867.351512 3.739628
1867.760975 4.069166
1868.170438 4.313076
1868.579901 4.092495
1868.989363 4.165170
1869.398826 4.062914
1869.808289 4.131098
1870.217752 4.045987
1870.627214 3.901750
1871.036677 4.137013
1871.446140 4.168607
1871.855602 4.167846
1872.265065 4.202442
1872.674528 4.122673
1873.083991 3.479516
1873.493453 4.151356
1873.902916 4.008632
1874.312379 4.265405
1874.721842 4.390716
1875.131304 4.416837
1875.540767 4.737572
1875.950230 4.692983
1876.359693 4.521184
1876.769155 4.359460
1877.178618 4.468417
1877.588081 4.795090
1877.997544 4.957791
1878.407006 4.357927
1878.816469 4.547429
1879.225932 4.548393
1879.635395 4.598923
1880.044857 4.583435
1880.454320 4.411580
1880.863783 4.395455
1881.273245 4.678880
1881.682708 4.549628
1882.092171 4.681498
1882.501634 4.652746
1882.911096 4.856561
1883.320559 4.732515
1883.730022 4.323883
1884.139485 4.949152
1884.548947 4.690789
1884.958410 4.735253
1885.367873 4.725834
1885.777336 4.928864
1886.186798 4.685506
1886.596261 4.728381
1887.005724 4.903127
1887.415187 5.001318
1887.824649 4.834148
1888.234112 4.596486
1888.643575 4.965910
1889.053038 5.394084
1889.462500 5.242266
1889.871963 4.962204
1890.281426 4.957797
1890.690888 4.931267
1891.100351 5.153466
1891.509814 5.237498
1891.919277 5.017600
1892.328739 5.294843
1892.738202 5.472765
1893.147665 5.393172
1893.557128 5.406077
1893.966590 5.208936
1894.376053 5.509902
1894.785516 5.289988
1895.194979 5.594055
1895.604441 5.329224
1896.013904 5.559622
1896.423367 5.725118
1896.832830 5.621610
1897.242292 5.605670
1897.651755 5.479750
1898.061218 5.954855
1898.470680 5.771851
1898.880143 5.714464
1899.289606 5.787681
1899.699069 5.509638
1900.108531 5.408498
1900.517994 5.322037
1900.927457 5.273278
1901.336920 5.140692
1901.746382 5.132830
1902.155845 5.382450
1902.565308 5.219731
1902.974771 5.631278
1903.384233 5.759124
1903.793696 5.594169
1904.203159 6.420384
1904.612622 6.724707
1905.022084 6.997988
1905.431547 7.885627
1905.841010 8.371099
1906.250473 8.340934
1906.659935 8.217288
1907.069398 7.992311
1907.478861 8.119164
1907.888323 7.856783
1908.297786 7.461961
1908.707249 7.114841
1909.116712 6.682022
1909.526174 6.582463
1909.935637 5.930515
1910.345100 5.872377
1910.754563 5.957590
1911.164025 5.824567
1911.573488 5.724756
1911.982951 5.565794
1912.392414 5.205503
1912.801876 5.046083
1913.211339 5.101860
1913.620802 5.146161
1914.030265 5.081870
1914.439727 4.636106
1914.849190 4.476691
1915.258653 4.771225
1915.668115 4.880912
1916.077578 4.550991
1916.487041 4.614079
1916.896504 4.623337
1917.305966 4.435615
1917.715429 4.696899
1918.124892 4.501644
1918.534355 4.546484
1918.943817 4.385062
1919.353280 4.373989
1919.762743 4.187142
1920.172206 4.272022
1920.581668 4.275764
1920.991131 4.078103
1921.400594 3.962239
1921.810057 3.925117
1922.219519 3.940039
1922.628982 3.835359
1923.038445 3.663410
1923.447908 3.822294
1923.857370 3.681581
1924.266833 3.890907
1924.676296 3.839471
1925.085758 3.903255
1925.495221 3.621522
1925.904684 3.187942
1926.314147 3.497075
1926.723609 3.360291
1927.133072 3.326281
1927.542535 3.347526
1927.951998 3.208134
1928.361460 3.420036
1928.770923 3.611116
1929.180386 3.627361
1929.589849 3.497035
1929.999311 3.308652
1930.408774 3.434058
1930.818237 3.412067
1931.227700 3.439821
1931.637162 3.229011
1932.046625 3.320798
1932.456088 3.618646
1932.865551 3.588892
1933.275013 3.638232
1933.684476 3.510740
1934.093939 3.408184
1934.503401 3.676374
1934.912864 3.578445
1935.322327 3.224030
1935.731790 3.233805
1936.141252 3.249324
1936.550715 3.228032
1936.960178 3.175811
1937.369641 3.259304
1937.779103 3.404939
1938.188566 3.362755
1938.598029 3.310634
1939.007492 3.244581
1939.416954 3.191901
1939.826417 3.220329
1940.235880 3.186578
1940.645343 3.103122
1941.054805 3.351130
1941.464268 3.277038
1941.873731 3.410349
1942.283193 3.575677
1942.692656 3.365511
1943.102119 3.483441
1943.511582 3.400984
1943.921044 3.339206
1944.330507 3.271283
1944.739970 3.370959
1945.149433 3.129939
1945.558895 3.066106
1945.968358 3.290422
1946.377821 3.134941
1946.787284 2.995592
1947.196746 2.905682
1947.606209 3.098918
1948.015672 3.163671
1948.425135 3.242813
1948.834597 3.223421
1949.244060 3.226032
1949.653523 3.302218
1950.062986 3.149333
1950.472448 2.936015
1950.881911 3.242693
1951.291374 2.980119
1951.700836 3.019307
1952.110299 3.295422
1952.519762 3.150960
1952.929225 2.961455
1953.338687 3.068718
1953.748150 3.033676
1954.157613 2.902898
1954.567076 3.090154
1954.976538 3.247714
1955.386001 3.166190
1955.795464 3.045585
1956.204927 3.171531
1956.614389 3.032625
1957.023852 2.832864
1957.433315 2.872218
1957.842778 3.003414
1958.252240 3.001763
1958.661703 3.186069
1959.071166 3.000312
1959.480629 3.053951
1959.890091 2.688299
1960.299554 2.800417
1960.709017 2.882932
1961.118479 2.867545
1961.527942 3.012038
1961.937405 2.956549
1962.346868 2.929751
1962.756330 2.835425
1963.165793 2.843344
1963.575256 2.807822
1963.984719 2.635236
1964.394181 2.704632
1964.803644 2.996306
1965.213107 2.778417
1965.622570 2.882515
1966.032032 2.935118
1966.441495 2.980252
1966.850958 3.196191
1967.260421 3.050136
1967.669883 3.215826
1968.079346 3.047581
1968.488809 2.907298
1968.898271 2.926683
1969.307734 3.148817
1969.717197 3.102315
1970.126660 3.078003
1970.536122 2.985601
1970.945585 2.982466
1971.355048 2.953730
1971.764511 3.077629
1972.173973 3.109760
1972.583436 3.092314
1972.992899 2.894558
1973.402362 2.933853
1973.811824 2.846134
1974.221287 2.925916
1974.630750 3.096917
1975.040213 3.095738
1975.449675 3.037833
1975.859138 3.032910
1976.268601 3.129847
1976.678064 2.977034
1977.087526 3.125417
1977.496989 2.911104
1977.906452 3.035586
1978.315914 2.880247
1978.725377 2.963439
1979.134840 3.093336
1979.544303 2.977186
1979.953765 3.027407
1980.363228 2.980893
1980.772691 2.970255
1981.182154 3.016934
1981.591616 2.815962
1982.001079 2.854723
1982.410542 3.019494
1982.820005 2.820960
1983.229467 2.702633
1983.638930 2.830940
1984.048393 2.859105
1984.457856 2.765694
1984.867318 2.833405
1985.276781 2.914615
1985.686244 2.885641
1986.095707 2.832021
1986.505169 2.875682
1986.914632 2.879392
1987.324095 2.776392
1987.733557 2.825885
1988.143020 2.839321
1988.552483 2.986991
1988.961946 2.883640
1989.371408 2.896278
1989.780871 2.917532
1990.190334 2.839800
1990.599797 2.867938
1991.009259 2.725340
1991.418722 2.587489
1991.828185 2.686269
1992.237648 2.549509
1992.647110 2.683137
1993.056573 2.910530
1993.466036 2.948233
1993.875499 2.762453
1994.284961 2.772148
1994.694424 2.764287
1995.103887 2.755507
1995.513349 2.657666
1995.922812 2.764034
1996.332275 2.795663
1996.741738 2.860385
1997.151200 2.884390
1997.560663 2.806193
1997.970126 2.929423
1998.379589 2.928352
1998.789051 2.920239
1999.198514 2.935195
1999.607977 2.986290
2000.017440 2.747447
2000.426902 2.646559
2000.836365 2.619454
2001.245828 2.739741
2001.655291 2.671846
2002.064753 2.632068
2002.474216 2.762154
2002.883679 2.912768
2003.293142 2.826759
2003.702604 2.509679
2004.112067 2.580567
2004.521530 2.686069
2004.930992 2.866183
2005.340455 2.784275
2005.749918 2.884427
2006.159381 2.813706
2006.568843 2.887639
2006.978306 2.862093
2007.387769 2.704811
2007.797232 2.724159
2008.206694 2.940723
2008.616157 2.865126
2009.025620 2.866205
2009.435083 2.764338
2009.844545 2.689778
2010.254008 2.768271
2010.663471 2.559911
2011.072934 2.773565
2011.482396 2.765236
2011.891859 2.809649
2012.301322 2.716629
2012.710785 2.811127
2013.120247 2.791620
2013.529710 2.758789
2013.939173 2.797275
2014.348635 2.895766
2014.758098 2.874660
2015.167561 2.872225
2015.577024 2.861581
2015.986486 2.760781
2016.395949 2.638842
2016.805412 2.827925
2017.214875 2.725012
2017.624337 2.811601
2018.033800 2.771558
2018.443263 2.776972
2018.852726 2.756532
2019.262188 2.656612
2019.671651 2.995067
2020.081114 2.746505
2020.490577 2.652073
2020.900039 2.545000
2021.309502 2.839723
2021.718965 2.867295
2022.128427 3.059916
2022.537890 2.842027
2022.947353 2.831269
2023.356816 2.902491
2023.766278 2.849786
2024.175741 2.794156
2024.585204 2.869078
2024.994667 2.940847
2025.404129 2.783502
2025.813592 2.685738
2026.223055 2.848319
2026.632518 2.733110
2027.041980 2.801816
2027.451443 2.670191
2027.860906 2.673513
2028.270369 2.810685
2028.679831 2.794813
2029.089294 2.734373
2029.498757 2.797378
2029.908220 2.858405
2030.317682 2.760135
2030.727145 2.668359
2031.136608 2.576911
2031.546070 2.897938
2031.955533 2.760667
2032.364996 2.540742
2032.774459 2.891662
2033.183921 2.863869
2033.593384 2.789709
2034.002847 2.715255
2034.412310 2.709031
2034.821772 2.655937
2035.231235 2.742563
2035.640698 2.821568
2036.050161 2.756455
2036.459623 2.748457
2036.869086 2.567903
2037.278549 2.628544
2037.688012 2.742629
2038.097474 2.740421
2038.506937 2.688191
2038.916400 2.669614
2039.325863 2.635286
2039.735325 2.699369
2040.144788 2.705375
2040.554251 2.667388
2040.963713 2.613154
2041.373176 2.617924
2041.782639 2.966132
2042.192102 2.895855
2042.601564 2.856940
2043.011027 2.784160
2043.420490 2.640945
2043.829953 2.695005
2044.239415 2.784060
2044.648878 2.716746
2045.058341 2.583571
2045.467804 2.622311
2045.877266 2.718283
2046.286729 2.802120
2046.696192 2.707181
2047.105655 2.550405
2047.515117 2.754444
2047.924580 3.055345
2048.334043 2.843893
2048.743505 2.763473
2049.152968 2.712855
2049.562431 2.672872
2049.971894 2.809900
2050.381356 2.858385
2050.790819 2.816217
2051.200282 2.770435
2051.609745 2.717440
2052.019207 2.661355
2052.428670 2.706353
2052.838133 2.768740
2053.247596 2.737625
2053.657058 2.693804
2054.066521 2.703709
2054.475984 2.767015
2054.885447 2.794515
2055.294909 2.705690
2055.704372 2.772419
2056.113835 2.727386
2056.523298 2.762173
2056.932760 2.489689
2057.342223 2.705510
2057.751686 2.805922
2058.161148 2.648951
2058.570611 2.513436
2058.980074 2.688491
2059.389537 2.767603
2059.798999 2.738770
2060.208462 2.798930
2060.617925 2.591512
2061.027388 2.607124
2061.436850 2.676491
2061.846313 2.777909
2062.255776 2.627225
2062.665239 2.735225
2063.074701 2.741945
2063.484164 2.759986
2063.893627 2.653020
2064.303090 2.613201
2064.712552 2.705807
2065.122015 2.639775
2065.531478 2.634218
2065.940941 2.639809
2066.350403 2.496085
2066.759866 2.653597
2067.169329 2.619930
2067.578791 2.617674
2067.988254 2.585636
2068.397717 2.762658
2068.807180 2.789836
2069.216642 2.861983
2069.626105 2.840499
2070.035568 2.814241
2070.445031 2.809974
2070.854493 2.897257
2071.263956 2.931917
2071.673419 2.679951
2072.082882 2.664965
2072.492344 2.952314
2072.901807 2.862369
2073.311270 2.806425
2073.720733 2.921250
2074.130195 2.815209
2074.539658 2.710675
2074.949121 2.863266
2075.358583 2.776715
2075.768046 2.740155
2076.177509 2.909384
2076.586972 2.942120
2076.996434 2.716745
2077.405897 2.873630
2077.815360 2.613402
2078.224823 2.696451
2078.634285 2.748871
2079.043748 2.722346
2079.453211 2.777871
2079.862674 2.714501
2080.272136 2.853259
2080.681599 2.771010
2081.091062 2.841958
2081.500525 2.921561
2081.909987 2.962157
2082.319450 2.820736
2082.728913 2.731290
2083.138376 2.618086
2083.547838 2.776791
2083.957301 2.686206
2084.366764 2.558230
2084.776226 2.653676
2085.185689 2.829970
2085.595152 2.782619
2086.004615 2.673756
2086.414077 2.582413
2086.823540 2.648216
2087.233003 2.556092
2087.642466 2.692779
2088.051928 2.795789
2088.461391 2.601691
2088.870854 2.638277
2089.280317 2.556300
2089.689779 2.525030
2090.099242 2.440959
2090.508705 2.457694
2090.918168 2.529356
2091.327630 2.511353
2091.737093 2.520221
2092.146556 2.582972
2092.556019 2.564958
2092.965481 2.609169
2093.374944 2.548139
2093.784407 2.645000
2094.193869 2.794581
2094.603332 2.525416
2095.012795 2.601425
2095.422258 2.519884
2095.831720 2.599879
2096.241183 2.580092
2096.650646 2.662060
2097.060109 2.579725
2097.469571 2.560749
2097.879034 2.570020
2098.288497 2.702296
2098.697960 2.717115
2099.107422 2.567859
2099.516885 2.806365
2099.926348 2.709546
2100.335811 2.527717
2100.745273 2.549053
2101.154736 2.623137
2101.564199 2.593030
2101.973661 2.736240
2102.383124 2.695297
2102.792587 2.736309
2103.202050 2.581339
2103.611512 2.587636
2104.020975 2.593972
2104.430438 2.557598
2104.839901 2.606943
2105.249363 2.526700
2105.658826 2.723057
2106.068289 2.539556
2106.477752 2.553675
2106.887214 2.475062
2107.296677 2.651433
2107.706140 2.530746
2108.115603 2.480759
2108.525065 2.704866
2108.934528 2.666493
2109.343991 2.675063
2109.753454 2.639674
2110.162916 2.613018
2110.572379 2.627213
2110.981842 2.673133
2111.391304 2.644602
2111.800767 2.563069
2112.210230 2.526305
2112.619693 2.559179
2113.029155 2.622047
2113.438618 2.547008
2113.848081 2.602102
2114.257544 2.537274
2114.667006 2.598758
2115.076469 2.576603
2115.485932 2.599514
2115.895395 2.612891
2116.304857 2.630349
2116.714320 2.673779
2117.123783 2.606524
2117.533246 2.505312
2117.942708 2.439453
2118.352171 2.538655
2118.761634 2.596812
2119.171096 2.681279
2119.580559 2.623085
2119.990022 2.603771
2120.399485 2.422813
2120.808947 2.522964
2121.218410 2.636324
2121.627873 2.639135
2122.037336 2.591706
2122.446798 2.703374
2122.856261 2.698991
2123.265724 2.582823
2123.675187 2.518100
2124.084649 2.571750
2124.494112 2.614983
2124.903575 2.575741
2125.313038 2.420970
2125.722500 2.573450
2126.131963 2.678466
2126.541426 2.485227
2126.950889 2.510081
2127.360351 2.714761
2127.769814 2.598485
2128.179277 2.465301
2128.588739 2.535427
2128.998202 2.681534
2129.407665 2.656573
2129.817128 2.640838
2130.226590 2.572914
2130.636053 2.611456
2131.045516 2.672283
2131.454979 2.512144
2131.864441 2.522127
2132.273904 2.632796
2132.683367 2.638059
2133.092830 2.546331
2133.502292 2.532365
2133.911755 2.477413
2134.321218 2.658462
2134.730681 2.515511
2135.140143 2.572102
2135.549606 2.574044
2135.959069 2.545701
2136.368532 2.479501
2136.777994 2.567520
2137.187457 2.578959
2137.596920 2.543109
2138.006382 2.649416
2138.415845 2.457179
2138.825308 2.551301
2139.234771 2.661479
2139.644233 2.620427
2140.053696 2.579325
2140.463159 2.451591
2140.872622 2.500676
2141.282084 2.499390
2141.691547 2.651839
2142.101010 2.860094
2142.510473 2.615879
2142.919935 2.645088
2143.329398 2.600469
2143.738861 2.633259
2144.148324 2.559548
2144.557786 2.711629
2144.967249 2.521947
2145.376712 2.727361
2145.786174 2.675683
2146.195637 2.704701
2146.605100 2.688339
2147.014563 2.667917
2147.424025 2.558587
2147.833488 2.568050
2148.242951 2.591993
2148.652414 2.542861
2149.061876 2.602890
2149.471339 2.623741
2149.880802 2.524677
2150.290265 2.532653
2150.699727 2.679267
2151.109190 2.585082
2151.518653 2.540231
2151.928116 2.384033
2152.337578 2.554549
2152.747041 2.451989
2153.156504 2.425434
2153.565967 2.542353
2153.975429 2.657230
2154.384892 2.579099
2154.794355 2.622812
2155.203817 2.635088
2155.613280 2.555022
2156.022743 2.590477
2156.432206 2.539332
2156.841668 2.541936
2157.251131 2.526876
2157.660594 2.625983
2158.070057 2.721009
2158.479519 2.597097
2158.888982 2.478893
2159.298445 2.476413
2159.707908 2.463592
2160.117370 2.464806
2160.526833 2.444091
2160.936296 2.433471
2161.345759 2.510167
2161.755221 2.454021
2162.164684 2.394834
2162.574147 2.439249
2162.983610 2.491056
2163.393072 2.569149
2163.802535 2.456758
2164.211998 2.395141
2164.621460 2.406116
2165.030923 2.436960
2165.440386 2.642280
2165.849849 2.569156
2166.259311 2.462036
2166.668774 2.548576
2167.078237 2.467351
2167.487700 2.420305
2167.897162 2.519995
2168.306625 2.363182
2168.716088 2.366271
2169.125551 2.359083
2169.535013 2.309141
2169.944476 2.375060
2170.353939 2.402643
2170.763402 2.338018
2171.172864 2.269851
2171.582327 2.327678
2171.991790 2.355989
2172.401252 2.516198
2172.810715 2.551009
2173.220178 2.439689
2173.629641 2.408553
2174.039103 2.407853
2174.448566 2.391692
2174.858029 2.566000
2175.267492 2.660411
2175.676954 2.436785
2176.086417 2.062574
2176.495880 2.093515
2176.905343 2.359184
2177.314805 2.455661
2177.724268 2.767705
2178.133731 2.727412
2178.543194 2.530137
2178.952656 2.386613
2179.362119 2.446766
2179.771582 2.371000
2180.181045 2.270710
2180.590507 2.376314
2180.999970 2.463222
2181.409433 2.507447
2181.818895 2.451022
2182.228358 2.400145
2182.637821 2.362552
2183.047284 2.371178
2183.456746 2.157446
2183.866209 1.997459
2184.275672 1.755643
2184.685135 1.796717
2185.094597 1.933944
2185.504060 2.117715
2185.913523 2.394595
2186.322986 2.523820
2186.732448 2.519483
2187.141911 2.502682
2187.551374 2.442659
2187.960837 2.482588
2188.370299 2.431291
2188.779762 2.474947
2189.189225 2.322126
2189.598688 2.126365
2190.008150 2.186125
2190.417613 2.071879
2190.827076 2.111935
2191.236538 2.219592
2191.646001 2.360780
2192.055464 2.380612
2192.464927 2.357695
2192.874389 2.303735
2193.283852 2.305632
2193.693315 2.415558
2194.102778 2.344088
2194.512240 2.392825
2194.921703 2.501332
2195.331166 2.421237
2195.740629 2.326397
2196.150091 2.307443
2196.559554 2.339742
2196.969017 2.464162
2197.378480 2.466385
2197.787942 2.465999
2198.197405 2.379727
2198.606868 2.403776
2199.016330 2.317311
2199.425793 2.557785
2199.835256 2.438286
2200.244719 2.218408
2200.654181 2.355087
2201.063644 2.490498
2201.473107 2.335289
2201.882570 2.506171
2202.292032 2.520199
2202.701495 2.440783
2203.110958 2.233852
2203.520421 2.300609
2203.929883 2.291471
2204.339346 2.356184
2204.748809 2.439639
2205.158272 2.402476
2205.567734 2.451143
2205.977197 2.430210
2206.386660 2.327303
2206.796123 2.230949
2207.205585 2.220749
2207.615048 2.221606
2208.024511 2.372556
2208.433973 2.330894
2208.843436 2.323238
2209.252899 2.259865
2209.662362 2.297535
2210.071824 2.394714
2210.481287 2.393417
2210.890750 2.340843
2211.300213 2.352522
2211.709675 2.377853
2212.119138 2.350502
2212.528601 2.346760
2212.938064 2.230596
2213.347526 2.301730
2213.756989 2.316769
2214.166452 2.281074
2214.575915 2.325828
2214.985377 2.316114
2215.394840 2.517734
2215.804303 2.419075
2216.213766 2.288603
2216.623228 2.217248
2217.032691 2.225090
2217.442154 2.371193
2217.851616 2.327809
2218.261079 2.276193
2218.670542 2.353979
2219.080005 2.320555
2219.489467 2.362759
2219.898930 2.259334
2220.308393 2.372014
2220.717856 2.435368
2221.127318 2.336320
2221.536781 2.325297
2221.946244 2.398250
2222.355707 2.232427
2222.765169 2.260472
2223.174632 2.297762
2223.584095 2.277662
2223.993558 2.354180
2224.403020 2.439006
2224.812483 2.375053
2225.221946 2.299909
2225.631408 2.188481
2226.040871 2.178942
2226.450334 2.268706
2226.859797 2.214559
2227.269259 2.210814
2227.678722 2.322253
2228.088185 2.323605
2228.497648 2.142136
2228.907110 2.187814
2229.316573 2.263421
2229.726036 2.344894
2230.135499 2.211843
2230.544961 2.346610
2230.954424 2.291972
2231.363887 2.401609
2231.773350 2.395208
2232.182812 2.244013
2232.592275 2.212138
2233.001738 2.216818
2233.411201 2.227571
2233.820663 2.308027
2234.230126 2.361787
2234.639589 2.282654
2235.049051 2.351058
2235.458514 2.378463
2235.867977 2.343627
2236.277440 2.236726
2236.686902 2.310163
2237.096365 2.263541
2237.505828 2.302805
2237.915291 2.361030
2238.324753 2.443013
2238.734216 2.324839
2239.143679 2.212029
2239.553142 2.275529
2239.962604 2.346899
2240.372067 2.391461
2240.781530 2.406017
2241.190993 2.267705
2241.600455 2.332373
2242.009918 2.335982
2242.419381 2.355799
2242.828844 2.306458
2243.238306 2.249075
2243.647769 2.269545
2244.057232 2.283038
2244.466694 2.350352
2244.876157 2.361142
2245.285620 2.385267
2245.695083 2.359665
2246.104545 2.221242
2246.514008 2.259860
2246.923471 2.132188
2247.332934 2.218095
2247.742396 2.259259
2248.151859 2.258417
2248.561322 2.266516
2248.970785 2.279142
2249.380247 2.331844
2249.789710 2.405906
2250.199173 2.324997
2250.608636 2.364328
2251.018098 2.479634
2251.427561 2.387590
2251.837024 2.379272
2252.246486 2.404068
2252.655949 2.173804
2253.065412 2.217733
2253.474875 2.318690
2253.884337 2.320356
2254.293800 2.357877
2254.703263 2.297477
2255.112726 2.209702
2255.522188 2.341457
2255.931651 2.290358
2256.341114 2.355778
2256.750577 2.241026
2257.160039 2.178788
2257.569502 2.256848
2257.978965 2.269862
2258.388428 2.250954
2258.797890 2.250506
2259.207353 2.231018
2259.616816 2.316194
2260.026279 2.260330
2260.435741 2.287252
2260.845204 2.203615
2261.254667 2.259532
2261.664129 2.251745
2262.073592 2.309918
2262.483055 2.354524
2262.892518 2.384411
2263.301980 2.272858
2263.711443 2.431069
2264.120906 2.369190
2264.530369 2.337576
2264.939831 2.342332
2265.349294 2.305922
2265.758757 2.290848
2266.168220 2.300329
2266.577682 2.323082
2266.987145 2.246912
2267.396608 2.278926
2267.806071 2.317310
2268.215533 2.369425
2268.624996 2.310471
2269.034459 2.327913
2269.443922 2.388678
2269.853384 2.411954
2270.262847 2.321125
2270.672310 2.278884
2271.081772 2.239454
2271.491235 2.311257
2271.900698 2.394836
2272.310161 2.340523
2272.719623 2.264876
2273.129086 2.378417
2273.538549 2.367946
2273.948012 2.349770
2274.357474 2.317755
2274.766937 2.442152
2275.176400 2.389975
2275.585863 2.371428
2275.995325 2.305305
2276.404788 2.277946
2276.814251 2.357186
2277.223714 2.351801
2277.633176 2.357166
2278.042639 2.351116
2278.452102 2.391892
2278.861564 2.382000
2279.271027 2.479560
2279.680490 2.430011
2280.089953 2.247790
2280.499415 2.300503
2280.908878 2.382468
2281.318341 2.287917
2281.727804 2.290950
2282.137266 2.367404
2282.546729 2.517783
2282.956192 2.419314
2283.365655 2.455609
2283.775117 2.315962
2284.184580 2.266157
2284.594043 2.280510
2285.003506 2.339305
2285.412968 2.346263
2285.822431 2.327145
2286.231894 2.292123
2286.641357 2.304526
2287.050819 2.309458
2287.460282 2.367414
2287.869745 2.377264
2288.279207 2.336526
2288.688670 2.322493
2289.098133 2.257618
2289.507596 2.296947
2289.917058 2.439819
2290.326521 2.296322
2290.735984 2.352094
2291.145447 2.325258
2291.554909 2.289650
2291.964372 2.304405
2292.373835 2.456544
2292.783298 2.389786
2293.192760 2.312944
2293.602223 2.351807
2294.011686 2.448881
2294.421149 2.449948
2294.830611 2.547152
2295.240074 2.539754
2295.649537 2.450984
2296.058999 2.419415
2296.468462 2.378099
2296.877925 2.325498
2297.287388 2.333939
2297.696850 2.479651
2298.106313 2.381118
2298.515776 2.393608
2298.925239 2.331908
2299.334701 2.280418
2299.744164 2.359352
2300.153627 2.312279
2300.563090 2.402044
2300.972552 2.472338
2301.382015 2.376640
2301.791478 2.309079
2302.200941 2.289562
2302.610403 2.363939
2303.019866 2.313703
2303.429329 2.427811
2303.838792 2.399040
2304.248254 2.390824
2304.657717 2.415408
2305.067180 2.484219
2305.476642 2.372047
2305.886105 2.395152
2306.295568 2.383560
2306.705031 2.377460
2307.114493 2.376086
2307.523956 2.337629
2307.933419 2.506728
2308.342882 2.627531
2308.752344 2.581318
2309.161807 2.547865
2309.571270 2.380646
2309.980733 2.350102
2310.390195 2.398758
2310.799658 2.433010
2311.209121 2.450058
2311.618584 2.395002
2312.028046 2.332503
2312.437509 2.326743
2312.846972 2.423288
2313.256435 2.455402
2313.665897 2.333022
2314.075360 2.326654
2314.484823 2.405369
2314.894285 2.341695
2315.303748 2.462385
2315.713211 2.399656
2316.122674 2.418082
2316.532136 2.375172
2316.941599 2.489788
2317.351062 2.447580
2317.760525 2.471956
2318.169987 2.456659
2318.579450 2.426216
2318.988913 2.316575
2319.398376 2.425858
2319.807838 2.520310
2320.217301 2.507712
2320.626764 2.552086
2321.036227 2.539331
2321.445689 2.600216
2321.855152 2.517404
2322.264615 2.512824
2322.674077 2.475608
2323.083540 2.510360
2323.493003 2.568274
2323.902466 2.769167
2324.311928 2.719010
2324.721391 2.797953
2325.130854 2.905356
2325.540317 2.885969
2325.949779 2.897480
2326.359242 2.879903
2326.768705 2.905109
2327.178168 2.940658
2327.587630 2.812896
2327.997093 2.705129
2328.406556 2.624093
2328.816019 2.591200
2329.225481 2.494885
2329.634944 2.307238
2330.044407 2.273725
2330.453870 2.332840
2330.863332 2.382061
2331.272795 2.297352
2331.682258 2.212311
2332.091720 2.201943
2332.501183 2.366544
2332.910646 2.315852
2333.320109 2.349029
2333.729571 2.317919
2334.139034 2.226575
2334.548497 2.267986
2334.957960 2.328613
2335.367422 2.422810
2335.776885 2.401955
2336.186348 2.347837
2336.595811 2.355144
2337.005273 2.384633
2337.414736 2.404758
2337.824199 2.457446
2338.233662 2.317882
2338.643124 2.374799
2339.052587 2.297339
2339.462050 2.317138
2339.871513 2.401275
2340.280975 2.273281
2340.690438 2.335063
2341.099901 2.383315
2341.509363 2.388154
2341.918826 2.297414
2342.328289 2.286738
2342.737752 2.306468
2343.147214 2.299663
2343.556677 2.264059
2343.966140 2.267645
2344.375603 2.170504
2344.785065 2.264888
2345.194528 2.237894
2345.603991 2.195060
2346.013454 2.214439
2346.422916 2.285333
2346.832379 2.277092
2347.241842 2.309835
2347.651305 2.207150
2348.060767 2.362815
2348.470230 2.237068
2348.879693 2.284747
2349.289155 2.387575
2349.698618 2.298941
2350.108081 2.400156
2350.517544 2.363876
2350.927006 2.374367
2351.336469 2.251712
2351.745932 2.415384
2352.155395 2.405456
2352.564857 2.271777
2352.974320 2.394402
2353.383783 2.373525
2353.793246 2.399643
2354.202708 2.343603
2354.612171 2.344373
2355.021634 2.432150
2355.431097 2.302111
2355.840559 2.247210
2356.250022 2.274071
2356.659485 2.331780
2357.068948 2.299933
2357.478410 2.201634
2357.887873 2.336929
2358.297336 2.335238
2358.706798 2.280745
2359.116261 2.241318
2359.525724 2.210707
2359.935187 2.220537
2360.344649 2.138916
2360.754112 2.192849
2361.163575 2.249674
2361.573038 2.239359
2361.982500 2.290770
2362.391963 2.379389
2362.801426 2.454352
2363.210889 2.334076
2363.620351 2.303958
2364.029814 2.406794
2364.439277 2.286202
2364.848740 2.288427
2365.258202 2.261061
2365.667665 2.158200
2366.077128 2.323292
2366.486591 2.338051
2366.896053 2.388751
2367.305516 2.287074
2367.714979 2.218289
2368.124441 2.138976
2368.533904 2.160077
2368.943367 2.138219
2369.352830 2.231351
2369.762292 2.151398
2370.171755 2.212806
2370.581218 2.255652
2370.990681 2.263754
2371.400143 2.235722
2371.809606 2.188983
2372.219069 2.268430
2372.628532 2.256886
2373.037994 2.158912
2373.447457 2.151327
2373.856920 2.089660
2374.266383 2.233148
2374.675845 2.219371
2375.085308 2.139036
2375.494771 2.051820
2375.904233 2.119127
2376.313696 2.107439
2376.723159 2.169081
2377.132622 2.139934
2377.542084 2.329258
2377.951547 2.195369
2378.361010 2.262354
2378.770473 2.335429
2379.179935 2.206914
2379.589398 2.091703
2379.998861 2.129371
2380.408324 2.150823
2380.817786 2.121091
2381.227249 2.083812
2381.636712 2.081685
2382.046175 2.125949
2382.455637 2.224052
2382.865100 2.273537
2383.274563 2.239948
2383.684026 2.248644
2384.093488 2.266803
2384.502951 2.303470
2384.912414 2.229675
2385.321876 2.242319
2385.731339 2.289935
2386.140802 2.209380
2386.550265 2.218613
2386.959727 2.218036
2387.369190 2.320349
2387.778653 2.272703
2388.188116 2.180926
2388.597578 2.182921
2389.007041 2.214597
2389.416504 2.127469
2389.825967 2.181493
2390.235429 2.190215
2390.644892 2.170034
2391.054355 2.142031
2391.463818 2.135242
2391.873280 2.212406
2392.282743 2.108495
2392.692206 2.142831
2393.101669 2.267717
2393.511131 2.295915
2393.920594 2.282979
2394.330057 2.227827
2394.739519 2.211685
2395.148982 2.240230
2395.558445 2.185582
2395.967908 2.254731
2396.377370 2.208696
2396.786833 2.270633
2397.196296 2.228694
2397.605759 2.281868
2398.015221 2.332298
2398.424684 2.344483
2398.834147 2.236488
2399.243610 2.214052
2399.653072 2.145398
2400.062535 2.163458
2400.471998 2.089516
2400.881461 2.199110
2401.290923 2.254813
2401.700386 2.261083
2402.109849 2.212587
2402.519311 2.214019
2402.928774 2.301821
2403.338237 2.352795
2403.747700 2.258765
2404.157162 2.202691
2404.566625 2.263052
2404.976088 2.333681
2405.385551 2.243682
2405.795013 2.232431
2406.204476 2.262619
2406.613939 2.278525
2407.023402 2.280279
2407.432864 2.274568
2407.842327 2.189190
2408.251790 2.271035
2408.661253 2.277921
2409.070715 2.285984
2409.480178 2.245959
2409.889641 2.170307
2410.299104 2.223756
2410.708566 2.275932
2411.118029 2.274723
2411.527492 2.171164
2411.936954 2.229806
2412.346417 2.296157
2412.755880 2.241830
2413.165343 2.213298
2413.574805 2.290645
2413.984268 2.224996
2414.393731 2.156311
2414.803194 2.259357
2415.212656 2.333663
2415.622119 2.315206
2416.031582 2.259256
2416.441045 2.303711
2416.850507 2.437733
2417.259970 2.485257
2417.669433 2.397034
2418.078896 2.339577
2418.488358 2.382889
2418.897821 2.533524
2419.307284 2.607557
2419.716747 2.658781
2420.126209 2.598218
2420.535672 2.830505
2420.945135 2.979197
2421.354597 3.108726
2421.764060 3.249940
2422.173523 3.252890
2422.582986 3.298632
2422.992448 3.329871
2423.401911 3.485745
2423.811374 3.394136
2424.220837 3.503227
2424.630299 3.526445
2425.039762 3.263931
2425.449225 3.106467
2425.858688 2.910497
2426.268150 2.623578
2426.677613 2.471526
2427.087076 2.433831
2427.496539 2.317831
2427.906001 2.344636
2428.315464 2.293022
2428.724927 2.365415
2429.134389 2.362025
2429.543852 2.382083
2429.953315 2.335533
2430.362778 2.246350
2430.772240 2.336346
2431.181703 2.386185
2431.591166 2.350832
2432.000629 2.297352
2432.410091 2.344819
2432.819554 2.222062
2433.229017 2.348268
2433.638480 2.281807
2434.047942 2.271787
2434.457405 2.239334
2434.866868 2.272871
2435.276331 2.363850
2435.685793 2.346800
2436.095256 2.296554
2436.504719 2.231355
2436.914182 2.245488
2437.323644 2.328667
2437.733107 2.280271
2438.142570 2.268706
2438.552032 2.202156
2438.961495 2.174963
2439.370958 2.236390
2439.780421 2.270988
2440.189883 2.317918
2440.599346 2.362785
2441.008809 2.399061
2441.418272 2.311616
2441.827734 2.373242
2442.237197 2.273700
2442.646660 2.218350
2443.056123 2.257407
2443.465585 2.342619
2443.875048 2.370380
2444.284511 2.372148
2444.693974 2.333256
2445.103436 2.193677
2445.512899 2.180359
2445.922362 2.246710
2446.331825 2.316136
2446.741287 2.309260
2447.150750 2.161672
2447.560213 2.141898
2447.969675 2.280587
2448.379138 2.306409
2448.788601 2.219600
2449.198064 2.142776
2449.607526 2.234592
2450.016989 2.300269
2450.426452 2.346462
2450.835915 2.177735
2451.245377 2.174442
2451.654840 2.173053
2452.064303 2.248797
2452.473766 2.228529
2452.883228 2.182371
2453.292691 2.173995
2453.702154 2.276392
2454.111617 2.390387
2454.521079 2.377176
2454.930542 2.241298
2455.340005 2.213194
2455.749467 2.246022
2456.158930 2.258871
2456.568393 2.292472
2456.977856 2.247269
2457.387318 2.226951
2457.796781 2.232482
2458.206244 2.228247
2458.615707 2.209263
2459.025169 2.253017
2459.434632 2.289959
2459.844095 2.312122
2460.253558 2.233836
2460.663020 2.198946
2461.072483 2.211375
2461.481946 2.217252
2461.891409 2.309373
2462.300871 2.380592
2462.710334 2.341600
2463.119797 2.217126
2463.529260 2.238237
2463.938722 2.280435
2464.348185 2.238361
2464.757648 2.268299
2465.167110 2.265616
2465.576573 2.298922
2465.986036 2.276798
2466.395499 2.263088
2466.804961 2.322510
2467.214424 2.292373
2467.623887 2.311719
2468.033350 2.380430
2468.442812 2.347124
2468.852275 2.341092
2469.261738 2.394081
2469.671201 2.387928
2470.080663 2.407449
2470.490126 2.424406
2470.899589 2.427600
2471.309052 2.483370
2471.718514 2.313558
2472.127977 2.289386
2472.537440 2.171066
2472.946903 2.222714
2473.356365 2.316899
2473.765828 2.359740
2474.175291 2.337756
2474.584753 2.256979
2474.994216 2.192896
2475.403679 2.322530
2475.813142 2.263223
2476.222604 2.238574
2476.632067 2.164139
2477.041530 2.306134
2477.450993 2.291784
2477.860455 2.223687
2478.269918 2.135859
2478.679381 2.163734
2479.088844 2.219017
2479.498306 2.272876
2479.907769 2.314788
2480.317232 2.309688
2480.726695 2.293364
2481.136157 2.264139
2481.545620 2.247969
2481.955083 2.276073
2482.364545 2.266980
2482.774008 2.196283
2483.183471 2.199563
2483.592934 2.201237
2484.002396 2.126784
2484.411859 2.265564
2484.821322 2.192581
2485.230785 2.232962
2485.640247 2.288487
2486.049710 2.250335
2486.459173 2.321544
2486.868636 2.306706
2487.278098 2.099890
2487.687561 2.230465
2488.097024 2.229884
2488.506487 2.305686
2488.915949 2.206897
2489.325412 2.151540
2489.734875 2.309602
2490.144338 2.326577
2490.553800 2.276932
2490.963263 2.237492
2491.372726 2.205107
2491.782188 2.192392
2492.191651 2.298733
2492.601114 2.261475
2493.010577 2.202022
2493.420039 2.143644
2493.829502 2.344904
2494.238965 2.381427
2494.648428 2.321086
2495.057890 2.260805
2495.467353 2.285412
2495.876816 2.149994
2496.286279 2.234011
2496.695741 2.172095
2497.105204 2.172965
2497.514667 2.274780
2497.924130 2.267114
2498.333592 2.264639
2498.743055 2.180341
2499.152518 2.147081
2499.561980 2.204594
2499.971443 2.276854
2500.380906 2.150695
2500.790369 2.225559
2501.199831 2.239873
2501.609294 2.313063
2502.018757 2.242835
2502.428220 2.296980
2502.837682 2.252105
2503.247145 2.279472
2503.656608 2.276569
2504.066071 2.267701
2504.475533 2.187053
2504.884996 2.157053
2505.294459 2.199731
2505.703922 2.219954
2506.113384 2.215362
2506.522847 2.214828
2506.932310 2.205913
2507.341773 2.174119
2507.751235 2.312148
2508.160698 2.326514
2508.570161 2.344362
2508.979623 2.282366
2509.389086 2.407332
2509.798549 2.345487
2510.208012 2.300472
2510.617474 2.278013
2511.026937 2.290279
2511.436400 2.264488
2511.845863 2.220414
2512.255325 2.230126
2512.664788 2.269676
2513.074251 2.271311
2513.483714 2.253047
2513.893176 2.156930
2514.302639 2.197198
2514.712102 2.077558
2515.121565 2.235124
2515.531027 2.121407
2515.940490 2.184555
2516.349953 2.158369
2516.759416 2.171508
2517.168878 2.157546
2517.578341 2.187125
2517.987804 2.116361
2518.397266 2.230108
2518.806729 2.097691
2519.216192 2.118543
2519.625655 2.169961
2520.035117 2.176183
2520.444580 2.220129
2520.854043 2.131693
2521.263506 2.144600
2521.672968 2.174581
2522.082431 2.159031
2522.491894 2.081814
2522.901357 2.137031
2523.310819 2.131621
2523.720282 2.095566
2524.129745 2.133219
2524.539208 2.032056
2524.948670 2.141495
2525.358133 2.295855
2525.767596 2.200506
2526.177058 2.146298
2526.586521 2.198545
2526.995984 2.111692
2527.405447 2.147729
2527.814909 2.159923
2528.224372 2.182260
2528.633835 2.159395
2529.043298 2.228174
2529.452760 2.220586
2529.862223 2.158831
2530.271686 2.177909
2530.681149 2.229661
2531.090611 2.187815
2531.500074 2.198948
2531.909537 2.152250
2532.319000 2.184852
2532.728462 2.152965
2533.137925 2.142982
2533.547388 2.178575
2533.956851 2.193760
2534.366313 2.148294
2534.775776 2.067882
2535.185239 2.092953
2535.594701 2.098541
2536.004164 2.154741
2536.413627 2.203336
2536.823090 2.189409
2537.232552 2.192396
2537.642015 2.204313
2538.051478 2.201452
2538.460941 2.124702
2538.870403 2.253913
2539.279866 2.162767
2539.689329 2.111779
2540.098792 2.060932
2540.508254 2.031259
2540.917717 2.103006
2541.327180 2.125790
2541.736643 2.165228
2542.146105 2.169031
2542.555568 2.135578
2542.965031 2.127950
2543.374494 2.054427
2543.783956 2.054397
2544.193419 2.064269
2544.602882 2.053506
2545.012344 2.006167
2545.421807 2.065614
2545.831270 2.187836
2546.240733 2.102850
2546.650195 2.025139
2547.059658 2.049911
2547.469121 1.947124
2547.878584 2.036711
2548.288046 2.022769
2548.697509 2.048660
2549.106972 2.078383
2549.516435 2.098320
2549.925897 2.076971
2550.335360 2.068934
2550.744823 2.129345
2551.154286 2.121016
2551.563748 2.156055
2551.973211 2.110152
2552.382674 2.172214
2552.792136 2.087306
2553.201599 2.169621
2553.611062 2.181667
2554.020525 2.180375
2554.429987 2.130237
2554.839450 2.107911
2555.248913 2.216856
2555.658376 2.144926
2556.067838 2.146676
2556.477301 2.078389
2556.886764 2.182467
2557.296227 2.172918
2557.705689 2.139084
2558.115152 2.110363
2558.524615 2.040854
2558.934078 2.102041
2559.343540 2.098623
2559.753003 2.061445
2560.162466 1.981401
2560.571929 2.056073
2560.981391 2.089092
2561.390854 2.100751
2561.800317 2.122388
2562.209779 2.045257
2562.619242 2.020834
2563.028705 2.066989
2563.438168 2.121607
2563.847630 2.111287
2564.257093 2.120903
2564.666556 2.106746
2565.076019 2.031169
2565.485481 2.095507
2565.894944 2.114906
2566.304407 2.139096
2566.713870 2.226996
2567.123332 2.122940
2567.532795 2.084835
2567.942258 2.091824
2568.351721 2.132721
2568.761183 2.015523
2569.170646 2.031666
2569.580109 2.005928
2569.989572 1.979366
2570.399034 2.051486
2570.808497 2.091424
2571.217960 2.113912
2571.627422 2.010255
2572.036885 2.124440
2572.446348 2.150027
2572.855811 2.116725
2573.265273 2.016169
2573.674736 2.095726
2574.084199 2.086572
2574.493662 2.049188
2574.903124 2.126574
2575.312587 2.213536
2575.722050 2.212319
2576.131513 2.138983
2576.540975 2.070117
2576.950438 2.099224
2577.359901 2.035572
2577.769364 2.029471
2578.178826 2.067035
2578.588289 2.008529
2578.997752 2.046937
2579.407214 2.119082
2579.816677 2.160386
2580.226140 2.138479
2580.635603 2.079643
2581.045065 2.085705
2581.454528 2.071309
2581.863991 2.071980
2582.273454 2.046659
2582.682916 1.967698
2583.092379 1.894412
2583.501842 1.815200
2583.911305 1.821462
2584.320767 1.865943
2584.730230 1.946451
2585.139693 1.903552
2585.549156 1.877238
2585.958618 1.907977
2586.368081 1.859663
2586.777544 1.911424
2587.187007 1.900084
2587.596469 1.985388
2588.005932 2.032787
2588.415395 2.068649
2588.824857 2.026936
2589.234320 2.047015
2589.643783 2.010288
2590.053246 1.986742
2590.462708 1.946202
2590.872171 2.020999
2591.281634 2.056418
2591.691097 1.953827
2592.100559 2.008896
2592.510022 2.006852
2592.919485 2.024231
2593.328948 2.003945
2593.738410 2.010106
2594.147873 2.118538
2594.557336 2.097602
2594.966799 2.063281
2595.376261 2.021801
2595.785724 1.945896
2596.195187 1.815986
2596.604650 1.968637
2597.014112 1.885849
2597.423575 1.985702
2597.833038 1.924245
2598.242500 1.944872
2598.651963 1.874112
2599.061426 1.941888
2599.470889 1.990280
2599.880351 2.028200
2600.289814 1.981255
2600.699277 2.078981
2601.108740 1.973141
2601.518202 1.939763
2601.927665 2.015088
2602.337128 2.055118
2602.746591 2.046151
2603.156053 2.025509
2603.565516 2.036444
2603.974979 2.117266
2604.384442 2.082377
2604.793904 2.068033
2605.203367 2.030315
2605.612830 1.937765
2606.022292 1.964038
2606.431755 2.051959
2606.841218 2.029717
2607.250681 1.994351
2607.660143 2.025811
2608.069606 2.016167
2608.479069 2.057136
2608.888532 2.032079
2609.297994 2.017862
2609.707457 2.067604
2610.116920 2.038155
2610.526383 1.976681
2610.935845 1.950782
2611.345308 2.067965
2611.754771 2.133791
2612.164234 2.104300
2612.573696 2.137061
2612.983159 2.132138
2613.392622 2.089817
2613.802085 2.160065
2614.211547 2.063579
2614.621010 2.085392
2615.030473 2.031469
2615.439935 2.070042
2615.849398 1.944087
2616.258861 1.915602
2616.668324 1.970980
2617.077786 2.010280
2617.487249 1.957468
2617.896712 2.015153
2618.306175 2.065757
2618.715637 2.020165
2619.125100 2.174897
2619.534563 2.008867
2619.944026 2.054127
2620.353488 2.083822
2620.762951 2.101690
2621.172414 2.033741
2621.581877 2.007981
2621.991339 2.030117
2622.400802 2.049895
2622.810265 2.038770
2623.219728 2.124108
2623.629190 2.080236
2624.038653 2.114324
2624.448116 2.131649
2624.857578 2.095735
2625.267041 2.154014
2625.676504 2.147470
2626.085967 2.131794
2626.495429 2.148870
2626.904892 2.042644
2627.314355 2.078440
2627.723818 2.129155
2628.133280 2.155216
2628.542743 2.130480
2628.952206 2.064951
2629.361669 2.029741
2629.771131 2.069021
2630.180594 2.145346
2630.590057 2.137908
2630.999520 2.089013
2631.408982 2.097888
2631.818445 2.035428
2632.227908 2.013342
2632.637370 2.110901
2633.046833 2.005996
2633.456296 2.035157
2633.865759 2.051695
2634.275221 2.037605
2634.684684 2.011217
2635.094147 1.985491
2635.503610 1.998195
2635.913072 2.078795
2636.322535 1.999617
2636.731998 1.938357
2637.141461 1.925065
2637.550923 1.945054
2637.960386 1.970577
2638.369849 2.020062
2638.779312 2.007223
2639.188774 2.001418
2639.598237 1.986320
2640.007700 2.038245
2640.417163 1.970393
2640.826625 1.985376
2641.236088 2.054673
2641.645551 2.003490
2642.055013 2.081706
2642.464476 2.038805
2642.873939 2.019055
2643.283402 2.055214
2643.692864 2.020838
2644.102327 1.959590
2644.511790 1.977527
2644.921253 2.034239
2645.330715 2.001058
2645.740178 2.020931
2646.149641 2.009056
2646.559104 2.025947
2646.968566 1.968635
2647.378029 1.976404
2647.787492 1.968886
2648.196955 1.980862
2648.606417 1.939958
2649.015880 1.979533
2649.425343 1.990989
2649.834806 1.939315
2650.244268 1.923346
2650.653731 1.967203
2651.063194 1.991579
2651.472656 2.005468
2651.882119 1.974266
2652.291582 1.998612
2652.701045 1.998717
2653.110507 2.067033
2653.519970 2.015014
2653.929433 1.974101
2654.338896 1.965736
2654.748358 1.994393
2655.157821 1.970056
2655.567284 2.044532
2655.976747 1.998587
2656.386209 1.980429
2656.795672 1.929428
2657.205135 1.946327
2657.614598 1.957310
2658.024060 1.981340
2658.433523 2.060588
2658.842986 2.068194
2659.252448 2.014542
2659.661911 1.988318
2660.071374 2.045303
2660.480837 2.037377
2660.890299 2.035388
2661.299762 1.978505
2661.709225 1.916568
2662.118688 1.915741
2662.528150 1.924630
2662.937613 1.972879
2663.347076 1.999478
2663.756539 1.988668
2664.166001 1.947360
2664.575464 1.966685
2664.984927 1.907532
2665.394390 1.937845
2665.803852 1.989391
2666.213315 1.998872
2666.622778 1.939857
2667.032241 1.918800
2667.441703 2.018558
2667.851166 2.015216
2668.260629 2.003619
2668.670091 1.924405
2669.079554 1.911227
2669.489017 1.963858
2669.898480 2.002096
2670.307942 2.038094
2670.717405 2.025803
2671.126868 1.981708
2671.536331 2.029844
2671.945793 2.085560
2672.355256 2.149726
2672.764719 2.081899
2673.174182 2.049613
2673.583644 2.051346
2673.993107 2.032906
2674.402570 1.993198
2674.812033 1.944296
2675.221495 1.951459
2675.630958 1.908271
2676.040421 2.054386
2676.449884 2.041182
2676.859346 1.977405
2677.268809 1.938677
2677.678272 1.995463
2678.087734 2.015650
2678.497197 1.954741
2678.906660 1.968520
2679.316123 2.011082
2679.725585 2.117136
2680.135048 2.022179
2680.544511 1.905502
2680.953974 1.975113
2681.363436 1.986544
2681.772899 2.027910
2682.182362 2.042189
2682.591825 2.068269
2683.001287 2.079496
2683.410750 1.971795
2683.820213 2.007700
2684.229676 2.012614
2684.639138 1.973423
2685.048601 1.995813
2685.458064 2.050843
2685.867526 2.067462
2686.276989 2.094839
2686.686452 2.041160
2687.095915 2.040371
2687.505377 2.012728
2687.914840 2.075717
2688.324303 2.051739
2688.733766 2.040275
2689.143228 2.029639
2689.552691 2.009026
2689.962154 2.029840
2690.371617 2.012281
2690.781079 2.001784
2691.190542 2.038204
2691.600005 2.080128
2692.009468 2.018733
2692.418930 1.975531
2692.828393 1.961795
2693.237856 1.976759
2693.647319 1.970440
2694.056781 2.064079
2694.466244 2.018681
2694.875707 2.046478
2695.285169 2.108377
2695.694632 2.070387
2696.104095 2.059834
2696.513558 2.004209
2696.923020 1.997859
2697.332483 2.043028
2697.741946 2.009077
2698.151409 2.006819
2698.560871 2.025895
2698.970334 1.976541
2699.379797 1.927366
2699.789260 1.986528
2700.198722 2.091621
2700.608185 2.028483
2701.017648 1.991176
2701.427111 2.062280
2701.836573 2.106206
2702.246036 2.110143
2702.655499 2.017436
2703.064961 2.050518
2703.474424 2.050541
2703.883887 2.057765
2704.293350 2.087624
2704.702812 2.085584
2705.112275 2.109893
2705.521738 2.117123
2705.931201 2.039097
2706.340663 2.048465
2706.750126 1.997339
2707.159589 2.002726
2707.569052 2.004396
2707.978514 2.038589
2708.387977 2.006170
2708.797440 2.075536
2709.206903 2.142581
2709.616365 2.105113
2710.025828 2.164793
2710.435291 2.191104
2710.844754 2.159910
2711.254216 2.162105
2711.663679 2.104515
2712.073142 2.042234
2712.482604 2.111870
2712.892067 2.180447
2713.301530 2.142525
2713.710993 2.156644
2714.120455 2.111964
2714.529918 2.104047
2714.939381 2.085286
2715.348844 2.082141
2715.758306 2.136444
2716.167769 2.122901
2716.577232 2.168708
2716.986695 2.151194
2717.396157 2.069286
2717.805620 2.172037
2718.215083 2.102653
2718.624546 2.144527
2719.034008 2.210925
2719.443471 2.173255
2719.852934 2.102225
2720.262397 2.065988
2720.671859 2.034836
2721.081322 2.105372
2721.490785 2.217377
2721.900247 2.119752
2722.309710 2.083728
2722.719173 2.145681
2723.128636 2.128926
2723.538098 2.184056
2723.947561 2.190732
2724.357024 2.200248
2724.766487 2.138750
2725.175949 2.239026
2725.585412 2.291874
2725.994875 2.172460
2726.404338 1.992627
2726.813800 1.889537
2727.223263 1.911545
2727.632726 2.046581
2728.042189 2.254809
2728.451651 2.276393
2728.861114 2.161061
2729.270577 2.063212
2729.680039 2.139052
2730.089502 2.112473
2730.498965 2.147110
2730.908428 2.131137
2731.317890 2.136251
2731.727353 2.261466
2732.136816 2.355600
2732.546279 2.333136
2732.955741 2.303228
2733.365204 2.311462
2733.774667 2.367380
2734.184130 2.340826
2734.593592 2.352706
2735.003055 2.307557
2735.412518 2.317531
2735.821981 2.363924
2736.231443 2.349576
2736.640906 2.274880
2737.050369 2.196270
2737.459832 2.221823
2737.869294 2.193818
2738.278757 2.228481
2738.688220 2.221115
2739.097682 2.208013
2739.507145 2.156302
2739.916608 2.209575
2740.326071 2.216778
2740.735533 2.214337
2741.144996 2.336793
2741.554459 2.272939
2741.963922 2.266755
2742.373384 2.277447
2742.782847 2.401045
2743.192310 2.377212
2743.601773 2.377939
2744.011235 2.342965
2744.420698 2.359642
2744.830161 2.306710
2745.239624 2.252152
2745.649086 2.229865
2746.058549 2.278712
2746.468012 2.295233
2746.877475 2.300415
2747.286937 2.325871
2747.696400 2.302357
2748.105863 2.280739
2748.515325 2.354602
2748.924788 2.372831
2749.334251 2.363123
2749.743714 2.389358
2750.153176 2.376845
2750.562639 2.348230
2750.972102 2.335611
2751.381565 2.364548
2751.791027 2.412651
2752.200490 2.501040
2752.609953 2.490370
2753.019416 2.439908
2753.428878 2.400215
2753.838341 2.407179
2754.247804 2.478675
2754.657267 2.588516
2755.066729 2.576433
2755.476192 2.493995
2755.885655 2.455584
2756.295117 2.509987
2756.704580 2.526955
2757.114043 2.534139
2757.523506 2.502050
2757.932968 2.527834
2758.342431 2.660338
2758.751894 2.670362
2759.161357 2.582240
2759.570819 2.573938
2759.980282 2.547645
2760.389745 2.550041
2760.799208 2.561086
2761.208670 2.585537
2761.618133 2.557705
2762.027596 2.492271
2762.437059 2.564851
2762.846521 2.491613
2763.255984 2.467592
2763.665447 2.448372
2764.074910 2.406074
2764.484372 2.466186
2764.893835 2.422716
2765.303298 2.458964
2765.712760 2.445201
2766.122223 2.423993
2766.531686 2.393818
2766.941149 2.364029
2767.350611 2.350880
2767.760074 2.343652
2768.169537 2.429393
2768.579000 2.420291
2768.988462 2.375170
2769.397925 2.447148
2769.807388 2.495802
2770.216851 2.386121
2770.626313 2.387760
2771.035776 2.352427
2771.445239 2.451375
2771.854702 2.397553
2772.264164 2.420965
2772.673627 2.388431
2773.083090 2.339343
2773.492553 2.373529
2773.902015 2.282631
2774.311478 2.363918
2774.720941 2.407522
2775.130403 2.364612
2775.539866 2.315618
2775.949329 2.280992
2776.358792 2.179718
2776.768254 2.079237
2777.177717 1.966703
2777.587180 1.824404
2777.996643 1.676738
2778.406105 1.554477
2778.815568 1.587125
2779.225031 1.582694
2779.634494 1.745587
2780.043956 1.880395
2780.453419 2.043410
2780.862882 2.251925
2781.272345 2.421092
2781.681807 2.659290
2782.091270 2.751133
2782.500733 2.927230
2782.910195 3.560859
2783.319658 4.028425
2783.729121 5.126115
2784.138584 4.468355
2784.548046 3.981670
2784.957509 3.799319
2785.366972 3.697832
2785.776435 3.528405
2786.185897 3.631909
2786.595360 3.858427
2787.004823 3.606120
2787.414286 2.903843
2787.823748 2.603603
2788.233211 2.742815
2788.642674 2.833719
2789.052137 2.936016
2789.461599 3.105832
2789.871062 3.126432
2790.280525 3.143896
2790.689988 3.218475
2791.099450 3.163288
2791.508913 3.123860
2791.918376 3.137016
2792.327838 3.132875
2792.737301 3.226406
2793.146764 3.244309
2793.556227 3.098438
2793.965689 2.983132
2794.375152 2.862076
2794.784615 2.935814
2795.194078 2.998624
2795.603540 3.042533
2796.013003 3.204883
2796.422466 3.323160
2796.831929 3.346750
2797.241391 3.488158
2797.650854 3.547444
2798.060317 3.496456
2798.469780 3.366294
2798.879242 3.267469
2799.288705 3.115755
2799.698168 3.136003
2800.107631 3.097811
2800.517093 3.057854
2800.926556 3.047741
2801.336019 2.925164
2801.745481 2.917225
2802.154944 2.910593
2802.564407 2.925161
2802.973870 2.934108
2803.383332 3.027712
2803.792795 3.070929
2804.202258 3.109559
2804.611721 3.144033
2805.021183 3.226338
2805.430646 3.055043
2805.840109 3.078136
2806.249572 3.051382
2806.659034 3.018523
2807.068497 2.909177
2807.477960 2.860900
2807.887423 2.882700
2808.296885 2.868572
2808.706348 2.864749
2809.115811 2.801232
2809.525273 2.759941
2809.934736 2.752664
2810.344199 2.699110
2810.753662 2.656548
2811.163124 2.658619
2811.572587 2.643697
2811.982050 2.622840
2812.391513 2.609205
2812.800975 2.610388
2813.210438 2.605713
2813.619901 2.584194
2814.029364 2.549739
2814.438826 2.554226
2814.848289 2.609117
2815.257752 2.648799
2815.667215 2.558158
2816.076677 2.540031
2816.486140 2.544233
2816.895603 2.493140
2817.305066 2.553963
2817.714528 2.529167
2818.123991 2.509560
2818.533454 2.460020
2818.942916 2.437664
2819.352379 2.402467
2819.761842 2.516293
2820.171305 2.465339
2820.580767 2.434091
2820.990230 2.416381
2821.399693 2.375079
2821.809156 2.329934
2822.218618 2.386883
2822.628081 2.422245
2823.037544 2.370025
2823.447007 2.424425
2823.856469 2.373411
2824.265932 2.337158
2824.675395 2.384333
2825.084858 2.351592
2825.494320 2.372837
2825.903783 2.338058
2826.313246 2.391059
2826.722709 2.389695
2827.132171 2.393687
2827.541634 2.431820
2827.951097 2.406636
2828.360559 2.368899
2828.770022 2.355973
2829.179485 2.411250
2829.588948 2.445770
2829.998410 2.317272
2830.407873 2.350701
2830.817336 2.351601
2831.226799 2.347321
2831.636261 2.369369
2832.045724 2.260097
2832.455187 2.315146
2832.864650 2.308543
2833.274112 2.347325
2833.683575 2.323107
2834.093038 2.264571
2834.502501 2.306795
2834.911963 2.313591
2835.321426 2.284120
2835.730889 2.376539
2836.140351 2.324356
2836.549814 2.344425
2836.959277 2.356698
2837.368740 2.311248
2837.778202 2.289229
2838.187665 2.305670
2838.597128 2.194659
2839.006591 2.251914
2839.416053 2.381925
2839.825516 2.299970
2840.234979 2.230285
2840.644442 2.136972
2841.053904 2.186225
2841.463367 2.241986
2841.872830 2.271800
2842.282293 2.262244
2842.691755 2.214690
2843.101218 2.151140
2843.510681 2.176524
2843.920144 2.245948
2844.329606 2.233354
2844.739069 2.234023
2845.148532 2.159342
2845.557994 2.209820
2845.967457 2.167757
2846.376920 2.240624
2846.786383 2.220724
2847.195845 2.180747
2847.605308 2.169078
2848.014771 2.159244
2848.424234 2.119711
2848.833696 2.042051
2849.243159 2.060778
2849.652622 2.142605
2850.062085 2.144101
2850.471547 2.090885
2850.881010 2.026514
2851.290473 2.079474
2851.699936 2.195224
2852.109398 2.098875
2852.518861 2.036296
2852.928324 2.043745
2853.337787 2.132819
2853.747249 2.157567
2854.156712 2.139134
2854.566175 2.104316
2854.975637 2.097279
2855.385100 2.067334
2855.794563 2.098386
2856.204026 2.026150
2856.613488 2.026652
2857.022951 2.101173
2857.432414 2.067255
2857.841877 2.007274
2858.251339 2.121973
2858.660802 2.104520
2859.070265 2.183041
2859.479728 2.060790
2859.889190 2.104454
2860.298653 2.092010
2860.708116 2.001161
2861.117579 2.024733
2861.527041 2.008883
2861.936504 1.992330
2862.345967 2.040434
2862.755429 2.039070
2863.164892 2.076411
2863.574355 2.026974
2863.983818 1.933085
2864.393280 1.990890
2864.802743 1.986049
2865.212206 1.986280
2865.621669 2.032588
2866.031131 2.012582
2866.440594 2.054676
2866.850057 2.046949
2867.259520 2.008113
2867.668982 1.982689
2868.078445 1.999676
2868.487908 2.009287
2868.897371 2.056357
2869.306833 1.987050
2869.716296 2.063589
2870.125759 2.044303
2870.535222 1.983430
2870.944684 1.939389
2871.354147 1.916485
2871.763610 1.956827
2872.173072 2.042388
2872.582535 1.991176
2872.991998 2.002200
2873.401461 2.039924
2873.810923 2.083028
2874.220386 2.058808
2874.629849 1.982872
2875.039312 1.967660
2875.448774 2.008801
2875.858237 1.955677
2876.267700 1.920096
2876.677163 1.988176
2877.086625 2.069906
2877.496088 2.109063
2877.905551 2.025863
2878.315014 2.014425
2878.724476 2.040429
2879.133939 2.019093
2879.543402 2.046039
2879.952865 2.012751
2880.362327 1.986209
2880.771790 1.917079
2881.181253 1.905963
2881.590715 1.871256
2882.000178 1.853106
2882.409641 1.920971
2882.819104 1.977211
2883.228566 1.979769
2883.638029 1.974711
2884.047492 1.995100
2884.456955 1.968157
2884.866417 1.967050
2885.275880 1.983590
2885.685343 2.016572
2886.094806 1.940861
2886.504268 1.963284
2886.913731 1.960701
2887.323194 2.008714
2887.732657 1.972624
2888.142119 2.051616
2888.551582 2.003630
2888.961045 1.921565
2889.370507 1.919119
2889.779970 1.935605
2890.189433 1.925462
2890.598896 1.940268
2891.008358 1.953163
2891.417821 1.859884
2891.827284 1.871389
2892.236747 1.951883
2892.646209 1.943715
2893.055672 1.985896
2893.465135 1.986641
2893.874598 1.975325
2894.284060 1.975379
2894.693523 1.920931
2895.102986 1.923035
2895.512449 1.947693
2895.921911 1.998214
2896.331374 1.945403
2896.740837 1.867250
2897.150300 1.892019
2897.559762 1.886144
2897.969225 1.901143
2898.378688 1.957726
2898.788150 1.866436
2899.197613 1.913076
2899.607076 1.861220
2900.016539 1.879386
2900.426001 1.887840
2900.835464 1.879011
2901.244927 1.968362
2901.654390 2.038072
2902.063852 1.927872
2902.473315 1.976166
2902.882778 1.961231
2903.292241 1.909046
2903.701703 1.874836
2904.111166 1.853700
2904.520629 1.938696
2904.930092 1.911380
2905.339554 1.922660
2905.749017 1.922527
2906.158480 1.923127
2906.567942 1.882736
2906.977405 1.887017
2907.386868 1.970040
2907.796331 1.955564
2908.205793 1.983324
2908.615256 1.941820
2909.024719 1.956645
2909.434182 1.954888
2909.843644 1.920692
2910.253107 1.975143
2910.662570 1.878418
2911.072033 1.916626
2911.481495 1.923442
2911.890958 1.861071
2912.300421 1.897944
2912.709884 1.895865
2913.119346 1.909140
2913.528809 1.904933
2913.938272 1.851681
2914.347735 1.838314
2914.757197 1.972398
2915.166660 1.899281
2915.576123 1.975878
2915.985585 1.920580
2916.395048 1.836494
2916.804511 1.897053
2917.213974 1.903643
2917.623436 1.847083
2918.032899 1.947530
2918.442362 2.006485
2918.851825 1.973444
2919.261287 2.057895
2919.670750 1.975195
2920.080213 1.997912
2920.489676 1.939339
2920.899138 1.965515
2921.308601 1.952536
2921.718064 1.955358
2922.127527 1.966513
2922.536989 1.955715
2922.946452 1.900510
2923.355915 1.827100
2923.765378 1.883180
2924.174840 1.979058
2924.584303 1.998230
2924.993766 1.942819
2925.403228 1.938636
2925.812691 1.884440
2926.222154 1.890820
2926.631617 1.902830
2927.041079 1.885178
2927.450542 1.912359
2927.860005 1.920462
2928.269468 1.892331
2928.678930 1.919595
2929.088393 1.905461
2929.497856 1.904445
2929.907319 1.926274
2930.316781 1.846551
2930.726244 1.920627
2931.135707 1.925788
2931.545170 1.978384
2931.954632 1.938788
2932.364095 1.994339
2932.773558 2.005840
2933.183020 1.946507
2933.592483 1.945376
2934.001946 2.005023
2934.411409 2.055029
2934.820871 1.902121
2935.230334 1.898115
2935.639797 1.857932
2936.049260 1.916900
2936.458722 1.986077
2936.868185 1.978974
2937.277648 1.950699
2937.687111 1.972016
2938.096573 1.970005
2938.506036 2.016119
2938.915499 2.081430
2939.324962 2.269105
2939.734424 2.398674
2940.143887 2.078321
2940.553350 1.721912
2940.962813 1.221119
2941.372275 1.151845
2941.781738 1.288894
2942.191201 2.202735
2942.600663 2.666079
2943.010126 2.575263
2943.419589 2.118379
2943.829052 1.480568
2944.238514 1.442488
2944.647977 1.458776
2945.057440 1.948644
2945.466903 2.105816
2945.876365 2.269839
2946.285828 2.061844
2946.695291 1.909227
2947.104754 1.805908
2947.514216 1.761351
2947.923679 1.823435
2948.333142 1.902969
2948.742605 1.867439
2949.152067 1.909519
2949.561530 1.864607
2949.970993 1.851605
2950.380456 1.875649
2950.789918 1.919318
2951.199381 1.944351
2951.608844 1.919963
2952.018306 1.962106
2952.427769 1.942877
2952.837232 1.970457
2953.246695 1.885361
2953.656157 1.791590
2954.065620 1.804978
2954.475083 1.931338
2954.884546 1.928561
2955.294008 1.931533
2955.703471 1.941860
2956.112934 1.895739
2956.522397 1.805883
2956.931859 1.850711
2957.341322 1.826786
2957.750785 1.928955
2958.160248 1.890926
2958.569710 1.893429
2958.979173 1.941313
2959.388636 1.946879
2959.798098 1.985923
2960.207561 2.000980
2960.617024 2.050385
2961.026487 2.057302
2961.435949 1.979828
2961.845412 1.918686
2962.254875 1.815692
2962.664338 1.779339
2963.073800 1.814818
2963.483263 1.930085
2963.892726 1.959574
2964.302189 1.941697
2964.711651 1.970956
2965.121114 1.986271
2965.530577 1.939403
2965.940040 1.857272
2966.349502 1.851117
2966.758965 1.878195
2967.168428 1.772564
2967.577891 1.871687
2967.987353 1.914987
2968.396816 2.016819
2968.806279 1.751202
2969.215741 1.742700
2969.625204 1.858480
2970.034667 1.916882
2970.444130 1.904282
2970.853592 1.874011
2971.263055 1.963901
2971.672518 2.025799
2972.081981 1.945221
2972.491443 1.898264
2972.900906 1.911133
2973.310369 1.871013
2973.719832 1.863707
2974.129294 1.897439
2974.538757 1.952633
2974.948220 1.837519
2975.357683 1.817842
2975.767145 1.898399
2976.176608 1.914711
2976.586071 2.007247
2976.995534 1.958763
2977.404996 1.865706
2977.814459 1.856911
2978.223922 1.863775
2978.633384 1.893386
2979.042847 1.831803
2979.452310 1.841188
2979.861773 1.947453
2980.271235 1.912531
2980.680698 1.759156
2981.090161 1.766200
2981.499624 1.724546
2981.909086 1.817038
2982.318549 1.861480
2982.728012 1.911391
2983.137475 1.883086
2983.546937 1.877445
2983.956400 1.842226
2984.365863 1.869825
2984.775326 1.856733
2985.184788 1.923304
2985.594251 1.876043
2986.003714 1.896782
2986.413176 1.936327
2986.822639 1.893563
2987.232102 1.863077
2987.641565 1.805083
2988.051027 1.846199
2988.460490 1.841576
2988.869953 1.733565
2989.279416 1.731691
2989.688878 1.760281
2990.098341 1.787558
2990.507804 1.806159
2990.917267 1.833409
2991.326729 1.830865
2991.736192 1.863423
2992.145655 1.854922
2992.555118 1.852761
2992.964580 1.864985
2993.374043 1.798344
2993.783506 1.734348
2994.192969 1.759478
2994.602431 1.783904
2995.011894 1.800939
2995.421357 1.829501
2995.830819 1.850453
2996.240282 1.808652
2996.649745 1.850278
2997.059208 1.820438
2997.468670 1.774757
2997.878133 1.790190
2998.287596 1.798462
2998.697059 1.864155
2999.106521 1.832747
2999.515984 1.856144
2999.925447 1.814164
3000.334910 1.856454
3000.744372 1.932338
3001.153835 1.845404
3001.563298 1.854811
3001.972761 1.804168
3002.382223 1.800975
3002.791686 1.819455
3003.201149 1.840610
3003.610612 1.856563
3004.020074 1.767089
3004.429537 1.715898
3004.839000 1.729901
3005.248462 1.805352
3005.657925 1.838747
3006.067388 1.793721
3006.476851 1.827038
3006.886313 1.852123
3007.295776 1.786742
3007.705239 1.740380
3008.114702 1.800905
3008.524164 1.829789
3008.933627 1.826742
3009.343090 1.800378
3009.752553 1.796320
3010.162015 1.826946
3010.571478 1.881137
3010.980941 1.961642
3011.390404 1.860065
3011.799866 1.789486
3012.209329 1.789505
3012.618792 1.725153
3013.028254 1.750997
3013.437717 1.731376
3013.847180 1.776202
3014.256643 1.782588
3014.666105 1.699737
3015.075568 1.713761
3015.485031 1.709809
3015.894494 1.761478
3016.303956 1.809640
3016.713419 1.792141
3017.122882 1.808236
3017.532345 1.790634
3017.941807 1.787103
3018.351270 1.763350
3018.760733 1.794327
3019.170196 1.797795
3019.579658 1.826088
3019.989121 1.810641
3020.398584 1.788256
3020.808047 1.751693
3021.217509 1.878698
3021.626972 1.926708
3022.036435 1.824100
3022.445897 1.835333
3022.855360 1.790001
3023.264823 1.853448
3023.674286 1.772607
3024.083748 1.712264
3024.493211 1.707563
3024.902674 1.815094
3025.312137 1.786169
3025.721599 1.854903
3026.131062 1.838011
3026.540525 1.772552
3026.949988 1.799767
3027.359450 1.786220
3027.768913 1.752674
3028.178376 1.794921
3028.587839 1.829067
3028.997301 1.846505
3029.406764 1.834556
3029.816227 1.830747
3030.225690 1.807043
3030.635152 1.811177
3031.044615 1.803141
3031.454078 1.810795
3031.863540 1.785843
3032.273003 1.798737
3032.682466 1.784139
3033.091929 1.809361
3033.501391 1.752414
3033.910854 1.804638
3034.320317 1.713592
3034.729780 1.685007
3035.139242 1.770166
3035.548705 1.837889
3035.958168 1.780775
3036.367631 1.814315
3036.777093 1.833664
3037.186556 1.736430
3037.596019 1.657719
3038.005482 1.807634
3038.414944 1.857826
3038.824407 1.847057
3039.233870 1.790315
3039.643332 1.730252
3040.052795 1.812998
3040.462258 1.797738
3040.871721 1.788501
3041.281183 1.716730
3041.690646 1.801902
3042.100109 1.799486
3042.509572 1.811344
3042.919034 1.785754
3043.328497 1.845497
3043.737960 1.828920
3044.147423 1.868051
3044.556885 1.881884
3044.966348 1.890478
3045.375811 1.862023
3045.785274 1.906128
3046.194736 1.878117
3046.604199 1.954626
3047.013662 1.952098
3047.423125 1.808408
3047.832587 1.829383
3048.242050 1.731451
3048.651513 1.808010
3049.060975 1.863730
3049.470438 1.929621
3049.879901 1.981211
3050.289364 1.912452
3050.698826 1.875399
3051.108289 1.775768
3051.517752 1.792910
3051.927215 1.739446
3052.336677 1.763105
3052.746140 1.757308
3053.155603 1.786438
3053.565066 1.832997
3053.974528 1.844386
3054.383991 1.877239
3054.793454 1.892654
3055.202917 1.822863
3055.612379 1.754275
3056.021842 1.774213
3056.431305 1.835703
3056.840768 1.788198
3057.250230 1.716128
3057.659693 1.807107
3058.069156 1.780483
3058.478618 1.821625
3058.888081 1.847190
3059.297544 1.756057
3059.707007 1.718015
3060.116469 1.727642
3060.525932 1.771104
3060.935395 1.809238
3061.344858 1.691514
3061.754320 1.752461
3062.163783 1.681393
3062.573246 1.738975
3062.982709 1.808181
3063.392171 1.750319
3063.801634 1.754551
3064.211097 1.814056
3064.620560 1.856256
3065.030022 1.751348
3065.439485 1.760759
3065.848948 1.847347
3066.258410 1.825931
3066.667873 1.762130
3067.077336 1.842965
3067.486799 1.783454
3067.896261 1.813332
3068.305724 1.844993
3068.715187 1.808172
3069.124650 1.834646
3069.534112 1.816618
3069.943575 1.848766
3070.353038 1.821664
3070.762501 1.797157
3071.171963 1.747305
3071.581426 1.728770
3071.990889 1.738994
3072.400352 1.781100
3072.809814 1.756537
3073.219277 1.796380
3073.628740 1.769122
3074.038203 1.741685
3074.447665 1.717542
3074.857128 1.789517
3075.266591 1.817254
3075.676053 1.777888
3076.085516 1.743052
3076.494979 1.746547
3076.904442 1.721310
3077.313904 1.785840
3077.723367 1.777540
3078.132830 1.793868
3078.542293 1.822063
3078.951755 1.771209
3079.361218 1.739835
3079.770681 1.756039
3080.180144 1.816044
3080.589606 1.786885
3080.999069 1.774760
3081.408532 1.809510
3081.817995 1.788071
3082.227457 1.816373
3082.636920 1.853930
3083.046383 1.882912
3083.455845 1.892341
3083.865308 1.833646
3084.274771 1.830114
3084.684234 1.910607
3085.093696 1.874839
3085.503159 1.781379
3085.912622 1.695028
3086.322085 1.754370
3086.731547 1.785659
3087.141010 1.770318
3087.550473 1.784356
3087.959936 1.784516
3088.369398 1.725917
3088.778861 1.748762
3089.188324 1.795580
3089.597787 1.832429
3090.007249 1.819373
3090.416712 1.846894
3090.826175 1.854706
3091.235638 1.858235
3091.645100 1.893629
3092.054563 1.855191
3092.464026 1.826652
3092.873488 1.833798
3093.282951 1.832000
3093.692414 1.820511
3094.101877 1.828757
3094.511339 1.748137
3094.920802 1.672031
3095.330265 1.799535
3095.739728 1.848319
3096.149190 1.893488
3096.558653 1.798050
3096.968116 1.767758
3097.377579 1.775888
3097.787041 1.784981
3098.196504 1.718156
3098.605967 1.718760
3099.015430 1.789046
3099.424892 1.826733
3099.834355 1.808141
3100.243818 1.830547
3100.653281 1.800885
3101.062743 1.880611
3101.472206 1.844099
3101.881669 1.849356
3102.291131 1.826811
3102.700594 1.839882
3103.110057 1.884623
3103.519520 1.859416
3103.928982 1.885053
3104.338445 1.835235
3104.747908 1.948014
3105.157371 1.840325
3105.566833 1.851606
3105.976296 1.897625
3106.385759 1.883170
3106.795222 1.886595
3107.204684 1.858908
3107.614147 1.875266
3108.023610 1.879205
3108.433073 1.899758
3108.842535 1.838751
3109.251998 1.780147
3109.661461 1.781030
3110.070923 1.836726
3110.480386 1.845514
3110.889849 1.824219
3111.299312 1.866660
3111.708774 1.918034
3112.118237 1.972697
3112.527700 1.964262
3112.937163 1.922529
3113.346625 1.810998
3113.756088 1.836691
3114.165551 1.929600
3114.575014 1.876228
3114.984476 1.909335
3115.393939 1.972365
3115.803402 1.948621
3116.212865 1.929475
3116.622327 1.908866
3117.031790 1.836160
3117.441253 1.847843
3117.850716 1.953298
3118.260178 2.013642
3118.669641 1.900178
3119.079104 1.936139
3119.488566 1.905061
3119.898029 1.972461
3120.307492 1.995121
3120.716955 1.966959
3121.126417 1.929404
3121.535880 1.943159
3121.945343 1.911163
3122.354806 1.922155
3122.764268 1.938595
3123.173731 1.902379
3123.583194 1.875632
3123.992657 1.880348
3124.402119 1.960241
3124.811582 1.945530
3125.221045 1.953322
3125.630508 1.928567
3126.039970 1.962602
3126.449433 1.956294
3126.858896 1.917035
3127.268359 1.903805
3127.677821 2.016235
3128.087284 1.960245
3128.496747 1.949464
3128.906209 1.939478
3129.315672 1.997764
3129.725135 2.042777
3130.134598 2.028845
3130.544060 1.959162
3130.953523 2.061937
3131.362986 2.167505
3131.772449 2.185095
3132.181911 2.275168
3132.591374 2.279251
3133.000837 2.240154
3133.410300 2.276934
3133.819762 2.165797
3134.229225 2.129037
3134.638688 2.107016
3135.048151 2.048963
3135.457613 1.974304
3135.867076 1.932567
3136.276539 1.951572
3136.686001 1.900763
3137.095464 1.901365
3137.504927 1.848630
3137.914390 1.877599
3138.323852 1.899866
3138.733315 1.921827
3139.142778 1.886092
3139.552241 1.900881
3139.961703 1.992243
3140.371166 1.889903
3140.780629 1.883219
3141.190092 1.917113
3141.599554 1.810073
3142.009017 1.783288
3142.418480 1.855848
3142.827943 1.837445
3143.237405 1.806260
3143.646868 1.901658
3144.056331 1.932124
3144.465794 2.004426
3144.875256 1.900581
3145.284719 1.914688
3145.694182 1.829269
3146.103644 2.124498
3146.513107 2.245804
3146.922570 2.308036
3147.332033 2.060109
3147.741495 1.951709
3148.150958 1.806283
3148.560421 1.889243
3148.969884 1.993284
3149.379346 2.102745
3149.788809 2.080014
3150.198272 2.031130
3150.607735 1.935763
3151.017197 1.843914
3151.426660 1.773769
3151.836123 1.688235
3152.245586 1.652848
3152.655048 1.727047
3153.064511 1.810338
3153.473974 1.834141
3153.883437 1.808446
3154.292899 1.827520
3154.702362 1.838489
3155.111825 1.814879
3155.521287 1.881190
3155.930750 1.910567
3156.340213 1.842082
3156.749676 1.822854
3157.159138 1.750205
3157.568601 1.770130
3157.978064 1.800706
3158.387527 1.790941
3158.796989 1.755056
3159.206452 1.892564
3159.615915 1.901641
3160.025378 1.882887
3160.434840 1.886640
3160.844303 1.807911
3161.253766 1.840122
3161.663229 1.783657
3162.072691 1.781220
3162.482154 1.870106
3162.891617 1.841855
3163.301079 1.782545
3163.710542 1.808914
3164.120005 1.789631
3164.529468 1.726645
3164.938930 1.711101
3165.348393 1.721750
3165.757856 1.747488
3166.167319 1.742420
3166.576781 1.697658
3166.986244 1.697273
3167.395707 1.618373
3167.805170 1.625252
3168.214632 1.667223
3168.624095 1.678607
3169.033558 1.672127
3169.443021 1.622491
3169.852483 1.549325
3170.261946 1.638526
3170.671409 1.706912
3171.080872 1.750894
3171.490334 1.753472
3171.899797 1.735223
3172.309260 1.779830
3172.718722 1.808337
3173.128185 1.903185
3173.537648 1.945174
3173.947111 1.819262
3174.356573 1.831827
3174.766036 1.776788
3175.175499 1.814131
3175.584962 1.780467
3175.994424 1.956954
3176.403887 2.006161
3176.813350 1.821517
3177.222813 1.780216
3177.632275 1.766160
3178.041738 1.871167
3178.451201 1.851280
3178.860664 1.913650
3179.270126 1.917424
3179.679589 1.881469
3180.089052 1.877319
3180.498515 1.829360
3180.907977 1.787886
3181.317440 1.746688
3181.726903 1.794858
3182.136365 1.766505
3182.545828 1.825863
3182.955291 1.778736
3183.364754 1.811859
3183.774216 1.853505
3184.183679 1.817467
3184.593142 1.828655
3185.002605 1.854217
3185.412067 1.815396
3185.821530 1.851397
3186.230993 1.888894
3186.640456 1.892572
3187.049918 1.887638
3187.459381 1.920452
3187.868844 1.954545
3188.278307 1.897182
3188.687769 1.867324
3189.097232 1.874397
3189.506695 1.825475
3189.916157 1.869050
3190.325620 1.874658
3190.735083 1.792106
3191.144546 1.787350
3191.554008 1.803703
3191.963471 1.791517
3192.372934 1.797499
3192.782397 1.760794
3193.191859 1.777757
3193.601322 1.794468
3194.010785 1.827041
3194.420248 1.863738
3194.829710 1.830626
3195.239173 1.851786
3195.648636 1.843195
3196.058099 1.895016
3196.467561 1.853825
3196.877024 1.824426
3197.286487 1.846375
3197.695950 1.794884
3198.105412 1.806891
3198.514875 1.776065
3198.924338 1.862589
3199.333800 1.877493
3199.743263 1.799089
3200.152726 1.857556
3200.562189 1.915285
3200.971651 1.942288
3201.381114 2.006584
3201.790577 2.006813
3202.200040 2.040965
3202.609502 2.144033
3203.018965 2.212546
3203.428428 2.171798
3203.837891 2.095641
3204.247353 2.029506
3204.656816 2.029608
3205.066279 1.990496
3205.475742 1.939948
3205.885204 1.899601
3206.294667 1.925035
3206.704130 1.935269
3207.113593 1.886121
3207.523055 1.863180
3207.932518 1.872178
3208.341981 1.855947
3208.751443 1.838388
3209.160906 1.784985
3209.570369 1.773675
3209.979832 1.727396
3210.389294 1.697780
3210.798757 1.772134
3211.208220 1.754800
3211.617683 1.799871
3212.027145 1.767982
3212.436608 1.706167
3212.846071 1.753660
3213.255534 1.776794
3213.664996 1.787064
3214.074459 1.765199
3214.483922 1.814279
3214.893385 1.869894
3215.302847 1.782139
3215.712310 1.874206
3216.121773 1.872542
3216.531235 1.873246
3216.940698 1.869176
3217.350161 1.905083
3217.759624 1.811109
3218.169086 1.722981
3218.578549 1.777925
3218.988012 1.832134
3219.397475 1.785318
3219.806937 1.734047
3220.216400 1.712860
3220.625863 1.703033
3221.035326 1.728905
3221.444788 1.690230
3221.854251 1.721898
3222.263714 1.777571
3222.673177 1.807892
3223.082639 1.836597
3223.492102 1.795275
3223.901565 1.781172
3224.311028 1.784462
3224.720490 1.708574
3225.129953 1.691206
3225.539416 1.741224
3225.948878 1.764454
3226.358341 1.738383
3226.767804 1.678821
3227.177267 1.738529
3227.586729 1.714665
3227.996192 1.717895
3228.405655 1.750098
3228.815118 1.811129
3229.224580 1.799096
3229.634043 1.854927
3230.043506 1.802255
3230.452969 1.825038
3230.862431 1.708450
3231.271894 1.743960
3231.681357 1.736878
3232.090820 1.723100
3232.500282 1.703789
3232.909745 1.732802
3233.319208 1.785575
3233.728671 1.821482
3234.138133 1.807804
3234.547596 1.777592
3234.957059 1.772955
3235.366521 1.723847
3235.775984 1.714265
3236.185447 1.757106
3236.594910 1.778311
3237.004372 1.781243
3237.413835 1.775920
3237.823298 1.811001
3238.232761 1.737737
3238.642223 1.678317
3239.051686 1.657172
3239.461149 1.705023
3239.870612 1.762964
3240.280074 1.722367
3240.689537 1.675062
3241.099000 1.695539
3241.508463 1.741822
3241.917925 1.730650
3242.327388 1.792331
3242.736851 1.800287
3243.146313 1.803748
3243.555776 1.721787
3243.965239 1.758440
3244.374702 1.766358
3244.784164 1.780200
3245.193627 1.789572
3245.603090 1.843490
3246.012553 1.850117
3246.422015 1.733815
3246.831478 1.671580
3247.240941 1.727839
3247.650404 1.763312
3248.059866 1.771721
3248.469329 1.771623
3248.878792 1.756336
3249.288255 1.719609
3249.697717 1.690559
3250.107180 1.718188
3250.516643 1.769435
3250.926106 1.738468
3251.335568 1.672832
3251.745031 1.677805
3252.154494 1.815480
3252.563956 1.780147
3252.973419 1.734295
3253.382882 1.752442
3253.792345 1.674741
3254.201807 1.700017
3254.611270 1.730343
3255.020733 1.753744
3255.430196 1.816816
3255.839658 1.811037
3256.249121 1.801058
3256.658584 1.678595
3257.068047 1.784686
3257.477509 1.769645
3257.886972 1.740308
3258.296435 1.734951
3258.705898 1.770283
3259.115360 1.814907
3259.524823 1.805260
3259.934286 1.729715
3260.343749 1.642106
3260.753211 1.765707
3261.162674 1.778552
3261.572137 1.856755
3261.981599 1.744437
3262.391062 1.695590
3262.800525 1.628982
3263.209988 1.643370
3263.619450 1.708886
3264.028913 1.758258
3264.438376 1.742631
3264.847839 1.647732
3265.257301 1.669086
3265.666764 1.680478
3266.076227 1.695000
3266.485690 1.699422
3266.895152 1.676067
3267.304615 1.706691
3267.714078 1.785563
3268.123541 1.770894
3268.533003 1.724267
3268.942466 1.642521
3269.351929 1.718159
3269.761391 1.728855
3270.170854 1.725997
3270.580317 1.701991
3270.989780 1.791252
3271.399242 1.845219
3271.808705 1.713694
3272.218168 1.691968
3272.627631 1.691159
3273.037093 1.754144
3273.446556 1.708013
3273.856019 1.733177
3274.265482 1.743071
3274.674944 1.728108
3275.084407 1.737087
3275.493870 1.731820
3275.903333 1.730254
3276.312795 1.744885
3276.722258 1.732084
3277.131721 1.740588
3277.541184 1.812149
3277.950646 1.793000
3278.360109 1.734722
3278.769572 1.649016
3279.179034 1.720984
3279.588497 1.717192
3279.997960 1.748393
3280.407423 1.732033
3280.816885 1.715100
3281.226348 1.724803
3281.635811 1.761345
3282.045274 1.734108
3282.454736 1.750778
3282.864199 1.759459
3283.273662 1.798104
3283.683125 1.790488
3284.092587 1.696774
3284.502050 1.776477
3284.911513 1.831500
3285.320976 1.784409
3285.730438 1.728847
3286.139901 1.671969
3286.549364 1.678696
3286.958826 1.687314
3287.368289 1.664537
3287.777752 1.633763
3288.187215 1.685672
3288.596677 1.760062
3289.006140 1.722277
3289.415603 1.737409
3289.825066 1.714195
3290.234528 1.675321
3290.643991 1.663108
3291.053454 1.630012
3291.462917 1.629746
3291.872379 1.648833
3292.281842 1.664744
3292.691305 1.721469
3293.100768 1.766827
3293.510230 1.706992
3293.919693 1.723361
3294.329156 1.672974
3294.738619 1.671478
3295.148081 1.637775
3295.557544 1.668604
3295.967007 1.673800
3296.376469 1.741915
3296.785932 1.752151
3297.195395 1.753436
3297.604858 1.794046
3298.014320 1.741334
3298.423783 1.668374
3298.833246 1.709055
3299.242709 1.708610
3299.652171 1.685352
3300.061634 1.638755
3300.471097 1.630433
3300.880560 1.629857
3301.290022 1.665085
3301.699485 1.690950
3302.108948 1.688986
3302.518411 1.687289
3302.927873 1.667984
3303.337336 1.728258
3303.746799 1.702395
3304.156262 1.698493
3304.565724 1.689880
3304.975187 1.677971
3305.384650 1.627214
3305.794112 1.665644
3306.203575 1.702009
3306.613038 1.756210
3307.022501 1.690728
3307.431963 1.709849
3307.841426 1.732865
3308.250889 1.655998
3308.660352 1.637946
3309.069814 1.739402
3309.479277 1.793138
3309.888740 1.753349
3310.298203 1.657979
3310.707665 1.677071
3311.117128 1.667726
3311.526591 1.691193
3311.936054 1.718100
3312.345516 1.737094
3312.754979 1.717471
3313.164442 1.693370
3313.573904 1.711777
3313.983367 1.741722
3314.392830 1.738175
3314.802293 1.738990
3315.211755 1.689020
3315.621218 1.692183
3316.030681 1.697864
3316.440144 1.757413
3316.849606 1.739867
3317.259069 1.710417
3317.668532 1.737722
3318.077995 1.691533
3318.487457 1.676121
3318.896920 1.644581
3319.306383 1.669256
3319.715846 1.670919
3320.125308 1.687256
3320.534771 1.710855
3320.944234 1.681539
3321.353697 1.647526
3321.763159 1.656987
3322.172622 1.689015
3322.582085 1.667085
3322.991547 1.699777
3323.401010 1.694609
3323.810473 1.686328
3324.219936 1.767248
3324.629398 1.795575
3325.038861 1.753116
3325.448324 1.724448
3325.857787 1.751260
3326.267249 1.707967
3326.676712 1.703897
3327.086175 1.720783
3327.495638 1.779275
3327.905100 1.707600
3328.314563 1.677010
3328.724026 1.678207
3329.133489 1.720566
3329.542951 1.671976
3329.952414 1.616342
3330.361877 1.681139
3330.771340 1.646084
3331.180802 1.721527
3331.590265 1.743854
3331.999728 1.727429
3332.409190 1.677350
3332.818653 1.740089
3333.228116 1.692186
3333.637579 1.724139
3334.047041 1.635317
3334.456504 1.683508
3334.865967 1.748861
3335.275430 1.721404
3335.684892 1.691579
3336.094355 1.697437
3336.503818 1.692391
3336.913281 1.672140
3337.322743 1.745346
3337.732206 1.761747
3338.141669 1.743605
3338.551132 1.707705
3338.960594 1.724233
3339.370057 1.768444
3339.779520 1.801459
3340.188982 1.791366
3340.598445 1.831668
3341.007908 1.840978
3341.417371 1.878330
3341.826833 1.897403
3342.236296 1.885666
3342.645759 1.907312
3343.055222 2.004117
3343.464684 2.117965
3343.874147 2.183277
3344.283610 2.221267
3344.693073 2.277672
3345.102535 2.427757
3345.511998 2.435216
3345.921461 2.443667
3346.330924 2.419815
3346.740386 2.420553
3347.149849 2.348922
3347.559312 2.290927
3347.968775 2.183408
3348.378237 2.043155
3348.787700 1.945293
3349.197163 1.891278
3349.606625 1.838136
3350.016088 1.792414
3350.425551 1.828259
3350.835014 1.783161
3351.244476 1.727512
3351.653939 1.690946
3352.063402 1.695863
3352.472865 1.716478
3352.882327 1.726795
3353.291790 1.650952
3353.701253 1.635764
3354.110716 1.705234
3354.520178 1.676413
3354.929641 1.677443
3355.339104 1.728485
3355.748567 1.722950
3356.158029 1.655280
3356.567492 1.651883
3356.976955 1.604908
3357.386418 1.663446
3357.795880 1.635336
3358.205343 1.637243
3358.614806 1.524247
3359.024268 1.563342
3359.433731 1.599585
3359.843194 1.654921
3360.252657 1.685074
3360.662119 1.661592
3361.071582 1.670393
3361.481045 1.674314
3361.890508 1.637568
3362.299970 1.645978
3362.709433 1.657241
3363.118896 1.665619
3363.528359 1.645685
3363.937821 1.635618
3364.347284 1.630820
3364.756747 1.648883
3365.166210 1.635992
3365.575672 1.610393
3365.985135 1.611737
3366.394598 1.589594
3366.804060 1.636574
3367.213523 1.629868
3367.622986 1.669935
3368.032449 1.615491
3368.441911 1.622278
3368.851374 1.634027
3369.260837 1.628632
3369.670300 1.640888
3370.079762 1.632402
3370.489225 1.602720
3370.898688 1.622671
3371.308151 1.647416
3371.717613 1.642899
3372.127076 1.660191
3372.536539 1.654989
3372.946002 1.658376
3373.355464 1.608197
3373.764927 1.668956
3374.174390 1.627396
3374.583853 1.630344
3374.993315 1.638435
3375.402778 1.691071
3375.812241 1.667705
3376.221703 1.711708
3376.631166 1.727172
3377.040629 1.699069
3377.450092 1.668776
3377.859554 1.634151
3378.269017 1.677692
3378.678480 1.649606
3379.087943 1.705621
3379.497405 1.689051
3379.906868 1.692935
3380.316331 1.693055
3380.725794 1.680879
3381.135256 1.702538
3381.544719 1.655800
3381.954182 1.637284
3382.363645 1.664765
3382.773107 1.638321
3383.182570 1.670269
3383.592033 1.674820
3384.001496 1.728658
3384.410958 1.710760
3384.820421 1.645366
3385.229884 1.632502
3385.639346 1.669114
3386.048809 1.613144
3386.458272 1.655274
3386.867735 1.683031
3387.277197 1.664498
3387.686660 1.626336
3388.096123 1.589763
3388.505586 1.701148
3388.915048 1.693284
3389.324511 1.758602
3389.733974 1.803552
3390.143437 1.725241
3390.552899 1.646250
3390.962362 1.558540
3391.371825 1.651712
3391.781288 1.675012
3392.190750 1.697835
3392.600213 1.743188
3393.009676 1.697033
3393.419138 1.602153
3393.828601 1.608064
3394.238064 1.580038
3394.647527 1.617448
3395.056989 1.661680
3395.466452 1.644822
3395.875915 1.589270
3396.285378 1.693135
3396.694840 1.707031
3397.104303 1.715800
3397.513766 1.689862
3397.923229 1.721688
3398.332691 1.678160
3398.742154 1.648337
3399.151617 1.682474
3399.561080 1.660842
3399.970542 1.615424
3400.380005 1.604226
3400.789468 1.613607
3401.198931 1.680086
3401.608393 1.672310
3402.017856 1.670660
3402.427319 1.674610
3402.836781 1.698846
3403.246244 1.715784
3403.655707 1.743763
3404.065170 1.730854
3404.474632 1.688842
3404.884095 1.752916
3405.293558 1.761923
3405.703021 1.797965
3406.112483 1.731352
3406.521946 1.707075
3406.931409 1.714108
3407.340872 1.657034
3407.750334 1.781211
3408.159797 1.750143
3408.569260 1.820222
3408.978723 1.850043
3409.388185 1.741989
3409.797648 1.661045
3410.207111 1.678661
3410.616574 1.664544
3411.026036 1.768539
3411.435499 1.720182
3411.844962 1.673181
3412.254424 1.769761
3412.663887 1.776931
3413.073350 1.781173
3413.482813 1.728832
3413.892275 1.721516
3414.301738 1.773878
3414.711201 1.780134
3415.120664 1.784375
3415.530126 1.837811
3415.939589 1.838706
3416.349052 1.834863
3416.758515 1.919376
3417.167977 1.863313
3417.577440 1.819200
3417.986903 1.756884
3418.396366 1.853734
3418.805828 1.889837
3419.215291 1.870887
3419.624754 1.929063
3420.034216 1.966199
3420.443679 1.914279
3420.853142 1.946283
3421.262605 1.969197
3421.672067 2.048548
3422.081530 2.130314
3422.490993 2.241513
3422.900456 2.398894
3423.309918 2.570899
3423.719381 2.833345
3424.128844 3.101245
3424.538307 3.409140
3424.947769 3.547237
3425.357232 3.652938
3425.766695 3.763125
3426.176158 3.799284
3426.585620 3.676717
3426.995083 3.506782
3427.404546 3.269063
3427.814009 3.008712
3428.223471 2.895208
3428.632934 2.754573
3429.042397 2.569251
3429.451859 2.414375
3429.861322 2.276536
3430.270785 2.184388
3430.680248 2.050869
3431.089710 2.035241
3431.499173 2.020463
3431.908636 1.974014
3432.318099 1.942600
3432.727561 1.925346
3433.137024 1.889262
3433.546487 1.860513
3433.955950 1.813765
3434.365412 1.795565
3434.774875 1.747175
3435.184338 1.772395
3435.593801 1.783778
3436.003263 1.797275
3436.412726 1.764610
3436.822189 1.731715
3437.231652 1.621637
3437.641114 1.698506
3438.050577 1.704027
3438.460040 1.754306
3438.869502 1.744953
3439.278965 1.742323
3439.688428 1.754250
3440.097891 1.745235
3440.507353 1.770196
3440.916816 1.697229
3441.326279 1.683194
3441.735742 1.662749
3442.145204 1.722449
3442.554667 1.725877
3442.964130 1.713697
3443.373593 1.765309
3443.783055 1.812316
3444.192518 1.792441
3444.601981 1.767793
3445.011444 1.803608
3445.420906 1.770346
3445.830369 1.658175
3446.239832 1.658906
3446.649294 1.686749
3447.058757 1.636411
3447.468220 1.653867
3447.877683 1.630800
3448.287145 1.713721
3448.696608 1.635430
3449.106071 1.624672
3449.515534 1.680483
3449.924996 1.711411
3450.334459 1.713593
3450.743922 1.652962
3451.153385 1.688566
3451.562847 1.657856
3451.972310 1.671246
3452.381773 1.698526
3452.791236 1.668572
3453.200698 1.637859
3453.610161 1.650284
3454.019624 1.639382
3454.429087 1.618228
3454.838549 1.637250
3455.248012 1.653145
3455.657475 1.680644
3456.066937 1.682088
3456.476400 1.645459
3456.885863 1.715011
3457.295326 1.650523
3457.704788 1.571642
3458.114251 1.501067
3458.523714 1.587938
3458.933177 1.592237
3459.342639 1.587489
3459.752102 1.546999
3460.161565 1.569427
3460.571028 1.539215
3460.980490 1.619551
3461.389953 1.605157
3461.799416 1.628194
3462.208879 1.626413
3462.618341 1.639971
3463.027804 1.636857
3463.437267 1.649885
3463.846730 1.667711
3464.256192 1.665061
3464.665655 1.586534
3465.075118 1.591724
3465.484580 1.574879
3465.894043 1.625228
3466.303506 1.597413
3466.712969 1.625628
3467.122431 1.602901
3467.531894 1.578782
3467.941357 1.502108
3468.350820 1.552143
3468.760282 1.692721
3469.169745 1.730424
3469.579208 1.695680
3469.988671 1.726840
3470.398133 1.641623
3470.807596 1.541917
3471.217059 1.602101
3471.626522 1.602105
3472.035984 1.574250
3472.445447 1.563409
3472.854910 1.588207
3473.264372 1.612215
3473.673835 1.610703
3474.083298 1.602004
3474.492761 1.519525
3474.902223 1.521972
3475.311686 1.561759
3475.721149 1.551111
3476.130612 1.540774
3476.540074 1.597015
3476.949537 1.603226
3477.359000 1.605185
3477.768463 1.579599
3478.177925 1.589156
3478.587388 1.603765
3478.996851 1.597885
3479.406314 1.568208
3479.815776 1.582288
3480.225239 1.590789
3480.634702 1.580217
3481.044165 1.625575
3481.453627 1.597108
3481.863090 1.599502
3482.272553 1.647104
3482.682015 1.641895
3483.091478 1.634864
3483.500941 1.700868
3483.910404 1.631715
3484.319866 1.636644
3484.729329 1.571710
3485.138792 1.591130
3485.548255 1.578982
3485.957717 1.536097
3486.367180 1.599523
3486.776643 1.633755
3487.186106 1.593888
3487.595568 1.525655
3488.005031 1.488689
3488.414494 1.460577
3488.823957 1.486672
3489.233419 1.530697
3489.642882 1.596360
3490.052345 1.599987
3490.461807 1.645733
3490.871270 1.584431
3491.280733 1.528199
3491.690196 1.545027
3492.099658 1.535419
3492.509121 1.523550
3492.918584 1.572786
3493.328047 1.600969
3493.737509 1.606601
3494.146972 1.573321
3494.556435 1.576989
3494.965898 1.565454
3495.375360 1.580490
3495.784823 1.631317
3496.194286 1.513929
3496.603749 1.628714
3497.013211 1.551071
3497.422674 1.568506
3497.832137 1.601813
3498.241600 1.577543
3498.651062 1.620778
3499.060525 1.571482
3499.469988 1.548637
3499.879450 1.571610
3500.288913 1.588863
3500.698376 1.600641
3501.107839 1.555999
3501.517301 1.578833
3501.926764 1.611269
3502.336227 1.619209
3502.745690 1.603761
3503.155152 1.565882
3503.564615 1.453640
3503.974078 1.533826
3504.383541 1.576341
3504.793003 1.609245
3505.202466 1.582231
3505.611929 1.609821
3506.021392 1.542325
3506.430854 1.590890
3506.840317 1.545533
3507.249780 1.542932
3507.659243 1.567796
3508.068705 1.555797
3508.478168 1.576505
3508.887631 1.585483
3509.297093 1.645777
3509.706556 1.555258
3510.116019 1.538379
3510.525482 1.494034
3510.934944 1.507883
3511.344407 1.531284
3511.753870 1.613225
3512.163333 1.561468
3512.572795 1.604237
3512.982258 1.548100
3513.391721 1.594671
3513.801184 1.570210
3514.210646 1.598560
3514.620109 1.559114
3515.029572 1.491608
3515.439035 1.535175
3515.848497 1.512665
3516.257960 1.482882
3516.667423 1.520361
3517.076885 1.545395
3517.486348 1.596062
3517.895811 1.584315
3518.305274 1.588358
3518.714736 1.576709
3519.124199 1.611969
3519.533662 1.605578
3519.943125 1.597473
3520.352587 1.599937
3520.762050 1.564054
3521.171513 1.571271
3521.580976 1.563060
3521.990438 1.555943
3522.399901 1.532764
3522.809364 1.511116
3523.218827 1.543286
3523.628289 1.545576
3524.037752 1.542275
3524.447215 1.578853
3524.856678 1.571846
3525.266140 1.564248
3525.675603 1.496408
3526.085066 1.566428
3526.494528 1.529546
3526.903991 1.540077
3527.313454 1.464409
3527.722917 1.492010
3528.132379 1.501096
3528.541842 1.489067
3528.951305 1.558322
3529.360768 1.560365
3529.770230 1.570718
3530.179693 1.595431
3530.589156 1.551846
3530.998619 1.543270
3531.408081 1.562850
3531.817544 1.562557
3532.227007 1.519599
3532.636470 1.527118
3533.045932 1.543717
3533.455395 1.573826
3533.864858 1.562470
3534.274321 1.527625
3534.683783 1.473907
3535.093246 1.454530
3535.502709 1.510972
3535.912171 1.535080
3536.321634 1.551591
3536.731097 1.548526
3537.140560 1.569967
3537.550022 1.560269
3537.959485 1.539963
3538.368948 1.616728
3538.778411 1.588377
3539.187873 1.613771
3539.597336 1.608074
3540.006799 1.573852
3540.416262 1.592174
3540.825724 1.555287
3541.235187 1.555860
3541.644650 1.523280
3542.054113 1.502806
3542.463575 1.514087
3542.873038 1.498656
3543.282501 1.500822
3543.691963 1.539736
3544.101426 1.530496
3544.510889 1.509257
3544.920352 1.538395
3545.329814 1.527511
3545.739277 1.517310
3546.148740 1.527240
3546.558203 1.538798
3546.967665 1.545532
3547.377128 1.591309
3547.786591 1.552925
3548.196054 1.558657
3548.605516 1.543639
3549.014979 1.570369
3549.424442 1.537410
3549.833905 1.547133
3550.243367 1.508924
3550.652830 1.525552
3551.062293 1.514886
3551.471756 1.518397
3551.881218 1.470882
3552.290681 1.478518
3552.700144 1.490787
3553.109606 1.506136
3553.519069 1.487270
3553.928532 1.554315
3554.337995 1.542801
3554.747457 1.544450
3555.156920 1.515414
3555.566383 1.536517
3555.975846 1.474550
3556.385308 1.476210
3556.794771 1.476460
3557.204234 1.526100
3557.613697 1.534536
3558.023159 1.544538
3558.432622 1.584568
3558.842085 1.538156
3559.251548 1.510968
3559.661010 1.518224
3560.070473 1.508913
3560.479936 1.494104
3560.889399 1.497466
3561.298861 1.514708
3561.708324 1.556324
3562.117787 1.575541
3562.527249 1.515351
3562.936712 1.488853
3563.346175 1.445044
3563.755638 1.466666
3564.165100 1.518588
3564.574563 1.522183
3564.984026 1.466525
3565.393489 1.512199
3565.802951 1.538050
3566.212414 1.498372
3566.621877 1.511431
3567.031340 1.523847
3567.440802 1.491054
3567.850265 1.506621
3568.259728 1.505130
3568.669191 1.519022
3569.078653 1.533620
3569.488116 1.549907
3569.897579 1.483913
3570.307041 1.493206
3570.716504 1.503173
3571.125967 1.544279
3571.535430 1.541440
3571.944892 1.561785
3572.354355 1.558849
3572.763818 1.509076
3573.173281 1.521924
3573.582743 1.470044
3573.992206 1.523705
3574.401669 1.542774
3574.811132 1.523704
3575.220594 1.504076
3575.630057 1.477947
3576.039520 1.518837
3576.448983 1.473519
3576.858445 1.496498
3577.267908 1.496454
3577.677371 1.516742
3578.086834 1.476755
3578.496296 1.461364
3578.905759 1.523170
3579.315222 1.552929
3579.724684 1.531504
3580.134147 1.543910
3580.543610 1.537146
3580.953073 1.560380
3581.362535 1.578087
3581.771998 1.530704
3582.181461 1.516760
3582.590924 1.510632
3583.000386 1.494257
3583.409849 1.512823
3583.819312 1.554597
3584.228775 1.556448
3584.638237 1.560796
3585.047700 1.544697
3585.457163 1.577997
3585.866626 1.559140
3586.276088 1.540306
3586.685551 1.525029
3587.095014 1.530285
3587.504477 1.595831
3587.913939 1.568004
3588.323402 1.534646
3588.732865 1.561993
3589.142327 1.545007
3589.551790 1.531564
3589.961253 1.543433
3590.370716 1.573686
3590.780178 1.491676
3591.189641 1.540609
3591.599104 1.525548
3592.008567 1.500443
3592.418029 1.495095
3592.827492 1.529933
3593.236955 1.532899
3593.646418 1.562445
3594.055880 1.493219
3594.465343 1.492707
3594.874806 1.487079
3595.284269 1.565037
3595.693731 1.541851
3596.103194 1.506410
3596.512657 1.482975
3596.922119 1.508615
3597.331582 1.508993
3597.741045 1.556098
3598.150508 1.496194
3598.559970 1.486197
3598.969433 1.387964
3599.378896 1.449801
3599.788359 1.461616
3600.197821 1.510087
3600.607284 1.536551
3601.016747 1.533198
3601.426210 1.541419
3601.835672 1.503491
3602.245135 1.510280
3602.654598 1.481474
3603.064061 1.468409
3603.473523 1.456012
3603.882986 1.456624
3604.292449 1.481929
3604.701912 1.461813
3605.111374 1.556049
3605.520837 1.485749
3605.930300 1.541307
3606.339762 1.499874
3606.749225 1.492537
3607.158688 1.470826
3607.568151 1.488572
3607.977613 1.470692
3608.387076 1.535814
3608.796539 1.545509
3609.206002 1.554257
3609.615464 1.491227
3610.024927 1.452536
3610.434390 1.512733
3610.843853 1.505926
3611.253315 1.509149
3611.662778 1.441887
3612.072241 1.484147
3612.481704 1.423473
3612.891166 1.477400
3613.300629 1.533747
3613.710092 1.599826
3614.119555 1.612920
3614.529017 1.596494
3614.938480 1.629610
3615.347943 1.589694
3615.757405 1.541852
3616.166868 1.556977
3616.576331 1.670612
3616.985794 1.633658
3617.395256 1.733481
3617.804719 1.646523
3618.214182 1.537279
3618.623645 1.524960
3619.033107 1.438519
3619.442570 1.452545
3619.852033 1.495979
3620.261496 1.514211
3620.670958 1.569070
3621.080421 1.642050
3621.489884 1.611675
3621.899347 1.558223
3622.308809 1.502434
3622.718272 1.538293
3623.127735 1.556299
3623.537197 1.535188
3623.946660 1.549873
3624.356123 1.494461
3624.765586 1.536961
3625.175048 1.545314
3625.584511 1.538200
3625.993974 1.459594
3626.403437 1.515081
3626.812899 1.503991
3627.222362 1.493836
3627.631825 1.504982
3628.041288 1.542643
3628.450750 1.539431
3628.860213 1.487744
3629.269676 1.480255
3629.679139 1.473593
3630.088601 1.536772
3630.498064 1.446576
3630.907527 1.471868
3631.316990 1.555603
3631.726452 1.628452
3632.135915 1.735224
3632.545378 1.736392
3632.954840 1.734420
3633.364303 1.534266
3633.773766 1.438131
3634.183229 1.451111
3634.592691 1.467911
3635.002154 1.465920
3635.411617 1.486899
3635.821080 1.506963
3636.230542 1.560532
3636.640005 1.574564
3637.049468 1.595862
3637.458931 1.609544
3637.868393 1.576490
3638.277856 1.494298
3638.687319 1.517793
3639.096782 1.518117
3639.506244 1.555469
3639.915707 1.573500
3640.325170 1.513265
3640.734633 1.461572
3641.144095 1.452631
3641.553558 1.508365
3641.963021 1.512679
3642.372483 1.446936
3642.781946 1.440625
3643.191409 1.470310
3643.600872 1.476829
3644.010334 1.466051
3644.419797 1.481154
3644.829260 1.479954
3645.238723 1.543264
3645.648185 1.561758
3646.057648 1.546257
3646.467111 1.567828
3646.876574 1.565462
3647.286036 1.515515
3647.695499 1.554558
3648.104962 1.471992
3648.514425 1.413491
3648.923887 1.444109
3649.333350 1.494483
3649.742813 1.431252
3650.152275 1.425195
3650.561738 1.441636
3650.971201 1.465408
3651.380664 1.471855
3651.790126 1.602709
3652.199589 1.639010
3652.609052 1.721453
3653.018515 1.652041
3653.427977 1.378692
3653.837440 1.338935
3654.246903 1.363949
3654.656366 1.356372
3655.065828 1.366991
3655.475291 1.406188
3655.884754 1.458198
3656.294217 1.504326
3656.703679 1.502191
3657.113142 1.459838
3657.522605 1.458225
3657.932068 1.487271
3658.341530 1.587328
3658.750993 1.602077
3659.160456 1.555383
3659.569918 1.476247
3659.979381 1.478299
3660.388844 1.429083
3660.798307 1.389765
3661.207769 1.302897
3661.617232 1.419923
3662.026695 1.511429
3662.436158 1.457834
3662.845620 1.409659
3663.255083 1.448634
3663.664546 1.424510
3664.074009 1.606333
3664.483471 1.723244
3664.892934 1.775892
3665.302397 1.603140
3665.711860 1.487052
3666.121322 1.176152
3666.530785 1.319540
3666.940248 1.339120
3667.349711 1.427908
3667.759173 1.520733
3668.168636 1.492188
3668.578099 1.450584
3668.987561 1.422159
3669.397024 1.439563
3669.806487 1.477003
3670.215950 1.482628
3670.625412 1.478853
3671.034875 1.481011
3671.444338 1.449972
3671.853801 1.486728
3672.263263 1.449389
3672.672726 1.532883
3673.082189 1.543832
3673.491652 1.584110
3673.901114 1.584970
3674.310577 1.500275
3674.720040 1.459651
3675.129503 1.403988
3675.538965 1.365973
3675.948428 1.413929
3676.357891 1.400212
3676.767353 1.421435
3677.176816 1.432375
3677.586279 1.449961
3677.995742 1.517397
3678.405204 1.541414
3678.814667 1.595074
3679.224130 1.651359
3679.633593 1.555063
3680.043055 1.387182
3680.452518 1.303817
3680.861981 1.336413
3681.271444 1.324951
3681.680906 1.344266
3682.090369 1.371530
3682.499832 1.431514
3682.909295 1.432554
3683.318757 1.416381
3683.728220 1.412704
3684.137683 1.389197
3684.547146 1.399571
3684.956608 1.401396
3685.366071 1.476447
3685.775534 1.469299
3686.184996 1.437143
3686.594459 1.423318
3687.003922 1.446938
3687.413385 1.434420
3687.822847 1.406681
3688.232310 1.400369
3688.641773 1.337070
3689.051236 1.312129
3689.460698 1.397348
3689.870161 1.491885
3690.279624 1.493613
3690.689087 1.512118
3691.098549 1.479378
3691.508012 1.459333
3691.917475 1.444577
3692.326938 1.468046
3692.736400 1.462154
3693.145863 1.448253
3693.555326 1.417383
3693.964788 1.429347
3694.374251 1.404140
3694.783714 1.483477
3695.193177 1.491654
3695.602639 1.522133
3696.012102 1.494863
3696.421565 1.410372
3696.831028 1.350485
3697.240490 1.327454
3697.649953 1.373995
3698.059416 1.433663
3698.468879 1.459444
3698.878341 1.415933
3699.287804 1.392539
3699.697267 1.385115
3700.106730 1.365275
3700.516192 1.389631
3700.925655 1.425672
3701.335118 1.440170
3701.744581 1.421882
3702.154043 1.422735
3702.563506 1.436786
3702.972969 1.407924
3703.382431 1.422679
3703.791894 1.390594
3704.201357 1.447871
3704.610820 1.459106
3705.020282 1.459992
3705.429745 1.452146
3705.839208 1.396765
3706.248671 1.408798
3706.658133 1.392774
3707.067596 1.411382
3707.477059 1.404868
3707.886522 1.403101
3708.295984 1.386804
3708.705447 1.457164
3709.114910 1.476490
3709.524373 1.484541
3709.933835 1.451675
3710.343298 1.471804
3710.752761 1.454722
3711.162224 1.438860
3711.571686 1.439800
3711.981149 1.453497
3712.390612 1.465507
3712.800074 1.509807
3713.209537 1.557352
3713.619000 1.529411
3714.028463 1.477471
3714.437925 1.457173
3714.847388 1.469127
3715.256851 1.426953
3715.666314 1.461423
3716.075776 1.428860
3716.485239 1.432861
3716.894702 1.479262
3717.304165 1.463482
3717.713627 1.502790
3718.123090 1.472603
3718.532553 1.463963
3718.942016 1.407635
3719.351478 1.464442
3719.760941 1.489188
3720.170404 1.567767
3720.579866 1.532923
3720.989329 1.564518
3721.398792 1.652597
3721.808255 1.709382
3722.217717 1.814050
3722.627180 1.939572
3723.036643 2.164390
3723.446106 2.410013
3723.855568 2.711497
3724.265031 3.064391
3724.674494 3.409473
3725.083957 3.846224
3725.493419 4.275300
3725.902882 4.627357
3726.312345 4.965584
3726.721808 5.230108
3727.131270 5.333306
3727.540733 5.503645
3727.950196 5.578582
3728.359659 5.648876
3728.769121 5.481329
3729.178584 5.312763
3729.588047 4.954198
3729.997509 4.577543
3730.406972 4.145324
3730.816435 3.689310
3731.225898 3.330076
3731.635360 3.006946
3732.044823 2.700184
3732.454286 2.427686
3732.863749 2.161533
3733.273211 1.961353
3733.682674 1.826080
3734.092137 1.711204
3734.501600 1.582158
3734.911062 1.518124
3735.320525 1.495317
3735.729988 1.465508
3736.139451 1.454018
3736.548913 1.450305
3736.958376 1.401155
3737.367839 1.442072
3737.777302 1.399863
3738.186764 1.408465
3738.596227 1.395343
3739.005690 1.382949
3739.415152 1.401748
3739.824615 1.376324
3740.234078 1.399277
3740.643541 1.409003
3741.053003 1.405873
3741.462466 1.416036
3741.871929 1.374494
3742.281392 1.396035
3742.690854 1.416945
3743.100317 1.477197
3743.509780 1.411007
3743.919243 1.408443
3744.328705 1.425478
3744.738168 1.464181
3745.147631 1.405415
3745.557094 1.392391
3745.966556 1.407924
3746.376019 1.391723
3746.785482 1.394485
3747.194944 1.404562
3747.604407 1.378641
3748.013870 1.429085
3748.423333 1.403418
3748.832795 1.402624
3749.242258 1.408956
3749.651721 1.354640
3750.061184 1.402085
3750.470646 1.409580
3750.880109 1.385563
3751.289572 1.457083
3751.699035 1.463072
3752.108497 1.443602
3752.517960 1.463447
3752.927423 1.456272
3753.336886 1.484980
3753.746348 1.503196
3754.155811 1.434922
3754.565274 1.429418
3754.974737 1.445648
3755.384199 1.495691
3755.793662 1.524703
3756.203125 1.499108
3756.612587 1.411291
3757.022050 1.421941
3757.431513 1.512040
3757.840976 1.508178
3758.250438 1.534669
3758.659901 1.545520
3759.069364 1.524999
3759.478827 1.563706
3759.888289 1.530970
3760.297752 1.550079
3760.707215 1.562091
3761.116678 1.541657
3761.526140 1.555758
3761.935603 1.515015
3762.345066 1.439053
3762.754529 1.423991
3763.163991 1.449962
3763.573454 1.460149
3763.982917 1.470642
3764.392380 1.471557
3764.801842 1.466928
3765.211305 1.417019
3765.620768 1.381001
3766.030230 1.387070
3766.439693 1.390945
3766.849156 1.371973
3767.258619 1.381755
3767.668081 1.413695
3768.077544 1.368497
3768.487007 1.419766
3768.896470 1.421972
3769.305932 1.435759
3769.715395 1.440143
3770.124858 1.433185
3770.534321 1.414112
3770.943783 1.423052
3771.353246 1.416636
3771.762709 1.376197
3772.172172 1.338236
3772.581634 1.339635
3772.991097 1.430932
3773.400560 1.415028
3773.810022 1.367996
3774.219485 1.376843
3774.628948 1.377064
3775.038411 1.345491
3775.447873 1.356269
3775.857336 1.382733
3776.266799 1.311634
3776.676262 1.352013
3777.085724 1.335740
3777.495187 1.369168
3777.904650 1.372769
3778.314113 1.409649
3778.723575 1.411634
3779.133038 1.447154
3779.542501 1.456608
3779.951964 1.404522
3780.361426 1.376838
3780.770889 1.411698
3781.180352 1.388264
3781.589815 1.440766
3781.999277 1.410221
3782.408740 1.422846
3782.818203 1.399821
3783.227665 1.389304
3783.637128 1.455314
3784.046591 1.441301
3784.456054 1.448411
3784.865516 1.450978
3785.274979 1.413202
3785.684442 1.400620
3786.093905 1.475085
3786.503367 1.483582
3786.912830 1.454973
3787.322293 1.423223
3787.731756 1.446130
3788.141218 1.437295
3788.550681 1.469630
3788.960144 1.453680
3789.369607 1.448874
3789.779069 1.455385
3790.188532 1.414640
3790.597995 1.408688
3791.007458 1.382288
3791.416920 1.397657
3791.826383 1.385723
3792.235846 1.366148
3792.645308 1.379284
3793.054771 1.354734
3793.464234 1.369966
3793.873697 1.384129
3794.283159 1.381972
3794.692622 1.416227
3795.102085 1.305304
3795.511548 1.390490
3795.921010 1.396979
3796.330473 1.404336
3796.739936 1.269214
3797.149399 1.268851
3797.558861 1.309494
3797.968324 1.280510
3798.377787 1.352490
3798.787250 1.333221
3799.196712 1.306241
3799.606175 1.300031
3800.015638 1.263776
3800.425100 1.225241
3800.834563 1.256766
3801.244026 1.299131
3801.653489 1.302627
3802.062951 1.350415
3802.472414 1.390209
3802.881877 1.364646
3803.291340 1.430810
3803.700802 1.373183
3804.110265 1.437902
3804.519728 1.436859
3804.929191 1.423404
3805.338653 1.418064
3805.748116 1.382288
3806.157579 1.360022
3806.567042 1.309211
3806.976504 1.378325
3807.385967 1.418188
3807.795430 1.382802
3808.204893 1.377822
3808.614355 1.379508
3809.023818 1.428390
3809.433281 1.379023
3809.842743 1.370603
3810.252206 1.362405
3810.661669 1.280160
3811.071132 1.288492
3811.480594 1.397224
3811.890057 1.434185
3812.299520 1.474924
3812.708983 1.430713
3813.118445 1.396342
3813.527908 1.404713
3813.937371 1.419111
3814.346834 1.463286
3814.756296 1.401395
3815.165759 1.331831
3815.575222 1.351529
3815.984685 1.364350
3816.394147 1.377299
3816.803610 1.387136
3817.213073 1.418375
3817.622536 1.384812
3818.031998 1.371047
3818.441461 1.382941
3818.850924 1.405280
3819.260386 1.411778
3819.669849 1.398199
3820.079312 1.381045
3820.488775 1.419186
3820.898237 1.383126
3821.307700 1.437018
3821.717163 1.400474
3822.126626 1.359640
3822.536088 1.334961
3822.945551 1.314562
3823.355014 1.296277
3823.764477 1.342268
3824.173939 1.360318
3824.583402 1.360147
3824.992865 1.387040
3825.402328 1.439747
3825.811790 1.401030
3826.221253 1.423879
3826.630716 1.417718
3827.040178 1.338797
3827.449641 1.318817
3827.859104 1.290416
3828.268567 1.274629
3828.678029 1.307389
3829.087492 1.343516
3829.496955 1.347708
3829.906418 1.301586
3830.315880 1.318714
3830.725343 1.283845
3831.134806 1.325273
3831.544269 1.351250
3831.953731 1.347799
3832.363194 1.392433
3832.772657 1.296709
3833.182120 1.295620
3833.591582 1.369475
3834.001045 1.363403
3834.410508 1.389099
3834.819971 1.399918
3835.229433 1.408007
3835.638896 1.447225
3836.048359 1.438080
3836.457821 1.422045
3836.867284 1.443145
3837.276747 1.410644
3837.686210 1.361228
3838.095672 1.325818
3838.505135 1.330594
3838.914598 1.309882
3839.324061 1.315775
3839.733523 1.356457
3840.142986 1.318848
3840.552449 1.302722
3840.961912 1.300732
3841.371374 1.320277
3841.780837 1.326971
3842.190300 1.330668
3842.599763 1.330740
3843.009225 1.365190
3843.418688 1.336515
3843.828151 1.375703
3844.237614 1.391240
3844.647076 1.316314
3845.056539 1.353372
3845.466002 1.354347
3845.875464 1.301810
3846.284927 1.298635
3846.694390 1.295675
3847.103853 1.345419
3847.513315 1.310438
3847.922778 1.290823
3848.332241 1.335794
3848.741704 1.324176
3849.151166 1.379444
3849.560629 1.373061
3849.970092 1.434707
3850.379555 1.556301
3850.789017 1.548978
3851.198480 1.622677
3851.607943 1.496002
3852.017406 1.443348
3852.426868 1.492870
3852.836331 1.510166
3853.245794 1.566880
3853.655256 1.518528
3854.064719 1.239100
3854.474182 1.257000
3854.883645 1.281830
3855.293107 1.364542
3855.702570 1.417818
3856.112033 1.497662
3856.521496 1.570319
3856.930958 1.507659
3857.340421 1.450554
3857.749884 1.412356
3858.159347 1.384215
3858.568809 1.400611
3858.978272 1.401736
3859.387735 1.454533
3859.797198 1.447839
3860.206660 1.452709
3860.616123 1.500727
3861.025586 1.500396
3861.435049 1.503971
3861.844511 1.521213
3862.253974 1.549728
3862.663437 1.519356
3863.072899 1.481114
3863.482362 1.471796
3863.891825 1.504431
3864.301288 1.503767
3864.710750 1.484902
3865.120213 1.560236
3865.529676 1.652286
3865.939139 1.886782
3866.348601 2.102549
3866.758064 2.399182
3867.167527 2.720612
3867.576990 3.069264
3867.986452 3.369663
3868.395915 3.562840
3868.805378 3.668062
3869.214841 3.783038
3869.624303 3.637080
3870.033766 3.467470
3870.443229 2.956698
3870.852692 2.431233
3871.262154 2.271096
3871.671617 2.174954
3872.081080 2.056446
3872.490542 2.005432
3872.900005 1.938046
3873.309468 1.914681
3873.718931 1.769315
3874.128393 1.725784
3874.537856 1.734211
3874.947319 1.661674
3875.356782 1.583686
3875.766244 1.537873
3876.175707 1.458128
3876.585170 1.470122
3876.994633 1.487088
3877.404095 1.459104
3877.813558 1.441689
3878.223021 1.417842
3878.632484 1.455795
3879.041946 1.466809
3879.451409 1.489191
3879.860872 1.482199
3880.270334 1.463642
3880.679797 1.391937
3881.089260 1.437973
3881.498723 1.460612
3881.908185 1.424824
3882.317648 1.373013
3882.727111 1.390964
3883.136574 1.401842
3883.546036 1.383749
3883.955499 1.438315
3884.364962 1.469300
3884.774425 1.434421
3885.183887 1.470096
3885.593350 1.450096
3886.002813 1.417986
3886.412276 1.478322
3886.821738 1.556457
3887.231201 1.633860
3887.640664 1.645710
3888.050127 1.669590
3888.459589 1.722709
3888.869052 1.756329
3889.278515 1.726078
3889.687977 1.726325
3890.097440 1.756581
3890.506903 1.780718
3890.916366 1.620021
3891.325828 1.714638
3891.735291 1.631190
3892.144754 1.493538
3892.554217 1.431696
3892.963679 1.259230
3893.373142 1.173425
3893.782605 1.239185
3894.192068 1.345022
3894.601530 1.342043
3895.010993 1.348116
3895.420456 1.362275
3895.829919 1.350009
3896.239381 1.345253
3896.648844 1.340166
3897.058307 1.364936
3897.467769 1.409257
3897.877232 1.446599
3898.286695 1.380263
3898.696158 1.389697
3899.105620 1.336302
3899.515083 1.273344
3899.924546 1.250120
3900.334009 1.200629
3900.743471 1.243575
3901.152934 1.300267
3901.562397 1.347170
3901.971860 1.361086
3902.381322 1.355393
3902.790785 1.346486
3903.200248 1.299982
3903.609711 1.417867
3904.019173 1.378174
3904.428636 1.434851
3904.838099 1.559140
3905.247562 1.621838
3905.657024 1.474696
3906.066487 1.402935
3906.475950 1.254739
3906.885412 1.142773
3907.294875 1.147315
3907.704338 1.269565
3908.113801 1.312538
3908.523263 1.298273
3908.932726 1.328488
3909.342189 1.371287
3909.751652 1.370177
3910.161114 1.321629
3910.570577 1.298791
3910.980040 1.329000
3911.389503 1.338769
3911.798965 1.337235
3912.208428 1.355103
3912.617891 1.384152
3913.027354 1.385056
3913.436816 1.352426
3913.846279 1.359893
3914.255742 1.367600
3914.665205 1.392974
3915.074667 1.349948
3915.484130 1.353713
3915.893593 1.306274
3916.303055 1.312768
3916.712518 1.289383
3917.121981 1.289935
3917.531444 1.321515
3917.940906 1.351751
3918.350369 1.341040
3918.759832 1.393849
3919.169295 1.382208
3919.578757 1.436853
3919.988220 1.462453
3920.397683 1.496042
3920.807146 1.553662
3921.216608 1.657769
3921.626071 1.488768
3922.035534 1.440022
3922.444997 1.323115
3922.854459 1.239034
3923.263922 1.241017
3923.673385 1.305172
3924.082847 1.361238
3924.492310 1.401751
3924.901773 1.467996
3925.311236 1.426327
3925.720698 1.394114
3926.130161 1.303253
3926.539624 1.259409
3926.949087 1.264430
3927.358549 1.325006
3927.768012 1.321141
3928.177475 1.344655
3928.586938 1.339514
3928.996400 1.383948
3929.405863 1.367144
3929.815326 1.350939
3930.224789 1.371529
3930.634251 1.340506
3931.043714 1.241957
3931.453177 1.225873
3931.862640 1.157815
3932.272102 1.162872
3932.681565 1.251924
3933.091028 1.244978
3933.500490 1.263384
3933.909953 1.277189
3934.319416 1.217927
3934.728879 1.251338
3935.138341 1.256786
3935.547804 1.282131
3935.957267 1.251484
3936.366730 1.190527
3936.776192 1.189341
3937.185655 1.183783
3937.595118 1.233505
3938.004581 1.229753
3938.414043 1.310161
3938.823506 1.296289
3939.232969 1.391871
3939.642432 1.452630
3940.051894 1.415181
3940.461357 1.386141
3940.870820 1.243014
3941.280283 1.220631
3941.689745 1.223828
3942.099208 1.269612
3942.508671 1.288781
3942.918133 1.317531
3943.327596 1.271660
3943.737059 1.248793
3944.146522 1.275196
3944.555984 1.290437
3944.965447 1.292823
3945.374910 1.312503
3945.784373 1.280583
3946.193835 1.281962
3946.603298 1.284773
3947.012761 1.265360
3947.422224 1.299183
3947.831686 1.300532
3948.241149 1.318276
3948.650612 1.311859
3949.060075 1.324044
3949.469537 1.332741
3949.879000 1.381792
3950.288463 1.384074
3950.697925 1.570121
3951.107388 1.768114
3951.516851 1.752547
3951.926314 1.650103
3952.335776 1.470225
3952.745239 1.350726
3953.154702 1.253937
3953.564165 1.204095
3953.973627 1.235630
3954.383090 1.334715
3954.792553 1.528797
3955.202016 1.412853
3955.611478 1.443374
3956.020941 1.314996
3956.430404 1.172439
3956.839867 1.152057
3957.249329 1.198635
3957.658792 1.260364
3958.068255 1.311256
3958.477718 1.331059
3958.887180 1.368350
3959.296643 1.398382
3959.706106 1.411256
3960.115568 1.407306
3960.525031 1.359593
3960.934494 1.332064
3961.343957 1.259590
3961.753419 1.210813
3962.162882 1.227780
3962.572345 1.270430
3962.981808 1.324605
3963.391270 1.324545
3963.800733 1.345515
3964.210196 1.399479
3964.619659 1.428176
3965.029121 1.491139
3965.438584 1.586694
3965.848047 1.722316
3966.257510 1.824958
3966.666972 1.926564
3967.076435 2.001765
3967.485898 2.036993
3967.895361 2.037304
3968.304823 2.016780
3968.714286 2.040098
3969.123749 2.010246
3969.533211 1.943303
3969.942674 1.871869
3970.352137 1.753892
3970.761600 1.669279
3971.171062 1.652065
3971.580525 1.575251
3971.989988 1.514109
3972.399451 1.474781
3972.808913 1.426970
3973.218376 1.395826
3973.627839 1.361971
3974.037302 1.309868
3974.446764 1.280877
3974.856227 1.256000
3975.265690 1.274345
3975.675153 1.273377
3976.084615 1.366741
3976.494078 1.438541
3976.903541 1.453296
3977.313003 1.426831
3977.722466 1.343601
3978.131929 1.167214
3978.541392 1.147930
3978.950854 1.134525
3979.360317 1.231816
3979.769780 1.223252
3980.179243 1.267925
3980.588705 1.269380
3980.998168 1.264531
3981.407631 1.259355
3981.817094 1.285260
3982.226556 1.249010
3982.636019 1.308942
3983.045482 1.334836
3983.454945 1.323843
3983.864407 1.337263
3984.273870 1.365965
3984.683333 1.315076
3985.092796 1.307151
3985.502258 1.306312
3985.911721 1.191336
3986.321184 1.176841
3986.730646 1.175461
3987.140109 1.240487
3987.549572 1.248446
3987.959035 1.241097
3988.368497 1.283501
3988.777960 1.298110
3989.187423 1.307151
3989.596886 1.305280
3990.006348 1.266054
3990.415811 1.320754
3990.825274 1.324584
3991.234737 1.391016
3991.644199 1.359652
3992.053662 1.365724
3992.463125 1.184381
3992.872588 1.230580
3993.282050 1.192613
3993.691513 1.277437
3994.100976 1.274944
3994.510439 1.257572
3994.919901 1.223369
3995.329364 1.248042
3995.738827 1.293090
3996.148289 1.276308
3996.557752 1.272940
3996.967215 1.305422
3997.376678 1.250327
3997.786140 1.216599
3998.195603 1.254945
3998.605066 1.217747
3999.014529 1.192079
3999.423991 1.219795
3999.833454 1.251052
4000.242917 1.254591
4000.652380 1.310697
4001.061842 1.316793
4001.471305 1.336078
4001.880768 1.284603
4002.290231 1.226094
4002.699693 1.226376
4003.109156 1.236988
4003.518619 1.257469
4003.928081 1.262350
4004.337544 1.284428
4004.747007 1.319527
4005.156470 1.304403
4005.565932 1.279901
4005.975395 1.234539
4006.384858 1.232661
4006.794321 1.201295
4007.203783 1.226139
4007.613246 1.300675
4008.022709 1.267182
4008.432172 1.323062
4008.841634 1.386793
4009.251097 1.354480
4009.660560 1.264132
4010.070023 1.255832
4010.479485 1.234402
4010.888948 1.220346
4011.298411 1.215380
4011.707874 1.230918
4012.117336 1.238590
4012.526799 1.269959
4012.936262 1.257590
4013.345724 1.274201
4013.755187 1.279553
4014.164650 1.302635
4014.574113 1.296147
4014.983575 1.262492
4015.393038 1.262639
4015.802501 1.247762
4016.211964 1.273298
4016.621426 1.278397
4017.030889 1.273064
4017.440352 1.249292
4017.849815 1.265926
4018.259277 1.256139
4018.668740 1.276291
4019.078203 1.342301
4019.487666 1.302774
4019.897128 1.302391
4020.306591 1.300530
4020.716054 1.307428
4021.125517 1.256279
4021.534979 1.280411
4021.944442 1.254358
4022.353905 1.264362
4022.763367 1.301286
4023.172830 1.274284
4023.582293 1.276299
4023.991756 1.265354
4024.401218 1.298653
4024.810681 1.319147
4025.220144 1.310402
4025.629607 1.280880
4026.039069 1.344169
4026.448532 1.348112
4026.857995 1.337820
4027.267458 1.349037
4027.676920 1.306038
4028.086383 1.285942
4028.495846 1.299442
4028.905309 1.279851
4029.314771 1.281165
4029.724234 1.275996
4030.133697 1.262282
4030.543159 1.278013
4030.952622 1.261634
4031.362085 1.289240
4031.771548 1.315875
4032.181010 1.316381
4032.590473 1.271753
4032.999936 1.260595
4033.409399 1.270533
4033.818861 1.275129
4034.228324 1.259994
4034.637787 1.287080
4035.047250 1.254847
4035.456712 1.243402
4035.866175 1.309419
4036.275638 1.277897
4036.685101 1.281792
4037.094563 1.287588
4037.504026 1.267753
4037.913489 1.272419
4038.322952 1.320861
4038.732414 1.311919
4039.141877 1.295055
4039.551340 1.280426
4039.960802 1.282021
4040.370265 1.296940
4040.779728 1.305433
4041.189191 1.313927
4041.598653 1.321713
4042.008116 1.300953
4042.417579 1.291629
4042.827042 1.272388
4043.236504 1.317912
4043.645967 1.321995
4044.055430 1.271735
4044.464893 1.255390
4044.874355 1.248356
4045.283818 1.282730
4045.693281 1.303975
4046.102744 1.337720
4046.512206 1.361116
4046.921669 1.339981
4047.331132 1.325610
4047.740595 1.283650
4048.150057 1.280930
4048.559520 1.337925
4048.968983 1.302461
4049.378445 1.300883
4049.787908 1.289857
4050.197371 1.277778
4050.606834 1.282280
4051.016296 1.287928
4051.425759 1.300853
4051.835222 1.270696
4052.244685 1.288751
4052.654147 1.290970
4053.063610 1.289720
4053.473073 1.280449
4053.882536 1.216220
4054.291998 1.251904
4054.701461 1.296740
4055.110924 1.286786
4055.520387 1.280265
4055.929849 1.294298
4056.339312 1.291581
4056.748775 1.261377
4057.158237 1.303533
4057.567700 1.338663
4057.977163 1.336602
4058.386626 1.312913
4058.796088 1.270415
4059.205551 1.245038
4059.615014 1.249851
4060.024477 1.240025
4060.433939 1.267677
4060.843402 1.334321
4061.252865 1.295157
4061.662328 1.316043
4062.071790 1.288650
4062.481253 1.272431
4062.890716 1.244529
4063.300179 1.249082
4063.709641 1.252339
4064.119104 1.253434
4064.528567 1.317694
4064.938030 1.323045
4065.347492 1.327667
4065.756955 1.347541
4066.166418 1.357780
4066.575880 1.382920
4066.985343 1.431768
4067.394806 1.429728
4067.804269 1.455524
4068.213731 1.452384
4068.623194 1.415579
4069.032657 1.410546
4069.442120 1.413978
4069.851582 1.393806
4070.261045 1.429591
4070.670508 1.405650
4071.079971 1.405873
4071.489433 1.364415
4071.898896 1.375016
4072.308359 1.368735
4072.717822 1.316841
4073.127284 1.333930
4073.536747 1.364798
4073.946210 1.343871
4074.355672 1.337103
4074.765135 1.320957
4075.174598 1.295646
4075.584061 1.318080
4075.993523 1.317322
4076.402986 1.325306
4076.812449 1.304758
4077.221912 1.331464
4077.631374 1.333496
4078.040837 1.341720
4078.450300 1.341770
4078.859763 1.332533
4079.269225 1.290639
4079.678688 1.276528
4080.088151 1.299160
4080.497614 1.302268
4080.907076 1.314525
4081.316539 1.328582
4081.726002 1.349593
4082.135465 1.334864
4082.544927 1.335218
4082.954390 1.314983
4083.363853 1.258638
4083.773315 1.235015
4084.182778 1.278589
4084.592241 1.256900
4085.001704 1.316896
4085.411166 1.318580
4085.820629 1.308228
4086.230092 1.306679
4086.639555 1.310316
4087.049017 1.334465
4087.458480 1.323678
4087.867943 1.315523
4088.277406 1.302539
4088.686868 1.321528
4089.096331 1.331695
4089.505794 1.269189
4089.915257 1.242213
4090.324719 1.281650
4090.734182 1.287434
4091.143645 1.268017
4091.553108 1.270698
4091.962570 1.281576
4092.372033 1.319165
4092.781496 1.298873
4093.190958 1.319282
4093.600421 1.303521
4094.009884 1.279493
4094.419347 1.314248
4094.828809 1.285451
4095.238272 1.283051
4095.647735 1.314547
4096.057198 1.349918
4096.466660 1.350348
4096.876123 1.348280
4097.285586 1.342937
4097.695049 1.323395
4098.104511 1.320168
4098.513974 1.336390
4098.923437 1.419518
4099.332900 1.495678
4099.742362 1.536271
4100.151825 1.614576
4100.561288 1.692566
4100.970750 1.757903
4101.380213 1.829287
4101.789676 1.852737
4102.199139 1.848961
4102.608601 1.742255
4103.018064 1.676760
4103.427527 1.665106
4103.836990 1.631790
4104.246452 1.614777
4104.655915 1.556165
4105.065378 1.496488
4105.474841 1.442702
4105.884303 1.356876
4106.293766 1.327432
4106.703229 1.304042
4107.112692 1.275843
4107.522154 1.243297
4107.931617 1.223291
4108.341080 1.211307
4108.750543 1.189781
4109.160005 1.170723
4109.569468 1.198330
4109.978931 1.220451
4110.388393 1.208735
4110.797856 1.213580
4111.207319 1.210718
4111.616782 1.177306
4112.026244 1.210545
4112.435707 1.249774
4112.845170 1.219853
4113.254633 1.206093
4113.664095 1.204886
4114.073558 1.210101
4114.483021 1.210601
4114.892484 1.257810
4115.301946 1.222945
4115.711409 1.203425
4116.120872 1.187059
4116.530335 1.215901
4116.939797 1.226324
4117.349260 1.266522
4117.758723 1.273060
4118.168186 1.271704
4118.577648 1.271652
4118.987111 1.274536
4119.396574 1.305403
4119.806036 1.262974
4120.215499 1.221816
4120.624962 1.229021
4121.034425 1.215429
4121.443887 1.233594
4121.853350 1.256701
4122.262813 1.289561
4122.672276 1.291241
4123.081738 1.305676
4123.491201 1.314800
4123.900664 1.309690
4124.310127 1.282103
4124.719589 1.281765
4125.129052 1.240665
4125.538515 1.266730
4125.947978 1.279009
4126.357440 1.252565
4126.766903 1.202192
4127.176366 1.191614
4127.585828 1.230085
4127.995291 1.206240
4128.404754 1.192072
4128.814217 1.213189
4129.223679 1.186912
4129.633142 1.171672
4130.042605 1.185518
4130.452068 1.173249
4130.861530 1.161757
4131.270993 1.159062
4131.680456 1.171606
4132.089919 1.161871
4132.499381 1.217600
4132.908844 1.183091
4133.318307 1.108947
4133.727770 1.082528
4134.137232 1.202242
4134.546695 1.217230
4134.956158 1.244068
4135.365621 1.204951
4135.775083 1.263380
4136.184546 1.211386
4136.594009 1.200521
4137.003471 1.194570
4137.412934 1.199655
4137.822397 1.149880
4138.231860 1.026646
4138.641322 1.157318
4139.050785 1.308308
4139.460248 1.312252
4139.869711 1.263839
4140.279173 1.320747
4140.688636 1.241955
4141.098099 1.189617
4141.507562 1.161593
4141.917024 1.213498
4142.326487 1.160247
4142.735950 1.111298
4143.145413 1.174700
4143.554875 1.201762
4143.964338 1.381499
4144.373801 1.271750
4144.783264 1.294111
4145.192726 1.278494
4145.602189 1.254791
4146.011652 1.254865
4146.421114 1.178497
4146.830577 1.128801
4147.240040 1.139058
4147.649503 1.169296
4148.058965 1.189795
4148.468428 1.196605
4148.877891 1.203478
4149.287354 1.153649
4149.696816 1.173518
4150.106279 1.217375
4150.515742 1.245336
4150.925205 1.269089
4151.334667 1.254485
4151.744130 1.236601
4152.153593 1.196255
4152.563056 1.193248
4152.972518 1.200967
4153.381981 1.159787
4153.791444 1.147158
4154.200906 1.118485
4154.610369 1.139397
4155.019832 1.187398
4155.429295 1.176053
4155.838757 1.210388
4156.248220 1.186776
4156.657683 1.194534
4157.067146 1.156072
4157.476608 1.133292
4157.886071 1.131588
4158.295534 1.130435
4158.704997 1.182403
4159.114459 1.208120
4159.523922 1.214073
4159.933385 1.200963
4160.342848 1.184502
4160.752310 1.225936
4161.161773 1.192775
4161.571236 1.193281
4161.980699 1.181157
4162.390161 1.160770
4162.799624 1.177211
4163.209087 1.170582
4163.618549 1.165711
4164.028012 1.213474
4164.437475 1.215931
4164.846938 1.141974
4165.256400 1.096718
4165.665863 0.899373
4166.075326 0.837635
4166.484789 0.851160
4166.894251 0.889129
4167.303714 1.418701
4167.713177 2.012823
4168.122640 2.029179
4168.532102 1.685071
4168.941565 1.460903
4169.351028 1.239800
4169.760491 0.984962
4170.169953 1.057007
4170.579416 1.093249
4170.988879 1.226983
4171.398342 1.277534
4171.807804 1.313893
4172.217267 1.335896
4172.626730 1.294999
4173.036192 1.244670
4173.445655 1.153109
4173.855118 1.127119
4174.264581 1.144247
4174.674043 1.171418
4175.083506 1.132100
4175.492969 1.118504
4175.902432 1.104040
4176.311894 1.045008
4176.721357 1.064944
4177.130820 1.151307
4177.540283 1.209556
4177.949745 1.249587
4178.359208 1.252411
4178.768671 1.229271
4179.178134 1.190667
4179.587596 1.172612
4179.997059 1.176334
4180.406522 1.170689
4180.815984 1.176768
4181.225447 1.197463
4181.634910 1.181601
4182.044373 1.146729
4182.453835 1.120777
4182.863298 1.140362
4183.272761 1.154928
4183.682224 1.118630
4184.091686 1.102849
4184.501149 1.104020
4184.910612 1.180366
4185.320075 1.142534
4185.729537 1.170146
4186.139000 1.252087
4186.548463 1.237940
4186.957926 1.279928
4187.367388 1.261141
4187.776851 1.240476
4188.186314 1.234201
4188.595777 1.203249
4189.005239 1.204595
4189.414702 1.199556
4189.824165 1.167161
4190.233627 1.169829
4190.643090 1.179154
4191.052553 1.188573
4191.462016 1.185611
4191.871478 1.139410
4192.280941 1.119790
4192.690404 1.073448
4193.099867 1.031619
4193.509329 0.970203
4193.918792 1.189615
4194.328255 1.370884
4194.737718 1.429892
4195.147180 1.551852
4195.556643 1.438172
4195.966106 1.345820
4196.375569 1.231750
4196.785031 1.130148
4197.194494 1.126228
4197.603957 1.133534
4198.013420 1.128118
4198.422882 1.141667
4198.832345 1.140710
4199.241808 1.180818
4199.651270 1.179376
4200.060733 1.131920
4200.470196 1.124567
4200.879659 1.125250
4201.289121 1.119690
4201.698584 1.087477
4202.108047 1.175107
4202.517510 1.197963
4202.926972 1.203023
4203.336435 1.189394
4203.745898 1.209715
4204.155361 1.186382
4204.564823 1.183822
4204.974286 1.163715
4205.383749 1.140968
4205.793212 1.140573
4206.202674 1.205081
4206.612137 1.211041
4207.021600 1.186773
4207.431062 1.155170
4207.840525 1.058342
4208.249988 1.015161
4208.659451 0.880656
4209.068913 1.026765
4209.478376 1.304947
4209.887839 1.245672
4210.297302 1.414709
4210.706764 1.292846
4211.116227 1.178150
4211.525690 1.178730
4211.935153 1.126254
4212.344615 1.091479
4212.754078 1.145537
4213.163541 1.174532
4213.573004 1.154817
4213.982466 1.148797
4214.391929 1.164394
4214.801392 1.127393
4215.210855 1.149100
4215.620317 1.168516
4216.029780 1.195642
4216.439243 1.181141
4216.848705 1.177444
4217.258168 1.130014
4217.667631 1.135708
4218.077094 1.148968
4218.486556 1.115852
4218.896019 1.113661
4219.305482 1.122832
4219.714945 1.115034
4220.124407 1.164530
4220.533870 1.161349
4220.943333 1.241391
4221.352796 1.300492
4221.762258 1.244438
4222.171721 1.164844
4222.581184 1.165002
4222.990647 1.089074
4223.400109 1.139071
4223.809572 1.177063
4224.219035 1.211065
4224.628498 1.209659
4225.037960 1.216898
4225.447423 1.133331
4225.856886 1.161534
4226.266348 1.114200
4226.675811 1.111737
4227.085274 1.176014
4227.494737 1.328160
4227.904199 1.264791
4228.313662 1.317223
4228.723125 1.310893
4229.132588 1.195174
4229.542050 1.156853
4229.951513 1.181773
4230.360976 1.182083
4230.770439 1.213882
4231.179901 1.184846
4231.589364 1.165584
4231.998827 1.164191
4232.408290 1.168930
4232.817752 1.167219
4233.227215 1.171393
4233.636678 1.156385
4234.046140 1.119730
4234.455603 1.133571
4234.865066 1.145211
4235.274529 1.156020
4235.683991 1.149155
4236.093454 1.173199
4236.502917 1.175004
4236.912380 1.157609
4237.321842 1.126556
4237.731305 1.142752
4238.140768 1.128590
4238.550231 1.170003
4238.959693 1.152376
4239.369156 1.122277
4239.778619 1.156002
4240.188082 1.149243
4240.597544 1.214123
4241.007007 1.265657
4241.416470 1.278884
4241.825933 1.263102
4242.235395 1.193932
4242.644858 1.131821
4243.054321 1.140624
4243.463783 1.168988
4243.873246 1.170245
4244.282709 1.212152
4244.692172 1.177144
4245.101634 1.152360
4245.511097 1.122525
4245.920560 1.217168
4246.330023 1.201520
4246.739485 1.239691
4247.148948 1.252195
4247.558411 1.175146
4247.967874 1.233723
4248.377336 1.219775
4248.786799 1.164591
4249.196262 1.196932
4249.605725 1.196119
4250.015187 1.154741
4250.424650 1.175706
4250.834113 1.172948
4251.243576 1.171703
4251.653038 1.153445
4252.062501 1.171865
4252.471964 1.179674
4252.881426 1.194756
4253.290889 1.214319
4253.700352 1.184304
4254.109815 1.165229
4254.519277 1.168667
4254.928740 1.158739
4255.338203 1.179367
4255.747666 1.177299
4256.157128 1.166081
4256.566591 1.163193
4256.976054 1.140959
4257.385517 1.154087
4257.794979 1.161307
4258.204442 1.160685
4258.613905 1.157044
4259.023368 1.154763
4259.432830 1.171588
4259.842293 1.178469
4260.251756 1.175350
4260.661218 1.195948
4261.070681 1.195652
4261.480144 1.188786
4261.889607 1.207700
4262.299069 1.202240
4262.708532 1.156726
4263.117995 1.200601
4263.527458 1.205377
4263.936920 1.250506
4264.346383 1.232974
4264.755846 1.207200
4265.165309 1.202304
4265.574771 1.233001
4265.984234 1.212890
4266.393697 1.233674
4266.803160 1.227908
4267.212622 1.247100
4267.622085 1.182383
4268.031548 1.187947
4268.441011 1.261421
4268.850473 1.343413
4269.259936 1.298583
4269.669399 1.261371
4270.078861 1.224271
4270.488324 1.189146
4270.897787 1.203783
4271.307250 1.169156
4271.716712 1.176464
4272.126175 1.181879
4272.535638 1.182595
4272.945101 1.139461
4273.354563 1.167928
4273.764026 1.151298
4274.173489 1.167930
4274.582952 1.179955
4274.992414 1.197915
4275.401877 1.216557
4275.811340 1.192180
4276.220803 1.189836
4276.630265 1.204176
4277.039728 1.199276
4277.449191 1.182992
4277.858653 1.219751
4278.268116 1.236394
4278.677579 1.212661
4279.087042 1.232892
4279.496504 1.218051
4279.905967 1.210409
4280.315430 1.203125
4280.724893 1.154970
4281.134355 1.159591
4281.543818 1.170973
4281.953281 1.197993
4282.362744 1.191011
4282.772206 1.200494
4283.181669 1.239810
4283.591132 1.222739
4284.000595 1.221530
4284.410057 1.219828
4284.819520 1.192075
4285.228983 1.214016
4285.638446 1.201926
4286.047908 1.196717
4286.457371 1.201239
4286.866834 1.202329
4287.276296 1.175711
4287.685759 1.170645
4288.095222 1.188249
4288.504685 1.152321
4288.914147 1.171461
4289.323610 1.225627
4289.733073 1.261015
4290.142536 1.254259
4290.551998 1.234871
4290.961461 1.231851
4291.370924 1.196896
4291.780387 1.168909
4292.189849 1.173267
4292.599312 1.186097
4293.008775 1.190158
4293.418238 1.144700
4293.827700 1.174368
4294.237163 1.207516
4294.646626 1.180911
4295.056089 1.219612
4295.465551 1.224654
4295.875014 1.250737
4296.284477 1.254576
4296.693939 1.235448
4297.103402 1.194955
4297.512865 1.179417
4297.922328 1.183466
4298.331790 1.179326
4298.741253 1.186293
4299.150716 1.216678
4299.560179 1.229903
4299.969641 1.227680
4300.379104 1.197914
4300.788567 1.200826
4301.198030 1.229183
4301.607492 1.254065
4302.016955 1.227361
4302.426418 1.239798
4302.835881 1.206344
4303.245343 1.216767
4303.654806 1.219895
4304.064269 1.168403
4304.473731 1.159826
4304.883194 1.164693
4305.292657 1.237819
4305.702120 1.228077
4306.111582 1.214911
4306.521045 1.256174
4306.930508 1.188083
4307.339971 1.245886
4307.749433 1.194572
4308.158896 1.217411
4308.568359 1.239455
4308.977822 1.261335
4309.387284 1.267537
4309.796747 1.260178
4310.206210 1.228328
4310.615673 1.209083
4311.025135 1.174373
4311.434598 1.187592
4311.844061 1.250529
4312.253524 1.339323
4312.662986 1.345872
4313.072449 1.279466
4313.481912 1.216443
4313.891374 1.307138
4314.300837 1.309397
4314.710300 1.334978
4315.119763 1.335318
4315.529225 1.349807
4315.938688 1.315318
4316.348151 1.299417
4316.757614 1.294947
4317.167076 1.238005
4317.576539 1.236331
4317.986002 1.258493
4318.395465 1.258545
4318.804927 1.273540
4319.214390 1.325555
4319.623853 1.335006
4320.033316 1.326565
4320.442778 1.335588
4320.852241 1.327740
4321.261704 1.295193
4321.671167 1.339214
4322.080629 1.365057
4322.490092 1.428319
4322.899555 1.288933
4323.309017 1.254955
4323.718480 1.312762
4324.127943 1.262653
4324.537406 1.287258
4324.946868 1.400566
4325.356331 1.466507
4325.765794 1.415582
4326.175257 1.345095
4326.584719 1.326153
4326.994182 1.273481
4327.403645 1.283120
4327.813108 1.241172
4328.222570 1.261774
4328.632033 1.300740
4329.041496 1.336651
4329.450959 1.331752
4329.860421 1.376498
4330.269884 1.396703
4330.679347 1.370986
4331.088809 1.361849
4331.498272 1.406159
4331.907735 1.407235
4332.317198 1.387300
4332.726660 1.353954
4333.136123 1.346944
4333.545586 1.374675
4333.955049 1.357350
4334.364511 1.289585
4334.773974 1.339948
4335.183437 1.376453
4335.592900 1.389099
4336.002362 1.419866
4336.411825 1.486014
4336.821288 1.549456
4337.230751 1.606052
4337.640213 1.693284
4338.049676 1.830691
4338.459139 1.939971
4338.868602 2.058268
4339.278064 2.197677
4339.687527 2.318537
4340.096990 2.382374
4340.506452 2.403383
4340.915915 2.386244
4341.325378 2.368368
4341.734841 2.263437
4342.144303 2.142208
4342.553766 2.049171
4342.963229 2.008244
4343.372692 1.953305
4343.782154 1.869009
4344.191617 1.819396
4344.601080 1.710477
4345.010543 1.632343
4345.420005 1.562646
4345.829468 1.458258
4346.238931 1.339751
4346.648394 1.323435
4347.057856 1.338784
4347.467319 1.302486
4347.876782 1.311685
4348.286245 1.327914
4348.695707 1.289991
4349.105170 1.252648
4349.514633 1.262273
4349.924095 1.282924
4350.333558 1.321939
4350.743021 1.315652
4351.152484 1.282101
4351.561946 1.265329
4351.971409 1.265562
4352.380872 1.256005
4352.790335 1.265676
4353.199797 1.263600
4353.609260 1.280134
4354.018723 1.297571
4354.428186 1.303469
4354.837648 1.280841
4355.247111 1.252541
4355.656574 1.245048
4356.066037 1.253638
4356.475499 1.270137
4356.884962 1.291229
4357.294425 1.285186
4357.703887 1.307757
4358.113350 1.309091
4358.522813 1.346171
4358.932276 1.342038
4359.341738 1.329913
4359.751201 1.351049
4360.160664 1.374791
4360.570127 1.405890
4360.979589 1.437770
4361.389052 1.473756
4361.798515 1.500371
4362.207978 1.544569
4362.617440 1.547516
4363.026903 1.491640
4363.436366 1.538954
4363.845829 1.554152
4364.255291 1.531154
4364.664754 1.497047
4365.074217 1.449176
4365.483680 1.395470
4365.893142 1.401412
4366.302605 1.417610
4366.712068 1.375498
4367.121530 1.386785
4367.530993 1.385601
4367.940456 1.372950
4368.349919 1.325316
4368.759381 1.291217
4369.168844 1.267809
4369.578307 1.254907
4369.987770 1.277965
4370.397232 1.286793
4370.806695 1.280943
4371.216158 1.253955
4371.625621 1.227939
4372.035083 1.225728
4372.444546 1.198701
4372.854009 1.239785
4373.263472 1.237788
4373.672934 1.377080
4374.082397 1.342073
4374.491860 1.343573
4374.901323 1.406801
4375.310785 1.386242
4375.720248 1.373918
4376.129711 1.232542
4376.539173 1.078944
4376.948636 1.208705
4377.358099 1.178845
4377.767562 1.324597
4378.177024 1.405377
4378.586487 1.346688
4378.995950 1.420984
4379.405413 1.450040
4379.814875 1.310231
4380.224338 1.122298
4380.633801 1.054393
4381.043264 0.973910
4381.452726 0.889642
4381.862189 1.069291
4382.271652 1.233996
4382.681115 1.284355
4383.090577 1.382509
4383.500040 1.510762
4383.909503 1.424583
4384.318965 1.426276
4384.728428 1.177266
4385.137891 1.201533
4385.547354 1.225826
4385.956816 1.212962
4386.366279 1.169414
4386.775742 1.157631
4387.185205 1.132546
4387.594667 1.133690
4388.004130 1.133632
4388.413593 1.112900
4388.823056 1.141366
4389.232518 1.198306
4389.641981 1.204004
4390.051444 1.284045
4390.460907 1.244999
4390.870369 1.164388
4391.279832 1.135225
4391.689295 1.140164
4392.098758 1.151511
4392.508220 1.150483
4392.917683 1.127212
4393.327146 1.145210
4393.736608 1.125206
4394.146071 1.128712
4394.555534 1.119646
4394.964997 1.127206
4395.374459 1.126917
4395.783922 1.141708
4396.193385 1.137996
4396.602848 1.130680
4397.012310 1.153171
4397.421773 1.154728
4397.831236 1.169332
4398.240699 1.157044
4398.650161 1.163684
4399.059624 1.169678
4399.469087 1.218247
4399.878550 1.205491
4400.288012 1.200580
4400.697475 1.202956
4401.106938 1.142613
4401.516401 1.164140
4401.925863 1.137582
4402.335326 1.181141
4402.744789 1.177518
4403.154251 1.156417
4403.563714 1.178287
4403.973177 1.158577
4404.382640 1.138110
4404.792102 1.100145
4405.201565 1.055499
4405.611028 0.996255
4406.020491 1.010074
4406.429953 0.981176
4406.839416 0.928953
4407.248879 0.990050
4407.658342 0.943249
4408.067804 0.870247
4408.477267 1.096898
4408.886730 0.896645
4409.296193 0.896934
4409.705655 0.871399
4410.115118 1.005733
4410.524581 1.004509
4410.934043 1.058626
4411.343506 1.116109
4411.752969 1.149856
4412.162432 1.221388
4412.571894 1.390290
4412.981357 1.380944
4413.390820 1.285548
4413.800283 1.139727
4414.209745 1.136860
4414.619208 1.087272
4415.028671 1.089198
4415.438134 1.078609
4415.847596 1.130701
4416.257059 1.125942
4416.666522 1.141806
4417.075985 1.158036
4417.485447 1.150648
4417.894910 1.155614
4418.304373 1.154403
4418.713836 1.180665
4419.123298 1.232626
4419.532761 1.215821
4419.942224 1.239722
4420.351686 1.164931
4420.761149 1.173730
4421.170612 1.122192
4421.580075 1.110604
4421.989537 1.089715
4422.399000 1.123970
4422.808463 1.157287
4423.217926 1.148350
4423.627388 1.166234
4424.036851 1.150120
4424.446314 1.134414
4424.855777 1.140003
4425.265239 1.150396
4425.674702 1.133939
4426.084165 1.120899
4426.493628 1.120486
4426.903090 1.113894
4427.312553 1.183876
4427.722016 1.315913
4428.131479 1.407371
4428.540941 1.355376
4428.950404 1.330841
4429.359867 1.218314
4429.769329 1.141480
4430.178792 1.086928
4430.588255 1.098234
4430.997718 1.133963
4431.407180 1.142166
4431.816643 1.142246
4432.226106 1.158445
4432.635569 1.141367
4433.045031 1.115022
4433.454494 1.107556
4433.863957 1.129508
4434.273420 1.116949
4434.682882 1.040372
4435.092345 1.005203
4435.501808 1.146300
4435.911271 1.261922
4436.320733 1.351744
4436.730196 1.417765
4437.139659 1.314715
4437.549121 1.423168
4437.958584 1.355307
4438.368047 1.154311
4438.777510 1.021835
4439.186972 0.943633
4439.596435 0.943324
4440.005898 1.055105
4440.415361 1.154140
4440.824823 1.188485
4441.234286 1.157407
4441.643749 1.135350
4442.053212 1.165943
4442.462674 1.183675
4442.872137 1.125632
4443.281600 1.100519
4443.691063 1.112782
4444.100525 1.118643
4444.509988 1.102347
4444.919451 1.187947
4445.328914 1.248458
4445.738376 1.262775
4446.147839 1.144866
4446.557302 1.088313
4446.966764 1.088451
4447.376227 1.036428
4447.785690 1.006243
4448.195153 1.069855
4448.604615 1.129436
4449.014078 1.155197
4449.423541 1.122207
4449.833004 1.128330
4450.242466 1.139383
4450.651929 1.168916
4451.061392 1.127282
4451.470855 1.113104
4451.880317 1.090083
4452.289780 1.019361
4452.699243 1.159408
4453.108706 1.199312
4453.518168 1.310291
4453.927631 1.545169
4454.337094 1.308089
4454.746557 1.200802
4455.156019 1.142029
4455.565482 1.123894
4455.974945 1.116285
4456.384407 1.082075
4456.793870 1.024571
4457.203333 1.076581
4457.612796 1.085426
4458.022258 1.119407
4458.431721 1.168112
4458.841184 1.178347
4459.250647 1.166442
4459.660109 1.122390
4460.069572 1.122265
4460.479035 1.121597
4460.888498 1.126262
4461.297960 1.119485
4461.707423 1.138979
4462.116886 1.125327
4462.526349 1.128045
4462.935811 1.115269
4463.345274 1.135183
4463.754737 1.164546
4464.164199 1.176974
4464.573662 1.231505
4464.983125 1.233806
4465.392588 1.289630
4465.802050 1.318230
4466.211513 1.249055
4466.620976 1.100722
4467.030439 0.973348
4467.439901 0.968629
4467.849364 0.988712
4468.258827 1.082156
4468.668290 1.121626
4469.077752 1.151933
4469.487215 1.177762
4469.896678 1.181329
4470.306141 1.166263
4470.715603 1.130783
4471.125066 1.164146
4471.534529 1.141972
4471.943992 1.144660
4472.353454 1.222114
4472.762917 1.374582
4473.172380 1.379254
4473.581842 1.179480
4473.991305 1.203105
4474.400768 1.125965
4474.810231 0.936501
4475.219693 0.970518
4475.629156 1.016055
4476.038619 1.096784
4476.448082 1.145175
4476.857544 1.116426
4477.267007 1.113991
4477.676470 1.125678
4478.085933 1.150631
4478.495395 1.156354
4478.904858 1.143898
4479.314321 1.144154
4479.723784 1.128551
4480.133246 1.119177
4480.542709 1.108774
4480.952172 1.113981
4481.361634 1.139864
4481.771097 1.124604
4482.180560 1.117198
4482.590023 1.135317
4482.999485 1.164663
4483.408948 1.141389
4483.818411 1.139741
4484.227874 1.113793
4484.637336 1.111345
4485.046799 1.130127
4485.456262 1.129180
4485.865725 1.067574
4486.275187 1.072323
4486.684650 1.082801
4487.094113 1.103712
4487.503576 1.091399
4487.913038 1.054917
4488.322501 1.125015
4488.731964 1.147487
4489.141427 0.982211
4489.550889 0.962865
4489.960352 0.991874
4490.369815 1.024470
4490.779277 1.088399
4491.188740 1.120319
4491.598203 1.234985
4492.007666 1.249553
4492.417128 1.254656
4492.826591 1.243609
4493.236054 1.338858
4493.645517 1.453335
4494.054979 1.382182
4494.464442 1.350670
4494.873905 1.214655
4495.283368 1.083142
4495.692830 0.980052
4496.102293 0.933991
4496.511756 0.881443
4496.921219 0.924225
4497.330681 0.991473
4497.740144 1.061183
4498.149607 1.111400
4498.559070 1.100912
4498.968532 1.070012
4499.377995 1.086665
4499.787458 1.089226
4500.196920 1.083340
4500.606383 1.094703
4501.015846 1.108953
4501.425309 1.072975
4501.834771 1.044659
4502.244234 1.024918
4502.653697 1.055176
4503.063160 1.074577
4503.472622 1.076703
4503.882085 1.098831
4504.291548 1.133339
4504.701011 1.107220
4505.110473 1.100364
4505.519936 1.059620
4505.929399 1.039284
4506.338862 1.020712
4506.748324 1.018902
4507.157787 1.048658
4507.567250 1.056190
4507.976712 1.070845
4508.386175 1.104831
4508.795638 1.093507
4509.205101 1.100353
4509.614563 1.121832
4510.024026 1.138990
4510.433489 1.131105
4510.842952 1.130800
4511.252414 1.140252
4511.661877 1.165325
4512.071340 1.213863
4512.480803 1.200010
4512.890265 1.189000
4513.299728 1.259739
4513.709191 1.208466
4514.118654 1.116520
4514.528116 1.070407
4514.937579 1.047839
4515.347042 1.096047
4515.756505 1.096417
4516.165967 1.126354
4516.575430 1.101513
4516.984893 1.157350
4517.394355 1.150720
4517.803818 1.124979
4518.213281 1.273984
4518.622744 1.306215
4519.032206 1.238041
4519.441669 1.188609
4519.851132 1.103920
4520.260595 1.061326
4520.670057 1.027784
4521.079520 1.043339
4521.488983 1.096680
4521.898446 1.137328
4522.307908 1.138248
4522.717371 1.156969
4523.126834 1.135025
4523.536297 1.125361
4523.945759 1.132384
4524.355222 1.135053
4524.764685 1.129842
4525.174148 1.110220
4525.583610 1.116183
4525.993073 1.125021
4526.402536 1.109482
4526.811998 1.101369
4527.221461 1.095366
4527.630924 1.098444
4528.040387 1.132538
4528.449849 1.114059
4528.859312 1.080850
4529.268775 1.100266
4529.678238 1.103846
4530.087700 1.058398
4530.497163 1.081613
4530.906626 1.090424
4531.316089 1.105952
4531.725551 1.071181
4532.135014 1.106548
4532.544477 1.083866
4532.953940 1.109892
4533.363402 1.092843
4533.772865 1.109574
4534.182328 1.127777
4534.591790 1.112527
4535.001253 1.099296
4535.410716 1.120459
4535.820179 1.120943
4536.229641 1.129133
4536.639104 1.124921
4537.048567 1.140568
4537.458030 1.124659
4537.867492 1.105928
4538.276955 1.074434
4538.686418 1.127144
4539.095881 1.159624
4539.505343 1.151190
4539.914806 1.166336
4540.324269 1.154616
4540.733732 1.157246
4541.143194 1.093062
4541.552657 1.083651
4541.962120 1.070037
4542.371583 1.144700
4542.781045 1.164108
4543.190508 1.118399
4543.599971 1.112954
4544.009433 1.084850
4544.418896 1.079914
4544.828359 1.055757
4545.237822 1.172669
4545.647284 1.171105
4546.056747 1.156806
4546.466210 1.124760
4546.875673 1.068349
4547.285135 1.072649
4547.694598 1.068693
4548.104061 1.073276
4548.513524 1.098528
4548.922986 1.116977
4549.332449 1.126869
4549.741912 1.111013
4550.151375 1.105401
4550.560837 1.130734
4550.970300 1.097400
4551.379763 1.097214
4551.789226 1.107647
4552.198688 1.067239
4552.608151 1.099010
4553.017614 1.108114
4553.427076 1.081084
4553.836539 1.072480
4554.246002 1.072084
4554.655465 1.059794
4555.064927 1.100716
4555.474390 1.087333
4555.883853 1.092267
4556.293316 1.093697
4556.702778 1.078294
4557.112241 1.102035
4557.521704 1.115137
4557.931167 1.107414
4558.340629 1.135921
4558.750092 1.130073
4559.159555 1.128737
4559.569018 1.139386
4559.978480 1.149658
4560.387943 1.184685
4560.797406 1.177924
4561.206868 1.150526
4561.616331 1.118889
4562.025794 1.121117
4562.435257 1.126585
4562.844719 1.103271
4563.254182 1.133380
4563.663645 1.164341
4564.073108 1.144574
4564.482570 1.113528
4564.892033 1.104546
4565.301496 1.100250
4565.710959 1.142346
4566.120421 1.093384
4566.529884 1.136912
4566.939347 1.129129
4567.348810 1.126712
4567.758272 1.140829
4568.167735 1.135067
4568.577198 1.153364
4568.986661 1.146901
4569.396123 1.184301
4569.805586 1.126136
4570.215049 1.095774
4570.624511 1.084623
4571.033974 1.139570
4571.443437 1.132590
4571.852900 1.114531
4572.262362 1.117853
4572.671825 1.123640
4573.081288 1.096562
4573.490751 1.134946
4573.900213 1.161702
4574.309676 1.162516
4574.719139 1.148884
4575.128602 1.118877
4575.538064 1.106076
4575.947527 1.123252
4576.356990 1.158135
4576.766453 1.128003
4577.175915 1.128292
4577.585378 1.145823
4577.994841 1.103639
4578.404304 1.097243
4578.813766 1.115794
4579.223229 1.124589
4579.632692 1.115632
4580.042154 1.147351
4580.451617 1.150632
4580.861080 1.126846
4581.270543 1.121912
4581.680005 1.131476
4582.089468 1.119532
4582.498931 1.106507
4582.908394 1.095660
4583.317856 1.081589
4583.727319 1.072404
4584.136782 1.079076
4584.546245 1.116952
4584.955707 1.112962
4585.365170 1.105552
4585.774633 1.097897
4586.184096 1.096193
4586.593558 1.105285
4587.003021 1.124283
4587.412484 1.070342
4587.821946 1.088489
4588.231409 1.123096
4588.640872 1.154178
4589.050335 1.144539
4589.459797 1.163023
4589.869260 1.136406
4590.278723 1.138629
4590.688186 1.145699
4591.097648 1.168182
4591.507111 1.165304
4591.916574 1.153179
4592.326037 1.158162
4592.735499 1.143766
4593.144962 1.098128
4593.554425 1.091374
4593.963888 1.095678
4594.373350 1.120880
4594.782813 1.128812
4595.192276 1.145454
4595.601739 1.151809
4596.011201 1.152300
4596.420664 1.129170
4596.830127 1.114505
4597.239589 1.108405
4597.649052 1.113382
4598.058515 1.109248
4598.467978 1.101413
4598.877440 1.092586
4599.286903 1.112903
4599.696366 1.123595
4600.105829 1.105989
4600.515291 1.107069
4600.924754 1.107730
4601.334217 1.065325
4601.743680 1.042639
4602.153142 1.117457
4602.562605 1.108876
4602.972068 1.122251
4603.381531 1.119553
4603.790993 1.140527
4604.200456 1.133562
4604.609919 1.137210
4605.019382 1.156643
4605.428844 1.158784
4605.838307 1.179163
4606.247770 1.187051
4606.657232 1.181718
4607.066695 1.181513
4607.476158 1.159527
4607.885621 1.133994
4608.295083 1.136545
4608.704546 1.147830
4609.114009 1.147502
4609.523472 1.165040
4609.932934 1.158070
4610.342397 1.185069
4610.751860 1.182663
4611.161323 1.158295
4611.570785 1.153042
4611.980248 1.136156
4612.389711 1.122689
4612.799174 1.151029
4613.208636 1.150675
4613.618099 1.124462
4614.027562 1.110000
4614.437024 1.114941
4614.846487 1.140802
4615.255950 1.149854
4615.665413 1.191062
4616.074875 1.153270
4616.484338 1.141553
4616.893801 1.135799
4617.303264 1.123165
4617.712726 1.121376
4618.122189 1.105238
4618.531652 1.098584
4618.941115 1.100485
4619.350577 1.110760
4619.760040 1.121564
4620.169503 1.122197
4620.578966 1.103452
4620.988428 1.108733
4621.397891 1.127900
4621.807354 1.143452
4622.216817 1.118253
4622.626279 1.121182
4623.035742 1.131456
4623.445205 1.101430
4623.854667 1.091738
4624.264130 1.119439
4624.673593 1.117233
4625.083056 1.114404
4625.492518 1.121399
4625.901981 1.143462
4626.311444 1.152940
4626.720907 1.140385
4627.130369 1.129915
4627.539832 1.125315
4627.949295 1.119053
4628.358758 1.144238
4628.768220 1.117825
4629.177683 1.112278
4629.587146 1.139153
4629.996609 1.165831
4630.406071 1.146146
4630.815534 1.124993
4631.224997 1.092486
4631.634460 1.109256
4632.043922 1.104237
4632.453385 1.123193
4632.862848 1.126713
4633.272310 1.132957
4633.681773 1.163634
4634.091236 1.180610
4634.500699 1.175830
4634.910161 1.177997
4635.319624 1.182527
4635.729087 1.135726
4636.138550 1.151580
4636.548012 1.132449
4636.957475 1.136675
4637.366938 1.158322
4637.776401 1.171409
4638.185863 1.154497
4638.595326 1.172664
4639.004789 1.156250
4639.414252 1.156313
4639.823714 1.178110
4640.233177 1.178110
4640.642640 1.155278
4641.052102 1.145869
4641.461565 1.138694
4641.871028 1.126345
4642.280491 1.105591
4642.689953 1.090265
4643.099416 1.088222
4643.508879 1.124753
4643.918342 1.173838
4644.327804 1.221288
4644.737267 1.119057
4645.146730 1.068647
4645.556193 1.083708
4645.965655 1.087974
4646.375118 1.070564
4646.784581 1.383562
4647.194044 1.767910
4647.603506 1.786098
4648.012969 1.584038
4648.422432 1.155336
4648.831895 0.945202
4649.241357 0.535246
4649.650820 0.537251
4650.060283 0.725589
4650.469745 1.022717
4650.879208 1.183906
4651.288671 1.423320
4651.698134 1.144794
4652.107596 0.714084
4652.517059 0.854972
4652.926522 0.827373
4653.335985 0.879191
4653.745447 0.928174
4654.154910 1.113231
4654.564373 1.065058
4654.973836 1.098990
4655.383298 1.458918
4655.792761 1.765357
4656.202224 1.861605
4656.611687 1.784880
4657.021149 1.301705
4657.430612 1.242236
4657.840075 1.155586
4658.249538 0.948893
4658.659000 1.144630
4659.068463 1.208113
4659.477926 1.283362
4659.887388 1.224606
4660.296851 1.263664
4660.706314 1.144475
4661.115777 1.034752
4661.525239 0.979822
4661.934702 1.175997
4662.344165 1.302020
4662.753628 1.320225
4663.163090 1.397311
4663.572553 1.448304
4663.982016 1.274359
4664.391479 1.071978
4664.800941 1.057745
4665.210404 1.034631
4665.619867 0.939105
4666.029330 0.928590
4666.438792 0.919180
4666.848255 0.947355
4667.257718 0.997867
4667.667180 1.061552
4668.076643 1.107056
4668.486106 1.145901
4668.895569 1.157561
4669.305031 1.180166
4669.714494 1.184062
4670.123957 1.247803
4670.533420 1.234083
4670.942882 1.142232
4671.352345 1.133565
4671.761808 1.130517
4672.171271 1.145165
4672.580733 1.114163
4672.990196 1.095484
4673.399659 1.067550
4673.809122 1.095126
4674.218584 1.088881
4674.628047 1.131927
4675.037510 1.168313
4675.446973 1.205942
4675.856435 1.153305
4676.265898 1.111924
4676.675361 1.086336
4677.084823 1.063840
4677.494286 1.010267
4677.903749 1.181246
4678.313212 1.351716
4678.722674 1.464433
4679.132137 1.120432
4679.541600 1.002929
4679.951063 1.047099
4680.360525 1.287766
4680.769988 1.417244
4681.179451 1.504352
4681.588914 1.775867
4681.998376 1.678568
4682.407839 1.450297
4682.817302 1.184625
4683.226765 1.243449
4683.636227 0.699221
4684.045690 0.165191
4684.455153 0.755028
4684.864615 1.434128
4685.274078 1.771859
4685.683541 1.787603
4686.093004 1.792571
4686.502466 1.728823
4686.911929 1.670838
4687.321392 1.627874
4687.730855 1.548927
4688.140317 1.460893
4688.549780 1.430710
4688.959243 1.385353
4689.368706 1.322162
4689.778168 1.288570
4690.187631 1.243590
4690.597094 1.213676
4691.006557 1.194603
4691.416019 1.224617
4691.825482 1.236716
4692.234945 1.215536
4692.644408 1.146344
4693.053870 1.101594
4693.463333 1.108964
4693.872796 1.118983
4694.282258 1.145280
4694.691721 1.242019
4695.101184 1.258423
4695.510647 1.287851
4695.920109 1.258678
4696.329572 1.153717
4696.739035 1.127540
4697.148498 1.030965
4697.557960 1.099572
4697.967423 1.086341
4698.376886 1.082712
4698.786349 1.118710
4699.195811 1.108972
4699.605274 1.132343
4700.014737 1.154911
4700.424200 1.176982
4700.833662 1.177066
4701.243125 1.265683
4701.652588 1.129469
4702.062051 1.040418
4702.471513 1.003758
4702.880976 1.100611
4703.290439 1.137552
4703.699901 1.040540
4704.109364 1.137494
4704.518827 1.184651
4704.928290 1.153899
4705.337752 1.068952
4705.747215 1.045338
4706.156678 1.002250
4706.566141 1.067382
4706.975603 1.040307
4707.385066 1.035976
4707.794529 0.996569
4708.203992 1.050491
4708.613454 1.094991
4709.022917 1.121661
4709.432380 1.172250
4709.841843 1.286849
4710.251305 1.348967
4710.660768 1.300758
4711.070231 1.322260
4711.479693 1.246305
4711.889156 1.204388
4712.298619 1.158527
4712.708082 1.400930
4713.117544 1.217832
4713.527007 1.437531
4713.936470 1.299512
4714.345933 1.195062
4714.755395 1.222304
4715.164858 1.094948
4715.574321 0.880749
4715.983784 0.917153
4716.393246 0.800802
4716.802709 0.927599
4717.212172 1.066411
4717.621635 1.162950
4718.031097 1.126330
4718.440560 1.052752
4718.850023 1.068187
4719.259486 1.112106
4719.668948 1.246356
4720.078411 1.190198
4720.487874 1.140420
4720.897336 1.178618
4721.306799 0.999431
4721.716262 0.820626
4722.125725 0.833519
4722.535187 1.206114
4722.944650 1.545464
4723.354113 1.563474
4723.763576 1.640178
4724.173038 1.492458
4724.582501 1.190217
4724.991964 0.961888
4725.401427 0.944992
4725.810889 1.120378
4726.220352 1.126090
4726.629815 1.101804
4727.039278 1.152515
4727.448740 1.103853
4727.858203 1.121586
4728.267666 1.058230
4728.677129 1.078363
4729.086591 1.113375
4729.496054 1.245881
4729.905517 1.119302
4730.314979 1.091648
4730.724442 1.018530
4731.133905 0.986854
4731.543368 1.197713
4731.952830 1.317929
4732.362293 1.479635
4732.771756 1.394373
4733.181219 1.279918
4733.590681 0.771497
4734.000144 0.456581
4734.409607 0.530093
4734.819070 0.759497
4735.228532 0.819023
4735.637995 1.009806
4736.047458 1.163431
4736.456921 1.147586
4736.866383 1.119587
4737.275846 1.101007
4737.685309 1.122058
4738.094771 1.096835
4738.504234 1.134484
4738.913697 1.176936
4739.323160 1.238719
4739.732622 1.192338
4740.142085 1.143572
4740.551548 1.114861
4740.961011 1.120862
4741.370473 1.133292
4741.779936 1.168813
4742.189399 1.252224
4742.598862 1.287710
4743.008324 1.151942
4743.417787 1.043820
4743.827250 0.896412
4744.236713 0.931615
4744.646175 1.227339
4745.055638 1.335035
4745.465101 1.574685
4745.874564 1.669734
4746.284026 1.465471
4746.693489 1.239775
4747.102952 1.011928
4747.512414 0.995218
4747.921877 1.021145
4748.331340 1.029479
4748.740803 1.098340
4749.150265 1.143124
4749.559728 1.172834
4749.969191 1.149803
4750.378654 1.189627
4750.788116 1.140882
4751.197579 1.113183
4751.607042 1.040256
4752.016505 0.900250
4752.425967 0.806502
4752.835430 1.028953
4753.244893 1.392479
4753.654356 1.468274
4754.063818 1.408252
4754.473281 1.378739
4754.882744 1.306049
4755.292207 1.145014
4755.701669 0.900577
4756.111132 1.023469
4756.520595 1.065976
4756.930057 1.127731
4757.339520 1.098020
4757.748983 1.107287
4758.158446 1.124812
4758.567908 1.109128
4758.977371 1.131894
4759.386834 1.133151
4759.796297 1.114076
4760.205759 1.150118
4760.615222 1.109587
4761.024685 1.057737
4761.434148 1.057615
4761.843610 1.088610
4762.253073 1.131130
4762.662536 1.114623
4763.071999 1.113784
4763.481461 1.110041
4763.890924 1.066038
4764.300387 1.076200
4764.709849 1.047613
4765.119312 1.028110
4765.528775 1.040970
4765.938238 1.037498
4766.347700 1.104025
4766.757163 1.092216
4767.166626 1.079408
4767.576089 1.086620
4767.985551 1.096476
4768.395014 1.056234
4768.804477 1.070766
4769.213940 1.207917
4769.623402 1.349159
4770.032865 1.406567
4770.442328 1.309588
4770.851791 1.383928
4771.261253 1.360957
4771.670716 1.127949
4772.080179 0.902853
4772.489642 0.940208
4772.899104 1.010335
4773.308567 0.963121
4773.718030 1.145509
4774.127492 1.285379
4774.536955 1.342206
4774.946418 1.141987
4775.355881 1.012131
4775.765343 1.044633
4776.174806 0.854938
4776.584269 0.753088
4776.993732 1.054111
4777.403194 1.620108
4777.812657 1.716776
4778.222120 1.636785
4778.631583 1.479559
4779.041045 1.246287
4779.450508 1.163794
4779.859971 1.062428
4780.269434 1.068287
4780.678896 1.109398
4781.088359 1.130030
4781.497822 1.172711
4781.907285 1.126424
4782.316747 1.104677
4782.726210 1.125696
4783.135673 1.130097
4783.545135 1.133161
4783.954598 1.147916
4784.364061 1.157366
4784.773524 1.146065
4785.182986 1.174753
4785.592449 1.184060
4786.001912 1.174225
4786.411375 1.187230
4786.820837 1.173326
4787.230300 1.181726
4787.639763 1.164978
4788.049226 1.153574
4788.458688 1.198650
4788.868151 1.195712
4789.277614 1.176200
4789.687077 1.154754
4790.096539 1.174196
4790.506002 1.185855
4790.915465 1.192618
4791.324927 1.202941
4791.734390 1.164433
4792.143853 1.174832
4792.553316 1.211300
4792.962778 1.199952
4793.372241 1.211563
4793.781704 1.208404
4794.191167 1.221260
4794.600629 1.212996
4795.010092 1.199272
4795.419555 1.188935
4795.829018 1.195909
4796.238480 1.220008
4796.647943 1.245675
4797.057406 1.296380
4797.466869 1.355684
4797.876331 1.360291
4798.285794 1.430119
4798.695257 1.470982
4799.104720 1.354877
4799.514182 1.224687
4799.923645 1.155243
4800.333108 1.152867
4800.742570 1.181015
4801.152033 1.211894
4801.561496 1.233555
4801.970959 1.270959
4802.380421 1.178561
4802.789884 1.142725
4803.199347 1.120365
4803.608810 1.178256
4804.018272 1.266876
4804.427735 1.457442
4804.837198 1.440432
4805.246661 1.264373
4805.656123 1.220522
4806.065586 1.196554
4806.475049 1.118902
4806.884512 1.168561
4807.293974 1.233876
4807.703437 1.219562
4808.112900 1.249851
4808.522363 1.287274
4808.931825 1.266076
4809.341288 1.288908
4809.750751 1.263787
4810.160213 1.249654
4810.569676 1.205452
4810.979139 1.173140
4811.388602 1.250074
4811.798064 1.221683
4812.207527 1.262953
4812.616990 1.288810
4813.026453 1.319869
4813.435915 1.294568
4813.845378 1.307972
4814.254841 1.322606
4814.664304 1.354523
4815.073766 1.331191
4815.483229 1.346155
4815.892692 1.308916
4816.302155 1.308242
4816.711617 1.268153
4817.121080 1.290782
4817.530543 1.300393
4817.940005 1.339015
4818.349468 1.324389
4818.758931 1.356294
4819.168394 1.331485
4819.577856 1.345894
4819.987319 1.363002
4820.396782 1.343582
4820.806245 1.320829
4821.215707 1.333185
4821.625170 1.327877
4822.034633 1.294724
4822.444096 1.266904
4822.853558 1.229457
4823.263021 1.275950
4823.672484 1.308739
4824.081947 1.317656
4824.491409 1.333721
4824.900872 1.401471
4825.310335 1.398758
4825.719798 1.361214
4826.129260 1.313783
4826.538723 1.368237
4826.948186 1.399992
4827.357648 1.446581
4827.767111 1.457072
4828.176574 1.555842
4828.586037 1.599029
4828.995499 1.544527
4829.404962 1.464037
4829.814425 1.368205
4830.223888 1.397608
4830.633350 1.409262
4831.042813 1.375798
4831.452276 1.387819
4831.861739 1.440721
4832.271201 1.383040
4832.680664 1.272141
4833.090127 1.207582
4833.499590 1.323844
4833.909052 1.509645
4834.318515 1.492042
4834.727978 1.519679
4835.137441 1.662215
4835.546903 1.543209
4835.956366 1.464127
4836.365829 1.228941
4836.775291 1.261374
4837.184754 1.275966
4837.594217 1.249336
4838.003680 1.319287
4838.413142 1.353577
4838.822605 1.404635
4839.232068 1.461709
4839.641531 1.543534
4840.050993 1.488559
4840.460456 1.442209
4840.869919 1.380343
4841.279382 1.336812
4841.688844 1.239417
4842.098307 1.289401
4842.507770 1.394935
4842.917233 1.555964
4843.326695 1.731597
4843.736158 1.685465
4844.145621 1.742056
4844.555083 1.691287
4844.964546 1.494272
4845.374009 1.365414
4845.783472 1.356550
4846.192934 1.361454
4846.602397 1.362000
4847.011860 1.329959
4847.421323 1.345393
4847.830785 1.408538
4848.240248 1.336307
4848.649711 1.254887
4849.059174 1.363688
4849.468636 1.489940
4849.878099 1.573204
4850.287562 1.574769
4850.697025 1.568384
4851.106487 1.442709
4851.515950 1.304879
4851.925413 1.121861
4852.334876 1.129901
4852.744338 1.287739
4853.153801 1.378904
4853.563264 1.546748
4853.972726 1.878292
4854.382189 1.853228
4854.791652 1.831425
4855.201115 1.621587
4855.610577 1.569375
4856.020040 1.658362
4856.429503 1.684568
4856.838966 1.791105
4857.248428 1.997349
4857.657891 2.184885
4858.067354 2.355317
4858.476817 2.532944
4858.886279 2.758899
4859.295742 3.014743
4859.705205 3.270587
4860.114668 3.476940
4860.524130 3.695365
4860.933593 3.787849
4861.343056 3.733406
4861.752518 3.644226
4862.161981 3.564970
4862.571444 3.491632
4862.980907 3.408122
4863.390369 3.253426
4863.799832 3.229189
4864.209295 3.078872
4864.618758 2.833772
4865.028220 2.633113
4865.437683 2.458619
4865.847146 2.293094
4866.256609 2.109757
4866.666071 1.985192
4867.075534 1.932734
4867.484997 1.769862
4867.894460 1.653586
4868.303922 1.578562
4868.713385 1.443774
4869.122848 1.417757
4869.532311 1.382624
4869.941773 1.345145
4870.351236 1.280526
4870.760699 1.269163
4871.170161 1.249928
4871.579624 1.290645
4871.989087 1.334964
4872.398550 1.340111
4872.808012 1.373848
4873.217475 1.323402
4873.626938 1.321677
4874.036401 1.311543
4874.445863 1.266492
4874.855326 1.288408
4875.264789 1.277571
4875.674252 1.280481
4876.083714 1.300522
4876.493177 1.286951
4876.902640 1.292992
4877.312103 1.286888
4877.721565 1.290014
4878.131028 1.276832
4878.540491 1.283448
4878.949954 1.276626
4879.359416 1.262836
4879.768879 1.230573
4880.178342 1.248663
4880.587804 1.272003
4880.997267 1.287336
4881.406730 1.271695
4881.816193 1.234395
4882.225655 1.237800
4882.635118 1.230591
4883.044581 1.245063
4883.454044 1.270636
4883.863506 1.257558
4884.272969 1.221937
4884.682432 1.223671
4885.091895 1.230476
4885.501357 1.241892
4885.910820 1.250563
4886.320283 1.220516
4886.729746 1.272029
4887.139208 1.130218
4887.548671 1.052759
4887.958134 1.141479
4888.367596 1.099683
4888.777059 1.354086
4889.186522 1.569508
4889.595985 1.494382
4890.005447 1.398635
4890.414910 1.362041
4890.824373 1.157520
4891.233836 0.900329
4891.643298 0.967044
4892.052761 0.998419
4892.462224 0.977674
4892.871687 1.187719
4893.281149 1.300615
4893.690612 1.334340
4894.100075 1.190851
4894.509538 1.126736
4894.919000 1.056398
4895.328463 0.981782
4895.737926 0.949352
4896.147389 1.075004
4896.556851 1.165619
4896.966314 1.166015
4897.375777 1.151283
4897.785239 1.200550
4898.194702 1.230551
4898.604165 1.231202
4899.013628 1.189049
4899.423090 1.162490
4899.832553 1.140154
4900.242016 1.037751
4900.651479 1.112698
4901.060941 1.163474
4901.470404 1.182341
4901.879867 1.175735
4902.289330 1.055589
4902.698792 1.094638
4903.108255 1.109592
4903.517718 1.084264
4903.927181 1.083015
4904.336643 1.109855
4904.746106 1.116441
4905.155569 1.092690
4905.565032 1.080420
4905.974494 1.118607
4906.383957 1.138409
4906.793420 1.126467
4907.202882 1.123010
4907.612345 1.098122
4908.021808 1.155208
4908.431271 1.105074
4908.840733 1.043660
4909.250196 1.041213
4909.659659 1.032979
4910.069122 1.080276
4910.478584 1.106019
4910.888047 1.059566
4911.297510 1.083350
4911.706973 1.096750
4912.116435 1.099997
4912.525898 1.086082
4912.935361 1.061045
4913.344824 1.118223
4913.754286 1.154219
4914.163749 1.127237
4914.573212 1.139876
4914.982674 1.122348
4915.392137 1.082181
4915.801600 1.094968
4916.211063 1.168959
4916.620525 1.214901
4917.029988 1.283933
4917.439451 1.280376
4917.848914 1.228924
4918.258376 1.108762
4918.667839 0.964369
4919.077302 0.872703
4919.486765 0.873720
4919.896227 0.867503
4920.305690 0.977584
4920.715153 1.016531
4921.124616 1.073223
4921.534078 1.140989
4921.943541 1.181594
4922.353004 1.079881
4922.762467 1.075770
4923.171929 1.054392
4923.581392 1.070161
4923.990855 1.072312
4924.400317 1.080015
4924.809780 1.048426
4925.219243 1.065710
4925.628706 1.116949
4926.038168 1.153738
4926.447631 1.090696
4926.857094 1.036926
4927.266557 1.163700
4927.676019 1.191999
4928.085482 1.441451
4928.494945 1.648155
4928.904408 1.345475
4929.313870 1.388869
4929.723333 1.462273
4930.132796 0.965528
4930.542259 0.673621
4930.951721 0.475940
4931.361184 0.623278
4931.770647 0.566517
4932.180110 0.787352
4932.589572 0.950099
4932.999035 1.147237
4933.408498 1.149618
4933.817960 1.096261
4934.227423 1.058135
4934.636886 1.049710
4935.046349 1.066040
4935.455811 1.105455
4935.865274 1.099127
4936.274737 1.086239
4936.684200 1.055876
4937.093662 1.107633
4937.503125 1.056675
4937.912588 1.102917
4938.322051 1.196911
4938.731513 1.244578
4939.140976 1.302035
4939.550439 1.193903
4939.959902 1.306991
4940.369364 1.415021
4940.778827 1.302779
4941.188290 1.265384
4941.597752 1.054628
4942.007215 0.854863
4942.416678 0.848123
4942.826141 0.910035
4943.235603 0.985228
4943.645066 1.071330
4944.054529 1.153000
4944.463992 1.212561
4944.873454 1.223968
4945.282917 1.206261
4945.692380 1.215353
4946.101843 1.243160
4946.511305 1.255970
4946.920768 1.339825
4947.330231 1.364891
4947.739694 1.486698
4948.149156 1.370254
4948.558619 1.451956
4948.968082 1.533877
4949.377545 1.652909
4949.787007 1.894960
4950.196470 2.160134
4950.605933 2.020926
4951.015395 2.079728
4951.424858 1.515636
4951.834321 1.450228
4952.243784 1.272405
4952.653246 1.174811
4953.062709 1.499120
4953.472172 1.806518
4953.881635 2.170483
4954.291097 2.561430
4954.700560 3.023905
4955.110023 3.476975
4955.519486 3.989220
4955.928948 4.551632
4956.338411 5.324751
4956.747874 6.053533
4957.157337 6.755465
4957.566799 7.349094
4957.976262 7.880170
4958.385725 8.146078
4958.795188 8.079762
4959.204650 8.069786
4959.614113 7.768785
4960.023576 7.234329
4960.433038 6.802646
4960.842501 6.240617
4961.251964 5.693445
4961.661427 5.143544
4962.070889 4.599951
4962.480352 4.188042
4962.889815 3.885820
4963.299278 3.719870
4963.708740 3.675219
4964.118203 3.483277
4964.527666 3.457201
4964.937129 3.446924
4965.346591 3.066880
4965.756054 2.952533
4966.165517 2.759347
4966.574980 2.567387
4966.984442 2.026644
4967.393905 1.608909
4967.803368 1.556654
4968.212830 1.217037
4968.622293 0.907105
4969.031756 0.912815
4969.441219 0.963117
4969.850681 1.050003
4970.260144 1.424205
4970.669607 1.721552
4971.079070 1.992292
4971.488532 2.091100
4971.897995 2.113275
4972.307458 1.843354
4972.716921 1.144275
4973.126383 1.026999
4973.535846 1.298224
4973.945309 1.685656
4974.354772 1.686931
4974.764234 1.398850
4975.173697 1.327583
4975.583160 1.341937
4975.992623 1.032780
4976.402085 1.006920
4976.811548 0.921054
4977.221011 0.939135
4977.630473 1.069929
4978.039936 1.107150
4978.449399 1.149859
4978.858862 1.256805
4979.268324 1.212354
4979.677787 1.347995
4980.087250 1.323328
4980.496713 1.131586
4980.906175 0.874856
4981.315638 0.874985
4981.725101 0.946375
4982.134564 0.914548
4982.544026 0.929249
4982.953489 0.930936
4983.362952 0.990994
4983.772415 0.990567
4984.181877 1.085016
4984.591340 1.087457
4985.000803 1.099986
4985.410266 1.115968
4985.819728 1.110134
4986.229191 1.140724
4986.638654 1.171154
4987.048116 1.183677
4987.457579 1.227296
4987.867042 1.179603
4988.276505 1.189598
4988.685967 1.235748
4989.095430 1.196869
4989.504893 1.310491
4989.914356 1.346840
4990.323818 1.346478
4990.733281 1.365442
4991.142744 1.359499
4991.552207 1.412119
4991.961669 1.463217
4992.371132 1.561812
4992.780595 1.650558
4993.190058 1.715534
4993.599520 1.807415
4994.008983 1.721634
4994.418446 1.673516
4994.827908 1.593836
4995.237371 1.731492
4995.646834 1.710540
4996.056297 1.804090
4996.465759 1.808069
4996.875222 1.807255
4997.284685 1.939857
4997.694148 2.177322
4998.103610 2.151289
4998.513073 2.904452
4998.922536 3.620177
4999.331999 4.559528
4999.741461 4.561247
5000.150924 4.833551
5000.560387 4.507383
5000.969850 4.000678
5001.379312 3.745227
5001.788775 3.607679
5002.198238 5.374423
5002.607701 6.374285
5003.017163 7.884674
5003.426626 9.906647
5003.836089 11.823099
5004.245551 13.824036
5004.655014 15.928635
5005.064477 18.147784
5005.473940 19.732556
5005.883402 21.461744
5006.292865 22.992629
5006.702328 22.645621
5007.111791 22.107195
5007.521253 21.060924
5007.930716 19.533769
5008.340179 17.882627
5008.749642 16.218917
5009.159104 14.727468
5009.568567 13.168716
5009.978030 11.628465
5010.387493 10.256841
5010.796955 8.946758
5011.206418 7.929794
5011.615881 7.012534
5012.025344 6.115046
5012.434806 5.468042
5012.844269 4.857259
5013.253732 4.199316
5013.663194 3.854497
5014.072657 3.478771
5014.482120 3.235096
5014.891583 2.988463
5015.301045 2.731839
5015.710508 2.487255
5016.119971 2.235539
5016.529434 1.891555
5016.938896 1.689606
5017.348359 1.611313
5017.757822 1.421189
5018.167285 1.381222
5018.576747 1.280986
5018.986210 1.314710
5019.395673 1.267831
5019.805136 1.248906
5020.214598 1.319426
5020.624061 1.137578
5021.033524 1.156023
5021.442986 1.201203
5021.852449 1.205983
5022.261912 1.242806
5022.671375 1.274908
5023.080837 1.256709
5023.490300 1.164734
5023.899763 0.979185
5024.309226 0.928639
5024.718688 0.664747
5025.128151 0.721668
5025.537614 0.753869
5025.947077 0.828050
5026.356539 0.822557
5026.766002 0.947790
5027.175465 0.867122
5027.584928 0.952330
5027.994390 1.001072
5028.403853 0.934891
5028.813316 0.978838
5029.222779 0.928869
5029.632241 0.942660
5030.041704 0.875099
5030.451167 0.894846
5030.860629 0.961620
5031.270092 0.977970
5031.679555 0.989353
5032.089018 0.965996
5032.498480 0.996297
5032.907943 1.003107
5033.317406 1.131815
5033.726869 1.773020
5034.136331 1.981890
5034.545794 1.872524
5034.955257 1.551185
5035.364720 1.272314
5035.774182 0.521570
5036.183645 0.118671
5036.593108 0.173884
5037.002571 0.361839
5037.412033 0.575283
5037.821496 0.633466
5038.230959 0.731871
5038.640422 0.801839
5039.049884 0.774125
5039.459347 0.688570
5039.868810 0.688705
5040.278272 0.683331
5040.687735 0.767102
5041.097198 0.787422
5041.506661 0.823648
5041.916123 0.847000
5042.325586 0.884257
5042.735049 0.895694
5043.144512 0.853715
5043.553974 0.885144
5043.963437 0.957020
5044.372900 1.246840
5044.782363 1.141569
5045.191825 1.128468
5045.601288 1.218560
5046.010751 0.899141
5046.420214 0.693294
5046.829676 0.272242
5047.239139 0.352228
5047.648602 0.507909
5048.058064 0.632748
5048.467527 0.672801
5048.876990 0.802851
5049.286453 0.883873
5049.695915 0.822592
5050.105378 0.785961
5050.514841 0.790026
5050.924304 0.873171
5051.333766 0.984064
5051.743229 0.926541
5052.152692 0.786425
5052.562155 0.763141
5052.971617 0.917196
5053.381080 0.756190
5053.790543 0.770449
5054.200006 1.474864
5054.609468 2.126812
5055.018931 2.306732
5055.428394 1.823682
5055.837857 1.086065
5056.247319 0.779112
5056.656782 0.388256
5057.066245 -0.222234
5057.475707 -0.043013
5057.885170 0.184076
5058.294633 0.620956
5058.704096 0.762268
5059.113558 0.799548
5059.523021 0.755097
5059.932484 0.679423
5060.341947 0.633007
5060.751409 0.642403
5061.160872 0.690357
5061.570335 0.667751
5061.979798 0.740117
5062.389260 0.752746
5062.798723 0.740206
5063.208186 0.740409
5063.617649 0.798113
5064.027111 0.752842
5064.436574 0.788214
5064.846037 0.822604
5065.255499 0.849461
5065.664962 0.806123
5066.074425 0.773631
5066.483888 0.836229
5066.893350 0.793879
5067.302813 0.729199
5067.712276 0.786547
5068.121739 0.767155
5068.531201 0.884484
5068.940664 0.888877
5069.350127 1.119994
5069.759590 1.257153
5070.169052 1.286322
5070.578515 0.940533
5070.987978 0.809354
5071.397441 0.649308
5071.806903 0.717831
5072.216366 0.695456
5072.625829 0.641123
5073.035292 0.744912
5073.444754 0.738231
5073.854217 0.746464
5074.263680 0.741808
5074.673142 0.781284
5075.082605 0.976551
5075.492068 1.155449
5075.901531 1.333061
5076.310993 0.928124
5076.720456 0.647246
5077.129919 0.460678
5077.539382 0.735842
5077.948844 1.378730
5078.358307 2.023677
5078.767770 2.560933
5079.177233 2.574696
5079.586695 2.123353
5079.996158 1.231829
5080.405621 0.464677
5080.815084 -0.091253
5081.224546 -0.053050
5081.634009 -0.261794
5082.043472 0.192345
5082.452935 0.500056
5082.862397 0.843577
5083.271860 1.116024
5083.681323 1.117918
5084.090785 1.145086
5084.500248 0.958569
5084.909711 0.816226
5085.319174 0.750268
5085.728636 0.732246
5086.138099 0.723526
5086.547562 0.707786
5086.957025 0.734457
5087.366487 1.041771
5087.775950 1.167108
5088.185413 1.025240
5088.594876 0.828738
5089.004338 0.609189
5089.413801 0.328622
5089.823264 0.253791
5090.232727 0.103837
5090.642189 0.304301
5091.051652 0.586167
5091.461115 0.722135
5091.870577 0.801632
5092.280040 0.635827
5092.689503 0.697628
5093.098966 0.796341
5093.508428 0.901653
5093.917891 1.067145
5094.327354 1.081075
5094.736817 1.459185
5095.146279 0.958222
5095.555742 0.578634
5095.965205 0.512018
5096.374668 0.703521
5096.784130 1.013931
5097.193593 1.127159
5097.603056 1.537443
5098.012519 1.782664
5098.421981 1.887105
5098.831444 1.498695
5099.240907 0.917060
5099.650370 0.474900
5100.059832 0.348900
5100.469295 -0.226845
5100.878758 -0.020015
5101.288220 0.385346
5101.697683 0.461739
5102.107146 0.718458
5102.516609 0.818355
5102.926071 0.828711
5103.335534 0.734540
5103.744997 0.678798
5104.154460 0.694439
5104.563922 1.140634
5104.973385 1.411486
5105.382848 1.853424
5105.792311 1.618786
5106.201773 1.384148
5106.611236 1.370179
5107.020699 1.170044
5107.430162 0.616171
5107.839624 0.472964
5108.249087 0.714387
5108.658550 0.803844
5109.068013 0.766947
5109.477475 0.422086
5109.886938 0.302312
5110.296401 0.276629
5110.705863 0.299464
5111.115326 0.428787
5111.524789 0.462089
5111.934252 0.472575
5112.343714 0.893530
5112.753177 0.629095
5113.162640 0.606454
5113.572103 0.611936
5113.981565 0.694604
5114.391028 0.764697
5114.800491 0.755402
5115.209954 0.788592
5115.619416 0.698181
5116.028879 0.593858
5116.438342 0.573473
5116.847805 0.675832
5117.257267 0.650945
5117.666730 0.748838
5118.076193 0.726175
5118.485655 0.765839
5118.895118 0.765170
5119.304581 0.614834
5119.714044 0.695672
5120.123506 0.671014
5120.532969 0.704619
5120.942432 0.752404
5121.351895 0.681557
5121.761357 0.666907
5122.170820 0.626240
5122.580283 0.543232
5122.989746 0.488823
5123.399208 0.556272
5123.808671 0.496906
5124.218134 0.443427
5124.627597 0.455647
5125.037059 0.799188
5125.446522 0.732062
5125.855985 0.848931
5126.265448 0.887710
5126.674910 0.895506
5127.084373 0.514388
5127.493836 0.448255
5127.903298 0.440358
5128.312761 0.590392
5128.722224 0.827993
5129.131687 0.901601
5129.541149 0.752547
5129.950612 0.648531
5130.360075 0.707800
5130.769538 0.590260
5131.179000 0.783619
5131.588463 0.970598
5131.997926 1.241121
5132.407389 1.528907
5132.816851 1.346198
5133.226314 1.232633
5133.635777 1.117967
5134.045240 0.859638
5134.454702 0.806729
5134.864165 1.317417
5135.273628 2.946485
5135.683091 3.871975
5136.092553 4.138045
5136.502016 3.075595
5136.911479 2.654642
5137.320941 2.056441
5137.730404 1.004551
5138.139867 0.103690
5138.549330 -0.512422
5138.958792 -0.590034
5139.368255 0.305400
5139.777718 0.673774
5140.187181 1.440718
5140.596643 1.936469
5141.006106 1.642911
5141.415569 1.103860
5141.825032 0.539067
5142.234494 0.308135
5142.643957 0.140573
5143.053420 0.038278
5143.462883 0.196661
5143.872345 0.425336
5144.281808 0.492239
5144.691271 0.661328
5145.100733 0.901680
5145.510196 0.799690
5145.919659 0.895966
5146.329122 0.847973
5146.738584 1.307180
5147.148047 1.246146
5147.557510 1.517889
5147.966973 1.355249
5148.376435 1.417920
5148.785898 1.656290
5149.195361 1.134246
5149.604824 0.588268
5150.014286 0.183490
5150.423749 0.013828
5150.833212 0.196782
5151.242675 0.457863
5151.652137 0.583564
5152.061600 0.459388
5152.471063 0.751614
5152.880526 0.850568
5153.289988 1.042014
5153.699451 1.009353
