2104.696616 79.275011
2105.175118 76.421771
2105.653620 78.206668
2106.132122 81.410827
2106.610625 76.039466
2107.089127 79.279341
2107.567629 79.801829
2108.046131 80.473339
2108.524633 81.245960
2109.003135 78.496435
2109.481637 80.968849
2109.960140 81.678230
2110.438642 80.550785
2110.917144 80.048617
2111.395646 77.465735
2111.874148 80.393332
2112.352650 76.406443
2112.831152 79.188813
2113.309654 78.806968
2113.788157 74.865249
2114.266659 77.153879
2114.745161 76.532865
2115.223663 74.903835
2115.702165 76.764085
2116.180667 75.642003
2116.659169 75.545577
2117.137672 74.583769
2117.616174 77.524652
2118.094676 75.989438
2118.573178 74.861883
2119.051680 73.790104
2119.530182 74.812544
2120.008684 73.721747
2120.487187 74.156251
2120.965689 77.093225
2121.444191 78.022785
2121.922693 76.109539
2122.401195 72.428758
2122.879697 73.826192
2123.358199 70.893499
2123.836701 73.813910
2124.315204 75.759685
2124.793706 74.824338
2125.272208 75.053360
2125.750710 76.056877
2126.229212 76.428965
2126.707714 73.628029
2127.186216 73.961067
2127.664719 74.687719
2128.143221 77.126964
2128.621723 77.551619
2129.100225 76.312071
2129.578727 74.367228
2130.057229 74.390724
2130.535731 77.655404
2131.014234 73.684156
2131.492736 73.421797
2131.971238 73.403739
2132.449740 75.160858
2132.928242 75.009930
2133.406744 74.708123
2133.885246 71.654569
2134.363748 75.147594
2134.842251 74.020205
2135.320753 74.342518
2135.799255 74.972509
2136.277757 74.992533
2136.756259 75.801964
2137.234761 72.999920
2137.713263 72.566654
2138.191766 73.519908
2138.670268 74.869122
2139.148770 75.689815
2139.627272 74.750962
2140.105774 74.458585
2140.584276 73.657290
2141.062778 72.214440
2141.541281 72.020979
2142.019783 72.347007
2142.498285 71.954237
2142.976787 70.561298
2143.455289 72.176670
2143.933791 69.991673
2144.412293 66.631014
2144.890795 69.170614
2145.369298 70.969678
2145.847800 68.944375
2146.326302 69.837956
2146.804804 68.973196
2147.283306 68.853827
2147.761808 68.911793
2148.240310 69.939985
2148.718813 67.286872
2149.197315 66.233780
2149.675817 69.694931
2150.154319 67.972324
2150.632821 66.517838
2151.111323 68.733887
2151.589825 67.778470
2152.068328 68.452432
2152.546830 70.216329
2153.025332 68.031121
2153.503834 67.510269
2153.982336 66.235409
2154.460838 67.366903
2154.939340 67.228441
2155.417842 66.546656
2155.896345 68.687214
2156.374847 67.557490
2156.853349 66.593656
2157.331851 64.252388
2157.810353 67.988958
2158.288855 68.060657
2158.767357 67.220256
2159.245860 66.628239
2159.724362 65.638127
2160.202864 68.360582
2160.681366 67.442052
2161.159868 65.750518
2161.638370 66.644982
2162.116872 65.934587
2162.595375 64.956240
2163.073877 67.830707
2163.552379 67.004541
2164.030881 66.116887
2164.509383 67.323797
2164.987885 65.922596
2165.466387 68.018346
2165.944890 69.022109
2166.423392 69.542121
2166.901894 67.522551
2167.380396 68.757636
2167.858898 69.467247
2168.337400 67.930056
2168.815902 66.275490
2169.294404 68.336804
2169.772907 67.500638
2170.251409 67.300976
2170.729911 67.934129
2171.208413 67.374012
2171.686915 68.478780
2172.165417 69.213185
2172.643919 68.619571
2173.122422 68.310870
2173.600924 66.742646
2174.079426 66.036620
2174.557928 65.884457
2175.036430 69.831336
2175.514932 67.497416
2175.993434 66.286598
2176.471937 68.372094
2176.950439 68.839954
2177.428941 67.693609
2177.907443 66.694085
2178.385945 66.880387
2178.864447 67.400737
2179.342949 67.759712
2179.821451 66.460142
2180.299954 68.683046
2180.778456 69.926823
2181.256958 69.647513
2181.735460 70.462164
2182.213962 67.055219
2182.692464 67.251828
2183.170966 68.752202
2183.649469 67.208360
2184.127971 65.283580
2184.606473 65.025115
2185.084975 66.509210
2185.563477 67.744334
2186.041979 64.997134
2186.520481 65.875206
2186.998984 66.626343
2187.477486 65.795439
2187.955988 66.918382
2188.434490 66.835445
2188.912992 66.397712
2189.391494 66.365563
2189.869996 66.749294
2190.348498 67.146921
2190.827001 66.553128
2191.305503 63.313134
2191.784005 65.558799
2192.262507 61.830336
2192.741009 64.366886
2193.219511 66.043767
2193.698013 66.454659
2194.176516 64.318898
2194.655018 66.462165
2195.133520 64.832966
2195.612022 63.772383
2196.090524 65.083289
2196.569026 66.223182
2197.047528 65.721274
2197.526031 66.040499
2198.004533 65.234685
2198.483035 65.667124
2198.961537 63.905766
2199.440039 65.158146
2199.918541 65.070454
2200.397043 64.330516
2200.875545 65.675787
2201.354048 62.620235
2201.832550 64.958351
2202.311052 64.474206
2202.789554 62.801743
2203.268056 64.257819
2203.746558 63.995956
2204.225060 64.295353
2204.703563 64.194720
2205.182065 65.801309
2205.660567 65.322697
2206.139069 64.949325
2206.617571 66.215715
2207.096073 66.395130
2207.574575 66.435647
2208.053078 65.475647
2208.531580 65.423629
2209.010082 64.663209
2209.488584 65.011031
2209.967086 65.083324
2210.445588 65.438465
2210.924090 64.527638
2211.402593 65.009483
2211.881095 65.922821
2212.359597 66.837855
2212.838099 66.687402
2213.316601 65.802013
2213.795103 66.620413
2214.273605 66.650163
2214.752107 66.145068
2215.230610 65.685622
2215.709112 66.702259
2216.187614 66.554637
2216.666116 66.458648
2217.144618 68.141117
2217.623120 64.406144
2218.101622 67.072933
2218.580125 65.634025
2219.058627 66.525457
2219.537129 67.730644
2220.015631 66.756547
2220.494133 65.225254
2220.972635 64.272923
2221.451137 63.528634
2221.929640 63.972642
2222.408142 64.957148
2222.886644 64.483470
2223.365146 64.019462
2223.843648 65.090862
2224.322150 66.549854
2224.800652 65.442830
2225.279154 65.095962
2225.757657 64.216764
2226.236159 64.879209
2226.714661 64.143665
2227.193163 64.128917
2227.671665 63.736618
2228.150167 63.852618
2228.628669 64.055372
2229.107172 65.757947
2229.585674 63.706695
2230.064176 66.027242
2230.542678 65.176166
2231.021180 63.463007
2231.499682 64.277625
2231.978184 62.995903
2232.456687 64.719013
2232.935189 65.983539
2233.413691 65.593997
2233.892193 63.725197
2234.370695 63.868028
2234.849197 62.558898
2235.327699 63.173071
2235.806201 65.014358
2236.284704 64.902822
2236.763206 63.734219
2237.241708 65.271937
2237.720210 63.062829
2238.198712 64.915196
2238.677214 63.212241
2239.155716 62.918366
2239.634219 62.074405
2240.112721 62.497090
2240.591223 63.549112
2241.069725 63.589826
2241.548227 63.894349
2242.026729 62.810174
2242.505231 63.563780
2242.983734 62.751075
2243.462236 61.406768
2243.940738 63.222139
2244.419240 64.367607
2244.897742 61.213754
2245.376244 61.204957
2245.854746 63.668001
2246.333248 62.862161
2246.811751 62.795144
2247.290253 63.702640
2247.768755 62.243272
2248.247257 63.068555
2248.725759 63.500699
2249.204261 63.009188
2249.682763 61.901194
2250.161266 62.838960
2250.639768 62.885907
2251.118270 60.734582
2251.596772 61.106276
2252.075274 62.961637
2252.553776 63.090015
2253.032278 62.098706
2253.510781 61.661075
2253.989283 61.900213
2254.467785 62.115942
2254.946287 62.022703
2255.424789 62.747304
2255.903291 62.396722
2256.381793 63.720501
2256.860295 61.997894
2257.338798 61.486947
2257.817300 62.021348
2258.295802 60.574889
2258.774304 61.623601
2259.252806 62.212716
2259.731308 60.835535
2260.209810 61.471386
2260.688313 61.543517
2261.166815 60.361175
2261.645317 60.076583
2262.123819 61.726555
2262.602321 61.371660
2263.080823 60.511569
2263.559325 63.074200
2264.037828 61.720185
2264.516330 63.022551
2264.994832 63.483123
2265.473334 62.177739
2265.951836 62.347524
2266.430338 61.964071
2266.908840 62.041767
2267.387343 62.165840
2267.865845 61.887430
2268.344347 61.593759
2268.822849 60.359030
2269.301351 60.455389
2269.779853 61.295498
2270.258355 63.564870
2270.736857 63.261551
2271.215360 61.330313
2271.693862 61.255210
2272.172364 63.281463
2272.650866 63.358227
2273.129368 63.024510
2273.607870 62.868830
2274.086372 62.313233
2274.564875 63.312508
2275.043377 62.635623
2275.521879 63.149807
2276.000381 63.334748
2276.478883 64.077271
2276.957385 63.227907
2277.435887 63.306591
2277.914390 63.432352
2278.392892 63.121246
2278.871394 63.230500
2279.349896 63.129399
2279.828398 63.292332
2280.306900 63.548388
2280.785402 62.748848
2281.263904 62.238572
2281.742407 62.349029
2282.220909 63.941985
2282.699411 64.132599
2283.177913 63.127299
2283.656415 62.581244
2284.134917 62.812868
2284.613419 63.204277
2285.091922 63.732401
2285.570424 63.710909
2286.048926 61.929829
2286.527428 63.134580
2287.005930 62.606970
2287.484432 63.787852
2287.962934 63.087693
2288.441437 62.354587
2288.919939 61.757413
2289.398441 62.741142
2289.876943 61.754075
2290.355445 63.379831
2290.833947 62.761226
2291.312449 62.527143
2291.790951 64.083725
2292.269454 62.663467
2292.747956 61.803446
2293.226458 62.317186
2293.704960 62.254897
2294.183462 61.148942
2294.661964 58.831340
2295.140466 56.753468
2295.618969 56.894798
2296.097471 61.146973
2296.575973 64.086117
2297.054475 62.901134
2297.532977 63.763491
2298.011479 64.673839
2298.489981 64.629348
2298.968484 62.945372
2299.446986 63.539271
2299.925488 64.018319
2300.403990 63.988200
2300.882492 62.569366
2301.360994 64.071843
2301.839496 64.903842
2302.317998 63.359616
2302.796501 63.832196
2303.275003 64.201523
2303.753505 64.302792
2304.232007 64.277724
2304.710509 64.749354
2305.189011 64.501684
2305.667513 64.188878
2306.146016 63.226926
2306.624518 64.189803
2307.103020 63.859502
2307.581522 63.654750
2308.060024 63.296676
2308.538526 63.697227
2309.017028 63.912723
2309.495531 64.338807
2309.974033 65.731812
2310.452535 64.863747
2310.931037 62.764747
2311.409539 62.851472
2311.888041 64.086662
2312.366543 64.480836
2312.845046 62.824616
2313.323548 63.447400
2313.802050 62.894662
2314.280552 62.263264
2314.759054 61.532880
2315.237556 60.065932
2315.716058 59.037093
2316.194560 60.602479
2316.673063 62.447499
2317.151565 62.872516
2317.630067 63.665155
2318.108569 64.550663
2318.587071 64.428712
2319.065573 63.781250
2319.544075 64.870198
2320.022578 64.719667
2320.501080 63.863870
2320.979582 65.262001
2321.458084 63.237851
2321.936586 63.646569
2322.415088 63.654265
2322.893590 64.377122
2323.372093 63.565117
2323.850595 64.388768
2324.329097 64.943455
2324.807599 65.333481
2325.286101 64.509858
2325.764603 65.403161
2326.243105 65.277752
2326.721607 65.558088
2327.200110 65.204910
2327.678612 65.104393
2328.157114 65.044450
2328.635616 64.203071
2329.114118 63.479088
2329.592620 65.514381
2330.071122 66.474712
2330.549625 65.534240
2331.028127 64.667124
2331.506629 64.131259
2331.985131 63.537976
2332.463633 63.548078
2332.942135 63.753515
2333.420637 62.969628
2333.899140 62.065038
2334.377642 62.007479
2334.856144 63.388413
2335.334646 63.714451
2335.813148 63.941802
2336.291650 64.157647
2336.770152 65.394318
2337.248654 64.769681
2337.727157 64.012530
2338.205659 62.992671
2338.684161 61.930782
2339.162663 61.405649
2339.641165 63.065157
2340.119667 62.658096
2340.598169 61.929467
2341.076672 61.762623
2341.555174 62.051464
2342.033676 61.737973
2342.512178 62.033712
2342.990680 61.701234
2343.469182 62.790487
2343.947684 62.494896
2344.426187 61.050849
2344.904689 61.577678
2345.383191 62.053860
2345.861693 61.342237
2346.340195 60.310310
2346.818697 62.560864
2347.297199 61.354123
2347.775701 61.412934
2348.254204 61.627678
2348.732706 61.167922
2349.211208 61.189751
2349.689710 61.543960
2350.168212 61.332786
2350.646714 60.441727
2351.125216 62.071320
2351.603719 61.380823
2352.082221 61.818240
2352.560723 61.292624
2353.039225 60.205625
2353.517727 60.409276
2353.996229 61.081563
2354.474731 61.065981
2354.953234 60.775331
2355.431736 60.330599
2355.910238 60.227732
2356.388740 60.593679
2356.867242 60.747449
2357.345744 61.048739
2357.824246 60.860723
2358.302748 60.897445
2358.781251 60.358699
2359.259753 60.248770
2359.738255 61.566415
2360.216757 61.484572
2360.695259 60.871930
2361.173761 60.537995
2361.652263 59.107364
2362.130766 59.169179
2362.609268 61.026066
2363.087770 61.151070
2363.566272 61.275625
2364.044774 60.576408
2364.523276 60.672838
2365.001778 60.967132
2365.480281 60.851771
2365.958783 60.859622
2366.437285 60.686781
2366.915787 59.723795
2367.394289 60.578030
2367.872791 61.037497
2368.351293 60.180409
2368.829796 60.935753
2369.308298 60.311439
2369.786800 60.725578
2370.265302 60.564185
2370.743804 60.060156
2371.222306 59.547981
2371.700808 60.418987
2372.179310 59.672356
2372.657813 59.477468
2373.136315 61.149628
2373.614817 60.542114
2374.093319 58.607939
2374.571821 59.106537
2375.050323 59.637014
2375.528825 59.991525
2376.007328 60.411260
2376.485830 60.430616
2376.964332 60.953586
2377.442834 59.440549
2377.921336 59.235211
2378.399838 60.255798
2378.878340 59.767280
2379.356843 59.842345
2379.835345 60.089794
2380.313847 60.133902
2380.792349 59.617351
2381.270851 59.134852
2381.749353 61.255365
2382.227855 60.369603
2382.706357 60.436638
2383.184860 59.783897
2383.663362 59.903579
2384.141864 60.107008
2384.620366 58.871153
2385.098868 59.236491
2385.577370 59.254461
2386.055872 59.154972
2386.534375 61.041792
2387.012877 61.507140
2387.491379 59.084152
2387.969881 60.165745
2388.448383 60.656443
2388.926885 59.422428
2389.405387 58.152848
2389.883890 59.097469
2390.362392 59.190476
2390.840894 59.244961
2391.319396 60.498991
2391.797898 60.151862
2392.276400 60.149773
2392.754902 59.272717
2393.233404 59.131233
2393.711907 60.262069
2394.190409 60.812989
2394.668911 60.294633
2395.147413 60.192280
2395.625915 60.123086
2396.104417 59.789137
2396.582919 59.737309
2397.061422 58.767337
2397.539924 58.947864
2398.018426 59.432417
2398.496928 58.597060
2398.975430 59.430454
2399.453932 60.227352
2399.932434 60.093814
2400.410937 60.112566
2400.889439 60.252635
2401.367941 60.685265
2401.846443 60.153994
2402.324945 60.289280
2402.803447 59.971289
2403.281949 59.831434
2403.760451 59.118630
2404.238954 59.924571
2404.717456 60.248735
2405.195958 59.145380
2405.674460 59.369899
2406.152962 60.376652
2406.631464 60.149987
2407.109966 60.221552
2407.588469 60.311446
2408.066971 60.609356
2408.545473 60.246406
2409.023975 59.502839
2409.502477 59.083108
2409.980979 59.211743
2410.459481 59.683812
2410.937984 60.006762
2411.416486 60.825314
2411.894988 59.501935
2412.373490 61.034655
2412.851992 60.533303
2413.330494 60.256339
2413.808996 61.605465
2414.287499 60.955088
2414.766001 60.794867
2415.244503 61.688828
2415.723005 61.730006
2416.201507 61.579451
2416.680009 61.863590
2417.158511 61.153075
2417.637013 62.214468
2418.115516 63.190848
2418.594018 62.010321
2419.072520 62.362019
2419.551022 62.686942
2420.029524 61.487376
2420.508026 60.923266
2420.986528 60.877593
2421.465031 63.692214
2421.943533 62.722672
2422.422035 63.159385
2422.900537 62.347270
2423.379039 61.427302
2423.857541 61.557836
2424.336043 61.312076
2424.814546 61.479507
2425.293048 61.479018
2425.771550 60.360644
2426.250052 61.148942
2426.728554 61.833734
2427.207056 61.537682
2427.685558 60.638177
2428.164060 61.012833
2428.642563 60.741241
2429.121065 61.089298
2429.599567 60.706528
2430.078069 60.819383
2430.556571 61.385048
2431.035073 61.501329
2431.513575 60.385882
2431.992078 60.824744
2432.470580 61.291260
2432.949082 60.761592
2433.427584 61.040765
2433.906086 61.250067
2434.384588 59.911462
2434.863090 60.483405
2435.341593 60.813896
2435.820095 60.878957
2436.298597 60.230209
2436.777099 61.004645
2437.255601 61.788563
2437.734103 61.158422
2438.212605 59.482607
2438.691107 59.128349
2439.169610 59.261749
2439.648112 60.280015
2440.126614 60.557988
2440.605116 59.908416
2441.083618 60.477524
2441.562120 60.667618
2442.040622 61.202118
2442.519125 60.172038
2442.997627 58.944505
2443.476129 59.901494
2443.954631 60.466673
2444.433133 59.392255
2444.911635 58.816528
2445.390137 59.045422
2445.868640 58.660394
2446.347142 59.232256
2446.825644 58.577035
2447.304146 57.763785
2447.782648 59.180937
2448.261150 59.723900
2448.739652 59.287834
2449.218154 58.390286
2449.696657 59.329023
2450.175159 57.883703
2450.653661 58.064403
2451.132163 57.991054
2451.610665 56.855582
2452.089167 57.376934
2452.567669 57.483290
2453.046172 57.831625
2453.524674 58.383670
2454.003176 58.837463
2454.481678 57.138117
2454.960180 58.364556
2455.438682 58.538266
2455.917184 58.275359
2456.395687 57.710088
2456.874189 59.062067
2457.352691 58.809743
2457.831193 58.793348
2458.309695 58.833081
2458.788197 58.548266
2459.266699 58.003407
2459.745201 59.171732
2460.223704 58.926052
2460.702206 57.882244
2461.180708 58.233255
2461.659210 58.557957
2462.137712 58.628252
2462.616214 57.708737
2463.094716 58.026977
2463.573219 58.043003
2464.051721 59.014955
2464.530223 59.348369
2465.008725 59.273652
2465.487227 58.133994
2465.965729 58.982619
2466.444231 58.912011
2466.922734 58.838209
2467.401236 59.288425
2467.879738 59.406420
2468.358240 58.525685
2468.836742 57.662874
2469.315244 57.948037
2469.793746 58.574207
2470.272249 59.301946
2470.750751 59.249080
2471.229253 58.623859
2471.707755 58.696482
2472.186257 58.562783
2472.664759 58.644488
2473.143261 58.903119
2473.621763 58.487380
2474.100266 58.219196
2474.578768 58.091304
2475.057270 58.085662
2475.535772 58.616261
2476.014274 59.281123
2476.492776 59.935655
2476.971278 59.762606
2477.449781 59.543936
2477.928283 57.559111
2478.406785 57.659691
2478.885287 58.610472
2479.363789 58.365386
2479.842291 58.570855
2480.320793 58.202218
2480.799296 58.231222
2481.277798 58.130072
2481.756300 58.271173
2482.234802 58.428893
2482.713304 58.637070
2483.191806 58.845504
2483.670308 59.341130
2484.148810 58.628396
2484.627313 58.255499
2485.105815 58.355232
2485.584317 58.460071
2486.062819 58.454387
2486.541321 59.524573
2487.019823 59.551319
2487.498325 58.032500
2487.976828 58.555685
2488.455330 58.772226
2488.933832 57.580627
2489.412334 57.145690
2489.890836 57.769395
2490.369338 58.411929
2490.847840 57.737840
2491.326343 57.971719
2491.804845 58.352801
2492.283347 58.449301
2492.761849 58.018444
2493.240351 57.759346
2493.718853 57.102250
2494.197355 57.987853
2494.675857 58.286157
2495.154360 58.938328
2495.632862 58.565554
2496.111364 58.312967
2496.589866 58.459730
2497.068368 58.739651
2497.546870 57.965110
2498.025372 57.738252
2498.503875 58.732504
2498.982377 58.271423
2499.460879 58.317645
2499.939381 58.467658
2500.417883 58.217497
2500.896385 57.429080
2501.374887 58.225995
2501.853390 58.622691
2502.331892 58.103259
2502.810394 58.180565
2503.288896 58.304950
2503.767398 58.826693
2504.245900 58.700285
2504.724402 58.100020
2505.202904 57.583634
2505.681407 57.835698
2506.159909 57.041181
2506.638411 57.767028
2507.116913 58.531499
2507.595415 57.939904
2508.073917 57.566286
2508.552419 57.713176
2509.030922 58.034860
2509.509424 57.515354
2509.987926 58.179077
2510.466428 57.977604
2510.944930 57.988378
2511.423432 57.464532
2511.901934 58.047537
2512.380437 58.373948
2512.858939 57.573430
2513.337441 58.073952
2513.815943 57.439308
2514.294445 57.686124
2514.772947 56.578439
2515.251449 57.057150
2515.729951 57.286590
2516.208454 56.725372
2516.686956 56.738815
2517.165458 57.191142
2517.643960 57.825631
2518.122462 56.115279
2518.600964 55.478468
2519.079466 56.072282
2519.557969 56.148205
2520.036471 56.772153
2520.514973 56.319534
2520.993475 57.221388
2521.471977 57.029493
2521.950479 56.266977
2522.428981 57.351141
2522.907484 56.343664
2523.385986 57.046911
2523.864488 56.526589
2524.342990 56.646241
2524.821492 57.087027
2525.299994 57.012075
2525.778496 56.939085
2526.256999 57.614651
2526.735501 57.042521
2527.214003 55.533174
2527.692505 55.863982
2528.171007 56.692160
2528.649509 56.872923
2529.128011 56.575516
2529.606513 56.844485
2530.085016 56.734577
2530.563518 56.509157
2531.042020 56.315380
2531.520522 55.631521
2531.999024 56.145036
2532.477526 56.194417
2532.956028 56.098761
2533.434531 55.717099
2533.913033 55.826954
2534.391535 56.404349
2534.870037 56.603852
2535.348539 56.283808
2535.827041 56.127977
2536.305543 56.147639
2536.784046 55.695312
2537.262548 55.250805
2537.741050 56.224575
2538.219552 55.932075
2538.698054 55.841108
2539.176556 56.313396
2539.655058 56.604278
2540.133560 55.990904
2540.612063 56.324926
2541.090565 56.222064
2541.569067 56.198638
2542.047569 55.952191
2542.526071 55.281082
2543.004573 55.280818
2543.483075 55.744781
2543.961578 54.981636
2544.440080 55.811861
2544.918582 55.192272
2545.397084 55.782593
2545.875586 55.771379
2546.354088 56.095149
2546.832590 55.553044
2547.311093 55.565147
2547.789595 55.493097
2548.268097 54.721964
2548.746599 54.604535
2549.225101 54.988143
2549.703603 56.166499
2550.182105 55.199560
2550.660607 55.755009
2551.139110 55.941927
2551.617612 55.698351
2552.096114 54.533217
2552.574616 55.253903
2553.053118 55.023257
2553.531620 54.607107
2554.010122 54.789688
2554.488625 54.961379
2554.967127 55.066904
2555.445629 54.537698
2555.924131 55.088283
2556.402633 55.141688
2556.881135 54.609868
2557.359637 54.653262
2557.838140 54.139806
2558.316642 54.201013
2558.795144 54.369644
2559.273646 54.409753
2559.752148 53.270499
2560.230650 53.440389
2560.709152 54.542668
2561.187654 54.317569
2561.666157 53.744176
2562.144659 53.954844
2562.623161 54.754355
2563.101663 54.107703
2563.580165 54.001418
2564.058667 54.704233
2564.537169 54.733529
2565.015672 53.215469
2565.494174 53.553892
2565.972676 54.131509
2566.451178 53.926385
2566.929680 53.644135
2567.408182 54.633681
2567.886684 54.958305
2568.365187 54.202346
2568.843689 53.307523
2569.322191 53.508303
2569.800693 53.372053
2570.279195 54.058009
2570.757697 53.611356
2571.236199 53.457410
2571.714702 53.112842
2572.193204 53.598197
2572.671706 53.302124
2573.150208 53.508666
2573.628710 52.702847
2574.107212 52.611606
2574.585714 53.299729
2575.064216 53.730336
2575.542719 53.126747
2576.021221 53.223964
2576.499723 52.793941
2576.978225 53.375268
2577.456727 52.874433
2577.935229 53.268930
2578.413731 52.594402
2578.892234 52.755840
2579.370736 52.629573
2579.849238 52.512029
2580.327740 52.783663
2580.806242 52.309926
2581.284744 52.656657
2581.763246 52.965854
2582.241749 52.140852
2582.720251 52.231491
2583.198753 52.854707
2583.677255 52.363025
2584.155757 52.700691
2584.634259 51.206648
2585.112761 52.115871
2585.591263 52.438575
2586.069766 52.190883
2586.548268 52.288589
2587.026770 52.154921
2587.505272 52.180904
2587.983774 52.530878
2588.462276 52.727909
2588.940778 52.101633
2589.419281 52.092442
2589.897783 51.535191
2590.376285 51.639724
2590.854787 51.684455
2591.333289 51.299712
2591.811791 51.018489
2592.290293 50.667463
2592.768796 51.470425
2593.247298 51.600699
2593.725800 51.890132
2594.204302 51.604762
2594.682804 51.170184
2595.161306 51.634209
2595.639808 51.411674
2596.118310 51.528473
2596.596813 50.878007
2597.075315 50.970599
2597.553817 50.578800
2598.032319 51.029431
2598.510821 51.427759
2598.989323 51.901366
2599.467825 51.776963
2599.946328 51.719865
2600.424830 51.614709
2600.903332 52.161671
2601.381834 51.635862
2601.860336 51.237225
2602.338838 51.312075
2602.817340 51.507646
2603.295843 51.814775
2603.774345 51.199364
2604.252847 51.205291
2604.731349 51.614526
2605.209851 52.139993
2605.688353 51.912217
2606.166855 51.340394
2606.645357 51.772126
2607.123860 51.656696
2607.602362 52.076983
2608.080864 51.390235
2608.559366 51.024824
2609.037868 51.775957
2609.516370 52.033891
2609.994872 52.125927
2610.473375 51.581842
2610.951877 50.867314
2611.430379 52.928932
2611.908881 52.444431
2612.387383 52.277207
2612.865885 52.580354
2613.344387 52.140296
2613.822890 51.166441
2614.301392 51.541522
2614.779894 52.130890
2615.258396 52.268878
2615.736898 52.371030
2616.215400 51.899868
2616.693902 51.367358
2617.172404 51.219244
2617.650907 51.910758
2618.129409 51.815528
2618.607911 51.228031
2619.086413 52.263943
2619.564915 52.301794
2620.043417 51.640572
2620.521919 51.593738
2621.000422 51.352117
2621.478924 51.380531
2621.957426 51.225516
2622.435928 51.110342
2622.914430 51.295814
2623.392932 51.677807
2623.871434 52.132216
2624.349937 51.759411
2624.828439 52.133863
2625.306941 51.604364
2625.785443 51.056026
2626.263945 51.347172
2626.742447 51.446693
2627.220949 51.356792
2627.699452 51.084999
2628.177954 51.854982
2628.656456 52.265849
2629.134958 52.334126
2629.613460 51.682932
2630.091962 51.444861
2630.570464 50.759756
2631.048966 50.884307
2631.527469 51.369768
2632.005971 50.471825
2632.484473 50.284359
2632.962975 50.014761
2633.441477 49.735377
2633.919979 50.259628
2634.398481 50.461671
2634.876984 50.599728
2635.355486 50.497713
2635.833988 50.634755
2636.312490 50.686397
2636.790992 50.492124
2637.269494 49.490700
2637.747996 49.716355
2638.226499 49.297465
2638.705001 48.714066
2639.183503 49.115017
2639.662005 49.288622
2640.140507 49.122186
2640.619009 48.911831
2641.097511 49.439434
2641.576013 48.669113
2642.054516 48.306195
2642.533018 48.321876
2643.011520 48.949587
2643.490022 48.436212
2643.968524 48.468836
2644.447026 48.633658
2644.925528 48.149087
2645.404031 47.871111
2645.882533 47.978398
2646.361035 48.220125
2646.839537 48.130906
2647.318039 47.698667
2647.796541 47.578104
2648.275043 47.580021
2648.753546 47.693989
2649.232048 47.273055
2649.710550 46.746391
2650.189052 46.734105
2650.667554 46.543441
2651.146056 47.040544
2651.624558 47.377036
2652.103060 47.757692
2652.581563 46.981990
2653.060065 46.903394
2653.538567 46.975887
2654.017069 46.670524
2654.495571 47.119823
2654.974073 46.689325
2655.452575 46.458450
2655.931078 46.533550
2656.409580 47.228778
2656.888082 47.288447
2657.366584 46.867372
2657.845086 46.365823
2658.323588 46.149067
2658.802090 46.819198
2659.280593 46.894861
2659.759095 47.133741
2660.237597 47.005532
2660.716099 47.208426
2661.194601 47.411834
2661.673103 47.475685
2662.151605 47.447187
2662.630107 47.626240
2663.108610 47.853904
2663.587112 47.830977
2664.065614 47.766264
2664.544116 47.659078
2665.022618 47.849830
2665.501120 47.389783
2665.979622 47.515741
2666.458125 47.354609
2666.936627 47.550208
2667.415129 46.908951
2667.893631 47.321461
2668.372133 47.617151
2668.850635 47.389143
2669.329137 47.423835
2669.807640 47.535389
2670.286142 48.168746
2670.764644 48.764470
2671.243146 47.950456
2671.721648 48.555582
2672.200150 47.139583
2672.678652 46.789096
2673.157155 46.536367
2673.635657 47.617155
2674.114159 47.208623
2674.592661 47.546465
2675.071163 46.939461
2675.549665 46.919384
2676.028167 47.003411
2676.506669 47.433937
2676.985172 47.362720
2677.463674 46.781614
2677.942176 47.150917
2678.420678 46.879099
2678.899180 47.028121
2679.377682 46.985708
2679.856184 46.921072
2680.334687 47.420033
2680.813189 47.351158
2681.291691 46.998145
2681.770193 46.801934
2682.248695 46.159165
2682.727197 46.828519
2683.205699 46.552635
2683.684202 46.630022
2684.162704 46.808635
2684.641206 46.896489
2685.119708 47.084687
2685.598210 47.365953
2686.076712 47.081480
2686.555214 47.185672
2687.033716 47.629036
2687.512219 47.051831
2687.990721 46.703352
2688.469223 46.818733
2688.947725 47.380001
2689.426227 47.049017
2689.904729 47.026425
2690.383231 47.306442
2690.861734 47.729951
2691.340236 47.205542
2691.818738 47.147336
2692.297240 47.297342
2692.775742 47.360898
2693.254244 47.295605
2693.732746 47.569747
2694.211249 47.264866
2694.689751 47.912890
2695.168253 47.144684
2695.646755 47.592301
2696.125257 47.560250
2696.603759 46.712396
2697.082261 46.600194
2697.560763 47.242344
2698.039266 46.955131
2698.517768 47.248454
2698.996270 46.875350
2699.474772 46.922511
2699.953274 47.350990
2700.431776 47.685965
2700.910278 47.436695
2701.388781 47.583676
2701.867283 47.563947
2702.345785 47.482234
2702.824287 47.343955
2703.302789 47.099158
2703.781291 47.285672
2704.259793 47.412249
2704.738296 47.771382
2705.216798 48.016632
2705.695300 48.795106
2706.173802 47.915300
2706.652304 47.438918
2707.130806 47.631808
2707.609308 48.010037
2708.087810 48.149354
2708.566313 48.244110
2709.044815 48.092485
2709.523317 48.631853
2710.001819 48.579617
2710.480321 48.248936
2710.958823 47.820298
2711.437325 47.929257
2711.915828 48.654087
2712.394330 48.760031
2712.872832 48.239512
2713.351334 48.584541
2713.829836 48.711924
2714.308338 48.294774
2714.786840 48.204057
2715.265343 48.482491
2715.743845 48.527812
2716.222347 49.019520
2716.700849 48.670805
2717.179351 48.264992
2717.657853 49.388861
2718.136355 49.819095
2718.614857 49.070427
2719.093360 48.526219
2719.571862 49.391020
2720.050364 48.665431
2720.528866 48.970238
2721.007368 48.942067
2721.485870 48.333128
2721.964372 48.579497
2722.442875 48.578822
2722.921377 48.629124
2723.399879 49.600661
2723.878381 49.404453
2724.356883 49.885433
2724.835385 49.945004
2725.313887 49.486606
2725.792390 49.425772
2726.270892 49.897220
2726.749394 49.362617
2727.227896 49.375104
2727.706398 50.717920
2728.184900 49.999020
2728.663402 49.343887
2729.141905 49.669588
2729.620407 50.344583
2730.098909 49.704544
2730.577411 49.364345
2731.055913 49.456405
2731.534415 49.995703
2732.012917 50.090300
2732.491419 50.483538
2732.969922 50.343613
2733.448424 50.637312
2733.926926 50.192062
2734.405428 49.743144
2734.883930 49.991806
2735.362432 50.125685
2735.840934 48.998285
2736.319437 49.267507
2736.797939 49.886886
2737.276441 49.605272
2737.754943 49.198214
2738.233445 49.303251
2738.711947 49.963790
2739.190449 50.042242
2739.668952 49.724297
2740.147454 50.377756
2740.625956 49.867652
2741.104458 51.049315
2741.582960 50.737473
2742.061462 50.684874
2742.539964 50.135288
2743.018466 50.157271
2743.496969 50.234714
2743.975471 50.366335
2744.453973 50.348583
2744.932475 50.965281
2745.410977 51.288667
2745.889479 50.778187
2746.367981 50.995253
2746.846484 50.373454
2747.324986 50.338470
2747.803488 50.469163
2748.281990 50.326384
2748.760492 50.776231
2749.238994 50.621948
2749.717496 50.744617
2750.195999 50.569644
2750.674501 50.783505
2751.153003 50.755933
2751.631505 50.403697
2752.110007 50.587583
2752.588509 50.069713
2753.067011 50.816263
2753.545513 50.990100
2754.024016 50.701951
2754.502518 50.965608
2754.981020 51.186546
2755.459522 50.879457
2755.938024 50.277721
2756.416526 50.608803
2756.895028 51.310580
2757.373531 50.972938
2757.852033 49.503373
2758.330535 50.095889
2758.809037 50.446595
2759.287539 50.369881
2759.766041 50.333170
2760.244543 50.758029
2760.723046 51.408888
2761.201548 51.481744
2761.680050 50.887634
2762.158552 50.699883
2762.637054 50.082664
2763.115556 50.484991
2763.594058 49.819520
2764.072560 50.738870
2764.551063 50.643140
2765.029565 50.385610
2765.508067 51.021415
2765.986569 50.765989
2766.465071 50.693942
2766.943573 51.059234
2767.422075 50.722482
2767.900578 50.477713
2768.379080 50.716116
2768.857582 51.155428
2769.336084 51.366746
2769.814586 51.405300
2770.293088 50.827695
2770.771590 50.423915
2771.250093 51.415227
2771.728595 51.844472
2772.207097 51.674191
2772.685599 51.039424
2773.164101 52.240535
2773.642603 52.538019
2774.121105 51.983008
2774.599607 52.108488
2775.078110 52.030599
2775.556612 52.295276
2776.035114 52.279522
2776.513616 53.254966
2776.992118 52.887891
2777.470620 53.095136
2777.949122 53.646519
2778.427625 53.815182
2778.906127 54.208484
2779.384629 54.867422
2779.863131 54.982768
2780.341633 55.148723
2780.820135 55.831784
2781.298637 55.979472
2781.777140 56.372207
2782.255642 57.209576
2782.734144 57.576226
2783.212646 58.478369
2783.691148 59.441594
2784.169650 59.615237
2784.648152 60.398175
2785.126655 60.822433
2785.605157 61.283314
2786.083659 61.981130
2786.562161 62.733006
2787.040663 63.892755
2787.519165 64.322075
2787.997667 65.015438
2788.476169 65.871189
2788.954672 66.161051
2789.433174 67.504641
2789.911676 68.315967
2790.390178 69.721952
2790.868680 70.228601
2791.347182 70.842968
2791.825684 71.557158
2792.304187 71.672725
2792.782689 72.374006
2793.261191 73.438554
2793.739693 74.239409
2794.218195 74.123567
2794.696697 75.133567
2795.175199 77.148635
2795.653702 77.021857
2796.132204 77.323942
2796.610706 77.573772
2797.089208 77.991864
2797.567710 78.444173
2798.046212 79.101044
2798.524714 79.382963
2799.003216 78.081667
2799.481719 78.945033
2799.960221 79.010450
2800.438723 78.480497
2800.917225 77.902568
2801.395727 77.619920
2801.874229 76.199669
2802.352731 76.092086
2802.831234 75.591905
2803.309736 74.637473
2803.788238 74.781704
2804.266740 74.489148
2804.745242 73.941274
2805.223744 72.937469
2805.702246 72.082386
2806.180749 71.684354
2806.659251 70.993720
2807.137753 70.655606
2807.616255 69.867730
2808.094757 68.457261
2808.573259 68.135127
2809.051761 67.285141
2809.530263 66.491078
2810.008766 65.169068
2810.487268 63.436169
2810.965770 63.196511
2811.444272 62.235291
2811.922774 61.941806
2812.401276 61.275924
2812.879778 59.915999
2813.358281 58.945792
2813.836783 58.125820
2814.315285 57.366495
2814.793787 57.613434
2815.272289 57.337768
2815.750791 56.751439
2816.229293 56.440170
2816.707796 56.511194
2817.186298 55.692097
2817.664800 55.049441
2818.143302 55.476326
2818.621804 55.017140
2819.100306 53.892962
2819.578808 53.802126
2820.057310 53.368212
2820.535813 52.955864
2821.014315 53.047260
2821.492817 52.821528
2821.971319 52.552753
2822.449821 52.374614
2822.928323 52.118741
2823.406825 51.189860
2823.885328 51.669088
2824.363830 51.111053
2824.842332 51.642486
2825.320834 51.057082
2825.799336 50.464112
2826.277838 50.435097
2826.756340 50.703780
2827.234843 50.303219
2827.713345 50.315252
2828.191847 50.472575
2828.670349 49.925440
2829.148851 49.483423
2829.627353 49.587348
2830.105855 50.360261
2830.584358 50.620896
2831.062860 50.431825
2831.541362 50.077887
2832.019864 49.952425
2832.498366 49.987121
2832.976868 49.338365
2833.455370 49.859907
2833.933872 50.275899
2834.412375 50.083002
2834.890877 50.130581
2835.369379 50.322086
2835.847881 50.011148
2836.326383 49.558575
2836.804885 49.677403
2837.283387 49.944286
2837.761890 50.137535
2838.240392 49.859795
2838.718894 49.534544
2839.197396 49.697569
2839.675898 49.594787
2840.154400 49.430992
2840.632902 49.432392
2841.111405 49.246772
2841.589907 49.531811
2842.068409 49.135735
2842.546911 48.575624
2843.025413 49.185823
2843.503915 49.239466
2843.982417 49.167912
2844.460919 48.645417
2844.939422 48.820312
2845.417924 48.841603
2845.896426 48.335580
2846.374928 48.094553
2846.853430 48.643837
2847.331932 48.830695
2847.810434 47.932999
2848.288937 47.560943
2848.767439 47.624270
2849.245941 47.157958
2849.724443 47.726964
2850.202945 47.775455
2850.681447 48.076284
2851.159949 48.125682
2851.638452 48.580475
2852.116954 48.113407
2852.595456 47.720077
2853.073958 47.603732
2853.552460 47.182570
2854.030962 47.027864
2854.509464 47.108690
2854.987966 47.395358
2855.466469 46.795192
2855.944971 46.647141
2856.423473 47.005708
2856.901975 46.014129
2857.380477 46.167681
2857.858979 46.646173
2858.337481 46.489530
2858.815984 46.075194
2859.294486 46.253586
2859.772988 46.404616
2860.251490 46.446269
2860.729992 46.247371
2861.208494 46.145402
2861.686996 46.204318
2862.165499 46.645065
2862.644001 45.656121
2863.122503 45.825758
2863.601005 45.816739
2864.079507 45.706694
2864.558009 45.361824
2865.036511 45.320090
2865.515013 45.424103
2865.993516 45.116120
2866.472018 45.120228
2866.950520 45.338767
2867.429022 45.202651
2867.907524 44.983851
2868.386026 44.716009
2868.864528 44.428560
2869.343031 45.399534
2869.821533 45.016932
2870.300035 44.863465
2870.778537 45.077731
2871.257039 44.738956
2871.735541 44.617845
2872.214043 43.762192
2872.692546 44.508021
2873.171048 44.677359
2873.649550 44.650071
2874.128052 45.314793
2874.606554 44.637623
2875.085056 44.736821
2875.563558 45.016936
2876.042060 44.421335
2876.520563 44.702505
2876.999065 44.179095
2877.477567 44.337371
2877.956069 44.369123
2878.434571 44.314533
2878.913073 43.965498
2879.391575 44.841509
2879.870078 44.223309
2880.348580 44.007580
2880.827082 43.610399
2881.305584 43.824394
2881.784086 43.843272
2882.262588 43.890553
2882.741090 43.606101
2883.219593 43.329521
2883.698095 44.103155
2884.176597 44.600054
2884.655099 44.081280
2885.133601 43.286577
2885.612103 42.675577
2886.090605 43.259039
2886.569108 42.840740
2887.047610 43.049399
2887.526112 42.986075
2888.004614 43.183858
2888.483116 42.737525
2888.961618 42.920753
2889.440120 42.926779
2889.918622 43.505208
2890.397125 42.623649
2890.875627 42.246081
2891.354129 42.084935
2891.832631 42.505968
2892.311133 42.673174
2892.789635 42.883606
2893.268137 42.667202
2893.746640 42.237998
2894.225142 42.230707
2894.703644 42.330049
2895.182146 42.766983
2895.660648 42.384646
2896.139150 42.131541
2896.617652 42.141249
2897.096155 42.342831
2897.574657 42.241547
2898.053159 41.799038
2898.531661 42.051091
2899.010163 42.080243
2899.488665 42.077654
2899.967167 41.765869
2900.445669 41.792270
2900.924172 41.954500
2901.402674 42.491374
2901.881176 42.202283
2902.359678 41.637807
2902.838180 41.402739
2903.316682 41.336299
2903.795184 41.505817
2904.273687 41.115460
2904.752189 40.951960
2905.230691 40.976262
2905.709193 41.240974
2906.187695 41.568159
2906.666197 41.514227
2907.144699 40.222491
2907.623202 40.683418
2908.101704 41.163518
2908.580206 40.922340
2909.058708 41.126983
2909.537210 40.814395
2910.015712 40.922478
2910.494214 41.048495
2910.972716 40.720157
2911.451219 40.716354
2911.929721 40.906034
2912.408223 41.114436
2912.886725 41.214682
2913.365227 41.617459
2913.843729 41.176799
2914.322231 41.379398
2914.800734 40.999252
2915.279236 41.223451
2915.757738 41.039885
2916.236240 40.751184
2916.714742 40.917180
2917.193244 41.048372
2917.671746 40.661240
2918.150249 41.076937
2918.628751 41.424811
2919.107253 41.408230
2919.585755 41.323369
2920.064257 41.365965
2920.542759 41.276901
2921.021261 41.320411
2921.499763 41.212533
2921.978266 41.216940
2922.456768 41.668465
2922.935270 41.273422
2923.413772 41.651159
2923.892274 41.544304
2924.370776 41.186905
2924.849278 41.235751
2925.327781 41.515609
2925.806283 41.729924
2926.284785 42.601409
2926.763287 41.502841
2927.241789 41.757592
2927.720291 41.651711
2928.198793 41.729766
2928.677296 42.043560
2929.155798 41.880219
2929.634300 42.253524
2930.112802 42.515254
2930.591304 42.441244
2931.069806 42.249233
2931.548308 42.923057
2932.026811 42.805108
2932.505313 42.609914
2932.983815 42.399310
2933.462317 42.365092
2933.940819 42.316130
2934.419321 42.399651
2934.897823 42.953806
2935.376325 42.790212
2935.854828 42.389830
2936.333330 42.362264
2936.811832 42.214875
2937.290334 42.460924
2937.768836 42.249838
2938.247338 42.889853
2938.725840 42.307759
2939.204343 42.123215
2939.682845 42.416890
2940.161347 42.106004
2940.639849 42.387175
2941.118351 42.902811
2941.596853 42.883909
2942.075355 42.589657
2942.553858 42.129159
2943.032360 41.928193
2943.510862 41.803167
2943.989364 41.666516
2944.467866 41.909621
2944.946368 41.909305
2945.424870 42.359985
2945.903372 42.391223
2946.381875 42.719168
2946.860377 42.199068
2947.338879 42.703104
2947.817381 42.377713
2948.295883 42.696431
2948.774385 42.519341
2949.252887 42.824869
2949.731390 42.561799
2950.209892 42.396457
2950.688394 42.445257
2951.166896 42.827866
2951.645398 42.430305
2952.123900 42.311248
2952.602402 41.954116
2953.080905 42.405901
2953.559407 42.607005
2954.037909 42.712527
2954.516411 42.259831
2954.994913 41.964908
2955.473415 42.020971
2955.951917 42.088252
2956.430419 42.309423
2956.908922 42.086363
2957.387424 41.880071
2957.865926 41.781672
2958.344428 42.075431
2958.822930 42.055843
2959.301432 41.959656
2959.779934 42.007211
2960.258437 42.123982
2960.736939 42.189944
2961.215441 42.084457
2961.693943 42.112030
2962.172445 41.200992
2962.650947 41.395233
2963.129449 41.781088
2963.607952 42.074770
2964.086454 42.625313
2964.564956 42.616126
2965.043458 42.465296
2965.521960 41.932284
2966.000462 41.999579
2966.478964 41.916589
2966.957466 42.037936
2967.435969 41.431522
2967.914471 41.696266
2968.392973 41.607480
2968.871475 42.176293
2969.349977 42.189391
2969.828479 42.113053
2970.306981 41.645268
2970.785484 42.598655
2971.263986 42.198832
2971.742488 41.522978
2972.220990 41.439232
2972.699492 41.809252
2973.177994 41.861517
2973.656496 42.165121
2974.134999 42.524877
2974.613501 42.593122
2975.092003 42.339102
2975.570505 41.509074
2976.049007 41.164534
2976.527509 41.109279
2977.006011 41.108710
2977.484513 41.088066
2977.963016 41.098354
2978.441518 41.829794
2978.920020 41.618328
2979.398522 41.372652
2979.877024 41.417579
2980.355526 41.839037
2980.834028 41.373190
2981.312531 41.136378
2981.791033 40.677283
2982.269535 41.105189
2982.748037 41.109322
2983.226539 41.304576
2983.705041 40.906836
2984.183543 40.661388
2984.662046 40.775060
2985.140548 41.202209
2985.619050 40.695546
2986.097552 40.391224
2986.576054 40.471762
2987.054556 40.853959
2987.533058 40.517671
2988.011561 40.196279
2988.490063 40.357091
2988.968565 39.734663
2989.447067 39.377805
2989.925569 39.357756
2990.404071 39.968415
2990.882573 40.088415
2991.361075 39.789024
2991.839578 39.609145
2992.318080 39.787505
2992.796582 40.146666
2993.275084 39.733812
2993.753586 39.510126
2994.232088 39.015527
2994.710590 39.632711
2995.189093 39.501621
2995.667595 39.112949
2996.146097 39.020371
2996.624599 38.332062
2997.103101 38.024821
2997.581603 39.154250
2998.060105 39.338308
2998.538608 38.956586
2999.017110 38.342850
2999.495612 38.952088
2999.974114 39.194450
3000.452616 39.566035
3000.931118 38.791740
3001.409620 38.857944
3001.888122 38.909267
3002.366625 39.203064
3002.845127 38.332674
3003.323629 37.883485
3003.802131 38.290866
3004.280633 38.035084
3004.759135 37.752644
3005.237637 37.513212
3005.716140 38.009091
3006.194642 37.781156
3006.673144 38.177205
3007.151646 37.667717
3007.630148 37.138050
3008.108650 37.192977
3008.587152 37.458031
3009.065655 37.907297
3009.544157 37.557341
3010.022659 37.452807
3010.501161 36.899436
3010.979663 37.077624
3011.458165 36.815786
3011.936667 36.212612
3012.415169 36.383575
3012.893672 36.758375
3013.372174 36.830126
3013.850676 36.646212
3014.329178 36.281644
3014.807680 36.364947
3015.286182 36.150202
3015.764684 36.450922
3016.243187 35.971269
3016.721689 35.869521
3017.200191 36.187072
3017.678693 36.261609
3018.157195 36.246572
3018.635697 36.083653
3019.114199 35.512206
3019.592702 35.790549
3020.071204 36.000836
3020.549706 36.351063
3021.028208 35.968434
3021.506710 35.612294
3021.985212 35.441989
3022.463714 35.017059
3022.942216 35.118754
3023.420719 35.243484
3023.899221 35.307427
3024.377723 35.775649
3024.856225 36.007730
3025.334727 36.148285
3025.813229 35.475231
3026.291731 35.124287
3026.770234 35.399875
3027.248736 35.020414
3027.727238 35.299249
3028.205740 35.636775
3028.684242 35.206682
3029.162744 35.220604
3029.641246 35.323822
3030.119749 35.792909
3030.598251 35.305651
3031.076753 35.170080
3031.555255 35.496579
3032.033757 35.845638
3032.512259 35.971002
3032.990761 35.829075
3033.469264 35.726054
3033.947766 35.603409
3034.426268 35.064487
3034.904770 35.425510
3035.383272 35.584264
3035.861774 35.823144
3036.340276 35.342745
3036.818778 35.392488
3037.297281 35.606905
3037.775783 36.243399
3038.254285 35.992658
3038.732787 35.878357
3039.211289 36.118585
3039.689791 36.330539
3040.168293 35.846412
3040.646796 35.486540
3041.125298 35.540472
3041.603800 36.008086
3042.082302 35.740943
3042.560804 36.051441
3043.039306 35.933432
3043.517808 35.942961
3043.996311 35.956770
3044.474813 35.673219
3044.953315 35.878772
3045.431817 35.873436
3045.910319 35.690960
3046.388821 35.604598
3046.867323 36.050586
3047.345825 36.022081
3047.824328 36.296375
3048.302830 35.723834
3048.781332 35.369875
3049.259834 35.807379
3049.738336 35.521795
3050.216838 35.060242
3050.695340 35.192229
3051.173843 35.513321
3051.652345 35.643859
3052.130847 35.546504
3052.609349 35.514767
3053.087851 35.630971
3053.566353 35.836106
3054.044855 35.771006
3054.523358 35.471348
3055.001860 35.544222
3055.480362 35.093070
3055.958864 35.714664
3056.437366 35.376062
3056.915868 34.811411
3057.394370 35.030981
3057.872872 35.265595
3058.351375 35.438601
3058.829877 35.057263
3059.308379 35.201933
3059.786881 35.217033
3060.265383 35.616582
3060.743885 35.903563
3061.222387 35.647521
3061.700890 35.568611
3062.179392 35.240297
3062.657894 34.989546
3063.136396 35.218898
3063.614898 35.643711
3064.093400 35.181821
3064.571902 35.358901
3065.050405 35.276688
3065.528907 35.574865
3066.007409 35.812947
3066.485911 35.610795
3066.964413 35.420399
3067.442915 35.547356
3067.921417 35.266375
3068.399919 35.528407
3068.878422 35.532062
3069.356924 35.338053
3069.835426 35.445626
3070.313928 35.780746
3070.792430 35.617331
3071.270932 35.545593
3071.749434 35.430849
3072.227937 35.423244
3072.706439 35.505826
3073.184941 35.081716
3073.663443 35.498249
3074.141945 35.660296
3074.620447 35.365541
3075.098949 35.673641
3075.577452 35.347409
3076.055954 35.677141
3076.534456 35.411904
3077.012958 34.921804
3077.491460 35.282460
3077.969962 35.681101
3078.448464 35.605354
3078.926966 35.594320
3079.405469 35.364229
3079.883971 35.647633
3080.362473 35.856904
3080.840975 36.102021
3081.319477 35.584320
3081.797979 35.119577
3082.276481 35.326347
3082.754984 35.123914
3083.233486 34.806979
3083.711988 35.109130
3084.190490 34.961674
3084.668992 34.794263
3085.147494 35.257547
3085.625996 35.298099
3086.104499 35.045613
3086.583001 34.740929
3087.061503 34.806922
3087.540005 34.738720
3088.018507 34.618633
3088.497009 34.987337
3088.975511 35.090323
3089.454014 34.881386
3089.932516 35.135398
3090.411018 35.045441
3090.889520 34.934752
3091.368022 34.963098
3091.846524 34.769606
3092.325026 34.338479
3092.803528 34.656075
3093.282031 34.807985
3093.760533 34.684088
3094.239035 34.893169
3094.717537 35.177146
3095.196039 34.699768
3095.674541 34.923654
3096.153043 34.940411
3096.631546 34.927576
3097.110048 35.069795
3097.588550 35.092999
3098.067052 34.790595
3098.545554 34.946482
3099.024056 35.079461
3099.502558 35.092869
3099.981061 34.909082
3100.459563 34.898030
3100.938065 34.951139
3101.416567 35.563961
3101.895069 35.329520
3102.373571 34.956563
3102.852073 35.411549
3103.330575 35.116401
3103.809078 34.924882
3104.287580 35.079264
3104.766082 35.486997
3105.244584 35.117104
3105.723086 35.619065
3106.201588 35.726697
3106.680090 35.376737
3107.158593 35.018789
3107.637095 35.209759
3108.115597 35.723085
3108.594099 35.678621
3109.072601 35.685449
3109.551103 35.437602
3110.029605 35.392502
3110.508108 35.335914
3110.986610 35.657373
3111.465112 35.788118
3111.943614 35.914329
3112.422116 35.888339
3112.900618 36.028085
3113.379120 35.914357
3113.857622 35.405562
3114.336125 35.484422
3114.814627 36.006591
3115.293129 36.189376
3115.771631 36.498678
3116.250133 36.627492
3116.728635 36.659778
3117.207137 36.279344
3117.685640 36.652726
3118.164142 37.188879
3118.642644 37.115084
3119.121146 36.739036
3119.599648 36.636500
3120.078150 36.458348
3120.556652 36.781990
3121.035155 37.129903
3121.513657 37.479037
3121.992159 36.920210
3122.470661 36.231314
3122.949163 37.074620
3123.427665 37.308474
3123.906167 36.930819
3124.384669 37.176523
3124.863172 37.009313
3125.341674 36.628291
3125.820176 36.133470
3126.298678 36.864255
3126.777180 37.168215
3127.255682 36.944047
3127.734184 36.848582
3128.212687 36.883847
3128.691189 36.937681
3129.169691 36.960783
3129.648193 36.664984
3130.126695 36.882212
3130.605197 36.909679
3131.083699 37.241254
3131.562202 36.872929
3132.040704 36.415316
3132.519206 36.998022
3132.997708 37.376054
3133.476210 36.919485
3133.954712 36.599881
3134.433214 36.797333
3134.911716 36.662125
3135.390219 36.410342
3135.868721 37.038567
3136.347223 36.885289
3136.825725 37.264778
3137.304227 36.818716
3137.782729 36.171722
3138.261231 35.952781
3138.739734 35.848705
3139.218236 35.672888
3139.696738 36.215767
3140.175240 36.140888
3140.653742 35.954881
3141.132244 36.167357
3141.610746 36.444419
3142.089249 36.022345
3142.567751 36.045215
3143.046253 35.708913
3143.524755 35.339281
3144.003257 35.412059
3144.481759 35.532051
3144.960261 35.879430
3145.438764 35.601837
3145.917266 35.329295
3146.395768 35.341307
3146.874270 35.354423
3147.352772 35.469864
3147.831274 35.598551
3148.309776 35.506645
3148.788278 35.476645
3149.266781 35.653602
3149.745283 35.330825
3150.223785 35.431218
3150.702287 35.919039
3151.180789 35.490796
3151.659291 35.590535
3152.137793 35.710278
3152.616296 35.587507
3153.094798 35.656884
3153.573300 35.641868
3154.051802 35.895620
3154.530304 35.542621
3155.008806 35.283537
3155.487308 34.989890
3155.965811 35.380905
3156.444313 35.488749
3156.922815 35.668175
3157.401317 35.580366
3157.879819 35.458886
3158.358321 35.759223
3158.836823 35.739286
3159.315325 35.408373
3159.793828 35.390930
3160.272330 35.734080
3160.750832 35.648502
3161.229334 35.543803
3161.707836 35.283044
3162.186338 35.449734
3162.664840 35.706856
3163.143343 35.382798
3163.621845 35.822666
3164.100347 36.051575
3164.578849 36.383814
3165.057351 35.444648
3165.535853 35.748744
3166.014355 35.942866
3166.492858 36.006563
3166.971360 36.274419
3167.449862 35.898329
3167.928364 36.121434
3168.406866 36.047962
3168.885368 35.971304
3169.363870 35.924171
3169.842372 36.115936
3170.320875 35.772012
3170.799377 36.274029
3171.277879 36.707552
3171.756381 36.782201
3172.234883 36.237951
3172.713385 36.438886
3173.191887 36.062932
3173.670390 36.251349
3174.148892 36.708607
3174.627394 36.356269
3175.105896 36.378214
3175.584398 36.387250
3176.062900 36.558980
3176.541402 36.854906
3177.019905 36.647151
3177.498407 36.596226
3177.976909 36.433360
3178.455411 36.454352
3178.933913 36.519047
3179.412415 36.410455
3179.890917 36.353174
3180.369419 36.428028
3180.847922 36.481443
3181.326424 36.760344
3181.804926 36.737228
3182.283428 36.737049
3182.761930 36.997406
3183.240432 36.673996
3183.718934 37.016302
3184.197437 37.317704
3184.675939 37.785965
3185.154441 37.747513
3185.632943 37.698216
3186.111445 37.406117
3186.589947 36.661773
3187.068449 36.300997
3187.546952 37.170476
3188.025454 37.271531
3188.503956 37.512107
3188.982458 37.297447
3189.460960 37.158159
3189.939462 36.982232
3190.417964 36.668755
3190.896467 36.972053
3191.374969 37.100002
3191.853471 37.105823
3192.331973 36.992556
3192.810475 36.748501
3193.288977 36.779563
3193.767479 37.064022
3194.245981 37.348510
3194.724484 37.460827
3195.202986 37.050800
3195.681488 37.125932
3196.159990 37.014592
3196.638492 36.960161
3197.116994 36.397303
3197.595496 36.506955
3198.073999 36.793714
3198.552501 36.284824
3199.031003 36.669803
3199.509505 36.587260
3199.988007 36.353406
3200.466509 36.513033
3200.945011 36.599142
3201.423514 36.672325
3201.902016 36.700675
3202.380518 36.437117
3202.859020 36.023175
3203.337522 35.813869
3203.816024 35.723802
3204.294526 35.786799
3204.773028 35.243973
3205.251531 35.756866
3205.730033 36.021575
3206.208535 35.997583
3206.687037 35.992841
3207.165539 36.031951
3207.644041 35.683303
3208.122543 35.153836
3208.601046 35.199534
3209.079548 35.686898
3209.558050 35.529730
3210.036552 35.776458
3210.515054 35.840344
3210.993556 35.615280
3211.472058 35.465847
3211.950561 35.516237
3212.429063 35.240712
3212.907565 35.268022
3213.386067 35.870503
3213.864569 35.468939
3214.343071 35.382379
3214.821573 35.239538
3215.300075 35.597778
3215.778578 35.500409
3216.257080 35.669459
3216.735582 35.319805
3217.214084 35.554422
3217.692586 35.564784
3218.171088 35.828688
3218.649590 35.411584
3219.128093 35.099538
3219.606595 35.411598
3220.085097 35.694668
3220.563599 35.540314
3221.042101 35.605755
3221.520603 35.445896
3221.999105 35.572502
3222.477608 34.356337
3222.956110 35.299449
3223.434612 35.169352
3223.913114 35.233132
3224.391616 34.505063
3224.870118 34.243196
3225.348620 34.887038
3225.827122 34.927488
3226.305625 35.223516
3226.784127 35.159102
3227.262629 35.071663
3227.741131 34.584908
3228.219633 34.701773
3228.698135 34.758833
3229.176637 34.733725
3229.655140 34.859500
3230.133642 35.057122
3230.612144 35.041364
3231.090646 34.865301
3231.569148 34.955828
3232.047650 35.032817
3232.526152 35.291391
3233.004655 35.216502
3233.483157 35.256330
3233.961659 34.839300
3234.440161 34.715368
3234.918663 34.557465
3235.397165 34.426853
3235.875667 34.014847
3236.354169 34.556814
3236.832672 34.733173
3237.311174 34.579445
3237.789676 34.521971
3238.268178 34.531957
3238.746680 34.235208
3239.225182 34.135655
3239.703684 34.016113
3240.182187 34.001713
3240.660689 33.956827
3241.139191 33.844080
3241.617693 34.204054
3242.096195 34.043288
3242.574697 34.164318
3243.053199 34.395302
3243.531702 34.382984
3244.010204 34.552917
3244.488706 34.711087
3244.967208 34.569308
3245.445710 34.422573
3245.924212 34.405190
3246.402714 34.455833
3246.881217 34.214318
3247.359719 34.316003
3247.838221 34.734541
3248.316723 34.628815
3248.795225 34.282257
3249.273727 34.216080
3249.752229 34.297751
3250.230731 34.240034
3250.709234 34.284040
3251.187736 34.307772
3251.666238 34.966018
3252.144740 36.122791
3252.623242 38.276181
3253.101744 39.749169
3253.580246 38.569557
3254.058749 36.140294
3254.537251 34.422485
3255.015753 35.569002
3255.494255 38.325090
3255.972757 42.006146
3256.451259 42.100707
3256.929761 40.466106
3257.408264 36.118286
3257.886766 35.272056
3258.365268 34.613490
3258.843770 34.314511
3259.322272 34.394096
3259.800774 34.210526
3260.279276 34.091318
3260.757778 34.082286
3261.236281 34.116127
3261.714783 34.135789
3262.193285 34.239798
3262.671787 34.248177
3263.150289 34.462657
3263.628791 34.677503
3264.107293 34.483895
3264.585796 34.479548
3265.064298 34.901192
3265.542800 34.889156
3266.021302 34.585179
3266.499804 34.380878
3266.978306 34.395098
3267.456808 34.329232
3267.935311 33.929363
3268.413813 33.770303
3268.892315 34.305225
3269.370817 34.648984
3269.849319 34.311500
3270.327821 33.971481
3270.806323 34.009542
3271.284825 33.998202
3271.763328 34.162011
3272.241830 34.419333
3272.720332 34.220917
3273.198834 34.459006
3273.677336 34.209763
3274.155838 34.314177
3274.634340 34.363758
3275.112843 34.016465
3275.591345 34.233045
3276.069847 34.129123
3276.548349 34.269580
3277.026851 34.269520
3277.505353 33.953816
3277.983855 33.861618
3278.462358 34.145789
3278.940860 34.287441
3279.419362 34.195922
3279.897864 34.869873
3280.376366 34.419112
3280.854868 34.449375
3281.333370 34.308402
3281.811872 33.991776
3282.290375 33.830936
3282.768877 34.040541
3283.247379 34.345197
3283.725881 34.485897
3284.204383 34.437138
3284.682885 34.282728
3285.161387 33.728411
3285.639890 34.001104
3286.118392 33.387846
3286.596894 33.429045
3287.075396 33.673079
3287.553898 33.450403
3288.032400 33.530659
3288.510902 33.534648
3288.989405 33.377589
3289.467907 33.483730
3289.946409 33.650293
3290.424911 33.814302
3290.903413 33.830377
3291.381915 33.618721
3291.860417 33.684236
3292.338920 33.319091
3292.817422 33.344230
3293.295924 33.261863
3293.774426 33.144185
3294.252928 33.495995
3294.731430 33.109827
3295.209932 32.654648
3295.688434 32.615907
3296.166937 32.759677
3296.645439 33.091224
3297.123941 33.188803
3297.602443 33.019905
3298.080945 33.087393
3298.559447 32.821024
3299.037949 32.435430
3299.516452 32.801890
3299.994954 33.210942
3300.473456 33.155624
3300.951958 32.606994
3301.430460 32.414132
3301.908962 32.669375
3302.387464 32.864042
3302.865967 32.597237
3303.344469 32.716737
3303.822971 32.545246
3304.301473 32.472060
3304.779975 32.426538
3305.258477 32.360073
3305.736979 32.191280
3306.215481 32.375388
3306.693984 32.680100
3307.172486 32.542123
3307.650988 32.065878
3308.129490 31.112392
3308.607992 31.831876
3309.086494 32.187182
3309.564996 32.063384
3310.043499 31.961953
3310.522001 31.922793
3311.000503 31.866846
3311.479005 31.632548
3311.957507 31.451251
3312.436009 31.825274
3312.914511 31.707796
3313.393014 31.387938
3313.871516 31.385609
3314.350018 31.521589
3314.828520 31.212546
3315.307022 31.239324
3315.785524 31.660012
3316.264026 31.050809
3316.742528 31.115983
3317.221031 31.521958
3317.699533 31.907050
3318.178035 32.158748
3318.656537 31.565640
3319.135039 31.462514
3319.613541 31.029220
3320.092043 31.424962
3320.570546 31.201829
3321.049048 31.004123
3321.527550 30.962737
3322.006052 31.121636
3322.484554 31.305181
3322.963056 31.949315
3323.441558 31.552207
3323.920061 31.791077
3324.398563 31.612330
3324.877065 31.308804
3325.355567 31.172729
3325.834069 31.004855
3326.312571 30.924686
3326.791073 31.333925
3327.269575 31.805889
3327.748078 31.405894
3328.226580 30.820722
3328.705082 30.936406
3329.183584 31.062044
3329.662086 30.782112
3330.140588 31.301913
3330.619090 31.564504
3331.097593 31.823378
3331.576095 31.337192
3332.054597 31.471589
3332.533099 31.474839
3333.011601 31.520231
3333.490103 30.986571
3333.968605 30.940124
3334.447108 31.115438
3334.925610 31.362715
3335.404112 31.301976
3335.882614 31.040507
3336.361116 31.145878
3336.839618 30.954911
3337.318120 30.536063
3337.796622 31.159430
3338.275125 31.505366
3338.753627 31.716769
3339.232129 31.260963
3339.710631 31.192761
3340.189133 31.578521
3340.667635 31.226029
3341.146137 31.442718
3341.624640 31.263725
3342.103142 31.106891
3342.581644 30.859787
3343.060146 31.307210
3343.538648 31.344241
3344.017150 31.821130
3344.495652 31.781573
3344.974155 31.181470
3345.452657 31.451677
3345.931159 31.256141
3346.409661 31.065583
3346.888163 31.350362
3347.366665 31.521293
3347.845167 31.074278
3348.323670 30.870121
3348.802172 30.662394
3349.280674 30.453379
3349.759176 30.783449
3350.237678 30.440956
3350.716180 30.357671
3351.194682 30.374934
3351.673184 30.546555
3352.151687 30.367281
3352.630189 30.181829
3353.108691 30.244678
3353.587193 30.201302
3354.065695 30.188913
3354.544197 30.392244
3355.022699 30.786913
3355.501202 30.264435
3355.979704 30.066219
3356.458206 30.031946
3356.936708 30.551051
3357.415210 30.722309
3357.893712 30.414706
3358.372214 30.318635
3358.850717 30.418262
3359.329219 30.740339
3359.807721 30.785967
3360.286223 30.718239
3360.764725 30.607839
3361.243227 30.187060
3361.721729 30.263422
3362.200231 30.261611
3362.678734 31.299912
3363.157236 31.371997
3363.635738 30.923708
3364.114240 30.416911
3364.592742 30.106557
3365.071244 30.109948
3365.549746 29.994880
3366.028249 30.093560
3366.506751 30.112927
3366.985253 30.368902
3367.463755 30.540252
3367.942257 30.505553
3368.420759 30.262272
3368.899261 29.929277
3369.377764 30.280728
3369.856266 30.480456
3370.334768 30.516802
3370.813270 30.591314
3371.291772 30.273433
3371.770274 30.668943
3372.248776 30.371853
3372.727278 30.099557
3373.205781 30.122104
3373.684283 30.402754
3374.162785 30.388272
3374.641287 30.653164
3375.119789 30.385677
3375.598291 30.284857
3376.076793 30.426602
3376.555296 30.309356
3377.033798 30.584318
3377.512300 30.760969
3377.990802 30.481192
3378.469304 30.845524
3378.947806 30.417221
3379.426308 30.718380
3379.904811 31.042410
3380.383313 30.913634
3380.861815 30.427298
3381.340317 30.324998
3381.818819 30.335075
3382.297321 30.438814
3382.775823 30.354488
3383.254325 30.199655
3383.732828 30.008492
3384.211330 30.224777
3384.689832 30.000690
3385.168334 30.248343
3385.646836 30.111682
3386.125338 29.882953
3386.603840 30.096835
3387.082343 29.964830
3387.560845 30.014377
3388.039347 30.009941
3388.517849 29.827448
3388.996351 30.309078
3389.474853 30.244752
3389.953355 29.825274
3390.431858 30.162962
3390.910360 30.202350
3391.388862 30.098168
3391.867364 30.120620
3392.345866 30.368719
3392.824368 29.886065
3393.302870 30.061190
3393.781373 30.255076
3394.259875 30.364080
3394.738377 30.343813
3395.216879 30.649759
3395.695381 30.062547
3396.173883 30.009435
3396.652385 30.076522
3397.130887 30.348107
3397.609390 30.382915
3398.087892 30.253268
3398.566394 30.298231
3399.044896 30.747666
3399.523398 30.611951
3400.001900 30.616411
3400.480402 30.679006
3400.958905 30.973022
3401.437407 30.914742
3401.915909 30.818288
3402.394411 31.028094
3402.872913 30.447551
3403.351415 30.654174
3403.829917 30.648890
3404.308420 30.841672
3404.786922 30.600741
3405.265424 30.480186
3405.743926 30.538328
3406.222428 31.150908
3406.700930 30.922358
3407.179432 30.124700
3407.657934 30.123827
3408.136437 30.173388
3408.614939 30.553238
3409.093441 30.589042
3409.571943 30.792956
3410.050445 30.415356
3410.528947 30.550220
3411.007449 30.901246
3411.485952 30.884662
3411.964454 30.881169
3412.442956 30.497287
3412.921458 30.449883
3413.399960 30.514125
3413.878462 30.787145
3414.356964 31.102420
3414.835467 30.931921
3415.313969 30.854831
3415.792471 30.901552
3416.270973 31.040310
3416.749475 30.363746
3417.227977 30.456819
3417.706479 30.450594
3418.184981 30.627202
3418.663484 30.994883
3419.141986 31.106388
3419.620488 31.294087
3420.098990 30.745658
3420.577492 30.803835
3421.055994 31.194055
3421.534496 31.094492
3422.012999 31.129297
3422.491501 31.327551
3422.970003 31.293323
3423.448505 30.717371
3423.927007 30.742228
3424.405509 31.142374
3424.884011 30.818943
3425.362514 30.969234
3425.841016 31.388300
3426.319518 31.038787
3426.798020 31.007489
3427.276522 31.063110
3427.755024 30.857578
3428.233526 30.694785
3428.712028 31.061059
3429.190531 31.237425
3429.669033 30.988386
3430.147535 30.494526
3430.626037 30.208801
3431.104539 30.607135
3431.583041 30.752647
3432.061543 30.312223
3432.540046 29.998095
3433.018548 30.172814
3433.497050 30.013698
3433.975552 30.233940
3434.454054 30.269071
3434.932556 30.691493
3435.411058 31.426133
3435.889561 30.096093
3436.368063 28.977504
3436.846565 27.460014
3437.325067 27.395234
3437.803569 28.128717
3438.282071 30.301013
3438.760573 32.005006
3439.239075 32.450424
3439.717578 30.790476
3440.196080 28.800290
3440.674582 27.898352
3441.153084 28.297355
3441.631586 29.486471
3442.110088 30.170732
3442.588590 30.834201
3443.067093 29.725989
3443.545595 29.537980
3444.024097 29.389613
3444.502599 29.666953
3444.981101 29.895721
3445.459603 29.490038
3445.938105 29.650948
3446.416608 29.655620
3446.895110 29.657118
3447.373612 30.222905
3447.852114 29.610210
3448.330616 29.125182
3448.809118 29.733379
3449.287620 29.502289
3449.766123 29.688673
3450.244625 29.517769
3450.723127 29.479767
3451.201629 29.127838
3451.680131 29.413679
3452.158633 29.381417
3452.637135 29.064313
3453.115637 30.066726
3453.594140 29.242220
3454.072642 29.400221
3454.551144 29.813153
3455.029646 29.286536
3455.508148 28.940687
3455.986650 29.211390
3456.465152 29.322177
3456.943655 29.476102
3457.422157 29.400457
3457.900659 28.752816
3458.379161 28.914736
3458.857663 29.258097
3459.336165 29.620748
3459.814667 29.625180
3460.293170 29.388114
3460.771672 29.628789
3461.250174 29.384583
3461.728676 29.234007
3462.207178 28.683478
3462.685680 28.654058
3463.164182 28.738891
3463.642684 29.519932
3464.121187 29.790603
3464.599689 29.527614
3465.078191 29.558093
3465.556693 29.094943
3466.035195 29.019586
3466.513697 29.017827
3466.992199 28.688068
3467.470702 28.699647
3467.949204 28.909094
3468.427706 29.079723
3468.906208 29.599862
3469.384710 29.379507
3469.863212 28.719077
3470.341714 28.686147
3470.820217 28.741441
3471.298719 29.015376
3471.777221 29.377126
3472.255723 29.584164
3472.734225 29.926783
3473.212727 29.656351
3473.691229 28.992650
3474.169731 29.010891
3474.648234 29.094721
3475.126736 29.273366
3475.605238 29.401231
3476.083740 29.341157
3476.562242 29.326535
3477.040744 29.359771
3477.519246 29.020662
3477.997749 29.160155
3478.476251 29.346504
3478.954753 28.799351
3479.433255 28.684417
3479.911757 28.558888
3480.390259 28.766144
3480.868761 29.063431
3481.347264 28.390580
3481.825766 28.632672
3482.304268 28.552430
3482.782770 29.013687
3483.261272 29.427731
3483.739774 28.891975
3484.218276 28.931686
3484.696778 29.059266
3485.175281 29.287939
3485.653783 29.241344
3486.132285 28.688381
3486.610787 28.905510
3487.089289 29.000546
3487.567791 28.811972
3488.046293 28.715954
3488.524796 28.637569
3489.003298 28.937567
3489.481800 28.883298
3489.960302 28.881046
3490.438804 28.778261
3490.917306 28.884135
3491.395808 28.517010
3491.874311 29.061436
3492.352813 29.015833
3492.831315 28.584231
3493.309817 28.452983
3493.788319 28.862605
3494.266821 28.981985
3494.745323 29.335937
3495.223825 29.023937
3495.702328 28.396099
3496.180830 28.083272
3496.659332 28.281400
3497.137834 28.632071
3497.616336 28.493243
3498.094838 28.564368
3498.573340 28.611572
3499.051843 28.589338
3499.530345 28.420415
3500.008847 28.275245
3500.487349 28.507931
3500.965851 28.871936
3501.444353 28.820037
3501.922855 28.829970
3502.401358 28.209969
3502.879860 28.393211
3503.358362 28.707220
3503.836864 28.715602
3504.315366 28.543176
3504.793868 28.220405
3505.272370 28.012488
3505.750873 27.854494
3506.229375 27.925647
3506.707877 28.023058
3507.186379 27.907951
3507.664881 27.763274
3508.143383 27.687910
3508.621885 27.931430
3509.100387 27.806386
3509.578890 27.753942
3510.057392 27.865085
3510.535894 27.149446
3511.014396 27.188693
3511.492898 27.463802
3511.971400 27.660910
3512.449902 27.730467
3512.928405 27.634790
3513.406907 27.697885
3513.885409 27.987722
3514.363911 27.676879
3514.842413 27.512701
3515.320915 27.082182
3515.799417 27.124799
3516.277920 27.030132
3516.756422 27.350468
3517.234924 27.619862
3517.713426 27.190061
3518.191928 26.788680
3518.670430 27.289058
3519.148932 27.046498
3519.627434 27.002686
3520.105937 26.545755
3520.584439 26.493609
3521.062941 27.278763
3521.541443 27.429641
3522.019945 26.646774
3522.498447 26.784621
3522.976949 26.523060
3523.455452 26.338520
3523.933954 26.613866
3524.412456 26.987392
3524.890958 26.706676
3525.369460 26.583412
3525.847962 26.344989
3526.326464 26.084497
3526.804967 25.828469
3527.283469 25.882848
3527.761971 25.509870
3528.240473 25.398365
3528.718975 25.914610
3529.197477 26.124532
3529.675979 26.238985
3530.154481 26.041209
3530.632984 25.680211
3531.111486 25.543521
3531.589988 25.890622
3532.068490 25.937716
3532.546992 25.767231
3533.025494 25.899366
3533.503996 26.143192
3533.982499 25.725012
3534.461001 25.193456
3534.939503 25.211746
3535.418005 25.529146
3535.896507 25.651020
3536.375009 25.724551
3536.853511 25.837411
3537.332014 25.816918
3537.810516 25.695614
3538.289018 25.567521
3538.767520 25.707580
3539.246022 25.840618
3539.724524 25.848740
3540.203026 25.565020
3540.681528 25.510194
3541.160031 25.298749
3541.638533 25.356878
3542.117035 25.171968
3542.595537 24.967020
3543.074039 25.077118
3543.552541 25.160498
3544.031043 25.282017
3544.509546 25.054589
3544.988048 25.574081
3545.466550 25.436374
3545.945052 25.012887
3546.423554 25.072116
3546.902056 24.785607
3547.380558 25.227575
3547.859061 25.333332
3548.337563 25.234310
3548.816065 25.629536
3549.294567 25.577774
3549.773069 25.367363
3550.251571 25.192714
3550.730073 24.743271
3551.208576 25.322910
3551.687078 24.979310
3552.165580 25.636715
3552.644082 25.383212
3553.122584 25.080846
3553.601086 25.331521
3554.079588 25.253093
3554.558090 24.669955
3555.036593 25.445755
3555.515095 25.634108
3555.993597 25.344535
3556.472099 25.264047
3556.950601 25.267529
3557.429103 25.427430
3557.907605 25.747488
3558.386108 25.488583
3558.864610 25.400289
3559.343112 25.703296
3559.821614 25.565505
3560.300116 25.234669
3560.778618 25.472702
3561.257120 25.921438
3561.735623 25.642839
3562.214125 25.448812
3562.692627 25.255883
3563.171129 25.159984
3563.649631 25.274050
3564.128133 25.291774
3564.606635 25.700039
3565.085137 25.860207
3565.563640 26.416589
3566.042142 26.278425
3566.520644 25.643015
3566.999146 25.813964
3567.477648 25.984079
3567.956150 25.816113
3568.434652 25.641829
3568.913155 25.937027
3569.391657 25.953084
3569.870159 25.860101
3570.348661 25.866475
3570.827163 25.770928
3571.305665 25.757636
3571.784167 25.555829
3572.262670 25.648639
3572.741172 25.390824
3573.219674 25.740422
3573.698176 25.559737
3574.176678 25.945064
3574.655180 26.222203
3575.133682 26.280743
3575.612184 25.563384
3576.090687 25.741730
3576.569189 25.739057
3577.047691 26.008412
3577.526193 25.853678
3578.004695 25.665375
3578.483197 25.713848
3578.961699 25.908884
3579.440202 25.781174
3579.918704 26.245323
3580.397206 26.059685
3580.875708 26.392667
3581.354210 26.097687
3581.832712 26.299502
3582.311214 26.271616
3582.789717 25.989352
3583.268219 26.175352
3583.746721 25.744650
3584.225223 25.882943
3584.703725 26.360609
3585.182227 26.210202
3585.660729 25.568776
3586.139231 25.544359
3586.617734 25.600137
3587.096236 25.586455
3587.574738 25.655765
3588.053240 26.061194
3588.531742 26.245696
3589.010244 25.924755
3589.488746 25.651277
3589.967249 25.172264
3590.445751 25.196477
3590.924253 25.275819
3591.402755 25.604766
3591.881257 25.352407
3592.359759 24.801748
3592.838261 24.998845
3593.316764 25.546807
3593.795266 25.429287
3594.273768 25.739451
3594.752270 25.477848
3595.230772 25.440757
3595.709274 25.379435
3596.187776 25.453490
3596.666278 25.604573
3597.144781 25.521351
3597.623283 25.745723
3598.101785 25.724245
3598.580287 25.373360
3599.058789 25.396055
3599.537291 25.604619
3600.015793 25.105454
3600.494296 25.244602
3600.972798 25.135718
3601.451300 25.525210
3601.929802 25.565586
3602.408304 25.635143
3602.886806 25.038395
3603.365308 24.859078
3603.843811 24.858997
3604.322313 25.163277
3604.800815 25.204402
3605.279317 25.016151
3605.757819 24.980748
3606.236321 24.830531
3606.714823 25.067484
3607.193326 25.074571
3607.671828 25.034322
3608.150330 25.080502
3608.628832 25.478587
3609.107334 25.623131
3609.585836 25.610978
3610.064338 25.610760
3610.542840 24.989190
3611.021343 25.114898
3611.499845 24.813141
3611.978347 25.077473
3612.456849 24.774340
3612.935351 24.596286
3613.413853 24.756293
3613.892355 25.097603
3614.370858 25.547099
3614.849360 25.555037
3615.327862 25.488604
3615.806364 25.201701
3616.284866 24.702881
3616.763368 24.687183
3617.241870 24.700781
3617.720373 24.991958
3618.198875 25.375984
3618.677377 25.064079
3619.155879 25.330645
3619.634381 25.256671
3620.112883 25.356361
3620.591385 25.399713
3621.069887 25.132865
3621.548390 25.399723
3622.026892 25.121697
3622.505394 24.906457
3622.983896 24.981983
3623.462398 25.027301
3623.940900 25.212738
3624.419402 24.746205
3624.897905 24.632501
3625.376407 24.982380
3625.854909 25.241683
3626.333411 25.357609
3626.811913 25.178078
3627.290415 25.344472
3627.768917 24.839029
3628.247420 24.715709
3628.725922 25.140568
3629.204424 25.217708
3629.682926 24.990924
3630.161428 24.951849
3630.639930 25.007266
3631.118432 24.954653
3631.596934 24.795139
3632.075437 24.915381
3632.553939 25.027699
3633.032441 25.117452
3633.510943 24.755765
3633.989445 24.827773
3634.467947 24.886120
3634.946449 24.668361
3635.424952 24.758815
3635.903454 24.790440
3636.381956 24.747601
3636.860458 24.842564
3637.338960 24.879504
3637.817462 24.911955
3638.295964 24.619023
3638.774467 24.326569
3639.252969 24.786092
3639.731471 24.647257
3640.209973 24.637401
3640.688475 24.802314
3641.166977 24.756595
3641.645479 24.906194
3642.123981 24.555607
3642.602484 24.501672
3643.080986 24.579674
3643.559488 24.441788
3644.037990 24.215141
3644.516492 24.467637
3644.994994 24.537190
3645.473496 24.761031
3645.951999 24.744305
3646.430501 24.797467
3646.909003 24.784214
3647.387505 24.801270
3647.866007 24.337254
3648.344509 24.296731
3648.823011 24.130607
3649.301514 24.108195
3649.780016 23.737739
3650.258518 24.280695
3650.737020 24.467855
3651.215522 24.403420
3651.694024 24.511552
3652.172526 24.529136
3652.651029 24.450413
3653.129531 24.028360
3653.608033 24.161385
3654.086535 24.017210
3654.565037 24.093675
3655.043539 24.249415
3655.522041 24.161399
3656.000543 23.976401
3656.479046 24.070266
3656.957548 24.193386
3657.436050 23.826789
3657.914552 23.798027
3658.393054 23.978483
3658.871556 23.780320
3659.350058 23.718330
3659.828561 23.826986
3660.307063 23.838396
3660.785565 24.416283
3661.264067 24.225728
3661.742569 24.149781
3662.221071 24.001255
3662.699573 24.184251
3663.178076 24.048944
3663.656578 24.194730
3664.135080 23.695252
3664.613582 23.734341
3665.092084 24.357863
3665.570586 24.011104
3666.049088 23.811776
3666.527590 23.497191
3667.006093 23.900956
3667.484595 23.621985
3667.963097 23.848881
3668.441599 24.146531
3668.920101 24.235728
3669.398603 24.331824
3669.877105 24.115947
3670.355608 23.981748
3670.834110 24.080762
3671.312612 23.982873
3671.791114 23.480969
3672.269616 23.325781
3672.748118 23.839916
3673.226620 23.837281
3673.705123 24.267512
3674.183625 24.965307
3674.662127 24.732318
3675.140629 24.705895
3675.619131 24.789335
3676.097633 23.984016
3676.576135 25.023815
3677.054637 25.910003
3677.533140 25.465150
3678.011642 25.044835
3678.490144 23.852754
3678.968646 23.950858
3679.447148 23.627043
3679.925650 24.200276
3680.404152 24.701010
3680.882655 24.459122
3681.361157 24.379189
3681.839659 24.002922
3682.318161 23.874541
3682.796663 23.687169
3683.275165 23.521260
3683.753667 23.700106
3684.232170 23.693968
3684.710672 23.521144
3685.189174 23.984868
3685.667676 23.876514
3686.146178 23.542302
3686.624680 23.461662
3687.103182 23.239556
3687.581684 23.289710
3688.060187 23.551215
3688.538689 23.924931
3689.017191 23.908023
3689.495693 24.019553
3689.974195 23.797422
3690.452697 23.521338
3690.931199 23.599283
3691.409702 23.693894
3691.888204 23.625017
3692.366706 24.036943
3692.845208 23.881734
3693.323710 23.802635
3693.802212 23.621147
3694.280714 23.510469
3694.759217 23.496167
3695.237719 23.488798
3695.716221 23.993517
3696.194723 23.849940
3696.673225 23.676223
3697.151727 23.456910
3697.630229 23.299038
3698.108731 23.332049
3698.587234 23.379425
3699.065736 23.230734
3699.544238 23.396326
3700.022740 23.304986
3700.501242 23.237273
3700.979744 23.294371
3701.458246 23.484008
3701.936749 23.555133
3702.415251 23.280892
3702.893753 23.471753
3703.372255 23.791368
3703.850757 23.628137
3704.329259 23.539994
3704.807761 23.560715
3705.286264 23.340934
3705.764766 23.729775
3706.243268 23.712871
3706.721770 23.383227
3707.200272 23.641696
3707.678774 23.730665
3708.157276 23.375904
3708.635779 23.426751
3709.114281 23.293977
3709.592783 23.098110
3710.071285 23.193126
3710.549787 23.042624
3711.028289 23.542819
3711.506791 23.827847
3711.985293 23.917474
3712.463796 23.743120
3712.942298 23.668305
3713.420800 23.787598
3713.899302 23.702712
3714.377804 23.624496
3714.856306 23.474954
3715.334808 23.477641
3715.813311 23.353618
3716.291813 23.488190
3716.770315 23.372861
3717.248817 23.083373
3717.727319 23.241560
3718.205821 23.278490
3718.684323 23.138561
3719.162826 23.432696
3719.641328 23.585094
3720.119830 23.455278
3720.598332 23.509530
3721.076834 23.626877
3721.555336 23.325475
3722.033838 23.075462
3722.512340 23.106197
3722.990843 23.063285
3723.469345 23.327128
3723.947847 23.612488
3724.426349 23.484739
3724.904851 23.215106
3725.383353 22.796937
3725.861855 22.812276
3726.340358 22.823884
3726.818860 23.194779
3727.297362 23.685368
3727.775864 23.727197
3728.254366 24.191596
3728.732868 24.401732
3729.211370 24.526863
3729.689873 24.921783
3730.168375 25.075190
3730.646877 24.989665
3731.125379 25.142461
3731.603881 24.939014
3732.082383 24.774597
3732.560885 24.343002
3733.039387 24.186938
3733.517890 23.803092
3733.996392 23.641351
3734.474894 23.503389
3734.953396 23.355303
3735.431898 23.436604
3735.910400 23.081712
3736.388902 23.112697
3736.867405 23.237523
3737.345907 23.114150
3737.824409 23.071843
3738.302911 22.978519
3738.781413 22.730799
3739.259915 23.284019
3739.738417 23.004583
3740.216920 22.577240
3740.695422 23.260523
3741.173924 23.429601
3741.652426 23.380547
3742.130928 23.343632
3742.609430 23.547405
3743.087932 23.762937
3743.566434 23.465548
3744.044937 23.514648
3744.523439 23.513737
3745.001941 23.636825
3745.480443 23.821340
3745.958945 23.543213
3746.437447 23.605477
3746.915949 23.730088
3747.394452 23.623673
3747.872954 23.359274
3748.351456 23.084667
3748.829958 23.079306
3749.308460 23.220379
3749.786962 23.348475
3750.265464 23.306467
3750.743967 23.639909
3751.222469 23.476910
3751.700971 23.391184
3752.179473 23.466551
3752.657975 23.196081
3753.136477 23.049820
3753.614979 22.915417
3754.093481 22.960774
3754.571984 23.045768
3755.050486 23.419281
3755.528988 23.534401
3756.007490 23.298588
3756.485992 23.177203
3756.964494 23.313052
3757.442996 23.626072
3757.921499 23.478904
3758.400001 23.645477
3758.878503 23.335865
3759.357005 23.132008
3759.835507 23.120780
3760.314009 23.441996
3760.792511 23.070893
3761.271014 22.873968
3761.749516 22.929226
3762.228018 23.267902
3762.706520 23.512467
3763.185022 23.262777
3763.663524 23.489713
3764.142026 23.366337
3764.620529 23.146531
3765.099031 23.083207
3765.577533 22.865779
3766.056035 22.935100
3766.534537 22.944182
3767.013039 22.590209
3767.491541 23.042894
3767.970043 23.271219
3768.448546 23.081814
3768.927048 22.866272
3769.405550 22.812902
3769.884052 22.836750
3770.362554 22.752797
3770.841056 22.624788
3771.319558 22.420238
3771.798061 22.432995
3772.276563 22.883887
3772.755065 22.462555
3773.233567 22.177411
3773.712069 22.394796
3774.190571 22.573758
3774.669073 22.713866
3775.147576 22.601317
3775.626078 22.439344
3776.104580 22.625910
3776.583082 22.451148
3777.061584 22.336910
3777.540086 22.061998
3778.018588 21.754127
3778.497090 22.156929
3778.975593 22.416847
3779.454095 22.055244
3779.932597 21.911601
3780.411099 21.703976
3780.889601 21.729530
3781.368103 21.939100
3781.846605 22.111305
3782.325108 21.918527
3782.803610 21.693884
3783.282112 21.690290
3783.760614 21.465644
3784.239116 21.943581
3784.717618 21.689737
3785.196120 21.513674
3785.674623 21.243102
3786.153125 21.123201
3786.631627 21.361241
3787.110129 21.451040
3787.588631 21.486059
3788.067133 21.343812
3788.545635 21.428447
3789.024137 21.566685
3789.502640 21.111745
3789.981142 21.546474
3790.459644 21.576196
3790.938146 21.586069
3791.416648 21.436108
3791.895150 21.147671
3792.373652 21.436414
3792.852155 21.194618
3793.330657 21.044362
3793.809159 21.424047
3794.287661 21.352662
3794.766163 21.515229
3795.244665 21.237076
3795.723167 21.258118
3796.201670 21.069458
3796.680172 21.123552
3797.158674 21.210291
3797.637176 21.079321
3798.115678 20.858123
3798.594180 21.049817
3799.072682 20.669548
3799.551184 20.308350
3800.029687 20.821067
3800.508189 20.679207
3800.986691 20.774732
3801.465193 20.631620
3801.943695 20.633867
3802.422197 20.548539
3802.900699 20.667036
3803.379202 20.549408
3803.857704 20.654514
3804.336206 20.625528
3804.814708 20.633118
3805.293210 20.886293
3805.771712 20.927651
3806.250214 20.990342
3806.728717 20.796403
3807.207219 20.927968
3807.685721 20.950444
3808.164223 20.902357
3808.642725 20.690304
3809.121227 20.921664
3809.599729 20.915945
3810.078232 20.981742
3810.556734 21.336130
3811.035236 21.148248
3811.513738 21.403358
3811.992240 21.436348
3812.470742 21.112824
3812.949244 20.967953
3813.427746 20.691243
3813.906249 20.425898
3814.384751 20.477266
3814.863253 20.737515
3815.341755 20.949705
3815.820257 20.676688
3816.298759 20.839442
3816.777261 21.221843
3817.255764 20.690986
3817.734266 20.801598
3818.212768 20.923908
3818.691270 21.036335
3819.169772 20.947246
3819.648274 20.926378
3820.126776 20.669762
3820.605279 20.827159
3821.083781 21.025069
3821.562283 21.020939
3822.040785 21.035786
3822.519287 20.883420
3822.997789 20.783279
3823.476291 21.021404
3823.954793 21.136423
3824.433296 21.346446
3824.911798 21.235740
3825.390300 21.131692
3825.868802 21.106317
3826.347304 21.075607
3826.825806 21.127052
3827.304308 20.999821
3827.782811 20.834697
3828.261313 21.081787
3828.739815 21.161192
3829.218317 21.062758
3829.696819 20.871281
3830.175321 21.083074
3830.653823 21.202870
3831.132326 21.053011
3831.610828 21.208987
3832.089330 20.998421
3832.567832 21.464722
3833.046334 21.401455
3833.524836 20.929389
3834.003338 21.049040
3834.481840 21.066328
3834.960343 20.744690
3835.438845 20.713821
3835.917347 20.950718
3836.395849 21.106486
3836.874351 20.745763
3837.352853 20.590628
3837.831355 21.002023
3838.309858 20.747303
3838.788360 20.586949
3839.266862 20.890817
3839.745364 20.749424
3840.223866 20.637926
3840.702368 20.879121
3841.180870 20.926135
3841.659373 20.933806
3842.137875 20.751021
3842.616377 20.711370
3843.094879 20.741753
3843.573381 20.725956
3844.051883 20.828450
3844.530385 20.643980
3845.008887 20.393309
3845.487390 20.512331
3845.965892 20.445799
3846.444394 21.118565
3846.922896 21.186137
3847.401398 21.206018
3847.879900 21.057330
3848.358402 21.222806
3848.836905 20.969740
3849.315407 20.855678
3849.793909 20.978242
3850.272411 21.061994
3850.750913 20.947303
3851.229415 20.943286
3851.707917 20.642756
3852.186420 20.437779
3852.664922 20.761229
3853.143424 20.661672
3853.621926 20.649931
3854.100428 20.731883
3854.578930 20.884524
3855.057432 20.711714
3855.535934 20.880894
3856.014437 20.820075
3856.492939 20.908632
3856.971441 20.987528
3857.449943 21.177808
3857.928445 20.696843
3858.406947 20.740015
3858.885449 21.015048
3859.363952 20.987415
3859.842454 20.836564
3860.320956 20.673248
3860.799458 20.640128
3861.277960 20.621623
3861.756462 20.727947
3862.234964 20.633146
3862.713467 21.063335
3863.191969 21.424550
3863.670471 21.497666
3864.148973 21.205691
3864.627475 21.497782
3865.105977 21.525148
3865.584479 21.548929
3866.062982 21.618496
3866.541484 21.690096
3867.019986 21.640937
3867.498488 21.527993
3867.976990 21.823254
3868.455492 21.785463
3868.933994 22.037309
3869.412496 21.996760
3869.890999 22.053327
3870.369501 21.769463
3870.848003 22.043619
3871.326505 22.063538
3871.805007 21.916005
3872.283509 21.968284
3872.762011 21.885048
3873.240514 21.729832
3873.719016 21.464001
3874.197518 21.429302
3874.676020 21.042533
3875.154522 21.118322
3875.633024 21.005108
3876.111526 20.798788
3876.590029 20.740286
3877.068531 21.023817
3877.547033 20.664845
3878.025535 20.715668
3878.504037 20.988857
3878.982539 20.916044
3879.461041 20.785137
3879.939543 20.883367
3880.418046 20.805414
3880.896548 20.930630
3881.375050 20.912853
3881.853552 21.044372
3882.332054 21.323355
3882.810556 20.938745
3883.289058 20.687870
3883.767561 20.737595
3884.246063 21.180369
3884.724565 21.186711
3885.203067 21.104063
3885.681569 21.027246
3886.160071 21.187309
3886.638573 20.978717
3887.117076 20.844619
3887.595578 20.873311
3888.074080 21.058938
3888.552582 21.194748
3889.031084 20.988305
3889.509586 20.848654
3889.988088 20.687047
3890.466590 20.829850
3890.945093 21.012677
3891.423595 21.075420
3891.902097 21.305286
3892.380599 20.996128
3892.859101 20.902375
3893.337603 20.953177
3893.816105 21.020081
3894.294608 20.808372
3894.773110 20.741982
3895.251612 20.374037
3895.730114 20.790669
3896.208616 20.913043
3896.687118 20.781162
3897.165620 20.806712
3897.644123 20.492369
3898.122625 20.471019
3898.601127 20.563889
3899.079629 20.198262
3899.558131 20.285146
3900.036633 20.551360
3900.515135 20.384273
3900.993637 20.211537
3901.472140 20.175149
3901.950642 20.137805
3902.429144 20.213486
3902.907646 20.265744
3903.386148 20.192177
3903.864650 20.140243
3904.343152 19.990687
3904.821655 19.890676
3905.300157 19.903839
3905.778659 19.963374
3906.257161 19.636158
3906.735663 19.514586
3907.214165 19.798521
3907.692667 19.539999
3908.171170 19.404132
3908.649672 19.522500
3909.128174 19.603182
3909.606676 19.492057
3910.085178 19.522528
3910.563680 19.441617
3911.042182 19.492426
3911.520685 19.267773
3911.999187 19.431719
3912.477689 19.577561
3912.956191 19.745637
3913.434693 19.680104
3913.913195 19.571395
3914.391697 19.514695
3914.870199 19.842347
3915.348702 19.803846
3915.827204 19.726625
3916.305706 19.811517
3916.784208 19.752893
3917.262710 19.838862
3917.741212 19.799636
3918.219714 19.466127
3918.698217 19.274562
3919.176719 19.573136
3919.655221 19.498993
3920.133723 19.474030
3920.612225 19.155336
3921.090727 19.243549
3921.569229 19.099628
3922.047732 19.288741
3922.526234 19.398955
3923.004736 19.251980
3923.483238 19.236229
3923.961740 19.236025
3924.440242 19.308864
3924.918744 19.114144
3925.397246 19.386619
3925.875749 19.253704
3926.354251 19.229764
3926.832753 19.166898
3927.311255 19.192867
3927.789757 19.157130
3928.268259 19.390049
3928.746761 19.343257
3929.225264 19.222374
3929.703766 19.085664
3930.182268 19.007113
3930.660770 18.853283
3931.139272 18.739619
3931.617774 18.869301
3932.096276 18.813118
3932.574779 19.065945
3933.053281 18.988003
3933.531783 18.729045
3934.010285 19.031932
3934.488787 19.083191
3934.967289 19.192448
3935.445791 19.050578
3935.924293 18.660688
3936.402796 18.430228
3936.881298 18.601445
3937.359800 18.809119
3937.838302 18.707455
3938.316804 18.963786
3938.795306 18.897377
3939.273808 19.117904
3939.752311 19.146100
3940.230813 19.336922
3940.709315 19.231998
3941.187817 19.144657
3941.666319 19.178308
3942.144821 19.260295
3942.623323 19.491522
3943.101826 19.235491
3943.580328 19.152501
3944.058830 19.145984
3944.537332 19.015615
3945.015834 19.169835
3945.494336 19.303408
3945.972838 19.277270
3946.451340 19.240236
3946.929843 18.985625
3947.408345 18.925731
3947.886847 18.881173
3948.365349 18.908798
3948.843851 18.953009
3949.322353 18.768183
3949.800855 18.836143
3950.279358 18.746210
3950.757860 19.062523
3951.236362 19.255069
3951.714864 19.100285
3952.193366 19.129916
3952.671868 19.289687
3953.150370 19.399303
3953.628873 19.406384
3954.107375 19.271104
3954.585877 18.909635
3955.064379 19.224070
3955.542881 19.213634
3956.021383 19.068175
3956.499885 19.385040
3956.978387 19.249866
3957.456890 19.309405
3957.935392 19.532138
3958.413894 19.483893
3958.892396 19.422887
3959.370898 19.530759
3959.849400 19.795313
3960.327902 19.705042
3960.806405 19.744493
3961.284907 19.371312
3961.763409 19.315554
3962.241911 19.310918
3962.720413 19.638331
3963.198915 19.752028
3963.677417 19.858974
3964.155920 19.785506
3964.634422 19.832228
3965.112924 19.766780
3965.591426 19.670603
3966.069928 19.670603
3966.548430 19.972920
3967.026932 19.577076
3967.505435 19.518384
3967.983937 19.537779
3968.462439 19.646319
3968.940941 19.711722
3969.419443 19.338695
3969.897945 19.031102
3970.376447 18.954760
3970.854949 19.177591
3971.333452 19.099111
3971.811954 18.925812
3972.290456 18.902608
3972.768958 19.314210
3973.247460 19.174397
3973.725962 19.226363
3974.204464 19.027869
3974.682967 18.949083
3975.161469 18.740020
3975.639971 18.722960
3976.118473 18.433246
3976.596975 18.598764
3977.075477 18.964095
3977.553979 18.894620
3978.032482 18.518307
3978.510984 18.495177
3978.989486 18.764708
3979.467988 18.756924
3979.946490 18.672672
3980.424992 18.685208
3980.903494 18.673520
3981.381996 18.523731
3981.860499 18.653949
3982.339001 18.473148
3982.817503 18.560576
3983.296005 18.301826
3983.774507 18.819949
3984.253009 18.651877
3984.731511 18.396363
3985.210014 17.937019
3985.688516 18.045752
3986.167018 18.239047
3986.645520 18.373911
3987.124022 18.423841
3987.602524 18.664476
3988.081026 18.430868
3988.559529 18.408378
3989.038031 18.509327
3989.516533 18.015826
3989.995035 17.625437
3990.473537 17.610245
3990.952039 17.905978
3991.430541 18.010349
3991.909043 18.360936
3992.387546 18.113177
3992.866048 17.954440
3993.344550 17.738092
3993.823052 17.563777
3994.301554 17.621976
3994.780056 17.862337
3995.258558 17.675841
3995.737061 17.554161
3996.215563 17.273729
3996.694065 17.373859
3997.172567 17.645947
3997.651069 17.455557
3998.129571 17.239463
3998.608073 17.367826
3999.086576 17.400419
3999.565078 17.261678
4000.043580 17.091830
4000.522082 17.271844
4001.000584 16.950055
4001.479086 17.081450
4001.957588 17.376416
4002.436090 17.483538
4002.914593 17.341168
4003.393095 17.722169
4003.871597 18.011950
4004.350099 17.983304
4004.828601 18.161147
4005.307103 17.779190
4005.785605 17.378048
4006.264108 17.415392
4006.742610 17.252558
4007.221112 17.767635
4007.699614 17.787047
4008.178116 17.378547
4008.656618 17.199086
4009.135120 17.075840
4009.613623 17.017142
4010.092125 17.177479
4010.570627 17.055256
4011.049129 16.977216
4011.527631 17.076308
4012.006133 17.251211
4012.484635 17.079069
4012.963138 17.102143
4013.441640 17.078890
4013.920142 17.003818
4014.398644 17.084947
4014.877146 17.127001
4015.355648 17.100852
4015.834150 17.254700
4016.312652 17.290834
4016.791155 17.069298
4017.269657 17.200430
4017.748159 17.274978
4018.226661 16.786534
4018.705163 16.956305
4019.183665 17.507126
4019.662167 17.361024
4020.140670 17.204408
4020.619172 17.387640
4021.097674 17.056097
4021.576176 17.208773
4022.054678 17.555680
4022.533180 17.464959
4023.011682 17.217859
4023.490185 17.123965
4023.968687 17.086744
4024.447189 16.827828
4024.925691 17.429666
4025.404193 17.406043
4025.882695 17.653889
4026.361197 17.556267
4026.839699 16.904976
4027.318202 16.727920
4027.796704 16.777646
4028.275206 17.039840
4028.753708 17.127778
4029.232210 17.166937
4029.710712 16.700569
4030.189214 16.709612
4030.667717 16.951405
4031.146219 16.590591
4031.624721 16.753253
4032.103223 16.600204
4032.581725 16.598881
4033.060227 17.093199
4033.538729 17.675152
4034.017232 17.360654
4034.495734 16.759092
4034.974236 16.535990
4035.452738 16.511523
4035.931240 16.549539
4036.409742 16.791800
4036.888244 16.517749
4037.366746 16.749668
4037.845249 16.707801
4038.323751 16.849847
4038.802253 17.063149
4039.280755 17.183321
4039.759257 17.152593
4040.237759 17.195347
4040.716261 17.136357
4041.194764 16.906383
4041.673266 16.790298
4042.151768 16.839805
4042.630270 16.977687
4043.108772 16.786218
4043.587274 16.782876
4044.065776 16.790956
4044.544279 16.779781
4045.022781 16.881441
4045.501283 16.854501
4045.979785 17.100582
4046.458287 17.132871
4046.936789 16.746791
4047.415291 16.699018
4047.893793 16.588582
4048.372296 16.985499
4048.850798 16.776770
4049.329300 16.538677
4049.807802 16.646377
4050.286304 16.678501
4050.764806 16.780804
4051.243308 16.924750
4051.721811 16.936625
4052.200313 17.023322
4052.678815 17.167715
4053.157317 17.088928
4053.635819 17.143438
4054.114321 17.197219
4054.592823 17.245590
4055.071326 17.172716
4055.549828 17.084831
4056.028330 16.929882
4056.506832 16.685420
4056.985334 16.827818
4057.463836 16.840030
4057.942338 16.508400
4058.420840 16.610415
4058.899343 16.834107
4059.377845 16.693161
4059.856347 16.609774
4060.334849 16.890181
4060.813351 17.024641
4061.291853 16.979812
4061.770355 16.738346
4062.248858 16.573331
4062.727360 16.653084
4063.205862 17.072587
4063.684364 17.031532
4064.162866 16.788377
4064.641368 16.797924
4065.119870 16.950994
4065.598373 17.023512
4066.076875 17.441245
4066.555377 17.387126
4067.033879 17.279589
4067.512381 17.233191
4067.990883 16.984592
4068.469385 16.977990
4068.947888 17.121644
4069.426390 17.167883
4069.904892 17.334724
4070.383394 17.412969
4070.861896 17.551523
4071.340398 17.640604
4071.818900 17.817438
4072.297402 17.703256
4072.775905 17.521220
4073.254407 17.453503
4073.732909 17.332712
4074.211411 17.444784
4074.689913 17.410369
4075.168415 17.244095
4075.646917 17.287408
4076.125420 17.261439
4076.603922 17.354411
4077.082424 17.256022
4077.560926 17.301070
4078.039428 17.410507
4078.517930 17.550752
4078.996432 17.782267
4079.474935 17.786910
4079.953437 17.765141
4080.431939 17.791662
4080.910441 17.439937
4081.388943 17.393444
4081.867445 17.300542
4082.345947 17.400524
4082.824449 17.390260
4083.302952 17.545701
4083.781454 17.511582
4084.259956 17.729362
4084.738458 17.798521
4085.216960 17.909330
4085.695462 18.087655
4086.173964 18.000103
4086.652467 17.944754
4087.130969 17.963769
4087.609471 17.957216
4088.087973 18.102892
4088.566475 18.137859
4089.044977 18.056171
4089.523479 18.197929
4090.001982 18.199357
4090.480484 18.552743
4090.958986 18.597755
4091.437488 18.825689
4091.915990 18.737818
4092.394492 18.453141
4092.872994 18.461902
4093.351496 18.546654
4093.829999 18.444372
4094.308501 18.513661
4094.787003 18.607723
4095.265505 18.761796
4095.744007 18.718029
4096.222509 18.888865
4096.701011 18.873941
4097.179514 18.824504
4097.658016 18.425086
4098.136518 18.884817
4098.615020 18.524808
4099.093522 18.712397
4099.572024 18.969716
4100.050526 18.904419
4100.529029 18.845534
4101.007531 18.879372
4101.486033 19.163106
4101.964535 19.076663
4102.443037 18.879354
4102.921539 19.173388
4103.400041 19.062139
4103.878543 19.339138
4104.357046 19.075794
4104.835548 18.998436
4105.314050 19.059765
4105.792552 18.881028
4106.271054 18.886998
4106.749556 18.791335
4107.228058 18.967687
4107.706561 19.237689
4108.185063 18.726245
4108.663565 18.752809
4109.142067 18.929498
4109.620569 18.940669
4110.099071 18.700498
4110.577573 18.857268
4111.056076 18.736643
4111.534578 18.588676
4112.013080 18.411509
4112.491582 18.545381
4112.970084 18.598814
4113.448586 18.509285
4113.927088 18.409338
4114.405590 18.274970
4114.884093 18.371646
4115.362595 18.371428
4115.841097 18.480429
4116.319599 18.468360
4116.798101 18.111485
4117.276603 18.168660
4117.755105 17.880135
4118.233608 17.722960
4118.712110 17.784005
4119.190612 17.898348
4119.669114 17.967676
4120.147616 18.016435
4120.626118 18.209469
4121.104620 18.112790
4121.583123 17.903044
4122.061625 17.838454
4122.540127 17.588480
4123.018629 17.574688
4123.497131 17.501512
4123.975633 17.427038
4124.454135 17.367510
4124.932638 17.279772
4125.411140 17.417608
4125.889642 17.364087
4126.368144 17.158668
4126.846646 17.470190
4127.325148 17.506356
4127.803650 17.482029
4128.282152 17.650397
4128.760655 17.506377
4129.239157 17.313293
4129.717659 17.239227
4130.196161 16.963210
4130.674663 16.802883
4131.153165 16.781666
4131.631667 16.746000
4132.110170 16.815834
4132.588672 16.947645
4133.067174 17.041401
4133.545676 16.969154
4134.024178 17.150958
4134.502680 16.854346
4134.981182 16.890065
4135.459685 16.875503
4135.938187 17.004279
4136.416689 16.855591
4136.895191 16.757308
4137.373693 16.979425
4137.852195 16.803017
4138.330697 16.458291
4138.809199 16.175654
4139.287702 16.237205
4139.766204 16.393887
4140.244706 16.393753
4140.723208 16.492761
4141.201710 16.569370
4141.680212 16.877916
4142.158714 16.512501
4142.637217 16.540288
4143.115719 16.466015
4143.594221 16.397482
4144.072723 16.471157
4144.551225 16.547706
4145.029727 16.374932
4145.508229 16.388952
4145.986732 16.235808
4146.465234 16.265481
4146.943736 16.199825
4147.422238 16.090797
4147.900740 15.959263
4148.379242 15.990895
4148.857744 16.162893
4149.336246 16.129178
4149.814749 16.228024
4150.293251 16.486462
4150.771753 16.255949
4151.250255 16.117680
4151.728757 15.991775
4152.207259 16.100557
4152.685761 16.049963
4153.164264 15.940808
4153.642766 15.963541
4154.121268 16.011127
4154.599770 15.943910
4155.078272 16.347630
4155.556774 16.141799
4156.035276 16.392519
4156.513779 16.170712
4156.992281 16.063399
4157.470783 15.903787
4157.949285 15.934684
4158.427787 16.226178
4158.906289 16.599609
4159.384791 16.526630
4159.863293 16.496198
4160.341796 16.487622
4160.820298 16.268010
4161.298800 15.979464
4161.777302 16.064026
4162.255804 16.003090
4162.734306 16.226603
4163.212808 16.347644
4163.691311 16.559226
4164.169813 16.325639
4164.648315 16.397900
4165.126817 16.537028
4165.605319 16.388973
4166.083821 16.379410
4166.562323 16.703031
4167.040826 16.671709
4167.519328 16.731093
4167.997830 16.552814
4168.476332 16.526518
4168.954834 16.499708
4169.433336 16.386567
4169.911838 16.593753
4170.390341 16.780090
4170.868843 16.634129
4171.347345 16.569852
4171.825847 16.395069
4172.304349 16.182485
4172.782851 16.206733
4173.261353 16.570657
4173.739855 16.508294
4174.218358 16.389997
4174.696860 16.207286
4175.175362 16.283803
4175.653864 16.058961
4176.132366 16.133473
4176.610868 16.413293
4177.089370 16.362973
4177.567873 16.581973
4178.046375 16.701083
4178.524877 16.630685
4179.003379 16.600000
4179.481881 16.650453
4179.960383 16.465656
4180.438885 16.579609
4180.917388 16.393750
4181.395890 16.297897
4181.874392 16.371791
4182.352894 16.266564
4182.831396 16.071644
4183.309898 16.130037
4183.788400 16.408104
4184.266902 16.269674
4184.745405 16.098109
4185.223907 16.152759
4185.702409 16.298647
4186.180911 16.264289
4186.659413 15.931258
4187.137915 15.939161
4187.616417 15.994849
4188.094920 16.128609
4188.573422 15.999946
4189.051924 15.805363
4189.530426 15.720355
4190.008928 15.970241
4190.487430 15.855782
4190.965932 16.006583
4191.444435 16.218650
4191.922937 16.127947
4192.401439 15.658079
4192.879941 15.400644
4193.358443 15.257638
4193.836945 15.325981
4194.315447 15.664615
4194.793949 15.680267
4195.272452 15.562680
4195.750954 15.549990
4196.229456 15.753844
4196.707958 15.708835
4197.186460 15.724168
4197.664962 15.362048
4198.143464 15.416395
4198.621967 15.323494
4199.100469 15.293202
4199.578971 15.323589
4200.057473 15.103948
4200.535975 15.163966
4201.014477 15.324394
4201.492979 15.361633
4201.971482 15.211261
4202.449984 15.049752
4202.928486 15.184666
4203.406988 15.275327
4203.885490 15.383824
4204.363992 15.253206
4204.842494 15.023660
4205.320996 14.943784
4205.799499 15.010041
4206.278001 15.192042
4206.756503 15.491604
4207.235005 15.507049
4207.713507 15.456297
4208.192009 15.226959
4208.670511 15.288682
4209.149014 15.107184
4209.627516 15.088426
4210.106018 15.396596
4210.584520 15.370201
4211.063022 15.254078
4211.541524 15.236980
4212.020026 15.087350
4212.498529 14.791206
4212.977031 14.973713
4213.455533 14.912563
4213.934035 15.245154
4214.412537 15.201732
4214.891039 15.281718
4215.369541 15.236554
4215.848043 15.388337
4216.326546 15.279372
4216.805048 15.289910
4217.283550 15.144082
4217.762052 15.063192
4218.240554 15.273374
4218.719056 15.622262
4219.197558 15.592079
4219.676061 15.787326
4220.154563 15.368154
4220.633065 15.629138
4221.111567 15.641660
4221.590069 15.636394
4222.068571 15.810235
4222.547073 16.015260
4223.025576 16.312994
4223.504078 16.756109
4223.982580 16.528304
4224.461082 16.254704
4224.939584 16.153477
4225.418086 16.183515
4225.896588 16.422410
4226.375091 16.831705
4226.853593 16.641023
4227.332095 16.658603
4227.810597 16.889689
4228.289099 16.308421
4228.767601 16.260736
4229.246103 15.872327
4229.724605 15.764357
4230.203108 15.785617
4230.681610 16.307792
4231.160112 16.013934
4231.638614 15.963614
4232.117116 16.108148
4232.595618 16.064578
4233.074120 16.052249
4233.552623 16.344355
4234.031125 16.345555
4234.509627 16.498846
4234.988129 16.454172
4235.466631 16.468108
4235.945133 16.306972
4236.423635 16.280701
4236.902138 16.367464
4237.380640 16.499884
4237.859142 16.393134
4238.337644 16.446820
4238.816146 16.392361
4239.294648 16.393926
4239.773150 16.361495
4240.251652 16.464189
4240.730155 16.398340
4241.208657 16.653563
4241.687159 16.399568
4242.165661 16.489501
4242.644163 16.519747
4243.122665 16.358956
4243.601167 16.419360
4244.079670 16.586542
4244.558172 16.663847
4245.036674 16.561678
4245.515176 16.031514
4245.993678 16.610988
4246.472180 16.054877
4246.950682 16.343954
4247.429185 16.224053
4247.907687 16.612212
4248.386189 16.967828
4248.864691 16.784241
4249.343193 16.653767
4249.821695 16.579736
4250.300197 16.642687
4250.778699 16.439423
4251.257202 16.472744
4251.735704 16.042668
4252.214206 15.926640
4252.692708 15.786999
4253.171210 15.836295
4253.649712 16.093304
4254.128214 15.881733
4254.606717 15.981163
4255.085219 15.873805
4255.563721 15.821114
4256.042223 15.818205
4256.520725 15.837386
4256.999227 16.064279
4257.477729 15.831969
4257.956232 15.666774
4258.434734 15.853091
4258.913236 15.701273
4259.391738 15.637573
4259.870240 15.519441
4260.348742 15.506078
4260.827244 15.889732
4261.305746 15.667379
4261.784249 15.521738
4262.262751 15.518632
4262.741253 15.533528
4263.219755 15.636261
4263.698257 15.919278
4264.176759 15.803981
4264.655261 15.940980
4265.133764 15.630731
4265.612266 15.460015
4266.090768 15.538308
4266.569270 15.905971
4267.047772 15.936341
4267.526274 16.287226
4268.004776 16.783337
4268.483279 16.759549
4268.961781 16.737210
4269.440283 16.036308
4269.918785 16.119706
4270.397287 15.778557
4270.875789 15.657742
4271.354291 16.299048
4271.832794 16.169016
4272.311296 15.986397
4272.789798 15.818916
4273.268300 15.659303
4273.746802 15.501601
4274.225304 15.329382
4274.703806 15.776018
4275.182308 15.812254
4275.660811 15.974930
4276.139313 15.810361
4276.617815 15.867695
4277.096317 15.846105
4277.574819 15.816228
4278.053321 15.914765
4278.531823 15.980037
4279.010326 15.831536
4279.488828 15.950357
4279.967330 15.986186
4280.445832 15.871068
4280.924334 16.043403
4281.402836 15.981483
4281.881338 16.375252
4282.359841 16.688103
4282.838343 16.739915
4283.316845 17.026572
4283.795347 16.901451
4284.273849 16.347486
4284.752351 16.075777
4285.230853 16.228401
4285.709355 16.478600
4286.187858 16.820505
4286.666360 16.639440
4287.144862 16.219720
4287.623364 16.143705
4288.101866 16.183364
4288.580368 16.077652
4289.058870 16.198351
4289.537373 16.144402
4290.015875 16.346536
4290.494377 16.430950
4290.972879 16.291351
4291.451381 16.506845
4291.929883 16.471903
4292.408385 16.572873
4292.886888 16.830143
4293.365390 16.817959
4293.843892 16.555220
4294.322394 16.520763
4294.800896 16.449304
4295.279398 16.385523
4295.757900 16.674962
4296.236402 16.984743
4296.714905 16.824614
4297.193407 16.925830
4297.671909 16.727871
4298.150411 16.898395
4298.628913 17.031370
4299.107415 17.531832
4299.585917 17.221640
4300.064420 17.819189
4300.542922 17.695627
4301.021424 17.277503
4301.499926 17.332871
4301.978428 17.567590
4302.456930 17.513011
4302.935432 17.277475
4303.413935 17.077507
4303.892437 16.879668
4304.370939 16.772950
4304.849441 16.769915
4305.327943 16.785307
4305.806445 17.059041
4306.284947 17.170680
4306.763449 17.089678
4307.241952 17.334070
4307.720454 16.899858
4308.198956 17.215038
4308.677458 17.056758
4309.155960 17.100578
4309.634462 16.987983
4310.112964 16.912271
4310.591467 17.063874
4311.069969 17.225372
4311.548471 17.153673
4312.026973 17.190043
4312.505475 17.361414
4312.983977 17.389610
4313.462479 17.405888
4313.940982 17.669334
4314.419484 17.756168
4314.897986 17.753534
4315.376488 17.642296
4315.854990 17.492979
4316.333492 17.614846
4316.811994 17.568068
4317.290496 17.651322
4317.768999 18.121760
4318.247501 18.226683
4318.726003 18.308414
4319.204505 18.329599
4319.683007 18.415853
4320.161509 18.181798
4320.640011 18.423964
4321.118514 18.830564
4321.597016 18.586070
4322.075518 18.834599
4322.554020 18.931654
4323.032522 18.741237
4323.511024 18.872742
4323.989526 18.743101
4324.468029 19.056300
4324.946531 18.903681
4325.425033 18.597484
4325.903535 18.600435
4326.382037 18.567154
4326.860539 18.721353
4327.339041 18.789267
4327.817544 18.890163
4328.296046 19.037117
4328.774548 19.102125
4329.253050 19.102143
4329.731552 19.070103
4330.210054 19.137918
4330.688556 19.424094
4331.167058 19.624747
4331.645561 19.575166
4332.124063 19.722700
4332.602565 19.764648
4333.081067 19.867106
4333.559569 20.001780
4334.038071 20.336478
4334.516573 20.222824
4334.995076 20.437670
4335.473578 20.524986
4335.952080 20.418181
4336.430582 20.844957
4336.909084 20.857904
4337.387586 20.811693
4337.866088 20.864095
4338.344591 20.642084
4338.823093 20.765794
4339.301595 20.641585
4339.780097 20.505683
4340.258599 20.746051
4340.737101 20.714760
4341.215603 20.942069
4341.694105 21.199366
4342.172608 21.536829
4342.651110 21.583255
4343.129612 21.541673
4343.608114 21.491346
4344.086616 21.371100
4344.565118 21.025723
4345.043620 20.888168
4345.522123 21.161867
4346.000625 21.126254
4346.479127 20.835312
4346.957629 20.850578
4347.436131 20.394727
4347.914633 20.551778
4348.393135 20.549569
4348.871638 20.639386
4349.350140 20.434026
4349.828642 20.330696
4350.307144 20.393137
4350.785646 20.623287
4351.264148 20.425813
4351.742650 20.317034
4352.221152 20.128924
4352.699655 20.167591
4353.178157 20.000511
4353.656659 20.222181
4354.135161 20.300042
4354.613663 20.168741
4355.092165 19.900194
4355.570667 19.769175
4356.049170 19.694606
4356.527672 19.753413
4357.006174 19.509049
4357.484676 19.702253
4357.963178 20.110609
4358.441680 19.886811
4358.920182 19.709284
4359.398685 19.498149
4359.877187 19.448135
4360.355689 19.451139
4360.834191 19.578275
4361.312693 19.608778
4361.791195 19.462577
4362.269697 19.003575
4362.748199 18.887166
4363.226702 18.931366
4363.705204 19.236148
4364.183706 19.164446
4364.662208 19.078488
4365.140710 19.049857
4365.619212 19.062586
4366.097714 19.114306
4366.576217 18.803962
4367.054719 18.708532
4367.533221 18.364390
4368.011723 18.585282
4368.490225 18.609904
4368.968727 18.383809
4369.447229 18.387724
4369.925732 18.284816
4370.404234 18.071105
4370.882736 18.025703
4371.361238 17.956340
4371.839740 17.946491
4372.318242 17.960737
4372.796744 17.814110
4373.275247 17.834121
4373.753749 17.839439
4374.232251 18.021229
4374.710753 17.754350
4375.189255 17.572458
4375.667757 17.411358
4376.146259 17.331407
4376.624761 17.285987
4377.103264 17.289652
4377.581766 17.293500
4378.060268 17.410862
4378.538770 17.005872
4379.017272 16.863502
4379.495774 16.782092
4379.974276 16.763787
4380.452779 16.701385
4380.931281 16.659109
4381.409783 16.629869
4381.888285 16.892485
4382.366787 16.827224
4382.845289 16.826925
4383.323791 16.666464
4383.802294 16.644808
4384.280796 16.577706
4384.759298 16.467760
4385.237800 16.314686
4385.716302 16.305273
4386.194804 16.609022
4386.673306 16.253163
4387.151808 16.082284
4387.630311 16.241039
4388.108813 16.283487
4388.587315 16.331151
4389.065817 16.668388
4389.544319 16.971039
4390.022821 17.031229
4390.501323 16.781058
4390.979826 16.557337
4391.458328 16.376617
4391.936830 16.558121
4392.415332 16.544935
4392.893834 16.450197
4393.372336 16.452104
4393.850838 16.268098
4394.329341 16.393578
4394.807843 16.138978
4395.286345 16.079548
4395.764847 15.844413
4396.243349 15.877635
4396.721851 16.041419
4397.200353 15.865725
4397.678855 15.898606
4398.157358 15.955021
4398.635860 15.972503
4399.114362 15.783021
4399.592864 15.805866
4400.071366 15.782198
4400.549868 15.681741
4401.028370 15.751399
4401.506873 15.900192
4401.985375 15.733446
4402.463877 15.991212
4402.942379 15.874600
4403.420881 15.831445
4403.899383 15.674470
4404.377885 15.637052
4404.856388 15.634499
4405.334890 15.593352
4405.813392 15.468027
4406.291894 15.654590
4406.770396 15.735233
4407.248898 15.887600
4407.727400 15.932876
4408.205902 15.773193
4408.684405 15.749000
4409.162907 15.628174
4409.641409 15.631593
4410.119911 15.477616
4410.598413 15.375502
4411.076915 15.737917
4411.555417 15.708814
4412.033920 15.660408
4412.512422 15.603577
4412.990924 15.559483
4413.469426 15.450595
4413.947928 15.439881
4414.426430 15.491914
4414.904932 15.694474
4415.383435 15.881258
4415.861937 15.753471
4416.340439 15.997107
4416.818941 16.030589
4417.297443 15.689384
4417.775945 15.543124
4418.254447 15.263192
4418.732949 15.150772
4419.211452 15.058247
4419.689954 15.047754
4420.168456 15.472065
4420.646958 15.607404
4421.125460 15.528977
4421.603962 15.411534
4422.082464 15.209080
4422.560967 15.095457
4423.039469 14.832131
4423.517971 14.819384
4423.996473 14.912180
4424.474975 15.220469
4424.953477 15.365094
4425.431979 15.371376
4425.910482 15.376993
4426.388984 14.966598
4426.867486 14.905592
4427.345988 14.824540
4427.824490 14.830256
4428.302992 14.889887
4428.781494 14.986316
4429.259997 14.946953
4429.738499 15.185313
4430.217001 14.880551
4430.695503 14.721340
4431.174005 14.726285
4431.652507 14.705350
4432.131009 14.672884
4432.609511 14.850414
4433.088014 15.026027
4433.566516 14.847316
4434.045018 14.947192
4434.523520 15.125703
4435.002022 14.774277
4435.480524 14.373751
4435.959026 14.369618
4436.437529 14.427447
4436.916031 14.456610
4437.394533 14.137121
4437.873035 13.947080
4438.351537 13.819542
4438.830039 13.944910
4439.308541 14.119629
4439.787044 14.215264
4440.265546 14.398710
4440.744048 14.485126
4441.222550 14.672863
4441.701052 14.346727
4442.179554 14.519902
4442.658056 14.469188
4443.136558 14.703809
4443.615061 14.497767
4444.093563 14.319614
4444.572065 14.747713
4445.050567 14.947688
4445.529069 14.831410
4446.007571 14.789271
4446.486073 15.040417
4446.964576 15.211187
4447.443078 14.819282
4447.921580 14.238419
4448.400082 14.266129
4448.878584 14.129731
4449.357086 14.367564
4449.835588 14.570746
4450.314091 15.076548
4450.792593 15.484151
4451.271095 15.930087
4451.749597 15.834220
4452.228099 15.424693
4452.706601 15.145359
4453.185103 14.860323
4453.663605 14.859183
4454.142108 15.002334
4454.620610 15.275298
4455.099112 14.962458
4455.577614 14.850907
4456.056116 14.683721
4456.534618 14.562065
4457.013120 14.723169
4457.491623 14.751579
4457.970125 14.371489
4458.448627 14.418587
4458.927129 14.408253
4459.405631 14.960949
4459.884133 14.932774
4460.362635 14.811234
4460.841138 14.649114
4461.319640 14.399860
4461.798142 14.247378
4462.276644 14.527148
4462.755146 14.800351
4463.233648 14.750154
4463.712150 14.705244
4464.190652 14.473290
4464.669155 14.318795
4465.147657 14.580197
4465.626159 15.385998
4466.104661 15.203083
4466.583163 14.980562
4467.061665 14.867861
4467.540167 14.643869
4468.018670 14.895398
4468.497172 15.377370
4468.975674 15.453448
4469.454176 15.188545
4469.932678 14.873643
4470.411180 14.862912
4470.889682 14.837242
4471.368185 15.506279
4471.846687 15.896763
4472.325189 15.397489
4472.803691 15.193765
4473.282193 14.982457
4473.760695 14.972018
4474.239197 15.121261
4474.717699 15.294637
4475.196202 15.519051
4475.674704 15.359540
4476.153206 15.251943
4476.631708 15.081110
4477.110210 15.093277
4477.588712 15.194405
4478.067214 15.514277
4478.545717 15.460025
4479.024219 15.425716
4479.502721 15.469374
4479.981223 15.440507
4480.459725 15.348137
4480.938227 15.545273
4481.416729 15.547707
4481.895232 15.490458
4482.373734 15.499758
4482.852236 15.486472
4483.330738 15.461256
4483.809240 15.162267
4484.287742 15.252404
4484.766244 15.288285
4485.244747 15.535744
4485.723249 15.518544
4486.201751 15.683542
4486.680253 15.701459
4487.158755 15.694882
4487.637257 15.719560
4488.115759 15.510802
4488.594261 15.321218
4489.072764 15.529416
4489.551266 15.824012
4490.029768 15.938979
4490.508270 15.792975
4490.986772 15.587193
4491.465274 15.536613
4491.943776 15.696598
4492.422279 15.961085
4492.900781 15.605104
4493.379283 15.740337
4493.857785 15.753531
4494.336287 15.432501
4494.814789 15.478674
4495.293291 15.647830
4495.771794 16.049636
4496.250296 16.067575
4496.728798 16.225843
4497.207300 16.195847
4497.685802 16.169344
4498.164304 16.078123
4498.642806 16.165499
4499.121308 16.385871
4499.599811 16.513292
4500.078313 16.560724
4500.556815 16.731740
4501.035317 16.790861
4501.513819 16.698779
4501.992321 17.030772
4502.470823 16.972031
4502.949326 17.064082
4503.427828 16.591688
4503.906330 16.509511
4504.384832 16.139256
4504.863334 16.192931
4505.341836 16.704698
4505.820338 16.872844
4506.298841 16.770210
4506.777343 16.663274
4507.255845 16.726700
4507.734347 16.869330
4508.212849 16.965517
4508.691351 17.130898
4509.169853 17.231140
4509.648355 17.019400
4510.126858 16.648800
4510.605360 16.628241
4511.083862 16.836675
4511.562364 16.749510
4512.040866 16.893133
4512.519368 16.808870
4512.997870 17.021141
4513.476373 17.016185
4513.954875 16.844118
4514.433377 16.873801
4514.911879 16.918289
4515.390381 17.189104
4515.868883 17.001074
4516.347385 16.846770
4516.825888 16.774491
4517.304390 16.881511
4517.782892 16.739816
4518.261394 16.710098
4518.739896 16.777319
4519.218398 16.887723
4519.696900 16.929450
4520.175402 16.837392
4520.653905 16.739063
4521.132407 16.918922
4521.610909 16.970839
4522.089411 16.649648
4522.567913 16.518755
4523.046415 16.558934
4523.524917 16.698360
4524.003420 17.209744
4524.481922 17.663661
4524.960424 17.414474
4525.438926 17.144574
4525.917428 17.083061
4526.395930 17.155428
4526.874432 16.922235
4527.352935 16.724209
4527.831437 16.760210
4528.309939 16.604527
4528.788441 16.995313
4529.266943 17.300197
4529.745445 17.283275
4530.223947 17.174679
4530.702450 16.793699
4531.180952 16.663366
4531.659454 16.628596
4532.137956 16.459680
4532.616458 16.486015
4533.094960 16.462557
4533.573462 16.540489
4534.051964 16.929545
4534.530467 16.807980
4535.008969 17.014550
4535.487471 16.918845
4535.965973 16.831152
4536.444475 16.771606
4536.922977 16.475389
4537.401479 16.377756
4537.879982 16.301573
4538.358484 16.668153
4538.836986 16.847445
4539.315488 17.204422
4539.793990 16.786102
4540.272492 16.689735
4540.750994 16.583566
4541.229497 16.694885
4541.707999 16.561354
4542.186501 16.896516
4542.665003 16.921768
4543.143505 16.644966
4543.622007 16.593689
4544.100509 16.674361
4544.579011 16.677987
4545.057514 17.045569
4545.536016 17.036048
4546.014518 16.926210
4546.493020 17.222023
4546.971522 17.467242
4547.450024 17.404326
4547.928526 17.590059
4548.407029 17.660003
4548.885531 16.941194
4549.364033 16.687231
4549.842535 16.777041
4550.321037 16.975102
4550.799539 17.268319
4551.278041 17.185710
4551.756544 16.871648
4552.235046 16.657006
4552.713548 16.555234
4553.192050 16.590745
4553.670552 16.612117
4554.149054 16.745258
4554.627556 16.758462
4555.106058 16.791191
4555.584561 16.745560
4556.063063 16.788486
4556.541565 16.894019
4557.020067 16.826939
4557.498569 16.762785
4557.977071 17.110441
4558.455573 16.959158
4558.934076 16.837283
4559.412578 16.646978
4559.891080 16.732409
4560.369582 16.844406
4560.848084 16.972513
4561.326586 17.289765
4561.805088 16.898943
4562.283591 16.938190
4562.762093 17.095773
4563.240595 17.387038
4563.719097 17.293630
4564.197599 17.409472
4564.676101 17.438132
4565.154603 17.451540
4565.633105 17.117542
4566.111608 17.238488
4566.590110 17.018876
4567.068612 16.810305
4567.547114 16.816063
4568.025616 16.770432
4568.504118 16.823741
4568.982620 16.926724
4569.461123 16.890885
4569.939625 16.729257
4570.418127 16.659085
4570.896629 16.658519
4571.375131 16.460584
4571.853633 16.665736
4572.332135 16.506782
4572.810638 16.208003
4573.289140 16.463377
4573.767642 16.356687
4574.246144 16.597098
4574.724646 16.767308
4575.203148 16.898250
4575.681650 16.540225
4576.160152 16.764758
4576.638655 16.781578
4577.117157 17.080557
4577.595659 16.689363
4578.074161 16.561227
4578.552663 16.640246
4579.031165 16.565909
4579.509667 16.645286
4579.988170 16.832960
4580.466672 16.991377
4580.945174 17.015330
4581.423676 17.221249
4581.902178 17.192365
4582.380680 16.900695
4582.859182 16.413750
4583.337685 16.336357
4583.816187 16.462111
4584.294689 16.696369
4584.773191 16.802932
4585.251693 16.975918
4585.730195 17.076498
4586.208697 16.988626
4586.687200 16.965524
4587.165702 16.504654
4587.644204 16.411063
4588.122706 16.404074
4588.601208 16.525371
4589.079710 16.416982
4589.558212 16.318013
4590.036714 16.397063
4590.515217 16.499166
4590.993719 16.666281
4591.472221 16.517084
4591.950723 16.609303
4592.429225 16.492958
4592.907727 16.329800
4593.386229 15.999119
4593.864732 15.931353
4594.343234 15.930723
4594.821736 16.216378
4595.300238 16.412930
4595.778740 16.243849
4596.257242 16.160026
4596.735744 16.120846
4597.214247 16.123582
4597.692749 15.952397
4598.171251 15.663957
4598.649753 15.799584
4599.128255 15.709254
4599.606757 15.880973
4600.085259 15.725610
4600.563761 15.677351
4601.042264 15.817495
4601.520766 15.892229
4601.999268 15.860674
4602.477770 15.924026
4602.956272 15.738336
4603.434774 15.884272
4603.913276 15.714361
4604.391779 15.389600
4604.870281 15.432881
4605.348783 15.291577
4605.827285 15.154191
4606.305787 15.624207
4606.784289 15.655652
4607.262791 15.514123
4607.741294 15.440208
4608.219796 15.372291
4608.698298 15.401422
4609.176800 15.237054
4609.655302 15.248489
4610.133804 15.148683
4610.612306 15.221725
4611.090808 15.414014
4611.569311 15.608705
4612.047813 15.663978
4612.526315 15.407415
4613.004817 15.476195
4613.483319 15.275981
4613.961821 15.408706
4614.440323 15.337169
4614.918826 15.406525
4615.397328 15.492396
4615.875830 15.556965
4616.354332 15.361935
4616.832834 15.495259
4617.311336 15.791515
4617.789838 15.865877
4618.268341 15.739848
4618.746843 15.965633
4619.225345 16.118739
4619.703847 15.968293
4620.182349 15.800762
4620.660851 15.568621
4621.139353 15.784822
4621.617855 16.033677
4622.096358 15.880790
4622.574860 15.735979
4623.053362 15.579117
4623.531864 15.498488
4624.010366 15.553957
4624.488868 15.749862
4624.967370 15.713981
4625.445873 15.730084
4625.924375 15.934170
4626.402877 15.765937
4626.881379 15.555012
4627.359881 15.762022
4627.838383 15.742729
4628.316885 15.958539
4628.795388 16.204922
4629.273890 16.276635
4629.752392 15.901395
4630.230894 15.801673
4630.709396 15.580359
4631.187898 15.649437
4631.666400 15.491928
4632.144903 15.590464
4632.623405 15.498692
4633.101907 15.570176
4633.580409 15.707312
4634.058911 15.720168
4634.537413 15.721783
4635.015915 15.520405
4635.494417 15.751354
4635.972920 15.598867
4636.451422 15.550289
4636.929924 15.478903
4637.408426 15.695195
4637.886928 15.860555
4638.365430 15.840555
4638.843932 15.867804
4639.322435 15.588572
4639.800937 15.407363
4640.279439 15.204940
4640.757941 15.449167
4641.236443 15.002271
4641.714945 14.831821
4642.193447 14.845082
4642.671950 15.243424
4643.150452 15.071659
4643.628954 14.939179
4644.107456 14.759032
4644.585958 14.797555
4645.064460 15.020853
4645.542962 15.036464
4646.021464 14.991328
4646.499967 14.597746
4646.978469 14.873552
4647.456971 15.368140
4647.935473 15.498734
4648.413975 15.547151
4648.892477 15.482498
4649.370979 14.991877
4649.849482 14.753591
4650.327984 15.271285
4650.806486 14.916942
4651.284988 14.757080
4651.763490 14.643398
4652.241992 14.477757
4652.720494 14.534721
4653.198997 14.693306
4653.677499 14.700633
4654.156001 14.524900
4654.634503 14.752947
4655.113005 14.928683
4655.591507 15.102060
4656.070009 15.265260
4656.548511 15.388172
4657.027014 15.326276
4657.505516 15.101574
4657.984018 14.908553
4658.462520 15.070473
4658.941022 15.005824
4659.419524 14.765803
4659.898026 14.663159
4660.376529 14.620946
4660.855031 14.644963
4661.333533 14.438422
4661.812035 14.205682
4662.290537 14.043766
4662.769039 14.161602
4663.247541 14.516691
4663.726044 14.688477
4664.204546 14.851962
4664.683048 15.063108
4665.161550 15.355667
4665.640052 15.190230
4666.118554 14.504077
4666.597056 14.025887
4667.075558 14.074318
4667.554061 13.824034
4668.032563 14.052960
4668.511065 13.950499
4668.989567 14.101655
4669.468069 14.196034
4669.946571 13.997730
4670.425073 14.042475
4670.903576 14.092289
4671.382078 13.996165
4671.860580 13.878248
4672.339082 13.532878
4672.817584 13.546867
4673.296086 13.603560
4673.774588 13.748871
4674.253091 13.869039
4674.731593 13.876925
4675.210095 13.930133
4675.688597 13.737408
4676.167099 13.823925
4676.645601 13.794713
4677.124103 13.909433
4677.602605 13.800366
4678.081108 13.984913
4678.559610 13.973875
4679.038112 13.916693
4679.516614 13.644545
4679.995116 13.771790
4680.473618 14.037217
4680.952120 13.719015
4681.430623 13.643824
4681.909125 13.363055
4682.387627 13.287874
4682.866129 13.416649
4683.344631 13.664527
4683.823133 13.633550
4684.301635 14.013105
4684.780138 14.266646
4685.258640 14.100579
4685.737142 14.165123
4686.215644 13.985381
4686.694146 14.093734
4687.172648 14.056988
4687.651150 14.047280
4688.129653 13.847333
4688.608155 13.677619
4689.086657 13.450437
4689.565159 13.574436
4690.043661 13.674330
4690.522163 13.727155
4691.000665 13.818111
4691.479167 13.873475
4691.957670 13.820752
4692.436172 13.751108
4692.914674 13.558182
4693.393176 13.555966
4693.871678 13.385573
4694.350180 13.304708
4694.828682 13.526118
4695.307185 13.652322
4695.785687 13.699965
4696.264189 13.243435
4696.742691 13.386716
4697.221193 13.283023
4697.699695 13.035163
4698.178197 13.195229
4698.656700 13.314655
4699.135202 13.320441
4699.613704 13.492062
4700.092206 13.483543
4700.570708 13.439139
4701.049210 13.480996
4701.527712 13.178110
4702.006214 13.064642
4702.484717 13.079401
4702.963219 13.118479
4703.441721 13.218855
4703.920223 13.155405
4704.398725 13.227677
4704.877227 13.237385
4705.355729 13.231163
4705.834232 13.245588
4706.312734 13.119689
4706.791236 13.050527
4707.269738 13.244188
4707.748240 13.145701
4708.226742 13.118180
4708.705244 13.092261
4709.183747 12.790447
4709.662249 12.890798
4710.140751 12.921927
4710.619253 12.804327
4711.097755 12.776831
4711.576257 12.853859
4712.054759 12.870805
4712.533261 12.930172
4713.011764 12.919409
4713.490266 12.920249
4713.968768 13.109943
4714.447270 13.139527
4714.925772 13.039377
4715.404274 12.973397
4715.882776 12.950095
4716.361279 13.071596
4716.839781 13.007175
4717.318283 12.957369
4717.796785 13.031723
4718.275287 13.181634
4718.753789 13.127864
4719.232291 13.040843
4719.710794 13.095792
4720.189296 12.985008
4720.667798 13.148884
4721.146300 13.050101
4721.624802 12.981519
4722.103304 12.673054
4722.581806 12.523174
4723.060308 12.694542
4723.538811 12.985775
4724.017313 13.073967
4724.495815 13.114557
4724.974317 13.022071
4725.452819 13.226284
4725.931321 13.076939
4726.409823 12.895712
4726.888326 12.730211
4727.366828 12.757264
4727.845330 12.991442
4728.323832 13.179453
4728.802334 13.168778
4729.280836 13.313931
4729.759338 13.028891
4730.237841 13.121388
4730.716343 12.822800
4731.194845 12.679269
4731.673347 12.549396
4732.151849 12.549065
4732.630351 12.586733
4733.108853 12.825969
4733.587355 12.980988
4734.065858 12.797517
4734.544360 12.942525
4735.022862 12.839687
4735.501364 12.537293
4735.979866 12.454388
4736.458368 12.460160
4736.936870 12.662860
4737.415373 12.642924
4737.893875 12.511060
4738.372377 12.565200
4738.850879 12.836103
4739.329381 12.784692
4739.807883 12.985100
4740.286385 12.807520
4740.764888 12.617141
4741.243390 12.629322
4741.721892 12.446973
4742.200394 12.437128
4742.678896 12.748797
4743.157398 12.727310
4743.635900 12.798452
4744.114403 12.792758
4744.592905 12.809086
4745.071407 12.680166
4745.549909 12.500912
4746.028411 12.570427
4746.506913 12.767130
4746.985415 12.659702
4747.463917 12.783964
4747.942420 12.596547
4748.420922 12.615822
4748.899424 12.613589
4749.377926 12.550550
4749.856428 12.571373
4750.334930 12.545541
4750.813432 12.534345
4751.291935 12.608907
4751.770437 12.520465
4752.248939 12.781766
4752.727441 12.770458
4753.205943 12.784594
4753.684445 12.837130
4754.162947 12.766641
4754.641450 12.756121
4755.119952 12.694527
4755.598454 12.679213
4756.076956 12.437990
4756.555458 12.299270
4757.033960 12.424279
4757.512462 12.611503
4757.990964 12.531992
4758.469467 12.475963
4758.947969 12.382474
4759.426471 12.570687
4759.904973 12.563603
4760.383475 12.638516
4760.861977 12.554444
4761.340479 12.349956
4761.818982 12.275830
4762.297484 12.212605
4762.775986 12.281465
4763.254488 12.441549
4763.732990 12.225335
4764.211492 12.309242
4764.689994 12.420082
4765.168497 12.472207
4765.646999 12.468320
4766.125501 12.319052
4766.604003 12.342380
4767.082505 12.372985
4767.561007 12.415855
4768.039509 12.412935
4768.518011 12.520142
4768.996514 12.232049
4769.475016 12.296161
4769.953518 12.580008
4770.432020 12.554721
4770.910522 12.638703
4771.389024 12.520093
4771.867526 12.547054
4772.346029 12.356907
4772.824531 12.279682
4773.303033 12.357146
4773.781535 12.386136
4774.260037 12.589621
4774.738539 12.685516
4775.217041 12.771108
4775.695544 12.822353
4776.174046 12.537894
4776.652548 12.525643
4777.131050 12.443202
4777.609552 12.515006
4778.088054 12.853500
4778.566556 13.020386
4779.045058 13.022915
4779.523561 13.029873
4780.002063 12.945937
4780.480565 12.721094
4780.959067 12.870148
4781.437569 12.707894
4781.916071 12.681471
4782.394573 12.699297
4782.873076 12.664436
4783.351578 12.682308
4783.830080 12.553846
4784.308582 12.449727
4784.787084 12.416066
4785.265586 12.614116
4785.744088 12.817482
4786.222591 13.008441
4786.701093 12.770007
4787.179595 12.642554
4787.658097 12.700215
4788.136599 12.701186
4788.615101 12.758569
4789.093603 12.765104
4789.572106 12.833535
4790.050608 12.686121
4790.529110 12.860503
4791.007612 12.888871
4791.486114 13.032018
4791.964616 13.060541
4792.443118 12.876359
4792.921620 12.752448
4793.400123 12.831702
4793.878625 12.956253
4794.357127 12.803373
4794.835629 12.813989
4795.314131 12.798428
4795.792633 13.040196
4796.271135 13.163987
4796.749638 13.047590
4797.228140 12.995064
4797.706642 13.043369
4798.185144 13.087984
4798.663646 13.162211
4799.142148 13.191233
4799.620650 13.400789
4800.099153 13.406079
4800.577655 13.224898
4801.056157 13.074034
4801.534659 13.031666
4802.013161 13.169679
4802.491663 13.146453
4802.970165 13.417905
4803.448667 13.256154
4803.927170 13.285478
4804.405672 13.285211
4804.884174 13.211539
4805.362676 13.308707
4805.841178 13.357413
4806.319680 13.411422
4806.798182 13.430972
4807.276685 13.591376
4807.755187 13.680876
4808.233689 13.821027
4808.712191 13.804003
4809.190693 13.655027
4809.669195 13.798508
4810.147697 13.988831
4810.626200 14.053995
4811.104702 13.976309
4811.583204 14.196671
4812.061706 14.098500
4812.540208 14.028321
4813.018710 14.103340
4813.497212 14.109907
4813.975714 14.056045
4814.454217 14.132123
4814.932719 14.276087
4815.411221 14.254275
4815.889723 14.275911
4816.368225 14.265974
4816.846727 14.347131
4817.325229 14.349495
4817.803732 14.495055
4818.282234 14.475548
4818.760736 14.578358
4819.239238 14.740218
4819.717740 14.766243
4820.196242 14.811857
4820.674744 15.070628
4821.153247 15.068873
4821.631749 15.139516
4822.110251 15.193230
4822.588753 15.273997
4823.067255 15.373251
4823.545757 15.408274
4824.024259 15.427032
4824.502761 15.534460
4824.981264 15.727942
4825.459766 15.726897
4825.938268 15.778212
4826.416770 15.478956
4826.895272 15.619979
4827.373774 15.650271
4827.852276 15.809626
4828.330779 15.930477
4828.809281 15.908947
4829.287783 15.804072
4829.766285 15.856629
4830.244787 16.326747
4830.723289 16.366838
4831.201791 16.208060
4831.680294 16.358755
4832.158796 16.513496
4832.637298 17.046294
4833.115800 17.407823
4833.594302 17.617935
4834.072804 17.668413
4834.551306 17.478860
4835.029808 17.325797
4835.508311 17.164510
4835.986813 16.712465
4836.465315 17.328235
4836.943817 17.783994
4837.422319 18.143708
4837.900821 18.410629
4838.379323 19.075467
4838.857826 18.645901
4839.336328 18.526190
4839.814830 18.131225
4840.293332 18.252062
4840.771834 18.182069
4841.250336 18.286272
4841.728838 18.614174
4842.207341 18.911697
4842.685843 19.547079
4843.164345 19.783533
4843.642847 20.542134
4844.121349 20.781042
4844.599851 20.798534
4845.078353 20.624771
4845.556856 20.665914
4846.035358 20.358072
4846.513860 20.479253
4846.992362 20.799829
4847.470864 21.034925
4847.949366 21.151498
4848.427868 21.196331
4848.906370 21.555904
4849.384873 21.887405
4849.863375 21.657915
4850.341877 21.959300
4850.820379 22.316787
4851.298881 22.623905
4851.777383 22.846852
4852.255885 22.612685
4852.734388 22.682076
4853.212890 22.868885
4853.691392 22.998980
4854.169894 23.085997
4854.648396 23.212130
4855.126898 23.481781
4855.605400 23.671358
4856.083903 23.543909
4856.562405 23.744049
4857.040907 23.995909
4857.519409 23.988417
4857.997911 24.102081
4858.476413 24.145078
4858.954915 24.297638
4859.433417 24.520803
4859.911920 24.658122
4860.390422 24.760116
4860.868924 24.735997
4861.347426 24.863914
4861.825928 25.131508
4862.304430 25.381060
4862.782932 25.680999
4863.261435 25.839626
4863.739937 25.896408
4864.218439 25.924065
4864.696941 26.109098
4865.175443 26.226783
4865.653945 25.955092
4866.132447 26.025180
4866.610950 25.580672
4867.089452 25.168352
4867.567954 24.909510
4868.046456 23.898776
4868.524958 23.326186
4869.003460 23.813117
4869.481962 24.593609
4869.960464 25.430599
4870.438967 25.695072
4870.917469 25.539659
4871.395971 25.289442
4871.874473 23.737457
4872.352975 23.237843
4872.831477 22.865202
4873.309979 22.452823
4873.788482 22.292176
4874.266984 22.506649
4874.745486 22.792463
4875.223988 22.607641
4875.702490 22.487884
4876.180992 22.295525
4876.659494 21.954218
4877.137997 21.224456
4877.616499 20.961077
4878.095001 20.913852
4878.573503 21.289458
4879.052005 20.915840
4879.530507 20.718830
4880.009009 20.607188
4880.487511 20.219736
4880.966014 20.353587
4881.444516 20.295842
4881.923018 20.459981
4882.401520 20.441740
4882.880022 20.236855
4883.358524 20.145674
4883.837026 19.769221
4884.315529 19.668461
4884.794031 19.438244
4885.272533 19.563850
4885.751035 19.275012
4886.229537 19.075833
4886.708039 18.934848
4887.186541 19.035847
4887.665044 19.100071
4888.143546 19.196718
4888.622048 19.145206
4889.100550 18.663727
4889.579052 18.573819
4890.057554 18.169793
4890.536056 18.009920
4891.014559 17.842942
4891.493061 17.735785
4891.971563 17.884989
4892.450065 18.027810
4892.928567 18.238185
4893.407069 18.177669
4893.885571 17.844205
4894.364073 17.458530
4894.842576 17.448677
4895.321078 17.499391
4895.799580 17.457158
4896.278082 17.404791
4896.756584 17.406279
4897.235086 17.178907
4897.713588 17.349919
4898.192091 17.269065
4898.670593 17.396469
4899.149095 16.684790
4899.627597 15.909654
4900.106099 15.903682
4900.584601 16.358312
4901.063103 16.473778
4901.541606 17.757410
4902.020108 18.009108
4902.498610 18.113835
4902.977112 17.665395
4903.455614 17.310542
4903.934116 16.957202
4904.412618 16.297641
4904.891120 16.175010
4905.369623 16.335808
4905.848125 16.242192
4906.326627 16.224282
4906.805129 16.216431
4907.283631 16.045274
4907.762133 16.131809
4908.240635 16.096646
4908.719138 16.020607
4909.197640 15.991993
4909.676142 15.917143
4910.154644 15.768807
4910.633146 15.950424
4911.111648 16.117771
4911.590150 16.296033
4912.068653 16.394211
4912.547155 16.431506
4913.025657 16.013934
4913.504159 15.665483
4913.982661 15.796014
4914.461163 15.723932
4914.939665 15.894761
4915.418167 15.797023
4915.896670 16.006956
4916.375172 15.983354
4916.853674 16.124630
4917.332176 15.569606
4917.810678 15.529758
4918.289180 15.303698
4918.767682 15.140962
4919.246185 15.280747
4919.724687 16.099534
4920.203189 16.979629
4920.681691 16.720038
4921.160193 16.121996
4921.638695 15.910734
4922.117197 15.657657
4922.595700 15.584122
4923.074202 15.401168
4923.552704 15.382466
4924.031206 15.556574
4924.509708 15.620221
4924.988210 15.517615
4925.466712 15.352632
4925.945214 15.445706
4926.423717 15.145876
4926.902219 15.388900
4927.380721 15.403859
4927.859223 15.370409
4928.337725 15.279129
4928.816227 15.087526
4929.294729 15.415850
4929.773232 15.122049
4930.251734 15.233431
4930.730236 15.122728
4931.208738 14.770830
4931.687240 14.862943
4932.165742 14.824087
4932.644244 15.212407
4933.122747 15.684351
4933.601249 15.969154
4934.079751 15.696384
4934.558253 15.440701
4935.036755 15.256428
4935.515257 14.993520
4935.993759 14.933882
4936.472261 14.828670
4936.950764 14.844350
4937.429266 14.744460
4937.907768 14.901807
4938.386270 14.868255
4938.864772 14.813872
4939.343274 14.990350
4939.821776 15.401510
4940.300279 15.797439
4940.778781 16.229537
4941.257283 15.850488
4941.735785 15.330958
4942.214287 15.167437
4942.692789 14.762026
4943.171291 14.387820
4943.649794 14.314106
4944.128296 14.112355
4944.606798 14.137962
4945.085300 14.358742
4945.563802 14.375879
4946.042304 14.531028
4946.520806 14.640035
4946.999309 14.441633
4947.477811 14.407922
4947.956313 14.401869
4948.434815 14.369706
4948.913317 14.419906
4949.391819 14.376125
4949.870321 14.496068
4950.348823 14.321257
4950.827326 14.112099
4951.305828 14.205482
4951.784330 14.282801
4952.262832 14.247768
4952.741334 14.397831
4953.219836 14.611421
4953.698338 14.522129
4954.176841 14.321545
4954.655343 14.269150
4955.133845 14.279840
4955.612347 14.407968
4956.090849 14.700851
4956.569351 14.733426
4957.047853 14.862257
4957.526356 15.155802
4958.004858 15.157072
4958.483360 15.217560
4958.961862 15.359062
4959.440364 15.225014
4959.918866 15.425023
4960.397368 15.195784
4960.875870 15.267887
4961.354373 15.105004
4961.832875 14.824737
4962.311377 14.371383
4962.789879 14.715241
4963.268381 15.053340
4963.746883 14.987941
4964.225385 14.555537
4964.703888 14.514724
4965.182390 14.380420
4965.660892 13.816444
4966.139394 13.586592
4966.617896 13.506983
4967.096398 13.356108
4967.574900 13.174529
4968.053403 13.048891
4968.531905 13.053956
4969.010407 13.032746
4969.488909 13.056890
4969.967411 12.858649
4970.445913 12.954632
4970.924415 12.870897
4971.402917 12.866810
4971.881420 12.912441
4972.359922 12.774903
4972.838424 12.789954
4973.316926 12.674826
4973.795428 12.591130
4974.273930 12.700085
4974.752432 12.777454
4975.230935 12.688706
4975.709437 12.741348
4976.187939 12.738811
4976.666441 12.601703
4977.144943 12.543589
4977.623445 12.526280
4978.101947 12.739350
4978.580450 12.846722
4979.058952 12.834685
4979.537454 12.736606
4980.015956 12.951055
4980.494458 12.924048
4980.972960 13.025304
4981.451462 13.065346
4981.929964 13.076214
4982.408467 13.146323
4982.886969 13.160347
4983.365471 13.308911
4983.843973 13.634974
4984.322475 13.483381
4984.800977 13.275225
4985.279479 13.314307
4985.757982 13.383005
4986.236484 13.311071
4986.714986 13.200737
4987.193488 13.270589
4987.671990 13.235602
4988.150492 13.377490
4988.628994 13.328268
4989.107497 13.809936
4989.585999 13.959046
4990.064501 13.978532
4990.543003 13.745354
4991.021505 13.849226
4991.500007 13.779638
4991.978509 13.917843
4992.457012 14.057980
4992.935514 14.130990
4993.414016 14.038747
4993.892518 14.145858
4994.371020 14.021578
4994.849522 14.118560
4995.328024 14.211996
4995.806526 14.353898
4996.285029 14.480789
4996.763531 14.540243
4997.242033 14.651041
4997.720535 14.666845
4998.199037 15.030312
4998.677539 15.017262
4999.156041 15.206206
4999.634544 15.419997
5000.113046 15.871803
5000.591548 15.932236
5001.070050 16.137441
5001.548552 16.435558
5002.027054 16.698022
5002.505556 17.069509
5002.984059 17.048798
5003.462561 17.363335
5003.941063 17.678019
5004.419565 17.935105
5004.898067 18.223360
5005.376569 18.624642
5005.855071 19.021063
5006.333573 19.290654
5006.812076 19.491846
5007.290578 19.763913
5007.769080 20.188716
5008.247582 20.534504
5008.726084 20.775576
5009.204586 20.834602
5009.683088 20.662334
5010.161591 20.262553
5010.640093 19.830923
5011.118595 19.343739
5011.597097 18.925527
5012.075599 18.187591
5012.554101 17.512100
5013.032603 16.894895
5013.511106 16.364228
5013.989608 15.942749
5014.468110 15.257550
5014.946612 14.796975
5015.425114 14.591963
5015.903616 14.567053
5016.382118 14.457039
5016.860620 14.684481
5017.339123 14.724966
5017.817625 14.655684
5018.296127 14.460402
5018.774629 14.387792
5019.253131 14.334701
5019.731633 14.403181
5020.210135 14.197448
5020.688638 14.070034
5021.167140 13.984515
5021.645642 13.861125
5022.124144 13.801917
5022.602646 13.959264
5023.081148 13.932919
5023.559650 13.972212
5024.038153 14.028666
5024.516655 13.957583
5024.995157 14.008944
5025.473659 13.942032
5025.952161 13.901357
5026.430663 13.779616
5026.909165 13.841811
5027.387667 13.892497
5027.866170 14.100934
5028.344672 13.800464
5028.823174 13.650437
5029.301676 13.705628
5029.780178 13.710753
5030.258680 13.665298
5030.737182 13.610669
5031.215685 13.399959
5031.694187 13.175532
5032.172689 13.128314
5032.651191 13.059204
5033.129693 13.238099
5033.608195 13.302288
5034.086697 13.524468
5034.565200 13.737956
5035.043702 13.879880
5035.522204 13.583131
5036.000706 13.563873
5036.479208 13.373325
5036.957710 13.335577
5037.436212 13.310072
5037.914714 13.473364
5038.393217 13.586423
5038.871719 13.545755
5039.350221 13.267392
5039.828723 13.137245
5040.307225 13.151663
5040.785727 13.093608
5041.264229 12.913686
5041.742732 12.794464
5042.221234 12.643370
5042.699736 12.906707
5043.178238 12.928329
5043.656740 12.576336
5044.135242 12.435060
5044.613744 12.247181
5045.092247 12.345957
5045.570749 12.321092
5046.049251 12.415257
5046.527753 12.540835
5047.006255 12.570163
5047.484757 12.553533
5047.963259 12.552509
5048.441762 12.622009
5048.920264 12.675365
5049.398766 12.816901
5049.877268 12.825751
5050.355770 12.536311
5050.834272 12.583824
5051.312774 12.470740
5051.791276 12.485024
5052.269779 12.635256
5052.748281 12.635892
5053.226783 12.470420
5053.705285 12.366843
5054.183787 12.358528
5054.662289 12.132539
5055.140791 12.039658
5055.619294 11.942086
5056.097796 12.105641
5056.576298 12.369379
5057.054800 12.697359
5057.533302 12.472773
5058.011804 11.987063
5058.490306 12.161694
5058.968809 12.180548
5059.447311 12.151754
5059.925813 12.025744
5060.404315 12.048367
5060.882817 12.283467
5061.361319 12.497078
5061.839821 12.345486
5062.318323 12.195279
5062.796826 11.993084
5063.275328 11.878259
5063.753830 12.215760
5064.232332 12.058839
5064.710834 11.963834
5065.189336 12.029817
5065.667838 11.850338
5066.146341 11.933384
5066.624843 11.932142
5067.103345 11.823300
5067.581847 11.992328
5068.060349 11.533065
5068.538851 11.275324
5069.017353 11.310076
5069.495856 11.369337
5069.974358 11.465626
5070.452860 11.311448
5070.931362 11.336189
5071.409864 11.296904
5071.888366 11.488092
5072.366868 11.535256
5072.845370 11.495876
5073.323873 11.688351
5073.802375 11.393245
5074.280877 11.106229
5074.759379 11.064210
5075.237881 11.171403
5075.716383 11.220801
5076.194885 11.016549
5076.673388 11.138797
5077.151890 11.122068
5077.630392 11.049233
5078.108894 11.033837
5078.587396 11.083514
5079.065898 11.334863
5079.544400 11.224403
5080.022903 11.178649
5080.501405 11.224695
5080.979907 11.347273
5081.458409 11.196992
5081.936911 11.190741
5082.415413 11.073060
5082.893915 11.191642
5083.372417 11.234195
5083.850920 11.193140
5084.329422 11.060876
5084.807924 10.989947
5085.286426 10.914640
5085.764928 10.932902
5086.243430 11.023496
5086.721932 10.952547
5087.200435 11.099553
5087.678937 10.975297
5088.157439 11.089159
5088.635941 11.093250
5089.114443 11.059142
5089.592945 11.078181
5090.071447 10.948294
5090.549950 10.890176
5091.028452 10.776213
5091.506954 10.961586
5091.985456 11.092184
5092.463958 11.037154
5092.942460 10.919990
5093.420962 11.054488
5093.899464 11.162620
5094.377967 11.094977
5094.856469 11.223752
5095.334971 11.309436
5095.813473 11.186394
5096.291975 11.106764
5096.770477 10.918980
5097.248979 10.943331
5097.727482 11.089789
5098.205984 11.031132
5098.684486 11.051414
5099.162988 11.118202
5099.641490 10.920074
5100.119992 11.000000
5100.598494 10.906919
5101.076997 10.896103
5101.555499 10.919691
5102.034001 10.860549
5102.512503 10.830177
5102.991005 10.754788
5103.469507 10.728010
5103.948009 10.808664
5104.426512 10.777605
5104.905014 10.961277
5105.383516 10.991917
5105.862018 11.027710
5106.340520 11.068153
5106.819022 10.967492
5107.297524 10.974900
5107.776026 11.039536
5108.254529 10.934904
5108.733031 10.867391
5109.211533 10.763487
5109.690035 10.487870
5110.168537 10.882427
5110.647039 10.851657
5111.125541 11.007492
5111.604044 11.321666
5112.082546 12.195950
5112.561048 11.875304
5113.039550 11.814285
5113.518052 11.998617
5113.996554 12.117530
5114.475056 11.548426
5114.953559 11.017506
5115.432061 10.845477
5115.910563 11.364086
5116.389065 10.974685
5116.867567 11.130970
5117.346069 11.277357
5117.824571 11.415215
5118.303073 11.637718
5118.781576 11.540082
5119.260078 11.227477
5119.738580 10.884418
5120.217082 11.164041
5120.695584 10.869614
5121.174086 10.728123
5121.652588 10.663360
5122.131091 10.960320
5122.609593 11.252015
5123.088095 10.783469
5123.566597 11.357638
5124.045099 11.264832
5124.523601 11.341662
5125.002103 11.779392
5125.480606 11.597233
5125.959108 11.312531
5126.437610 11.279285
5126.916112 11.185553
5127.394614 11.070387
5127.873116 11.330189
5128.351618 11.423758
5128.830120 11.239686
5129.308623 11.191396
5129.787125 11.025793
5130.265627 11.298082
5130.744129 11.475577
5131.222631 11.516175
5131.701133 11.747971
5132.179635 11.741594
5132.658138 11.597908
5133.136640 11.487631
5133.615142 11.328314
5134.093644 11.190094
5134.572146 11.124977
5135.050648 11.355299
5135.529150 11.525541
5136.007653 11.596864
5136.486155 11.496410
5136.964657 11.534205
5137.443159 11.459562
5137.921661 11.475042
5138.400163 11.483340
5138.878665 11.555499
5139.357167 11.637367
5139.835670 11.445169
5140.314172 11.764672
5140.792674 11.547606
5141.271176 11.601841
5141.749678 11.619125
5142.228180 11.784753
5142.706682 11.847577
5143.185185 11.955888
5143.663687 11.733451
5144.142189 11.804323
5144.620691 11.837844
5145.099193 11.925930
5145.577695 11.906440
5146.056197 11.943880
5146.534700 11.922824
5147.013202 11.842019
5147.491704 11.729589
5147.970206 11.760011
5148.448708 11.765512
5148.927210 11.554247
5149.405712 11.440508
5149.884215 11.877046
5150.362717 12.223337
5150.841219 12.100914
5151.319721 13.057854
5151.798223 13.438791
5152.276725 13.878090
5152.755227 13.688196
5153.233729 13.116306
5153.712232 13.031856
5154.190734 12.287793
5154.669236 12.442330
5155.147738 12.609480
5155.626240 12.519537
5156.104742 12.612607
5156.583244 13.005761
5157.061747 12.668165
5157.540249 13.149640
5158.018751 13.292977
5158.497253 13.050639
5158.975755 12.589301
5159.454257 12.656015
5159.932759 12.590152
5160.411262 12.848670
5160.889764 12.934164
5161.368266 13.071976
5161.846768 13.220020
5162.325270 13.126263
5162.803772 13.036661
5163.282274 13.387314
5163.760776 13.272330
5164.239279 13.210224
5164.717781 13.144350
5165.196283 13.116070
5165.674785 12.962623
5166.153287 12.989134
5166.631789 13.167621
5167.110291 13.312457
5167.588794 13.192820
5168.067296 13.117262
5168.545798 13.153850
5169.024300 13.220769
5169.502802 12.957492
5169.981304 12.664668
5170.459806 12.698087
5170.938309 12.864597
5171.416811 12.878593
5171.895313 12.707405
5172.373815 12.934453
5172.852317 13.083031
5173.330819 13.129095
5173.809321 13.135718
5174.287823 13.098810
5174.766326 13.249281
5175.244828 13.284131
5175.723330 12.886651
5176.201832 13.009968
5176.680334 13.152447
5177.158836 13.182211
5177.637338 13.090256
5178.115841 13.047934
5178.594343 13.111241
5179.072845 12.967861
5179.551347 13.014315
5180.029849 13.185328
5180.508351 13.080885
5180.986853 13.079099
5181.465356 13.131867
5181.943858 13.012117
5182.422360 12.589442
5182.900862 12.779888
5183.379364 12.779258
5183.857866 13.322580
5184.336368 13.200305
5184.814870 13.495967
5185.293373 13.212732
5185.771875 12.479994
5186.250377 12.352598
5186.728879 12.339759
5187.207381 12.661376
5187.685883 13.003552
5188.164385 12.944959
5188.642888 12.679220
5189.121390 12.700637
5189.599892 12.612051
5190.078394 12.551141
5190.556896 12.668179
5191.035398 12.844777
5191.513900 12.821843
5191.992403 12.849437
5192.470905 12.567905
5192.949407 12.535460
5193.427909 12.498380
5193.906411 12.686110
5194.384913 12.536607
5194.863415 12.768301
5195.341917 12.768759
5195.820420 12.540216
5196.298922 12.484222
5196.777424 12.403565
5197.255926 12.426590
5197.734428 12.573884
5198.212930 12.289724
5198.691432 12.506097
5199.169935 12.632379
5199.648437 12.560293
5200.126939 12.511644
5200.605441 12.284775
5201.083943 12.243689
5201.562445 12.222282
5202.040947 12.398637
5202.519450 12.383561
5202.997952 12.409805
5203.476454 12.399066
5203.954956 13.870137
5204.433458 14.020681
5204.911960 13.740995
5205.390462 12.687095
5205.868965 12.601471
5206.347467 12.602614
5206.825969 13.002936
5207.304471 12.803817
5207.782973 12.667296
5208.261475 12.435218
5208.739977 12.362918
5209.218479 12.278841
5209.696982 12.053767
5210.175484 11.985874
5210.653986 12.025395
5211.132488 11.967344
5211.610990 11.887527
5212.089492 12.034206
5212.567994 11.995234
5213.046497 12.111983
5213.524999 12.253453
5214.003501 12.043626
5214.482003 12.015905
5214.960505 11.976078
5215.439007 12.073186
5215.917509 11.756955
5216.396012 11.707018
5216.874514 11.809170
5217.353016 12.164364
5217.831518 12.392861
5218.310020 12.477483
5218.788522 12.595819
5219.267024 12.271771
5219.745526 12.192954
5220.224029 12.521633
5220.702531 12.607630
5221.181033 12.212366
5221.659535 12.117555
5222.138037 12.114906
5222.616539 12.133949
5223.095041 12.189886
5223.573544 12.202542
5224.052046 12.295208
5224.530548 11.670156
5225.009050 11.459119
5225.487552 11.483157
5225.966054 12.020520
5226.444556 11.958790
5226.923059 11.819796
5227.401561 12.098554
5227.880063 12.077425
5228.358565 11.639488
5228.837067 12.191508
5229.315569 12.292095
5229.794071 12.562435
5230.272573 12.211870
5230.751076 11.741837
5231.229578 11.552428
5231.708080 11.835699
5232.186582 11.946412
5232.665084 11.844531
5233.143586 11.776272
5233.622088 11.766068
5234.100591 11.859715
5234.579093 12.009405
5235.057595 12.083158
5235.536097 12.034203
5236.014599 12.083949
5236.493101 12.088712
5236.971603 12.033112
5237.450106 11.956978
5237.928608 11.921315
5238.407110 12.147945
5238.885612 12.040102
5239.364114 12.066165
5239.842616 12.071744
5240.321118 12.101322
5240.799620 12.171701
5241.278123 12.410533
5241.756625 12.368764
5242.235127 12.326024
5242.713629 12.429966
5243.192131 12.429481
5243.670633 12.285475
5244.149135 12.502298
5244.627638 12.153249
5245.106140 11.570212
5245.584642 11.042430
5246.063144 11.311198
5246.541646 11.421254
5247.020148 11.598964
5247.498650 12.073598
5247.977153 12.381162
5248.455655 12.857207
5248.934157 13.516279
5249.412659 13.680802
5249.891161 13.602709
5250.369663 13.669926
5250.848165 13.186087
5251.326668 12.519846
5251.805170 12.151455
5252.283672 11.845027
5252.762174 11.781084
5253.240676 12.025705
5253.719178 12.058702
5254.197680 11.925114
5254.676182 11.716132
5255.154685 11.779811
5255.633187 11.628038
5256.111689 11.394251
5256.590191 11.204551
5257.068693 11.554887
5257.547195 11.859286
5258.025697 11.860373
5258.504200 11.920675
5258.982702 12.045561
5259.461204 11.881731
5259.939706 12.019029
5260.418208 11.763075
5260.896710 11.600110
5261.375212 11.530617
5261.853715 11.203330
5262.332217 11.267864
5262.810719 11.470902
5263.289221 11.912923
5263.767723 12.069190
5264.246225 11.965568
5264.724727 11.818259
5265.203229 11.484434
5265.681732 11.217196
5266.160234 10.960394
5266.638736 10.918365
5267.117238 11.061642
5267.595740 11.152641
5268.074242 11.347733
5268.552744 11.829578
5269.031247 11.860739
5269.509749 12.006451
5269.988251 12.017094
5270.466753 11.713082
5270.945255 11.890179
5271.423757 11.871829
5271.902259 12.041917
5272.380762 12.210090
5272.859264 12.577169
5273.337766 12.614964
5273.816268 12.553121
5274.294770 12.658340
5274.773272 12.696262
5275.251774 12.581475
5275.730276 12.397114
5276.208779 12.253087
5276.687281 12.199253
5277.165783 12.198124
5277.644285 12.236369
5278.122787 12.541032
5278.601289 12.261100
5279.079791 12.445137
5279.558294 12.473899
5280.036796 12.620286
5280.515298 12.668530
5280.993800 12.403494
5281.472302 12.636825
5281.950804 12.876155
5282.429306 12.844161
5282.907809 12.617908
5283.386311 12.377923
5283.864813 12.055719
5284.343315 12.125381
5284.821817 12.177002
5285.300319 12.308810
5285.778821 12.308370
5286.257323 12.087460
5286.735826 12.160741
5287.214328 12.172753
5287.692830 12.231265
5288.171332 11.987921
5288.649834 12.188940
5289.128336 12.250519
5289.606838 12.132922
5290.085341 12.073169
5290.563843 12.038192
5291.042345 11.990366
5291.520847 11.974583
5291.999349 12.010728
5292.477851 12.121842
5292.956353 12.204287
5293.434856 12.318015
5293.913358 12.394085
5294.391860 12.308036
5294.870362 12.262950
5295.348864 12.288254
5295.827366 12.292295
5296.305868 12.360470
5296.784370 12.310048
5297.262873 12.239228
5297.741375 12.298303
5298.219877 12.222004
5298.698379 12.022254
5299.176881 12.129749
5299.655383 12.226594
5300.133885 12.351715
5300.612388 12.313453
5301.090890 12.292953
5301.569392 12.250115
5302.047894 12.282306
5302.526396 12.158888
5303.004898 12.230037
5303.483400 12.348405
5303.961903 12.229369
5304.440405 12.228711
5304.918907 12.396660
5305.397409 12.480406
5305.875911 12.561700
5306.354413 12.589431
5306.832915 12.443600
5307.311418 12.193967
5307.789920 12.287607
5308.268422 12.359221
5308.746924 12.245739
5309.225426 12.337051
5309.703928 12.294698
5310.182430 12.409309
5310.660932 12.294149
5311.139435 12.480736
5311.617937 12.704802
5312.096439 12.799233
5312.574941 12.861403
5313.053443 12.666230
5313.531945 12.269774
5314.010447 12.245113
5314.488950 12.286112
5314.967452 12.494039
5315.445954 12.428264
5315.924456 12.544479
5316.402958 12.325278
5316.881460 12.402612
5317.359962 12.485925
5317.838465 12.445555
5318.316967 12.332014
5318.795469 12.365675
5319.273971 12.213252
5319.752473 12.173443
5320.230975 12.200797
5320.709477 12.283379
5321.187979 12.208599
5321.666482 12.320069
5322.144984 12.305327
5322.623486 12.210196
5323.101988 12.290210
5323.580490 12.262514
5324.058992 12.193815
5324.537494 12.195950
5325.015997 11.965761
5325.494499 11.887190
5325.973001 11.924049
5326.451503 12.094157
5326.930005 12.204804
5327.408507 12.037242
5327.887009 11.878593
5328.365512 11.737078
5328.844014 11.696740
5329.322516 11.932860
5329.801018 11.936838
5330.279520 11.994027
5330.758022 11.988628
5331.236524 11.814098
5331.715026 11.595320
5332.193529 11.492858
5332.672031 11.536090
5333.150533 11.478528
5333.629035 11.477937
5334.107537 11.640641
5334.586039 11.592798
5335.064541 11.492200
5335.543044 11.593153
5336.021546 11.615066
5336.500048 11.648569
5336.978550 11.693800
5337.457052 11.579439
5337.935554 11.515506
5338.414056 11.463262
5338.892559 11.483705
5339.371061 11.493983
5339.849563 11.470610
5340.328065 11.504588
5340.806567 11.313115
5341.285069 11.474835
5341.763571 11.616491
5342.242073 11.339232
5342.720576 11.438141
5343.199078 11.439045
5343.677580 11.198606
5344.156082 11.252000
5344.634584 11.313386
5345.113086 11.350125
5345.591588 11.453125
5346.070091 11.417174
5346.548593 11.364093
5347.027095 11.299598
5347.505597 11.282975
5347.984099 11.351198
5348.462601 11.221688
5348.941103 11.247308
5349.419606 11.249936
5349.898108 11.205645
5350.376610 11.109898
5350.855112 11.132806
5351.333614 11.178715
5351.812116 11.093390
5352.290618 10.960570
5352.769121 10.834288
5353.247623 10.761060
5353.726125 10.889645
5354.204627 10.973859
5354.683129 10.800757
5355.161631 10.800370
5355.640133 10.752340
5356.118635 10.828087
5356.597138 10.894953
5357.075640 10.858741
5357.554142 10.888361
5358.032644 10.913011
5358.511146 10.854190
5358.989648 10.914802
5359.468150 10.979497
5359.946653 11.091586
5360.425155 11.043742
5360.903657 10.853402
5361.382159 10.958808
5361.860661 10.931456
5362.339163 10.920750
5362.817665 10.756265
5363.296168 10.855741
5363.774670 10.959722
5364.253172 11.005691
5364.731674 11.038860
5365.210176 10.957566
5365.688678 10.954791
5366.167180 10.825041
5366.645682 10.815337
5367.124185 10.821900
5367.602687 10.758538
5368.081189 10.639906
5368.559691 10.561191
5369.038193 10.553431
5369.516695 10.692224
5369.995197 10.820922
5370.473700 10.758671
5370.952202 10.542232
5371.430704 10.664940
5371.909206 10.590663
5372.387708 10.810272
5372.866210 10.836318
5373.344712 10.595503
5373.823215 10.604486
5374.301717 10.728341
5374.780219 10.735513
5375.258721 10.701897
5375.737223 10.473523
5376.215725 10.563924
5376.694227 10.406320
5377.172729 10.303372
5377.651232 10.241857
5378.129734 10.310383
5378.608236 10.248737
5379.086738 10.264378
5379.565240 10.404199
5380.043742 10.592348
5380.522244 10.608025
5381.000747 10.706371
5381.479249 10.845526
5381.957751 10.950447
5382.436253 10.965139
5382.914755 10.864369
5383.393257 10.807774
5383.871759 10.836863
5384.350262 10.798664
5384.828764 10.918797
5385.307266 10.910609
5385.785768 10.778049
5386.264270 10.723473
5386.742772 10.703311
5387.221274 10.586579
5387.699776 10.612334
5388.178279 10.446246
5388.656781 10.280143
5389.135283 10.328979
5389.613785 10.354445
5390.092287 10.352250
5390.570789 10.420702
5391.049291 10.416851
5391.527794 10.336239
5392.006296 10.307263
5392.484798 10.323618
5392.963300 10.277537
5393.441802 10.262549
5393.920304 10.171319
5394.398806 10.275982
5394.877309 10.230337
5395.355811 10.193341
5395.834313 10.096975
5396.312815 10.255796
5396.791317 10.239950
5397.269819 10.110415
5397.748321 10.112212
5398.226823 10.170682
5398.705326 10.171210
5399.183828 10.242870
5399.662330 10.450083
5400.140832 10.423499
5400.619334 10.366327
5401.097836 10.214572
5401.576338 10.324164
5402.054841 10.224227
5402.533343 10.008759
5403.011845 9.855689
5403.490347 9.885182
5403.968849 9.892748
5404.447351 9.912097
5404.925853 9.941151
5405.404356 10.080278
5405.882858 10.161291
5406.361360 10.148325
5406.839862 10.058368
5407.318364 10.063570
5407.796866 10.121713
5408.275368 10.147393
5408.753871 10.222328
5409.232373 10.249162
5409.710875 10.042121
5410.189377 9.981833
5410.667879 9.872509
5411.146381 9.946821
5411.624883 9.821728
5412.103385 9.850296
5412.581888 9.927887
5413.060390 9.999089
5413.538892 10.057883
5414.017394 10.048168
5414.495896 10.052638
5414.974398 10.113225
5415.452900 10.175768
5415.931403 10.104354
5416.409905 10.125311
5416.888407 10.014802
5417.366909 10.096560
5417.845411 10.107443
5418.323913 10.305092
5418.802415 10.472130
5419.280918 10.380597
5419.759420 10.351888
5420.237922 10.187576
5420.716424 10.043693
5421.194926 9.889895
5421.673428 9.777796
5422.151930 10.009736
5422.630432 10.013542
5423.108935 9.954295
5423.587437 9.922259
5424.065939 10.059434
5424.544441 10.203211
5425.022943 10.050989
5425.501445 9.977267
5425.979947 10.140218
5426.458450 10.291061
5426.936952 10.241227
5427.415454 10.427628
5427.893956 10.067468
5428.372458 9.917247
5428.850960 10.410773
5429.329462 10.434118
5429.807965 10.382623
5430.286467 10.552759
5430.764969 11.152504
5431.243471 10.975174
5431.721973 10.815140
5432.200475 10.111249
5432.678977 11.001681
5433.157479 10.956887
5433.635982 10.849360
5434.114484 10.265040
5434.592986 10.510934
5435.071488 10.915966
5435.549990 9.936487
5436.028492 10.080292
5436.506994 10.930894
5436.985497 10.418905
5437.463999 10.213633
5437.942501 10.086377
5438.421003 10.728253
5438.899505 11.420252
5439.378007 11.822839
5439.856509 12.957126
5440.335012 11.360192
5440.813514 10.797521
5441.292016 10.032554
5441.770518 10.076440
5442.249020 9.561634
5442.727522 9.879164
5443.206024 10.283017
5443.684526 10.447533
5444.163029 10.578299
5444.641531 10.440867
5445.120033 10.512116
5445.598535 10.331304
5446.077037 10.459858
5446.555539 10.108959
5447.034041 9.816828
5447.512544 9.544705
5447.991046 9.598736
5448.469548 9.621324
5448.948050 9.806624
5449.426552 9.923145
5449.905054 10.156739
5450.383556 10.287199
5450.862059 10.284167
5451.340561 10.082395
5451.819063 9.789808
5452.297565 9.054584
5452.776067 8.751817
5453.254569 9.268765
5453.733071 9.436795
5454.211573 9.894721
5454.690076 9.763645
5455.168578 9.868203
5455.647080 9.903909
5456.125582 10.042839
5456.604084 9.980039
5457.082586 9.829551
5457.561088 9.758524
5458.039591 9.532985
5458.518093 9.341255
5458.996595 9.445609
5459.475097 9.522658
5459.953599 9.685566
5460.432101 9.568022
5460.910603 9.493995
5461.389106 9.618493
5461.867608 9.578676
5462.346110 9.604515
5462.824612 9.669710
5463.303114 9.677937
5463.781616 9.864405
5464.260118 9.813642
5464.738621 9.691658
5465.217123 9.587026
5465.695625 9.500280
5466.174127 9.373517
5466.652629 9.848070
5467.131131 10.043162
5467.609633 10.633501
5468.088135 10.820208
5468.566638 11.317839
5469.045140 12.484166
5469.523642 12.592713
5470.002144 12.246376
5470.480646 12.711685
5470.959148 12.333938
5471.437650 12.234870
5471.916153 12.318310
5472.394655 12.065230
5472.873157 11.655938
5473.351659 10.826093
5473.830161 10.145153
5474.308663 10.306032
5474.787165 9.090669
5475.265668 9.616938
5475.744170 10.122121
5476.222672 10.529879
5476.701174 10.087858
5477.179676 9.968769
5477.658178 9.697068
5478.136680 9.415574
5478.615182 9.227182
5479.093685 9.511216
5479.572187 9.591419
5480.050689 9.751823
5480.529191 9.769206
5481.007693 9.510628
5481.486195 9.336922
5481.964697 9.454494
5482.443200 9.364220
5482.921702 9.553752
5483.400204 9.558039
5483.878706 9.568493
5484.357208 9.342609
5484.835710 9.314273
5485.314212 9.274643
5485.792715 9.242458
5486.271217 9.329549
5486.749719 9.317382
5487.228221 9.908573
5487.706723 10.229799
5488.185225 10.004555
5488.663727 9.862502
5489.142229 9.647940
5489.620732 9.520966
5490.099234 9.443358
5490.577736 9.362050
5491.056238 9.342972
5491.534740 9.316348
5492.013242 9.563446
5492.491744 9.694423
5492.970247 10.003314
5493.448749 10.118519
5493.927251 10.436224
5494.405753 9.873726
5494.884255 9.598060
5495.362757 9.514462
5495.841259 9.293791
5496.319762 8.671507
5496.798264 8.990922
5497.276766 9.241080
5497.755268 9.761239
5498.233770 9.723156
5498.712272 9.639861
5499.190774 10.146518
5499.669276 9.965199
5500.147779 9.856635
5500.626281 9.752098
5501.104783 9.395989
5501.583285 9.103788
5502.061787 9.446492
5502.540289 9.548518
5503.018791 9.716122
5503.497294 9.918182
5503.975796 10.032754
5504.454298 10.282384
5504.932800 10.827071
5505.411302 11.883398
5505.889804 10.848147
5506.368306 10.125533
5506.846809 9.842206
5507.325311 9.600614
5507.803813 8.155312
5508.282315 8.736762
5508.760817 8.476805
5509.239319 8.626362
5509.717821 8.344724
5510.196324 8.621518
5510.674826 9.794475
5511.153328 10.211410
5511.631830 9.542802
5512.110332 9.502510
5512.588834 9.475282
5513.067336 9.667807
5513.545838 9.828749
5514.024341 9.849174
5514.502843 9.971939
5514.981345 9.928850
5515.459847 10.022195
5515.938349 10.121249
5516.416851 10.083809
5516.895353 10.509186
5517.373856 10.131277
5517.852358 9.694782
5518.330860 9.667409
5518.809362 9.977704
5519.287864 10.309447
5519.766366 10.348821
5520.244868 10.210105
5520.723371 9.102863
5521.201873 9.435898
5521.680375 9.677005
5522.158877 10.073257
5522.637379 10.050756
5523.115881 9.947021
5523.594383 10.049550
5524.072885 10.006335
5524.551388 9.930694
5525.029890 9.925038
5525.508392 9.740128
5525.986894 9.849392
5526.465396 10.261505
5526.943898 10.664929
5527.422400 10.935888
5527.900903 10.154843
5528.379405 10.478236
5528.857907 10.017710
5529.336409 9.407576
5529.814911 9.607965
5530.293413 9.758232
5530.771915 10.113401
5531.250418 10.552175
5531.728920 11.287864
5532.207422 11.240618
5532.685924 10.419949
5533.164426 9.477027
5533.642928 9.095023
5534.121430 9.330970
5534.599932 9.730388
5535.078435 9.848643
5535.556937 9.730139
5536.035439 9.780072
5536.513941 9.657983
5536.992443 9.500280
5537.470945 9.571944
5537.949447 9.809642
5538.427950 9.931970
5538.906452 9.951573
5539.384954 9.961879
5539.863456 9.870096
5540.341958 9.617279
5540.820460 9.364090
5541.298962 9.616157
5541.777465 10.138238
5542.255967 10.784524
5542.734469 10.097999
5543.212971 10.036550
5543.691473 9.647008
5544.169975 9.278666
5544.648477 8.971584
5545.126979 8.721254
5545.605482 10.018168
5546.083984 10.996901
5546.562486 10.738780
5547.040988 10.687142
5547.519490 10.311033
5547.997992 9.920982
5548.476494 9.602541
5548.954997 9.525746
5549.433499 9.667817
5549.912001 9.417467
5550.390503 9.686639
5550.869005 9.595000
5551.347507 9.743673
5551.826009 9.794619
5552.304512 10.241540
5552.783014 10.005466
5553.261516 10.118202
5553.740018 9.623403
5554.218520 9.577498
5554.697022 9.573016
5555.175524 9.450108
5555.654026 9.119089
5556.132529 9.079747
5556.611031 9.424494
5557.089533 9.415659
5557.568035 9.004478
5558.046537 9.234703
5558.525039 9.401730
5559.003541 9.454171
5559.482044 9.367375
5559.960546 9.494920
5560.439048 9.510245
5560.917550 9.502197
5561.396052 9.388613
5561.874554 9.636417
5562.353056 9.683755
5562.831559 9.734180
5563.310061 9.686769
5563.788563 9.531247
5564.267065 9.405785
5564.745567 9.465915
5565.224069 9.407868
5565.702571 9.454237
5566.181074 9.592446
5566.659576 9.434653
5567.138078 9.453850
5567.616580 9.515387
5568.095082 9.510991
5568.573584 9.436102
5569.052086 9.269275
5569.530588 9.385377
5570.009091 9.359232
5570.487593 9.485704
5570.966095 9.493126
5571.444597 9.644599
5571.923099 9.739868
5572.401601 9.421012
5572.880103 9.125340
5573.358606 9.236060
5573.837108 9.668574
5574.315610 9.192761
5574.794112 10.050334
5575.272614 10.114245
5575.751116 10.492063
5576.229618 9.913736
5576.708121 9.544624
5577.186623 9.525743
5577.665125 9.219444
5578.143627 8.904876
5578.622129 9.410323
5579.100631 9.932072
5579.579133 9.992769
5580.057635 10.075090
5580.536138 10.443094
5581.014640 9.972456
5581.493142 9.443872
5581.971644 8.031566
5582.450146 8.979712
5582.928648 9.687462
5583.407150 10.373150
5583.885653 11.059127
5584.364155 11.871010
5584.842657 11.533755
5585.321159 10.564180
5585.799661 9.702995
5586.278163 9.441726
5586.756665 9.299722
5587.235168 9.125333
5587.713670 9.273200
5588.192172 9.247027
5588.670674 9.205389
5589.149176 9.280942
5589.627678 8.968119
5590.106180 9.129627
5590.584682 9.339226
5591.063185 9.513010
5591.541687 9.350263
5592.020189 9.251762
5592.498691 9.322648
5592.977193 9.225438
5593.455695 9.129796
5593.934197 9.075741
5594.412700 9.074686
5594.891202 9.063212
5595.369704 9.239426
5595.848206 9.284421
5596.326708 9.549260
5596.805210 9.465883
5597.283712 9.369890
5597.762215 9.312170
5598.240717 9.303563
5598.719219 9.296605
5599.197721 9.292838
5599.676223 9.222726
5600.154725 9.254579
5600.633227 9.311136
5601.111729 9.098593
5601.590232 9.039909
5602.068734 9.032245
5602.547236 9.068857
5603.025738 9.191509
5603.504240 9.275620
5603.982742 9.390632
5604.461244 9.318395
5604.939747 9.237541
5605.418249 9.169754
5605.896751 9.284417
5606.375253 9.305937
5606.853755 9.342549
5607.332257 9.313538
5607.810759 9.374924
5608.289262 9.089997
5608.767764 9.054267
5609.246266 9.130732
5609.724768 9.281646
5610.203270 9.274636
5610.681772 9.319510
5611.160274 9.507463
5611.638777 9.686354
5612.117279 9.664754
5612.595781 9.601440
5613.074283 9.577269
5613.552785 9.180566
5614.031287 9.052223
5614.509789 9.106666
5614.988291 9.356264
5615.466794 9.662594
5615.945296 9.822059
5616.423798 9.443450
5616.902300 9.408895
5617.380802 9.260858
5617.859304 9.319598
5618.337806 9.322483
5618.816309 9.242290
5619.294811 9.090064
5619.773313 9.287773
5620.251815 9.292317
5620.730317 9.240587
5621.208819 9.277147
5621.687321 9.280422
5622.165824 9.268069
5622.644326 9.355532
5623.122828 9.506084
5623.601330 9.347583
5624.079832 9.231762
5624.558334 9.308740
5625.036836 9.151263
5625.515338 9.146497
5625.993841 9.169064
5626.472343 9.076620
5626.950845 9.291245
5627.429347 9.212473
5627.907849 9.348406
5628.386351 9.396260
5628.864853 9.186468
5629.343356 9.202462
5629.821858 9.258997
5630.300360 9.272624
5630.778862 9.234506
5631.257364 9.162529
5631.735866 9.200102
5632.214368 9.322226
5632.692871 9.426928
5633.171373 9.304023
5633.649875 9.327854
5634.128377 9.394206
5634.606879 9.230197
5635.085381 9.115505
5635.563883 9.209282
5636.042385 9.237960
5636.520888 9.185195
5636.999390 9.154527
5637.477892 9.081386
5637.956394 9.239528
5638.434896 9.383949
5638.913398 9.382602
5639.391900 9.484863
5639.870403 9.606147
5640.348905 9.499344
5640.827407 9.222036
5641.305909 9.088009
5641.784411 9.192592
5642.262913 9.153897
5642.741415 9.316359
5643.219918 9.395958
5643.698420 9.184974
5644.176922 9.081098
5644.655424 9.364516
5645.133926 9.371807
5645.612428 9.380414
5646.090930 9.480917
5646.569432 9.750747
5647.047935 9.453815
5647.526437 9.459971
5648.004939 9.356549
5648.483441 8.861651
5648.961943 8.588075
5649.440445 8.397685
5649.918947 8.291294
5650.397450 9.267738
5650.875952 9.316753
5651.354454 9.460913
5651.832956 9.531898
5652.311458 9.315511
5652.789960 9.100756
5653.268462 8.537203
5653.746965 8.967166
5654.225467 9.195258
5654.703969 9.252518
5655.182471 9.269504
5655.660973 9.331287
5656.139475 9.596302
5656.617977 9.479876
5657.096479 9.314632
5657.574982 9.080021
5658.053484 8.924253
5658.531986 8.992326
5659.010488 8.939076
5659.488990 8.983180
5659.967492 9.561163
5660.445994 9.019009
5660.924497 9.484466
5661.402999 9.424181
5661.881501 8.812917
5662.360003 8.835590
5662.838505 9.096286
5663.317007 9.303119
5663.795509 9.202061
5664.274012 9.331304
5664.752514 9.389405
5665.231016 9.430119
5665.709518 9.178160
5666.188020 9.143908
5666.666522 9.208589
5667.145024 9.320815
5667.623527 9.679235
5668.102029 9.487424
5668.580531 9.668517
5669.059033 9.371125
5669.537535 9.647511
5670.016037 9.756020
5670.494539 10.020282
5670.973041 9.204506
5671.451544 8.894563
5671.930046 9.245976
5672.408548 9.827926
5672.887050 9.619260
5673.365552 9.834908
5673.844054 10.118069
5674.322556 9.680969
5674.801059 9.039730
5675.279561 9.011984
5675.758063 9.232237
5676.236565 9.367790
5676.715067 9.477860
5677.193569 9.396225
5677.672071 9.230478
5678.150574 9.147154
5678.629076 9.228121
5679.107578 9.321202
5679.586080 9.383749
5680.064582 9.488444
5680.543084 9.856505
5681.021586 9.255867
5681.500088 8.948210
5681.978591 8.702499
5682.457093 9.130042
5682.935595 9.489886
5683.414097 9.691095
5683.892599 9.218983
5684.371101 9.349679
5684.849603 9.280478
5685.328106 9.599158
5685.806608 9.629400
5686.285110 9.708482
5686.763612 9.530723
5687.242114 9.377586
5687.720616 9.436323
5688.199118 9.562243
5688.677621 9.441325
5689.156123 9.356788
5689.634625 9.335993
5690.113127 9.232494
5690.591629 9.105326
5691.070131 9.190088
5691.548633 9.139729
5692.027135 9.051309
5692.505638 9.045322
5692.984140 9.197854
5693.462642 9.360907
5693.941144 9.368195
5694.419646 9.438859
5694.898148 9.353267
5695.376650 9.454786
5695.855153 9.486903
5696.333655 9.429053
5696.812157 9.492289
5697.290659 9.299465
5697.769161 9.258058
5698.247663 9.346324
5698.726165 9.327530
5699.204668 9.333285
5699.683170 9.311459
5700.161672 9.419493
5700.640174 9.394526
5701.118676 9.333264
5701.597178 9.285684
5702.075680 9.189149
5702.554182 9.227024
5703.032685 9.234287
5703.511187 9.233999
5703.989689 9.426239
5704.468191 9.457716
5704.946693 9.518374
5705.425195 9.674708
5705.903697 9.401448
5706.382200 9.420491
5706.860702 9.359074
5707.339204 9.255054
5707.817706 8.938372
5708.296208 9.004756
5708.774710 9.192163
5709.253212 9.465018
5709.731715 9.528581
5710.210217 9.673304
5710.688719 10.115487
5711.167221 10.127028
5711.645723 9.729854
5712.124225 9.809607
5712.602727 9.184815
5713.081229 8.751032
5713.559732 9.083908
5714.038234 8.942248
5714.516736 9.130869
5714.995238 8.759147
5715.473740 8.494269
5715.952242 9.099191
5716.430744 8.941545
5716.909247 9.625795
5717.387749 9.343401
5717.866251 9.452985
5718.344753 10.029849
5718.823255 9.671454
5719.301757 9.143679
5719.780259 8.772453
5720.258762 9.060584
5720.737264 9.390418
5721.215766 9.554339
5721.694268 9.477621
5722.172770 9.613319
5722.651272 9.738130
5723.129774 9.582788
5723.608277 9.350872
5724.086779 9.313679
5724.565281 9.264889
5725.043783 9.255237
5725.522285 9.402736
5726.000787 9.445609
5726.479289 9.595429
5726.957791 9.303647
5727.436294 8.939934
5727.914796 9.049037
5728.393298 9.162515
5728.871800 9.302332
5729.350302 9.392271
5729.828804 9.301709
5730.307306 9.225448
5730.785809 9.257573
5731.264311 9.268751
5731.742813 9.171984
5732.221315 9.296373
5732.699817 9.430629
5733.178319 9.458311
5733.656821 9.694479
5734.135324 9.685225
5734.613826 9.463460
5735.092328 9.406306
5735.570830 9.255490
5736.049332 9.284959
5736.527834 9.373390
5737.006336 9.679597
5737.484838 9.449211
5737.963341 9.095157
5738.441843 8.987148
5738.920345 9.111959
5739.398847 9.391512
5739.877349 9.439257
5740.355851 9.333137
5740.834353 9.218593
5741.312856 9.104696
5741.791358 9.255385
5742.269860 9.084904
5742.748362 9.163570
5743.226864 9.166349
5743.705366 9.228072
5744.183868 9.286894
5744.662371 9.373464
5745.140873 9.666773
5745.619375 9.757662
5746.097877 9.963557
5746.576379 9.506253
5747.054881 9.111534
5747.533383 8.866343
5748.011885 8.865263
5748.490388 8.619865
5748.968890 8.633804
5749.447392 8.621529
5749.925894 9.032016
5750.404396 9.166585
5750.882898 9.283464
5751.361400 9.404199
5751.839903 9.391030
5752.318405 9.366770
5752.796907 9.036652
5753.275409 9.043265
5753.753911 9.183007
5754.232413 9.234664
5754.710915 9.334034
5755.189418 9.257404
5755.667920 9.206395
5756.146422 9.403414
5756.624924 9.647504
5757.103426 9.756684
5757.581928 9.971383
5758.060430 10.739220
5758.538932 10.985740
5759.017435 10.818780
5759.495937 10.333446
5759.974439 9.118825
5760.452941 7.775799
5760.931443 7.535634
5761.409945 6.971676
5761.888447 6.442568
5762.366950 7.259846
5762.845452 7.941106
5763.323954 8.811999
5763.802456 9.082515
5764.280958 9.052209
5764.759460 9.161126
5765.237962 9.281575
5765.716465 9.226261
5766.194967 9.199166
5766.673469 9.161161
5767.151971 9.116835
5767.630473 9.350678
5768.108975 9.216606
5768.587477 9.204871
5769.065980 9.354491
5769.544482 9.492612
5770.022984 9.580762
5770.501486 9.945832
5770.979988 9.990422
5771.458490 10.116905
5771.936992 9.937876
5772.415494 9.837549
5772.893997 9.988017
5773.372499 10.054622
5773.851001 9.906670
5774.329503 9.981330
5774.808005 9.856251
5775.286507 9.853290
5775.765009 9.786558
5776.243512 9.476450
5776.722014 9.311157
5777.200516 9.313042
5777.679018 9.496506
5778.157520 9.610114
5778.636022 9.400773
5779.114524 9.168069
5779.593027 9.098238
5780.071529 9.322303
5780.550031 9.361769
5781.028533 9.482918
5781.507035 9.826726
5781.985537 10.132599
5782.464039 10.376397
5782.942541 10.961822
5783.421044 11.381061
5783.899546 11.112599
5784.378048 10.499080
5784.856550 9.681968
5785.335052 9.521771
5785.813554 8.664888
5786.292056 9.076237
5786.770559 8.583488
5787.249061 7.896435
5787.727563 8.470731
5788.206065 8.824138
5788.684567 9.211118
5789.163069 9.175740
5789.641571 9.159895
5790.120074 9.163795
5790.598576 9.242318
5791.077078 9.356229
5791.555580 9.315079
5792.034082 9.350295
5792.512584 9.505384
5792.991086 9.506784
5793.469588 9.567536
5793.948091 9.803832
5794.426593 9.720462
5794.905095 9.635637
5795.383597 9.601993
5795.862099 9.551704
5796.340601 9.636906
5796.819103 9.393664
5797.297606 9.861183
5797.776108 10.392953
5798.254610 10.847584
5798.733112 10.859455
5799.211614 11.735555
5799.690116 11.227572
5800.168618 12.118694
5800.647121 12.222014
5801.125623 12.691334
5801.604125 13.077839
5802.082627 13.017509
5802.561129 12.683894
5803.039631 11.473410
5803.518133 10.435922
5803.996635 8.911063
5804.475138 7.891338
5804.953640 8.121175
5805.432142 8.722175
5805.910644 9.041028
5806.389146 9.530899
5806.867648 10.548788
5807.346150 11.077006
5807.824653 10.877784
5808.303155 11.850616
5808.781657 11.807306
5809.260159 11.769392
5809.738661 10.438004
5810.217163 10.684247
5810.695665 10.450639
5811.174168 9.519425
5811.652670 8.637666
5812.131172 9.107172
5812.609674 9.526583
5813.088176 8.862892
5813.566678 9.066219
5814.045180 8.899533
5814.523682 8.947127
5815.002185 8.937725
5815.480687 9.369204
5815.959189 9.860894
5816.437691 10.206612
5816.916193 10.633153
5817.394695 10.393731
5817.873197 10.361642
5818.351700 10.459594
5818.830202 10.101111
5819.308704 9.625742
5819.787206 9.468131
5820.265708 9.856691
5820.744210 9.858098
5821.222712 10.034626
5821.701215 9.755777
5822.179717 9.723118
5822.658219 9.589893
5823.136721 9.665781
5823.615223 9.548876
5824.093725 9.593839
5824.572227 9.370632
5825.050730 9.286665
5825.529232 9.539482
5826.007734 9.585503
5826.486236 9.598366
5826.964738 9.712724
5827.443240 10.198987
5827.921742 10.214009
5828.400244 10.166932
5828.878747 10.189391
5829.357249 10.038853
5829.835751 9.911678
5830.314253 9.998094
5830.792755 10.045167
5831.271257 9.995772
5831.749759 10.034756
5832.228262 10.141579
5832.706764 10.247221
5833.185266 10.375001
5833.663768 10.075498
5834.142270 9.865752
5834.620772 9.746811
5835.099274 9.709270
5835.577777 9.620719
5836.056279 9.796702
5836.534781 9.894239
5837.013283 9.829579
5837.491785 10.071481
5837.970287 10.240689
5838.448789 10.383668
5838.927291 11.123629
5839.405794 12.131258
5839.884296 12.407508
5840.362798 12.615168
5840.841300 11.212275
5841.319802 11.299608
5841.798304 10.534581
5842.276806 9.184456
5842.755309 11.414972
5843.233811 10.397044
5843.712313 10.973838
5844.190815 10.436942
5844.669317 10.716885
5845.147819 8.563696
5845.626321 9.864763
5846.104824 10.213753
5846.583326 10.840046
5847.061828 11.070341
5847.540330 11.821773
5848.018832 11.460227
5848.497334 11.316721
5848.975836 10.407976
5849.454338 10.859498
5849.932841 10.693719
5850.411343 10.623540
5850.889845 10.075100
5851.368347 9.019339
5851.846849 9.036779
5852.325351 9.223602
5852.803853 9.516334
5853.282356 9.991365
5853.760858 10.398595
5854.239360 10.643712
5854.717862 10.723051
5855.196364 10.700342
5855.674866 10.636382
5856.153368 10.576104
5856.631871 10.619143
5857.110373 10.758334
5857.588875 10.961252
5858.067377 11.071924
5858.545879 11.198177
5859.024381 11.260372
5859.502883 11.263151
5859.981385 11.432158
5860.459888 10.986310
5860.938390 11.156535
5861.416892 10.986968
5861.895394 10.799987
5862.373896 10.988558
5862.852398 10.814408
5863.330900 10.678418
5863.809403 10.971551
5864.287905 10.810331
5864.766407 10.717701
5865.244909 10.670216
5865.723411 10.705611
5866.201913 11.005818
5866.680415 11.009314
5867.158918 11.172085
5867.637420 11.354723
5868.115922 11.704865
5868.594424 11.764306
5869.072926 11.847834
5869.551428 11.930605
5870.029930 11.525415
5870.508433 10.977802
5870.986935 11.079426
5871.465437 11.092947
5871.943939 10.541117
5872.422441 10.839969
5872.900943 10.879976
5873.379445 10.834408
5873.857947 11.010689
5874.336450 11.488771
5874.814952 11.511015
5875.293454 11.403122
5875.771956 11.689632
5876.250458 11.738066
5876.728960 11.415176
5877.207462 10.582830
5877.685965 10.488015
5878.164467 11.004537
5878.642969 11.445408
5879.121471 11.962786
5879.599973 12.071322
5880.078475 12.825691
5880.556977 13.013306
5881.035480 13.264786
5881.513982 13.193414
5881.992484 12.907967
5882.470986 11.389450
5882.949488 11.259507
5883.427990 11.076567
5883.906492 9.115224
5884.384994 8.488997
5884.863497 8.862347
5885.341999 8.926884
5885.820501 9.156761
5886.299003 9.692098
5886.777505 11.311272
5887.256007 11.687715
5887.734509 11.577019
5888.213012 11.177017
5888.691514 11.373456
5889.170016 11.575460
5889.648518 11.780577
5890.127020 11.603174
5890.605522 11.664067
5891.084024 11.618446
5891.562527 11.879251
5892.041029 11.670761
5892.519531 11.704004
5892.998033 11.903060
5893.476535 11.790215
5893.955037 11.573090
5894.433539 11.217804
5894.912041 10.847450
5895.390544 10.770043
5895.869046 10.350643
5896.347548 10.764046
5896.826050 10.456070
5897.304552 10.003247
5897.783054 9.050982
5898.261556 10.048558
5898.740059 10.441033
5899.218561 10.554173
5899.697063 10.588785
5900.175565 10.820964
5900.654067 10.635587
5901.132569 10.675446
5901.611071 10.569601
5902.089574 10.581205
5902.568076 10.967661
5903.046578 11.756793
5903.525080 11.891632
5904.003582 12.125606
5904.482084 12.718003
5904.960586 12.041449
5905.439088 11.754661
5905.917591 12.463663
5906.396093 11.744904
5906.874595 10.772403
5907.353097 9.722365
5907.831599 9.938717
5908.310101 7.912819
5908.788603 6.186315
5909.267106 5.895039
5909.745608 6.609809
5910.224110 8.019424
5910.702612 9.187601
5911.181114 10.956321
5911.659616 11.513114
5912.138118 11.101185
5912.616621 11.536417
5913.095123 11.142282
5913.573625 10.761221
5914.052127 10.182856
5914.530629 10.012297
5915.009131 10.472503
5915.487633 10.340228
5915.966135 10.634796
5916.444638 10.736652
5916.923140 10.935934
5917.401642 10.969975
5917.880144 10.747022
5918.358646 10.677708
5918.837148 10.915533
5919.315650 10.796684
5919.794153 10.765506
5920.272655 10.932571
5920.751157 11.507444
5921.229659 11.383312
5921.708161 11.249412
5922.186663 11.266014
5922.665165 11.470069
5923.143668 11.681619
5923.622170 11.602288
5924.100672 11.505369
5924.579174 10.621475
5925.057676 9.719678
5925.536178 10.040528
5926.014680 9.413235
5926.493183 9.067661
5926.971685 9.741479
5927.450187 10.272782
5927.928689 10.934900
5928.407191 10.101903
5928.885693 9.660350
5929.364195 9.931956
5929.842697 10.421054
5930.321200 11.142317
5930.799702 11.569439
5931.278204 11.831766
5931.756706 12.985902
5932.235208 12.337631
5932.713710 12.059739
5933.192212 12.614788
5933.670715 13.875926
5934.149217 13.726958
5934.627719 12.247153
5935.106221 11.432235
5935.584723 11.068128
5936.063225 8.371431
5936.541727 7.315769
5937.020230 5.530492
5937.498732 6.110427
5937.977234 6.387971
5938.455736 9.311318
5938.934238 9.380481
5939.412740 9.491786
5939.891242 10.542749
5940.369744 10.478581
5940.848247 10.336390
5941.326749 10.446070
5941.805251 11.644250
5942.283753 11.024822
5942.762255 11.226981
5943.240757 11.260277
5943.719259 10.692006
5944.197762 11.072191
5944.676264 11.734471
5945.154766 11.978568
5945.633268 10.190707
5946.111770 9.114362
5946.590272 8.338336
5947.068774 8.890085
5947.547277 7.999466
5948.025779 7.316099
5948.504281 7.358238
5948.982783 9.155322
5949.461285 9.548236
5949.939787 10.363798
5950.418289 9.943606
5950.896791 10.596628
5951.375294 10.410340
5951.853796 11.161016
5952.332298 11.839933
5952.810800 12.160692
5953.289302 12.185254
5953.767804 11.321620
5954.246306 12.616554
5954.724809 11.214392
5955.203311 11.044787
5955.681813 11.918456
5956.160315 12.466421
5956.638817 13.547299
5957.117319 12.582231
5957.595821 11.714380
5958.074324 11.245982
5958.552826 10.221565
5959.031328 9.354336
5959.509830 7.495627
5959.988332 6.570362
5960.466834 6.631005
5960.945336 7.756963
5961.423838 8.744982
5961.902341 9.519890
5962.380843 10.602425
5962.859345 11.131618
5963.337847 11.778921
5963.816349 10.812899
5964.294851 10.888699
5964.773353 10.869388
5965.251856 11.535411
5965.730358 12.305384
5966.208860 12.506593
5966.687362 10.563797
5967.165864 9.254678
5967.644366 8.836829
5968.122868 8.808862
5968.601371 8.922182
5969.079873 8.915727
5969.558375 9.159638
5970.036877 8.968035
5970.515379 9.360713
5970.993881 8.877848
5971.472383 8.938573
5971.950886 8.951250
5972.429388 9.448198
5972.907890 9.943898
5973.386392 9.784345
5973.864894 9.661686
5974.343396 10.415841
5974.821898 9.980637
5975.300400 10.090598
5975.778903 10.310706
5976.257405 9.880764
5976.735907 10.107070
5977.214409 10.158297
5977.692911 10.094639
5978.171413 9.848014
5978.649915 10.185476
5979.128418 10.343267
5979.606920 10.349155
5980.085422 10.491638
5980.563924 10.402946
5981.042426 9.789491
5981.520928 9.600976
5981.999430 10.071537
5982.477933 10.293619
5982.956435 10.257298
5983.434937 10.349925
5983.913439 10.060514
5984.391941 9.823336
5984.870443 9.860349
5985.348945 9.925927
5985.827447 10.266007
5986.305950 10.362612
5986.784452 10.291061
5987.262954 10.305071
5987.741456 10.119004
5988.219958 10.184625
5988.698460 9.696217
5989.176962 10.078006
5989.655465 9.850233
5990.133967 9.238477
5990.612469 8.798753
5991.090971 8.865538
5991.569473 10.045354
5992.047975 10.793131
5992.526477 11.263893
5993.004980 11.057334
5993.483482 11.426453
5993.961984 11.380037
5994.440486 11.316070
5994.918988 10.962417
5995.397490 10.937200
5995.875992 10.919775
5996.354494 10.517125
5996.832997 11.313516
5997.311499 12.649420
5997.790001 12.734485
5998.268503 12.200773
5998.747005 13.421672
5999.225507 14.202594
5999.704009 15.560689
6000.182512 14.569564
6000.661014 14.642329
6001.139516 14.430135
6001.618018 11.601549
6002.096520 9.472310
6002.575022 9.065495
6003.053524 7.651691
6003.532027 5.400102
6004.010529 5.178640
6004.489031 3.849971
6004.967533 3.862187
6005.446035 7.261886
6005.924537 8.204284
6006.403039 9.103307
6006.881541 9.602383
6007.360044 9.686864
6007.838546 9.669713
6008.317048 8.702837
6008.795550 7.021345
6009.274052 6.461294
6009.752554 4.945053
6010.231056 5.116027
6010.709559 6.692113
6011.188061 10.126852
6011.666563 11.088069
6012.145065 11.420385
6012.623567 12.035589
6013.102069 11.435401
6013.580571 10.077819
6014.059074 9.116071
6014.537576 9.001773
6015.016078 9.953272
6015.494580 10.820979
6015.973082 11.239929
6016.451584 12.009314
6016.930086 11.967214
6017.408588 11.695520
6017.887091 10.658197
6018.365593 8.984879
6018.844095 8.523175
6019.322597 7.522247
6019.801099 9.423013
6020.279601 10.160394
6020.758103 10.812860
6021.236606 10.942663
6021.715108 11.211804
6022.193610 10.210404
6022.672112 10.217024
