1837.442922 48.693498
1837.859050 62.259069
1838.275178 57.956220
1838.691306 58.652699
1839.107434 62.198248
1839.523562 58.066058
1839.939690 69.039857
1840.355818 61.792373
1840.771946 41.698030
1841.188074 52.797647
1841.604202 67.621748
1842.020330 65.950077
1842.436458 60.783199
1842.852586 51.651405
1843.268714 67.029491
1843.684841 55.177285
1844.100969 60.174343
1844.517097 45.805049
1844.933225 50.961458
1845.349353 57.506695
1845.765481 60.308094
1846.181609 59.233104
1846.597737 58.595959
1847.013865 59.778250
1847.429993 59.274207
1847.846121 55.325909
1848.262249 55.834129
1848.678377 57.889478
1849.094505 61.018721
1849.510633 55.689909
1849.926761 65.285797
1850.342889 65.132605
1850.759017 63.963100
1851.175145 61.459293
1851.591273 60.750162
1852.007401 63.501304
1852.423529 47.945123
1852.839657 59.075689
1853.255785 63.446767
1853.671913 53.859203
1854.088041 55.202981
1854.504169 56.328446
1854.920297 51.063525
1855.336424 58.964163
1855.752552 69.897879
1856.168680 58.887687
1856.584808 59.563838
1857.000936 58.752640
1857.417064 61.250611
1857.833192 52.603057
1858.249320 64.352633
1858.665448 60.913050
1859.081576 61.734155
1859.497704 67.397877
1859.913832 61.040441
1860.329960 56.038644
1860.746088 62.588763
1861.162216 63.483951
1861.578344 67.741988
1861.994472 62.797884
1862.410600 61.618720
1862.826728 61.478610
1863.242856 53.413120
1863.658984 53.124100
1864.075112 52.149918
1864.491240 56.187907
1864.907368 54.123214
1865.323496 52.552657
1865.739624 53.960993
1866.155752 53.354511
1866.571880 56.735113
1866.988007 56.847125
1867.404135 56.118324
1867.820263 56.353036
1868.236391 46.859959
1868.652519 50.058271
1869.068647 55.961767
1869.484775 55.757709
1869.900903 51.579029
1870.317031 52.591186
1870.733159 56.291262
1871.149287 53.465589
1871.565415 53.667130
1871.981543 56.185161
1872.397671 55.913875
1872.813799 52.203712
1873.229927 51.419116
1873.646055 53.197887
1874.062183 58.886037
1874.478311 53.611276
1874.894439 50.123382
1875.310567 54.445739
1875.726695 51.502238
1876.142823 52.544686
1876.558951 56.062357
1876.975079 58.364079
1877.391207 57.857681
1877.807335 58.914460
1878.223463 57.467308
1878.639590 60.804967
1879.055718 54.429558
1879.471846 55.220810
1879.887974 54.266976
1880.304102 56.061794
1880.720230 57.134582
1881.136358 51.280550
1881.552486 56.445006
1881.968614 59.725248
1882.384742 61.211910
1882.800870 61.081421
1883.216998 61.586446
1883.633126 62.082117
1884.049254 62.503248
1884.465382 69.076603
1884.881510 69.159811
1885.297638 64.630498
1885.713766 68.724855
1886.129894 69.870610
1886.546022 69.072227
1886.962150 68.127946
1887.378278 70.773712
1887.794406 69.475185
1888.210534 65.421988
1888.626662 70.917855
1889.042790 75.689173
1889.458918 78.675341
1889.875046 78.004539
1890.291173 80.847899
1890.707301 82.957138
1891.123429 82.379422
1891.539557 77.968346
1891.955685 87.461833
1892.371813 88.679212
1892.787941 76.956999
1893.204069 79.143325
1893.620197 83.429155
1894.036325 74.419212
1894.452453 77.671384
1894.868581 80.439096
1895.284709 81.276600
1895.700837 83.503495
1896.116965 83.438336
1896.533093 82.247902
1896.949221 76.781850
1897.365349 79.871858
1897.781477 75.244025
1898.197605 78.545901
1898.613733 82.047095
1899.029861 84.744977
1899.445989 83.407740
1899.862117 79.651363
1900.278245 83.323207
1900.694373 86.503898
1901.110501 87.298907
1901.526629 88.913399
1901.942757 87.767043
1902.358884 91.263880
1902.775012 94.010760
1903.191140 94.419181
1903.607268 98.318109
1904.023396 101.351464
1904.439524 108.765821
1904.855652 116.626653
1905.271780 117.978945
1905.687908 118.840953
1906.104036 120.840811
1906.520164 127.930185
1906.936292 129.843212
1907.352420 132.074856
1907.768548 131.436042
1908.184676 135.474565
1908.600804 129.913720
1909.016932 131.877424
1909.433060 125.206827
1909.849188 114.366196
1910.265316 109.011135
1910.681444 109.896274
1911.097572 102.829211
1911.513700 98.048349
1911.929828 103.111195
1912.345956 99.000992
1912.762084 96.016940
1913.178212 94.307999
1913.594340 92.145291
1914.010467 90.498801
1914.426595 85.831418
1914.842723 85.702740
1915.258851 90.918702
1915.674979 84.351601
1916.091107 77.609876
1916.507235 78.440773
1916.923363 75.535229
1917.339491 74.435306
1917.755619 73.079705
1918.171747 70.838766
1918.587875 69.978913
1919.004003 73.405557
1919.420131 68.104205
1919.836259 65.618056
1920.252387 63.762484
1920.668515 66.366431
1921.084643 69.388716
1921.500771 66.534277
1921.916899 64.037650
1922.333027 64.829903
1922.749155 62.073765
1923.165283 62.905434
1923.581411 57.700065
1923.997539 60.166029
1924.413667 59.574402
1924.829795 61.303880
1925.245923 57.576355
1925.662050 59.849721
1926.078178 58.675448
1926.494306 57.621224
1926.910434 57.927559
1927.326562 60.796243
1927.742690 54.958792
1928.158818 55.059944
1928.574946 55.527851
1928.991074 50.791038
1929.407202 52.651435
1929.823330 52.182851
1930.239458 54.114271
1930.655586 53.442772
1931.071714 52.816478
1931.487842 50.438308
1931.903970 48.715551
1932.320098 46.447600
1932.736226 46.450985
1933.152354 49.566661
1933.568482 50.044236
1933.984610 49.385657
1934.400738 49.752803
1934.816866 46.387247
1935.232994 47.634430
1935.649122 48.156236
1936.065250 45.989447
1936.481378 45.609610
1936.897506 45.141770
1937.313633 42.882524
1937.729761 43.034524
1938.145889 48.843495
1938.562017 44.238974
1938.978145 45.693133
1939.394273 45.268551
1939.810401 42.535486
1940.226529 44.037328
1940.642657 43.743836
1941.058785 44.924306
1941.474913 46.967280
1941.891041 43.901337
1942.307169 43.217882
1942.723297 41.513642
1943.139425 41.694426
1943.555553 47.669127
1943.971681 42.126655
1944.387809 40.265667
1944.803937 43.258128
1945.220065 45.714748
1945.636193 42.703637
1946.052321 43.005300
1946.468449 45.173587
1946.884577 42.762103
1947.300705 46.052995
1947.716833 44.877825
1948.132961 45.329819
1948.549089 44.548722
1948.965217 41.958952
1949.381344 43.206508
1949.797472 41.284479
1950.213600 42.459563
1950.629728 44.130957
1951.045856 43.813619
1951.461984 43.123262
1951.878112 43.809042
1952.294240 43.468383
1952.710368 42.560057
1953.126496 40.305454
1953.542624 40.680819
1953.958752 40.684852
1954.374880 40.627540
1954.791008 42.728027
1955.207136 42.450448
1955.623264 43.060067
1956.039392 40.362595
1956.455520 40.308963
1956.871648 41.668444
1957.287776 39.565107
1957.703904 41.091329
1958.120032 41.152521
1958.536160 40.879243
1958.952288 40.073946
1959.368416 40.695302
1959.784544 40.775793
1960.200672 38.281321
1960.616800 38.002092
1961.032927 39.560235
1961.449055 38.473375
1961.865183 40.187798
1962.281311 41.460430
1962.697439 42.134960
1963.113567 39.180427
1963.529695 39.527198
1963.945823 40.174936
1964.361951 41.627007
1964.778079 36.817083
1965.194207 37.960207
1965.610335 37.238071
1966.026463 38.491767
1966.442591 38.141668
1966.858719 38.279137
1967.274847 37.863842
1967.690975 39.378822
1968.107103 39.379966
1968.523231 40.206314
1968.939359 40.238408
1969.355487 38.880366
1969.771615 37.853544
1970.187743 38.317295
1970.603871 37.180721
1971.019999 40.240906
1971.436127 39.310984
1971.852255 39.855043
1972.268383 38.793707
1972.684510 39.859572
1973.100638 39.111216
1973.516766 39.554305
1973.932894 40.569256
1974.349022 39.558042
1974.765150 40.363882
1975.181278 37.037388
1975.597406 38.697799
1976.013534 39.197036
1976.429662 37.088055
1976.845790 38.283123
1977.261918 37.871393
1977.678046 38.544035
1978.094174 38.175068
1978.510302 40.512945
1978.926430 37.973117
1979.342558 37.903963
1979.758686 39.837404
1980.174814 37.450272
1980.590942 40.222447
1981.007070 36.603729
1981.423198 36.637262
1981.839326 37.402189
1982.255454 38.510760
1982.671582 38.473642
1983.087710 39.220081
1983.503838 37.606619
1983.919966 35.945599
1984.336093 37.593147
1984.752221 38.302287
1985.168349 38.600508
1985.584477 40.366962
1986.000605 39.336126
1986.416733 38.978038
1986.832861 39.004124
1987.248989 38.429630
1987.665117 39.348044
1988.081245 34.606531
1988.497373 38.669710
1988.913501 37.421992
1989.329629 38.384809
1989.745757 39.797779
1990.161885 36.662605
1990.578013 36.408090
1990.994141 39.304462
1991.410269 38.003675
1991.826397 37.544797
1992.242525 34.379428
1992.658653 37.635757
1993.074781 35.654833
1993.490909 38.061578
1993.907037 40.052246
1994.323165 39.172123
1994.739293 39.029000
1995.155421 38.610300
1995.571549 35.131159
1995.987676 36.950433
1996.403804 36.699523
1996.819932 37.371497
1997.236060 37.318314
1997.652188 37.912315
1998.068316 40.228596
1998.484444 38.685833
1998.900572 38.145263
1999.316700 40.013164
1999.732828 38.983358
2000.148956 39.239837
2000.565084 40.162818
2000.981212 40.038564
2001.397340 37.683029
2001.813468 39.273818
2002.229596 35.519500
2002.645724 38.660957
2003.061852 40.140211
2003.477980 36.869924
2003.894108 37.445152
2004.310236 39.160014
2004.726364 40.275754
2005.142492 38.380613
2005.558620 41.536525
2005.974748 39.892724
2006.390876 37.765598
2006.807004 39.881311
2007.223132 39.843039
2007.639260 39.024795
2008.055387 39.741325
2008.471515 38.669119
2008.887643 37.644338
2009.303771 38.178710
2009.719899 37.373795
2010.136027 38.939652
2010.552155 38.753948
2010.968283 38.053436
2011.384411 38.144166
2011.800539 38.764273
2012.216667 37.709192
2012.632795 36.904086
2013.048923 37.231759
2013.465051 37.875283
2013.881179 39.831636
2014.297307 37.656513
2014.713435 40.125862
2015.129563 40.127826
2015.545691 39.616975
2015.961819 39.829824
2016.377947 38.263749
2016.794075 40.135768
2017.210203 38.217525
2017.626331 38.487562
2018.042459 38.131810
2018.458587 38.687263
2018.874715 38.145597
2019.290843 38.952981
2019.706970 41.072212
2020.123098 38.735107
2020.539226 38.729568
2020.955354 37.648981
2021.371482 37.264291
2021.787610 37.902190
2022.203738 39.037791
2022.619866 39.084424
2023.035994 36.676525
2023.452122 38.315788
2023.868250 39.013420
2024.284378 39.330243
2024.700506 40.099032
2025.116634 39.063591
2025.532762 38.622876
2025.948890 38.608088
2026.365018 37.402284
2026.781146 36.264452
2027.197274 34.905276
2027.613402 37.727879
2028.029530 36.022342
2028.445658 37.201907
2028.861786 37.640266
2029.277914 38.924234
2029.694042 37.064590
2030.110170 37.448880
2030.526298 35.741483
2030.942426 36.849672
2031.358553 38.910886
2031.774681 37.014820
2032.190809 37.026652
2032.606937 37.308055
2033.023065 38.001797
2033.439193 37.749990
2033.855321 41.329025
2034.271449 39.103360
2034.687577 36.951349
2035.103705 36.954266
2035.519833 37.146473
2035.935961 36.821832
2036.352089 35.598313
2036.768217 37.369438
2037.184345 37.783532
2037.600473 39.841475
2038.016601 36.822652
2038.432729 37.636233
2038.848857 37.514744
2039.264985 37.073972
2039.681113 37.202717
2040.097241 34.329848
2040.513369 34.930600
2040.929497 36.309789
2041.345625 37.004628
2041.761753 36.934434
2042.177881 35.994225
2042.594009 36.487684
2043.010136 36.469626
2043.426264 35.372392
2043.842392 34.833538
2044.258520 36.396868
2044.674648 35.133504
2045.090776 36.551756
2045.506904 35.517803
2045.923032 37.629817
2046.339160 36.923241
2046.755288 35.613663
2047.171416 36.355479
2047.587544 38.749895
2048.003672 37.544149
2048.419800 37.457118
2048.835928 34.618573
2049.252056 35.067058
2049.668184 35.827246
2050.084312 37.570407
2050.500440 37.329727
2050.916568 37.510130
2051.332696 36.780824
2051.748824 38.220996
2052.164952 39.715133
2052.581080 37.868456
2052.997208 39.023746
2053.413336 36.934520
2053.829464 36.817303
2054.245592 37.603063
2054.661719 40.812148
2055.077847 40.411307
2055.493975 40.029668
2055.910103 37.748016
2056.326231 39.360229
2056.742359 39.034387
2057.158487 39.178053
2057.574615 38.620054
2057.990743 37.968884
2058.406871 39.698496
2058.822999 41.153389
2059.239127 39.783706
2059.655255 40.872759
2060.071383 39.224305
2060.487511 38.773055
2060.903639 39.107841
2061.319767 38.809896
2061.735895 41.451181
2062.152023 39.406405
2062.568151 39.871328
2062.984279 39.040336
2063.400407 39.182725
2063.816535 38.847777
2064.232663 39.901486
2064.648791 39.663618
2065.064919 42.091330
2065.481047 37.918570
2065.897175 38.883036
2066.313303 40.779492
2066.729430 41.722372
2067.145558 43.602296
2067.561686 42.386595
2067.977814 41.962270
2068.393942 40.162360
2068.810070 38.980078
2069.226198 42.892021
2069.642326 41.626102
2070.058454 40.865151
2070.474582 40.574595
2070.890710 41.547127
2071.306838 42.019048
2071.722966 42.652685
2072.139094 41.015071
2072.555222 39.336727
2072.971350 41.251061
2073.387478 39.625347
2073.803606 40.288950
2074.219734 40.045419
2074.635862 38.797654
2075.051990 39.664991
2075.468118 39.082460
2075.884246 39.983492
2076.300374 40.376792
2076.716502 40.848332
2077.132630 40.989977
2077.548758 41.140165
2077.964886 41.406569
2078.381013 38.157248
2078.797141 40.033539
2079.213269 40.034721
2079.629397 40.343821
2080.045525 40.937746
2080.461653 40.794376
2080.877781 40.231524
2081.293909 39.156905
2081.710037 39.182496
2082.126165 39.273951
2082.542293 41.001428
2082.958421 39.672133
2083.374549 38.058832
2083.790677 39.060788
2084.206805 38.394124
2084.622933 39.063744
2085.039061 37.298701
2085.455189 37.607649
2085.871317 39.750459
2086.287445 40.457606
2086.703573 38.437468
2087.119701 40.290361
2087.535829 39.615593
2087.951957 40.194472
2088.368085 37.977017
2088.784213 39.295299
2089.200341 36.861791
2089.616469 37.166629
2090.032596 37.625135
2090.448724 39.865102
2090.864852 37.766599
2091.280980 38.550948
2091.697108 36.732369
2092.113236 38.264016
2092.529364 38.519951
2092.945492 37.683372
2093.361620 37.361648
2093.777748 37.074907
2094.193876 37.811078
2094.610004 39.497517
2095.026132 38.973556
2095.442260 39.549747
2095.858388 41.017541
2096.274516 40.450341
2096.690644 38.742926
2097.106772 38.874283
2097.522900 38.743450
2097.939028 38.110071
2098.355156 37.554847
2098.771284 38.122123
2099.187412 38.599955
2099.603540 39.316313
2100.019668 40.276012
2100.435796 38.104875
2100.851924 36.685221
2101.268052 36.608992
2101.684179 37.705282
2102.100307 36.511797
2102.516435 35.001127
2102.932563 38.570560
2103.348691 38.199772
2103.764819 39.096981
2104.180947 37.230444
2104.597075 37.308036
2105.013203 36.815081
2105.429331 38.300085
2105.845459 37.408816
2106.261587 38.163922
2106.677715 38.029085
2107.093843 38.425778
2107.509971 39.017301
2107.926099 37.995876
2108.342227 35.836056
2108.758355 36.831347
2109.174483 37.732542
2109.590611 37.647618
2110.006739 37.680493
2110.422867 35.964896
2110.838995 36.906861
2111.255123 38.308456
2111.671251 39.149869
2112.087379 37.674171
2112.503507 35.936932
2112.919635 36.763986
2113.335763 36.999117
2113.751890 36.753193
2114.168018 36.759924
2114.584146 35.846602
2115.000274 35.613654
2115.416402 36.536844
2115.832530 36.317865
2116.248658 36.626631
2116.664786 37.294678
2117.080914 36.158533
2117.497042 36.376693
2117.913170 36.182131
2118.329298 37.803641
2118.745426 37.705921
2119.161554 36.360665
2119.577682 34.722614
2119.993810 36.687833
2120.409938 35.144059
2120.826066 32.616588
2121.242194 35.298661
2121.658322 35.487712
2122.074450 35.469129
2122.490578 37.363956
2122.906706 36.490030
2123.322834 35.065943
2123.738962 35.458374
2124.155090 34.997513
2124.571218 35.494615
2124.987346 36.147883
2125.403473 36.212442
2125.819601 36.012455
2126.235729 34.873803
2126.651857 35.632237
2127.067985 35.506171
2127.484113 35.914487
2127.900241 36.501090
2128.316369 35.225808
2128.732497 35.184934
2129.148625 35.325225
2129.564753 35.627746
2129.980881 35.358605
2130.397009 37.245327
2130.813137 35.462732
2131.229265 35.812859
2131.645393 35.986988
2132.061521 35.513684
2132.477649 36.249426
2132.893777 37.082134
2133.309905 36.226467
2133.726033 34.449058
2134.142161 35.146652
2134.558289 34.621729
2134.974417 35.235495
2135.390545 35.423383
2135.806673 34.503796
2136.222801 35.282033
2136.638929 35.562101
2137.055056 35.796745
2137.471184 35.601173
2137.887312 36.786001
2138.303440 37.853106
2138.719568 37.079235
2139.135696 35.821840
2139.551824 35.054711
2139.967952 35.671891
2140.384080 36.352628
2140.800208 36.496561
2141.216336 34.870895
2141.632464 35.086013
2142.048592 35.238918
2142.464720 36.448965
2142.880848 36.943244
2143.296976 36.286105
2143.713104 36.128557
2144.129232 36.645233
2144.545360 35.064207
2144.961488 36.015534
2145.377616 35.924012
2145.793744 36.111814
2146.209872 36.800131
2146.626000 36.885751
2147.042128 37.699361
2147.458256 37.698151
2147.874384 35.987798
2148.290512 36.018862
2148.706639 36.223883
2149.122767 36.333358
2149.538895 35.492889
2149.955023 35.898345
2150.371151 36.538646
2150.787279 34.274767
2151.203407 34.934633
2151.619535 34.855048
2152.035663 34.889334
2152.451791 34.726752
2152.867919 35.199550
2153.284047 33.727428
2153.700175 34.400308
2154.116303 34.899651
2154.532431 34.634381
2154.948559 36.123990
2155.364687 36.312792
2155.780815 32.755477
2156.196943 34.970855
2156.613071 34.658522
2157.029199 33.513044
2157.445327 34.896438
2157.861455 34.281031
2158.277583 34.946036
2158.693711 34.518527
2159.109839 35.352694
2159.525967 36.094795
2159.942095 34.833691
2160.358222 36.702250
2160.774350 36.702135
2161.190478 35.954847
2161.606606 34.917576
2162.022734 34.530598
2162.438862 36.392015
2162.854990 37.683229
2163.271118 37.198122
2163.687246 37.232627
2164.103374 37.840720
2164.519502 37.693450
2164.935630 37.017070
2165.351758 36.776056
2165.767886 35.838535
2166.184014 35.477272
2166.600142 35.137928
2167.016270 35.864841
2167.432398 37.025623
2167.848526 37.516556
2168.264654 37.891282
2168.680782 37.725715
2169.096910 35.434176
2169.513038 36.133620
2169.929166 36.827934
2170.345294 35.866481
2170.761422 35.038359
2171.177550 36.262517
2171.593678 36.849901
2172.009806 36.427836
2172.425933 36.721767
2172.842061 36.024640
2173.258189 35.241063
2173.674317 34.014913
2174.090445 35.090608
2174.506573 36.054388
2174.922701 38.658669
2175.338829 37.889404
2175.754957 35.452377
2176.171085 36.536454
2176.587213 36.693239
2177.003341 36.797366
2177.419469 36.775418
2177.835597 36.340977
2178.251725 36.739873
2178.667853 36.693945
2179.083981 34.696394
2179.500109 35.715311
2179.916237 36.400825
2180.332365 35.742170
2180.748493 36.550364
2181.164621 37.240855
2181.580749 36.045864
2181.996877 34.891928
2182.413005 36.487370
2182.829133 35.104643
2183.245261 35.556952
2183.661389 34.627306
2184.077516 34.833338
2184.493644 34.242531
2184.909772 34.077879
2185.325900 34.697423
2185.742028 34.538645
2186.158156 36.206978
2186.574284 35.257434
2186.990412 35.361675
2187.406540 35.628480
2187.822668 34.224348
2188.238796 34.743713
2188.654924 35.096977
2189.071052 34.177849
2189.487180 33.649445
2189.903308 34.597444
2190.319436 35.072083
2190.735564 34.734589
2191.151692 33.917756
2191.567820 33.898982
2191.983948 35.350062
2192.400076 34.403054
2192.816204 34.171632
2193.232332 34.172299
2193.648460 34.488569
2194.064588 33.842481
2194.480716 33.701675
2194.896844 34.153354
2195.312972 33.328026
2195.729099 33.246029
2196.145227 32.458086
2196.561355 32.795656
2196.977483 33.353560
2197.393611 34.240977
2197.809739 32.633569
2198.225867 33.017534
2198.641995 33.052993
2199.058123 32.674157
2199.474251 32.448351
2199.890379 32.551839
2200.306507 33.679126
2200.722635 34.036118
2201.138763 33.795647
2201.554891 33.943404
2201.971019 33.798536
2202.387147 33.178992
2202.803275 33.591456
2203.219403 34.100276
2203.635531 33.523608
2204.051659 34.206957
2204.467787 32.938321
2204.883915 34.484260
2205.300043 34.297564
2205.716171 34.288363
2206.132299 35.776256
2206.548427 35.562196
2206.964555 34.840022
2207.380682 34.104738
2207.796810 34.437216
2208.212938 33.392766
2208.629066 34.280116
2209.045194 35.999402
2209.461322 35.744639
2209.877450 36.652727
2210.293578 37.290645
2210.709706 37.068156
2211.125834 33.369292
2211.541962 32.037174
2211.958090 30.846273
2212.374218 32.390343
2212.790346 35.894188
2213.206474 37.836563
2213.622602 37.095864
2214.038730 37.435198
2214.454858 36.420676
2214.870986 36.455782
2215.287114 36.973621
2215.703242 35.606455
2216.119370 35.567898
2216.535498 35.378122
2216.951626 36.147807
2217.367754 36.516145
2217.783882 35.612662
2218.200010 37.833093
2218.616138 35.199302
2219.032265 35.091247
2219.448393 37.388412
2219.864521 38.288863
2220.280649 36.058097
2220.696777 35.170851
2221.112905 34.956095
2221.529033 35.946256
2221.945161 36.018786
2222.361289 35.329744
2222.777417 34.861894
2223.193545 35.861104
2223.609673 36.539991
2224.025801 37.587455
2224.441929 36.306824
2224.858057 36.925014
2225.274185 35.220068
2225.690313 35.415011
2226.106441 35.045720
2226.522569 32.981150
2226.938697 34.146938
2227.354825 34.273385
2227.770953 33.537957
2228.187081 33.793121
2228.603209 34.369550
2229.019337 33.464932
2229.435465 33.819093
2229.851593 33.940381
2230.267721 34.264546
2230.683849 33.895569
2231.099976 34.081969
2231.516104 34.170774
2231.932232 33.531245
2232.348360 33.615216
2232.764488 34.274224
2233.180616 33.577840
2233.596744 34.070127
2234.012872 34.394502
2234.429000 33.823889
2234.845128 32.914857
2235.261256 33.221153
2235.677384 33.731957
2236.093512 32.393718
2236.509640 31.937548
2236.925768 34.019041
2237.341896 34.383232
2237.758024 32.577878
2238.174152 32.559686
2238.590280 31.773392
2239.006408 31.029279
2239.422536 32.209950
2239.838664 34.012777
2240.254792 34.767922
2240.670920 33.971378
2241.087048 33.159875
2241.503176 33.015837
2241.919304 32.992144
2242.335432 33.225015
2242.751559 32.573368
2243.167687 32.583246
2243.583815 32.649596
2243.999943 31.924009
2244.416071 32.185207
2244.832199 32.773736
2245.248327 32.602925
2245.664455 33.557055
2246.080583 32.507217
2246.496711 33.607445
2246.912839 32.363427
2247.328967 32.992382
2247.745095 33.767730
2248.161223 33.951375
2248.577351 35.160992
2248.993479 35.264661
2249.409607 36.250484
2249.825735 35.030188
2250.241863 34.075829
2250.657991 34.118315
2251.074119 35.480819
2251.490247 35.412323
2251.906375 35.876273
2252.322503 34.159885
2252.738631 35.544424
2253.154759 35.166065
2253.570887 36.172787
2253.987015 36.432060
2254.403142 36.965641
2254.819270 36.517308
2255.235398 36.500880
2255.651526 36.093365
2256.067654 36.090056
2256.483782 35.840843
2256.899910 36.146529
2257.316038 36.388258
2257.732166 35.551393
2258.148294 35.189815
2258.564422 35.126077
2258.980550 35.447190
2259.396678 36.280060
2259.812806 36.579626
2260.228934 35.577060
2260.645062 35.235867
2261.061190 36.409921
2261.477318 36.034003
2261.893446 35.077098
2262.309574 35.922048
2262.725702 34.990849
2263.141830 34.551783
2263.557958 36.455076
2263.974086 37.167191
2264.390214 35.290223
2264.806342 35.313392
2265.222470 35.435911
2265.638598 36.228526
2266.054725 35.459662
2266.470853 35.599543
2266.886981 35.501327
2267.303109 35.771422
2267.719237 36.223959
2268.135365 35.895027
2268.551493 37.133477
2268.967621 36.555561
2269.383749 36.015325
2269.799877 35.167218
2270.216005 35.102431
2270.632133 35.637223
2271.048261 35.802371
2271.464389 35.115932
2271.880517 36.905106
2272.296645 37.582535
2272.712773 36.760877
2273.128901 35.718858
2273.545029 35.435186
2273.961157 35.029034
2274.377285 35.861266
2274.793413 36.017327
2275.209541 37.064171
2275.625669 35.819952
2276.041797 37.956651
2276.457925 39.336622
2276.874053 37.707065
2277.290181 37.205816
2277.706309 36.667982
2278.122436 37.589152
2278.538564 38.084166
2278.954692 36.984939
2279.370820 35.652764
2279.786948 36.512341
2280.203076 36.730024
2280.619204 36.382032
2281.035332 37.198894
2281.451460 36.411561
2281.867588 36.762613
2282.283716 36.646177
2282.699844 36.075602
2283.115972 34.645165
2283.532100 36.435302
2283.948228 36.845611
2284.364356 36.870381
2284.780484 36.703356
2285.196612 35.090675
2285.612740 36.120586
2286.028868 35.945408
2286.444996 35.631188
2286.861124 35.854582
2287.277252 36.317073
2287.693380 36.952731
2288.109508 36.014362
2288.525636 35.819333
2288.941764 35.998878
2289.357892 36.647683
2289.774019 36.159124
2290.190147 35.367663
2290.606275 34.557828
2291.022403 34.265261
2291.438531 33.405942
2291.854659 35.610221
2292.270787 35.885054
2292.686915 36.227182
2293.103043 36.738290
2293.519171 37.382529
2293.935299 37.589676
2294.351427 37.889909
2294.767555 39.100995
2295.183683 38.449443
2295.599811 38.142326
2296.015939 36.983137
2296.432067 38.854279
2296.848195 39.332503
2297.264323 40.298685
2297.680451 40.081746
2298.096579 39.522555
2298.512707 38.500377
2298.928835 39.825791
2299.344963 40.674698
2299.761091 39.713331
2300.177219 39.698934
2300.593347 39.007328
2301.009475 38.939232
2301.425602 39.688456
2301.841730 39.545590
2302.257858 39.371185
2302.673986 38.961209
2303.090114 38.009520
2303.506242 39.731409
2303.922370 39.551931
2304.338498 38.756398
2304.754626 38.605800
2305.170754 38.083298
2305.586882 39.899970
2306.003010 39.158135
2306.419138 39.553304
2306.835266 38.685614
2307.251394 36.948898
2307.667522 37.198722
2308.083650 37.583860
2308.499778 39.434427
2308.915906 40.104800
2309.332034 39.435543
2309.748162 39.298512
2310.164290 39.607050
2310.580418 39.123249
2310.996546 38.212367
2311.412674 37.911400
2311.828802 38.428143
2312.244930 39.474262
2312.661058 38.425521
2313.077185 37.781377
2313.493313 39.531517
2313.909441 38.809934
2314.325569 39.441778
2314.741697 38.735937
2315.157825 38.451493
2315.573953 38.518178
2315.990081 38.807017
2316.406209 38.501645
2316.822337 40.020486
2317.238465 39.924397
2317.654593 38.074259
2318.070721 36.901254
2318.486849 38.454458
2318.902977 40.075291
2319.319105 40.680571
2319.735233 40.569942
2320.151361 41.206983
2320.567489 42.546155
2320.983617 41.720951
2321.399745 41.469325
2321.815873 41.442733
2322.232001 40.860088
2322.648129 41.628638
2323.064257 42.161675
2323.480385 43.333984
2323.896513 41.934038
2324.312641 42.612039
2324.728768 43.363427
2325.144896 44.021844
2325.561024 44.356229
2325.977152 42.569610
2326.393280 45.145288
2326.809408 44.867814
2327.225536 45.220249
2327.641664 45.167685
2328.057792 46.275512
2328.473920 43.779266
2328.890048 42.646935
2329.306176 42.629459
2329.722304 41.056594
2330.138432 42.343995
2330.554560 42.428442
2330.970688 41.096182
2331.386816 41.237150
2331.802944 39.722971
2332.219072 40.558615
2332.635200 40.190878
2333.051328 40.995621
2333.467456 40.267497
2333.883584 41.303453
2334.299712 40.888043
2334.715840 40.887166
2335.131968 40.805979
2335.548096 41.570058
2335.964224 41.426582
2336.380352 40.607947
2336.796479 40.844470
2337.212607 40.930147
2337.628735 41.906531
2338.044863 41.675271
2338.460991 40.879347
2338.877119 40.089831
2339.293247 41.354987
2339.709375 40.994944
2340.125503 40.308944
2340.541631 41.937223
2340.957759 39.978601
2341.373887 39.861097
2341.790015 40.437937
2342.206143 41.226814
2342.622271 41.115766
2343.038399 40.007939
2343.454527 39.508758
2343.870655 39.510894
2344.286783 40.399617
2344.702911 41.150071
2345.119039 41.623499
2345.535167 41.484676
2345.951295 40.826984
2346.367423 40.936059
2346.783551 40.502447
2347.199679 40.105878
2347.615807 40.729636
2348.031935 40.176853
2348.448062 39.857074
2348.864190 40.092262
2349.280318 39.877554
2349.696446 39.720473
2350.112574 40.108500
2350.528702 37.837708
2350.944830 37.309065
2351.360958 37.920057
2351.777086 40.166612
2352.193214 39.887050
2352.609342 39.233821
2353.025470 38.411000
2353.441598 38.486942
2353.857726 39.570475
2354.273854 39.777346
2354.689982 39.091594
2355.106110 39.475960
2355.522238 40.202930
2355.938366 39.822244
2356.354494 39.713369
2356.770622 39.802222
2357.186750 40.067539
2357.602878 38.911162
2358.019006 39.664095
2358.435134 40.202167
2358.851262 40.691775
2359.267390 40.859354
2359.683518 41.220340
2360.099645 42.020850
2360.515773 40.547374
2360.931901 40.687074
2361.348029 40.307247
2361.764157 39.963250
2362.180285 40.059406
2362.596413 39.064878
2363.012541 38.871909
2363.428669 40.054181
2363.844797 39.755216
2364.260925 40.141508
2364.677053 39.636073
2365.093181 39.613266
2365.509309 39.710261
2365.925437 40.889292
2366.341565 40.937937
2366.757693 40.198772
2367.173821 38.578712
2367.589949 38.221425
2368.006077 38.215246
2368.422205 38.816227
2368.838333 37.983672
2369.254461 39.087799
2369.670589 39.503877
2370.086717 38.821566
2370.502845 39.617471
2370.918973 40.172486
2371.335101 40.832952
2371.751228 38.971564
2372.167356 39.215333
2372.583484 38.917951
2372.999612 38.058861
2373.415740 39.154465
2373.831868 37.953457
2374.247996 37.693841
2374.664124 39.145388
2375.080252 39.424206
2375.496380 38.923395
2375.912508 38.530906
2376.328636 38.360524
2376.744764 39.368677
2377.160892 38.878154
2377.577020 38.287728
2377.993148 39.757085
2378.409276 40.020362
2378.825404 40.210204
2379.241532 39.339015
2379.657660 38.686443
2380.073788 39.322091
2380.489916 40.458627
2380.906044 41.217432
2381.322172 40.357789
2381.738300 39.992131
2382.154428 40.324933
2382.570556 40.915769
2382.986684 40.699459
2383.402811 40.567692
2383.818939 39.765323
2384.235067 40.190382
2384.651195 40.414730
2385.067323 41.005108
2385.483451 40.060941
2385.899579 38.777012
2386.315707 38.730655
2386.731835 38.217916
2387.147963 39.190429
2387.564091 39.679693
2387.980219 39.405976
2388.396347 39.800544
2388.812475 39.285822
2389.228603 39.635377
2389.644731 39.860268
2390.060859 38.799198
2390.476987 39.207725
2390.893115 38.949968
2391.309243 39.632574
2391.725371 40.160796
2392.141499 38.510254
2392.557627 38.910295
2392.973755 38.783228
2393.389883 37.911848
2393.806011 37.607611
2394.222139 38.367446
2394.638267 37.605923
2395.054395 38.388813
2395.470522 38.841989
2395.886650 39.114401
2396.302778 38.216343
2396.718906 38.675812
2397.135034 38.441282
2397.551162 38.201259
2397.967290 38.842228
2398.383418 37.930221
2398.799546 39.066690
2399.215674 38.213406
2399.631802 36.423679
2400.047930 37.338174
2400.464058 36.875912
2400.880186 36.991813
2401.296314 36.679186
2401.712442 37.620444
2402.128570 38.030734
2402.544698 39.507204
2402.960826 38.409779
2403.376954 36.721290
2403.793082 38.519217
2404.209210 38.672780
2404.625338 38.124735
2405.041466 38.854737
2405.457594 38.678596
2405.873722 39.073679
2406.289850 38.718946
2406.705978 38.486504
2407.122105 38.599183
2407.538233 38.094778
2407.954361 38.104665
2408.370489 39.324084
2408.786617 38.484206
2409.202745 38.699973
2409.618873 38.267219
2410.035001 39.554047
2410.451129 37.705568
2410.867257 37.709783
2411.283385 38.437763
2411.699513 37.704777
2412.115641 39.354242
2412.531769 38.762538
2412.947897 37.449213
2413.364025 37.609670
2413.780153 37.799960
2414.196281 38.347900
2414.612409 38.357864
2415.028537 37.760525
2415.444665 38.680436
2415.860793 37.513314
2416.276921 37.962362
2416.693049 36.966680
2417.109177 38.318048
2417.525305 38.016204
2417.941433 38.237262
2418.357561 38.033575
2418.773688 38.269631
2419.189816 38.623487
2419.605944 38.468312
2420.022072 38.334562
2420.438200 38.225048
2420.854328 39.799638
2421.270456 40.830454
2421.686584 40.507768
2422.102712 40.783935
2422.518840 41.307200
2422.934968 41.709176
2423.351096 40.603962
2423.767224 40.076683
2424.183352 41.225213
2424.599480 40.748267
2425.015608 39.475960
2425.431736 40.216221
2425.847864 40.281017
2426.263992 40.068855
2426.680120 38.853831
2427.096248 38.518292
2427.512376 38.890082
2427.928504 38.477723
2428.344632 37.770432
2428.760760 39.317086
2429.176888 40.482854
2429.593016 40.390378
2430.009144 40.323799
2430.425271 40.347368
2430.841399 40.526665
2431.257527 39.837528
2431.673655 39.086836
2432.089783 38.948929
2432.505911 39.115936
2432.922039 39.311994
2433.338167 37.908435
2433.754295 38.005639
2434.170423 38.367999
2434.586551 39.069369
2435.002679 38.674277
2435.418807 39.428935
2435.834935 40.311757
2436.251063 38.499938
2436.667191 39.441445
2437.083319 38.784668
2437.499447 38.085415
2437.915575 38.816561
2438.331703 39.748132
2438.747831 40.014174
2439.163959 38.565660
2439.580087 39.243002
2439.996215 38.265331
2440.412343 38.208324
2440.828471 37.801219
2441.244599 38.085891
2441.660727 38.204987
2442.076855 38.064381
2442.492982 38.134565
2442.909110 39.183450
2443.325238 38.201669
2443.741366 38.347948
2444.157494 39.400112
2444.573622 39.728768
2444.989750 39.990290
2445.405878 38.842094
2445.822006 39.324284
2446.238134 38.103263
2446.654262 38.938183
2447.070390 39.400770
2447.486518 39.123039
2447.902646 38.892694
2448.318774 38.988106
2448.734902 38.505163
2449.151030 37.585910
2449.567158 38.333599
2449.983286 39.176442
2450.399414 38.621332
2450.815542 37.263891
2451.231670 38.318353
2451.647798 39.357874
2452.063926 39.626386
2452.480054 38.240360
2452.896182 38.096665
2453.312310 38.499900
2453.728438 37.285582
2454.144565 37.370983
2454.560693 38.372671
2454.976821 39.064621
2455.392949 39.692393
2455.809077 38.698256
2456.225205 39.969896
2456.641333 39.707572
2457.057461 38.664809
2457.473589 39.112026
2457.889717 39.906825
2458.305845 40.952439
2458.721973 40.416760
2459.138101 39.445726
2459.554229 39.671799
2459.970357 39.586493
2460.386485 40.805512
2460.802613 40.624976
2461.218741 40.588744
2461.634869 39.767602
2462.050997 41.424065
2462.467125 42.590462
2462.883253 42.668140
2463.299381 42.456693
2463.715509 42.145381
2464.131637 41.586066
2464.547765 41.483074
2464.963893 42.669513
2465.380021 42.202884
2465.796148 42.810758
2466.212276 42.264820
2466.628404 41.975466
2467.044532 41.462632
2467.460660 42.164030
2467.876788 42.428070
2468.292916 42.906627
2468.709044 42.687438
2469.125172 42.239715
2469.541300 43.050952
2469.957428 43.027287
2470.373556 42.141281
2470.789684 40.984447
2471.205812 42.151502
2471.621940 42.008942
2472.038068 42.106652
2472.454196 42.620477
2472.870324 42.402356
2473.286452 42.074873
2473.702580 41.995012
2474.118708 41.575426
2474.534836 41.476953
2474.950964 40.826641
2475.367092 40.706505
2475.783220 40.515309
2476.199348 40.898140
2476.615476 40.770444
2477.031604 40.677482
2477.447731 40.751489
2477.863859 41.189182
2478.279987 41.023529
2478.696115 41.147048
2479.112243 40.100958
2479.528371 40.992036
2479.944499 42.372045
2480.360627 40.624461
2480.776755 39.829843
2481.192883 40.551569
2481.609011 41.226185
2482.025139 41.281752
2482.441267 41.219330
2482.857395 41.464739
2483.273523 41.060294
2483.689651 40.777347
2484.105779 41.300173
2484.521907 42.109941
2484.938035 41.840381
2485.354163 41.721657
2485.770291 41.228569
2486.186419 41.107747
2486.602547 41.803034
2487.018675 41.859726
2487.434803 41.725118
2487.850931 41.413586
2488.267059 40.051130
2488.683187 39.973634
2489.099314 39.287900
2489.515442 40.998615
2489.931570 40.890808
2490.347698 40.241220
2490.763826 40.792326
2491.179954 41.208956
2491.596082 41.853376
2492.012210 41.582119
2492.428338 41.354625
2492.844466 40.648726
2493.260594 40.908418
2493.676722 41.183604
2494.092850 40.212445
2494.508978 40.073069
2494.925106 38.998432
2495.341234 39.808419
2495.757362 39.864053
2496.173490 39.767506
2496.589618 39.362460
2497.005746 39.334715
2497.421874 40.396032
2497.838002 39.047335
2498.254130 38.784696
2498.670258 39.687722
2499.086386 39.413537
2499.502514 39.405070
2499.918642 38.342771
2500.334770 38.851533
2500.750898 39.049795
2501.167025 40.556098
2501.583153 40.008044
2501.999281 39.577254
2502.415409 39.581202
2502.831537 39.888395
2503.247665 40.093006
2503.663793 40.621257
2504.079921 40.453182
2504.496049 39.007833
2504.912177 38.896403
2505.328305 39.792573
2505.744433 40.253310
2506.160561 40.518837
2506.576689 39.345079
2506.992817 39.572992
2507.408945 40.474740
2507.825073 40.110826
2508.241201 40.025816
2508.657329 39.841399
2509.073457 39.884934
2509.489585 40.837567
2509.905713 40.263855
2510.321841 40.163514
2510.737969 39.790418
2511.154097 39.394325
2511.570225 39.459474
2511.986353 38.047257
2512.402481 38.496458
2512.818608 37.912468
2513.234736 38.273264
2513.650864 39.804615
2514.066992 37.347623
2514.483120 38.081706
2514.899248 38.268840
2515.315376 39.313091
2515.731504 38.956156
2516.147632 38.398176
2516.563760 38.332702
2516.979888 38.907063
2517.396016 39.183726
2517.812144 37.445342
2518.228272 39.025491
2518.644400 40.440501
2519.060528 40.221579
2519.476656 40.413042
2519.892784 39.097496
2520.308912 38.336716
2520.725040 39.043750
2521.141168 38.401761
2521.557296 39.065936
2521.973424 39.025567
2522.389552 39.123935
2522.805680 39.403030
2523.221808 39.367171
2523.637936 39.104666
2524.054064 38.623792
2524.470191 39.290027
2524.886319 38.072781
2525.302447 37.750657
2525.718575 38.531087
2526.134703 39.053847
2526.550831 38.564477
2526.966959 39.259125
2527.383087 39.684003
2527.799215 39.945602
2528.215343 39.889282
2528.631471 38.696445
2529.047599 38.985665
2529.463727 39.052178
2529.879855 38.724247
2530.295983 39.473137
2530.712111 38.667117
2531.128239 37.822958
2531.544367 37.911219
2531.960495 38.290216
2532.376623 37.159688
2532.792751 38.131905
2533.208879 37.278231
2533.625007 37.526577
2534.041135 36.591887
2534.457263 38.288433
2534.873391 39.003028
2535.289519 37.866168
2535.705647 37.533051
2536.121774 38.132019
2536.537902 38.859142
2536.954030 39.373749
2537.370158 39.346109
2537.786286 39.234354
2538.202414 39.261709
2538.618542 39.329719
2539.034670 38.508996
2539.450798 38.286355
2539.866926 37.765045
2540.283054 38.322300
2540.699182 38.916807
2541.115310 39.534854
2541.531438 37.622990
2541.947566 36.897002
2542.363694 36.592498
2542.779822 37.729595
2543.195950 37.697207
2543.612078 36.894084
2544.028206 37.444370
2544.444334 37.074993
2544.860462 37.434988
2545.276590 37.310219
2545.692718 38.117498
2546.108846 36.317054
2546.524974 36.400968
2546.941102 37.673933
2547.357230 36.882548
2547.773357 37.182323
2548.189485 37.582582
2548.605613 37.490889
2549.021741 36.366501
2549.437869 35.961226
2549.853997 36.449747
2550.270125 36.868341
2550.686253 36.479246
2551.102381 35.697834
2551.518509 35.574810
2551.934637 34.881373
2552.350765 34.894083
2552.766893 35.450651
2553.183021 36.545168
2553.599149 36.063655
2554.015277 34.767474
2554.431405 34.845456
2554.847533 35.048799
2555.263661 34.505312
2555.679789 34.226665
2556.095917 35.390193
2556.512045 34.919568
2556.928173 35.110202
2557.344301 35.176972
2557.760429 35.702439
2558.176557 35.413486
2558.592685 34.263631
2559.008813 34.685572
2559.424941 34.175493
2559.841068 35.127641
2560.257196 35.005865
2560.673324 34.645965
2561.089452 34.653669
2561.505580 34.974630
2561.921708 35.160153
2562.337836 35.616219
2562.753964 34.826273
2563.170092 35.136822
2563.586220 35.214862
2564.002348 35.046597
2564.418476 35.106092
2564.834604 35.922801
2565.250732 36.058907
2565.666860 36.126755
2566.082988 34.837886
2566.499116 35.115255
2566.915244 34.424965
2567.331372 35.172357
2567.747500 35.294819
2568.163628 35.177296
2568.579756 34.927301
2568.995884 35.144479
2569.412012 34.092066
2569.828140 34.207120
2570.244268 33.444643
2570.660396 33.643304
2571.076524 34.364029
2571.492651 34.571939
2571.908779 34.303275
2572.324907 33.302569
2572.741035 32.899048
2573.157163 34.165187
2573.573291 34.633952
2573.989419 34.807833
2574.405547 34.678964
2574.821675 35.074066
2575.237803 34.794456
2575.653931 34.030540
2576.070059 34.215605
2576.486187 34.461434
2576.902315 34.173158
2577.318443 34.341900
2577.734571 33.751436
2578.150699 33.786933
2578.566827 34.220249
2578.982955 34.221965
2579.399083 34.281660
2579.815211 34.613453
2580.231339 34.063768
2580.647467 34.335578
2581.063595 35.076040
2581.479723 34.720077
2581.895851 33.945711
2582.311979 34.665978
2582.728107 34.315823
2583.144234 34.482963
2583.560362 34.563616
2583.976490 34.902292
2584.392618 33.958335
2584.808746 34.006437
2585.224874 33.731022
2585.641002 34.206910
2586.057130 34.244009
2586.473258 34.366117
2586.889386 34.064149
2587.305514 33.613967
2587.721642 33.717035
2588.137770 34.463856
2588.553898 35.261257
2588.970026 34.548351
2589.386154 34.219057
2589.802282 34.529187
2590.218410 34.545920
2590.634538 33.757767
2591.050666 34.405114
2591.466794 33.994595
2591.882922 34.329171
2592.299050 34.688509
2592.715178 33.864124
2593.131306 34.256642
2593.547434 33.289564
2593.963562 33.755478
2594.379690 34.148406
2594.795817 33.766653
2595.211945 34.007171
2595.628073 33.638118
2596.044201 33.797955
2596.460329 33.793464
2596.876457 33.839420
2597.292585 34.766978
2597.708713 34.477586
2598.124841 34.783997
2598.540969 34.734865
2598.957097 34.117524
2599.373225 34.469272
2599.789353 34.905257
2600.205481 34.539694
2600.621609 33.639119
2601.037737 34.170850
2601.453865 33.752351
2601.869993 34.825930
2602.286121 34.827389
2602.702249 33.335863
2603.118377 34.465324
2603.534505 34.689748
2603.950633 33.957505
2604.366761 33.761819
2604.782889 34.770096
2605.199017 34.748528
2605.615145 33.976231
2606.031273 33.889133
2606.447401 34.258434
2606.863528 35.879877
2607.279656 34.975660
2607.695784 34.718552
2608.111912 35.815576
2608.528040 35.010804
2608.944168 34.825625
2609.360296 33.338133
2609.776424 34.612537
2610.192552 35.121662
2610.608680 34.597311
2611.024808 34.487978
2611.440936 34.721927
2611.857064 35.129433
2612.273192 35.988285
2612.689320 36.917587
2613.105448 36.834780
2613.521576 35.809770
2613.937704 34.309320
2614.353832 35.387333
2614.769960 35.216331
2615.186088 34.728716
2615.602216 34.361512
2616.018344 33.872896
2616.434472 34.981276
2616.850600 35.054434
2617.266728 34.911712
2617.682856 34.878341
2618.098984 34.581302
2618.515111 34.625743
2618.931239 34.514990
2619.347367 35.256261
2619.763495 34.727362
2620.179623 34.495253
2620.595751 34.627983
2621.011879 35.071520
2621.428007 34.917070
2621.844135 35.513532
2622.260263 35.794619
2622.676391 34.401862
2623.092519 34.998200
2623.508647 34.804153
2623.924775 34.898468
2624.340903 34.916365
2624.757031 34.586193
2625.173159 35.146853
2625.589287 35.877255
2626.005415 35.596701
2626.421543 35.571530
2626.837671 35.164291
2627.253799 34.960872
2627.669927 35.173111
2628.086055 35.509108
2628.502183 35.154213
2628.918311 34.670164
2629.334439 34.505083
2629.750567 34.250854
2630.166694 35.094527
2630.582822 34.960710
2630.998950 34.124074
2631.415078 33.704039
2631.831206 33.797707
2632.247334 33.417355
2632.663462 34.100190
2633.079590 34.202839
2633.495718 32.623510
2633.911846 32.335834
2634.327974 32.805839
2634.744102 32.176817
2635.160230 31.950134
2635.576358 32.133978
2635.992486 31.277863
2636.408614 31.415227
2636.824742 30.958123
2637.240870 31.877795
2637.656998 30.907542
2638.073126 31.084512
2638.489254 30.699079
2638.905382 30.006834
2639.321510 30.072813
2639.737638 30.229427
2640.153766 30.679142
2640.569894 30.128552
2640.986022 30.631994
2641.402150 31.172335
2641.818277 30.366991
2642.234405 30.219616
2642.650533 29.546459
2643.066661 28.302250
2643.482789 29.664220
2643.898917 30.191956
2644.315045 30.004812
2644.731173 29.467541
2645.147301 29.582452
2645.563429 29.330683
2645.979557 29.812091
2646.395685 29.398063
2646.811813 29.587686
2647.227941 29.270348
2647.644069 29.298856
2648.060197 29.487345
2648.476325 28.660653
2648.892453 29.044904
2649.308581 28.102835
2649.724709 28.583242
2650.140837 28.183898
2650.556965 27.615449
2650.973093 27.693260
2651.389221 28.243260
2651.805349 28.794565
2652.221477 28.138189
2652.637605 28.784907
2653.053733 29.206638
2653.469860 29.004249
2653.885988 28.966292
2654.302116 28.796835
2654.718244 29.137589
2655.134372 28.855625
2655.550500 28.508825
2655.966628 29.045123
2656.382756 29.250049
2656.798884 29.513202
2657.215012 28.448290
2657.631140 27.481822
2658.047268 28.181895
2658.463396 28.312919
2658.879524 28.968237
2659.295652 28.747589
2659.711780 28.422109
2660.127908 29.704017
2660.544036 29.442923
2660.960164 29.141146
2661.376292 28.294003
2661.792420 29.158165
2662.208548 29.885135
2662.624676 29.704274
2663.040804 28.799905
2663.456932 28.839349
2663.873060 30.138467
2664.289188 30.012764
2664.705316 30.257220
2665.121444 29.642309
2665.537571 30.394880
2665.953699 30.718415
2666.369827 29.357646
2666.785955 29.379080
2667.202083 29.482682
2667.618211 29.708708
2668.034339 29.690983
2668.450467 29.480604
2668.866595 29.947224
2669.282723 30.269920
2669.698851 30.681326
2670.114979 30.634788
2670.531107 30.465302
2670.947235 30.305102
2671.363363 29.590737
2671.779491 29.591252
2672.195619 29.572231
2672.611747 29.428946
2673.027875 28.654026
2673.444003 28.895679
2673.860131 29.420136
2674.276259 29.912509
2674.692387 29.973634
2675.108515 30.016711
2675.524643 29.944230
2675.940771 30.747924
2676.356899 30.183079
2676.773027 29.862519
2677.189154 29.282943
2677.605282 28.695473
2678.021410 28.822511
2678.437538 28.926314
2678.853666 29.575110
2679.269794 29.552466
2679.685922 29.529850
2680.102050 29.243661
2680.518178 29.525845
2680.934306 29.108662
2681.350434 29.722666
2681.766562 29.745711
2682.182690 28.455422
2682.598818 29.502142
2683.014946 29.832171
2683.431074 29.439796
2683.847202 29.132279
2684.263330 28.922548
2684.679458 29.310679
2685.095586 29.312929
2685.511714 29.126539
2685.927842 30.169216
2686.343970 29.672667
2686.760098 29.387995
2687.176226 29.238522
2687.592354 29.367534
2688.008482 29.930166
2688.424610 30.782659
2688.840737 29.418153
2689.256865 28.625842
2689.672993 28.933960
2690.089121 29.835336
2690.505249 30.031414
2690.921377 29.801622
2691.337505 30.197772
2691.753633 29.871195
2692.169761 30.424685
2692.585889 30.251261
2693.002017 29.730590
2693.418145 29.102159
2693.834273 30.676110
2694.250401 29.641518
2694.666529 29.867248
2695.082657 30.764000
2695.498785 30.501380
2695.914913 29.250898
2696.331041 29.364950
2696.747169 28.428706
2697.163297 29.374093
2697.579425 28.969877
2697.995553 29.560598
2698.411681 28.883742
2698.827809 29.754674
2699.243937 29.779702
2699.660065 29.792354
2700.076193 29.626234
2700.492320 29.367810
2700.908448 29.590279
2701.324576 29.851831
2701.740704 30.040405
2702.156832 29.930748
2702.572960 30.001933
2702.989088 30.612448
2703.405216 29.611561
2703.821344 30.877508
2704.237472 30.853939
2704.653600 30.479680
2705.069728 30.902193
2705.485856 31.127084
2705.901984 30.364112
2706.318112 30.844967
2706.734240 30.509942
2707.150368 30.623222
2707.566496 31.217424
2707.982624 31.219502
2708.398752 29.929842
2708.814880 31.066702
2709.231008 31.244073
2709.647136 30.824305
2710.063264 31.500609
2710.479392 31.136285
2710.895520 31.333583
2711.311648 30.955987
2711.727776 31.302872
2712.143903 31.268214
2712.560031 31.988806
2712.976159 32.316746
2713.392287 32.262113
2713.808415 32.004909
2714.224543 33.007065
2714.640671 33.182405
2715.056799 31.768110
2715.472927 31.515025
2715.889055 31.923055
2716.305183 31.854559
2716.721311 32.800471
2717.137439 32.553822
2717.553567 32.842394
2717.969695 32.905990
2718.385823 32.324898
2718.801951 32.778179
2719.218079 32.735531
2719.634207 32.672098
2720.050335 32.996386
2720.466463 32.734997
2720.882591 32.716290
2721.298719 33.020328
2721.714847 33.187716
2722.130975 33.520995
2722.547103 33.131376
2722.963231 33.498647
2723.379359 33.530673
2723.795487 33.538806
2724.211614 33.961996
2724.627742 34.023122
2725.043870 33.445940
2725.459998 33.443241
2725.876126 34.219772
2726.292254 34.377416
2726.708382 35.157436
2727.124510 34.824986
2727.540638 34.420550
2727.956766 34.291529
2728.372894 34.281079
2728.789022 34.474430
2729.205150 34.788869
2729.621278 34.518784
2730.037406 34.405342
2730.453534 34.296811
2730.869662 34.039598
2731.285790 34.300138
2731.701918 35.207797
2732.118046 34.970006
2732.534174 35.386722
2732.950302 35.303200
2733.366430 35.516735
2733.782558 35.751294
2734.198686 35.932698
2734.614814 35.858339
2735.030942 36.205596
2735.447070 35.978188
2735.863197 35.406487
2736.279325 36.027023
2736.695453 35.612653
2737.111581 35.447963
2737.527709 35.943387
2737.943837 36.950109
2738.359965 36.858740
2738.776093 36.803525
2739.192221 35.936474
2739.608349 36.127565
2740.024477 36.376893
2740.440605 36.235077
2740.856733 37.024164
2741.272861 36.939011
2741.688989 37.442663
2742.105117 37.212871
2742.521245 37.242629
2742.937373 36.903094
2743.353501 37.392740
2743.769629 37.392655
2744.185757 37.198837
2744.601885 37.311068
2745.018013 38.039134
2745.434141 38.112674
2745.850269 37.765312
2746.266397 36.982365
2746.682525 37.280252
2747.098653 37.985636
2747.514780 37.907214
2747.930908 38.611854
2748.347036 38.054447
2748.763164 38.863070
2749.179292 38.758724
2749.595420 39.073679
2750.011548 38.523012
2750.427676 37.588894
2750.843804 37.064838
2751.259932 37.264682
2751.676060 37.162167
2752.092188 37.673027
2752.508316 38.647275
2752.924444 39.177309
2753.340572 38.967759
2753.756700 37.720337
2754.172828 36.620939
2754.588956 37.285115
2755.005084 38.017023
2755.421212 37.452579
2755.837340 37.522134
2756.253468 37.329441
2756.669596 37.755119
2757.085724 37.290654
2757.501852 37.632591
2757.917980 37.181112
2758.334108 37.368771
2758.750236 36.233637
2759.166363 35.926043
2759.582491 36.173665
2759.998619 36.549287
2760.414747 36.787603
2760.830875 36.068222
2761.247003 35.765405
2761.663131 36.070339
2762.079259 35.982268
2762.495387 35.789032
2762.911515 36.641934
2763.327643 35.989028
2763.743771 36.057334
2764.159899 36.392234
2764.576027 36.917520
2764.992155 37.052482
2765.408283 36.640542
2765.824411 35.949479
2766.240539 36.461207
2766.656667 37.150840
2767.072795 36.966165
2767.488923 37.245117
2767.905051 37.390271
2768.321179 36.907833
2768.737307 36.001919
2769.153435 35.496417
2769.569563 38.065774
2769.985691 37.866092
2770.401819 37.493120
2770.817946 35.496207
2771.234074 34.886417
2771.650202 35.054806
2772.066330 36.730910
2772.482458 37.876627
2772.898586 38.676689
2773.314714 37.805700
2773.730842 38.442521
2774.146970 37.059489
2774.563098 38.512876
2774.979226 38.397079
2775.395354 38.357444
2775.811482 40.417628
2776.227610 40.735023
2776.643738 40.243165
2777.059866 40.070790
2777.475994 40.369955
2777.892122 41.210453
2778.308250 41.867287
2778.724378 42.289314
2779.140506 42.884879
2779.556634 43.527030
2779.972762 44.065340
2780.388890 44.647690
2780.805018 45.308119
2781.221146 46.236677
2781.637274 47.016717
2782.053402 47.960960
2782.469530 48.217210
2782.885657 48.814643
2783.301785 48.918885
2783.717913 49.116583
2784.134041 49.813367
2784.550169 51.041453
2784.966297 52.290743
2785.382425 53.628667
2785.798553 54.555510
2786.214681 55.573083
2786.630809 56.171642
2787.046937 57.764948
2787.463065 59.308455
2787.879193 60.021705
2788.295321 61.100690
2788.711449 62.530851
2789.127577 64.001009
2789.543705 65.331076
2789.959833 66.569059
2790.375961 67.378579
2790.792089 70.027034
2791.208217 71.062913
2791.624345 72.967980
2792.040473 73.858629
2792.456601 75.907428
2792.872729 78.559440
2793.288857 81.901036
2793.704985 83.481623
2794.121113 86.425429
2794.537240 88.873382
2794.953368 90.482659
2795.369496 92.533470
2795.785624 93.678844
2796.201752 93.623544
2796.617880 93.413174
2797.034008 93.212748
2797.450136 91.831643
2797.866264 90.247261
2798.282392 88.020213
2798.698520 86.611953
2799.114648 86.740803
2799.530776 85.843279
2799.946904 85.751071
2800.363032 85.466389
2800.779160 85.627055
2801.195288 85.320091
2801.611416 85.682393
2802.027544 85.834078
2802.443672 86.826595
2802.859800 86.696687
2803.275928 85.472910
2803.692056 83.832551
2804.108184 81.667631
2804.524312 79.781052
2804.940440 79.061061
2805.356568 77.561155
2805.772696 75.448445
2806.188823 72.972251
2806.604951 70.808656
2807.021079 69.802572
2807.437207 68.983708
2807.853335 66.669982
2808.269463 66.105252
2808.685591 63.690107
2809.101719 62.580430
2809.517847 61.952886
2809.933975 62.284526
2810.350103 60.460379
2810.766231 58.572008
2811.182359 57.904877
2811.598487 57.556265
2812.014615 57.368206
2812.430743 55.793712
2812.846871 54.529042
2813.262999 54.018353
2813.679127 53.798449
2814.095255 52.921472
2814.511383 51.947329
2814.927511 51.199859
2815.343639 50.712988
2815.759767 50.161492
2816.175895 49.332111
2816.592023 48.834780
2817.008151 48.342045
2817.424279 48.247358
2817.840406 47.848833
2818.256534 47.293085
2818.672662 46.853085
2819.088790 45.711639
2819.504918 45.755460
2819.921046 44.850738
2820.337174 44.034401
2820.753302 44.402834
2821.169430 44.111811
2821.585558 43.693722
2822.001686 42.929272
2822.417814 43.122280
2822.833942 41.761244
2823.250070 41.067464
2823.666198 41.602494
2824.082326 41.306180
2824.498454 40.546621
2824.914582 40.386946
2825.330710 41.165269
2825.746838 40.896519
2826.162966 40.165907
2826.579094 39.735671
2826.995222 40.487955
2827.411350 40.552170
2827.827478 41.611457
2828.243606 43.222592
2828.659734 53.907409
2829.075862 56.482887
2829.491990 54.187172
2829.908117 48.835658
2830.324245 44.596909
2830.740373 42.121544
2831.156501 40.109625
2831.572629 44.682882
2831.988757 46.954237
2832.404885 46.611613
2832.821013 39.865255
2833.237141 40.230961
2833.653269 40.221827
2834.069397 38.785593
2834.485525 38.115029
2834.901653 38.735431
2835.317781 39.101596
2835.733909 37.562026
2836.150037 37.179815
2836.566165 36.990698
2836.982293 37.214874
2837.398421 37.084489
2837.814549 37.009729
2838.230677 36.549449
2838.646805 36.301751
2839.062933 36.187480
2839.479061 35.991431
2839.895189 36.367549
2840.311317 35.950127
2840.727445 35.537196
2841.143573 34.788326
2841.559700 34.374393
2841.975828 33.673319
2842.391956 34.283081
2842.808084 34.607446
2843.224212 35.144088
2843.640340 34.508563
2844.056468 33.758720
2844.472596 33.750654
2844.888724 34.294055
2845.304852 34.113271
2845.720980 33.779114
2846.137108 33.234759
2846.553236 34.074914
2846.969364 34.575992
2847.385492 34.908356
2847.801620 34.311198
2848.217748 34.577937
2848.633876 34.308395
2849.050004 33.658016
2849.466132 34.002680
2849.882260 33.270304
2850.298388 32.791051
2850.714516 32.190404
2851.130644 32.761436
2851.546772 33.439828
2851.962900 34.147271
2852.379028 34.206586
2852.795156 33.912903
2853.211283 33.053107
2853.627411 32.748593
2854.043539 31.861853
2854.459667 31.976487
2854.875795 32.515207
2855.291923 32.786636
2855.708051 32.714202
2856.124179 32.665033
2856.540307 32.571566
2856.956435 31.506911
2857.372563 31.944842
2857.788691 32.149386
2858.204819 32.893938
2858.620947 32.133492
2859.037075 31.204419
2859.453203 31.077695
2859.869331 31.380951
2860.285459 31.437443
2860.701587 30.921520
2861.117715 31.279026
2861.533843 31.298010
2861.949971 31.318709
2862.366099 30.510839
2862.782227 30.946204
2863.198355 31.076923
2863.614483 30.872131
2864.030611 30.086485
2864.446739 29.397539
2864.862866 29.260080
2865.278994 29.984294
2865.695122 30.340990
2866.111250 29.967027
2866.527378 29.773342
2866.943506 29.536924
2867.359634 30.400686
2867.775762 30.499168
2868.191890 30.369384
2868.608018 30.181964
2869.024146 29.591910
2869.440274 30.215592
2869.856402 30.053982
2870.272530 30.532101
2870.688658 29.589421
2871.104786 29.555784
2871.520914 29.834659
2871.937042 30.094656
2872.353170 29.857323
2872.769298 29.870928
2873.185426 29.726919
2873.601554 29.288597
2874.017682 29.758059
2874.433810 29.783916
2874.849938 29.460429
2875.266066 29.466044
2875.682194 29.526779
2876.098322 29.463146
2876.514449 29.072774
2876.930577 28.767707
2877.346705 28.901038
2877.762833 29.023680
2878.178961 29.170150
2878.595089 28.414157
2879.011217 28.371862
2879.427345 27.276439
2879.843473 28.400761
2880.259601 28.156295
2880.675729 27.832493
2881.091857 28.502122
2881.507985 27.441100
2881.924113 26.931651
2882.340241 27.294555
2882.756369 28.363423
2883.172497 27.988259
2883.588625 27.676584
2884.004753 26.944761
2884.420881 27.608451
2884.837009 27.742840
2885.253137 28.043464
2885.669265 28.088524
2886.085393 27.932053
2886.501521 27.642813
2886.917649 26.910704
2887.333777 27.095369
2887.749905 27.164561
2888.166033 27.599040
2888.582160 28.262815
2888.998288 27.710832
2889.414416 26.557182
2889.830544 27.759144
2890.246672 28.070256
2890.662800 26.901818
2891.078928 26.830337
2891.495056 26.503169
2891.911184 26.614542
2892.327312 26.762184
2892.743440 26.935436
2893.159568 26.407090
2893.575696 26.459330
2893.991824 27.253213
2894.407952 26.317360
2894.824080 26.153042
2895.240208 26.310782
2895.656336 26.663960
2896.072464 26.478361
2896.488592 26.521361
2896.904720 26.017385
2897.320848 26.825017
2897.736976 27.536436
2898.153104 26.261698
2898.569232 25.890871
2898.985360 25.489467
2899.401488 26.165447
2899.817616 26.634031
2900.233743 26.462752
2900.649871 26.531182
2901.065999 26.152785
2901.482127 25.547819
2901.898255 26.604331
2902.314383 26.349806
2902.730511 25.746671
2903.146639 26.161461
2903.562767 25.355259
2903.978895 26.040277
2904.395023 25.716771
2904.811151 25.595606
2905.227279 25.239024
2905.643407 25.598533
2906.059535 25.032334
2906.475663 25.372460
2906.891791 25.285638
2907.307919 24.535928
2907.724047 24.339889
2908.140175 25.119384
2908.556303 25.597055
2908.972431 25.582458
2909.388559 24.820706
2909.804687 25.812116
2910.220815 25.578205
2910.636943 25.178117
2911.053071 25.330498
2911.469199 26.042356
2911.885326 25.992843
2912.301454 26.054903
2912.717582 24.908671
2913.133710 25.424575
2913.549838 25.774359
2913.965966 24.749816
2914.382094 24.746155
2914.798222 24.965888
2915.214350 25.204394
2915.630478 25.567107
2916.046606 25.795345
2916.462734 25.473602
2916.878862 24.957908
2917.294990 25.908224
2917.711118 26.420781
2918.127246 25.958347
2918.543374 26.327963
2918.959502 26.250361
2919.375630 25.927798
2919.791758 26.652633
2920.207886 26.711785
2920.624014 25.560366
2921.040142 25.642640
2921.456270 26.071274
2921.872398 26.538171
2922.288526 26.445447
2922.704654 26.412172
2923.120782 26.490851
2923.536909 27.489984
2923.953037 27.139075
2924.369165 27.254471
2924.785293 26.761145
2925.201421 27.279585
2925.617549 27.531516
2926.033677 27.996125
2926.449805 28.229587
2926.865933 27.215857
2927.282061 27.052435
2927.698189 26.956374
2928.114317 26.865300
2928.530445 27.599459
2928.946573 27.604446
2929.362701 27.386525
2929.778829 26.750791
2930.194957 26.406680
2930.611085 26.753050
2931.027213 27.276258
2931.443341 28.139200
2931.859469 27.910085
2932.275597 27.516881
2932.691725 27.539144
2933.107853 27.439832
2933.523981 27.985684
2933.940109 28.008634
2934.356237 27.119625
2934.772365 27.930155
2935.188492 28.459551
2935.604620 28.192193
2936.020748 27.857454
2936.436876 27.752965
2936.853004 27.599526
2937.269132 27.420306
2937.685260 27.670482
2938.101388 26.992072
2938.517516 26.743421
2938.933644 26.549641
2939.349772 26.739111
2939.765900 26.081486
2940.182028 27.342370
2940.598156 27.773827
2941.014284 27.877801
2941.430412 27.648801
2941.846540 28.165115
2942.262668 29.021993
2942.678796 28.192670
2943.094924 28.335897
2943.511052 27.971087
2943.927180 27.994571
2944.343308 27.987992
2944.759436 28.164161
2945.175564 28.092452
2945.591692 28.200755
2946.007820 28.371471
2946.423948 28.767726
2946.840076 28.164457
2947.256203 27.365520
2947.672331 27.858360
2948.088459 28.005507
2948.504587 27.450587
2948.920715 27.415519
2949.336843 27.732943
2949.752971 27.871299
2950.169099 27.762672
2950.585227 27.826877
2951.001355 27.588142
2951.417483 27.561359
2951.833611 26.493568
2952.249739 26.221615
2952.665867 26.500404
2953.081995 26.401121
2953.498123 27.065221
2953.914251 28.008586
2954.330379 28.157992
2954.746507 27.897290
2955.162635 27.841351
2955.578763 27.675993
2955.994891 27.525452
2956.411019 27.116049
2956.827147 26.727851
2957.243275 27.158697
2957.659403 27.387383
2958.075531 27.940309
2958.491659 27.753728
2958.907786 27.565393
2959.323914 27.244165
2959.740042 27.020446
2960.156170 26.900054
2960.572298 27.895812
2960.988426 27.240637
2961.404554 26.233275
2961.820682 26.409292
2962.236810 26.615534
2962.652938 26.974156
2963.069066 26.277811
2963.485194 26.709544
2963.901322 26.551729
2964.317450 26.940280
2964.733578 26.764368
2965.149706 27.143251
2965.565834 27.340912
2965.981962 26.483576
2966.398090 26.112244
2966.814218 26.784476
2967.230346 26.062664
2967.646474 26.429525
2968.062602 26.867541
2968.478730 27.284515
2968.894858 26.391358
2969.310986 26.130398
2969.727114 26.117259
2970.143242 27.191210
2970.559369 27.687396
2970.975497 27.851362
2971.391625 27.626223
2971.807753 27.086549
2972.223881 27.037256
2972.640009 26.515602
2973.056137 27.006945
2973.472265 26.705054
2973.888393 26.538628
2974.304521 27.382015
2974.720649 27.449233
2975.136777 27.153987
2975.552905 27.276773
2975.969033 26.984320
2976.385161 26.855146
2976.801289 26.637921
2977.217417 26.274627
2977.633545 26.445733
2978.049673 25.707265
2978.465801 25.348023
2978.881929 26.170119
2979.298057 28.214399
2979.714185 26.935351
2980.130313 26.840682
2980.546441 26.654196
2980.962569 26.815101
2981.378697 27.257360
2981.794825 27.009625
2982.210952 27.267419
2982.627080 27.235631
2983.043208 27.531326
2983.459336 27.083155
2983.875464 27.023679
2984.291592 26.697855
2984.707720 26.531182
2985.123848 26.590058
2985.539976 26.929792
2985.956104 26.755205
2986.372232 26.577939
2986.788360 26.814186
2987.204488 29.322674
2987.620616 30.251490
2988.036744 27.999748
2988.452872 25.202411
2988.869000 20.857382
2989.285128 21.643065
2989.701256 23.556112
2990.117384 28.753996
2990.533512 30.098861
2990.949640 29.709118
2991.365768 25.204375
2991.781896 22.434193
2992.198024 22.010955
2992.614152 23.170135
2993.030280 25.538866
2993.446408 26.897785
2993.862536 28.025863
2994.278663 26.875788
2994.694791 26.466786
2995.110919 25.183199
2995.527047 25.254327
2995.943175 25.437628
2996.359303 25.565076
2996.775431 25.570225
2997.191559 25.143297
2997.607687 24.809550
2998.023815 25.050965
2998.439943 25.760868
2998.856071 25.312993
2999.272199 25.704805
2999.688327 25.725733
3000.104455 25.601203
3000.520583 25.208056
3000.936711 25.357910
3001.352839 25.602623
3001.768967 25.955534
3002.185095 25.168478
3002.601223 25.180177
3003.017351 25.705453
3003.433479 25.365928
3003.849607 25.174971
3004.265735 24.775102
3004.681863 24.782110
3005.097991 25.238986
3005.514119 24.988304
3005.930246 24.585727
3006.346374 24.601364
3006.762502 24.084954
3007.178630 24.458012
3007.594758 24.359988
3008.010886 24.075134
3008.427014 24.659973
3008.843142 25.427617
3009.259270 24.516354
3009.675398 23.695545
3010.091526 23.992956
3010.507654 23.540380
3010.923782 23.099017
3011.339910 23.501689
3011.756038 23.612042
3012.172166 23.688890
3012.588294 23.874194
3013.004422 23.884939
3013.420550 24.421447
3013.836678 23.376567
3014.252806 23.590427
3014.668934 23.825072
3015.085062 24.091533
3015.501190 24.014056
3015.917318 23.165101
3016.333446 23.839783
3016.749574 23.626401
3017.165702 22.884528
3017.581829 23.216444
3017.997957 23.515771
3018.414085 24.049305
3018.830213 24.270210
3019.246341 24.065714
3019.662469 23.935138
3020.078597 23.606674
3020.494725 22.713974
3020.910853 22.254744
3021.326981 22.820313
3021.743109 23.157588
3022.159237 23.635735
3022.575365 24.066028
3022.991493 24.085546
3023.407621 23.782653
3023.823749 24.370924
3024.239877 24.096072
3024.656005 23.671423
3025.072133 23.179469
3025.488261 23.861188
3025.904389 23.759369
3026.320517 23.377883
3026.736645 23.701952
3027.152773 24.178317
3027.568901 23.698453
3027.985029 24.566734
3028.401157 24.055931
3028.817285 23.531179
3029.233412 23.187574
3029.649540 23.248347
3030.065668 23.340174
3030.481796 23.822631
3030.897924 24.221918
3031.314052 23.593468
3031.730180 23.420388
3032.146308 23.595604
3032.562436 23.901214
3032.978564 23.504378
3033.394692 23.612661
3033.810820 23.519900
3034.226948 24.070042
3034.643076 24.030474
3035.059204 23.775721
3035.475332 24.303200
3035.891460 23.785685
3036.307588 23.988598
3036.723716 23.896514
3037.139844 23.839745
3037.555972 24.062682
3037.972100 23.533858
3038.388228 22.852759
3038.804356 23.359806
3039.220484 23.690778
3039.636612 23.731328
3040.052740 23.565580
3040.468868 23.534249
3040.884995 24.002242
3041.301123 23.250597
3041.717251 23.564312
3042.133379 23.957535
3042.549507 23.576239
3042.965635 23.530807
3043.381763 24.190978
3043.797891 23.726742
3044.214019 24.786572
3044.630147 24.883042
3045.046275 24.984528
3045.462403 24.540495
3045.878531 24.436416
3046.294659 24.614760
3046.710787 24.442814
3047.126915 23.940621
3047.543043 24.195174
3047.959171 23.397629
3048.375299 24.059354
3048.791427 23.970759
3049.207555 24.331393
3049.623683 24.352465
3050.039811 23.389363
3050.455939 23.930705
3050.872067 24.201257
3051.288195 24.192151
3051.704323 24.103480
3052.120451 23.601925
3052.536579 23.486748
3052.952706 23.818045
3053.368834 25.060156
3053.784962 24.817311
3054.201090 23.801350
3054.617218 23.834053
3055.033346 24.010966
3055.449474 24.262850
3055.865602 23.417699
3056.281730 23.855944
3056.697858 23.793846
3057.113986 24.167705
3057.530114 24.075458
3057.946242 23.857870
3058.362370 23.497313
3058.778498 23.011595
3059.194626 23.737411
3059.610754 23.484489
3060.026882 23.655157
3060.443010 23.632932
3060.859138 23.326168
3061.275266 23.449983
3061.691394 23.456314
3062.107522 23.882860
3062.523650 24.539237
3062.939778 24.529025
3063.355906 23.867062
3063.772034 23.951957
3064.188162 23.710552
3064.604289 23.699454
3065.020417 23.608876
3065.436545 23.513550
3065.852673 23.893139
3066.268801 24.147263
3066.684929 23.803161
3067.101057 24.387580
3067.517185 23.500087
3067.933313 23.398830
3068.349441 23.887122
3068.765569 24.135726
3069.181697 25.571236
3069.597825 24.199550
3070.013953 23.409166
3070.430081 23.858156
3070.846209 24.497228
3071.262337 25.351674
3071.678465 24.852055
3072.094593 24.028653
3072.510721 23.436806
3072.926849 23.400833
3073.342977 23.473371
3073.759105 23.375099
3074.175233 23.523409
3074.591361 23.890898
3075.007489 24.450966
3075.423617 24.184123
3075.839745 24.155567
3076.255872 23.988646
3076.672000 24.169755
3077.088128 23.708979
3077.504256 23.582933
3077.920384 24.025888
3078.336512 23.744514
3078.752640 23.487635
3079.168768 23.058953
3079.584896 23.426995
3080.001024 23.890564
3080.417152 23.406067
3080.833280 22.983678
3081.249408 23.299538
3081.665536 23.535231
3082.081664 23.603766
3082.497792 23.553452
3082.913920 22.963074
3083.330048 23.547121
3083.746176 23.419120
3084.162304 23.864316
3084.578432 23.532676
3084.994560 23.632207
3085.410688 22.582036
3085.826816 23.001765
3086.242944 23.524257
3086.659072 23.041343
3087.075200 22.856392
3087.491328 22.953101
3087.907455 23.323107
3088.323583 23.031246
3088.739711 23.380886
3089.155839 23.802608
3089.571967 23.881611
3089.988095 23.650771
3090.404223 22.687850
3090.820351 23.926567
3091.236479 23.737220
3091.652607 23.682959
3092.068735 23.000582
3092.484863 22.731585
3092.900991 22.435690
3093.317119 22.936978
3093.733247 23.556856
3094.149375 23.604319
3094.565503 23.710343
3094.981631 23.401519
3095.397759 22.283204
3095.813887 22.896341
3096.230015 23.111727
3096.646143 23.885187
3097.062271 23.385511
3097.478399 23.337361
3097.894527 22.950345
3098.310655 23.781690
3098.726783 22.992163
3099.142911 23.147271
3099.559038 22.597739
3099.975166 23.409414
3100.391294 23.610316
3100.807422 23.607618
3101.223550 22.947466
3101.639678 22.534678
3102.055806 23.479817
3102.471934 23.549352
3102.888062 24.049305
3103.304190 24.152936
3103.720318 24.041496
3104.136446 23.941307
3104.552574 24.683380
3104.968702 24.132131
3105.384830 23.213574
3105.800958 23.457925
3106.217086 24.479265
3106.633214 24.030350
3107.049342 24.102698
3107.465470 24.546311
3107.881598 24.762459
3108.297726 23.934919
3108.713854 23.774825
3109.129982 24.006380
3109.546110 24.884568
3109.962238 25.403542
3110.378366 25.000994
3110.794494 25.387419
3111.210622 25.256586
3111.626749 25.417148
3112.042877 24.874623
3112.459005 25.646453
3112.875133 24.992127
3113.291261 24.998868
3113.707389 25.842293
3114.123517 26.032907
3114.539645 26.137549
3114.955773 25.739510
3115.371901 25.254861
3115.788029 25.416585
3116.204157 25.637291
3116.620285 25.831500
3117.036413 26.444284
3117.452541 25.900987
3117.868669 26.597399
3118.284797 27.431003
3118.700925 26.354793
3119.117053 25.851417
3119.533181 26.157600
3119.949309 26.672817
3120.365437 26.294878
3120.781565 27.099192
3121.197693 27.777641
3121.613821 26.454457
3122.029949 26.637072
3122.446077 27.202470
3122.862205 27.239836
3123.278332 26.643460
3123.694460 26.891568
3124.110588 26.838785
3124.526716 27.512857
3124.942844 27.595217
3125.358972 27.209612
3125.775100 27.147370
3126.191228 27.226650
3126.607356 26.274188
3127.023484 26.160355
3127.439612 26.551271
3127.855740 26.858045
3128.271868 27.660757
3128.687996 27.147828
3129.104124 26.842160
3129.520252 27.323311
3129.936380 27.724829
3130.352508 28.444705
3130.768636 28.680885
3131.184764 28.043578
3131.600892 28.160538
3132.017020 28.441769
3132.433148 28.696789
3132.849276 29.244977
3133.265404 28.527046
3133.681532 27.849455
3134.097660 27.831349
3134.513788 28.127081
3134.929915 28.834601
3135.346043 28.688255
3135.762171 28.451341
3136.178299 27.874235
3136.594427 27.412668
3137.010555 27.812070
3137.426683 27.675002
3137.842811 27.308180
3138.258939 27.005344
3138.675067 27.255587
3139.091195 27.171721
3139.507323 27.131772
3139.923451 26.325884
3140.339579 26.205148
3140.755707 26.197664
3141.171835 26.127604
3141.587963 26.385828
3142.004091 26.655026
3142.420219 26.472344
3142.836347 26.784143
3143.252475 27.149859
3143.668603 26.632038
3144.084731 25.030704
3144.500859 25.752106
3144.916987 26.230606
3145.333115 26.537227
3145.749243 26.003569
3146.165371 25.886066
3146.581498 26.771605
3146.997626 26.627242
3147.413754 26.369705
3147.829882 25.757369
3148.246010 25.528159
3148.662138 25.384511
3149.078266 25.888125
3149.494394 26.011540
3149.910522 25.737165
3150.326650 25.870648
3150.742778 25.028091
3151.158906 25.358644
3151.575034 25.441385
3151.991162 25.866034
3152.407290 25.625897
3152.823418 25.220222
3153.239546 25.706712
3153.655674 25.852113
3154.071802 26.154940
3154.487930 26.065191
3154.904058 25.918283
3155.320186 25.910417
3155.736314 25.140008
3156.152442 25.306261
3156.568570 25.652842
3156.984698 25.460807
3157.400826 24.951996
3157.816954 25.765702
3158.233082 26.134955
3158.649209 25.867588
3159.065337 25.438267
3159.481465 25.362973
3159.897593 25.721643
3160.313721 24.647759
3160.729849 25.174322
3161.145977 25.103977
3161.562105 25.049468
3161.978233 25.147759
3162.394361 24.836514
3162.810489 25.079892
3163.226617 25.109879
3163.642745 24.668382
3164.058873 24.610841
3164.475001 23.845352
3164.891129 23.933279
3165.307257 24.669688
3165.723385 25.239615
3166.139513 25.434339
3166.555641 24.648855
3166.971769 24.831289
3167.387897 25.128528
3167.804025 24.810761
3168.220153 24.156702
3168.636281 25.230338
3169.052409 26.013962
3169.468537 25.173893
3169.884665 25.535014
3170.300792 25.064284
3170.716920 25.155864
3171.133048 25.361066
3171.549176 25.027986
3171.965304 24.758150
3172.381432 25.411437
3172.797560 24.666990
3173.213688 25.036529
3173.629816 25.211965
3174.045944 25.142058
3174.462072 25.451739
3174.878200 26.200925
3175.294328 25.277086
3175.710456 24.642410
3176.126584 23.934404
3176.542712 24.315099
3176.958840 25.237508
3177.374968 25.754537
3177.791096 25.556552
3178.207224 25.946343
3178.623352 25.392835
3179.039480 25.833292
3179.455608 25.784247
3179.871736 25.661079
3180.287864 25.899376
3180.703992 25.909492
3181.120120 25.389164
3181.536248 25.126497
3181.952375 25.717400
3182.368503 25.545101
3182.784631 25.719621
3183.200759 25.318094
3183.616887 25.645243
3184.033015 25.054330
3184.449143 25.566068
3184.865271 25.521665
3185.281399 26.432709
3185.697527 26.135623
3186.113655 26.312126
3186.529783 26.369629
3186.945911 26.988286
3187.362039 26.698789
3187.778167 26.957061
3188.194295 27.390100
3188.610423 27.565850
3189.026551 26.798053
3189.442679 26.257321
3189.858807 26.957299
3190.274935 26.484158
3190.691063 25.752935
3191.107191 25.591658
3191.523319 25.388010
3191.939447 25.412018
3192.355575 25.669003
3192.771703 26.081705
3193.187831 26.984692
3193.603958 26.962867
3194.020086 26.333493
3194.436214 25.921858
3194.852342 26.595549
3195.268470 28.366389
3195.684598 28.434990
3196.100726 29.782829
3196.516854 26.494512
3196.932982 24.239481
3197.349110 22.440619
3197.765238 23.496636
3198.181366 25.395028
3198.597494 27.142364
3199.013622 29.783850
3199.429750 27.858017
3199.845878 26.218649
3200.262006 25.723845
3200.678134 24.600296
3201.094262 24.818637
3201.510390 25.750180
3201.926518 26.733447
3202.342646 26.364471
3202.758774 26.202870
3203.174902 26.514639
3203.591030 25.969007
3204.007158 26.171539
3204.423286 26.360561
3204.839414 25.838631
3205.255541 25.872241
3205.671669 25.572246
3206.087797 25.883520
3206.503925 25.189625
3206.920053 24.186144
3207.336181 24.751046
3207.752309 25.838803
3208.168437 25.906355
3208.584565 25.664331
3209.000693 25.011463
3209.416821 24.418263
3209.832949 24.638815
3210.249077 24.520568
3210.665205 24.593202
3211.081333 25.452988
3211.497461 25.811677
3211.913589 27.714560
3212.329717 28.405347
3212.745845 27.577149
3213.161973 26.655665
3213.578101 25.082400
3213.994229 24.120585
3214.410357 24.025716
3214.826485 24.365403
3215.242613 25.144632
3215.658741 24.698425
3216.074869 24.857633
3216.490997 25.273234
3216.907125 24.915288
3217.323252 25.309494
3217.739380 24.718333
3218.155508 24.494396
3218.571636 25.141686
3218.987764 25.632743
3219.403892 25.018299
3219.820020 25.306662
3220.236148 25.020559
3220.652276 25.239796
3221.068404 25.064923
3221.484532 24.881717
3221.900660 25.036930
3222.316788 25.087310
3222.732916 25.009413
3223.149044 24.532801
3223.565172 24.308244
3223.981300 24.645585
3224.397428 25.128871
3224.813556 24.669784
3225.229684 24.629367
3225.645812 25.117888
3226.061940 24.616714
3226.478068 24.704022
3226.894196 25.234447
3227.310324 25.305089
3227.726452 25.350073
3228.142580 24.641352
3228.558708 24.439229
3228.974835 24.703193
3229.390963 24.686517
3229.807091 23.891413
3230.223219 23.537081
3230.639347 23.407650
3231.055475 24.332766
3231.471603 24.490439
3231.887731 24.907460
3232.303859 24.884234
3232.719987 24.977921
3233.136115 24.231834
3233.552243 24.328962
3233.968371 24.059354
3234.384499 23.565504
3234.800627 23.752800
3235.216755 24.135001
3235.632883 23.649474
3236.049011 23.465944
3236.465139 23.387875
3236.881267 23.582275
3237.297395 23.809244
3237.713523 23.424926
3238.129651 23.371056
3238.545779 23.428473
3238.961907 23.171670
3239.378035 23.553671
3239.794163 23.760103
3240.210291 24.422086
3240.626418 24.055893
3241.042546 24.194926
3241.458674 24.072378
3241.874802 23.783673
3242.290930 23.903693
3242.707058 23.463923
3243.123186 23.917128
3243.539314 23.846734
3243.955442 24.502824
3244.371570 23.815995
3244.787698 23.514789
3245.203826 23.393033
3245.619954 23.797784
3246.036082 23.964324
3246.452210 24.172586
3246.868338 23.950403
3247.284466 23.367462
3247.700594 23.822555
3248.116722 23.008744
3248.532850 23.200054
3248.948978 23.183941
3249.365106 23.225883
3249.781234 23.432163
3250.197362 22.829190
3250.613490 22.673148
3251.029618 22.446483
3251.445746 23.181300
3251.861874 23.448124
3252.278001 23.883814
3252.694129 24.058143
3253.110257 24.116771
3253.526385 23.806422
3253.942513 23.305869
3254.358641 22.846790
3254.774769 23.463618
3255.190897 23.394654
3255.607025 23.178983
3256.023153 23.383423
3256.439281 23.616504
3256.855409 23.616790
3257.271537 23.414162
3257.687665 23.979808
3258.103793 23.858833
3258.519921 23.949478
3258.936049 23.485785
3259.352177 23.748433
3259.768305 23.556837
3260.184433 23.397553
3260.600561 23.232663
3261.016689 23.631978
3261.432817 23.761391
3261.848945 23.362780
3262.265073 23.695335
3262.681201 23.716159
3263.097329 23.789012
3263.513457 24.103871
3263.929584 23.724864
3264.345712 22.948276
3264.761840 23.108170
3265.177968 22.808614
3265.594096 23.460786
3266.010224 23.749615
3266.426352 24.016239
3266.842480 23.614616
3267.258608 23.435329
3267.674736 23.115340
3268.090864 23.180709
3268.506992 23.550916
3268.923120 23.056989
3269.339248 23.545910
3269.755376 23.266224
3270.171504 23.075905
3270.587632 22.698443
3271.003760 22.898391
3271.419888 23.124198
3271.836016 23.559506
3272.252144 23.160324
3272.668272 22.411844
3273.084400 22.668990
3273.500528 22.626838
3273.916656 22.757919
3274.332784 23.124064
3274.748912 22.452385
3275.165040 22.177533
3275.581168 22.564978
3275.997295 22.891612
3276.413423 22.928950
3276.829551 23.509031
3277.245679 23.704336
3277.661807 23.525716
3278.077935 22.615807
3278.494063 22.964084
3278.910191 22.969767
3279.326319 22.816499
3279.742447 22.976451
3280.158575 22.885796
3280.574703 23.229793
3280.990831 23.264031
3281.406959 23.408975
3281.823087 23.288478
3282.239215 22.613290
3282.655343 23.008515
3283.071471 22.846800
3283.487599 22.799318
3283.903727 22.569860
3284.319855 22.659199
3284.735983 22.631320
3285.152111 22.653859
3285.568239 22.919892
3285.984367 23.040265
3286.400495 23.440973
3286.816623 22.820971
3287.232751 22.069164
3287.648878 22.001669
3288.065006 22.080757
3288.481134 22.237086
3288.897262 23.104843
3289.313390 24.046330
3289.729518 23.669973
3290.145646 23.519299
3290.561774 23.487301
3290.977902 23.108084
3291.394030 22.718684
3291.810158 23.123921
3292.226286 23.144325
3292.642414 23.379542
3293.058542 23.394912
3293.474670 23.125037
3293.890798 22.299279
3294.306926 22.632464
3294.723054 22.639967
3295.139182 22.917270
3295.555310 22.626076
3295.971438 22.731489
3296.387566 22.758911
3296.803694 22.246887
3297.219822 22.385863
3297.635950 22.314020
3298.052078 22.393500
3298.468206 22.568201
3298.884334 23.093783
3299.300461 23.570223
3299.716589 23.261390
3300.132717 22.850051
3300.548845 22.758873
3300.964973 22.294159
3301.381101 22.353102
3301.797229 22.170907
3302.213357 21.758042
3302.629485 22.851863
3303.045613 22.903893
3303.461741 22.640616
3303.877869 22.710618
3304.293997 22.913618
3304.710125 22.735008
3305.126253 22.899898
3305.542381 22.842309
3305.958509 23.155633
3306.374637 23.084305
3306.790765 22.675321
3307.206893 22.366517
3307.623021 23.080663
3308.039149 22.863886
3308.455277 22.991563
3308.871405 21.988482
3309.287533 21.862293
3309.703661 22.205736
3310.119789 23.048169
3310.535917 22.874002
3310.952044 23.314583
3311.368172 22.439866
3311.784300 22.790889
3312.200428 22.372304
3312.616556 22.545356
3313.032684 22.531426
3313.448812 23.025039
3313.864940 23.201713
3314.281068 23.205413
3314.697196 23.486310
3315.113324 22.747965
3315.529452 22.798202
3315.945580 22.574570
3316.361708 22.410490
3316.777836 22.546462
3317.193964 22.627258
3317.610092 22.672070
3318.026220 22.554443
3318.442348 22.594507
3318.858476 22.535164
3319.274604 22.340879
3319.690732 22.775167
3320.106860 22.699301
3320.522988 22.042333
3320.939116 22.232061
3321.355244 22.623196
3321.771372 23.445788
3322.187500 23.481361
3322.603628 22.329542
3323.019755 21.711094
3323.435883 22.364229
3323.852011 22.600008
3324.268139 23.198014
3324.684267 22.382068
3325.100395 22.161248
3325.516523 21.467172
3325.932651 21.628439
3326.348779 22.533495
3326.764907 22.976079
3327.181035 23.098655
3327.597163 22.737344
3328.013291 22.955980
3328.429419 23.453101
3328.845547 23.079862
3329.261675 23.157454
3329.677803 22.648339
3330.093931 22.223299
3330.510059 22.788620
3330.926187 22.644134
3331.342315 22.364667
3331.758443 23.060002
3332.174571 22.869816
3332.590699 22.118953
3333.006827 23.034754
3333.422955 22.646108
3333.839083 22.636821
3334.255211 22.656290
3334.671338 23.051821
3335.087466 22.710552
3335.503594 23.192884
3335.919722 23.101801
3336.335850 23.467756
3336.751978 23.455656
3337.168106 22.742673
3337.584234 22.708692
3338.000362 22.677362
3338.416490 22.697165
3338.832618 22.793902
3339.248746 22.988798
3339.664874 23.444911
3340.081002 23.680623
3340.497130 23.260713
3340.913258 23.431458
3341.329386 23.696689
3341.745514 23.928254
3342.161642 23.376071
3342.577770 23.456362
3342.993898 23.638004
3343.410026 23.811046
3343.826154 24.496741
3344.242282 24.190206
3344.658410 24.874042
3345.074538 24.759790
3345.490666 24.695041
3345.906794 24.386379
3346.322921 24.167409
3346.739049 23.711086
3347.155177 23.149664
3347.571305 23.265547
3347.987433 23.233454
3348.403561 23.024419
3348.819689 23.135401
3349.235817 22.990934
3349.651945 22.856144
3350.068073 22.688994
3350.484201 22.538806
3350.900329 22.718885
3351.316457 22.401985
3351.732585 22.482543
3352.148713 22.400174
3352.564841 22.657911
3352.980969 22.808652
3353.397097 22.428015
3353.813225 22.324775
3354.229353 22.327244
3354.645481 22.574513
3355.061609 22.299632
3355.477737 22.584629
3355.893865 22.258624
3356.309993 22.683445
3356.726121 22.177972
3357.142249 22.628488
3357.558377 22.631806
3357.974504 22.314497
3358.390632 22.418089
3358.806760 22.054061
3359.222888 22.048769
3359.639016 21.986890
3360.055144 22.247049
3360.471272 22.056235
3360.887400 22.059743
3361.303528 21.459478
3361.719656 22.207443
3362.135784 21.738925
3362.551912 22.049151
3362.968040 21.396350
3363.384168 22.249156
3363.800296 22.066637
3364.216424 22.350518
3364.632552 22.319664
3365.048680 22.176007
3365.464808 22.436882
3365.880936 22.435499
3366.297064 23.098998
3366.713192 22.202428
3367.129320 22.555654
3367.545448 22.368281
3367.961576 22.431314
3368.377704 21.859776
3368.793832 21.970862
3369.209960 21.684283
3369.626087 22.099817
3370.042215 22.310912
3370.458343 22.386492
3370.874471 22.547635
3371.290599 22.432677
3371.706727 22.372371
3372.122855 22.445148
3372.538983 22.516600
3372.955111 22.683531
3373.371239 22.414438
3373.787367 21.837951
3374.203495 22.115959
3374.619623 21.688745
3375.035751 21.884203
3375.451879 21.808690
3375.868007 22.176713
3376.284135 22.271973
3376.700263 22.135486
3377.116391 22.227227
3377.532519 21.564501
3377.948647 21.426898
3378.364775 22.088357
3378.780903 22.123177
3379.197031 21.482313
3379.613159 21.801405
3380.029287 22.008438
3380.445415 21.654917
3380.861543 21.547872
3381.277671 22.082941
3381.693798 22.036155
3382.109926 21.645325
3382.526054 21.174052
3382.942182 20.839228
3383.358310 21.201550
3383.774438 21.639757
3384.190566 22.003585
3384.606694 22.200092
3385.022822 21.944662
3385.438950 21.586096
3385.855078 21.893309
3386.271206 21.964207
3386.687334 21.258633
3387.103462 21.789239
3387.519590 21.686304
3387.935718 21.687382
3388.351846 21.944156
3388.767974 21.542752
3389.184102 21.585286
3389.600230 21.448723
3390.016358 21.182528
3390.432486 21.479167
3390.848614 21.357763
3391.264742 21.568944
3391.680870 21.562680
3392.096998 21.304561
3392.513126 21.462748
3392.929254 21.754648
3393.345381 21.677294
3393.761509 20.845425
3394.177637 21.282555
3394.593765 21.427842
3395.009893 21.431675
3395.426021 21.657062
3395.842149 21.493011
3396.258277 21.805543
3396.674405 21.653019
3397.090533 22.236189
3397.506661 21.425563
3397.922789 21.653191
3398.338917 21.765355
3398.755045 22.224042
3399.171173 22.047072
3399.587301 22.060277
3400.003429 21.750186
3400.419557 21.774299
3400.835685 22.483973
3401.251813 22.103164
3401.667941 21.765984
3402.084069 21.436318
3402.500197 21.320626
3402.916325 21.245246
3403.332453 22.109275
3403.748581 21.773030
3404.164709 21.739869
3404.580837 21.896608
3404.996964 21.571156
3405.413092 22.397457
3405.829220 22.285130
3406.245348 22.376976
3406.661476 21.484449
3407.077604 22.129689
3407.493732 22.383012
3407.909860 21.979291
3408.325988 21.660389
3408.742116 21.492591
3409.158244 21.564672
3409.574372 22.228209
3409.990500 22.576753
3410.406628 22.216234
3410.822756 22.154154
3411.238884 22.223938
3411.655012 22.996444
3412.071140 22.811894
3412.487268 22.873802
3412.903396 22.729907
3413.319524 22.832031
3413.735652 22.486681
3414.151780 22.309624
3414.567908 22.694171
3414.984036 22.108160
3415.400164 22.428720
3415.816292 22.483954
3416.232420 22.916059
3416.648547 22.845456
3417.064675 23.006427
3417.480803 23.436368
3417.896931 23.115226
3418.313059 23.277475
3418.729187 22.442221
3419.145315 21.918861
3419.561443 22.382621
3419.977571 23.083466
3420.393699 23.886903
3420.809827 24.404514
3421.225955 24.490687
3421.642083 24.461673
3422.058211 24.872726
3422.474339 24.387752
3422.890467 24.542297
3423.306595 24.937284
3423.722723 25.036892
3424.138851 25.675734
3424.554979 26.518358
3424.971107 26.591860
3425.387235 26.815282
3425.803363 26.428609
3426.219491 26.302954
3426.635619 26.051833
3427.051747 25.690017
3427.467875 25.587435
3427.884003 24.974479
3428.300130 23.676953
3428.716258 23.230555
3429.132386 23.267988
3429.548514 23.653536
3429.964642 23.768046
3430.380770 23.213508
3430.796898 23.486977
3431.213026 23.714767
3431.629154 23.470740
3432.045282 22.870903
3432.461410 23.341309
3432.877538 23.428883
3433.293666 22.767702
3433.709794 23.354542
3434.125922 23.007476
3434.542050 22.736123
3434.958178 22.545518
3435.374306 22.863628
3435.790434 22.781250
3436.206562 22.357745
3436.622690 21.844301
3437.038818 22.620698
3437.454946 22.657349
3437.871074 22.897037
3438.287202 22.969729
3438.703330 23.172461
3439.119458 22.799556
3439.535586 22.634676
3439.951714 22.913065
3440.367841 22.972236
3440.783969 23.344979
3441.200097 23.262058
3441.616225 22.863037
3442.032353 22.908994
3442.448481 23.223481
3442.864609 23.135420
3443.280737 22.886445
3443.696865 22.300195
3444.112993 22.637117
3444.529121 22.897171
3444.945249 22.930189
3445.361377 23.264260
3445.777505 22.986042
3446.193633 22.867824
3446.609761 21.967659
3447.025889 22.329351
3447.442017 22.349012
3447.858145 22.382211
3448.274273 22.012490
3448.690401 21.705974
3449.106529 22.114386
3449.522657 22.239927
3449.938785 22.414199
3450.354913 22.504558
3450.771041 22.237581
3451.187169 22.357898
3451.603297 22.906229
3452.019424 22.913237
3452.435552 22.445234
3452.851680 22.258043
3453.267808 22.263573
3453.683936 22.695001
3454.100064 23.018612
3454.516192 22.984812
3454.932320 22.959517
3455.348448 22.073416
3455.764576 21.941544
3456.180704 22.342890
3456.596832 22.636230
3457.012960 22.473847
3457.429088 22.602249
3457.845216 22.060335
3458.261344 22.484793
3458.677472 22.129937
3459.093600 21.888065
3459.509728 21.648967
3459.925856 21.946340
3460.341984 22.002727
3460.758112 22.166435
3461.174240 21.818482
3461.590368 21.462910
3462.006496 21.367222
3462.422624 21.238324
3462.838752 21.584866
3463.254880 22.045613
3463.671007 22.143237
3464.087135 21.568715
3464.503263 21.712029
3464.919391 21.686180
3465.335519 21.630422
3465.751647 20.742414
3466.167775 21.406904
3466.583903 21.502069
3467.000031 21.962253
3467.416159 21.462853
3467.832287 21.218531
3468.248415 21.822915
3468.664543 21.610667
3469.080671 21.718731
3469.496799 22.063014
3469.912927 22.499057
3470.329055 22.336722
3470.745183 22.087184
3471.161311 21.806811
3471.577439 21.465685
3471.993567 21.948857
3472.409695 22.045051
3472.825823 21.932305
3473.241951 21.794788
3473.658079 21.890839
3474.074207 21.699166
3474.490335 21.974753
3474.906463 21.752321
3475.322590 21.231641
3475.738718 21.262361
3476.154846 21.086296
3476.570974 21.500124
3476.987102 21.486642
3477.403230 21.152800
3477.819358 21.463215
3478.235486 21.109970
3478.651614 20.972931
3479.067742 21.127199
3479.483870 21.415180
3479.899998 21.737896
3480.316126 21.426689
3480.732254 21.824164
3481.148382 21.519641
3481.564510 20.850984
3481.980638 20.328349
3482.396766 20.281086
3482.812894 19.783097
3483.229022 20.249431
3483.645150 21.452966
3484.061278 22.229677
3484.477406 22.983287
3484.893534 22.519918
3485.309662 22.113871
3485.725790 21.145448
3486.141918 21.350593
3486.558046 21.835005
3486.974174 21.522692
3487.390301 20.901698
3487.806429 20.715393
3488.222557 20.361996
3488.638685 21.065520
3489.054813 21.958277
3489.470941 21.809042
3489.887069 21.694952
3490.303197 21.191338
3490.719325 21.024751
3491.135453 21.436633
3491.551581 21.291813
3491.967709 21.392183
3492.383837 21.500495
3492.799965 21.892088
3493.216093 22.126771
3493.632221 22.267301
3494.048349 21.883049
3494.464477 21.077210
3494.880605 20.492123
3495.296733 20.854273
3495.712861 21.168655
3496.128989 21.595907
3496.545117 21.952108
3496.961245 21.680698
3497.377373 21.707662
3497.793501 21.202408
3498.209629 21.246801
3498.625757 21.304589
3499.041884 21.863809
3499.458012 22.052020
3499.874140 21.975258
3500.290268 21.994870
3500.706396 21.359718
3501.122524 21.451612
3501.538652 21.360223
3501.954780 20.953690
3502.370908 21.300308
3502.787036 21.466829
3503.203164 21.613518
3503.619292 21.332154
3504.035420 21.069782
3504.451548 21.412349
3504.867676 21.047252
3505.283804 20.923075
3505.699932 21.079136
3506.116060 20.976325
3506.532188 21.465933
3506.948316 21.562575
3507.364444 21.276405
3507.780572 21.047071
3508.196700 20.734596
3508.612828 20.974780
3509.028956 20.469841
3509.445084 20.635189
3509.861212 21.249566
3510.277340 21.365963
3510.693467 21.139327
3511.109595 21.067294
3511.525723 20.948455
3511.941851 20.634254
3512.357979 20.434249
3512.774107 20.666357
3513.190235 20.674319
3513.606363 20.991351
3514.022491 21.510526
3514.438619 21.247668
3514.854747 21.455311
3515.270875 21.290297
3515.687003 20.718730
3516.103131 20.691424
3516.519259 21.290450
3516.935387 21.107911
3517.351515 20.719512
3517.767643 20.713887
3518.183771 20.928319
3518.599899 20.983933
3519.016027 20.634703
3519.432155 21.119734
3519.848283 20.598138
3520.264411 20.924104
3520.680539 20.827939
3521.096667 20.705544
3521.512795 20.668684
3521.928923 20.440360
3522.345050 20.338570
3522.761178 21.244703
3523.177306 20.850793
3523.593434 20.898771
3524.009562 20.976477
3524.425690 20.633501
3524.841818 20.888407
3525.257946 21.112011
3525.674074 20.946472
3526.090202 20.305780
3526.506330 20.831429
3526.922458 20.360480
3527.338586 20.545154
3527.754714 21.466972
3528.170842 21.085819
3528.586970 21.307478
3529.003098 21.233433
3529.419226 21.102877
3529.835354 20.657328
3530.251482 20.245017
3530.667610 20.199623
3531.083738 21.036392
3531.499866 21.185551
3531.915994 21.164336
3532.332122 20.865152
3532.748250 21.283747
3533.164378 20.925382
3533.580506 20.784585
3533.996633 20.307039
3534.412761 20.259795
3534.828889 20.718235
3535.245017 20.572080
3535.661145 21.144495
3536.077273 20.813237
3536.493401 20.717014
3536.909529 20.724566
3537.325657 20.863398
3537.741785 21.012804
3538.157913 21.045403
3538.574041 20.818423
3538.990169 20.775251
3539.406297 21.034743
3539.822425 20.690708
3540.238553 20.425124
3540.654681 20.308736
3541.070809 20.512489
3541.486937 20.849325
3541.903065 20.804970
3542.319193 21.168446
3542.735321 21.520632
3543.151449 21.045164
3543.567577 21.239020
3543.983705 20.748879
3544.399833 20.342517
3544.815961 20.058874
3545.232089 20.035247
3545.648217 20.416629
3546.064344 20.835404
3546.480472 21.091349
3546.896600 20.487890
3547.312728 20.221857
3547.728856 20.474866
3548.144984 20.012794
3548.561112 20.511783
3548.977240 20.520527
3549.393368 20.643017
3549.809496 20.404491
3550.225624 20.649367
3550.641752 20.509581
3551.057880 20.451468
3551.474008 20.553764
3551.890136 21.029461
3552.306264 20.671906
3552.722392 20.272467
3553.138520 20.093399
3553.554648 20.869376
3553.970776 20.740135
3554.386904 20.558236
3554.803032 20.364351
3555.219160 20.388130
3555.635288 20.649548
3556.051416 20.390161
3556.467544 20.026447
3556.883672 20.428795
3557.299800 20.066435
3557.715927 20.117149
3558.132055 20.080842
3558.548183 20.073557
3558.964311 20.579021
3559.380439 20.946444
3559.796567 20.888350
3560.212695 20.703313
3560.628823 19.942963
3561.044951 20.574263
3561.461079 20.521890
3561.877207 20.098347
3562.293335 20.326890
3562.709463 20.237170
3563.125591 20.329283
3563.541719 21.015788
3563.957847 20.865400
3564.373975 20.477040
3564.790103 20.353768
3565.206231 20.505004
3565.622359 20.890552
3566.038487 20.925144
3566.454615 20.733976
3566.870743 20.277520
3567.286871 20.219235
3567.702999 19.884773
3568.119127 20.233089
3568.535255 20.347828
3568.951383 19.953031
3569.367510 20.352814
3569.783638 20.185750
3570.199766 20.030480
3570.615894 20.214296
3571.032022 20.619018
3571.448150 20.217176
3571.864278 20.342431
3572.280406 20.326079
3572.696534 19.864064
3573.112662 19.932046
3573.528790 20.213438
3573.944918 20.660694
3574.361046 20.736541
3574.777174 20.713925
3575.193302 20.350268
3575.609430 19.967190
3576.025558 20.070220
3576.441686 20.341525
3576.857814 20.618017
3577.273942 20.592665
3577.690070 20.221771
3578.106198 20.267814
3578.522326 20.473426
3578.938454 20.270617
3579.354582 19.893669
3579.770710 20.110418
3580.186838 20.628143
3580.602966 20.760616
3581.019093 20.652694
3581.435221 20.507617
3581.851349 20.012898
3582.267477 20.244206
3582.683605 20.476305
3583.099733 20.834928
3583.515861 20.825775
3583.931989 20.709272
3584.348117 19.826594
3584.764245 20.164145
3585.180373 20.243424
3585.596501 20.166252
3586.012629 20.327233
3586.428757 20.550303
3586.844885 20.784414
3587.261013 21.056844
3587.677141 21.067952
3588.093269 21.012613
3588.509397 20.772496
3588.925525 20.724032
3589.341653 20.760396
3589.757781 20.846436
3590.173909 21.007417
3590.590037 20.677560
3591.006165 20.517380
3591.422293 20.228303
3591.838421 20.561487
3592.254549 20.460974
3592.670676 20.433886
3593.086804 20.405254
3593.502932 20.409754
3593.919060 20.253264
3594.335188 20.161933
3594.751316 20.199585
3595.167444 20.013757
3595.583572 20.143808
3595.999700 20.901069
3596.415828 21.197774
3596.831956 20.946205
3597.248084 20.353281
3597.664212 20.048272
3598.080340 19.990225
3598.496468 20.800975
3598.912596 20.794930
3599.328724 21.035267
3599.744852 20.981149
3600.160980 20.248945
3600.577108 21.038366
3600.993236 21.024684
3601.409364 21.107644
3601.825492 20.535639
3602.241620 20.270426
3602.657748 20.042017
3603.073876 20.134388
3603.490004 20.194179
3603.906132 20.298524
3604.322260 19.778873
3604.738387 20.045650
3605.154515 19.888311
3605.570643 20.170991
3605.986771 20.051933
3606.402899 20.293290
3606.819027 20.357114
3607.235155 20.173164
3607.651283 20.184873
3608.067411 20.368784
3608.483539 20.175090
3608.899667 20.189325
3609.315795 20.387196
3609.731923 20.543352
3610.148051 20.789353
3610.564179 20.659187
3610.980307 20.666948
3611.396435 20.000160
3611.812563 19.830493
3612.228691 19.469955
3612.644819 19.612439
3613.060947 20.084303
3613.477075 20.601027
3613.893203 20.631270
3614.309331 20.157509
3614.725459 20.404272
3615.141587 20.077438
3615.557715 20.495003
3615.973843 20.751863
3616.389970 20.627199
3616.806098 20.713973
3617.222226 20.767023
3617.638354 20.897207
3618.054482 20.503050
3618.470610 20.376527
3618.886738 20.233127
3619.302866 20.080241
3619.718994 20.230372
3620.135122 20.703027
3620.551250 20.662315
3620.967378 20.813504
3621.383506 20.578983
3621.799634 20.228560
3622.215762 20.177951
3622.631890 19.891333
3623.048018 20.213486
3623.464146 20.505672
3623.880274 20.230314
3624.296402 20.627056
3624.712530 20.004499
3625.128658 20.220332
3625.544786 20.041226
3625.960914 19.912147
3626.377042 19.810585
3626.793170 20.398713
3627.209298 19.944193
3627.625426 19.432913
3628.041553 19.752091
3628.457681 19.905235
3628.873809 20.725538
3629.289937 20.513194
3629.706065 20.612268
3630.122193 20.579555
3630.538321 20.252816
3630.954449 20.369471
3631.370577 20.019191
3631.786705 20.248983
3632.202833 20.400353
3632.618961 20.615881
3633.035089 20.492047
3633.451217 20.582959
3633.867345 20.420662
3634.283473 20.281343
3634.699601 20.137477
3635.115729 19.791850
3635.531857 20.154629
3635.947985 19.724164
3636.364113 20.541760
3636.780241 20.362616
3637.196369 20.644924
3637.612497 19.918259
3638.028625 20.900306
3638.444753 20.775270
3638.860881 20.664012
3639.277009 20.741499
3639.693136 20.577753
3640.109264 19.909563
3640.525392 20.396149
3640.941520 20.159702
3641.357648 20.100406
3641.773776 20.132728
3642.189904 20.118074
3642.606032 20.111228
3643.022160 19.558731
3643.438288 20.063317
3643.854416 20.017589
3644.270544 20.213925
3644.686672 20.475381
3645.102800 20.836835
3645.518928 20.235511
3645.935056 20.596021
3646.351184 20.303578
3646.767312 20.404548
3647.183440 20.170466
3647.599568 20.210101
3648.015696 20.249765
3648.431824 20.040491
3648.847952 20.218520
3649.264080 19.954452
3649.680208 20.248125
3650.096336 19.895538
3650.512464 20.037507
3650.928592 19.995641
3651.344720 20.214602
3651.760847 19.436012
3652.176975 19.864780
3652.593103 20.094724
3653.009231 20.027944
3653.425359 20.118570
3653.841487 19.827700
3654.257615 20.082462
3654.673743 20.308622
3655.089871 20.561563
3655.505999 20.503774
3655.922127 20.563327
3656.338255 20.154715
3656.754383 19.880826
3657.170511 19.675042
3657.586639 19.934181
3658.002767 19.665880
3658.418895 19.991427
3658.835023 20.289162
3659.251151 20.341659
3659.667279 20.344433
3660.083407 20.047099
3660.499535 20.191070
3660.915663 20.070697
3661.331791 19.802700
3661.747919 20.055489
3662.164047 20.118846
3662.580175 20.114641
3662.996303 20.009180
3663.412430 19.822465
3663.828558 19.429595
3664.244686 19.671438
3664.660814 19.997643
3665.076942 19.620467
3665.493070 19.664936
3665.909198 20.285710
3666.325326 20.169675
3666.741454 19.962137
3667.157582 19.855054
3667.573710 20.028630
3667.989838 19.876497
3668.405966 19.510886
3668.822094 19.784203
3669.238222 20.088717
3669.654350 19.851431
3670.070478 20.126932
3670.486606 19.596478
3670.902734 19.878833
3671.318862 19.578229
3671.734990 19.561162
3672.151118 19.651654
3672.567246 19.791898
3672.983374 19.749173
3673.399502 19.665870
3673.815630 19.150157
3674.231758 19.932580
3674.647886 20.022967
3675.064013 20.414379
3675.480141 20.368765
3675.896269 20.368041
3676.312397 20.597480
3676.728525 19.810004
3677.144653 20.333793
3677.560781 19.863121
3677.976909 20.516150
3678.393037 20.571546
3678.809165 21.037966
3679.225293 20.092664
3679.641421 19.902069
3680.057549 19.385459
3680.473677 19.540338
3680.889805 19.734967
3681.305933 19.669703
3681.722061 19.695828
3682.138189 19.668530
3682.554317 19.491522
3682.970445 19.336738
3683.386573 19.260986
3683.802701 19.554040
3684.218829 19.575883
3684.634957 19.743624
3685.051085 19.417095
3685.467213 19.714420
3685.883341 19.727482
3686.299469 19.335003
3686.715596 19.058120
3687.131724 19.035075
3687.547852 18.918859
3687.963980 18.786224
3688.380108 18.907798
3688.796236 18.842477
3689.212364 18.918706
3689.628492 19.346053
3690.044620 19.701596
3690.460748 19.757545
3690.876876 19.795273
3691.293004 19.748067
3691.709132 20.618818
3692.125260 19.740096
3692.541388 18.447233
3692.957516 19.517551
3693.373644 18.877584
3693.789772 21.075360
3694.205900 20.789152
3694.622028 20.596936
3695.038156 19.568828
3695.454284 19.110159
3695.870412 18.933637
3696.286540 18.889349
3696.702668 19.047374
3697.118796 19.358953
3697.534924 19.236778
3697.951052 19.687733
3698.367179 19.591186
3698.783307 19.771036
3699.199435 20.248306
3699.615563 19.783459
3700.031691 19.060923
3700.447819 18.726881
3700.863947 19.126292
3701.280075 19.253330
3701.696203 19.428422
3702.112331 19.575044
3702.528459 19.813541
3702.944587 19.413548
3703.360715 19.396663
3703.776843 19.206506
3704.192971 19.464606
3704.609099 19.592855
3705.025227 19.768147
3705.441355 19.532673
3705.857483 19.310833
3706.273611 18.616719
3706.689739 18.234775
3707.105867 18.358752
3707.521995 18.549033
3707.938123 18.796645
3708.354251 19.163848
3708.770379 18.999168
3709.186507 18.698372
3709.602635 18.413099
3710.018763 18.676043
3710.434890 18.985886
3710.851018 19.388015
3711.267146 19.287425
3711.683274 18.496097
3712.099402 18.471088
3712.515530 18.383428
3712.931658 19.780752
3713.347786 18.740105
3713.763914 19.153837
3714.180042 19.540329
3714.596170 20.331667
3715.012298 19.851822
3715.428426 19.513146
3715.844554 19.235786
3716.260682 18.673192
3716.676810 18.648068
3717.092938 18.539317
3717.509066 18.164010
3717.925194 18.342067
3718.341322 18.469143
3718.757450 19.121429
3719.173578 19.215192
3719.589706 19.092139
3720.005834 19.384268
3720.421962 19.100730
3720.838090 19.776452
3721.254218 19.509437
3721.670346 19.530852
3722.086473 19.179151
3722.502601 18.939615
3722.918729 19.520611
3723.334857 19.962938
3723.750985 20.655002
3724.167113 21.381724
3724.583241 23.802932
3724.999369 24.517345
3725.415497 26.781826
3725.831625 28.530793
3726.247753 29.094017
3726.663881 30.616004
3727.080009 31.539729
3727.496137 32.746572
3727.912265 32.454034
3728.328393 31.884994
3728.744521 31.090452
3729.160649 30.266631
3729.576777 29.428784
3729.992905 28.520314
3730.409033 26.296995
3730.825161 24.296268
3731.241289 23.391670
3731.657417 21.980569
3732.073545 20.723698
3732.489673 19.120762
3732.905801 18.330196
3733.321929 17.932616
3733.738056 17.845709
3734.154184 17.419973
3734.570312 17.415911
3734.986440 18.572478
3735.402568 18.241058
3735.818696 18.008978
3736.234824 18.332008
3736.650952 18.266468
3737.067080 18.397682
3737.483208 18.289770
3737.899336 18.183145
3738.315464 18.036581
3738.731592 17.330539
3739.147720 17.177977
3739.563848 17.656420
3739.979976 17.957263
3740.396104 17.853727
3740.812232 18.375047
3741.228360 18.113305
3741.644488 18.540309
3742.060616 19.020888
3742.476744 18.125757
3742.892872 17.759393
3743.309000 17.902372
3743.725128 18.129590
3744.141256 18.028190
3744.557384 17.712235
3744.973512 17.674249
3745.389639 17.979793
3745.805767 18.081421
3746.221895 18.066357
3746.638023 17.967150
3747.054151 17.832313
3747.470279 17.630266
3747.886407 17.288034
3748.302535 17.801917
3748.718663 18.271893
3749.134791 18.448987
3749.550919 18.715506
3749.967047 18.517970
3750.383175 18.229960
3750.799303 17.781818
3751.215431 17.771091
3751.631559 17.886126
3752.047687 17.824494
3752.463815 18.450208
3752.879943 18.591385
3753.296071 18.906654
3753.712199 18.750269
3754.128327 18.479450
3754.544455 18.295634
3754.960583 17.794975
3755.376711 18.081469
3755.792839 18.745702
3756.208967 18.606259
3756.625095 18.590451
3757.041222 18.850629
3757.457350 19.267479
3757.873478 19.453527
3758.289606 19.572899
3758.705734 19.328491
3759.121862 18.691307
3759.537990 18.532529
3759.954118 17.946737
3760.370246 17.774190
3760.786374 18.023204
3761.202502 17.947814
3761.618630 18.045438
3762.034758 18.011695
3762.450886 18.465062
3762.867014 18.298589
3763.283142 18.499301
3763.699270 18.438337
3764.115398 18.154580
3764.531526 17.773876
3764.947654 17.869040
3765.363782 17.987316
3765.779910 18.137837
3766.196038 18.054820
3766.612166 17.967188
3767.028294 17.690363
3767.444422 17.844631
3767.860550 17.674459
3768.276678 17.593663
3768.692806 17.282056
3769.108933 17.129713
3769.525061 16.893705
3769.941189 16.756627
3770.357317 17.027407
3770.773445 17.179426
3771.189573 17.390873
3771.605701 17.429593
3772.021829 17.658784
3772.437957 17.750173
3772.854085 17.661873
3773.270213 17.292973
3773.686341 17.448290
3774.102469 17.076510
3774.518597 16.887669
3774.934725 17.537476
3775.350853 17.227118
3775.766981 16.631200
3776.183109 17.001207
3776.599237 17.344717
3777.015365 17.373120
3777.431493 17.501960
3777.847621 17.462373
3778.263749 17.101815
3778.679877 17.259764
3779.096005 17.428192
3779.512133 17.451360
3779.928261 17.500254
3780.344389 17.448853
3780.760516 17.508587
3781.176644 17.376352
3781.592772 17.501731
3782.008900 17.358895
3782.425028 17.113571
3782.841156 17.149068
3783.257284 17.426075
3783.673412 17.256589
3784.089540 17.473233
3784.505668 17.235270
3784.921796 17.289893
3785.337924 16.989384
3785.754052 17.430527
3786.170180 17.540022
3786.586308 17.548794
3787.002436 17.588477
3787.418564 17.399302
3787.834692 17.300553
3788.250820 17.440825
3788.666948 17.162855
3789.083076 17.212606
3789.499204 17.462011
3789.915332 16.620817
3790.331460 16.707572
3790.747588 16.844669
3791.163716 16.653034
3791.579844 16.456861
3791.995972 16.420840
3792.412099 16.473718
3792.828227 16.278975
3793.244355 16.670587
3793.660483 16.954449
3794.076611 17.302040
3794.492739 17.185623
3794.908867 16.817857
3795.324995 16.690133
3795.741123 16.304785
3796.157251 16.139790
3796.573379 16.428572
3796.989507 16.352220
3797.405635 16.026196
3797.821763 16.150688
3798.237891 16.251354
3798.654019 16.219394
3799.070147 16.527054
3799.486275 16.488058
3799.902403 16.815445
3800.318531 16.520695
3800.734659 16.439317
3801.150787 16.392398
3801.566915 16.463526
3801.983043 16.219375
3802.399171 16.143947
3802.815299 16.246148
3803.231427 16.018025
3803.647555 16.370831
3804.063682 16.245881
3804.479810 16.194566
3804.895938 16.262061
3805.312066 16.610596
3805.728194 16.541528
3806.144322 16.692679
3806.560450 16.286307
3806.976578 15.955936
3807.392706 16.006135
3807.808834 16.414804
3808.224962 16.538667
3808.641090 16.574555
3809.057218 16.470524
3809.473346 16.454001
3809.889474 16.941883
3810.305602 16.961848
3810.721730 16.896174
3811.137858 16.492453
3811.553986 15.821632
3811.970114 15.994865
3812.386242 16.146741
3812.802370 16.313910
3813.218498 16.879412
3813.634626 16.217611
3814.050754 16.132811
3814.466882 16.073296
3814.883010 16.018797
3815.299138 16.237367
3815.715266 16.496029
3816.131393 16.775057
3816.547521 16.491328
3816.963649 16.102319
3817.379777 16.199963
3817.795905 15.830166
3818.212033 16.499280
3818.628161 16.388651
3819.044289 16.346766
3819.460417 15.496705
3819.876545 15.725686
3820.292673 16.493969
3820.708801 16.901676
3821.124929 16.694547
3821.541057 16.604875
3821.957185 16.344153
3822.373313 16.529819
3822.789441 16.309695
3823.205569 15.927237
3823.621697 16.314463
3824.037825 16.500863
3824.453953 16.508777
3824.870081 16.280701
3825.286209 16.109327
3825.702337 15.829822
3826.118465 16.160518
3826.534593 15.478656
3826.950721 15.560539
3827.366849 15.539763
3827.782976 16.004438
3828.199104 16.009138
3828.615232 15.751372
3829.031360 16.177690
3829.447488 16.067671
3829.863616 16.367751
3830.279744 16.166172
3830.695872 16.041842
3831.112000 15.670310
3831.528128 15.938669
3831.944256 15.879288
3832.360384 15.652328
3832.776512 15.558861
3833.192640 15.135194
3833.608768 15.680979
3834.024896 16.150173
3834.441024 16.452628
3834.857152 16.478171
3835.273280 16.216181
3835.689408 15.954172
3836.105536 15.603549
3836.521664 15.581581
3836.937792 15.963544
3837.353920 16.137349
3837.770048 16.213540
3838.186176 16.427313
3838.602304 16.336078
3839.018432 16.217268
3839.434559 15.950863
3839.850687 15.941415
3840.266815 15.615639
3840.682943 15.746519
3841.099071 15.747835
3841.515199 16.237204
3841.931327 15.755978
3842.347455 15.078492
3842.763583 15.527473
3843.179711 16.114018
3843.595839 16.041851
3844.011967 15.931890
3844.428095 16.260688
3844.844223 16.381185
3845.260351 16.616793
3845.676479 16.108450
3846.092607 15.839271
3846.508735 15.999880
3846.924863 16.235784
3847.340991 16.205597
3847.757119 16.006640
3848.173247 16.366130
3848.589375 16.138894
3849.005503 16.000309
3849.421631 16.321280
3849.837759 16.300314
3850.253887 16.032527
3850.670015 15.506487
3851.086142 15.623943
3851.502270 15.539248
3851.918398 15.785515
3852.334526 16.630084
3852.750654 16.558861
3853.166782 16.565803
3853.582910 16.493340
3853.999038 16.202842
3854.415166 16.740685
3854.831294 17.202433
3855.247422 17.223924
3855.663550 17.039955
3856.079678 16.073010
3856.495806 16.153100
3856.911934 16.757981
3857.328062 15.976464
3857.744190 17.143309
3858.160318 16.874521
3858.576446 17.049833
3858.992574 17.393762
3859.408702 17.839750
3859.824830 16.764455
3860.240958 17.595837
3860.657086 17.250659
3861.073214 17.051806
3861.489342 17.651977
3861.905470 18.090575
3862.321598 18.016720
3862.737725 18.944297
3863.153853 19.049339
3863.569981 18.940969
3863.986109 18.894841
3864.402237 19.349133
3864.818365 20.040987
3865.234493 20.569944
3865.650621 21.104955
3866.066749 22.102458
3866.482877 22.718027
3866.899005 23.416736
3867.315133 24.258349
3867.731261 25.530304
3868.147389 27.192030
3868.563517 27.897671
3868.979645 27.877677
3869.395773 26.771795
3869.811901 26.364375
3870.228029 24.668573
3870.644157 23.638576
3871.060285 22.879275
3871.476413 21.784329
3871.892541 21.351251
3872.308669 20.718912
3872.724797 20.288494
3873.140925 19.397740
3873.557053 19.165631
3873.973181 18.910382
3874.389309 18.553743
3874.805436 17.994476
3875.221564 18.111531
3875.637692 18.309917
3876.053820 17.990529
3876.469948 18.078609
3876.886076 17.111979
3877.302204 16.575575
3877.718332 16.832541
3878.134460 16.968513
3878.550588 17.113752
3878.966716 17.221588
3879.382844 16.849760
3879.798972 16.939995
3880.215100 16.609414
3880.631228 16.612789
3881.047356 16.673400
3881.463484 16.649716
3881.879612 16.839987
3882.295740 17.200602
3882.711868 17.701137
3883.127996 17.644149
3883.544124 17.477523
3883.960252 17.474367
3884.376380 16.992378
3884.792508 17.160805
3885.208636 17.331311
3885.624764 17.561294
3886.040892 17.636044
3886.457019 18.219748
3886.873147 17.979821
3887.289275 18.014889
3887.705403 18.034378
3888.121531 18.393210
3888.537659 19.393583
3888.953787 19.699737
3889.369915 19.414054
3889.786043 19.074805
3890.202171 18.753244
3890.618299 18.075701
3891.034427 18.877412
3891.450555 18.783258
3891.866683 18.571401
3892.282811 17.727366
3892.698939 17.530526
3893.115067 17.274333
3893.531195 17.224715
3893.947323 17.355462
3894.363451 17.420373
3894.779579 17.420545
3895.195707 17.167460
3895.611835 16.967874
3896.027963 16.892732
3896.444091 17.021229
3896.860219 17.518188
3897.276347 17.085721
3897.692475 16.692450
3898.108602 16.359065
3898.524730 15.878639
3898.940858 15.866788
3899.356986 16.012094
3899.773114 15.870754
3900.189242 16.167107
3900.605370 16.057259
3901.021498 15.967349
3901.437626 16.064744
3901.853754 15.732208
3902.269882 15.494855
3902.686010 15.698761
3903.102138 16.153882
3903.518266 15.518196
3903.934394 15.449252
3904.350522 15.325131
3904.766650 15.500862
3905.182778 15.800628
3905.598906 15.910361
3906.015034 15.763205
3906.431162 15.796976
3906.847290 15.883120
3907.263418 15.922965
3907.679546 15.994465
3908.095674 16.046047
3908.511802 15.922269
3908.927930 15.567499
3909.344058 15.680397
3909.760185 15.658668
3910.176313 15.703271
3910.592441 15.615629
3911.008569 15.429601
3911.424697 15.384102
3911.840825 15.425987
3912.256953 15.308627
3912.673081 15.628749
3913.089209 16.325370
3913.505337 15.661853
3913.921465 13.847898
3914.337593 14.232416
3914.753721 15.385351
3915.169849 14.941757
3915.585977 14.538160
3916.002105 15.072371
3916.418233 14.606971
3916.834361 15.559652
3917.250489 15.174771
3917.666617 14.966204
3918.082745 15.308017
3918.498873 15.377876
3918.915001 14.817303
3919.331129 14.546694
3919.747257 14.855059
3920.163385 15.521304
3920.579513 15.153643
3920.995641 14.956288
3921.411768 15.026939
3921.827896 14.818352
3922.244024 15.066040
3922.660152 14.607295
3923.076280 14.521599
3923.492408 14.820335
3923.908536 14.864861
3924.324664 14.439468
3924.740792 14.400653
3925.156920 14.324377
3925.573048 14.116572
3925.989176 14.247900
3926.405304 14.068670
3926.821432 13.901435
3927.237560 14.117029
3927.653688 14.386952
3928.069816 14.241017
3928.485944 14.056028
3928.902072 14.012912
3929.318200 13.849281
3929.734328 13.571368
3930.150456 13.715006
3930.566584 13.394674
3930.982712 13.282405
3931.398840 13.340909
3931.814968 13.014304
3932.231096 12.903531
3932.647224 13.655892
3933.063352 14.324015
3933.479479 13.077069
3933.895607 12.257900
3934.311735 12.231051
3934.727863 13.189338
3935.143991 13.364726
3935.560119 13.840785
3935.976247 13.600792
3936.392375 13.740721
3936.808503 13.507964
3937.224631 13.702363
3937.640759 13.948611
3938.056887 14.145728
3938.473015 14.145738
3938.889143 14.198397
3939.305271 13.771260
3939.721399 13.296888
3940.137527 13.466326
3940.553655 13.589064
3940.969783 14.071769
3941.385911 14.249550
3941.802039 14.023715
3942.218167 13.963075
3942.634295 13.996723
3943.050423 13.776780
3943.466551 13.574495
3943.882679 14.114713
3944.298807 13.755127
3944.714935 14.001719
3945.131062 14.106255
3945.547190 14.182379
3945.963318 14.052700
3946.379446 14.005456
3946.795574 13.956134
3947.211702 13.777123
3947.627830 14.057324
3948.043958 14.187318
3948.460086 14.655559
3948.876214 14.592498
3949.292342 14.482517
3949.708470 14.696576
3950.124598 14.861791
3950.540726 14.777153
3950.956854 14.543557
3951.372982 14.611090
3951.789110 14.933557
3952.205238 15.045788
3952.621366 14.931088
3953.037494 14.601660
3953.453622 14.509538
3953.869750 14.445589
3954.285878 14.183304
3954.702006 14.235410
3955.118134 15.485435
3955.534262 16.578207
3955.950390 15.988248
3956.366518 16.338557
3956.782645 16.428076
3957.198773 16.495199
3957.614901 16.055467
3958.031029 15.747377
3958.447157 15.063913
3958.863285 15.492329
3959.279413 15.572323
3959.695541 15.678014
3960.111669 15.568386
3960.527797 15.407576
3960.943925 15.081285
3961.360053 15.118975
3961.776181 15.505963
3962.192309 16.039678
3962.608437 16.315588
3963.024565 16.239312
3963.440693 16.411114
3963.856821 16.191381
3964.272949 16.410228
3964.689077 17.198714
3965.105205 17.307522
3965.521333 17.645207
3965.937461 18.000035
3966.353589 18.353642
3966.769717 17.791419
3967.185845 17.756465
3967.601973 17.344898
3968.018101 16.691353
3968.434228 16.110414
3968.850356 17.782361
3969.266484 18.132174
3969.682612 18.908752
3970.098740 19.335213
3970.514868 18.556184
3970.930996 17.436324
3971.347124 17.194443
3971.763252 17.283591
3972.179380 16.489231
3972.595508 15.649715
3973.011636 15.417587
3973.427764 15.604684
3973.843892 15.694995
3974.260020 15.023516
3974.676148 14.829488
3975.092276 15.241008
3975.508404 15.526071
3975.924532 15.452579
3976.340660 15.283179
3976.756788 14.990335
3977.172916 14.933405
3977.589044 14.931746
3978.005172 15.727145
3978.421300 16.244279
3978.837428 15.963821
3979.253556 15.430859
3979.669684 15.306529
3980.085812 14.930173
3980.501939 14.873671
3980.918067 15.221901
3981.334195 15.330451
3981.750323 15.427341
3982.166451 15.569873
3982.582579 15.370430
3982.998707 14.959138
3983.414835 14.674132
3983.830963 14.418445
3984.247091 13.988628
3984.663219 13.202496
3985.079347 14.087816
3985.495475 15.296461
3985.911603 16.229768
3986.327731 15.677260
3986.743859 16.049393
3987.159987 15.701040
3987.576115 14.873471
3987.992243 14.781005
3988.408371 14.931450
3988.824499 14.810466
3989.240627 14.822776
3989.656755 14.721833
3990.072883 15.105217
3990.489011 15.376370
3990.905139 15.008823
3991.321267 15.044453
3991.737395 15.192201
3992.153522 14.470780
3992.569650 14.773186
3992.985778 14.648990
3993.401906 15.026366
3993.818034 15.119414
3994.234162 14.913945
3994.650290 14.401912
3995.066418 14.786907
3995.482546 14.290882
3995.898674 15.188749
3996.314802 14.563093
3996.730930 14.394742
3997.147058 14.366310
3997.563186 14.614284
3997.979314 14.467853
3998.395442 14.137853
3998.811570 14.489772
3999.227698 14.395571
3999.643826 14.503350
4000.059954 14.323795
4000.476082 14.582534
4000.892210 14.367149
4001.308338 14.322241
4001.724466 14.394132
4002.140594 14.108944
4002.556722 13.442976
4002.972850 13.173044
4003.388978 13.763689
4003.805105 14.733485
4004.221233 15.369057
4004.637361 15.476492
4005.053489 15.826485
4005.469617 15.254089
4005.885745 14.925434
4006.301873 14.532754
4006.718001 14.528940
4007.134129 14.336781
4007.550257 14.584794
4007.966385 14.432365
4008.382513 14.263299
4008.798641 13.779745
4009.214769 13.871696
4009.630897 13.940183
4010.047025 14.096197
4010.463153 14.001175
4010.879281 14.047389
4011.295409 13.856088
4011.711537 13.811972
4012.127665 13.887781
4012.543793 13.845905
4012.959921 14.189625
4013.376049 14.523878
4013.792177 13.808730
4014.208305 12.958803
4014.624433 11.357555
4015.040561 11.534210
4015.456688 11.279524
4015.872816 13.065714
4016.288944 13.952349
4016.705072 13.516554
4017.121200 15.485025
4017.537328 14.831309
4017.953456 14.711860
4018.369584 14.059088
4018.785712 13.610736
4019.201840 14.017079
4019.617968 13.802933
4020.034096 13.610488
4020.450224 14.156521
4020.866352 14.104530
4021.282480 14.206482
4021.698608 14.664464
4022.114736 14.459491
4022.530864 13.560537
4022.946992 13.109735
4023.363120 12.925013
4023.779248 12.649236
4024.195376 12.376043
4024.611504 12.474067
4025.027632 12.397496
4025.443760 12.865222
4025.859888 12.854390
4026.276016 13.857423
4026.692144 14.106694
4027.108271 13.790977
4027.524399 13.667591
4027.940527 13.365928
4028.356655 13.448163
4028.772783 13.531113
4029.188911 13.522580
4029.605039 13.636251
4030.021167 13.179489
4030.437295 13.379181
4030.853423 13.257644
4031.269551 13.197328
4031.685679 13.120718
4032.101807 12.965458
4032.517935 13.112814
4032.934063 13.066839
4033.350191 13.254173
4033.766319 13.500536
4034.182447 13.370304
4034.598575 13.411350
4035.014703 13.599295
4035.430831 13.914430
4035.846959 13.792398
4036.263087 13.521913
4036.679215 13.256786
4037.095343 13.175494
4037.511471 12.999277
4037.927599 13.430543
4038.343727 13.644126
4038.759855 13.716636
4039.175982 13.592192
4039.592110 13.329782
4040.008238 12.551783
4040.424366 11.953224
4040.840494 11.347257
4041.256622 12.410510
4041.672750 11.967803
4042.088878 12.398020
4042.505006 13.931983
4042.921134 14.013055
4043.337262 14.461474
4043.753390 13.736754
4044.169518 13.928856
4044.585646 13.751256
4045.001774 13.066210
4045.417902 13.221489
4045.834030 13.046177
4046.250158 12.729517
4046.666286 12.225674
4047.082414 12.323469
4047.498542 12.407316
4047.914670 12.270572
4048.330798 12.808701
4048.746926 13.150028
4049.163054 13.355049
4049.579182 13.020673
4049.995310 13.462512
4050.411438 13.956411
4050.827565 13.769820
4051.243693 13.234427
4051.659821 12.978006
4052.075949 12.941955
4052.492077 12.744600
4052.908205 13.138815
4053.324333 13.311876
4053.740461 12.451204
4054.156589 12.208912
4054.572717 12.459527
4054.988845 12.183207
4055.404973 12.652296
4055.821101 12.439123
4056.237229 12.435510
4056.653357 12.855487
4057.069485 12.529301
4057.485613 12.889582
4057.901741 12.939915
4058.317869 12.298127
4058.733997 12.955933
4059.150125 13.148931
4059.566253 12.711048
4059.982381 12.660687
4060.398509 12.728115
4060.814637 12.843435
4061.230765 13.167295
4061.646893 12.988627
4062.063021 13.217503
4062.479148 13.414563
4062.895276 13.450995
4063.311404 13.330211
4063.727532 12.785303
4064.143660 13.111460
4064.559788 12.974392
4064.975916 12.876940
4065.392044 12.637203
4065.808172 13.237345
4066.224300 13.483202
4066.640428 13.704241
4067.056556 13.300301
4067.472684 13.626077
4067.888812 14.038646
4068.304940 14.049172
4068.721068 14.197644
4069.137196 14.586519
4069.553324 14.631808
4069.969452 14.513876
4070.385580 14.490926
4070.801708 13.569986
4071.217836 12.978644
4071.633964 12.773166
4072.050092 12.730308
4072.466220 12.767483
4072.882348 13.628671
4073.298476 13.642343
4073.714604 13.158961
4074.130731 13.471809
4074.546859 13.654500
4074.962987 14.029674
4075.379115 13.566153
4075.795243 13.750465
4076.211371 13.438647
4076.627499 12.918501
4077.043627 13.117353
4077.459755 13.709743
4077.875883 14.228631
4078.292011 14.080522
4078.708139 14.203975
4079.124267 14.013465
4079.540395 13.608896
4079.956523 13.644851
4080.372651 13.597207
4080.788779 14.012922
4081.204907 14.047322
4081.621035 14.070730
4082.037163 14.024430
4082.453291 13.836047
4082.869419 13.670975
4083.285547 13.957726
4083.701675 14.028539
4084.117803 14.092640
4084.533931 14.330651
4084.950059 14.728756
4085.366187 14.609135
4085.782314 14.421105
4086.198442 14.300102
4086.614570 14.655568
4087.030698 14.465469
4087.446826 14.696233
4087.862954 14.997000
4088.279082 14.901178
4088.695210 14.785839
4089.111338 15.046008
4089.527466 14.622855
4089.943594 13.896705
4090.359722 14.398699
4090.775850 15.061749
4091.191978 14.837630
4091.608106 15.105560
4092.024234 15.317770
4092.440362 14.735039
4092.856490 14.615075
4093.272618 14.986579
4093.688746 15.256521
4094.104874 15.757417
4094.521002 15.855060
4094.937130 16.291465
4095.353258 15.846060
4095.769386 15.856004
4096.185514 15.839662
4096.601642 15.888374
4097.017770 15.926131
4097.433898 16.223761
4097.850025 16.289997
4098.266153 16.314520
4098.682281 16.309915
4099.098409 16.113646
4099.514537 16.505220
4099.930665 16.927762
4100.346793 17.288215
4100.762921 17.479659
4101.179049 17.727233
4101.595177 18.293536
4102.011305 18.317086
4102.427433 17.938156
4102.843561 17.677348
4103.259689 17.297807
4103.675817 17.002141
4104.091945 16.993131
4104.508073 16.862679
4104.924201 17.024223
4105.340329 16.715857
4105.756457 16.413317
4106.172585 16.081448
4106.588713 15.783723
4107.004841 15.816302
4107.420969 15.998908
4107.837097 16.149639
4108.253225 15.978761
4108.669353 15.838556
4109.085481 15.768630
4109.501608 15.674095
4109.917736 15.849578
4110.333864 15.732599
4110.749992 15.823978
4111.166120 15.584804
4111.582248 15.514372
4111.998376 16.069730
4112.414504 16.159374
4112.830632 16.044416
4113.246760 16.115162
4113.662888 15.842437
4114.079016 15.988591
4114.495144 15.879326
4114.911272 15.906547
4115.327400 15.509901
4115.743528 15.426216
4116.159656 15.428028
4116.575784 15.727927
4116.991912 15.616535
4117.408040 15.614085
4117.824168 15.338136
4118.240296 15.154453
4118.656424 15.269020
4119.072552 15.178213
4119.488680 15.268610
4119.904808 15.141095
4120.320936 15.168746
4120.737064 14.927093
4121.153191 15.197950
4121.569319 15.264444
4121.985447 15.031305
4122.401575 15.106609
4122.817703 14.897374
4123.233831 14.939831
4123.649959 14.837697
4124.066087 14.746642
4124.482215 14.890576
4124.898343 14.619375
4125.314471 14.744221
4125.730599 14.796098
4126.146727 14.580618
4126.562855 14.303820
4126.978983 14.237060
4127.395111 14.375692
4127.811239 14.274816
4128.227367 14.416528
4128.643495 14.386065
4129.059623 14.185621
4129.475751 13.672472
4129.891879 13.963991
4130.308007 14.297985
4130.724135 14.319695
4131.140263 14.087968
4131.556391 14.310390
4131.972519 14.024659
4132.388647 14.234972
4132.804774 14.154748
4133.220902 13.879877
4133.637030 13.827218
4134.053158 13.902684
4134.469286 13.484890
4134.885414 13.487226
4135.301542 13.387886
4135.717670 13.682474
4136.133798 13.783798
4136.549926 13.551822
4136.966054 13.615523
4137.382182 13.639521
4137.798310 13.212650
4138.214438 13.241387
4138.630566 13.262106
4139.046694 13.284588
4139.462822 13.360541
4139.878950 13.502319
4140.295078 13.483126
4140.711206 13.502176
4141.127334 13.422935
4141.543462 13.655301
4141.959590 13.719868
4142.375718 13.763270
4142.791846 13.612576
4143.207974 13.626544
4143.624102 13.562968
4144.040230 13.745965
4144.456358 13.779850
4144.872485 13.865861
4145.288613 13.414468
4145.704741 13.037263
4146.120869 13.442137
4146.536997 13.645385
4146.953125 13.498848
4147.369253 13.420904
4147.785381 13.130625
4148.201509 12.997828
4148.617637 13.025611
4149.033765 13.102555
4149.449893 13.050106
4149.866021 13.299014
4150.282149 13.459261
4150.698277 13.117629
4151.114405 12.864878
4151.530533 12.911054
4151.946661 12.452596
4152.362789 12.827980
4152.778917 12.799500
4153.195045 13.362667
4153.611173 13.255842
4154.027301 12.702982
4154.443429 12.387294
4154.859557 12.376596
4155.275685 12.430228
4155.691813 12.681739
4156.107941 12.416803
4156.524068 12.181319
4156.940196 12.360616
4157.356324 12.443814
4157.772452 12.477919
4158.188580 12.675294
4158.604708 12.742150
4159.020836 13.009489
4159.436964 12.888677
4159.853092 12.662146
4160.269220 12.351472
4160.685348 12.527575
4161.101476 12.489628
4161.517604 12.248318
4161.933732 12.399870
4162.349860 12.523771
4162.765988 12.370198
4163.182116 12.213222
4163.598244 12.253019
4164.014372 12.663538
4164.430500 12.649865
4164.846628 12.569384
4165.262756 12.598998
4165.678884 12.349689
4166.095012 12.125618
4166.511140 12.242311
4166.927268 12.472008
4167.343396 12.250149
4167.759524 12.076382
4168.175651 12.040055
4168.591779 12.184933
4169.007907 12.340384
4169.424035 12.310750
4169.840163 12.209742
4170.256291 12.511405
4170.672419 12.450260
4171.088547 12.394130
4171.504675 12.383280
4171.920803 12.086498
4172.336931 12.131749
4172.753059 12.034859
4173.169187 12.186897
4173.585315 12.153326
4174.001443 12.235990
4174.417571 12.439228
4174.833699 12.404427
4175.249827 12.248871
4175.665955 12.044441
4176.082083 12.124398
4176.498211 12.117209
4176.914339 12.136678
4177.330467 12.165110
4177.746595 12.393882
4178.162723 12.623064
4178.578851 12.600514
4178.994979 12.588653
4179.411107 12.208073
4179.827234 12.269800
4180.243362 12.165034
4180.659490 12.197718
4181.075618 11.760503
4181.491746 11.572663
4181.907874 12.155166
4182.324002 12.387084
4182.740130 12.143715
4183.156258 12.305325
4183.572386 12.447609
4183.988514 12.352283
4184.404642 12.172080
4184.820770 12.289393
4185.236898 12.498562
4185.653026 12.438370
4186.069154 11.921684
4186.485282 12.021759
4186.901410 12.024791
4187.317538 12.166350
4187.733666 12.113986
4188.149794 11.701942
4188.565922 11.715805
4188.982050 11.574532
4189.398178 11.564797
4189.814306 11.380142
4190.230434 11.480359
4190.646562 11.494642
4191.062690 11.691444
4191.478817 11.657244
4191.894945 11.674749
4192.311073 11.605843
4192.727201 11.778628
4193.143329 11.626190
4193.559457 11.407592
4193.975585 11.534525
4194.391713 11.483267
4194.807841 11.580539
4195.223969 11.564816
4195.640097 11.731966
4196.056225 11.789536
4196.472353 11.726789
4196.888481 11.748099
4197.304609 11.785817
4197.720737 11.664824
4198.136865 11.569078
4198.552993 11.365020
4198.969121 11.266223
4199.385249 11.129241
4199.801377 11.158426
4200.217505 10.909641
4200.633633 10.658540
4201.049761 10.554203
4201.465889 10.947045
4201.882017 11.116560
4202.298145 11.835645
4202.714273 11.719419
4203.130401 11.517134
4203.546528 11.596576
4203.962656 11.144439
4204.378784 10.779600
4204.794912 9.944308
4205.211040 10.041160
4205.627168 10.258471
4206.043296 11.230097
4206.459424 11.895931
4206.875552 12.607980
4207.291680 12.055692
4207.707808 12.403102
4208.123936 11.955503
4208.540064 11.760179
4208.956192 11.456656
4209.372320 11.703219
4209.788448 11.061965
4210.204576 10.789039
4210.620704 11.501202
4211.036832 12.370856
4211.452960 12.902931
4211.869088 12.695068
4212.285216 12.912265
4212.701344 12.759350
4213.117472 13.150647
4213.533600 12.606655
4213.949728 12.165063
4214.365856 12.181300
4214.781984 11.749586
4215.198111 11.284968
4215.614239 11.178067
4216.030367 11.150379
4216.446495 11.491810
4216.862623 11.587041
4217.278751 11.470729
4217.694879 12.130357
4218.111007 11.982667
4218.527135 11.717264
4218.943263 11.792253
4219.359391 11.782852
4219.775519 11.651952
4220.191647 11.775196
4220.607775 11.709169
4221.023903 11.715109
4221.440031 11.552984
4221.856159 11.529004
4222.272287 11.567934
4222.688415 11.637202
4223.104543 11.851167
4223.520671 11.748108
4223.936799 11.923715
4224.352927 11.890010
4224.769055 11.951785
4225.185183 11.646108
4225.601311 11.564206
4226.017439 11.508315
4226.433567 11.732033
4226.849694 11.679831
4227.265822 11.864668
4227.681950 11.978062
4228.098078 11.885110
4228.514206 11.680365
4228.930334 11.692493
4229.346462 11.863781
4229.762590 11.750959
4230.178718 11.927605
4230.594846 11.896151
4231.010974 12.006456
4231.427102 11.903273
4231.843230 12.021864
4232.259358 11.302855
4232.675486 10.731212
4233.091614 11.856382
4233.507742 11.959832
4233.923870 12.569508
4234.339998 13.769801
4234.756126 11.339344
4235.172254 10.919405
4235.588382 10.748203
4236.004510 10.536860
4236.420638 9.952441
4236.836766 10.679382
4237.252894 12.074542
4237.669022 12.011204
4238.085150 11.861378
4238.501277 11.882841
4238.917405 11.882955
4239.333533 12.004473
4239.749661 11.657520
4240.165789 11.356172
4240.581917 11.215623
4240.998045 12.102955
4241.414173 12.087156
4241.830301 12.249872
4242.246429 12.012405
4242.662557 12.042868
4243.078685 12.352731
4243.494813 12.287763
4243.910941 12.529425
4244.327069 12.617972
4244.743197 12.324690
4245.159325 12.326873
4245.575453 12.363839
4245.991581 11.902892
4246.407709 11.459031
4246.823837 11.679774
4247.239965 11.651056
4247.656093 11.698290
4248.072221 11.685161
4248.488349 11.696250
4248.904477 11.915859
4249.320605 12.014093
4249.736733 11.986052
4250.152860 12.055568
4250.568988 12.053347
4250.985116 11.738535
4251.401244 11.647643
4251.817372 11.463836
4252.233500 11.480664
4252.649628 11.418051
4253.065756 11.975831
4253.481884 12.724072
4253.898012 12.563139
4254.314140 12.713689
4254.730268 11.284205
4255.146396 10.675769
4255.562524 10.874726
4255.978652 11.054166
4256.394780 11.232910
4256.810908 11.662526
4257.227036 11.720744
4257.643164 11.420015
4258.059292 11.233520
4258.475420 11.256412
4258.891548 11.292844
4259.307676 11.308518
4259.723804 11.060220
4260.139932 11.160371
4260.556060 11.260893
4260.972188 11.213593
4261.388316 13.217503
4261.804444 14.636785
4262.220571 14.457183
4262.636699 14.373308
4263.052827 12.147786
4263.468955 11.535974
4263.885083 10.197469
4264.301211 10.737657
4264.717339 11.171574
4265.133467 11.493622
4265.549595 11.430141
4265.965723 11.463569
4266.381851 11.360853
4266.797979 11.197403
4267.214107 11.211962
4267.630235 11.799995
4268.046363 11.629479
4268.462491 11.036841
4268.878619 10.543820
4269.294747 10.436461
4269.710875 11.368462
4270.127003 11.620336
4270.543131 11.975030
4270.959259 12.379695
4271.375387 11.778647
4271.791515 11.245247
4272.207643 11.267596
4272.623771 10.844187
4273.039899 10.602029
4273.456027 11.015894
4273.872154 11.233672
4274.288282 11.562156
4274.704410 11.266462
4275.120538 11.367108
4275.536666 11.720343
4275.952794 11.005549
4276.368922 9.446806
4276.785050 8.920271
4277.201178 9.364828
4277.617306 10.324536
4278.033434 11.544689
4278.449562 13.505837
4278.865690 12.718943
4279.281818 13.262316
4279.697946 12.823670
4280.114074 12.423792
4280.530202 13.067134
4280.946330 12.444949
4281.362458 11.895865
4281.778586 11.487844
4282.194714 11.556454
4282.610842 11.686496
4283.026970 11.681690
4283.443098 11.351281
4283.859226 11.376328
4284.275354 11.548312
4284.691482 11.689804
4285.107610 11.951813
4285.523737 11.908098
4285.939865 11.971407
4286.355993 12.052536
4286.772121 12.078203
4287.188249 11.511699
4287.604377 11.696717
4288.020505 11.173843
4288.436633 10.789258
4288.852761 11.529996
4289.268889 11.782013
4289.685017 11.883756
4290.101145 11.988922
4290.517273 12.538950
4290.933401 12.579767
4291.349529 12.281765
4291.765657 12.125256
4292.181785 11.924096
4292.597913 12.057008
4293.014041 11.878293
4293.430169 12.095308
4293.846297 11.322830
4294.262425 10.704553
4294.678553 10.936653
4295.094681 11.699139
4295.510809 11.444195
4295.926937 12.166989
4296.343065 12.273718
4296.759193 11.931162
4297.175320 12.237840
4297.591448 12.916908
4298.007576 12.840069
4298.423704 12.304467
4298.839832 12.038272
4299.255960 11.835711
4299.672088 11.799966
4300.088216 11.568106
4300.504344 11.457867
4300.920472 11.581759
4301.336600 11.795657
4301.752728 11.778094
4302.168856 11.424001
4302.584984 11.447827
4303.001112 11.427414
4303.417240 11.464322
4303.833368 11.670926
4304.249496 11.784120
4304.665624 11.777789
4305.081752 11.686343
4305.497880 11.880466
4305.914008 11.981075
4306.330136 11.889505
4306.746264 12.204869
4307.162392 12.434995
4307.578520 12.312943
4307.994648 12.254888
4308.410776 12.020205
4308.826904 12.189195
4309.243031 12.214337
4309.659159 12.221841
4310.075287 12.066533
4310.491415 12.239146
4310.907543 12.466773
4311.323671 12.734827
4311.739799 12.570338
4312.155927 12.981495
4312.572055 13.275483
4312.988183 13.013016
4313.404311 13.052375
4313.820439 12.724511
4314.236567 13.132875
4314.652695 12.714566
4315.068823 12.396390
4315.484951 12.867005
4315.901079 13.545739
4316.317207 13.822889
4316.733335 14.734858
4317.149463 14.781872
4317.565591 14.982174
4317.981719 14.669584
4318.397847 14.533298
4318.813975 14.395171
4319.230103 14.663606
4319.646231 14.752611
4320.062359 14.762031
4320.478487 14.728117
4320.894614 14.713891
4321.310742 15.106104
4321.726870 14.971667
4322.142998 14.943826
4322.559126 14.957422
4322.975254 14.584412
4323.391382 14.653805
4323.807510 14.538456
4324.223638 14.924442
4324.639766 15.191495
4325.055894 15.540812
4325.472022 15.810229
4325.888150 16.175316
4326.304278 16.086883
4326.720406 16.138856
4327.136534 16.260516
4327.552662 16.285402
4327.968790 16.187854
4328.384918 16.282656
4328.801046 16.496143
4329.217174 16.568406
4329.633302 16.563314
4330.049430 16.560940
4330.465558 16.518187
4330.881686 16.930928
4331.297814 17.057050
4331.713942 17.470639
4332.130070 17.707534
4332.546197 17.837090
4332.962325 17.519532
4333.378453 17.971565
4333.794581 18.127626
4334.210709 17.589821
4334.626837 18.001608
4335.042965 18.173925
4335.459093 18.645923
4335.875221 18.779225
4336.291349 18.924265
4336.707477 18.758144
4337.123605 18.574624
4337.539733 19.186035
4337.955861 19.635646
4338.371989 19.985525
4338.788117 20.538165
4339.204245 21.413788
4339.620373 21.913255
4340.036501 21.472216
4340.452629 21.697164
4340.868757 21.629822
4341.284885 21.689365
4341.701013 21.500114
4342.117141 20.939083
4342.533269 20.521156
4342.949397 19.962604
4343.365525 19.519439
4343.781653 19.575454
4344.197780 19.487183
4344.613908 19.456473
4345.030036 19.272618
4345.446164 18.939901
4345.862292 18.388319
4346.278420 18.382017
4346.694548 18.330330
4347.110676 18.415454
4347.526804 18.704713
4347.942932 18.762130
4348.359060 18.750021
4348.775188 18.404318
4349.191316 18.294165
4349.607444 18.095161
4350.023572 17.733173
4350.439700 18.056002
4350.855828 18.517102
4351.271956 19.041825
4351.688084 18.744691
4352.104212 18.951076
4352.520340 19.069323
4352.936468 18.575873
4353.352596 18.526818
4353.768724 18.857466
4354.184852 18.761482
4354.600980 18.753511
4355.017108 18.654485
4355.433236 18.657603
4355.849363 18.947472
4356.265491 19.061266
4356.681619 19.224517
4357.097747 19.757859
4357.513875 20.166834
4357.930003 20.236741
4358.346131 20.373371
4358.762259 20.034752
4359.178387 19.743824
4359.594515 19.893421
4360.010643 19.808802
4360.426771 19.744835
4360.842899 20.436708
4361.259027 20.654935
4361.675155 21.120935
4362.091283 21.758214
4362.507411 21.759339
4362.923539 21.782679
4363.339667 21.461232
4363.755795 21.086020
4364.171923 20.466876
4364.588051 20.367669
4365.004179 20.366448
4365.420307 20.145457
4365.836435 19.634406
4366.252563 19.106870
4366.668691 18.404880
4367.084819 17.937603
4367.500947 17.773990
4367.917074 17.615421
4368.333202 17.661673
4368.749330 17.316313
4369.165458 17.401981
4369.581586 16.956490
4369.997714 16.843715
4370.413842 16.626957
4370.829970 16.696597
4371.246098 16.539859
4371.662226 16.277717
4372.078354 15.464440
4372.494482 15.623371
4372.910610 15.592174
4373.326738 15.224656
4373.742866 15.116191
4374.158994 14.949327
4374.575122 15.193249
4374.991250 15.112187
4375.407378 15.136528
4375.823506 15.590611
4376.239634 15.105570
4376.655762 15.237328
4377.071890 14.283703
4377.488018 13.866205
4377.904146 13.732187
4378.320274 13.924594
4378.736402 13.903504
4379.152530 14.158934
4379.568657 13.655615
4379.984785 14.894628
4380.400913 14.556209
4380.817041 14.144489
4381.233169 13.073599
4381.649297 12.833739
4382.065425 12.771955
4382.481553 12.958250
4382.897681 12.927787
4383.313809 12.975431
4383.729937 12.822726
4384.146065 13.292702
4384.562193 12.961015
4384.978321 13.482745
4385.394449 12.921990
4385.810577 13.433003
4386.226705 13.441822
4386.642833 13.133819
4387.058961 13.423697
4387.475089 13.521493
4387.891217 13.992899
4388.307345 13.521073
4388.723473 13.701200
4389.139601 13.596682
4389.555729 13.245850
4389.971857 12.643267
4390.387985 12.360521
4390.804113 12.325920
4391.220240 12.658913
4391.636368 12.577698
4392.052496 13.370313
4392.468624 13.123617
4392.884752 11.779133
4393.300880 11.949067
4393.717008 11.982734
4394.133136 12.132273
4394.549264 12.066409
4394.965392 11.664805
4395.381520 11.806726
4395.797648 11.624560
4396.213776 12.392318
4396.629904 11.522693
4397.046032 11.528585
4397.462160 12.373430
4397.878288 12.191054
4398.294416 11.500782
4398.710544 12.065694
4399.126672 12.715253
4399.542800 12.556474
4399.958928 12.752647
4400.375056 12.138070
4400.791184 11.810969
4401.207312 12.289889
4401.623440 12.079824
4402.039568 12.327112
4402.455696 12.199520
4402.871823 11.949525
4403.287951 11.891889
4403.704079 11.912464
4404.120207 12.115741
4404.536335 12.935014
4404.952463 12.777304
4405.368591 12.393472
4405.784719 12.303037
4406.200847 12.201866
4406.616975 11.697995
4407.033103 11.859195
4407.449231 12.267082
4407.865359 12.299128
4408.281487 12.168934
4408.697615 12.325729
4409.113743 12.111259
4409.529871 12.313878
4409.945999 12.270086
4410.362127 11.997350
4410.778255 12.226065
4411.194383 12.330458
4411.610511 12.477385
4412.026639 12.391060
4412.442767 12.482925
4412.858895 12.480456
4413.275023 12.511586
4413.691151 12.673539
4414.107279 12.645498
4414.523406 12.503205
4414.939534 12.140378
4415.355662 11.999314
4415.771790 11.870503
4416.187918 12.016105
4416.604046 11.699873
4417.020174 11.943280
4417.436302 12.212754
4417.852430 12.269637
4418.268558 12.170440
4418.684686 12.224139
4419.100814 11.856525
4419.516942 11.584743
4419.933070 11.332755
4420.349198 11.558685
4420.765326 11.584896
4421.181454 11.525439
4421.597582 11.843949
4422.013710 11.988264
4422.429838 12.031942
4422.845966 11.666359
4423.262094 11.319922
4423.678222 11.453977
4424.094350 11.559410
4424.510478 11.604556
4424.926606 11.614977
4425.342734 11.854733
4425.758862 11.704907
4426.174990 11.468517
4426.591117 11.541428
4427.007245 11.607121
4427.423373 11.663308
4427.839501 11.662602
4428.255629 11.642771
4428.671757 11.534554
4429.087885 11.788058
4429.504013 11.556817
4429.920141 11.537748
4430.336269 11.658283
4430.752397 11.720639
4431.168525 11.827950
4431.584653 11.671860
4432.000781 11.267434
4432.416909 11.157377
4432.833037 11.155794
4433.249165 11.191349
4433.665293 11.247488
4434.081421 11.313610
4434.497549 11.045947
4434.913677 11.250243
4435.329805 11.195305
4435.745933 10.936452
4436.162061 11.048855
4436.578189 11.100227
4436.994317 11.506579
4437.410445 11.570232
4437.826573 11.744161
4438.242700 11.796505
4438.658828 11.518373
4439.074956 11.331468
4439.491084 11.379303
4439.907212 11.429226
4440.323340 11.439656
4440.739468 11.199424
4441.155596 11.361206
4441.571724 11.424449
4441.987852 11.335673
4442.403980 11.615054
4442.820108 11.450793
4443.236236 11.438674
4443.652364 10.926346
4444.068492 10.869796
4444.484620 11.114700
4444.900748 10.641778
4445.316876 11.175693
4445.733004 11.518488
4446.149132 11.498465
4446.565260 10.441848
4446.981388 11.159761
4447.397516 11.145039
4447.813644 11.296686
4448.229772 11.958020
4448.645900 12.303456
4449.062028 12.158655
4449.478156 12.322669
4449.894283 12.683570
4450.310411 12.637289
4450.726539 12.416793
4451.142667 12.040570
4451.558795 12.064655
4451.974923 11.193875
4452.391051 11.260998
4452.807179 10.857154
4453.223307 10.777474
4453.639435 10.235903
4454.055563 11.175750
4454.471691 12.589254
4454.887819 13.590904
4455.303947 13.829973
4455.720075 14.490173
4456.136203 14.212165
4456.552331 13.501041
4456.968459 13.247804
4457.384587 12.172605
4457.800715 12.136898
4458.216843 12.146051
4458.632971 11.633436
4459.049099 11.613681
4459.465227 11.482676
4459.881355 11.491753
4460.297483 11.474886
4460.713611 11.188603
4461.129739 11.515294
4461.545866 11.813963
4461.961994 11.914343
4462.378122 11.770676
4462.794250 12.523466
4463.210378 12.306651
4463.626506 12.082007
4464.042634 12.245992
4464.458762 12.051964
4464.874890 12.024686
4465.291018 12.106406
4465.707146 11.988998
4466.123274 11.955942
4466.539402 12.030416
4466.955530 12.102087
4467.371658 12.146709
4467.787786 12.089749
4468.203914 12.137470
4468.620042 12.265929
4469.036170 12.376720
4469.452298 12.221336
4469.868426 12.003328
4470.284554 12.227495
4470.700682 12.095251
4471.116810 11.806517
4471.532938 12.127516
4471.949066 12.375843
4472.365194 12.324061
4472.781322 12.185161
4473.197449 12.507724
4473.613577 12.173548
4474.029705 12.283768
4474.445833 11.992278
4474.861961 12.286828
4475.278089 12.431000
4475.694217 12.521826
4476.110345 12.301025
4476.526473 12.188079
4476.942601 12.646681
4477.358729 12.721660
4477.774857 12.622835
4478.190985 10.396445
4478.607113 9.282163
4479.023241 11.520786
4479.439369 12.314831
4479.855497 13.278048
4480.271625 14.868789
4480.687753 14.489877
4481.103881 13.162365
4481.520009 13.557209
4481.936137 12.325538
4482.352265 11.378912
4482.768393 11.425936
4483.184521 11.870674
4483.600649 12.834644
4484.016777 12.432516
4484.432905 12.615140
4484.849033 13.962494
4485.265160 13.557944
4485.681288 13.912733
4486.097416 13.170918
4486.513544 12.965735
4486.929672 12.304143
4487.345800 11.934051
4487.761928 11.929388
4488.178056 11.928330
4488.594184 11.995043
4489.010312 12.190997
4489.426440 12.069059
4489.842568 11.786771
4490.258696 11.787972
4490.674824 11.803466
4491.090952 12.076067
4491.507080 11.912455
4491.923208 11.886702
4492.339336 11.980541
4492.755464 12.277666
4493.171592 12.191321
4493.587720 12.031312
4494.003848 12.202104
4494.419976 12.012119
4494.836104 11.836417
4495.252232 11.929769
4495.668360 11.796934
4496.084488 11.897867
4496.500616 12.076945
4496.916743 11.709417
4497.332871 11.739012
4497.748999 11.171984
4498.165127 11.513988
4498.581255 11.671031
4498.997383 12.586794
4499.413511 12.856545
4499.829639 13.656311
4500.245767 13.212526
4500.661895 12.641027
4501.078023 11.519098
4501.494151 12.038034
4501.910279 11.747431
4502.326407 12.051878
4502.742535 11.881649
4503.158663 12.089225
4503.574791 11.785121
4503.990919 11.940334
4504.407047 12.056779
4504.823175 12.029167
4505.239303 11.949516
4505.655431 11.824279
4506.071559 11.971941
4506.487687 11.691768
4506.903815 12.396027
4507.319943 12.415058
4507.736071 11.631758
4508.152199 11.743856
4508.568326 10.447693
4508.984454 11.276988
4509.400582 12.037109
4509.816710 13.640494
4510.232838 13.161278
4510.648966 13.966260
4511.065094 12.636879
4511.481222 12.691903
4511.897350 12.512882
4512.313478 12.297049
4512.729606 12.111059
4513.145734 11.963932
4513.561862 11.644496
4513.977990 11.450478
4514.394118 11.522778
4514.810246 11.633942
4515.226374 11.525582
4515.642502 11.180784
4516.058630 11.334357
4516.474758 10.852034
4516.890886 10.838704
4517.307014 11.168246
4517.723142 10.781507
4518.139270 10.458305
4518.555398 10.561421
4518.971526 11.558009
4519.387654 11.577373
4519.803782 11.271496
4520.219909 11.725540
4520.636037 12.260408
4521.052165 12.251598
4521.468293 11.989580
4521.884421 11.770104
4522.300549 11.871542
4522.716677 12.191635
4523.132805 12.165330
4523.548933 12.221936
4523.965061 11.956781
4524.381189 12.613825
4524.797317 12.214509
4525.213445 11.159904
4525.629573 12.984413
4526.045701 12.717894
4526.461829 12.826607
4526.877957 11.624893
4527.294085 12.271287
4527.710213 11.891288
4528.126341 13.643888
4528.542469 12.550229
4528.958597 11.848774
4529.374725 11.386339
4529.790853 11.289554
4530.206981 10.808976
4530.623109 11.237801
4531.039237 11.305353
4531.455365 11.196068
4531.871493 11.444624
4532.287620 10.983276
4532.703748 11.089691
4533.119876 10.859938
4533.536004 11.087918
4533.952132 11.215013
4534.368260 11.477413
4534.784388 11.268340
4535.200516 11.341451
4535.616644 11.127620
4536.032772 11.443871
4536.448900 11.567276
4536.865028 10.951116
4537.281156 10.748260
4537.697284 11.098978
4538.113412 10.821609
4538.529540 10.966934
4538.945668 10.831859
4539.361796 11.028871
4539.777924 10.844053
4540.194052 11.720010
4540.610180 11.380075
4541.026308 11.546090
4541.442436 11.625875
4541.858564 11.942918
4542.274692 11.626095
4542.690820 11.837065
4543.106948 12.095832
4543.523076 12.319351
4543.939203 12.607026
4544.355331 11.962969
4544.771459 11.228400
4545.187587 11.626714
4545.603715 10.561860
4546.019843 10.210798
4546.435971 11.872782
4546.852099 11.491496
4547.268227 11.392022
4547.684355 11.006140
4548.100483 11.806774
4548.516611 11.754258
4548.932739 11.526535
4549.348867 11.324031
4549.764995 11.340316
4550.181123 11.134103
4550.597251 11.128363
4551.013379 11.111497
4551.429507 11.170067
4551.845635 11.060058
4552.261763 11.066570
4552.677891 11.415620
4553.094019 11.812924
4553.510147 11.583466
4553.926275 11.366469
4554.342403 11.308223
4554.758531 11.732815
4555.174659 11.784406
4555.590786 11.729687
4556.006914 11.440495
4556.423042 11.128058
4556.839170 11.247164
4557.255298 11.247621
4557.671426 11.371141
4558.087554 11.159875
4558.503682 11.374097
4558.919810 11.559486
4559.335938 11.373363
4559.752066 12.076554
4560.168194 12.192474
4560.584322 12.790900
4561.000450 11.257165
4561.416578 10.890381
4561.832706 10.274718
4562.248834 9.854941
4562.664962 9.867822
4563.081090 10.074302
4563.497218 10.516571
4563.913346 11.145230
4564.329474 11.856897
4564.745602 12.388914
4565.161730 12.928111
4565.577858 13.260361
4565.993986 12.770763
4566.410114 11.754506
4566.826242 12.122358
4567.242369 11.277236
4567.658497 10.205354
4568.074625 9.511316
4568.490753 9.204085
4568.906881 9.469841
4569.323009 9.619276
4569.739137 10.299536
4570.155265 10.840678
4570.571393 11.090788
4570.987521 11.047892
4571.403649 10.910023
4571.819777 10.949629
4572.235905 10.928119
4572.652033 10.976688
4573.068161 11.294140
4573.484289 11.252265
4573.900417 10.954005
4574.316545 10.810520
4574.732673 10.774804
4575.148801 10.915553
4575.564929 10.794111
4575.981057 10.744093
4576.397185 10.769636
4576.813313 10.866631
4577.229441 10.824326
4577.645569 11.128421
4578.061697 11.151485
4578.477825 11.006951
4578.893952 10.790650
4579.310080 10.562927
4579.726208 10.509534
4580.142336 10.476058
4580.558464 10.278264
4580.974592 10.751559
4581.390720 10.778294
4581.806848 10.751692
4582.222976 10.872914
4582.639104 10.690328
4583.055232 10.772506
4583.471360 10.990780
4583.887488 11.165300
4584.303616 11.382955
4584.719744 11.045670
4585.135872 11.193360
4585.552000 10.960098
4585.968128 11.224624
4586.384256 11.344788
4586.800384 11.041580
4587.216512 10.965895
4587.632640 11.458010
4588.048768 11.548112
4588.464896 11.241805
4588.881024 11.337074
4589.297152 11.564645
4589.713280 11.581549
4590.129408 11.527641
4590.545536 11.022883
4590.961663 10.974562
4591.377791 11.353026
4591.793919 10.854789
4592.210047 10.701989
4592.626175 11.710018
4593.042303 11.351796
4593.458431 11.405942
4593.874559 11.711028
4594.290687 11.724834
4594.706815 11.792854
4595.122943 11.364410
4595.539071 11.185046
4595.955199 11.302626
4596.371327 10.938502
4596.787455 10.813648
4597.203583 10.913083
4597.619711 10.969022
4598.035839 10.833603
4598.451967 10.551105
4598.868095 10.961309
4599.284223 11.121022
4599.700351 11.140282
4600.116479 10.927642
4600.532607 10.865048
4600.948735 10.868967
4601.364863 11.124683
4601.780991 11.237572
4602.197119 11.484812
4602.613246 11.500363
4603.029374 11.476870
4603.445502 11.536460
4603.861630 11.692751
4604.277758 11.731146
4604.693886 11.453853
4605.110014 11.370455
4605.526142 11.308671
4605.942270 11.147432
4606.358398 11.056978
4606.774526 10.652829
4607.190654 10.783251
4607.606782 10.731469
4608.022910 10.863961
4608.439038 11.148691
4608.855166 11.007494
4609.271294 11.129479
4609.687422 11.325108
4610.103550 11.360911
4610.519678 11.456723
4610.935806 11.312389
4611.351934 11.164947
4611.768062 11.362589
4612.184190 11.178286
4612.600318 11.295771
4613.016446 10.871961
4613.432574 11.069573
4613.848702 10.987186
4614.264829 10.876976
4614.680957 11.284816
4615.097085 11.342156
4615.513213 11.336350
4615.929341 11.598416
4616.345469 11.484812
4616.761597 11.508276
4617.177725 11.368405
4617.593853 11.424887
4618.009981 11.307489
4618.426109 11.001506
4618.842237 11.069955
4619.258365 11.293969
4619.674493 11.884967
4620.090621 11.599026
4620.506749 11.237038
4620.922877 11.105156
4621.339005 11.004882
4621.755133 11.590645
4622.171261 11.559105
4622.587389 11.449363
4623.003517 11.349374
4623.419645 11.437359
4623.835773 11.519832
4624.251901 11.287666
4624.668029 11.843101
4625.084157 11.869158
4625.500285 11.951032
4625.916412 11.827264
4626.332540 11.710494
4626.748668 11.424983
4627.164796 11.309758
4627.580924 11.152848
4627.997052 11.187840
4628.413180 11.235160
4628.829308 11.263325
4629.245436 11.534220
4629.661564 11.600695
4630.077692 11.566580
4630.493820 11.280945
4630.909948 11.237906
4631.326076 11.409241
4631.742204 11.398048
4632.158332 11.451374
4632.574460 11.593420
4632.990588 11.511184
4633.406716 11.679040
4633.822844 11.542877
4634.238972 11.484326
4634.655100 11.582188
4635.071228 11.515084
4635.487356 11.669477
4635.903484 11.507704
4636.319612 11.450964
4636.735740 11.639071
4637.151868 11.681872
4637.567995 11.482953
4637.984123 11.567858
4638.400251 11.325261
4638.816379 11.319149
4639.232507 11.609028
4639.648635 11.923973
4640.064763 11.743503
4640.480891 11.631444
4640.897019 11.356963
4641.313147 11.548922
4641.729275 11.941020
4642.145403 11.792672
4642.561531 11.975507
4642.977659 11.445692
4643.393787 11.403540
4643.809915 11.438465
4644.226043 11.387283
4644.642171 11.630490
4645.058299 11.343644
4645.474427 11.761151
4645.890555 11.415019
4646.306683 11.433221
4646.722811 11.619249
4647.138939 11.896780
4647.555067 11.908994
4647.971195 12.226980
4648.387323 12.534164
4648.803451 12.533734
4649.219579 12.011566
4649.635706 12.360225
4650.051834 12.217808
4650.467962 12.112299
4650.884090 11.988140
4651.300218 11.643161
4651.716346 11.828084
4652.132474 11.725559
4652.548602 11.544002
4652.964730 11.647233
4653.380858 11.911845
4653.796986 11.918776
4654.213114 11.977271
4654.629242 11.849813
4655.045370 11.738602
4655.461498 11.991115
4655.877626 12.083981
4656.293754 11.979435
4656.709882 11.984040
4657.126010 12.241558
4657.542138 12.007199
4657.958266 12.413981
4658.374394 12.271001
4658.790522 11.774624
4659.206650 11.597110
4659.622778 11.872524
4660.038906 12.052965
4660.455034 11.986881
4660.871162 12.220363
4661.287289 12.498266
4661.703417 12.289422
4662.119545 12.429608
4662.535673 12.528996
4662.951801 12.287629
4663.367929 11.943614
4663.784057 11.913847
4664.200185 11.996235
4664.616313 12.043793
4665.032441 11.977156
4665.448569 11.883832
4665.864697 11.835320
4666.280825 11.684131
4666.696953 11.776588
4667.113081 11.609762
4667.529209 11.764755
4667.945337 11.956295
4668.361465 11.815565
4668.777593 11.905008
4669.193721 11.867118
4669.609849 11.994862
4670.025977 11.989475
4670.442105 11.843930
4670.858233 11.964237
4671.274361 12.147777
4671.690489 12.388543
4672.106617 12.193971
4672.522745 12.304267
4672.938872 12.390278
4673.355000 12.477481
4673.771128 12.569794
4674.187256 12.551011
4674.603384 12.645422
4675.019512 12.635477
4675.435640 12.428893
4675.851768 12.021883
4676.267896 12.108065
4676.684024 12.097911
4677.100152 12.351339
4677.516280 12.196994
4677.932408 11.916679
4678.348536 12.612299
4678.764664 12.688394
4679.180792 13.046940
4679.596920 13.070119
4680.013048 13.242370
4680.429176 13.488732
4680.845304 13.377712
4681.261432 13.087710
4681.677560 13.006380
4682.093688 13.046988
4682.509816 13.312267
4682.925944 13.423182
4683.342072 13.537482
4683.758200 13.669774
4684.174328 13.743533
4684.590455 13.767265
4685.006583 13.907117
4685.422711 14.051603
4685.838839 14.165970
4686.254967 13.972295
4686.671095 13.598713
4687.087223 13.373584
4687.503351 13.138786
4687.919479 13.176133
4688.335607 13.080082
4688.751735 13.225398
4689.167863 13.167686
4689.583991 13.182140
4690.000119 12.897820
4690.416247 12.721031
4690.832375 12.566419
4691.248503 12.595070
4691.664631 12.598846
4692.080759 12.583514
4692.496887 12.419682
4692.913015 12.315584
4693.329143 12.430409
4693.745271 12.250645
4694.161399 12.435920
4694.577527 12.463417
4694.993655 12.570633
4695.409783 12.480332
4695.825911 12.809006
4696.242039 12.796830
4696.658166 12.853456
4697.074294 13.044728
4697.490422 12.718800
4697.906550 12.323250
4698.322678 12.199873
4698.738806 12.121461
4699.154934 12.090951
4699.571062 12.281823
4699.987190 12.516601
4700.403318 12.756108
4700.819446 12.793522
4701.235574 13.000917
4701.651702 12.723081
4702.067830 12.210962
4702.483958 12.003977
4702.900086 12.140254
4703.316214 12.138852
4703.732342 11.972484
4704.148470 12.182873
4704.564598 12.524476
4704.980726 12.534678
4705.396854 12.471350
4705.812982 12.601449
4706.229110 12.305688
4706.645238 12.387284
4707.061366 12.323241
4707.477494 12.320428
4707.893622 12.394178
4708.309749 12.508306
4708.725877 12.440477
4709.142005 12.603670
4709.558133 12.635249
4709.974261 12.611908
4710.390389 12.401300
4710.806517 12.424888
4711.222645 12.085917
4711.638773 12.101029
4712.054901 11.907754
4712.471029 12.108275
4712.887157 12.298699
4713.303285 12.141503
4713.719413 12.142533
4714.135541 12.109829
4714.551669 12.047292
4714.967797 12.186267
4715.383925 12.268207
4715.800053 11.974610
4716.216181 11.818320
4716.632309 11.788191
4717.048437 11.830534
4717.464565 11.828799
4717.880693 11.867499
4718.296821 12.045118
4718.712949 12.158007
4719.129077 12.091018
4719.545205 12.109105
4719.961332 12.201999
4720.377460 12.654566
4720.793588 12.836399
4721.209716 10.950993
4721.625844 11.447227
4722.041972 11.618667
4722.458100 11.608484
4722.874228 10.424276
4723.290356 10.694657
4723.706484 11.545299
4724.122612 11.779381
4724.538740 10.449276
4724.954868 11.221077
4725.370996 11.427805
4725.787124 14.945418
4726.203252 15.235125
4726.619380 15.260077
4727.035508 12.248280
4727.451636 11.583513
4727.867764 11.950116
4728.283892 10.325117
4728.700020 11.575209
4729.116148 12.620661
4729.532276 12.623216
4729.948404 11.073797
4730.364532 10.654268
4730.780660 10.976860
4731.196788 11.672852
4731.612915 10.609771
4732.029043 11.409384
4732.445171 12.110058
4732.861299 10.921664
4733.277427 10.758700
4733.693555 10.835758
4734.109683 11.475506
4734.525811 11.630557
4734.941939 12.373411
4735.358067 12.026936
4735.774195 11.819026
4736.190323 11.278914
4736.606451 10.956055
4737.022579 11.242158
4737.438707 12.069336
4737.854835 13.454599
4738.270963 13.735133
4738.687091 12.552594
4739.103219 11.616179
4739.519347 11.153744
4739.935475 10.720247
4740.351603 10.710160
4740.767731 10.242033
4741.183859 10.321218
4741.599987 10.542419
4742.016115 10.355122
4742.432243 10.258681
4742.848371 10.716472
4743.264498 11.614815
4743.680626 11.928644
4744.096754 12.277160
4744.512882 12.672405
4744.929010 12.758568
4745.345138 12.100657
4745.761266 11.383231
4746.177394 10.950954
4746.593522 11.161095
4747.009650 10.457237
4747.425778 10.711399
4747.841906 10.918956
4748.258034 10.590930
4748.674162 10.138555
4749.090290 10.078201
4749.506418 10.490312
4749.922546 11.076467
4750.338674 11.230783
4750.754802 10.966686
4751.170930 11.376938
4751.587058 11.407010
4752.003186 11.237848
4752.419314 10.792338
4752.835442 10.981055
4753.251570 11.290527
4753.667698 11.638852
4754.083826 12.675999
4754.499954 12.797031
4754.916082 12.185686
4755.332209 11.285435
4755.748337 9.619638
4756.164465 8.150662
4756.580593 5.935523
4756.996721 8.166385
4757.412849 4.650592
4757.828977 12.006770
4758.245105 10.331362
4758.661233 8.198545
4759.077361 9.625921
4759.493489 9.243806
4759.909617 8.602847
4760.325745 11.004681
4760.741873 12.061146
4761.158001 12.237601
4761.574129 12.223567
4761.990257 11.255468
4762.406385 10.527116
4762.822513 11.362551
4763.238641 11.431609
4763.654769 11.401318
4764.070897 11.459240
4764.487025 10.997740
4764.903153 11.037976
4765.319281 11.056826
4765.735409 10.886940
4766.151537 10.679878
4766.567665 10.556625
4766.983792 10.662706
4767.399920 10.608779
4767.816048 10.722974
4768.232176 10.569516
4768.648304 10.878530
4769.064432 10.688850
4769.480560 10.061278
4769.896688 9.282383
4770.312816 10.463835
4770.728944 10.836006
4771.145072 11.961338
4771.561200 12.308290
4771.977328 12.150065
4772.393456 11.255354
4772.809584 10.924324
4773.225712 10.831162
4773.641840 10.994336
4774.057968 11.145936
4774.474096 11.213936
4774.890224 11.043830
4775.306352 11.162650
4775.722480 11.176170
4776.138608 11.241329
4776.554736 11.161668
4776.970864 11.187029
4777.386992 10.864791
4777.803120 10.428481
4778.219248 9.563604
4778.635375 8.516922
4779.051503 8.431168
4779.467631 9.007778
4779.883759 9.155554
4780.299887 10.052830
4780.716015 10.576104
4781.132143 11.272249
4781.548271 11.262038
4781.964399 11.469433
4782.380527 11.831278
4782.796655 11.991191
4783.212783 12.028671
4783.628911 11.410414
4784.045039 11.016743
4784.461167 10.277206
4784.877295 10.229696
4785.293423 10.177704
4785.709551 10.663231
4786.125679 10.938474
4786.541807 11.004081
4786.957935 11.179592
4787.374063 11.579919
4787.790191 11.362474
4788.206319 10.995204
4788.622447 8.693406
4789.038575 5.435008
4789.454703 4.802287
4789.870831 4.866283
4790.286958 4.700410
4790.703086 6.079733
4791.119214 6.215638
4791.535342 10.937377
4791.951470 12.455504
4792.367598 11.471692
4792.783726 10.578164
4793.199854 11.527450
4793.615982 11.393528
4794.032110 11.789898
4794.448238 11.502880
4794.864366 11.884967
4795.280494 11.522111
4795.696622 12.305287
4796.112750 11.804200
4796.528878 11.654631
4796.945006 11.327635
4797.361134 11.297735
4797.777262 10.585791
4798.193390 8.360021
4798.609518 7.641985
4799.025646 11.985909
4799.441774 14.562244
4799.857902 14.190464
4800.274030 15.607420
4800.690158 17.590679
4801.106286 18.136150
4801.522414 13.179632
4801.938541 11.322057
4802.354669 11.867719
4802.770797 11.891793
4803.186925 11.580262
4803.603053 11.704001
4804.019181 11.853560
4804.435309 11.929159
4804.851437 11.991649
4805.267565 11.620364
4805.683693 12.170526
4806.099821 12.231709
4806.515949 12.075819
4806.932077 12.091857
4807.348205 10.656366
4807.764333 9.234681
4808.180461 9.528516
4808.596589 8.795359
4809.012717 11.232071
4809.428845 13.037949
4809.844973 12.451938
4810.261101 12.708369
4810.677229 12.006475
4811.093357 11.068172
4811.509485 10.505215
4811.925613 10.836044
4812.341741 11.770190
4812.757869 12.417346
4813.173997 13.012435
4813.590125 13.064875
4814.006252 12.959747
4814.422380 12.645031
4814.838508 12.401843
4815.254636 12.526746
4815.670764 12.397047
4816.086892 12.835245
4816.503020 12.855268
4816.919148 12.682454
4817.335276 12.593383
4817.751404 12.798842
4818.167532 12.812210
4818.583660 13.488637
4818.999788 13.118211
4819.415916 12.732434
4819.832044 12.464895
4820.248172 12.589788
4820.664300 11.618181
4821.080428 11.907525
4821.496556 12.140311
4821.912684 12.446436
4822.328812 13.763003
4822.744940 14.092211
4823.161068 15.455907
4823.577196 14.464392
4823.993324 13.253592
4824.409452 13.495616
4824.825580 14.082114
4825.241708 13.600239
4825.657835 13.600963
4826.073963 14.215740
4826.490091 13.927597
4826.906219 14.205748
4827.322347 13.687966
4827.738475 13.892539
4828.154603 13.872497
4828.570731 13.988809
4828.986859 13.710763
4829.402987 13.509718
4829.819115 12.892099
4830.235243 14.481582
4830.651371 14.230281
4831.067499 14.079330
4831.483627 13.520540
4831.899755 13.799263
4832.315883 13.511520
4832.732011 14.235220
4833.148139 14.848176
4833.564267 16.009653
4833.980395 16.928000
4834.396523 17.211967
4834.812651 17.059081
4835.228779 17.008558
4835.644907 16.466939
4836.061035 16.843982
4836.477163 16.936982
4836.893291 17.569102
4837.309418 17.875352
4837.725546 18.022164
4838.141674 18.303967
4838.557802 18.383695
4838.973930 18.278939
4839.390058 18.591719
4839.806186 18.847664
4840.222314 18.850734
4840.638442 18.750174
4841.054570 19.279922
4841.470698 19.295587
4841.886826 19.667472
4842.302954 19.360241
4842.719082 19.081727
4843.135210 19.194283
4843.551338 19.672916
4843.967466 20.061877
4844.383594 20.472186
4844.799722 20.674862
4845.215850 20.676750
4845.631978 20.371016
4846.048106 19.947587
4846.464234 20.033512
4846.880362 20.547176
4847.296490 18.702711
4847.712618 21.351785
4848.128746 22.767682
4848.544874 27.037475
4848.961001 25.247367
4849.377129 24.987665
4849.793257 24.562758
4850.209385 23.654413
4850.625513 23.925537
4851.041641 23.443757
4851.457769 24.759370
4851.873897 25.219211
4852.290025 25.712633
4852.706153 25.516221
4853.122281 25.070644
4853.538409 24.959328
4853.954537 23.887056
4854.370665 23.942728
4854.786793 24.135878
4855.202921 25.364908
4855.619049 24.668973
4856.035177 25.836086
4856.451305 28.768231
4856.867433 29.061923
4857.283561 30.133138
4857.699689 31.074072
4858.115817 31.108387
4858.531945 30.624805
4858.948073 31.067617
4859.364201 32.624635
4859.780329 33.367385
4860.196457 34.010355
4860.612585 34.572187
4861.028712 34.766368
4861.444840 34.387360
4861.860968 34.070852
4862.277096 33.932763
4862.693224 33.474801
4863.109352 32.604403
4863.525480 32.098567
4863.941608 31.567293
4864.357736 31.173098
4864.773864 30.381207
4865.189992 29.741573
4865.606120 29.172572
4866.022248 28.810850
4866.438376 28.063076
4866.854504 27.418723
4867.270632 26.604455
4867.686760 26.186318
4868.102888 26.268334
4868.519016 26.123876
4868.935144 26.167582
4869.351272 26.112940
4869.767400 25.663568
4870.183528 25.552662
4870.599656 25.225675
4871.015784 24.901892
4871.431912 24.977492
4871.848040 24.960396
4872.264168 25.179748
4872.680295 25.215721
4873.096423 24.560051
4873.512551 24.610345
4873.928679 24.189415
4874.344807 24.013321
4874.760935 23.567220
4875.177063 22.346237
4875.593191 21.836101
4876.009319 22.871447
4876.425447 22.863648
4876.841575 23.299891
4877.257703 23.676857
4877.673831 23.841852
4878.089959 23.884977
4878.506087 23.850252
4878.922215 23.755698
4879.338343 23.277942
4879.754471 22.963026
4880.170599 23.491268
4880.586727 23.068535
4881.002855 22.156671
4881.418983 21.826462
4881.835111 22.413761
4882.251239 21.877948
4882.667367 22.848659
4883.083495 23.202924
4883.499623 23.549447
4883.915751 22.897581
4884.331878 21.638679
4884.748006 21.239707
4885.164134 21.231078
4885.580262 21.027087
4885.996390 20.976182
4886.412518 21.189889
4886.828646 20.989835
4887.244774 20.806191
4887.660902 20.392783
4888.077030 20.235778
4888.493158 20.278454
4888.909286 20.218139
4889.325414 19.862882
4889.741542 19.500742
4890.157670 19.043217
4890.573798 19.153685
4890.989926 19.227320
4891.406054 19.096210
4891.822182 19.238971
4892.238310 19.024825
4892.654438 18.958808
4893.070566 18.772694
4893.486694 18.632813
4893.902822 18.525111
4894.318950 18.211539
4894.735078 17.979106
4895.151206 18.303319
4895.567334 18.160682
4895.983461 17.916579
4896.399589 17.703549
4896.815717 17.953525
4897.231845 18.134596
4897.647973 18.374923
4898.064101 18.519266
4898.480229 17.910696
4898.896357 17.799256
4899.312485 17.883809
4899.728613 17.789922
4900.144741 16.937001
4900.560869 16.786918
4900.976997 16.813043
4901.393125 16.619225
4901.809253 17.171817
4902.225381 17.002007
4902.641509 16.978381
4903.057637 17.172733
4903.473765 16.918828
4903.889893 17.063715
4904.306021 16.880833
4904.722149 17.139543
4905.138277 16.474824
4905.554405 16.128482
4905.970533 15.438582
4906.386661 15.343027
4906.802789 14.227382
4907.218917 14.268514
4907.635044 14.907013
4908.051172 16.407272
4908.467300 16.422470
4908.883428 16.300476
4909.299556 16.147818
4909.715684 16.334981
4910.131812 16.389633
4910.547940 16.419104
4910.964068 16.260497
4911.380196 16.509330
4911.796324 15.048601
4912.212452 14.042755
4912.628580 13.288660
4913.044708 12.926100
4913.460836 12.708827
4913.876964 13.066963
4914.293092 13.377560
4914.709220 14.151211
4915.125348 14.292541
4915.541476 15.255214
4915.957604 15.621617
4916.373732 15.484825
4916.789860 14.638559
4917.205988 13.987188
4917.622116 14.677288
4918.038244 14.520855
4918.454372 14.698560
4918.870500 14.846021
4919.286628 15.359942
4919.702755 14.602442
4920.118883 14.821498
4920.535011 14.257054
4920.951139 13.711802
4921.367267 12.906334
4921.783395 12.691541
4922.199523 13.199264
4922.615651 12.481314
4923.031779 13.220555
4923.447907 12.859911
4923.864035 14.669041
4924.280163 14.537540
4924.696291 14.961818
4925.112419 14.945628
4925.528547 14.905183
4925.944675 14.454781
4926.360803 14.184353
4926.776931 13.996065
4927.193059 13.667247
4927.609187 13.280279
4928.025315 12.883919
4928.441443 12.552498
4928.857571 13.145623
4929.273699 12.776341
4929.689827 12.526164
4930.105955 12.995053
4930.522083 14.288785
4930.938211 14.275751
4931.354338 13.862105
4931.770466 13.920885
4932.186594 12.190444
4932.602722 11.470653
4933.018850 10.792700
4933.434978 11.191902
4933.851106 11.857669
4934.267234 11.916250
4934.683362 12.766997
4935.099490 13.026965
4935.515618 13.068269
4935.931746 13.379324
4936.347874 13.510280
4936.764002 13.051374
4937.180130 12.791443
4937.596258 12.314707
4938.012386 12.371295
4938.428514 13.086966
4938.844642 13.193333
4939.260770 12.787591
4939.676898 12.484327
4940.093026 12.753200
4940.509154 12.662041
4940.925282 12.247756
4941.341410 12.616961
4941.757538 12.397000
4942.173666 12.415201
4942.589794 11.764917
4943.005921 11.384804
4943.422049 11.166301
4943.838177 11.865354
4944.254305 13.035756
4944.670433 13.219105
4945.086561 13.240434
4945.502689 13.510995
4945.918817 13.135344
4946.334945 13.388000
4946.751073 12.523714
4947.167201 12.568164
4947.583329 12.277351
4947.999457 12.669583
4948.415585 13.157445
4948.831713 13.309235
4949.247841 13.447143
4949.663969 13.376130
4950.080097 13.425557
4950.496225 13.789766
4950.912353 14.122712
4951.328481 14.301370
4951.744609 14.734514
4952.160737 15.418360
4952.576865 15.652356
4952.992993 16.485751
4953.409121 16.734783
4953.825249 17.624660
4954.241377 17.651385
4954.657504 18.274725
4955.073632 19.990769
4955.489760 21.611849
4955.905888 23.352016
4956.322016 25.337249
4956.738144 27.561808
4957.154272 29.689667
4957.570400 31.886023
4957.986528 33.933002
4958.402656 34.793102
4958.818784 35.715673
4959.234912 36.427445
4959.651040 34.899451
4960.067168 33.439180
4960.483296 31.357620
4960.899424 28.579543
4961.315552 25.938992
4961.731680 24.011233
4962.147808 21.826395
4962.563936 20.037555
4962.980064 18.368153
4963.396192 17.563010
4963.812320 16.298416
4964.228448 15.465222
4964.644576 14.469788
4965.060704 14.216618
4965.476832 13.991231
4965.892960 13.696804
4966.309087 12.914591
4966.725215 12.321153
4967.141343 11.137049
4967.557471 10.859671
4967.973599 10.376136
4968.389727 10.600637
4968.805855 11.997837
4969.221983 13.101115
4969.638111 11.887999
4970.054239 12.213536
4970.470367 12.752800
4970.886495 12.026383
4971.302623 12.017907
4971.718751 12.485690
4972.134879 10.501659
4972.551007 11.186791
4972.967135 11.569021
4973.383263 10.541932
4973.799391 11.891717
4974.215519 11.284644
4974.631647 11.532427
4975.047775 10.839620
4975.463903 11.578241
4975.880031 11.164404
4976.296159 11.816871
4976.712287 11.382430
4977.128415 11.127524
4977.544543 10.591207
4977.960671 10.499580
4978.376798 10.639032
4978.792926 10.216261
4979.209054 10.589939
4979.625182 10.708453
4980.041310 10.787819
4980.457438 11.188831
4980.873566 11.572673
4981.289694 11.845217
4981.705822 11.565465
4982.121950 10.523245
4982.538078 10.389351
4982.954206 10.496310
4983.370334 10.504795
4983.786462 10.740260
4984.202590 10.765174
4984.618718 11.029872
4985.034846 11.167751
4985.450974 10.845779
4985.867102 10.649129
4986.283230 10.870349
4986.699358 11.064196
4987.115486 10.994470
4987.531614 11.506598
4987.947742 11.410519
4988.363870 11.510889
4988.779998 11.588080
4989.196126 11.553003
4989.612254 11.947389
4990.028381 11.804962
4990.444509 11.724567
4990.860637 12.290127
4991.276765 11.697594
4991.692893 11.875661
4992.109021 12.083895
4992.525149 12.145498
4992.941277 12.038892
4993.357405 12.520443
4993.773533 12.657855
4994.189661 12.738088
4994.605789 13.239175
4995.021917 12.901005
4995.438045 13.002271
4995.854173 13.063883
4996.270301 13.319904
4996.686429 13.740597
4997.102557 14.625134
4997.518685 15.115390
4997.934813 15.876380
4998.350941 16.720662
4998.767069 17.339177
4999.183197 17.627320
4999.599325 19.194473
5000.015453 21.100264
5000.431581 22.019851
5000.847709 23.186039
5001.263837 24.692237
5001.679964 26.113522
5002.096092 28.466616
5002.512220 30.828377
5002.928348 34.017258
5003.344476 39.872167
5003.760604 45.616628
5004.176732 51.704980
5004.592860 58.459434
5005.008988 65.108016
5005.425116 71.534415
5005.841244 76.750100
5006.257372 82.202842
5006.673500 83.837957
5007.089628 83.252461
5007.505756 81.985560
5007.921884 75.869538
5008.338012 71.380470
5008.754140 65.820941
5009.170268 58.494416
5009.586396 51.599261
5010.002524 42.011087
5010.418652 38.211785
5010.834780 30.629095
5011.250908 28.705084
5011.667036 26.171244
5012.083164 24.502100
5012.499292 21.230792
5012.915420 19.780046
5013.331547 18.895747
5013.747675 17.679426
5014.163803 16.379250
5014.579931 16.252088
5014.996059 16.278108
5015.412187 16.175993
5015.828315 15.602758
5016.244443 15.067394
5016.660571 14.284866
5017.076699 13.601564
5017.492827 12.845828
5017.908955 12.967994
5018.325083 13.019786
5018.741211 12.332184
5019.157339 12.474782
5019.573467 12.394673
5019.989595 12.722471
5020.405723 12.361884
5020.821851 12.048074
5021.237979 10.998322
5021.654107 10.252092
5022.070235 10.562603
5022.486363 10.072423
5022.902491 10.170477
5023.318619 10.488606
5023.734747 11.087689
5024.150875 12.012653
5024.567003 12.723882
5024.983131 12.430609
5025.399258 12.149283
5025.815386 11.716358
5026.231514 11.852645
5026.647642 11.690958
5027.063770 12.068793
5027.479898 11.978234
5027.896026 12.056379
5028.312154 11.997112
5028.728282 12.003367
5029.144410 11.183549
5029.560538 12.507228
5029.976666 12.394073
5030.392794 15.302839
5030.808922 15.932929
5031.225050 16.958492
5031.641178 13.422515
5032.057306 10.640710
5032.473434 8.211616
5032.889562 6.535074
5033.305690 9.411747
5033.721818 11.105748
5034.137946 11.654403
5034.554074 11.680604
5034.970202 11.569221
5035.386330 11.927529
5035.802458 12.400003
5036.218586 11.861712
5036.634714 11.865450
5037.050841 11.766824
5037.466969 11.851501
5037.883097 11.653497
5038.299225 11.942479
5038.715353 11.866203
5039.131481 12.084591
5039.547609 12.341623
5039.963737 12.205394
5040.379865 12.293483
5040.795993 11.558342
5041.212121 11.358413
5041.628249 11.874984
5042.044377 11.882526
5042.460505 11.456065
5042.876633 12.598541
5043.292761 12.674121
5043.708889 12.455246
5044.125017 13.226151
5044.541145 13.158752
5044.957273 13.093087
5045.373401 12.931496
5045.789529 10.738163
5046.205657 9.487604
5046.621785 11.152896
5047.037913 12.938247
5047.454041 12.853075
5047.870169 12.399231
5048.286297 15.236746
5048.702424 10.841689
5049.118552 11.166759
5049.534680 10.735607
5049.950808 11.164413
5050.366936 11.433354
5050.783064 10.660933
5051.199192 10.903081
5051.615320 12.450212
5052.031448 11.571681
5052.447576 12.693200
5052.863704 10.600608
5053.279832 10.927805
5053.695960 9.700949
5054.112088 8.912271
5054.528216 8.472205
5054.944344 12.869741
5055.360472 10.573149
5055.776600 11.772364
5056.192728 9.795684
5056.608856 9.202168
5057.024984 8.577085
5057.441112 8.176987
5057.857240 11.366345
5058.273368 11.527641
5058.689496 11.929960
5059.105624 11.475563
5059.521752 11.681996
5059.937880 11.295942
5060.354007 10.693989
5060.770135 9.540807
5061.186263 10.393833
5061.602391 10.652104
5062.018519 10.778122
5062.434647 10.406618
5062.850775 11.423219
5063.266903 11.012652
5063.683031 11.259930
5064.099159 11.775005
5064.515287 11.394329
5064.931415 11.142598
5065.347543 10.784071
5065.763671 10.894071
5066.179799 10.975096
5066.595927 10.374868
5067.012055 10.716538
5067.428183 11.274251
5067.844311 11.202981
5068.260439 10.482542
5068.676567 10.576533
5069.092695 10.605413
5069.508823 10.569564
5069.924951 10.695372
5070.341079 11.350795
5070.757207 11.287905
5071.173335 11.063519
5071.589463 11.049417
5072.005590 10.838456
5072.421718 10.325718
5072.837846 10.639747
5073.253974 10.886558
5073.670102 10.812427
5074.086230 11.178954
5074.502358 11.456237
5074.918486 11.357345
5075.334614 10.640500
5075.750742 10.108941
5076.166870 10.249013
5076.582998 10.507227
5076.999126 10.857878
5077.415254 11.396646
5077.831382 10.839877
5078.247510 10.878072
5078.663638 9.834155
5079.079766 8.463738
5079.495894 6.398348
5079.912022 7.987812
5080.328150 6.600338
5080.744278 5.975387
5081.160406 12.383794
5081.576534 6.934961
5081.992662 7.150137
5082.408790 8.048652
5082.824918 10.740041
5083.241046 11.597529
5083.657174 11.980226
5084.073301 12.182587
5084.489429 12.546148
5084.905557 11.319245
5085.321685 11.513921
5085.737813 10.742205
5086.153941 10.746849
5086.570069 11.147947
5086.986197 10.298983
5087.402325 9.961346
5087.818453 9.585609
5088.234581 10.363503
5088.650709 10.467944
5089.066837 10.949648
5089.482965 11.094659
5089.899093 9.934487
5090.315221 9.806782
5090.731349 10.389637
5091.147477 10.044687
5091.563605 10.589967
5091.979733 10.636887
5092.395861 11.168685
5092.811989 11.347772
5093.228117 11.426432
5093.644245 10.793387
5094.060373 10.073453
5094.476501 9.423656
5094.892629 8.979070
5095.308757 9.656155
5095.724884 10.258299
5096.141012 11.013062
5096.557140 11.475373
5096.973268 11.135190
5097.389396 11.234445
5097.805524 11.247974
5098.221652 10.298525
5098.637780 10.737285
5099.053908 9.862616
5099.470036 10.179344
5099.886164 11.000000
5100.302292 11.186944
5100.718420 11.337370
5101.134548 11.125570
5101.550676 10.543706
5101.966804 10.417097
5102.382932 11.079976
5102.799060 11.171078
5103.215188 11.194314
5103.631316 10.929988
5104.047444 10.327100
5104.463572 11.058857
5104.879700 12.254192
5105.295828 11.621165
5105.711956 8.963738
5106.128084 8.292488
5106.544212 8.930310
5106.960340 7.679732
5107.376467 8.139364
5107.792595 9.132414
5108.208723 8.989930
5108.624851 10.508466
5109.040979 10.441000
5109.457107 10.389590
5109.873235 10.368518
5110.289363 9.423598
5110.705491 10.716681
5111.121619 11.095050
5111.537747 10.426031
5111.953875 9.865324
5112.370003 9.644342
5112.786131 10.492038
5113.202259 10.528794
5113.618387 9.648919
5114.034515 11.544746
5114.450643 12.750883
5114.866771 14.302886
5115.282899 13.249969
5115.699027 11.788153
5116.115155 10.431132
5116.531283 9.789410
5116.947411 8.724879
5117.363539 6.115640
5117.779667 8.371997
5118.195795 6.757505
5118.611923 7.047250
5119.028050 7.808306
5119.444178 9.578449
5119.860306 9.767309
5120.276434 11.688584
5120.692562 11.480855
5121.108690 10.945539
5121.524818 10.819120
5121.940946 10.168989
5122.357074 9.890304
5122.773202 10.089328
5123.189330 9.889303
5123.605458 10.337426
5124.021586 10.030605
5124.437714 10.176541
5124.853842 9.419451
5125.269970 9.419975
5125.686098 9.061496
5126.102226 10.453175
5126.518354 9.971796
5126.934482 9.736732
5127.350610 8.155792
5127.766738 6.345270
5128.182866 7.626787
5128.598994 6.668891
5129.015122 7.356169
5129.431250 9.605079
5129.847378 10.245285
5130.263506 10.467954
5130.679633 10.494431
5131.095761 10.462348
5131.511889 10.053812
5131.928017 10.059990
5132.344145 10.259071
5132.760273 9.669837
5133.176401 10.133540
5133.592529 10.356133
5134.008657 10.811636
5134.424785 11.991143
5134.840913 11.297744
5135.257041 10.215451
5135.673169 11.938618
5136.089297 11.957906
5136.505425 9.381847
5136.921553 8.826527
5137.337681 6.012829
5137.753809 5.331615
5138.169937 7.841247
5138.586065 9.555938
5139.002193 10.636877
5139.418321 9.487671
5139.834449 9.539376
5140.250577 8.731344
5140.666705 11.536575
5141.082833 11.372276
5141.498961 11.052516
5141.915089 10.872971
5142.331217 10.673166
5142.747344 10.948056
5143.163472 10.759549
5143.579600 10.775300
5143.995728 9.183319
5144.411856 9.264467
5144.827984 8.857734
5145.244112 9.935136
5145.660240 10.090816
5146.076368 10.175063
5146.492496 10.034981
5146.908624 9.972883
5147.324752 9.749918
5147.740880 10.225577
5148.157008 10.861673
5148.573136 10.181966
5148.989264 9.873972
5149.405392 9.368508
5149.821520 12.386016
5150.237648 10.673700
5150.653776 9.048901
5151.069904 9.431665
5151.486032 8.722000
5151.902160 6.059224
5152.318288 6.217221
5152.734416 7.511410
5153.150544 8.796064
5153.566672 12.224053
5153.982800 11.936272
5154.398927 10.931027
5154.815055 12.745220
5155.231183 11.997036
5155.647311 12.307175
5156.063439 12.800520
5156.479567 11.209807
5156.895695 11.063967
5157.311823 10.618638
5157.727951 10.735712
5158.144079 10.450382
5158.560207 13.962856
5158.976335 14.702955
5159.392463 17.052807
5159.808591 12.660544
5160.224719 10.460059
5160.640847 6.826783
5161.056975 5.682076
5161.473103 6.594016
5161.889231 6.889081
5162.305359 3.964297
5162.721487 7.007157
5163.137615 7.703645
5163.553743 9.795817
5163.969871 11.862351
5164.385999 12.436091
5164.802127 12.787220
5165.218255 10.555891
5165.634383 10.460651
5166.050510 10.765689
5166.466638 10.512661
5166.882766 10.078735
5167.298894 9.426011
5167.715022 10.130775
5168.131150 9.263209
5168.547278 7.324609
5168.963406 5.410247
5169.379534 6.835106
5169.795662 9.804236
5170.211790 10.400926
5170.627918 9.468087
5171.044046 3.989353
5171.460174 4.823654
5171.876302 4.466671
5172.292430 7.307047
5172.708558 4.569759
5173.124686 6.399683
5173.540814 10.296361
5173.956942 10.765489
5174.373070 10.423523
5174.789198 9.694408
5175.205326 9.251700
5175.621454 9.665423
5176.037582 9.938273
5176.453710 11.783424
5176.869838 11.743303
5177.285966 11.436415
5177.702093 12.400222
5178.118221 13.623751
5178.534349 13.913877
5178.950477 12.838439
5179.366605 10.853264
5179.782733 7.599614
5180.198861 9.447006
5180.614989 9.492342
5181.031117 8.871978
5181.447245 10.080995
5181.863373 7.448940
5182.279501 3.959901
5182.695629 2.201695
5183.111757 1.702829
5183.527885 3.028253
5183.944013 6.982672
5184.360141 11.135572
5184.776269 12.682626
5185.192397 12.491964
5185.608525 12.471932
5186.024653 11.123282
5186.440781 11.035764
5186.856909 11.318177
5187.273037 10.224509
5187.689165 10.979939
5188.105293 11.638795
5188.521421 11.987759
5188.937549 10.328216
5189.353677 8.811472
5189.769804 5.689780
5190.185932 4.467443
5190.602060 5.595484
5191.018188 4.779747
5191.434316 8.967581
5191.850444 8.631126
5192.266572 8.658138
5192.682700 9.737456
5193.098828 9.672145
5193.514956 10.026391
5193.931084 9.063117
5194.347212 8.969888
5194.763340 9.517342
5195.179468 10.260111
5195.595596 11.476870
5196.011724 12.039007
5196.427852 12.790051
5196.843980 12.810198
5197.260108 13.036862
5197.676236 14.005685
5198.092364 13.493814
5198.508492 12.591905
5198.924620 11.497216
5199.340748 13.087443
5199.756876 10.765698
5200.173004 10.188087
5200.589132 10.839581
5201.005260 10.210054
5201.421387 11.205012
5201.837515 11.541037
5202.253643 12.025582
5202.669771 12.596624
5203.085899 10.368881
5203.502027 9.579860
5203.918155 8.010237
5204.334283 8.521965
5204.750411 9.161275
5205.166539 9.918746
5205.582667 10.094992
5205.998795 9.332343
5206.414923 10.572567
5206.831051 11.392508
5207.247179 10.862321
5207.663307 11.408231
5208.079435 11.489446
5208.495563 11.478576
5208.911691 11.205126
5209.327819 11.274652
5209.743947 11.550963
5210.160075 12.249968
5210.576203 13.478549
5210.992331 12.571234
5211.408459 11.418852
5211.824587 10.672603
5212.240715 11.555062
5212.656843 8.643340
5213.072970 7.420536
5213.489098 7.370938
5213.905226 9.093017
5214.321354 10.531073
5214.737482 11.749157
5215.153610 9.993430
5215.569738 11.107283
5215.985866 12.810608
5216.401994 12.512701
5216.818122 13.878123
5217.234250 16.890482
5217.650378 13.139168
5218.066506 9.392211
5218.482634 17.302641
5218.898762 18.307752
5219.314890 17.818869
5219.731018 12.094812
5220.147146 -7.857437
5220.563274 -12.612232
5220.979402 -6.879003
5221.395530 -5.959903
5221.811658 -7.677597
5222.227786 2.075286
5222.643914 7.954785
5223.060042 8.776738
5223.476170 7.087972
5223.892298 11.326882
5224.308426 7.533091
5224.724553 7.371986
5225.140681 6.012381
5225.556809 8.603638
5225.972937 7.700394
5226.389065 6.393810
5226.805193 8.060389
5227.221321 8.890590
5227.637449 7.529592
5228.053577 7.893935
5228.469705 9.463930
5228.885833 11.489512
5229.301961 10.567552
5229.718089 8.998969
5230.134217 8.623613
5230.550345 9.913902
5230.966473 10.665853
5231.382601 9.939941
5231.798729 8.285280
5232.214857 8.680582
5232.630985 5.948786
5233.047113 6.537514
5233.463241 7.838034
5233.879369 8.167710
5234.295497 9.828063
5234.711625 11.570146
5235.127753 11.812590
5235.543881 11.849584
5235.960009 11.760322
5236.376136 12.510852
5236.792264 13.406478
5237.208392 11.779877
5237.624520 12.435519
5238.040648 13.375167
5238.456776 11.722002
5238.872904 11.630566
5239.289032 13.470950
5239.705160 11.949525
5240.121288 11.086488
5240.537416 10.084351
5240.953544 10.022129
5241.369672 11.971149
5241.785800 9.147002
5242.201928 10.439732
