1950.840517 66.879591
1951.282430 89.657401
1951.724343 79.738955
1952.166256 86.274434
1952.608169 78.731067
1953.050082 78.390503
1953.491995 73.371595
1953.933908 82.629123
1954.375821 81.168588
1954.817735 82.246199
1955.259648 84.739380
1955.701561 83.452820
1956.143474 76.488214
1956.585387 74.394548
1957.027300 82.878975
1957.469213 79.431705
1957.911126 75.585083
1958.353039 74.155416
1958.794952 77.723575
1959.236865 74.858694
1959.678778 79.070495
1960.120691 81.835765
1960.562604 79.446803
1961.004517 78.891220
1961.446430 75.914302
1961.888343 72.541806
1962.330257 77.174412
1962.772170 74.672339
1963.214083 71.256059
1963.655996 73.027921
1964.097909 72.299329
1964.539822 78.985270
1964.981735 80.596106
1965.423648 73.928441
1965.865561 77.671200
1966.307474 74.066813
1966.749387 80.982751
1967.191300 81.765088
1967.633213 76.836569
1968.075126 78.185759
1968.517039 74.525404
1968.958952 76.707197
1969.400866 72.768358
1969.842779 77.683545
1970.284692 74.160634
1970.726605 71.054559
1971.168518 69.578892
1971.610431 69.239786
1972.052344 69.352756
1972.494257 85.383358
1972.936170 74.896433
1973.378083 75.136445
1973.819996 77.046552
1974.261909 75.367974
1974.703822 70.976172
1975.145735 69.637614
1975.587648 70.625910
1976.029561 70.181087
1976.471474 74.978407
1976.913388 77.977933
1977.355301 74.335148
1977.797214 72.351160
1978.239127 70.442168
1978.681040 73.573269
1979.122953 78.926542
1979.564866 75.647236
1980.006779 66.610880
1980.448692 70.820351
1980.890605 69.368318
1981.332518 71.455188
1981.774431 73.082875
1982.216344 73.383617
1982.658257 72.215045
1983.100170 70.184822
1983.542083 68.737222
1983.983996 69.142001
1984.425910 72.872389
1984.867823 75.732824
1985.309736 73.992986
1985.751649 71.505178
1986.193562 69.822766
1986.635475 72.040854
1987.077388 67.888352
1987.519301 66.247313
1987.961214 66.724569
1988.403127 68.381674
1988.845040 68.092129
1989.286953 68.895172
1989.728866 64.690645
1990.170779 66.530457
1990.612692 64.130481
1991.054605 67.500545
1991.496519 70.230574
1991.938432 71.050684
1992.380345 67.267122
1992.822258 68.278255
1993.264171 69.358096
1993.706084 73.196202
1994.147997 72.300767
1994.589910 65.510392
1995.031823 64.044900
1995.473736 64.085877
1995.915649 70.688050
1996.357562 68.805253
1996.799475 66.817860
1997.241388 68.988954
1997.683301 69.555116
1998.125214 65.948801
1998.567127 69.260896
1999.009041 66.587856
1999.450954 61.255075
1999.892867 65.040645
2000.334780 68.228298
2000.776693 66.730963
2001.218606 64.552642
2001.660519 68.790295
2002.102432 69.190078
2002.544345 66.529913
2002.986258 66.001793
2003.428171 66.214133
2003.870084 65.052211
2004.311997 68.359396
2004.753910 68.897765
2005.195823 66.899095
2005.637736 65.721792
2006.079649 68.500602
2006.521563 66.718652
2006.963476 66.181619
2007.405389 68.865633
2007.847302 67.606880
2008.289215 71.229281
2008.731128 69.118245
2009.173041 68.489238
2009.614954 65.880011
2010.056867 61.641277
2010.498780 64.384013
2010.940693 64.929092
2011.382606 67.296715
2011.824519 67.453933
2012.266432 64.437831
2012.708345 66.818411
2013.150258 68.831198
2013.592172 63.810711
2014.034085 63.002308
2014.475998 64.940120
2014.917911 66.283897
2015.359824 64.604379
2015.801737 61.851051
2016.243650 68.612182
2016.685563 67.856798
2017.127476 62.550185
2017.569389 63.905769
2018.011302 66.414726
2018.453215 67.823350
2018.895128 62.497011
2019.337041 64.683519
2019.778954 63.777962
2020.220867 65.433227
2020.662780 64.111829
2021.104694 65.969474
2021.546607 65.717178
2021.988520 64.500194
2022.430433 61.977703
2022.872346 64.579736
2023.314259 65.426363
2023.756172 63.679768
2024.198085 65.435531
2024.639998 62.441123
2025.081911 63.434235
2025.523824 63.561619
2025.965737 62.240671
2026.407650 62.389131
2026.849563 63.488779
2027.291476 62.915135
2027.733389 63.120927
2028.175302 62.744363
2028.617216 61.749928
2029.059129 61.148270
2029.501042 66.006421
2029.942955 63.733304
2030.384868 66.080570
2030.826781 65.741290
2031.268694 63.705915
2031.710607 60.637217
2032.152520 61.371867
2032.594433 62.683244
2033.036346 63.777754
2033.478259 60.746413
2033.920172 62.099290
2034.362085 62.993745
2034.803998 62.270794
2035.245911 64.460654
2035.687824 67.124862
2036.129738 62.600947
2036.571651 63.789474
2037.013564 63.849949
2037.455477 62.056305
2037.897390 62.385518
2038.339303 63.569209
2038.781216 65.211242
2039.223129 61.150903
2039.665042 63.784396
2040.106955 61.728805
2040.548868 63.306025
2040.990781 62.425514
2041.432694 62.030635
2041.874607 63.394951
2042.316520 60.271682
2042.758433 62.651542
2043.200347 61.828202
2043.642260 61.221419
2044.084173 60.435697
2044.526086 61.971006
2044.967999 64.232658
2045.409912 63.405166
2045.851825 61.126381
2046.293738 62.267920
2046.735651 64.192433
2047.177564 60.859699
2047.619477 62.292972
2048.061390 62.553052
2048.503303 61.218423
2048.945216 62.206646
2049.387129 61.374459
2049.829042 61.989134
2050.270955 59.201948
2050.712869 60.213793
2051.154782 60.451030
2051.596695 60.986525
2052.038608 63.075463
2052.480521 61.320070
2052.922434 62.571576
2053.364347 63.090663
2053.806260 62.105597
2054.248173 61.982700
2054.690086 63.810127
2055.131999 63.762541
2055.573912 61.514134
2056.015825 60.240665
2056.457738 62.358249
2056.899651 63.059505
2057.341564 62.284261
2057.783477 63.643768
2058.225391 62.978579
2058.667304 63.263517
2059.109217 62.229723
2059.551130 60.687489
2059.993043 61.256458
2060.434956 60.969244
2060.876869 60.096007
2061.318782 60.978579
2061.760695 61.852804
2062.202608 58.824955
2062.644521 62.380514
2063.086434 65.005672
2063.528347 61.306959
2063.970260 60.510236
2064.412173 64.526240
2064.854086 66.517139
2065.296000 63.342932
2065.737913 61.941212
2066.179826 63.457279
2066.621739 62.630218
2067.063652 60.559246
2067.505565 60.627720
2067.947478 62.003286
2068.389391 62.771115
2068.831304 63.643271
2069.273217 63.624774
2069.715130 62.344084
2070.157043 62.203240
2070.598956 62.346099
2071.040869 60.731556
2071.482782 60.626524
2071.924695 61.375621
2072.366608 62.965153
2072.808522 60.247180
2073.250435 60.748488
2073.692348 60.604394
2074.134261 62.213261
2074.576174 61.823984
2075.018087 63.581218
2075.460000 62.834505
2075.901913 63.728267
2076.343826 61.740525
2076.785739 61.969918
2077.227652 59.159366
2077.669565 59.540228
2078.111478 61.673079
2078.553391 62.026390
2078.995304 61.759378
2079.437217 59.215865
2079.879130 60.968397
2080.321044 60.140053
2080.762957 61.156914
2081.204870 57.563871
2081.646783 61.144099
2082.088696 61.629624
2082.530609 62.815430
2082.972522 61.481560
2083.414435 59.755376
2083.856348 59.137625
2084.298261 59.152657
2084.740174 58.902624
2085.182087 55.380828
2085.624000 57.644643
2086.065913 58.221497
2086.507826 59.700529
2086.949739 59.314133
2087.391653 58.782037
2087.833566 60.341492
2088.275479 59.461357
2088.717392 57.841642
2089.159305 59.514142
2089.601218 61.851212
2090.043131 60.495117
2090.485044 58.656487
2090.926957 59.247372
2091.368870 59.823742
2091.810783 59.843993
2092.252696 58.229604
2092.694609 59.794378
2093.136522 58.882394
2093.578435 58.440634
2094.020348 60.512325
2094.462261 59.184398
2094.904175 60.304800
2095.346088 58.611661
2095.788001 56.181219
2096.229914 57.378370
2096.671827 58.830261
2097.113740 57.702424
2097.555653 59.555770
2097.997566 57.424068
2098.439479 56.810126
2098.881392 56.660652
2099.323305 58.485869
2099.765218 57.897946
2100.207131 57.614647
2100.649044 57.138371
2101.090957 58.970903
2101.532870 56.856154
2101.974783 57.342658
2102.416697 58.501707
2102.858610 58.402451
2103.300523 58.807660
2103.742436 58.298622
2104.184349 57.374978
2104.626262 57.290002
2105.068175 57.002209
2105.510088 56.997823
2105.952001 56.797761
2106.393914 57.193607
2106.835827 56.556701
2107.277740 59.699629
2107.719653 59.642580
2108.161566 58.679397
2108.603479 58.726129
2109.045392 56.306528
2109.487305 55.643616
2109.929219 57.036994
2110.371132 58.575990
2110.813045 57.481856
2111.254958 57.474522
2111.696871 56.604475
2112.138784 57.242637
2112.580697 55.649231
2113.022610 54.637964
2113.464523 57.697528
2113.906436 56.562666
2114.348349 56.834862
2114.790262 55.438764
2115.232175 55.731507
2115.674088 56.204445
2116.116001 55.565403
2116.557914 56.322909
2116.999828 55.467282
2117.441741 54.891012
2117.883654 55.427837
2118.325567 53.797564
2118.767480 53.553415
2119.209393 52.618950
2119.651306 52.068216
2120.093219 52.626144
2120.535132 53.864426
2120.977045 53.287524
2121.418958 54.489941
2121.860871 53.831247
2122.302784 54.234212
2122.744697 54.656730
2123.186610 54.086034
2123.628523 54.310632
2124.070436 55.085816
2124.512350 54.795908
2124.954263 52.525747
2125.396176 53.268960
2125.838089 54.938155
2126.280002 52.871273
2126.721915 54.241715
2127.163828 54.558361
2127.605741 54.442341
2128.047654 53.637088
2128.489567 54.759384
2128.931480 53.656216
2129.373393 54.296850
2129.815306 53.972715
2130.257219 52.426001
2130.699132 52.223070
2131.141045 53.129634
2131.582958 52.685813
2132.024872 53.698315
2132.466785 53.182829
2132.908698 53.255339
2133.350611 54.060089
2133.792524 54.088734
2134.234437 53.649238
2134.676350 54.174826
2135.118263 54.857766
2135.560176 54.547944
2136.002089 54.423945
2136.444002 53.889156
2136.885915 54.584448
2137.327828 53.776199
2137.769741 52.803955
2138.211654 52.766282
2138.653567 51.796275
2139.095481 51.047493
2139.537394 54.585918
2139.979307 56.510600
2140.421220 55.583732
2140.863133 53.410059
2141.305046 53.907176
2141.746959 53.074284
2142.188872 54.191570
2142.630785 52.308053
2143.072698 52.932534
2143.514611 53.652361
2143.956524 53.111890
2144.398437 54.264268
2144.840350 53.329610
2145.282263 54.559765
2145.724176 54.293485
2146.166089 54.192335
2146.608003 52.672924
2147.049916 52.291625
2147.491829 50.385716
2147.933742 52.047489
2148.375655 50.403253
2148.817568 53.081672
2149.259481 54.161010
2149.701394 52.782865
2150.143307 52.970522
2150.585220 51.324170
2151.027133 51.120111
2151.469046 52.087721
2151.910959 52.862959
2152.352872 53.202212
2152.794785 51.544630
2153.236698 52.688224
2153.678611 53.058756
2154.120525 52.754831
2154.562438 53.069684
2155.004351 51.739601
2155.446264 50.594261
2155.888177 52.349131
2156.330090 52.574152
2156.772003 51.331558
2157.213916 51.428449
2157.655829 52.444545
2158.097742 52.826737
2158.539655 51.693742
2158.981568 53.505526
2159.423481 53.633663
2159.865394 54.555742
2160.307307 52.479739
2160.749220 51.558076
2161.191134 52.068727
2161.633047 52.098400
2162.074960 51.052067
2162.516873 51.840026
2162.958786 52.093853
2163.400699 53.016463
2163.842612 52.609668
2164.284525 52.063119
2164.726438 52.537379
2165.168351 51.345354
2165.610264 51.896638
2166.052177 52.396845
2166.494090 52.223306
2166.936003 50.918303
2167.377916 53.260592
2167.819829 52.079527
2168.261742 49.520673
2168.703656 51.278962
2169.145569 51.705233
2169.587482 50.651143
2170.029395 50.648591
2170.471308 52.188689
2170.913221 52.972195
2171.355134 51.380433
2171.797047 52.665650
2172.238960 51.608920
2172.680873 51.289963
2173.122786 51.010069
2173.564699 50.692241
2174.006612 50.298906
2174.448525 52.759411
2174.890438 52.969360
2175.332351 51.985772
2175.774264 50.304622
2176.216178 49.692406
2176.658091 51.377250
2177.100004 52.518345
2177.541917 53.210285
2177.983830 52.252448
2178.425743 51.919152
2178.867656 52.694309
2179.309569 50.822553
2179.751482 49.870170
2180.193395 50.306375
2180.635308 49.809285
2181.077221 50.849687
2181.519134 51.297586
2181.961047 51.574512
2182.402960 49.686536
2182.844873 49.968599
2183.286786 50.164490
2183.728700 49.495984
2184.170613 50.463943
2184.612526 49.442662
2185.054439 51.018532
2185.496352 51.962480
2185.938265 51.829534
2186.380178 51.115349
2186.822091 49.625201
2187.264004 49.919005
2187.705917 50.600609
2188.147830 52.056046
2188.589743 51.120521
2189.031656 49.297500
2189.473569 51.273024
2189.915482 50.803546
2190.357395 49.416045
2190.799309 48.502697
2191.241222 49.972179
2191.683135 49.428692
2192.125048 48.288221
2192.566961 48.130291
2193.008874 48.895628
2193.450787 50.115575
2193.892700 48.893177
2194.334613 48.237277
2194.776526 48.719221
2195.218439 49.575271
2195.660352 49.659455
2196.102265 49.412431
2196.544178 49.719607
2196.986091 49.741919
2197.428004 51.219608
2197.869917 48.794170
2198.311831 47.930396
2198.753744 48.972921
2199.195657 50.049317
2199.637570 49.147629
2200.079483 49.146232
2200.521396 48.665779
2200.963309 48.757505
2201.405222 48.592784
2201.847135 48.144369
2202.289048 47.897036
2202.730961 48.065027
2203.172874 49.766931
2203.614787 49.039407
2204.056700 50.258554
2204.498613 50.151360
2204.940526 49.804093
2205.382439 48.285286
2205.824353 48.821956
2206.266266 49.448774
2206.708179 49.207922
2207.150092 49.699263
2207.592005 49.808257
2208.033918 50.082342
2208.475831 49.815988
2208.917744 49.965160
2209.359657 49.853849
2209.801570 49.979359
2210.243483 49.668952
2210.685396 48.870247
2211.127309 49.891192
2211.569222 49.126795
2212.011135 49.478769
2212.453048 49.759214
2212.894962 48.754933
2213.336875 49.506696
2213.778788 49.873078
2214.220701 49.784938
2214.662614 49.511304
2215.104527 49.030723
2215.546440 50.157143
2215.988353 50.279106
2216.430266 50.311715
2216.872179 50.585013
2217.314092 50.882390
2217.756005 49.477178
2218.197918 50.115413
2218.639831 49.629372
2219.081744 50.034279
2219.523657 50.606485
2219.965570 49.671867
2220.407484 49.239530
2220.849397 48.053562
2221.291310 48.795016
2221.733223 48.955076
2222.175136 49.612097
2222.617049 50.945853
2223.058962 49.437302
2223.500875 50.369308
2223.942788 50.856444
2224.384701 50.665335
2224.826614 50.988348
2225.268527 49.393189
2225.710440 49.876402
2226.152353 50.271248
2226.594266 49.790069
2227.036179 49.379883
2227.478092 49.115343
2227.920006 48.524297
2228.361919 48.707548
2228.803832 48.301694
2229.245745 48.222353
2229.687658 48.515828
2230.129571 48.958602
2230.571484 48.528193
2231.013397 48.516170
2231.455310 49.089586
2231.897223 48.857452
2232.339136 48.577847
2232.781049 47.858947
2233.222962 48.698602
2233.664875 47.836789
2234.106788 48.469659
2234.548701 47.046735
2234.990615 48.491172
2235.432528 48.204071
2235.874441 46.928392
2236.316354 47.988352
2236.758267 47.571222
2237.200180 46.156915
2237.642093 48.246740
2238.084006 47.678517
2238.525919 48.081436
2238.967832 47.490208
2239.409745 46.957830
2239.851658 45.760572
2240.293571 46.370720
2240.735484 48.840178
2241.177397 47.895599
2241.619310 47.495071
2242.061223 48.049915
2242.503137 47.446115
2242.945050 47.118366
2243.386963 48.468302
2243.828876 48.999001
2244.270789 47.612360
2244.712702 47.323916
2245.154615 48.529979
2245.596528 47.269103
2246.038441 47.306581
2246.480354 49.001809
2246.922267 49.315513
2247.364180 47.387191
2247.806093 47.970547
2248.248006 48.126362
2248.689919 49.331679
2249.131832 49.508275
2249.573745 49.175684
2250.015659 49.179747
2250.457572 48.544493
2250.899485 48.762865
2251.341398 48.515445
2251.783311 47.716512
2252.225224 47.795033
2252.667137 47.587234
2253.109050 48.712283
2253.550963 48.163289
2253.992876 48.149668
2254.434789 49.304720
2254.876702 48.292305
2255.318615 48.743145
2255.760528 48.204420
2256.202441 47.755950
2256.644354 48.150601
2257.086267 48.442357
2257.528181 47.249437
2257.970094 46.955634
2258.412007 49.218937
2258.853920 48.875284
2259.295833 49.082231
2259.737746 48.608870
2260.179659 48.831131
2260.621572 50.024782
2261.063485 48.760951
2261.505398 48.459806
2261.947311 48.349307
2262.389224 47.950774
2262.831137 47.718963
2263.273050 48.216026
2263.714963 47.826963
2264.156876 47.736560
2264.598790 48.526769
2265.040703 48.690717
2265.482616 48.987308
2265.924529 47.903819
2266.366442 48.097246
2266.808355 48.726750
2267.250268 48.873625
2267.692181 49.113214
2268.134094 48.484690
2268.576007 48.870240
2269.017920 47.544833
2269.459833 48.647658
2269.901746 48.420280
2270.343659 49.071317
2270.785572 48.130768
2271.227485 48.138807
2271.669398 48.107448
2272.111312 48.381727
2272.553225 48.003612
2272.995138 48.235779
2273.437051 48.978133
2273.878964 48.789455
2274.320877 48.632579
2274.762790 48.431684
2275.204703 49.005388
2275.646616 48.811223
2276.088529 48.648423
2276.530442 48.802465
2276.972355 49.222685
2277.414268 48.376334
2277.856181 48.432873
2278.298094 49.469400
2278.740007 48.035717
2279.181920 47.741013
2279.623834 48.063033
2280.065747 47.924365
2280.507660 48.619388
2280.949573 48.488572
2281.391486 48.254612
2281.833399 48.784868
2282.275312 49.956409
2282.717225 48.858735
2283.159138 48.389532
2283.601051 49.224868
2284.042964 49.141275
2284.484877 48.796595
2284.926790 49.027580
2285.368703 48.958991
2285.810616 49.549064
2286.252529 50.381921
2286.694443 49.966389
2287.136356 49.470132
2287.578269 48.215771
2288.020182 48.804560
2288.462095 49.058804
2288.904008 47.620823
2289.345921 49.478360
2289.787834 49.126533
2290.229747 49.045942
2290.671660 48.667592
2291.113573 49.638990
2291.555486 49.246287
2291.997399 48.740083
2292.439312 49.339806
2292.881225 49.887800
2293.323138 50.233018
2293.765051 49.527061
2294.206965 49.544114
2294.648878 49.368136
2295.090791 49.746742
2295.532704 49.775488
2295.974617 49.119024
2296.416530 49.704153
2296.858443 50.370060
2297.300356 50.275849
2297.742269 49.997533
2298.184182 49.988285
2298.626095 49.112045
2299.068008 50.683368
2299.509921 50.602409
2299.951834 51.028768
2300.393747 50.737651
2300.835660 49.602197
2301.277573 49.215223
2301.719487 50.463231
2302.161400 50.777063
2302.603313 50.272605
2303.045226 51.513137
2303.487139 50.239802
2303.929052 49.459614
2304.370965 50.953544
2304.812878 51.193166
2305.254791 50.663333
2305.696704 50.585913
2306.138617 50.029208
2306.580530 49.671625
2307.022443 50.209625
2307.464356 50.192941
2307.906269 50.230271
2308.348182 49.490704
2308.790096 50.068519
2309.232009 49.888982
2309.673922 50.021209
2310.115835 48.541229
2310.557748 49.936380
2310.999661 50.857324
2311.441574 50.715238
2311.883487 50.498398
2312.325400 49.574526
2312.767313 49.933317
2313.209226 49.309542
2313.651139 49.203060
2314.093052 49.170505
2314.534965 49.509054
2314.976878 49.324238
2315.418791 50.247485
2315.860704 50.808388
2316.302618 49.674090
2316.744531 48.058472
2317.186444 48.365977
2317.628357 49.759892
2318.070270 49.708626
2318.512183 50.024997
2318.954096 49.391167
2319.396009 49.718136
2319.837922 49.917520
2320.279835 50.615270
2320.721748 50.725252
2321.163661 50.126442
2321.605574 49.223572
2322.047487 49.389206
2322.489400 50.355566
2322.931313 50.785660
2323.373226 49.108842
2323.815140 49.836258
2324.257053 50.511764
2324.698966 51.074480
2325.140879 50.658215
2325.582792 49.478528
2326.024705 50.361530
2326.466618 48.892438
2326.908531 49.458916
2327.350444 50.757686
2327.792357 50.667162
2328.234270 50.556743
2328.676183 50.671588
2329.118096 50.283371
2329.560009 50.292096
2330.001922 49.701231
2330.443835 49.284476
2330.885748 48.735992
2331.327662 49.615120
2331.769575 49.608202
2332.211488 49.688262
2332.653401 50.323515
2333.095314 49.272011
2333.537227 49.184952
2333.979140 49.968941
2334.421053 50.222131
2334.862966 50.290262
2335.304879 49.645525
2335.746792 49.469917
2336.188705 49.293577
2336.630618 48.941213
2337.072531 49.357887
2337.514444 49.779424
2337.956357 49.801662
2338.398271 49.472765
2338.840184 48.846760
2339.282097 48.321024
2339.724010 49.410490
2340.165923 49.022710
2340.607836 50.016124
2341.049749 50.632901
2341.491662 50.689205
2341.933575 49.150940
2342.375488 48.472265
2342.817401 49.233640
2343.259314 49.473712
2343.701227 49.979244
2344.143140 50.066726
2344.585053 49.452078
2345.026966 50.150876
2345.468879 49.350177
2345.910793 47.748650
2346.352706 49.034289
2346.794619 49.764950
2347.236532 49.731724
2347.678445 49.267732
2348.120358 49.417448
2348.562271 48.769991
2349.004184 50.062521
2349.446097 50.368663
2349.888010 49.298621
2350.329923 50.261576
2350.771836 50.446614
2351.213749 49.396701
2351.655662 48.087917
2352.097575 48.431422
2352.539488 49.200917
2352.981401 48.387114
2353.423315 49.303598
2353.865228 48.430764
2354.307141 49.399018
2354.749054 49.326427
2355.190967 48.841622
2355.632880 49.037453
2356.074793 47.867329
2356.516706 48.004109
2356.958619 48.237828
2357.400532 47.969358
2357.842445 47.418537
2358.284358 48.294615
2358.726271 48.243087
2359.168184 47.574761
2359.610097 46.955976
2360.052010 48.831218
2360.493924 48.108637
2360.935837 48.152529
2361.377750 48.449227
2361.819663 47.895988
2362.261576 47.282328
2362.703489 47.611823
2363.145402 47.968042
2363.587315 48.315544
2364.029228 48.024319
2364.471141 48.274916
2364.913054 47.850807
2365.354967 47.944367
2365.796880 48.600052
2366.238793 46.770589
2366.680706 47.259297
2367.122619 47.899917
2367.564532 48.789905
2368.006446 47.984027
2368.448359 47.332224
2368.890272 47.370911
2369.332185 46.699395
2369.774098 47.804544
2370.216011 47.732450
2370.657924 47.342352
2371.099837 48.174767
2371.541750 48.944860
2371.983663 48.382943
2372.425576 47.735338
2372.867489 46.820848
2373.309402 47.499067
2373.751315 47.565822
2374.193228 48.589305
2374.635141 47.745124
2375.077054 46.884084
2375.518968 47.006699
2375.960881 48.438448
2376.402794 47.953071
2376.844707 47.386325
2377.286620 47.130892
2377.728533 47.307051
2378.170446 48.251522
2378.612359 48.172222
2379.054272 48.026549
2379.496185 47.476386
2379.938098 48.483918
2380.380011 48.136618
2380.821924 46.803755
2381.263837 48.161516
2381.705750 48.252564
2382.147663 47.908521
2382.589577 46.734079
2383.031490 46.715353
2383.473403 47.923619
2383.915316 47.618458
2384.357229 47.986344
2384.799142 48.275487
2385.241055 48.028047
2385.682968 47.117701
2386.124881 47.278298
2386.566794 46.902937
2387.008707 47.508369
2387.450620 47.465727
2387.892533 48.216281
2388.334446 48.142743
2388.776359 47.322902
2389.218272 47.248517
2389.660185 46.530900
2390.102099 47.606335
2390.544012 47.716995
2390.985925 47.487118
2391.427838 47.412573
2391.869751 46.812312
2392.311664 47.751786
2392.753577 47.582102
2393.195490 47.169566
2393.637403 47.507053
2394.079316 47.644343
2394.521229 48.047981
2394.963142 48.298954
2395.405055 47.695227
2395.846968 47.792474
2396.288881 47.888331
2396.730794 47.909260
2397.172707 47.744338
2397.614621 48.717441
2398.056534 47.979460
2398.498447 47.171963
2398.940360 47.508208
2399.382273 47.181326
2399.824186 47.751981
2400.266099 47.427530
2400.708012 47.167201
2401.149925 47.307185
2401.591838 46.817376
2402.033751 46.397780
2402.475664 46.818021
2402.917577 46.903246
2403.359490 47.630676
2403.801403 47.279238
2404.243316 47.270742
2404.685229 48.009382
2405.127143 48.010651
2405.569056 47.742276
2406.010969 48.242959
2406.452882 47.960211
2406.894795 47.659301
2407.336708 47.563787
2407.778621 47.498745
2408.220534 47.623106
2408.662447 47.395204
2409.104360 47.970319
2409.546273 47.575003
2409.988186 46.660863
2410.430099 48.025373
2410.872012 47.829919
2411.313925 47.854729
2411.755838 47.694448
2412.197752 48.750130
2412.639665 48.234624
2413.081578 48.101155
2413.523491 47.779068
2413.965404 46.564737
2414.407317 47.556217
2414.849230 47.380166
2415.291143 47.278036
2415.733056 47.925420
2416.174969 48.525392
2416.616882 47.988057
2417.058795 47.615006
2417.500708 47.551959
2417.942621 48.740015
2418.384534 49.631642
2418.826447 48.226504
2419.268360 47.924459
2419.710274 47.867833
2420.152187 48.349965
2420.594100 48.087702
2421.036013 48.257614
2421.477926 49.166657
2421.919839 47.630024
2422.361752 47.276330
2422.803665 47.054265
2423.245578 48.200813
2423.687491 48.432376
2424.129404 48.733044
2424.571317 48.410924
2425.013230 48.382473
2425.455143 49.161901
2425.897056 48.451988
2426.338969 48.780791
2426.780882 49.035585
2427.222796 48.970463
2427.664709 48.318485
2428.106622 48.482232
2428.548535 48.710174
2428.990448 48.678768
2429.432361 47.580578
2429.874274 47.765212
2430.316187 48.075740
2430.758100 48.495544
2431.200013 47.720568
2431.641926 47.503124
2432.083839 47.933593
2432.525752 47.978641
2432.967665 48.389082
2433.409578 48.535487
2433.851491 48.489016
2434.293405 48.240185
2434.735318 48.700509
2435.177231 48.060930
2435.619144 48.088589
2436.061057 47.391450
2436.502970 47.275007
2436.944883 47.668086
2437.386796 48.140990
2437.828709 47.474633
2438.270622 47.171695
2438.712535 46.993776
2439.154448 47.172165
2439.596361 47.487656
2440.038274 47.845071
2440.480187 48.163134
2440.922100 48.325511
2441.364013 47.637164
2441.805927 48.528871
2442.247840 47.987728
2442.689753 47.598108
2443.131666 47.230913
2443.573579 47.052001
2444.015492 47.580598
2444.457405 47.099177
2444.899318 47.036137
2445.341231 47.280461
2445.783144 48.119719
2446.225057 47.415528
2446.666970 47.382403
2447.108883 46.550807
2447.550796 46.854625
2447.992709 46.748976
2448.434622 46.657545
2448.876535 46.613049
2449.318449 46.703049
2449.760362 47.135218
2450.202275 47.264321
2450.644188 47.232169
2451.086101 47.112644
2451.528014 46.692779
2451.969927 46.712069
2452.411840 46.536649
2452.853753 46.533345
2453.295666 46.686594
2453.737579 46.663247
2454.179492 46.569231
2454.621405 46.509186
2455.063318 47.388427
2455.505231 47.202738
2455.947144 46.261699
2456.389058 47.185490
2456.830971 47.138260
2457.272884 46.696326
2457.714797 47.529177
2458.156710 47.072056
2458.598623 47.648380
2459.040536 47.818702
2459.482449 47.544672
2459.924362 47.244360
2460.366275 47.277069
2460.808188 47.307575
2461.250101 46.795292
2461.692014 47.073930
2462.133927 46.356582
2462.575840 46.659070
2463.017753 47.135144
2463.459666 47.377399
2463.901580 47.836836
2464.343493 46.797663
2464.785406 46.246587
2465.227319 46.944061
2465.669232 47.844245
2466.111145 47.715565
2466.553058 47.522742
2466.994971 47.390469
2467.436884 47.586414
2467.878797 46.371573
2468.320710 46.948931
2468.762623 47.203262
2469.204536 47.038064
2469.646449 46.360222
2470.088362 47.815572
2470.530275 47.094872
2470.972188 46.706830
2471.414102 46.462594
2471.856015 46.587627
2472.297928 46.625689
2472.739841 46.804480
2473.181754 46.914301
2473.623667 46.736691
2474.065580 47.293007
2474.507493 46.835134
2474.949406 47.050443
2475.391319 47.268492
2475.833232 46.825254
2476.275145 46.356575
2476.717058 47.171500
2477.158971 47.144036
2477.600884 46.408950
2478.042797 46.043267
2478.484710 46.385335
2478.926624 46.609616
2479.368537 46.670890
2479.810450 46.396450
2480.252363 46.833368
2480.694276 46.919412
2481.136189 46.950072
2481.578102 46.575685
2482.020015 47.496750
2482.461928 46.505156
2482.903841 45.756482
2483.345754 45.902846
2483.787667 46.562366
2484.229580 46.424995
2484.671493 46.354614
2485.113406 46.419461
2485.555319 47.208722
2485.997233 46.389828
2486.439146 45.704181
2486.881059 45.983262
2487.322972 45.965396
2487.764885 46.994864
2488.206798 47.110911
2488.648711 46.485463
2489.090624 45.839859
2489.532537 46.908021
2489.974450 46.749117
2490.416363 46.028813
2490.858276 45.838248
2491.300189 45.588692
2491.742102 45.640267
2492.184015 46.691282
2492.625928 46.493415
2493.067841 46.429240
2493.509755 45.753029
2493.951668 45.445229
2494.393581 45.810750
2494.835494 45.597651
2495.277407 45.598001
2495.719320 46.232623
2496.161233 46.139191
2496.603146 46.086554
2497.045059 45.753164
2497.486972 46.373151
2497.928885 45.944589
2498.370798 45.620407
2498.812711 45.151150
2499.254624 45.235273
2499.696537 45.351118
2500.138450 46.490951
2500.580363 45.673352
2501.022277 45.540609
2501.464190 45.808682
2501.906103 45.660114
2502.348016 45.623899
2502.789929 45.999395
2503.231842 45.389254
2503.673755 45.700742
2504.115668 45.924970
2504.557581 46.498083
2504.999494 46.105286
2505.441407 47.096538
2505.883320 46.683699
2506.325233 46.435265
2506.767146 46.660326
2507.209059 46.169301
2507.650972 45.503890
2508.092886 45.934682
2508.534799 45.923351
2508.976712 45.862709
2509.418625 46.137371
2509.860538 46.544326
2510.302451 46.312609
2510.744364 45.632993
2511.186277 46.569190
2511.628190 46.314416
2512.070103 45.010541
2512.512016 45.791904
2512.953929 45.989092
2513.395842 46.219855
2513.837755 45.803557
2514.279668 45.703993
2514.721581 45.090379
2515.163494 45.343421
2515.605408 46.427064
2516.047321 46.762462
2516.489234 45.341896
2516.931147 45.295553
2517.373060 45.705699
2517.814973 46.316914
2518.256886 45.615101
2518.698799 45.875349
2519.140712 46.110236
2519.582625 45.829281
2520.024538 45.472403
2520.466451 45.582345
2520.908364 45.339304
2521.350277 45.273671
2521.792190 45.178627
2522.234103 45.080936
2522.676016 45.165080
2523.117930 45.305258
2523.559843 44.816423
2524.001756 45.409491
2524.443669 45.103873
2524.885582 44.514889
2525.327495 43.991833
2525.769408 44.646249
2526.211321 44.852745
2526.653234 45.161406
2527.095147 44.371063
2527.537060 44.699181
2527.978973 45.130550
2528.420886 44.815932
2528.862799 44.043355
2529.304712 45.351420
2529.746625 45.809004
2530.188539 45.577099
2530.630452 44.594418
2531.072365 45.313828
2531.514278 44.699167
2531.956191 44.143000
2532.398104 44.419576
2532.840017 45.367681
2533.281930 45.419740
2533.723843 45.057650
2534.165756 44.920084
2534.607669 44.600207
2535.049582 44.600919
2535.491495 44.676768
2535.933408 44.429254
2536.375321 44.250348
2536.817234 44.360451
2537.259147 43.933124
2537.701061 43.958808
2538.142974 44.144430
2538.584887 45.006041
2539.026800 44.582832
2539.468713 44.727732
2539.910626 44.954909
2540.352539 44.449128
2540.794452 44.061657
2541.236365 44.679542
2541.678278 44.669501
2542.120191 44.390097
2542.562104 44.830037
2543.004017 44.821588
2543.445930 44.853222
2543.887843 45.368608
2544.329756 44.954748
2544.771669 44.129714
2545.213583 44.219198
2545.655496 44.340201
2546.097409 44.133939
2546.539322 44.120459
2546.981235 43.500257
2547.423148 44.455784
2547.865061 44.353768
2548.306974 44.682934
2548.748887 44.147513
2549.190800 43.707190
2549.632713 43.090051
2550.074626 43.228114
2550.516539 43.009084
2550.958452 43.113740
2551.400365 43.940492
2551.842278 43.604664
2552.284191 43.154717
2552.726105 43.551174
2553.168018 43.940499
2553.609931 43.535787
2554.051844 43.099978
2554.493757 43.208656
2554.935670 43.119415
2555.377583 43.035634
2555.819496 44.040822
2556.261409 44.184903
2556.703322 43.960299
2557.145235 43.461228
2557.587148 43.170238
2558.029061 42.709363
2558.470974 42.842510
2558.912887 43.084570
2559.354800 43.256155
2559.796714 43.907662
2560.238627 43.245644
2560.680540 43.413353
2561.122453 43.292666
2561.564366 42.659863
2562.006279 42.604426
2562.448192 42.355293
2562.890105 43.243803
2563.332018 42.879746
2563.773931 43.097647
2564.215844 43.401324
2564.657757 44.046505
2565.099670 43.061251
2565.541583 42.920602
2565.983496 42.618121
2566.425409 43.341111
2566.867322 43.372316
2567.309236 43.728569
2567.751149 43.696088
2568.193062 43.536015
2568.634975 43.825292
2569.076888 43.478919
2569.518801 42.444494
2569.960714 42.137506
2570.402627 41.947921
2570.844540 42.255124
2571.286453 42.703997
2571.728366 43.076564
2572.170279 42.604768
2572.612192 42.688616
2573.054105 42.169597
2573.496018 41.857088
2573.937931 42.658742
2574.379844 43.028441
2574.821758 43.627177
2575.263671 43.328800
2575.705584 41.876700
2576.147497 42.307472
2576.589410 42.605373
2577.031323 42.600705
2577.473236 43.026359
2577.915149 42.550103
2578.357062 41.721893
2578.798975 42.645658
2579.240888 42.492738
2579.682801 42.121393
2580.124714 41.950662
2580.566627 41.841016
2581.008540 41.654507
2581.450453 41.605947
2581.892367 42.448645
2582.334280 42.153679
2582.776193 41.968084
2583.218106 41.287582
2583.660019 40.164870
2584.101932 39.395361
2584.543845 38.977693
2584.985758 39.728724
2585.427671 42.211924
2585.869584 41.923218
2586.311497 41.864047
2586.753410 41.769855
2587.195323 41.535042
2587.637236 42.212193
2588.079149 42.285261
2588.521062 42.039003
2588.962975 42.069469
2589.404889 41.870038
2589.846802 41.415725
2590.288715 40.518779
2590.730628 40.189055
2591.172541 40.118325
2591.614454 40.940665
2592.056367 41.341461
2592.498280 41.677303
2592.940193 41.657604
2593.382106 41.762850
2593.824019 41.937780
2594.265932 42.068280
2594.707845 42.734738
2595.149758 42.964527
2595.591671 42.894475
2596.033584 41.739893
2596.475497 41.902632
2596.917411 42.382851
2597.359324 42.365596
2597.801237 41.865350
2598.243150 42.314007
2598.685063 42.374798
2599.126976 41.966392
2599.568889 42.220488
2600.010802 42.706066
2600.452715 42.748278
2600.894628 42.680402
2601.336541 42.008269
2601.778454 42.074251
2602.220367 42.590429
2602.662280 42.417675
2603.104193 42.498528
2603.546106 42.156910
2603.988020 42.317083
2604.429933 41.975197
2604.871846 42.147937
2605.313759 42.912401
2605.755672 43.171494
2606.197585 42.819923
2606.639498 41.914333
2607.081411 41.983559
2607.523324 41.833661
2607.965237 41.698889
2608.407150 41.887870
2608.849063 42.278874
2609.290976 42.443164
2609.732889 42.804683
2610.174802 42.882762
2610.616715 42.683707
2611.058628 42.138849
2611.500542 42.852632
2611.942455 42.669656
2612.384368 42.071228
2612.826281 41.322447
2613.268194 41.204808
2613.710107 41.623430
2614.152020 41.671130
2614.593933 42.299977
2615.035846 42.389668
2615.477759 42.182453
2615.919672 41.856376
2616.361585 41.564218
2616.803498 41.819067
2617.245411 42.236540
2617.687324 42.251262
2618.129237 42.478305
2618.571150 42.666848
2619.013064 42.850053
2619.454977 42.401878
2619.896890 42.429577
2620.338803 42.579320
2620.780716 43.394937
2621.222629 43.239827
2621.664542 42.080631
2622.106455 42.094440
2622.548368 42.046700
2622.990281 42.519658
2623.432194 42.579407
2623.874107 42.233477
2624.316020 42.203932
2624.757933 42.542702
2625.199846 42.458874
2625.641759 42.292407
2626.083672 43.322970
2626.525586 43.039389
2626.967499 41.930136
2627.409412 41.845979
2627.851325 41.961039
2628.293238 42.040890
2628.735151 42.447470
2629.177064 42.663322
2629.618977 42.672013
2630.060890 42.686857
2630.502803 42.493188
2630.944716 42.105946
2631.386629 41.971939
2631.828542 41.638421
2632.270455 41.917127
2632.712368 41.924897
2633.154281 41.503670
2633.596195 41.418700
2634.038108 41.104035
2634.480021 41.582171
2634.921934 41.971295
2635.363847 41.318867
2635.805760 40.771007
2636.247673 40.889096
2636.689586 40.797524
2637.131499 41.123526
2637.573412 40.416339
2638.015325 40.458472
2638.457238 41.095861
2638.899151 41.410009
2639.341064 41.005760
2639.782977 41.177318
2640.224890 41.387341
2640.666803 40.929697
2641.108717 40.405069
2641.550630 39.998880
2641.992543 40.547847
2642.434456 40.743497
2642.876369 41.053219
2643.318282 40.888626
2643.760195 40.411954
2644.202108 40.895772
2644.644021 40.388352
2645.085934 40.720997
2645.527847 40.416924
2645.969760 40.821898
2646.411673 40.601512
2646.853586 40.263225
2647.295499 39.838639
2647.737412 39.781113
2648.179325 39.566476
2648.621239 39.527728
2649.063152 39.705022
2649.505065 40.343795
2649.946978 39.527339
2650.388891 39.194170
2650.830804 39.446984
2651.272717 39.323703
2651.714630 39.776613
2652.156543 38.634839
2652.598456 38.237864
2653.040369 38.619727
2653.482282 39.722371
2653.924195 39.284412
2654.366108 39.178380
2654.808021 38.939738
2655.249934 38.517859
2655.691848 38.733490
2656.133761 38.474961
2656.575674 38.861445
2657.017587 39.430763
2657.459500 38.985229
2657.901413 38.910777
2658.343326 39.165410
2658.785239 38.779686
2659.227152 38.999468
2659.669065 40.095489
2660.110978 39.651989
2660.552891 39.238015
2660.994804 38.285034
2661.436717 38.670369
2661.878630 38.894315
2662.320543 38.640091
2662.762456 39.284520
2663.204370 39.719241
2663.646283 38.772002
2664.088196 38.681364
2664.530109 38.628398
2664.972022 39.396771
2665.413935 38.634342
2665.855848 38.944601
2666.297761 39.122345
2666.739674 38.846931
2667.181587 38.738608
2667.623500 38.525287
2668.065413 39.221687
2668.507326 38.750516
2668.949239 38.979956
2669.391152 39.270126
2669.833065 39.422126
2670.274978 38.623535
2670.716892 38.746486
2671.158805 38.884261
2671.600718 38.937092
2672.042631 38.759724
2672.484544 38.365188
2672.926457 38.866449
2673.368370 38.732738
2673.810283 38.677945
2674.252196 37.888932
2674.694109 39.064805
2675.136022 38.942767
2675.577935 38.975732
2676.019848 39.331931
2676.461761 39.086459
2676.903674 38.512976
2677.345587 38.228784
2677.787501 38.476392
2678.229414 38.706302
2678.671327 38.681975
2679.113240 38.249249
2679.555153 38.869968
2679.997066 38.248322
2680.438979 38.691002
2680.880892 38.818157
2681.322805 39.206576
2681.764718 39.201518
2682.206631 38.528256
2682.648544 39.211237
2683.090457 39.116777
2683.532370 39.072240
2683.974283 38.878075
2684.416196 38.941955
2684.858109 39.068465
2685.300023 39.505584
2685.741936 39.230761
2686.183849 38.696153
2686.625762 38.949544
2687.067675 38.527463
2687.509588 38.372939
2687.951501 38.930846
2688.393414 38.609310
2688.835327 38.790862
2689.277240 39.410701
2689.719153 38.648326
2690.161066 38.547740
2690.602979 38.901609
2691.044892 38.182749
2691.486805 39.736583
2691.928718 39.414671
2692.370631 39.756074
2692.812545 40.321215
2693.254458 39.741466
2693.696371 39.141769
2694.138284 38.229308
2694.580197 38.392678
2695.022110 38.846628
2695.464023 39.370074
2695.905936 39.702101
2696.347849 39.131573
2696.789762 39.016057
2697.231675 39.108502
2697.673588 39.378745
2698.115501 39.430636
2698.557414 39.672595
2698.999327 39.044555
2699.441240 38.998292
2699.883153 38.467089
2700.325067 39.281847
2700.766980 38.965563
2701.208893 39.311788
2701.650806 39.231500
2702.092719 39.124662
2702.534632 39.575476
2702.976545 39.412166
2703.418458 39.586390
2703.860371 38.989850
2704.302284 38.682062
2704.744197 39.318451
2705.186110 39.263417
2705.628023 39.666275
2706.069936 39.283700
2706.511849 39.143528
2706.953762 40.218352
2707.395676 40.919662
2707.837589 40.685205
2708.279502 40.394330
2708.721415 40.033409
2709.163328 39.916194
2709.605241 39.878938
2710.047154 39.744938
2710.489067 39.951012
2710.930980 40.245057
2711.372893 39.614438
2711.814806 39.622477
2712.256719 39.730511
2712.698632 39.680514
2713.140545 39.847108
2713.582458 39.913661
2714.024371 40.291031
2714.466284 40.296485
2714.908198 40.247582
2715.350111 40.380588
2715.792024 40.342459
2716.233937 40.561831
2716.675850 40.129111
2717.117763 39.180422
2717.559676 40.211710
2718.001589 40.078617
2718.443502 40.692600
2718.885415 41.057853
2719.327328 41.051298
2719.769241 40.818949
2720.211154 41.118496
2720.653067 40.579723
2721.094980 40.606374
2721.536893 40.188350
2721.978806 40.491698
2722.420720 40.168201
2722.862633 41.193155
2723.304546 40.415668
2723.746459 40.705845
2724.188372 40.769033
2724.630285 40.845412
2725.072198 40.407789
2725.514111 40.563550
2725.956024 40.640588
2726.397937 41.034863
2726.839850 41.388429
2727.281763 40.995101
2727.723676 40.871633
2728.165589 40.886570
2728.607502 42.045525
2729.049415 41.309524
2729.491329 40.928951
2729.933242 41.385353
2730.375155 41.295910
2730.817068 41.441724
2731.258981 41.372686
2731.700894 42.010989
2732.142807 42.054370
2732.584720 41.857068
2733.026633 41.030591
2733.468546 41.188897
2733.910459 41.503743
2734.352372 41.373149
2734.794285 41.574306
2735.236198 41.216307
2735.678111 41.601481
2736.120024 41.715244
2736.561937 41.146376
2737.003851 41.185055
2737.445764 40.530599
2737.887677 40.250773
2738.329590 41.248432
2738.771503 41.236564
2739.213416 41.131049
2739.655329 40.976201
2740.097242 40.978706
2740.539155 41.498720
2740.981068 41.531026
2741.422981 41.390719
2741.864894 41.594200
2742.306807 41.516364
2742.748720 41.972315
2743.190633 41.700226
2743.632546 41.321251
2744.074459 40.662947
2744.516373 40.955656
2744.958286 40.695380
2745.400199 41.933656
2745.842112 41.958151
2746.284025 41.726138
2746.725938 41.522832
2747.167851 41.712067
2747.609764 41.576798
2748.051677 41.031699
2748.493590 41.428929
2748.935503 41.678344
2749.377416 40.853539
2749.819329 41.507498
2750.261242 42.042919
2750.703155 42.017927
2751.145068 41.818361
2751.586982 41.361046
2752.028895 42.163391
2752.470808 41.888515
2752.912721 41.755160
2753.354634 42.193562
2753.796547 41.193639
2754.238460 41.076793
2754.680373 41.313286
2755.122286 41.569699
2755.564199 41.622866
2756.006112 41.320882
2756.448025 41.328183
2756.889938 41.049780
2757.331851 41.082563
2757.773764 41.347667
2758.215677 41.648368
2758.657590 41.160104
2759.099504 40.853667
2759.541417 40.756372
2759.983330 40.790297
2760.425243 40.997284
2760.867156 41.150258
2761.309069 41.194546
2761.750982 41.205500
2762.192895 40.481502
2762.634808 39.857573
2763.076721 40.783957
2763.518634 41.136113
2763.960547 40.733046
2764.402460 40.057400
2764.844373 40.563806
2765.286286 40.786885
2765.728199 40.707443
2766.170112 40.666594
2766.612026 41.051875
2767.053939 41.037630
2767.495852 40.347637
2767.937765 40.806625
2768.379678 41.084457
2768.821591 40.595346
2769.263504 40.829702
2769.705417 40.140348
2770.147330 40.951888
2770.589243 40.620284
2771.031156 40.880170
2771.473069 40.630177
2771.914982 40.432103
2772.356895 41.108925
2772.798808 40.734981
2773.240721 40.583485
2773.682634 40.620674
2774.124548 40.666164
2774.566461 40.337475
2775.008374 40.183058
2775.450287 40.359035
2775.892200 40.594056
2776.334113 40.992139
2776.776026 41.139713
2777.217939 41.200154
2777.659852 41.345249
2778.101765 41.272100
2778.543678 40.609591
2778.985591 41.462236
2779.427504 42.165708
2779.869417 41.834817
2780.311330 41.956142
2780.753243 41.507041
2781.195157 41.349897
2781.637070 41.787808
2782.078983 41.485824
2782.520896 41.684664
2782.962809 41.449649
2783.404722 41.705653
2783.846635 41.930062
2784.288548 42.175931
2784.730461 41.915911
2785.172374 41.707675
2785.614287 42.055505
2786.056200 42.354763
2786.498113 42.654813
2786.940026 43.005471
2787.381939 42.913335
2787.823852 42.956038
2788.265765 43.833265
2788.707679 44.497197
2789.149592 44.481776
2789.591505 44.635119
2790.033418 44.601672
2790.475331 44.984441
2790.917244 45.184443
2791.359157 46.089550
2791.801070 46.609596
2792.242983 46.542835
2792.684896 46.793580
2793.126809 46.581737
2793.568722 46.385153
2794.010635 46.844839
2794.452548 47.241297
2794.894461 47.108164
2795.336374 47.430297
2795.778287 47.650845
2796.220201 47.865516
2796.662114 47.952218
2797.104027 48.177863
2797.545940 48.829680
2797.987853 48.438575
2798.429766 48.403965
2798.871679 48.236283
2799.313592 47.516906
2799.755505 47.351708
2800.197418 47.222981
2800.639331 47.945408
2801.081244 49.156414
2801.523157 48.539375
2801.965070 47.836937
2802.406983 47.249558
2802.848896 47.138697
2803.290810 47.152808
2803.732723 47.367257
2804.174636 47.700856
2804.616549 47.001554
2805.058462 46.754745
2805.500375 46.147875
2805.942288 46.649049
2806.384201 46.606963
2806.826114 46.311064
2807.268027 45.609613
2807.709940 44.712822
2808.151853 44.169597
2808.593766 44.791498
2809.035679 44.544078
2809.477592 44.036316
2809.919505 43.579155
2810.361418 43.815332
2810.803332 43.854354
2811.245245 43.626620
2811.687158 42.834081
2812.129071 42.043940
2812.570984 42.083909
2813.012897 41.991027
2813.454810 41.923675
2813.896723 41.642042
2814.338636 41.609883
2814.780549 41.100442
2815.222462 40.857414
2815.664375 41.135179
2816.106288 41.420231
2816.548201 41.264934
2816.990114 40.705012
2817.432027 40.472294
2817.873940 40.414110
2818.315854 40.055922
2818.757767 40.362420
2819.199680 40.572785
2819.641593 40.404841
2820.083506 39.734313
2820.525419 39.257191
2820.967332 38.858060
2821.409245 39.016527
2821.851158 39.148297
2822.293071 39.242750
2822.734984 39.303191
2823.176897 38.843841
2823.618810 38.968088
2824.060723 39.244013
2824.502636 39.423066
2824.944549 39.446325
2825.386463 39.474971
2825.828376 38.993443
2826.270289 39.044609
2826.712202 38.809157
2827.154115 39.376421
2827.596028 39.263571
2828.037941 39.276856
2828.479854 39.047833
2828.921767 38.840765
2829.363680 39.323509
2829.805593 39.993197
2830.247506 38.994121
2830.689419 38.993658
2831.131332 39.117012
2831.573245 39.515599
2832.015158 39.501575
2832.457071 39.425370
2832.898985 38.989071
2833.340898 39.566872
2833.782811 39.945531
2834.224724 40.024946
2834.666637 40.167368
2835.108550 40.550621
2835.550463 40.223349
2835.992376 39.847411
2836.434289 39.894325
2836.876202 39.300632
2837.318115 39.410392
2837.760028 39.466226
2838.201941 39.453505
2838.643854 39.428016
2839.085767 39.288147
2839.527680 39.080448
2839.969593 39.454090
2840.411507 39.559443
2840.853420 40.146137
2841.295333 40.221838
2841.737246 39.558725
2842.179159 39.108146
2842.621072 39.288885
2843.062985 39.087970
2843.504898 39.575294
2843.946811 38.871573
2844.388724 38.936904
2844.830637 39.126025
2845.272550 39.331736
2845.714463 39.874008
2846.156376 39.800731
2846.598289 39.392063
2847.040202 39.051500
2847.482115 39.155047
2847.924029 39.309733
2848.365942 39.187541
2848.807855 39.294225
2849.249768 39.054341
2849.691681 38.723792
2850.133594 38.748777
2850.575507 39.110423
2851.017420 38.916849
2851.459333 38.879700
2851.901246 38.501545
2852.343159 39.435310
2852.785072 39.096466
2853.226985 38.882064
2853.668898 39.425216
2854.110811 39.011752
2854.552724 38.882199
2854.994638 38.908715
2855.436551 38.436073
2855.878464 38.771243
2856.320377 38.926433
2856.762290 38.946280
2857.204203 38.828796
2857.646116 38.260324
2858.088029 38.569911
2858.529942 38.686052
2858.971855 37.889879
2859.413768 38.115122
2859.855681 37.950468
2860.297594 38.686274
2860.739507 38.047930
2861.181420 37.530335
2861.623333 37.180637
2862.065246 37.807186
2862.507160 37.787158
2862.949073 37.090053
2863.390986 37.310238
2863.832899 37.603323
2864.274812 37.518413
2864.716725 37.585195
2865.158638 37.736436
2865.600551 37.271007
2866.042464 37.474018
2866.484377 37.189617
2866.926290 37.927075
2867.368203 38.132913
2867.810116 37.503463
2868.252029 37.599380
2868.693942 37.397988
2869.135855 37.363445
2869.577768 37.234906
2870.019682 37.293252
2870.461595 37.317243
2870.903508 37.024547
2871.345421 37.104795
2871.787334 37.150440
2872.229247 37.020175
2872.671160 37.016320
2873.113073 36.512661
2873.554986 36.257141
2873.996899 37.065806
2874.438812 37.240272
2874.880725 36.485433
2875.322638 36.648266
2875.764551 36.801280
2876.206464 36.431594
2876.648377 36.761397
2877.090291 36.894759
2877.532204 36.956799
2877.974117 37.067210
2878.416030 36.976773
2878.857943 36.478165
2879.299856 36.483055
2879.741769 36.523266
2880.183682 36.766589
2880.625595 36.993840
2881.067508 36.968418
2881.509421 36.339854
2881.951334 36.466734
2882.393247 36.171587
2882.835160 36.722160
2883.277073 36.707384
2883.718986 36.563733
2884.160899 36.365739
2884.602813 36.217722
2885.044726 36.505985
2885.486639 35.952793
2885.928552 36.121362
2886.370465 36.167396
2886.812378 36.162493
2887.254291 36.719494
2887.696204 36.274228
2888.138117 36.183737
2888.580030 36.332862
2889.021943 36.340552
2889.463856 36.578428
2889.905769 36.304351
2890.347682 36.044868
2890.789595 35.811593
2891.231508 36.100420
2891.673421 36.120025
2892.115335 35.332026
2892.557248 35.201895
2892.999161 35.544386
2893.441074 36.028339
2893.882987 35.539799
2894.324900 35.708744
2894.766813 35.604962
2895.208726 35.980390
2895.650639 36.114323
2896.092552 35.154457
2896.534465 35.887986
2896.976378 35.453446
2897.418291 35.945646
2897.860204 35.817470
2898.302117 35.207416
2898.744030 35.715185
2899.185944 35.511342
2899.627857 35.694029
2900.069770 36.025444
2900.511683 35.591281
2900.953596 34.817883
2901.395509 34.312002
2901.837422 34.796149
2902.279335 35.148318
2902.721248 34.973658
2903.163161 35.125677
2903.605074 34.748523
2904.046987 35.327701
2904.488900 35.108712
2904.930813 35.319816
2905.372726 35.368866
2905.814639 34.973825
2906.256552 34.759880
2906.698466 34.873603
2907.140379 34.515006
2907.582292 34.488872
2908.024205 34.601849
2908.466118 34.759813
2908.908031 34.632523
2909.349944 34.302820
2909.791857 34.492533
2910.233770 34.363100
2910.675683 34.878768
2911.117596 34.848168
2911.559509 34.682225
2912.001422 34.772111
2912.443335 34.729582
2912.885248 34.275001
2913.327161 34.498483
2913.769074 34.436296
2914.210988 34.266504
2914.652901 34.284471
2915.094814 34.422030
2915.536727 34.700648
2915.978640 34.754467
2916.420553 35.186992
2916.862466 34.953266
2917.304379 34.292591
2917.746292 34.522165
2918.188205 35.005776
2918.630118 34.206627
2919.072031 34.172857
2919.513944 34.540253
2919.955857 34.793422
2920.397770 34.622482
2920.839683 34.620575
2921.281596 34.514871
2921.723510 34.529708
2922.165423 34.543557
2922.607336 34.295284
2923.049249 34.992551
2923.491162 35.175654
2923.933075 35.271370
2924.374988 35.127343
2924.816901 34.923728
2925.258814 34.736997
2925.700727 34.676576
2926.142640 34.843365
2926.584553 35.297020
2927.026466 35.456569
2927.468379 35.811875
2927.910292 35.840702
2928.352205 35.677231
2928.794119 36.008136
2929.236032 35.173592
2929.677945 35.108275
2930.119858 35.101297
2930.561771 34.778236
2931.003684 35.267918
2931.445597 35.219956
2931.887510 35.201190
2932.329423 34.611790
2932.771336 35.040184
2933.213249 35.347420
2933.655162 35.469075
2934.097075 34.975108
2934.538988 35.156009
2934.980901 34.909354
2935.422814 35.269899
2935.864727 35.443774
2936.306641 35.425801
2936.748554 35.405041
2937.190467 34.806472
2937.632380 34.744372
2938.074293 34.962300
2938.516206 35.264922
2938.958119 34.971099
2939.400032 35.238950
2939.841945 35.782538
2940.283858 35.171799
2940.725771 35.085614
2941.167684 35.383964
2941.609597 35.515607
2942.051510 35.130218
2942.493423 34.348129
2942.935336 35.006669
2943.377249 35.433800
2943.819163 36.045305
2944.261076 35.800370
2944.702989 35.729968
2945.144902 35.493483
2945.586815 35.247480
2946.028728 34.846274
2946.470641 35.592785
2946.912554 35.283312
2947.354467 35.055343
2947.796380 35.513048
2948.238293 35.400185
2948.680206 35.748915
2949.122119 35.344270
2949.564032 35.918572
2950.005945 35.642144
2950.447858 35.903420
2950.889772 35.645133
2951.331685 34.866564
2951.773598 35.189483
2952.215511 35.685082
2952.657424 35.537395
2953.099337 35.596264
2953.541250 34.895592
2953.983163 34.744083
2954.425076 34.858531
2954.866989 34.932096
2955.308902 34.516490
2955.750815 34.717641
2956.192728 34.694287
2956.634641 34.944904
2957.076554 35.244941
2957.518467 35.170543
2957.960380 35.150273
2958.402294 34.980025
2958.844207 34.712758
2959.286120 35.502039
2959.728033 35.550042
2960.169946 34.884571
2960.611859 35.524768
2961.053772 35.713244
2961.495685 35.597191
2961.937598 35.338676
2962.379511 35.489473
2962.821424 35.932959
2963.263337 35.862564
2963.705250 35.464629
2964.147163 35.319856
2964.589076 35.553138
2965.030989 35.679434
2965.472902 35.931696
2965.914816 35.922206
2966.356729 35.238439
2966.798642 35.877508
2967.240555 35.968697
2967.682468 35.031520
2968.124381 34.907521
2968.566294 35.264707
2969.008207 35.181115
2969.450120 34.591331
2969.892033 34.526833
2970.333946 34.709541
2970.775859 34.630851
2971.217772 35.244834
2971.659685 35.836081
2972.101598 35.648928
2972.543511 35.815892
2972.985425 35.419823
2973.427338 35.498399
2973.869251 35.278046
2974.311164 35.351766
2974.753077 35.356501
2975.194990 35.155706
2975.636903 35.415612
2976.078816 35.610342
2976.520729 35.828653
2976.962642 35.236875
2977.404555 35.294992
2977.846468 34.716183
2978.288381 34.759813
2978.730294 34.804853
2979.172207 34.934514
2979.614120 35.387504
2980.056033 35.016052
2980.497947 34.887056
2980.939860 34.612347
2981.381773 34.636244
2981.823686 35.334014
2982.265599 35.162987
2982.707512 34.385150
2983.149425 34.661343
2983.591338 35.130741
2984.033251 35.108168
2984.475164 35.148936
2984.917077 35.317801
2985.358990 35.691423
2985.800903 35.233039
2986.242816 34.998905
2986.684729 34.277734
2987.126642 34.135426
2987.568555 34.591936
2988.010469 34.668134
2988.452382 34.151009
2988.894295 34.780956
2989.336208 34.406710
2989.778121 34.224493
2990.220034 34.359178
2990.661947 34.278534
2991.103860 34.200280
2991.545773 34.239357
2991.987686 33.892486
2992.429599 33.778616
2992.871512 33.547611
2993.313425 33.705756
2993.755338 33.714615
2994.197251 33.432048
2994.639164 33.329589
2995.081077 34.014208
2995.522991 34.474512
2995.964904 34.392384
2996.406817 33.896577
2996.848730 33.581133
2997.290643 33.548283
2997.732556 33.987752
2998.174469 33.897047
2998.616382 32.928416
2999.058295 33.847077
2999.500208 34.141458
2999.942121 33.692861
3000.384034 33.167508
3000.825947 33.261558
3001.267860 33.049399
3001.709773 33.437676
3002.151686 33.661455
3002.593600 33.692773
3003.035513 33.527374
3003.477426 33.788953
3003.919339 32.183000
3004.361252 28.299659
3004.803165 24.001726
3005.245078 26.119310
3005.686991 28.861246
3006.128904 34.548541
3006.570817 36.559334
3007.012730 33.442620
3007.454643 31.563852
3007.896556 31.057043
3008.338469 32.086585
3008.780382 32.465097
3009.222295 32.636816
3009.664208 32.685100
3010.106122 32.647434
3010.548035 32.528829
3010.989948 32.121746
3011.431861 32.270260
3011.873774 32.005605
3012.315687 32.025244
3012.757600 32.135817
3013.199513 32.602992
3013.641426 31.989822
3014.083339 32.106728
3014.525252 31.881532
3014.967165 32.349708
3015.409078 32.360287
3015.850991 32.046273
3016.292904 32.743499
3016.734817 32.567408
3017.176730 32.501117
3017.618644 32.528634
3018.060557 32.786558
3018.502470 32.649369
3018.944383 32.302653
3019.386296 32.049873
3019.828209 31.984039
3020.270122 32.474909
3020.712035 31.749823
3021.153948 31.927386
3021.595861 31.906544
3022.037774 32.051969
3022.479687 32.658832
3022.921600 32.020898
3023.363513 32.365760
3023.805426 32.286218
3024.247339 31.918574
3024.689253 31.428536
3025.131166 31.380131
3025.573079 31.558244
3026.014992 31.735343
3026.456905 31.292004
3026.898818 31.539310
3027.340731 31.366483
3027.782644 31.654833
3028.224557 31.717524
3028.666470 31.581059
3029.108383 31.595191
3029.550296 31.537476
3029.992209 31.704360
3030.434122 32.047899
3030.876035 31.717235
3031.317948 31.573739
3031.759861 31.169953
3032.201775 31.380010
3032.643688 31.838379
3033.085601 32.029321
3033.527514 32.034634
3033.969427 32.056972
3034.411340 32.082018
3034.853253 31.743946
3035.295166 31.548344
3035.737079 31.541782
3036.178992 31.932121
3036.620905 31.736861
3037.062818 31.609000
3037.504731 31.308090
3037.946644 31.833409
3038.388557 32.005209
3038.830470 32.414562
3039.272383 31.624474
3039.714297 31.646216
3040.156210 31.836062
3040.598123 32.154623
3041.040036 32.315636
3041.481949 32.352798
3041.923862 31.873829
3042.365775 32.073911
3042.807688 32.464364
3043.249601 32.458736
3043.691514 32.307757
3044.133427 32.340540
3044.575340 32.305561
3045.017253 31.912589
3045.459166 32.110247
3045.901079 32.155791
3046.342992 31.736632
3046.784906 32.337457
3047.226819 32.562156
3047.668732 32.668376
3048.110645 32.755623
3048.552558 32.256155
3048.994471 31.825679
3049.436384 31.456046
3049.878297 31.846083
3050.320210 31.685997
3050.762123 31.999681
3051.204036 32.325704
3051.645949 32.296077
3052.087862 32.145240
3052.529775 32.352630
3052.971688 31.874238
3053.413601 32.471182
3053.855514 32.399611
3054.297428 32.626855
3054.739341 31.704366
3055.181254 31.417501
3055.623167 31.534877
3056.065080 32.129611
3056.506993 32.007916
3056.948906 32.364934
3057.390819 32.099709
3057.832732 31.678199
3058.274645 31.986201
3058.716558 31.467384
3059.158471 31.603586
3059.600384 31.764774
3060.042297 31.870471
3060.484210 32.260044
3060.926123 32.695846
3061.368036 31.816658
3061.809950 32.202900
3062.251863 31.833752
3062.693776 31.696213
3063.135689 31.765567
3063.577602 31.728391
3064.019515 31.933095
3064.461428 32.206581
3064.903341 31.660743
3065.345254 31.783593
3065.787167 31.841731
3066.229080 30.817246
3066.670993 31.787832
3067.112906 32.631013
3067.554819 32.436935
3067.996732 31.977510
3068.438645 31.877241
3068.880558 31.944271
3069.322472 32.056603
3069.764385 31.808961
3070.206298 32.279844
3070.648211 31.671140
3071.090124 31.986289
3071.532037 31.704474
3071.973950 31.945500
3072.415863 31.783385
3072.857776 31.373938
3073.299689 31.870638
3073.741602 32.014619
3074.183515 31.793030
3074.625428 32.047993
3075.067341 32.052647
3075.509254 31.949785
3075.951167 31.617973
3076.393081 31.543427
3076.834994 31.990043
3077.276907 31.827210
3077.718820 31.654893
3078.160733 32.072440
3078.602646 32.062628
3079.044559 32.062964
3079.486472 31.832147
3079.928385 31.087502
3080.370298 31.224719
3080.812211 31.415291
3081.254124 31.212831
3081.696037 31.368504
3082.137950 31.447228
3082.579863 31.852706
3083.021776 31.649708
3083.463689 31.668595
3083.905603 31.122643
3084.347516 31.281103
3084.789429 32.002690
3085.231342 31.951565
3085.673255 31.128466
3086.115168 31.622144
3086.557081 31.376248
3086.998994 31.081303
3087.440907 31.174037
3087.882820 30.966291
3088.324733 31.833248
3088.766646 31.443090
3089.208559 31.420469
3089.650472 31.536348
3090.092385 31.761899
3090.534298 31.493175
3090.976211 31.172049
3091.418125 31.134645
3091.860038 30.875216
3092.301951 31.519490
3092.743864 31.413296
3093.185777 31.561743
3093.627690 31.924115
3094.069603 32.315340
3094.511516 32.183665
3094.953429 31.909446
3095.395342 31.520578
3095.837255 31.009612
3096.279168 31.347328
3096.721081 31.489756
3097.162994 31.129910
3097.604907 31.249906
3098.046820 31.213221
3098.488734 31.250705
3098.930647 31.711902
3099.372560 31.395860
3099.814473 31.266972
3100.256386 31.176623
3100.698299 31.653946
3101.140212 31.957307
3101.582125 31.776904
3102.024038 31.996437
3102.465951 31.910252
3102.907864 31.419744
3103.349777 31.769865
3103.791690 32.108494
3104.233603 32.189958
3104.675516 32.059814
3105.117429 31.943848
3105.559342 32.046287
3106.001256 32.150103
3106.443169 31.631285
3106.885082 32.134447
3107.326995 31.807397
3107.768908 32.080634
3108.210821 32.312573
3108.652734 32.151278
3109.094647 31.870706
3109.536560 32.065449
3109.978473 32.393069
3110.420386 33.330549
3110.862299 32.810523
3111.304212 32.615692
3111.746125 32.103578
3112.188038 32.042364
3112.629951 32.176444
3113.071864 31.905423
3113.513778 32.466695
3113.955691 32.572922
3114.397604 32.299792
3114.839517 32.288817
3115.281430 32.742143
3115.723343 33.257656
3116.165256 33.175809
3116.607169 33.121547
3117.049082 32.959057
3117.490995 33.693841
3117.932908 33.596916
3118.374821 33.751448
3118.816734 33.972009
3119.258647 33.792398
3119.700560 33.553367
3120.142473 33.538765
3120.584387 33.072880
3121.026300 33.286181
3121.468213 32.994889
3121.910126 33.831044
3122.352039 33.876105
3122.793952 33.773344
3123.235865 33.349617
3123.677778 33.444272
3124.119691 33.649486
3124.561604 34.000661
3125.003517 34.078115
3125.445430 33.791659
3125.887343 33.589515
3126.329256 33.500488
3126.771169 33.778106
3127.213082 34.241848
3127.654995 34.183691
3128.096909 34.063305
3128.538822 33.562535
3128.980735 33.883802
3129.422648 33.872525
3129.864561 34.289387
3130.306474 34.200395
3130.748387 34.319994
3131.190300 34.215587
3131.632213 34.220759
3132.074126 33.709813
3132.516039 33.819351
3132.957952 33.676479
3133.399865 33.675109
3133.841778 33.548041
3134.283691 33.516003
3134.725604 33.277060
3135.167517 33.266790
3135.609431 33.433546
3136.051344 33.521981
3136.493257 33.406129
3136.935170 33.281439
3137.377083 33.010955
3137.818996 32.359615
3138.260909 33.280639
3138.702822 33.112245
3139.144735 32.415724
3139.586648 32.453947
3140.028561 32.221518
3140.470474 32.810140
3140.912387 32.907085
3141.354300 32.944139
3141.796213 32.623604
3142.238126 32.459770
3142.680039 32.302008
3143.121953 32.490988
3143.563866 31.715677
3144.005779 32.004087
3144.447692 32.458904
3144.889605 32.653056
3145.331518 32.740074
3145.773431 32.177082
3146.215344 31.950806
3146.657257 31.729217
3147.099170 31.933034
3147.541083 32.034613
3147.982996 31.975885
3148.424909 32.146825
3148.866822 32.431803
3149.308735 32.181576
3149.750648 32.172697
3150.192562 32.429829
3150.634475 32.209771
3151.076388 31.911165
3151.518301 32.031470
3151.960214 32.179023
3152.402127 32.543733
3152.844040 31.521290
3153.285953 31.552219
3153.727866 32.157941
3154.169779 32.129288
3154.611692 32.075241
3155.053605 32.069525
3155.495518 32.260863
3155.937431 32.557615
3156.379344 32.180340
3156.821257 32.143050
3157.263170 32.496173
3157.705084 32.084805
3158.146997 32.072877
3158.588910 31.838984
3159.030823 31.510443
3159.472736 31.792782
3159.914649 31.973010
3160.356562 31.289230
3160.798475 31.894280
3161.240388 32.094323
3161.682301 32.024613
3162.124214 31.997599
3162.566127 31.895603
3163.008040 32.232869
3163.449953 32.354148
3163.891866 32.341816
3164.333779 32.457735
3164.775692 32.312466
3165.217606 32.465882
3165.659519 32.547171
3166.101432 32.403514
3166.543345 31.817921
3166.985258 31.969988
3167.427171 32.552692
3167.869084 33.011546
3168.310997 33.715656
3168.752910 32.490008
3169.194823 32.064468
3169.636736 31.789007
3170.078649 31.301992
3170.520562 30.893135
3170.962475 31.395894
3171.404388 31.224974
3171.846301 31.470661
3172.288215 31.435313
3172.730128 31.333404
3173.172041 31.197464
3173.613954 31.883373
3174.055867 33.368887
3174.497780 33.541734
3174.939693 34.217401
3175.381606 33.083982
3175.823519 31.979263
3176.265432 30.817394
3176.707345 30.620744
3177.149258 31.802776
3177.591171 32.256800
3178.033084 33.400937
3178.474997 33.887624
3178.916910 33.504149
3179.358823 32.230653
3179.800737 32.213130
3180.242650 32.687753
3180.684563 32.784013
3181.126476 32.720885
3181.568389 32.779029
3182.010302 33.276798
3182.452215 33.228171
3182.894128 32.830450
3183.336041 32.627211
3183.777954 32.931882
3184.219867 32.727273
3184.661780 33.096367
3185.103693 33.071604
3185.545606 33.110358
3185.987519 33.399050
3186.429432 33.636214
3186.871345 33.020431
3187.313259 33.041293
3187.755172 33.483644
3188.197085 33.692296
3188.638998 33.593860
3189.080911 32.968097
3189.522824 32.416134
3189.964737 32.913311
3190.406650 32.971757
3190.848563 33.178845
3191.290476 33.233067
3191.732389 33.556376
3192.174302 33.129607
3192.616215 32.706586
3193.058128 32.526787
3193.500041 33.300218
3193.941954 33.214677
3194.383868 33.183197
3194.825781 33.498850
3195.267694 33.868428
3195.709607 33.517018
3196.151520 33.488258
3196.593433 33.394543
3197.035346 33.434983
3197.477259 33.907901
3197.919172 33.526447
3198.361085 33.092599
3198.802998 33.222092
3199.244911 32.831666
3199.686824 33.540324
3200.128737 33.533473
3200.570650 33.564402
3201.012563 33.147056
3201.454476 33.101156
3201.896390 32.456688
3202.338303 32.754568
3202.780216 33.452533
3203.222129 33.751179
3203.664042 33.754188
3204.105955 32.741834
3204.547868 32.362281
3204.989781 32.585240
3205.431694 33.340597
3205.873607 33.294959
3206.315520 33.228896
3206.757433 32.714014
3207.199346 32.375244
3207.641259 32.397724
3208.083172 32.685758
3208.525085 33.003358
3208.966998 32.883087
3209.408912 32.381470
3209.850825 32.858646
3210.292738 32.786646
3210.734651 32.246315
3211.176564 32.135917
3211.618477 32.699070
3212.060390 32.039510
3212.502303 32.059269
3212.944216 32.499579
3213.386129 32.709776
3213.828042 32.473922
3214.269955 32.484702
3214.711868 32.125292
3215.153781 32.093940
3215.595694 31.941510
3216.037607 32.020422
3216.479520 32.183685
3216.921434 31.845761
3217.363347 31.688717
3217.805260 31.931140
3218.247173 32.400417
3218.689086 32.764649
3219.130999 32.682037
3219.572912 31.968087
3220.014825 32.079540
3220.456738 32.249069
3220.898651 32.532791
3221.340564 31.758534
3221.782477 32.075893
3222.224390 31.996088
3222.666303 32.613684
3223.108216 32.087552
3223.550129 32.324602
3223.992043 32.088110
3224.433956 31.974078
3224.875869 31.581247
3225.317782 31.886033
3225.759695 32.073508
3226.201608 32.247484
3226.643521 32.311559
3227.085434 31.671275
3227.527347 31.941383
3227.969260 31.975737
3228.411173 31.820688
3228.853086 31.677212
3229.294999 31.611612
3229.736912 31.874232
3230.178825 32.176565
3230.620738 31.750314
3231.062651 31.275240
3231.504565 31.648324
3231.946478 32.204391
3232.388391 32.079419
3232.830304 31.629572
3233.272217 31.588589
3233.714130 31.089054
3234.156043 31.500234
3234.597956 31.135209
3235.039869 31.570367
3235.481782 32.096230
3235.923695 32.105559
3236.365608 32.297602
3236.807521 31.614205
3237.249434 31.227077
3237.691347 31.261156
3238.133260 31.760630
3238.575173 31.607536
3239.017087 31.350813
3239.459000 31.385316
3239.900913 30.809032
3240.342826 31.356596
3240.784739 30.820242
3241.226652 30.628656
3241.668565 31.273151
3242.110478 31.088913
3242.552391 31.322154
3242.994304 31.096737
3243.436217 30.986763
3243.878130 31.232053
3244.320043 31.472032
3244.761956 30.899046
3245.203869 30.784759
3245.645782 31.238400
3246.087696 31.535838
3246.529609 31.408427
3246.971522 31.072007
3247.413435 30.921580
3247.855348 31.606206
3248.297261 31.742301
3248.739174 32.023726
3249.181087 31.473704
3249.623000 31.167421
3250.064913 30.690192
3250.506826 30.976903
3250.948739 31.036169
3251.390652 30.933730
3251.832565 31.255218
3252.274478 31.404914
3252.716391 31.145351
3253.158304 31.118391
3253.600218 30.958668
3254.042131 30.892739
3254.484044 30.632820
3254.925957 30.677914
3255.367870 30.959427
3255.809783 31.172311
3256.251696 31.605702
3256.693609 31.527724
3257.135522 31.096657
3257.577435 30.974236
3258.019348 31.222348
3258.461261 31.241960
3258.903174 30.975620
3259.345087 30.730195
3259.787000 30.801658
3260.228913 31.049702
3260.670826 31.117901
3261.112740 31.245782
3261.554653 30.927168
3261.996566 30.988388
3262.438479 31.283756
3262.880392 31.103655
3263.322305 31.084930
3263.764218 30.695504
3264.206131 30.493454
3264.648044 30.700441
3265.089957 30.822976
3265.531870 30.608815
3265.973783 30.035366
3266.415696 30.604322
3266.857609 31.290439
3267.299522 31.871747
3267.741435 31.465557
3268.183349 30.633256
3268.625262 31.262956
3269.067175 31.398090
3269.509088 31.176488
3269.951001 30.587880
3270.392914 30.956384
3270.834827 30.749699
3271.276740 31.156991
3271.718653 31.398681
3272.160566 30.990154
3272.602479 30.626896
3273.044392 30.549032
3273.486305 30.061339
3273.928218 30.394440
3274.370131 30.679815
3274.812044 30.970757
3275.253957 31.189914
3275.695871 31.077824
3276.137784 30.859641
3276.579697 30.392351
3277.021610 30.674986
3277.463523 30.917919
3277.905436 31.373925
3278.347349 31.289721
3278.789262 30.451187
3279.231175 31.088396
3279.673088 31.647451
3280.115001 31.326426
3280.556914 31.259423
3280.998827 30.971046
3281.440740 31.189411
3281.882653 30.854503
3282.324566 31.556175
3282.766479 31.518771
3283.208393 30.838343
3283.650306 31.120037
3284.092219 31.122911
3284.534132 30.936806
3284.976045 30.820531
3285.417958 30.857538
3285.859871 30.565703
3286.301784 30.529850
3286.743697 30.540717
3287.185610 30.634539
3287.627523 30.641833
3288.069436 30.858150
3288.511349 30.212908
3288.953262 30.600648
3289.395175 31.136882
3289.837088 30.727837
3290.279001 30.611630
3290.720915 31.084225
3291.162828 30.987293
3291.604741 30.595953
3292.046654 30.208402
3292.488567 30.391989
3292.930480 30.285869
3293.372393 30.296924
3293.814306 30.088762
3294.256219 30.232218
3294.698132 30.075121
3295.140045 30.498679
3295.581958 30.465930
3296.023871 30.093699
3296.465784 30.509540
3296.907697 30.267755
3297.349610 30.322642
3297.791524 30.990168
3298.233437 31.162498
3298.675350 30.780602
3299.117263 30.085666
3299.559176 29.881137
3300.001089 29.642858
3300.443002 29.749448
3300.884915 29.733140
3301.326828 30.064966
3301.768741 30.191812
3302.210654 30.251776
3302.652567 30.560289
3303.094480 30.508149
3303.536393 30.502199
3303.978306 30.117085
3304.420219 30.401063
3304.862132 30.219605
3305.304046 30.133910
3305.745959 29.747117
3306.187872 30.226328
3306.629785 29.651099
3307.071698 29.590188
3307.513611 29.156555
3307.955524 29.410456
3308.397437 29.966912
3308.839350 29.786039
3309.281263 29.455322
3309.723176 30.313252
3310.165089 29.785475
3310.607002 29.639298
3311.048915 29.538317
3311.490828 29.460231
3311.932741 29.362218
3312.374654 29.864245
3312.816568 29.381965
3313.258481 29.635040
3313.700394 29.531741
3314.142307 29.064848
3314.584220 29.424171
3315.026133 29.532688
3315.468046 29.652523
3315.909959 29.845876
3316.351872 29.920401
3316.793785 30.480115
3317.235698 29.897962
3317.677611 29.567620
3318.119524 29.218413
3318.561437 29.252747
3319.003350 29.458781
3319.445263 29.614300
3319.887177 29.215310
3320.329090 29.443387
3320.771003 29.206686
3321.212916 29.152766
3321.654829 29.113563
3322.096742 28.927605
3322.538655 29.288405
3322.980568 29.436569
3323.422481 29.616187
3323.864394 29.523749
3324.306307 29.071155
3324.748220 29.226486
3325.190133 29.120756
3325.632046 29.432963
3326.073959 29.529303
3326.515872 29.243438
3326.957785 29.614588
3327.399699 29.132604
3327.841612 28.876835
3328.283525 28.131694
3328.725438 28.750096
3329.167351 29.413331
3329.609264 29.176818
3330.051177 29.298688
3330.493090 28.872161
3330.935003 29.108404
3331.376916 29.227635
3331.818829 29.215142
3332.260742 29.206350
3332.702655 29.696804
3333.144568 29.736284
3333.586481 29.693251
3334.028394 29.498173
3334.470307 29.870894
3334.912221 29.712198
3335.354134 29.789128
3335.796047 29.866562
3336.237960 29.526684
3336.679873 29.333821
3337.121786 29.476512
3337.563699 29.657083
3338.005612 29.803488
3338.447525 29.621110
3338.889438 29.557129
3339.331351 29.374503
3339.773264 29.131925
3340.215177 29.473342
3340.657090 29.626886
3341.099003 29.851208
3341.540916 30.225186
3341.982830 29.831892
3342.424743 29.402732
3342.866656 29.403894
3343.308569 29.648883
3343.750482 29.604870
3344.192395 29.154412
3344.634308 29.261096
3345.076221 29.603318
3345.518134 29.545308
3345.960047 29.468063
3346.401960 29.049300
3346.843873 28.994809
3347.285786 28.677142
3347.727699 28.550087
3348.169612 28.930755
3348.611525 28.988281
3349.053438 29.521002
3349.495352 29.223625
3349.937265 29.170437
3350.379178 28.624835
3350.821091 28.523631
3351.263004 28.969153
3351.704917 28.898429
3352.146830 28.617782
3352.588743 28.259528
3353.030656 29.051463
3353.472569 29.687697
3353.914482 29.156911
3354.356395 28.865599
3354.798308 28.681864
3355.240221 27.848536
3355.682134 28.837605
3356.124047 29.296740
3356.565960 28.649531
3357.007874 28.621248
3357.449787 28.906347
3357.891700 28.848693
3358.333613 28.640833
3358.775526 28.920573
3359.217439 29.133719
3359.659352 28.418063
3360.101265 28.260307
3360.543178 28.284567
3360.985091 28.489116
3361.427004 28.812572
3361.868917 28.968521
3362.310830 28.715050
3362.752743 27.932700
3363.194656 27.924727
3363.636569 28.995340
3364.078482 28.790509
3364.520396 28.957983
3364.962309 28.690065
3365.404222 28.405039
3365.846135 28.787198
3366.288048 28.927504
3366.729961 28.280503
3367.171874 28.424692
3367.613787 28.287314
3368.055700 28.493884
3368.497613 29.030225
3368.939526 29.208499
3369.381439 29.011755
3369.823352 28.454184
3370.265265 28.596686
3370.707178 28.452451
3371.149091 28.635205
3371.591005 28.631350
3372.032918 28.538542
3372.474831 28.506142
3372.916744 28.226584
3373.358657 28.469490
3373.800570 28.434128
3374.242483 28.756940
3374.684396 28.840748
3375.126309 29.087530
3375.568222 29.173823
3376.010135 28.752561
3376.452048 28.730222
3376.893961 28.942401
3377.335874 28.832930
3377.777787 28.615378
3378.219700 28.576671
3378.661613 28.663004
3379.103527 28.612718
3379.545440 28.508808
3379.987353 28.171825
3380.429266 28.848217
3380.871179 28.446446
3381.313092 28.119437
3381.755005 28.099280
3382.196918 28.693456
3382.638831 28.621188
3383.080744 28.561284
3383.522657 28.508560
3383.964570 28.665160
3384.406483 28.609501
3384.848396 28.534149
3385.290309 28.091946
3385.732222 28.253517
3386.174135 28.283103
3386.616049 28.585080
3387.057962 28.951012
3387.499875 28.591991
3387.941788 28.707004
3388.383701 28.763945
3388.825614 28.783161
3389.267527 28.452545
3389.709440 28.711846
3390.151353 28.179488
3390.593266 28.435673
3391.035179 28.555481
3391.477092 28.933979
3391.919005 29.058501
3392.360918 28.748142
3392.802831 28.335827
3393.244744 28.124219
3393.686658 28.232293
3394.128571 27.685508
3394.570484 26.834536
3395.012397 27.407582
3395.454310 28.229243
3395.896223 28.026447
3396.338136 28.815467
3396.780049 28.647348
3397.221962 28.043292
3397.663875 28.093766
3398.105788 28.302815
3398.547701 28.636729
3398.989614 28.746268
3399.431527 28.765047
3399.873440 28.020456
3400.315353 28.305999
3400.757266 28.603839
3401.199180 28.493535
3401.641093 28.195064
3402.083006 28.407162
3402.524919 28.458771
3402.966832 28.353074
3403.408745 28.088192
3403.850658 28.328929
3404.292571 28.339225
3404.734484 28.392198
3405.176397 28.324160
3405.618310 27.716571
3406.060223 27.874858
3406.502136 28.840184
3406.944049 28.918920
3407.385962 28.853301
3407.827875 28.616412
3408.269788 28.564239
3408.711702 27.838824
3409.153615 27.607080
3409.595528 27.248463
3410.037441 27.892576
3410.479354 28.683395
3410.921267 30.417760
3411.363180 31.530035
3411.805093 30.654904
3412.247006 29.499073
3412.688919 27.946676
3413.130832 27.209199
3413.572745 27.143069
3414.014658 28.271933
3414.456571 28.433504
3414.898484 28.868487
3415.340397 28.940084
3415.782311 28.717011
3416.224224 28.680212
3416.666137 28.884794
3417.108050 28.808596
3417.549963 28.530838
3417.991876 28.836503
3418.433789 28.772831
3418.875702 28.315469
3419.317615 28.616869
3419.759528 28.940252
3420.201441 28.702598
3420.643354 28.647509
3421.085267 29.154513
3421.527180 29.531392
3421.969093 29.656237
3422.411006 29.482933
3422.852919 29.542152
3423.294833 29.706980
3423.736746 29.657695
3424.178659 30.010791
3424.620572 30.018595
3425.062485 29.800291
3425.504398 30.038006
3425.946311 29.641703
3426.388224 29.134081
3426.830137 29.025927
3427.272050 28.796809
3427.713963 29.274260
3428.155876 29.213812
3428.597789 28.933354
3429.039702 29.380333
3429.481615 29.279170
3429.923528 28.448616
3430.365441 27.894846
3430.807355 28.107347
3431.249268 28.286669
3431.691181 28.058854
3432.133094 27.947906
3432.575007 28.519044
3433.016920 28.530254
3433.458833 27.722206
3433.900746 28.093538
3434.342659 28.436257
3434.784572 28.220868
3435.226485 28.089233
3435.668398 27.760819
3436.110311 27.579751
3436.552224 27.695583
3436.994137 27.879613
3437.436050 28.261120
3437.877963 27.850517
3438.319877 28.076317
3438.761790 27.895705
3439.203703 27.922799
3439.645616 28.366648
3440.087529 28.335591
3440.529442 28.589090
3440.971355 28.516908
3441.413268 28.674899
3441.855181 28.115904
3442.297094 27.813375
3442.739007 27.646613
3443.180920 28.013780
3443.622833 27.965677
3444.064746 27.794999
3444.506659 27.848878
3444.948572 27.767146
3445.390486 27.598094
3445.832399 27.718486
3446.274312 27.900635
3446.716225 27.879378
3447.158138 27.879673
3447.600051 27.848925
3448.041964 28.196696
3448.483877 27.773950
3448.925790 27.683124
3449.367703 27.504762
3449.809616 27.444247
3450.251529 27.700600
3450.693442 28.009488
3451.135355 28.043689
3451.577268 27.589335
3452.019181 27.859396
3452.461094 27.414507
3452.903008 27.826184
3453.344921 27.725142
3453.786834 27.853358
3454.228747 27.699505
3454.670660 27.652510
3455.112573 27.761464
3455.554486 27.620916
3455.996399 27.552845
3456.438312 27.582726
3456.880225 27.422177
3457.322138 27.602661
3457.764051 27.255999
3458.205964 27.115948
3458.647877 27.459124
3459.089790 27.339793
3459.531703 27.205081
3459.973616 27.156569
3460.415530 27.141766
3460.857443 27.246784
3461.299356 27.287539
3461.741269 27.579684
3462.183182 27.762888
3462.625095 27.983402
3463.067008 27.742000
3463.508921 26.811767
3463.950834 27.322612
3464.392747 27.612077
3464.834660 27.454919
3465.276573 26.897778
3465.718486 27.092823
3466.160399 27.042349
3466.602312 27.469467
3467.044225 27.442004
3467.486139 27.885134
3467.928052 27.562214
3468.369965 27.514340
3468.811878 27.487071
3469.253791 27.473235
3469.695704 27.841215
3470.137617 27.652785
3470.579530 27.455907
3471.021443 27.452360
3471.463356 27.567205
3471.905269 27.586299
3472.347182 27.356886
3472.789095 27.799694
3473.231008 27.632851
3473.672921 27.733416
3474.114834 27.598779
3474.556747 27.477789
3474.998661 26.927417
3475.440574 26.845443
3475.882487 27.036163
3476.324400 26.532887
3476.766313 27.161881
3477.208226 27.331720
3477.650139 27.498576
3478.092052 27.304679
3478.533965 27.628069
3478.975878 27.520619
3479.417791 27.533972
3479.859704 27.605112
3480.301617 27.452629
3480.743530 27.370635
3481.185443 27.737634
3481.627356 27.020191
3482.069269 27.054687
3482.511183 27.454039
3482.953096 27.401933
3483.395009 27.582827
3483.836922 27.881198
3484.278835 27.481617
3484.720748 27.247744
3485.162661 27.127916
3485.604574 27.122342
3486.046487 27.382892
3486.488400 27.536249
3486.930313 27.492693
3487.372226 27.573572
3487.814139 27.155380
3488.256052 26.809181
3488.697965 26.736778
3489.139878 26.872719
3489.581792 26.821459
3490.023705 26.937828
3490.465618 26.610442
3490.907531 26.665235
3491.349444 26.933455
3491.791357 27.084904
3492.233270 27.152760
3492.675183 27.261889
3493.117096 27.420001
3493.559009 27.669758
3494.000922 27.102374
3494.442835 27.522372
3494.884748 27.106981
3495.326661 27.049146
3495.768574 26.484898
3496.210487 26.955257
3496.652400 26.824152
3497.094314 27.172090
3497.536227 27.136245
3497.978140 27.354482
3498.420053 26.966346
3498.861966 26.742071
3499.303879 26.887334
3499.745792 27.147461
3500.187705 27.012360
3500.629618 26.845960
3501.071531 26.546475
3501.513444 26.493744
3501.955357 26.859454
3502.397270 26.822950
3502.839183 26.335330
3503.281096 26.328130
3503.723009 26.246828
3504.164922 26.983399
3504.606836 26.484717
3505.048749 26.653629
3505.490662 27.006040
3505.932575 26.562346
3506.374488 26.848130
3506.816401 26.439562
3507.258314 26.351000
3507.700227 26.428944
3508.142140 26.536192
3508.584053 26.512073
3509.025966 26.826073
3509.467879 26.986374
3509.909792 26.749264
3510.351705 26.779669
3510.793618 26.611940
3511.235531 26.388336
3511.677444 26.286696
3512.119358 26.573273
3512.561271 26.623841
3513.003184 26.719812
3513.445097 26.651056
3513.887010 26.489553
3514.328923 26.730303
3514.770836 26.211969
3515.212749 26.071462
3515.654662 26.148513
3516.096575 26.006803
3516.538488 26.082154
3516.980401 26.253034
3517.422314 26.086204
3517.864227 26.216510
3518.306140 26.317431
3518.748053 26.336774
3519.189967 26.165881
3519.631880 26.257930
3520.073793 26.346231
3520.515706 26.640908
3520.957619 26.283889
3521.399532 26.504799
3521.841445 25.932787
3522.283358 25.501149
3522.725271 25.689881
3523.167184 25.599229
3523.609097 26.167218
3524.051010 26.195904
3524.492923 25.811791
3524.934836 26.117852
3525.376749 25.833183
3525.818662 26.064577
3526.260575 26.250152
3526.702489 26.220775
3527.144402 26.137901
3527.586315 26.255969
3528.028228 25.929483
3528.470141 25.750893
3528.912054 25.755641
3529.353967 25.832424
3529.795880 25.634558
3530.237793 26.042487
3530.679706 26.516580
3531.121619 26.197932
3531.563532 26.362102
3532.005445 25.905230
3532.447358 25.548010
3532.889271 25.361226
3533.331184 25.921255
3533.773097 26.173229
3534.215011 26.323482
3534.656924 26.157775
3535.098837 26.031197
3535.540750 25.921678
3535.982663 26.185628
3536.424576 26.336062
3536.866489 26.530308
3537.308402 25.822752
3537.750315 25.776926
3538.192228 25.287849
3538.634141 25.491619
3539.076054 25.609465
3539.517967 25.783031
3539.959880 25.827044
3540.401793 25.896821
3540.843706 25.704677
3541.285620 25.853963
3541.727533 25.667676
3542.169446 25.376788
3542.611359 25.165079
3543.053272 25.412902
3543.495185 25.560637
3543.937098 25.713865
3544.379011 25.942385
3544.820924 25.662720
3545.262837 26.074229
3545.704750 25.894463
3546.146663 25.772789
3546.588576 25.618660
3547.030489 25.592855
3547.472402 25.440265
3547.914315 25.300603
3548.356228 25.221222
3548.798142 25.585991
3549.240055 25.940780
3549.681968 25.799419
3550.123881 25.573398
3550.565794 25.622898
3551.007707 25.856052
3551.449620 25.720058
3551.891533 25.776456
3552.333446 25.369776
3552.775359 25.577891
3553.217272 26.114783
3553.659185 25.819978
3554.101098 25.693414
3554.543011 26.045120
3554.984924 25.778887
3555.426837 25.637486
3555.868750 25.452529
3556.310664 24.935975
3556.752577 24.797475
3557.194490 25.292483
3557.636403 25.008123
3558.078316 24.629598
3558.520229 25.011817
3558.962142 25.378353
3559.404055 25.607692
3559.845968 25.380421
3560.287881 25.528344
3560.729794 25.451461
3561.171707 25.502687
3561.613620 25.324399
3562.055533 25.262219
3562.497446 25.393485
3562.939359 25.169485
3563.381273 25.175630
3563.823186 25.000298
3564.265099 25.091850
3564.707012 25.212759
3565.148925 25.520801
3565.590838 25.774662
3566.032751 25.607652
3566.474664 25.333970
3566.916577 25.594568
3567.358490 25.796941
3567.800403 25.937133
3568.242316 25.955549
3568.684229 25.890004
3569.126142 25.633241
3569.568055 25.570503
3570.009968 25.779451
3570.451881 25.742900
3570.893795 25.864602
3571.335708 25.484163
3571.777621 25.733706
3572.219534 25.806901
3572.661447 25.571000
3573.103360 25.725814
3573.545273 25.868108
3573.987186 25.594467
3574.429099 25.325843
3574.871012 25.496401
3575.312925 25.969963
3575.754838 26.056813
3576.196751 25.881964
3576.638664 25.803463
3577.080577 25.673426
3577.522490 25.950922
3577.964403 26.007736
3578.406317 25.909361
3578.848230 26.240816
3579.290143 26.095171
3579.732056 26.159998
3580.173969 26.016676
3580.615882 26.160548
3581.057795 26.194668
3581.499708 26.145047
3581.941621 26.340374
3582.383534 26.213078
3582.825447 26.277213
3583.267360 26.064893
3583.709273 26.198288
3584.151186 26.141413
3584.593099 25.996432
3585.035012 25.871084
3585.476925 26.066082
3585.918839 25.803778
3586.360752 25.790795
3586.802665 26.020753
3587.244578 25.871500
3587.686491 25.281649
3588.128404 25.249646
3588.570317 25.265281
3589.012230 25.338094
3589.454143 25.682748
3589.896056 25.482269
3590.337969 25.600149
3590.779882 25.201193
3591.221795 25.233835
3591.663708 25.828011
3592.105621 25.813040
3592.547534 25.782877
3592.989448 25.395506
3593.431361 25.402982
3593.873274 25.409927
3594.315187 25.439123
3594.757100 25.375921
3595.199013 25.664009
3595.640926 25.172669
3596.082839 25.218582
3596.524752 25.185295
3596.966665 25.079256
3597.408578 25.312861
3597.850491 25.589155
3598.292404 25.296876
3598.734317 25.471651
3599.176230 25.076550
3599.618143 25.232055
3600.060056 25.088693
3600.501970 24.966293
3600.943883 24.748002
3601.385796 24.912125
3601.827709 25.044378
3602.269622 25.106021
3602.711535 25.222773
3603.153448 25.088149
3603.595361 24.918969
3604.037274 24.969490
3604.479187 24.965245
3604.921100 24.990223
3605.363013 24.947937
3605.804926 25.023758
3606.246839 24.762308
3606.688752 24.837532
3607.130665 25.035472
3607.572578 24.964627
3608.014492 24.940495
3608.456405 24.910801
3608.898318 25.027332
3609.340231 24.827887
3609.782144 25.277136
3610.224057 25.360070
3610.665970 25.713671
3611.107883 25.294780
3611.549796 25.165025
3611.991709 25.521178
3612.433622 25.369789
3612.875535 25.328228
3613.317448 25.141457
3613.759361 25.272622
3614.201274 25.382651
3614.643187 25.240343
3615.085101 25.110266
3615.527014 25.067147
3615.968927 24.988390
3616.410840 25.055044
3616.852753 25.266235
3617.294666 25.324064
3617.736579 25.197291
3618.178492 25.321552
3618.620405 25.011286
3619.062318 24.740076
3619.504231 24.698965
3619.946144 24.646194
3620.388057 24.747471
3620.829970 25.088626
3621.271883 24.935256
3621.713796 24.810653
3622.155709 24.865358
3622.597623 24.955983
3623.039536 24.618885
3623.481449 24.664718
3623.923362 24.562957
3624.365275 24.758903
3624.807188 24.904193
3625.249101 24.998021
3625.691014 25.017479
3626.132927 24.968704
3626.574840 25.108661
3627.016753 25.215540
3627.458666 24.908995
3627.900579 24.746632
3628.342492 25.095691
3628.784405 24.886844
3629.226318 25.045312
3629.668231 24.750944
3630.110145 24.779912
3630.552058 24.974211
3630.993971 24.968744
3631.435884 24.738915
3631.877797 25.003703
3632.319710 24.844860
3632.761623 24.567545
3633.203536 24.829204
3633.645449 24.734025
3634.087362 25.048858
3634.529275 25.075616
3634.971188 24.780839
3635.413101 24.860825
3635.855014 24.919459
3636.296927 24.738646
3636.738840 24.481420
3637.180754 24.507856
3637.622667 24.407499
3638.064580 24.718711
3638.506493 24.931858
3638.948406 24.735402
3639.390319 24.294945
3639.832232 24.747585
3640.274145 24.827417
3640.716058 24.670420
3641.157971 24.726556
3641.599884 24.643037
3642.041797 24.886938
3642.483710 24.941845
3642.925623 24.947997
3643.367536 24.986879
3643.809449 24.856298
3644.251362 24.414397
3644.693276 24.123286
3645.135189 23.950996
3645.577102 24.308989
3646.019015 24.314033
3646.460928 24.763134
3646.902841 24.937956
3647.344754 24.728853
3647.786667 24.567981
3648.228580 24.475483
3648.670493 24.587399
3649.112406 24.700120
3649.554319 24.912037
3649.996232 24.326579
3650.438145 24.288893
3650.880058 24.420327
3651.321971 24.491253
3651.763884 24.620181
3652.205798 24.303025
3652.647711 24.426285
3653.089624 24.493368
3653.531537 24.383649
3653.973450 24.444520
3654.415363 24.669346
3654.857276 24.714400
3655.299189 24.492193
3655.741102 24.231649
3656.183015 24.068937
3656.624928 24.136074
3657.066841 24.327889
3657.508754 24.638914
3657.950667 24.543983
3658.392580 24.350194
3658.834493 24.412147
3659.276406 24.569875
3659.718320 24.558598
3660.160233 24.557873
3660.602146 24.345580
3661.044059 24.584289
3661.485972 24.508111
3661.927885 24.453654
3662.369798 24.224187
3662.811711 24.368926
3663.253624 24.213085
3663.695537 24.418554
3664.137450 24.412630
3664.579363 24.503786
3665.021276 24.424720
3665.463189 24.789530
3665.905102 24.420092
3666.347015 24.263458
3666.788929 24.126349
3667.230842 24.269725
3667.672755 24.152006
3668.114668 24.006635
3668.556581 24.286012
3668.998494 24.332893
3669.440407 24.415088
3669.882320 24.363043
3670.324233 24.024823
3670.766146 24.072953
3671.208059 24.392185
3671.649972 24.305893
3672.091885 24.257360
3672.533798 23.882583
3672.975711 23.701850
3673.417624 23.698848
3673.859537 23.664870
3674.301451 23.766872
3674.743364 23.790823
3675.185277 23.913472
3675.627190 23.750840
3676.069103 23.721308
3676.511016 23.580162
3676.952929 23.880722
3677.394842 24.149380
3677.836755 23.769451
3678.278668 23.734277
3678.720581 23.613697
3679.162494 23.634088
3679.604407 24.110727
3680.046320 24.152033
3680.488233 23.996218
3680.930146 23.621777
3681.372059 23.790071
3681.813973 24.010470
3682.255886 23.542671
3682.697799 23.783865
3683.139712 23.714967
3683.581625 23.535383
3684.023538 23.566487
3684.465451 23.491921
3684.907364 23.604549
3685.349277 23.902262
3685.791190 24.108114
3686.233103 24.217303
3686.675016 24.089509
3687.116929 23.972415
3687.558842 23.673278
3688.000755 23.899783
3688.442668 24.058714
3688.884582 23.511097
3689.326495 23.527774
3689.768408 23.516564
3690.210321 23.659819
3690.652234 23.975968
3691.094147 23.977943
3691.536060 23.765112
3691.977973 23.747985
3692.419886 23.742740
3692.861799 23.629931
3693.303712 23.863118
3693.745625 23.999697
3694.187538 23.883120
3694.629451 23.833029
3695.071364 23.766113
3695.513277 23.435194
3695.955190 23.357290
3696.397104 23.396561
3696.839017 23.493641
3697.280930 23.251775
3697.722843 23.153534
3698.164756 23.689217
3698.606669 23.870533
3699.048582 24.088838
3699.490495 23.887345
3699.932408 23.886250
3700.374321 23.640529
3700.816234 23.482350
3701.258147 23.449984
3701.700060 22.831770
3702.141973 23.086551
3702.583886 22.787643
3703.025799 23.029045
3703.467712 23.473827
3703.909626 23.307213
3704.351539 23.210409
3704.793452 23.248813
3705.235365 22.921837
3705.677278 22.888658
3706.119191 23.260775
3706.561104 23.153729
3707.003017 22.885615
3707.444930 23.092676
3707.886843 22.892359
3708.328756 23.157376
3708.770669 23.239975
3709.212582 23.414306
3709.654495 23.183375
3710.096408 23.049590
3710.538321 22.783895
3710.980235 22.749332
3711.422148 22.982554
3711.864061 22.935673
3712.305974 22.891224
3712.747887 22.988961
3713.189800 23.195780
3713.631713 23.075570
3714.073626 23.090964
3714.515539 23.284189
3714.957452 23.053976
3715.399365 22.827606
3715.841278 22.712667
3716.283191 22.908310
3716.725104 22.885085
3717.167017 23.234051
3717.608930 23.038085
3718.050843 23.082132
3718.492757 23.294317
3718.934670 23.275820
3719.376583 22.867004
3719.818496 22.712217
3720.260409 22.602478
3720.702322 22.159629
3721.144235 22.412664
3721.586148 22.681980
3722.028061 22.494289
3722.469974 22.540686
3722.911887 22.546395
3723.353800 22.567660
3723.795713 22.943713
3724.237626 22.998136
3724.679539 22.694009
3725.121452 22.514304
3725.563365 22.903924
3726.005279 22.677500
3726.447192 22.698643
3726.889105 22.972392
3727.331018 22.918721
3727.772931 22.973204
3728.214844 22.858280
3728.656757 22.732420
3729.098670 22.430678
3729.540583 22.678319
3729.982496 22.738304
3730.424409 23.194209
3730.866322 23.906386
3731.308235 23.541737
3731.750148 22.987840
3732.192061 22.628107
3732.633974 22.568593
3733.075887 22.614345
3733.517801 22.465066
3733.959714 22.712560
3734.401627 22.315733
3734.843540 22.170631
3735.285453 22.035953
3735.727366 22.350054
3736.169279 22.374931
3736.611192 22.196711
3737.053105 22.132388
3737.495018 22.097361
3737.936931 22.166850
3738.378844 21.642263
3738.820757 22.086118
3739.262670 22.065431
3739.704583 22.412597
3740.146496 22.391279
3740.588410 22.293441
3741.030323 22.393744
3741.472236 22.142590
3741.914149 22.402476
3742.356062 22.613889
3742.797975 22.622069
3743.239888 22.398439
3743.681801 22.579044
3744.123714 22.811426
3744.565627 22.894098
3745.007540 23.596765
3745.449453 24.028941
3745.891366 23.622798
3746.333279 23.002475
3746.775192 22.729203
3747.217105 22.464603
3747.659018 22.541942
3748.100932 22.686728
3748.542845 22.699328
3748.984758 22.607904
3749.426671 22.654496
3749.868584 22.263257
3750.310497 22.490689
3750.752410 22.523761
3751.194323 22.771308
3751.636236 22.785037
3752.078149 22.976543
3752.520062 23.228684
3752.961975 23.457956
3753.403888 23.218704
3753.845801 23.385936
3754.287714 23.296258
3754.729627 23.495602
3755.171540 23.554008
3755.613454 23.594784
3756.055367 23.727836
3756.497280 23.425194
3756.939193 23.316784
3757.381106 23.338934
3757.823019 23.343911
3758.264932 23.248041
3758.706845 22.901607
3759.148758 22.689717
3759.590671 22.698603
3760.032584 22.986523
3760.474497 22.996712
3760.916410 22.597386
3761.358323 22.404383
3761.800236 22.245116
3762.242149 21.973215
3762.684063 21.782737
3763.125976 21.558039
3763.567889 21.848491
3764.009802 22.168938
3764.451715 22.377390
3764.893628 21.935690
3765.335541 21.411708
3765.777454 21.584622
3766.219367 21.411157
3766.661280 21.540267
3767.103193 21.629992
3767.545106 21.324857
3767.987019 21.546983
3768.428932 21.510728
3768.870845 21.415455
3769.312758 21.454263
3769.754671 21.305178
3770.196585 21.469832
3770.638498 21.385440
3771.080411 21.368568
3771.522324 21.431991
3771.964237 21.596739
3772.406150 21.329982
3772.848063 21.102261
3773.289976 21.170702
3773.731889 21.354826
3774.173802 21.348271
3774.615715 21.339177
3775.057628 20.873882
3775.499541 21.229806
3775.941454 21.173751
3776.383367 21.358010
3776.825280 21.058007
3777.267193 21.076571
3777.709107 21.307549
3778.151020 20.996095
3778.592933 21.134453
3779.034846 21.289710
3779.476759 21.006223
3779.918672 20.959403
3780.360585 20.739352
3780.802498 20.742079
3781.244411 20.460285
3781.686324 20.544818
3782.128237 20.814059
3782.570150 20.692183
3783.012063 20.781202
3783.453976 20.602424
3783.895889 20.718464
3784.337802 20.666734
3784.779716 20.545482
3785.221629 20.733469
3785.663542 20.778993
3786.105455 20.436831
3786.547368 20.460741
3786.989281 20.716859
3787.431194 20.988579
3787.873107 21.070640
3788.315020 20.750837
3788.756933 20.682296
3789.198846 20.270411
3789.640759 20.840200
3790.082672 20.781652
3790.524585 20.420127
3790.966498 20.575968
3791.408411 20.697066
3791.850324 20.864574
3792.292238 20.523271
3792.734151 20.427078
3793.176064 20.517025
3793.617977 20.482415
3794.059890 20.706751
3794.501803 20.767655
3794.943716 20.473153
3795.385629 20.483557
3795.827542 20.597528
3796.269455 20.328958
3796.711368 20.334251
3797.153281 20.444044
3797.595194 20.305155
3798.037107 20.386222
3798.479020 20.321476
3798.920933 20.342142
3799.362846 20.296041
3799.804760 19.988569
3800.246673 19.661674
3800.688586 19.924985
3801.130499 20.054605
3801.572412 19.848740
3802.014325 19.599070
3802.456238 19.630489
3802.898151 19.736320
3803.340064 19.823855
3803.781977 19.709925
3804.223890 20.076212
3804.665803 20.072659
3805.107716 20.271640
3805.549629 20.428059
3805.991542 20.145196
3806.433455 19.963248
3806.875368 20.075567
3807.317282 19.729254
3807.759195 19.649087
3808.201108 19.653379
3808.643021 19.823271
3809.084934 20.188034
3809.526847 20.162975
3809.968760 20.029801
3810.410673 19.498424
3810.852586 19.370839
3811.294499 19.550732
3811.736412 19.509338
3812.178325 19.704256
3812.620238 20.029775
3813.062151 19.820558
3813.504064 19.821229
3813.945977 19.937806
3814.387891 19.852467
3814.829804 20.112602
3815.271717 20.052758
3815.713630 19.657274
3816.155543 19.746912
3816.597456 19.839820
3817.039369 19.789346
3817.481282 20.023972
3817.923195 19.810208
3818.365108 20.010599
3818.807021 20.070825
3819.248934 19.638307
3819.690847 19.711966
3820.132760 19.656442
3820.574673 19.785437
3821.016586 20.100821
3821.458499 19.769412
3821.900413 20.016127
3822.342326 19.741774
3822.784239 19.969051
3823.226152 20.056063
3823.668065 19.887682
3824.109978 19.831902
3824.551891 19.649954
3824.993804 19.451013
3825.435717 19.502232
3825.877630 19.639778
3826.319543 19.960434
3826.761456 19.718777
3827.203369 20.001337
3827.645282 19.587907
3828.087195 19.479235
3828.529108 19.546789
3828.971021 20.043295
3829.412935 20.114321
3829.854848 19.763394
3830.296761 19.780011
3830.738674 19.872865
3831.180587 19.965525
3831.622500 20.378492
3832.064413 19.877479
3832.506326 19.729503
3832.948239 19.857760
3833.390152 20.153955
3833.832065 20.273581
3834.273978 20.047848
3834.715891 20.109687
3835.157804 20.160732
3835.599717 19.907307
3836.041630 20.033200
3836.483544 20.375610
3836.925457 20.106738
3837.367370 19.982652
3837.809283 20.114375
3838.251196 19.801879
3838.693109 19.909443
3839.135022 19.838538
3839.576935 19.655461
3840.018848 19.770225
3840.460761 19.710670
3840.902674 19.687787
3841.344587 19.840767
3841.786500 19.634895
3842.228413 19.560350
3842.670326 19.371436
3843.112239 19.353450
3843.554152 19.295272
3843.996066 19.351563
3844.437979 19.381115
3844.879892 19.590829
3845.321805 19.634983
3845.763718 19.347949
3846.205631 19.266277
3846.647544 19.228054
3847.089457 19.394487
3847.531370 19.500634
3847.973283 19.718676
3848.415196 19.664938
3848.857109 19.660055
3849.299022 19.618877
3849.740935 19.417115
3850.182848 19.418767
3850.624761 19.435901
3851.066674 18.830992
3851.508588 18.730655
3851.950501 19.141110
3852.392414 19.473755
3852.834327 19.881845
3853.276240 19.832157
3853.718153 19.286971
3854.160066 19.226429
3854.601979 18.987680
3855.043892 19.265565
3855.485805 19.036548
3855.927718 19.290550
3856.369631 19.256162
3856.811544 19.348177
3857.253457 19.504388
3857.695370 19.461296
3858.137283 19.264014
3858.579197 18.943633
3859.021110 19.147410
3859.463023 19.116380
3859.904936 19.161037
3860.346849 19.276258
3860.788762 19.212109
3861.230675 19.400989
3861.672588 19.296434
3862.114501 19.476159
3862.556414 19.774993
3862.998327 19.798447
3863.440240 19.704310
3863.882153 19.417370
3864.324066 19.685960
3864.765979 19.473882
3865.207892 19.659713
3865.649805 19.299598
3866.091719 19.725843
3866.533632 19.460476
3866.975545 19.683784
3867.417458 19.776840
3867.859371 19.909168
3868.301284 19.529897
3868.743197 19.775867
3869.185110 20.016691
3869.627023 20.048204
3870.068936 20.103024
3870.510849 20.210178
3870.952762 20.050965
3871.394675 20.322974
3871.836588 20.064438
3872.278501 19.999060
3872.720414 19.740578
3873.162327 19.761675
3873.604241 19.491788
3874.046154 19.556400
3874.488067 19.656905
3874.929980 19.583978
3875.371893 19.032203
3875.813806 19.094874
3876.255719 18.915001
3876.697632 19.080467
3877.139545 19.312909
3877.581458 19.296206
3878.023371 19.505698
3878.465284 19.579579
3878.907197 19.838302
3879.349110 19.636595
3879.791023 19.695390
3880.232936 19.706728
3880.674849 19.822257
3881.116763 20.061960
3881.558676 20.350753
3882.000589 20.038204
3882.442502 19.860326
3882.884415 19.809731
3883.326328 19.955853
3883.768241 20.064740
3884.210154 20.352600
3884.652067 20.398319
3885.093980 20.296081
3885.535893 20.323189
3885.977806 20.634348
3886.419719 20.778523
3886.861632 20.984233
3887.303545 20.979223
3887.745458 20.554308
3888.187372 20.750152
3888.629285 20.647787
3889.071198 20.567546
3889.513111 20.597871
3889.955024 20.601612
3890.396937 20.562643
3890.838850 20.814469
3891.280763 20.619807
3891.722676 20.640849
3892.164589 20.432922
3892.606502 20.518684
3893.048415 20.223040
3893.490328 19.945665
3893.932241 19.830330
3894.374154 19.556132
3894.816067 19.748510
3895.257980 19.464399
3895.699894 19.421823
3896.141807 19.198770
3896.583720 19.028858
3897.025633 19.145032
3897.467546 19.235872
3897.909459 19.338902
3898.351372 18.940927
3898.793285 19.065416
3899.235198 18.610948
3899.677111 18.799969
3900.119024 19.100717
3900.560937 19.179501
3901.002850 19.900678
3901.444763 20.030110
3901.886676 19.492970
3902.328589 18.774104
3902.770502 18.208909
3903.212416 17.379510
3903.654329 17.936974
3904.096242 18.769933
3904.538155 19.493420
3904.980068 19.976896
3905.421981 18.952009
3905.863894 17.358777
3906.305807 17.810947
3906.747720 18.347637
3907.189633 18.390535
3907.631546 18.257670
3908.073459 18.058676
3908.515372 17.869380
3908.957285 18.135599
3909.399198 18.194872
3909.841111 18.228340
3910.283025 17.866828
3910.724938 18.006153
3911.166851 18.299695
3911.608764 18.043054
3912.050677 17.699454
3912.492590 17.774920
3912.934503 17.952590
3913.376416 18.224874
3913.818329 18.317239
3914.260242 18.256542
3914.702155 17.910250
3915.144068 17.788198
3915.585981 17.795056
3916.027894 17.773335
3916.469807 18.002412
3916.911720 18.103266
3917.353633 17.796446
3917.795547 18.143921
3918.237460 18.325768
3918.679373 18.006180
3919.121286 18.097383
3919.563199 18.060308
3920.005112 18.242760
3920.447025 18.059233
3920.888938 18.877799
3921.330851 18.514977
3921.772764 17.121915
3922.214677 16.537357
3922.656590 17.349092
3923.098503 17.037738
3923.540416 17.027959
3923.982329 17.382526
3924.424242 17.654844
3924.866155 17.738295
3925.308069 18.332008
3925.749982 18.053249
3926.191895 18.282844
3926.633808 18.165091
3927.075721 17.678015
3927.517634 17.914373
3927.959547 17.583811
3928.401460 17.595800
3928.843373 17.676256
3929.285286 17.656946
3929.727199 17.550826
3930.169112 17.446581
3930.611025 17.423852
3931.052938 17.930513
3931.494851 18.244197
3931.936764 17.735844
3932.378678 18.006200
3932.820591 17.750351
3933.262504 17.662769
3933.704417 17.702423
3934.146330 17.723405
3934.588243 17.615761
3935.030156 17.752098
3935.472069 18.095341
3935.913982 18.092084
3936.355895 18.177671
3936.797808 17.929613
3937.239721 17.757054
3937.681634 17.898516
3938.123547 17.912117
3938.565460 18.147682
3939.007373 17.841655
3939.449286 17.358105
3939.891200 17.380612
3940.333113 17.487665
3940.775026 17.726286
3941.216939 17.813721
3941.658852 17.432100
3942.100765 17.548926
3942.542678 17.749720
3942.984591 18.625697
3943.426504 18.209769
3943.868417 18.110722
3944.310330 17.734346
3944.752243 17.787379
3945.194156 17.871375
3945.636069 17.637441
3946.077982 18.051785
3946.519895 17.932743
3946.961808 17.893123
3947.403722 17.926886
3947.845635 18.122717
3948.287548 17.833917
3948.729461 17.897757
3949.171374 18.091895
3949.613287 18.288613
3950.055200 18.515407
3950.497113 18.348994
3950.939026 18.318098
3951.380939 18.382851
3951.822852 18.259491
3952.264765 17.992351
3952.706678 17.824642
3953.148591 17.940594
3953.590504 17.985877
3954.032417 17.834481
3954.474330 17.655072
3954.916244 17.492884
3955.358157 17.828813
3955.800070 19.208785
3956.241983 19.494152
3956.683896 19.301861
3957.125809 18.653430
3957.567722 18.134672
3958.009635 18.461783
3958.451548 18.192474
3958.893461 18.258094
3959.335374 18.677065
3959.777287 18.638519
3960.219200 18.584304
3960.661113 18.367336
3961.103026 18.643456
3961.544939 18.551776
3961.986853 18.621244
3962.428766 18.874494
3962.870679 18.687576
3963.312592 18.608826
3963.754505 18.508180
3964.196418 18.472388
3964.638331 18.296626
3965.080244 18.575317
3965.522157 18.776179
3965.964070 19.154422
3966.405983 19.428835
3966.847896 19.186023
3967.289809 19.347640
3967.731722 19.396516
3968.173635 18.931275
3968.615548 18.710580
3969.057461 18.858099
3969.499375 18.553946
3969.941288 18.326212
3970.383201 18.333734
3970.825114 18.737069
3971.267027 19.562331
3971.708940 19.735353
3972.150853 19.886090
3972.592766 19.467952
3973.034679 18.869363
3973.476592 18.311483
3973.918505 17.974035
3974.360418 18.432419
3974.802331 18.603419
3975.244244 18.495506
3975.686157 18.194919
3976.128070 17.985514
3976.569983 18.122697
3977.011897 18.022871
3977.453810 17.984191
3977.895723 17.928028
3978.337636 17.973995
3978.779549 17.855578
3979.221462 17.802370
3979.663375 17.751433
3980.105288 17.875317
3980.547201 18.016450
3980.989114 18.160282
3981.431027 18.274509
3981.872940 17.699092
3982.314853 17.764093
3982.756766 17.688224
3983.198679 17.732620
3983.640592 18.201716
3984.082506 18.157925
3984.524419 17.878890
3984.966332 17.650834
3985.408245 17.505699
3985.850158 16.807445
3986.292071 17.167472
3986.733984 17.383614
3987.175897 17.201625
3987.617810 17.008931
3988.059723 17.178736
3988.501636 17.299135
3988.943549 17.197085
3989.385462 16.801561
3989.827375 16.839455
3990.269288 16.913632
3990.711201 16.816774
3991.153114 17.048887
3991.595028 16.979768
3992.036941 17.074282
3992.478854 16.679463
3992.920767 16.929133
3993.362680 16.977975
3993.804593 16.664485
3994.246506 16.529834
3994.688419 16.804416
3995.130332 16.856347
3995.572245 16.962023
3996.014158 17.050667
3996.456071 16.641193
3996.897984 16.405003
3997.339897 16.438195
3997.781810 16.766186
3998.223723 16.682257
3998.665636 16.465289
3999.107550 16.510310
3999.549463 15.999149
3999.991376 16.160632
4000.433289 16.252258
4000.875202 16.420363
4001.317115 16.585903
4001.759028 16.211039
4002.200941 16.047997
4002.642854 16.074232
4003.084767 16.338953
4003.526680 16.321988
4003.968593 16.358552
4004.410506 16.219931
4004.852419 16.235420
4005.294332 16.155494
4005.736245 16.258188
4006.178159 16.190742
4006.620072 15.925819
4007.061985 15.691812
4007.503898 15.632465
4007.945811 15.609871
4008.387724 16.451870
4008.829637 16.586870
4009.271550 16.346503
4009.713463 16.519800
4010.155376 16.278552
4010.597289 15.755430
4011.039202 15.760809
4011.481115 16.177000
4011.923028 16.248060
4012.364941 16.015255
4012.806854 15.833595
4013.248767 15.651923
4013.690681 15.816704
4014.132594 16.209393
4014.574507 15.974204
4015.016420 15.951986
4015.458333 16.011346
4015.900246 16.092299
4016.342159 15.863934
4016.784072 15.984843
4017.225985 15.843872
4017.667898 15.864061
4018.109811 15.779374
4018.551724 15.895326
4018.993637 16.226990
4019.435550 16.111857
4019.877463 15.783390
4020.319376 15.716347
4020.761289 15.925114
4021.203203 15.988799
4021.645116 15.994689
4022.087029 15.745865
4022.528942 15.520771
4022.970855 15.845604
4023.412768 15.922071
4023.854681 15.952946
4024.296594 16.275732
4024.738507 16.318367
4025.180420 16.041093
4025.622333 15.858628
4026.064246 16.010956
4026.506159 15.556576
4026.948072 15.550572
4027.389985 15.630188
4027.831898 15.524767
4028.273811 15.642016
4028.715725 15.624311
4029.157638 15.464621
4029.599551 15.404852
4030.041464 15.300747
4030.483377 15.525513
4030.925290 15.944061
4031.367203 15.976642
4031.809116 15.448939
4032.251029 15.246089
4032.692942 15.619073
4033.134855 15.803506
4033.576768 15.721297
4034.018681 15.410749
4034.460594 15.535829
4034.902507 15.315450
4035.344420 15.597916
4035.786334 15.716333
4036.228247 15.630390
4036.670160 15.654186
4037.112073 15.445460
4037.553986 15.530637
4037.995899 15.327788
4038.437812 15.750708
4038.879725 15.526890
4039.321638 15.605546
4039.763551 15.441302
4040.205464 15.536816
4040.647377 15.213682
4041.089290 15.228841
4041.531203 15.093572
4041.973116 15.362424
4042.415029 15.501595
4042.856942 15.616628
4043.298856 15.641647
4043.740769 15.491494
4044.182682 15.422429
4044.624595 15.500870
4045.066508 15.588264
4045.508421 15.589413
4045.950334 15.902775
4046.392247 15.484778
4046.834160 15.359979
4047.276073 15.639061
4047.717986 15.749526
4048.159899 15.612235
4048.601812 15.334598
4049.043725 15.436473
4049.485638 15.463977
4049.927551 15.634970
4050.369464 15.584295
4050.811378 15.812647
4051.253291 15.820552
4051.695204 15.895575
4052.137117 16.091520
4052.579030 15.778769
4053.020943 15.783538
4053.462856 15.581756
4053.904769 15.649149
4054.346682 15.608266
4054.788595 15.777352
4055.230508 15.790570
4055.672421 15.626716
4056.114334 15.717912
4056.556247 15.817496
4056.998160 15.691919
4057.440073 15.825361
4057.881987 15.822225
4058.323900 15.904091
4058.765813 16.079054
4059.207726 16.122133
4059.649639 15.876594
4060.091552 15.748471
4060.533465 15.732332
4060.975378 15.829975
4061.417291 16.042618
4061.859204 16.270291
4062.301117 16.334366
4062.743030 16.557284
4063.184943 16.573337
4063.626856 16.284154
4064.068769 16.225439
4064.510682 16.154977
4064.952595 16.149107
4065.394509 16.073695
4065.836422 16.029003
4066.278335 16.100318
4066.720248 16.344951
4067.162161 16.706127
4067.604074 16.336676
4068.045987 16.568037
4068.487900 16.624140
4068.929813 16.737433
4069.371726 16.612856
4069.813639 16.626423
4070.255552 16.892529
4070.697465 16.652040
4071.139378 16.447786
4071.581291 16.629889
4072.023204 16.745889
4072.465117 16.723254
4072.907031 16.723953
4073.348944 16.663162
4073.790857 16.515481
4074.232770 16.776395
4074.674683 16.723577
4075.116596 16.824578
4075.558509 16.831725
4076.000422 16.891555
4076.442335 16.891152
4076.884248 16.552133
4077.326161 16.173151
4077.768074 16.193751
4078.209987 16.627317
4078.651900 16.811831
4079.093813 16.991912
4079.535726 17.433551
4079.977640 17.561210
4080.419553 17.583562
4080.861466 17.734568
4081.303379 17.257674
4081.745292 16.882400
4082.187205 16.771270
4082.629118 16.622501
4083.071031 16.901569
4083.512944 17.096453
4083.954857 16.881211
4084.396770 16.986350
4084.838683 17.170911
4085.280596 17.498344
4085.722509 17.295864
4086.164422 17.455319
4086.606335 17.431663
4087.048248 17.369039
4087.490162 17.757108
4087.932075 17.881335
4088.373988 18.093789
4088.815901 17.567946
4089.257814 17.452948
4089.699727 17.492964
4090.141640 17.360106
4090.583553 17.719771
4091.025466 17.826086
4091.467379 18.078617
4091.909292 18.268303
4092.351205 18.234264
4092.793118 18.299440
4093.235031 18.051899
4093.676944 17.776317
4094.118857 18.187584
4094.560770 19.490740
4095.002684 19.092207
4095.444597 18.895550
4095.886510 17.869716
4096.328423 17.309868
4096.770336 17.079729
4097.212249 17.347513
4097.654162 17.381653
4098.096075 17.895917
4098.537988 18.460258
4098.979901 18.494552
4099.421814 18.192837
4099.863727 18.491140
4100.305640 18.473127
4100.747553 17.914158
4101.189466 17.449603
4101.631379 18.229965
4102.073292 19.116944
4102.515206 19.562600
4102.957119 19.226046
4103.399032 19.034413
4103.840945 18.822113
4104.282858 18.478923
4104.724771 18.910682
4105.166684 19.288878
4105.608597 18.850087
4106.050510 18.687502
4106.492423 18.667816
4106.934336 17.817643
4107.376249 17.902062
4107.818162 17.462875
4108.260075 17.451806
4108.701988 17.671218
4109.143901 18.133235
4109.585815 17.846914
4110.027728 18.313632
4110.469641 18.400227
4110.911554 18.216331
4111.353467 18.080639
4111.795380 17.424551
4112.237293 16.852747
4112.679206 16.652967
4113.121119 16.828729
4113.563032 17.215018
4114.004945 17.599534
4114.446858 17.726569
4114.888771 17.510857
4115.330684 17.503543
4115.772597 17.655314
4116.214510 18.084548
4116.656423 18.067300
4117.098337 17.806454
4117.540250 17.679197
4117.982163 17.206293
4118.424076 17.479941
4118.865989 17.236994
4119.307902 17.167244
4119.749815 17.210478
4120.191728 16.952620
4120.633641 17.302029
4121.075554 17.430495
4121.517467 17.329433
4121.959380 17.049659
4122.401293 16.733819
4122.843206 16.442984
4123.285119 16.661537
4123.727032 17.156639
4124.168945 17.241629
4124.610859 17.108912
4125.052772 16.495755
4125.494685 16.224586
4125.936598 16.103267
4126.378511 16.240181
4126.820424 16.298803
4127.262337 16.468936
4127.704250 16.788854
4128.146163 16.277894
4128.588076 16.369312
4129.029989 16.474572
4129.471902 16.495023
4129.913815 16.393739
4130.355728 16.477842
4130.797641 16.294430
4131.239554 16.123618
4131.681468 15.969805
4132.123381 15.835402
4132.565294 15.925953
4133.007207 15.875197
4133.449120 15.989524
4133.891033 15.913917
4134.332946 15.685552
4134.774859 15.691066
4135.216772 15.829505
4135.658685 16.127923
4136.100598 15.806213
4136.542511 15.606385
4136.984424 15.597761
4137.426337 15.590743
4137.868250 15.537999
4138.310163 15.624473
4138.752076 15.466227
4139.193990 15.489660
4139.635903 15.622021
4140.077816 15.543009
4140.519729 15.689199
4140.961642 15.725159
4141.403555 15.468598
4141.845468 15.590662
4142.287381 15.376045
4142.729294 15.508809
4143.171207 15.562997
4143.613120 15.446178
4144.055033 15.611040
4144.496946 15.420286
4144.938859 15.250811
4145.380772 15.535352
4145.822685 15.288644
4146.264598 15.027321
4146.706512 15.095815
4147.148425 15.162637
4147.590338 15.486275
4148.032251 15.533653
4148.474164 15.122567
4148.916077 14.977512
4149.357990 15.508735
4149.799903 15.470424
4150.241816 15.304159
4150.683729 15.050540
4151.125642 14.928052
4151.567555 15.087702
4152.009468 14.956355
4152.451381 14.865784
4152.893294 14.810924
4153.335207 14.802630
4153.777121 14.751101
4154.219034 15.061454
4154.660947 15.218518
4155.102860 15.287469
4155.544773 15.449006
4155.986686 15.621222
4156.428599 14.709130
4156.870512 14.969238
4157.312425 15.810135
4157.754338 15.870334
4158.196251 15.956023
4158.638164 16.147428
4159.080077 16.131966
4159.521990 15.161529
4159.963903 14.754103
4160.405816 14.416959
4160.847729 14.688202
4161.289643 14.855522
4161.731556 14.849732
4162.173469 14.862903
4162.615382 14.702978
4163.057295 14.780459
4163.499208 14.959902
4163.941121 14.976485
4164.383034 15.222602
4164.824947 14.969439
4165.266860 14.897593
4165.708773 14.986835
4166.150686 14.812630
4166.592599 14.860801
4167.034512 14.801112
4167.476425 15.022734
4167.918338 15.203755
4168.360251 15.009294
4168.802165 15.089683
4169.244078 14.902503
4169.685991 14.858987
4170.127904 14.876027
4170.569817 14.728823
4171.011730 14.742094
4171.453643 14.762942
4171.895556 14.558272
4172.337469 15.025958
4172.779382 15.098166
4173.221295 14.888331
4173.663208 14.862876
4174.105121 15.040082
4174.547034 15.273740
4174.988947 15.770615
4175.430860 15.795829
4175.872773 16.064500
4176.314687 15.753005
4176.756600 15.503174
4177.198513 15.477450
4177.640426 14.070102
4178.082339 13.876635
4178.524252 14.088700
4178.966165 14.869431
4179.408078 15.286414
4179.849991 15.662226
4180.291904 14.974349
4180.733817 14.611849
4181.175730 14.872293
4181.617643 14.889957
4182.059556 14.792065
4182.501469 15.004593
4182.943382 14.761431
4183.385296 14.392847
4183.827209 14.445752
4184.269122 14.516026
4184.711035 14.466727
4185.152948 14.354865
4185.594861 14.476587
4186.036774 14.650939
4186.478687 14.865281
4186.920600 14.923579
4187.362513 14.929913
4187.804426 14.663915
4188.246339 14.430996
4188.688252 14.609881
4189.130165 14.779968
4189.572078 14.871567
4190.013991 14.738481
4190.455904 14.717579
4190.897818 14.741121
4191.339731 14.679773
4191.781644 14.475459
4192.223557 14.398710
4192.665470 14.952171
4193.107383 14.563894
4193.549296 14.841108
4193.991209 14.594084
4194.433122 14.431399
4194.875035 14.303209
4195.316948 14.668993
4195.758861 15.089428
4196.200774 14.948934
4196.642687 14.946066
4197.084600 14.908481
4197.526513 14.812288
4197.968426 14.782333
4198.410340 14.755521
4198.852253 14.928516
4199.294166 15.198140
4199.736079 16.137433
4200.177992 15.407841
4200.619905 15.727436
4201.061818 14.444100
4201.503731 13.719806
4201.945644 13.741212
4202.387557 14.024759
4202.829470 14.359406
4203.271383 14.453335
4203.713296 14.497751
4204.155209 14.388172
4204.597122 14.314150
4205.039035 14.426483
4205.480949 14.288379
4205.922862 14.395721
4206.364775 14.349774
4206.806688 14.392632
4207.248601 14.679779
4207.690514 14.656977
4208.132427 14.566547
4208.574340 14.681606
4209.016253 14.545740
4209.458166 14.285377
4209.900079 14.010890
4210.341992 13.879933
4210.783905 14.059168
4211.225818 14.006235
4211.667731 13.994226
4212.109644 13.952947
4212.551557 14.044237
4212.993471 14.467036
4213.435384 14.574022
4213.877297 15.338816
4214.319210 15.384817
4214.761123 15.656053
4215.203036 14.426315
4215.644949 14.359191
4216.086862 14.330673
4216.528775 14.209300
4216.970688 14.518108
4217.412601 14.473041
4217.854514 14.107526
4218.296427 14.268700
4218.738340 14.029635
4219.180253 14.368009
4219.622166 14.327341
4220.064079 14.399805
4220.505993 14.407609
4220.947906 14.227166
4221.389819 14.334353
4221.831732 14.536290
4222.273645 14.353885
4222.715558 14.325407
4223.157471 14.392094
4223.599384 14.470898
4224.041297 14.543966
4224.483210 14.646614
4224.925123 14.985485
4225.367036 14.494473
4225.808949 14.772674
4226.250862 14.808883
4226.692775 14.634994
4227.134688 14.273227
4227.576602 14.593077
4228.018515 14.661229
4228.460428 14.460051
4228.902341 14.648535
4229.344254 14.571242
4229.786167 14.503957
4230.228080 14.955093
4230.669993 14.601620
4231.111906 14.501351
4231.553819 15.194312
4231.995732 15.689004
4232.437645 15.297248
4232.879558 14.923250
4233.321471 14.751941
4233.763384 15.253820
4234.205297 14.816042
4234.647210 14.859041
4235.089124 14.412532
4235.531037 14.693481
4235.972950 14.874657
4236.414863 14.547795
4236.856776 14.593675
4237.298689 14.479126
4237.740602 14.384881
4238.182515 14.304915
4238.624428 14.818380
4239.066341 14.790836
4239.508254 14.694522
4239.950167 15.025434
4240.392080 15.119753
4240.833993 15.161153
4241.275906 14.436725
4241.717819 13.992668
4242.159732 14.265375
4242.601646 14.450534
4243.043559 14.644229
4243.485472 14.720461
4243.927385 14.590968
4244.369298 14.644357
4244.811211 14.700580
4245.253124 14.696812
4245.695037 15.036644
4246.136950 14.973973
4246.578863 14.770848
4247.020776 14.736856
4247.462689 14.175866
4247.904602 14.434300
4248.346515 14.984074
4248.788428 14.841612
4249.230341 14.562772
4249.672254 14.571101
4250.114168 14.572518
4250.556081 14.691983
4250.997994 15.155659
4251.439907 15.502442
4251.881820 15.338715
4252.323733 14.699660
4252.765646 14.693488
4253.207559 14.404506
4253.649472 14.508295
4254.091385 14.600875
4254.533298 14.609693
4254.975211 14.669624
4255.417124 14.593641
4255.859037 14.652598
4256.300950 14.792239
4256.742863 14.665050
4257.184777 14.591478
4257.626690 14.513789
4258.068603 14.345805
4258.510516 14.211295
4258.952429 14.037856
4259.394342 14.168833
4259.836255 14.417073
4260.278168 14.568515
4260.720081 14.631240
4261.161994 14.508698
4261.603907 14.508638
4262.045820 14.422157
4262.487733 14.718023
4262.929646 15.094492
4263.371559 14.934413
4263.813472 15.343840
4264.255385 15.378866
4264.697299 13.454393
4265.139212 13.124240
4265.581125 13.779421
4266.023038 13.731882
4266.464951 14.629326
4266.906864 14.906627
4267.348777 14.687006
4267.790690 14.862950
4268.232603 14.701104
4268.674516 14.355120
4269.116429 13.787246
4269.558342 14.478327
4270.000255 14.677959
4270.442168 14.416294
4270.884081 14.268693
4271.325994 14.283550
4271.767907 14.443005
4272.209821 14.441642
4272.651734 14.606584
4273.093647 14.674171
4273.535560 14.640717
4273.977473 14.591962
4274.419386 14.836037
4274.861299 14.712972
4275.303212 14.889319
4275.745125 14.686764
4276.187038 14.425609
4276.628951 14.072889
4277.070864 14.244366
4277.512777 14.553416
4277.954690 14.512211
4278.396603 14.345294
4278.838516 14.270708
4279.280430 14.563478
4279.722343 14.234601
4280.164256 14.524724
4280.606169 14.555183
4281.048082 14.816566
4281.489995 14.798230
4281.931908 14.983644
4282.373821 14.973630
4282.815734 15.223172
4283.257647 15.015594
4283.699560 15.491548
4284.141473 15.126745
4284.583386 15.001053
4285.025299 14.555525
4285.467212 14.376042
4285.909125 14.241458
4286.351038 14.697679
4286.792952 14.792172
4287.234865 15.000570
4287.676778 15.094412
4288.118691 14.962306
4288.560604 15.015641
4289.002517 15.081744
4289.444430 14.958605
4289.886343 14.908037
4290.328256 15.367764
4290.770169 16.028218
4291.212082 16.177208
4291.653995 16.862493
4292.095908 16.346590
4292.537821 15.512160
4292.979734 15.068291
4293.421647 14.683977
4293.863560 14.775925
4294.305474 14.807902
4294.747387 15.027758
4295.189300 15.169743
4295.631213 15.368294
4296.073126 15.673684
4296.515039 15.755336
4296.956952 15.963767
4297.398865 16.146749
4297.840778 16.125942
4298.282691 15.892707
4298.724604 16.154916
4299.166517 16.409462
4299.608430 16.086698
4300.050343 16.369956
4300.492256 16.624106
4300.934169 15.511140
4301.376083 15.161274
4301.817996 14.954703
4302.259909 15.342893
4302.701822 15.901519
4303.143735 16.053250
4303.585648 16.128944
4304.027561 15.793942
4304.469474 15.806428
4304.911387 16.329080
4305.353300 16.661074
4305.795213 16.861472
4306.237126 17.010530
4306.679039 17.380430
4307.120952 17.491614
4307.562865 16.889251
4308.004778 16.155064
4308.446691 16.106659
4308.888605 15.908558
4309.330518 16.150887
4309.772431 16.431076
4310.214344 16.546276
4310.656257 16.381045
4311.098170 16.452051
4311.540083 16.674265
4311.981996 16.555733
4312.423909 16.671712
4312.865822 16.707504
4313.307735 16.671128
4313.749648 16.843304
4314.191561 16.943567
4314.633474 16.909118
4315.075387 17.080898
4315.517300 17.109086
4315.959213 17.130391
4316.401127 17.167184
4316.843040 17.469349
4317.284953 17.457387
4317.726866 17.640101
4318.168779 17.867560
4318.610692 17.994265
4319.052605 17.736153
4319.494518 17.767297
4319.936431 17.306570
4320.378344 16.993006
4320.820257 17.116925
4321.262170 17.696230
4321.704083 17.615049
4322.145996 18.073922
4322.587909 18.078113
4323.029822 17.900685
4323.471735 18.148206
4323.913649 18.637532
4324.355562 19.454331
4324.797475 19.262697
4325.239388 18.819312
4325.681301 18.271211
4326.123214 18.154694
4326.565127 18.098417
4327.007040 18.277840
4327.448953 18.110198
4327.890866 18.734886
4328.332779 18.899338
4328.774692 18.923162
4329.216605 18.908950
4329.658518 19.046495
4330.100431 19.501903
4330.542344 19.788077
4330.984258 19.582507
4331.426171 19.563117
4331.868084 19.732404
4332.309997 19.836711
4332.751910 20.092768
4333.193823 20.315230
4333.635736 20.458921
4334.077649 20.490038
4334.519562 20.622627
4334.961475 20.176381
4335.403388 20.346038
4335.845301 20.338415
4336.287214 20.793090
4336.729127 21.079956
4337.171040 21.219967
4337.612953 21.316569
4338.054866 21.356357
4338.496780 21.299120
4338.938693 21.266619
4339.380606 21.602985
4339.822519 21.252125
4340.264432 21.287608
4340.706345 21.075375
4341.148258 21.083287
4341.590171 21.416617
4342.032084 21.625015
4342.473997 21.531777
4342.915910 21.504240
4343.357823 21.161641
4343.799736 21.186969
4344.241649 20.979720
4344.683562 21.198259
4345.125475 20.873090
4345.567388 20.342001
4346.009302 20.494196
4346.451215 20.112958
4346.893128 20.457282
4347.335041 20.407675
4347.776954 20.284683
4348.218867 20.096610
4348.660780 20.085837
4349.102693 20.310663
4349.544606 20.242786
4349.986519 20.038593
4350.428432 20.038895
4350.870345 20.080343
4351.312258 20.066782
4351.754171 20.230771
4352.196084 20.136593
4352.637997 20.229803
4353.079911 20.108941
4353.521824 19.939378
4353.963737 20.178859
4354.405650 19.968648
4354.847563 19.988905
4355.289476 20.027484
4355.731389 20.020116
4356.173302 19.944919
4356.615215 19.795089
4357.057128 19.527950
4357.499041 19.494354
4357.940954 19.217073
4358.382867 19.245940
4358.824780 19.199261
4359.266693 19.186815
4359.708606 19.339372
4360.150519 19.478758
4360.592433 19.528970
4361.034346 19.596296
4361.476259 19.603899
4361.918172 19.182416
4362.360085 18.974381
4362.801998 18.542058
4363.243911 18.417213
4363.685824 18.439612
4364.127737 18.577836
4364.569650 18.421148
4365.011563 18.561824
4365.453476 18.140361
4365.895389 17.938640
4366.337302 17.555911
4366.779215 17.536379
4367.221128 17.418909
4367.663041 17.298241
4368.104955 17.204997
4368.546868 17.316362
4368.988781 17.497397
4369.430694 17.494872
4369.872607 17.477953
4370.314520 17.077130
4370.756433 16.794133
4371.198346 16.737265
4371.640259 16.655721
4372.082172 16.587737
4372.524085 16.512506
4372.965998 16.379709
4373.407911 16.405634
4373.849824 16.198936
4374.291737 16.049032
4374.733650 16.254239
4375.175564 15.957520
4375.617477 15.985434
4376.059390 16.158812
4376.501303 16.367189
4376.943216 16.318052
4377.385129 15.901633
4377.827042 15.804016
4378.268955 15.700207
4378.710868 15.694209
4379.152781 16.063304
4379.594694 16.046191
4380.036607 16.215814
4380.478520 15.908699
4380.920433 15.663126
4381.362346 15.426069
4381.804259 15.597620
4382.246172 15.799066
4382.688086 15.669929
4383.129999 15.759997
4383.571912 15.730142
4384.013825 15.660338
4384.455738 15.552849
4384.897651 15.451195
4385.339564 15.253645
4385.781477 15.181833
4386.223390 15.150205
4386.665303 15.118551
4387.107216 15.253349
4387.549129 15.346889
4387.991042 15.307511
4388.432955 15.260247
4388.874868 15.146907
4389.316781 15.144301
4389.758694 15.315852
4390.200608 15.606963
4390.642521 15.131446
4391.084434 15.249145
4391.526347 15.103976
4391.968260 15.044126
4392.410173 14.754634
4392.852086 14.767019
4393.293999 14.830133
4393.735912 14.892858
4394.177825 15.047679
4394.619738 14.640025
4395.061651 14.729232
4395.503564 14.631797
4395.945477 14.592291
4396.387390 14.652376
4396.829303 14.741362
4397.271216 14.835460
4397.713130 14.936723
4398.155043 14.813087
4398.596956 14.648582
4399.038869 14.745755
4399.480782 14.848624
4399.922695 14.865079
4400.364608 14.907540
4400.806521 14.859370
4401.248434 14.793455
4401.690347 14.528451
4402.132260 14.469951
4402.574173 14.060141
4403.016086 14.226528
4403.457999 14.673070
4403.899912 14.808849
4404.341825 14.840450
4404.783739 14.599505
4405.225652 14.813745
4405.667565 14.609116
4406.109478 14.486736
4406.551391 14.421647
4406.993304 14.245179
4407.435217 14.215942
4407.877130 14.254911
4408.319043 14.413419
4408.760956 14.858094
4409.202869 14.761868
4409.644782 14.447371
4410.086695 14.299569
4410.528608 14.061370
4410.970521 13.882881
4411.412434 14.387588
4411.854347 14.459789
4412.296261 14.394203
4412.738174 14.656903
4413.180087 14.520358
4413.622000 14.175919
4414.063913 13.808974
4414.505826 14.018667
4414.947739 14.119353
4415.389652 14.197217
4415.831565 14.388159
4416.273478 14.301120
4416.715391 14.415521
4417.157304 14.430197
4417.599217 14.410148
4418.041130 14.369729
4418.483043 14.318193
4418.924956 14.223834
4419.366869 14.250089
4419.808783 14.119394
4420.250696 14.036103
4420.692609 13.866480
4421.134522 13.942463
4421.576435 13.916598
4422.018348 14.005530
4422.460261 13.874701
4422.902174 13.761253
4423.344087 13.717496
4423.786000 13.739297
4424.227913 13.777554
4424.669826 13.917451
4425.111739 13.799739
4425.553652 13.796864
4425.995565 13.549128
4426.437478 13.683155
4426.879392 13.674900
4427.321305 13.607951
4427.763218 13.433639
4428.205131 13.474455
4428.647044 13.805871
4429.088957 13.832736
4429.530870 13.891586
4429.972783 13.869677
4430.414696 13.882183
4430.856609 13.984461
4431.298522 13.677956
4431.740435 13.699845
4432.182348 13.699590
4432.624261 13.870147
4433.066174 14.022852
4433.508087 14.089459
4433.950000 13.982614
4434.391914 13.705601
4434.833827 13.704144
4435.275740 13.556973
4435.717653 13.712103
4436.159566 13.741957
4436.601479 13.759306
4437.043392 13.460633
4437.485305 13.425942
4437.927218 13.557766
4438.369131 13.619369
4438.811044 13.454695
4439.252957 13.491058
4439.694870 13.422900
4440.136783 13.587251
4440.578696 13.729451
4441.020609 13.677426
4441.462522 13.594061
4441.904436 13.704076
4442.346349 13.842012
4442.788262 13.809498
4443.230175 13.929527
4443.672088 13.920769
4444.114001 13.496223
4444.555914 13.470392
4444.997827 13.269671
4445.439740 13.527394
4445.881653 13.515781
4446.323566 13.845894
4446.765479 13.784909
4447.207392 13.763027
4447.649305 13.706655
4448.091218 13.648686
4448.533131 13.570937
4448.975045 13.631586
4449.416958 13.653656
4449.858871 13.508971
4450.300784 13.649875
4450.742697 13.655322
4451.184610 13.831642
4451.626523 13.668647
4452.068436 13.665182
4452.510349 13.607884
4452.952262 13.555361
4453.394175 13.914878
4453.836088 13.768071
4454.278001 13.718006
4454.719914 13.677291
4455.161827 13.853013
4455.603740 13.599925
4456.045653 13.709920
4456.487567 13.752629
4456.929480 13.848775
4457.371393 13.701544
4457.813306 13.439221
4458.255219 13.668412
4458.697132 13.626636
4459.139045 13.814219
4459.580958 14.135063
4460.022871 14.234339
4460.464784 14.294908
4460.906697 14.860351
4461.348610 14.717358
4461.790523 15.114413
4462.232436 14.894020
4462.674349 14.677415
4463.116262 14.453254
4463.558175 15.038880
4464.000089 14.646661
4464.442002 15.078158
4464.883915 15.235282
4465.325828 15.012095
4465.767741 14.982120
4466.209654 14.928724
4466.651567 14.692937
4467.093480 14.667972
4467.535393 14.345946
4467.977306 13.786171
4468.419219 14.049993
4468.861132 13.743092
4469.303045 14.092777
4469.744958 14.297903
4470.186871 14.658985
4470.628784 14.741201
4471.070697 14.328765
4471.512611 14.820213
4471.954524 14.962179
4472.396437 14.723685
4472.838350 13.688696
4473.280263 13.157292
4473.722176 13.470996
4474.164089 14.212638
4474.606002 14.389535
4475.047915 14.013744
4475.489828 14.069538
4475.931741 13.628785
4476.373654 13.886098
4476.815567 14.021320
4477.257480 14.201945
4477.699393 14.511479
4478.141306 14.087081
4478.583220 14.102818
4479.025133 14.124492
4479.467046 14.047145
4479.908959 13.998659
4480.350872 13.894575
4480.792785 13.825671
4481.234698 13.847983
4481.676611 13.916967
4482.118524 14.042450
4482.560437 14.212551
4483.002350 14.318832
4483.444263 14.198648
4483.886176 14.216016
4484.328089 13.975850
4484.770002 13.839258
4485.211915 14.050873
4485.653828 13.992990
4486.095742 14.101394
4486.537655 13.872988
4486.979568 13.941999
4487.421481 13.887032
4487.863394 14.011642
4488.305307 13.930508
4488.747220 13.718671
4489.189133 13.787951
4489.631046 14.041335
4490.072959 14.005483
4490.514872 14.014792
4490.956785 14.106706
4491.398698 14.363147
4491.840611 14.283604
4492.282524 14.073003
4492.724437 14.120824
4493.166350 14.056582
4493.608264 14.243419
4494.050177 14.518095
4494.492090 14.764702
4494.934003 15.238231
4495.375916 15.181510
4495.817829 15.244591
4496.259742 15.702303
4496.701655 15.816113
4497.143568 15.285837
4497.585481 13.900962
4498.027394 14.814216
4498.469307 15.046591
4498.911220 14.957437
4499.353133 15.513524
4499.795046 14.783582
4500.236959 14.736983
4500.678873 15.678083
4501.120786 16.235487
4501.562699 15.921453
4502.004612 15.577310
4502.446525 15.001201
4502.888438 14.500175
4503.330351 14.378299
4503.772264 14.715847
4504.214177 14.603541
4504.656090 14.838220
4505.098003 14.984121
4505.539916 14.759033
4505.981829 14.518867
4506.423742 14.661356
4506.865655 14.580860
4507.307568 15.219089
4507.749481 15.044307
4508.191395 14.984618
4508.633308 14.622132
4509.075221 14.920463
4509.517134 15.044999
4509.959047 14.724706
4510.400960 14.653740
4510.842873 14.520304
4511.284786 14.658529
4511.726699 14.819380
4512.168612 14.660906
4512.610525 14.669772
4513.052438 14.693138
4513.494351 14.739730
4513.936264 15.009684
4514.378177 14.929859
4514.820090 14.859545
4515.262003 14.968492
4515.703917 14.885638
4516.145830 15.048935
4516.587743 15.123286
4517.029656 14.975041
4517.471569 14.808271
4517.913482 14.593621
4518.355395 14.766395
4518.797308 14.310040
4519.239221 14.701057
4519.681134 14.441910
4520.123047 14.399812
4520.564960 14.623207
4521.006873 14.691264
4521.448786 14.661464
4521.890699 14.700963
4522.332612 14.678638
4522.774526 14.602366
4523.216439 14.747266
4523.658352 15.043219
4524.100265 15.301728
4524.542178 15.301090
4524.984091 15.709341
4525.426004 16.483457
4525.867917 16.582471
4526.309830 16.542596
4526.751743 16.635517
4527.193656 15.800537
4527.635569 15.670453
4528.077482 15.708999
4528.519395 15.465280
4528.961308 15.277367
4529.403221 14.584144
4529.845134 14.936616
4530.287048 14.756763
4530.728961 14.756031
4531.170874 14.663788
4531.612787 14.613723
4532.054700 14.758449
4532.496613 14.688376
4532.938526 14.718762
4533.380439 14.691359
4533.822352 14.713462
4534.264265 14.892240
4534.706178 14.717344
4535.148091 15.018321
4535.590004 14.663935
4536.031917 14.759255
4536.473830 14.821301
4536.915743 14.734344
4537.357656 14.553578
4537.799570 14.575520
4538.241483 14.678705
4538.683396 14.698814
4539.125309 14.531387
4539.567222 14.776959
4540.009135 14.837434
4540.451048 14.874160
4540.892961 15.119914
4541.334874 14.851136
4541.776787 15.172148
4542.218700 15.160327
4542.660613 15.741077
4543.102526 16.286108
4543.544439 16.036479
4543.986352 15.738128
4544.428265 15.667726
4544.870178 15.529328
4545.312092 15.110652
4545.754005 14.797062
4546.195918 14.863373
4546.637831 14.654244
4547.079744 14.740080
4547.521657 14.639340
4547.963570 14.641341
4548.405483 14.779673
4548.847396 14.668093
4549.289309 14.668281
4549.731222 14.794825
4550.173135 14.638137
4550.615048 14.724188
4551.056961 14.865798
4551.498874 14.999502
4551.940787 15.043065
4552.382701 14.988218
4552.824614 14.660396
4553.266527 14.896975
4553.708440 14.843983
4554.150353 14.896089
4554.592266 15.037396
4555.034179 14.951902
4555.476092 14.855374
4555.918005 14.699418
4556.359918 14.331761
4556.801831 14.550394
4557.243744 14.695489
4557.685657 14.724377
4558.127570 14.668959
4558.569483 14.770606
4559.011396 14.884301
4559.453309 15.100739
4559.895223 15.052199
4560.337136 15.584866
4560.779049 14.994666
4561.220962 14.949108
4561.662875 15.494839
4562.104788 15.501448
4562.546701 15.771730
4562.988614 15.211345
4563.430527 14.370588
4563.872440 14.191595
4564.314353 14.823954
4564.756266 14.846340
4565.198179 14.787074
4565.640092 14.931377
4566.082005 14.769343
4566.523918 14.735190
4566.965831 14.819065
4567.407745 14.744633
4567.849658 14.583566
4568.291571 14.526584
4568.733484 14.392403
4569.175397 14.145924
4569.617310 14.541219
4570.059223 14.622938
4570.501136 14.776859
4570.943049 14.683500
4571.384962 14.671545
4571.826875 14.558044
4572.268788 14.562114
4572.710701 14.503789
4573.152614 14.501948
4573.594527 14.552315
4574.036440 14.729380
4574.478354 14.620426
4574.920267 14.721132
4575.362180 14.734055
4575.804093 15.084324
4576.246006 15.283029
4576.687919 15.540007
4577.129832 15.846229
4577.571745 15.439804
4578.013658 15.090872
4578.455571 14.513944
4578.897484 14.483471
4579.339397 14.020669
4579.781310 14.367176
4580.223223 14.657205
4580.665136 14.834533
4581.107049 14.619916
4581.548962 14.379676
4581.990876 14.037353
4582.432789 14.222619
4582.874702 14.348491
4583.316615 14.655889
4583.758528 15.232575
4584.200441 14.999119
4584.642354 15.038974
4585.084267 14.809212
4585.526180 15.062388
4585.968093 14.933137
4586.410006 14.679470
4586.851919 14.521392
4587.293832 14.384135
4587.735745 14.209495
4588.177658 13.977381
4588.619571 14.101837
4589.061484 14.298602
4589.503398 14.443932
4589.945311 14.489805
4590.387224 14.482424
4590.829137 14.314452
4591.271050 14.171782
4591.712963 14.430492
4592.154876 14.416213
4592.596789 14.316279
4593.038702 14.304700
4593.480615 14.328866
4593.922528 14.437612
4594.364441 14.401403
4594.806354 14.441245
4595.248267 14.305177
4595.690180 14.143801
4596.132093 14.094066
4596.574007 13.896475
4597.015920 14.009594
4597.457833 13.959039
4597.899746 14.111086
4598.341659 14.102992
4598.783572 14.075670
4599.225485 13.983043
4599.667398 14.000788
4600.109311 13.961027
4600.551224 14.081822
4600.993137 14.186229
4601.435050 14.469172
4601.876963 14.463450
4602.318876 14.608498
4602.760789 14.511902
4603.202702 14.404265
4603.644615 14.066213
4604.086529 13.871477
4604.528442 13.953202
4604.970355 13.901701
4605.412268 14.092320
4605.854181 14.162601
4606.296094 14.046823
4606.738007 14.234937
4607.179920 14.069719
4607.621833 14.468541
4608.063746 15.037826
4608.505659 14.561436
4608.947572 14.070639
4609.389485 14.167403
4609.831398 14.024376
4610.273311 13.903078
4610.715224 14.085200
4611.157137 14.108513
4611.599051 13.982070
4612.040964 14.025001
4612.482877 13.858386
4612.924790 14.134143
4613.366703 13.995005
4613.808616 14.173542
4614.250529 14.041812
4614.692442 14.165086
4615.134355 14.032806
4615.576268 14.017620
4616.018181 13.897610
4616.460094 13.928708
4616.902007 13.750198
4617.343920 13.499037
4617.785833 13.577801
4618.227746 13.543151
4618.669659 13.530282
4619.111573 13.566201
4619.553486 13.808033
4619.995399 13.934208
4620.437312 13.860959
4620.879225 13.896999
4621.321138 14.090359
4621.763051 14.014772
4622.204964 14.035210
4622.646877 14.076180
4623.088790 13.943591
4623.530703 13.902809
4623.972616 13.950637
4624.414529 14.111892
4624.856442 14.390590
4625.298355 14.427396
4625.740268 14.330377
4626.182182 14.226696
4626.624095 13.940703
4627.066008 14.182716
4627.507921 14.019930
4627.949834 14.213652
4628.391747 14.157610
4628.833660 14.203101
4629.275573 14.426073
4629.717486 14.326764
4630.159399 14.389381
4630.601312 14.203128
4631.043225 14.024685
4631.485138 14.064238
4631.927051 14.118057
4632.368964 14.100030
4632.810877 14.319100
4633.252790 14.568891
4633.694704 14.592741
4634.136617 14.604260
4634.578530 14.827843
4635.020443 14.590249
4635.462356 14.530298
4635.904269 14.652873
4636.346182 14.673412
4636.788095 14.602675
4637.230008 14.415642
4637.671921 14.176826
4638.113834 14.077309
4638.555747 14.098177
4638.997660 14.118145
4639.439573 14.298286
4639.881486 14.616967
4640.323399 14.372764
4640.765312 14.194383
4641.207226 14.227152
4641.649139 13.939884
4642.091052 13.924066
4642.532965 14.442951
4642.974878 14.125835
4643.416791 14.382859
4643.858704 14.491518
4644.300617 14.659482
4644.742530 15.068023
4645.184443 15.388659
4645.626356 15.243355
4646.068269 14.822813
4646.510182 14.638433
4646.952095 14.594931
4647.394008 14.321780
4647.835921 14.189077
4648.277835 14.456962
4648.719748 14.871916
4649.161661 14.860357
4649.603574 14.853701
4650.045487 14.830745
4650.487400 14.532360
4650.929313 14.203054
4651.371226 14.659113
4651.813139 14.337758
4652.255052 14.321787
4652.696965 14.190816
4653.138878 14.093374
4653.580791 14.350829
4654.022704 14.595609
4654.464617 14.532663
4654.906530 14.627808
4655.348443 14.474337
4655.790357 14.521950
4656.232270 14.689263
4656.674183 14.511795
4657.116096 14.615752
4657.558009 14.504930
4657.999922 14.623093
4658.441835 15.021928
4658.883748 14.551710
4659.325661 14.411599
4659.767574 14.300986
4660.209487 14.275457
4660.651400 14.642208
4661.093313 14.896666
4661.535226 14.893960
4661.977139 14.541750
4662.419052 14.070438
4662.860965 14.356625
4663.302879 14.945179
4663.744792 14.987849
4664.186705 15.055309
4664.628618 14.906694
4665.070531 14.927905
4665.512444 14.800951
4665.954357 14.991328
4666.396270 15.070347
4666.838183 15.585591
4667.280096 15.409627
4667.722009 15.220983
4668.163922 15.104970
4668.605835 15.076801
4669.047748 15.358515
4669.489661 15.583831
4669.931574 15.437440
4670.373488 15.364762
4670.815401 15.708233
4671.257314 15.395241
4671.699227 15.245323
4672.141140 15.261557
4672.583053 15.167554
4673.024966 14.887754
4673.466879 14.758724
4673.908792 14.751961
4674.350705 15.167406
4674.792618 14.882844
4675.234531 14.950277
4675.676444 15.017918
4676.118357 14.793180
4676.560270 15.207731
4677.002183 15.029665
4677.444096 15.244638
4677.886010 15.719792
4678.327923 15.906294
4678.769836 15.655496
4679.211749 15.660016
4679.653662 15.628052
4680.095575 15.677244
4680.537488 15.257762
4680.979401 15.031284
4681.421314 15.341140
4681.863227 15.453170
4682.305140 15.599944
4682.747053 15.493388
4683.188966 15.269267
4683.630879 14.866409
4684.072792 14.552678
4684.514705 15.002256
4684.956618 15.091571
4685.398532 15.058962
4685.840445 14.963582
4686.282358 15.085889
4686.724271 15.092457
4687.166184 14.997091
4687.608097 15.066787
4688.050010 15.187313
4688.491923 15.115219
4688.933836 14.897896
4689.375749 14.814679
4689.817662 14.918408
4690.259575 15.001604
4690.701488 14.753056
4691.143401 14.697235
4691.585314 14.522628
4692.027227 14.411041
4692.469140 14.856381
4692.911054 14.782521
4693.352967 14.491148
4693.794880 14.441924
4694.236793 14.424850
4694.678706 14.286868
4695.120619 14.268660
4695.562532 14.057038
4696.004445 14.099171
4696.446358 14.009439
4696.888271 14.080297
4697.330184 14.225836
4697.772097 14.326582
4698.214010 14.270688
4698.655923 14.182105
4699.097836 14.025001
4699.539749 14.056944
4699.981663 13.829311
4700.423576 13.834503
4700.865489 14.052585
4701.307402 13.932798
4701.749315 14.146266
4702.191228 13.780886
4702.633141 13.859696
4703.075054 13.935088
4703.516967 13.888207
4703.958880 13.875782
4704.400793 13.793492
4704.842706 13.663274
4705.284619 13.693317
4705.726532 13.778683
4706.168445 13.640573
4706.610358 13.427480
4707.052271 13.557497
4707.494185 13.691510
4707.936098 13.840346
4708.378011 13.822454
4708.819924 13.628053
4709.261837 13.539282
4709.703750 13.339824
4710.145663 13.346984
4710.587576 13.432061
4711.029489 13.436232
4711.471402 13.533828
4711.913315 13.460290
4712.355228 13.653448
4712.797141 13.672261
4713.239054 13.578130
4713.680967 13.531968
4714.122880 13.295986
4714.564793 13.362438
4715.006707 13.326055
4715.448620 13.389841
4715.890533 13.561554
4716.332446 13.380526
4716.774359 13.441041
4717.216272 13.664154
4717.658185 13.575423
4718.100098 13.366038
4718.542011 12.950808
4718.983924 13.045020
4719.425837 13.486545
4719.867750 13.667109
4720.309663 14.600075
4720.751576 14.846051
4721.193489 15.229808
4721.635402 15.401648
4722.077316 15.316195
4722.519229 14.415367
4722.961142 14.081842
4723.403055 14.351668
4723.844968 14.556244
4724.286881 14.652128
4724.728794 14.599867
4725.170707 16.206344
4725.612620 15.288167
4726.054533 15.055503
4726.496446 14.190299
4726.938359 13.582798
4727.380272 13.141830
4727.822185 13.484012
4728.264098 13.614493
4728.706011 12.856651
4729.147924 11.793285
4729.589838 12.932694
4730.031751 13.640855
4730.473664 14.383470
4730.915577 15.026623
4731.357490 14.864945
4731.799403 14.054238
4732.241316 13.631364
4732.683229 13.155492
4733.125142 13.253746
4733.567055 13.260181
4734.008968 13.366502
4734.450881 13.212266
4734.892794 12.950002
4735.334707 13.123568
4735.776620 13.081329
4736.218533 13.141629
4736.660446 12.983363
4737.102360 12.770136
4737.544273 13.050722
4737.986186 12.804088
4738.428099 12.879769
4738.870012 13.332543
4739.311925 13.178395
4739.753838 12.993713
4740.195751 12.892691
4740.637664 12.995049
4741.079577 13.145484
4741.521490 13.041735
4741.963403 13.016723
4742.405316 12.946322
4742.847229 13.005339
4743.289142 12.959210
4743.731055 13.069380
4744.172969 13.129506
4744.614882 13.006796
4745.056795 12.966014
4745.498708 12.812618
4745.940621 12.644311
4746.382534 12.664587
4746.824447 12.687430
4747.266360 12.621669
4747.708273 12.639394
4748.150186 13.022244
4748.592099 12.966048
4749.034012 13.012297
4749.475925 12.883583
4749.917838 12.815284
4750.359751 12.594602
4750.801664 12.678571
4751.243577 12.842217
4751.685491 12.950788
4752.127404 12.893477
4752.569317 12.754635
4753.011230 12.865174
4753.453143 12.807923
4753.895056 12.356887
4754.336969 12.013476
4754.778882 11.354332
4755.220795 10.856342
4755.662708 11.904408
4756.104621 11.202003
4756.546534 11.805421
4756.988447 12.236623
4757.430360 13.848050
4757.872273 14.958317
4758.314186 14.676058
4758.756099 15.704452
4759.198013 14.733806
4759.639926 13.406975
4760.081839 11.326002
4760.523752 11.684781
4760.965665 11.527193
4761.407578 12.125157
4761.849491 13.434344
4762.291404 15.611893
4762.733317 14.639098
4763.175230 14.394203
4763.617143 14.502479
4764.059056 13.882411
4764.500969 13.320105
4764.942882 12.796538
4765.384795 12.673876
4765.826708 12.620534
4766.268621 12.564123
4766.710535 12.446753
4767.152448 12.191065
4767.594361 12.491565
4768.036274 12.399188
4768.478187 12.326254
4768.920100 12.297178
4769.362013 12.695376
4769.803926 12.933010
4770.245839 13.070703
4770.687752 13.023111
4771.129665 12.713570
4771.571578 12.701165
4772.013491 12.633450
4772.455404 12.693952
4772.897317 12.688303
4773.339230 12.882240
4773.781144 12.651571
4774.223057 12.555942
4774.664970 12.386903
4775.106883 12.687873
4775.548796 12.902443
4775.990709 12.657199
4776.432622 12.564701
4776.874535 12.565594
4777.316448 12.584413
4777.758361 12.627150
4778.200274 12.621911
4778.642187 12.469495
4779.084100 12.903941
4779.526013 13.180960
4779.967926 12.923889
4780.409839 12.497476
4780.851752 12.528512
4781.293666 12.449944
4781.735579 12.790957
4782.177492 12.889951
4782.619405 12.865429
4783.061318 12.808427
4783.503231 12.738636
4783.945144 12.729791
4784.387057 12.708614
4784.828970 12.759813
4785.270883 12.990334
4785.712796 12.596275
4786.154709 12.561678
4786.596622 12.779076
4787.038535 12.188036
4787.480448 12.688343
4787.922361 13.290445
4788.364274 14.625806
4788.806188 14.632462
4789.248101 14.594346
4789.690014 12.893907
4790.131927 13.093223
4790.573840 13.468699
4791.015753 13.278758
4791.457666 13.386920
4791.899579 12.971871
4792.341492 12.900328
4792.783405 12.883416
4793.225318 12.891482
4793.667231 13.081201
4794.109144 13.147674
4794.551057 13.201701
4794.992970 13.132589
4795.434883 13.095910
4795.876797 13.217014
4796.318710 13.181645
4796.760623 13.695325
4797.202536 14.922814
4797.644449 16.228790
4798.086362 14.611641
4798.528275 13.890760
4798.970188 13.399755
4799.412101 12.579551
4799.854014 12.654855
4800.295927 13.032984
4800.737840 13.447797
4801.179753 13.416311
4801.621666 13.377691
4802.063579 13.453876
4802.505492 13.268173
4802.947405 13.182035
4803.389319 13.569963
4803.831232 13.559713
4804.273145 14.029985
4804.715058 14.172635
4805.156971 14.617941
4805.598884 16.098532
4806.040797 16.648480
4806.482710 16.746863
4806.924623 16.361393
4807.366536 14.698310
4807.808449 14.147435
4808.250362 13.705957
4808.692275 13.547798
4809.134188 13.464515
4809.576101 14.131362
4810.018014 14.324292
4810.459927 13.878858
4810.901841 13.815838
4811.343754 13.961840
4811.785667 14.243426
4812.227580 14.476936
4812.669493 14.644921
4813.111406 14.540729
4813.553319 14.654170
4813.995232 14.528250
4814.437145 14.486763
4814.879058 14.719010
4815.320971 14.804900
4815.762884 14.959176
4816.204797 14.988541
4816.646710 14.856180
4817.088623 14.792024
4817.530536 14.635626
4817.972450 15.238022
4818.414363 15.589554
4818.856276 15.976259
4819.298189 16.711809
4819.740102 17.427855
4820.182015 16.738030
4820.623928 15.670554
4821.065841 14.961917
4821.507754 15.043803
4821.949667 15.490399
4822.391580 15.782530
4822.833493 15.834495
4823.275406 15.874619
4823.717319 16.286767
4824.159232 16.164682
4824.601145 16.127977
4825.043058 15.754113
4825.484972 16.085542
4825.926885 16.537337
4826.368798 17.155880
4826.810711 17.969428
4827.252624 19.117602
4827.694537 18.448276
4828.136450 18.513143
4828.578363 18.578756
4829.020276 16.759798
4829.462189 16.962950
4829.904102 16.449533
4830.346015 17.246538
4830.787928 17.581561
4831.229841 17.244651
4831.671754 17.281920
4832.113667 17.312191
4832.555580 17.534774
4832.997494 17.805896
4833.439407 18.040508
4833.881320 18.041724
4834.323233 18.324808
4834.765146 18.370063
4835.207059 18.575324
4835.648972 18.622608
4836.090885 18.531520
4836.532798 18.770947
4836.974711 18.980883
4837.416624 19.176485
4837.858537 19.272900
4838.300450 19.416658
4838.742363 19.501702
4839.184276 19.170414
4839.626189 18.945037
4840.068102 19.038651
4840.510016 19.205447
4840.951929 19.865229
4841.393842 20.199244
4841.835755 20.823200
4842.277668 20.315351
4842.719581 20.547175
4843.161494 20.048896
4843.603407 20.786717
4844.045320 20.652146
4844.487233 20.135108
4844.929146 20.591651
4845.371059 20.909493
4845.812972 20.888974
4846.254885 21.842372
4846.696798 22.467773
4847.138711 24.003881
4847.580625 25.256966
4848.022538 25.569462
4848.464451 25.819629
4848.906364 25.775475
4849.348277 25.298548
4849.790190 23.887875
4850.232103 24.333027
4850.674016 25.129159
4851.115929 24.972028
4851.557842 24.401857
4851.999755 24.451901
4852.441668 24.432900
4852.883581 25.090345
4853.325494 24.695110
4853.767407 24.978772
4854.209320 25.120112
4854.651233 25.469488
4855.093147 26.037409
4855.535060 26.222239
4855.976973 26.300714
4856.418886 26.522692
4856.860799 26.570600
4857.302712 26.682308
4857.744625 26.582408
4858.186538 26.061461
4858.628451 25.973764
4859.070364 25.902772
4859.512277 25.813671
4859.954190 26.070233
4860.396103 26.805044
4860.838016 27.905082
4861.279929 27.623085
4861.721842 27.416723
4862.163755 27.252063
4862.605669 26.438602
4863.047582 25.778874
4863.489495 25.566937
4863.931408 25.870519
4864.373321 26.018805
4864.815234 26.373963
4865.257147 26.726616
4865.699060 27.103771
4866.140973 27.104892
4866.582886 26.785371
4867.024799 26.616708
4867.466712 26.194043
4867.908625 26.098999
4868.350538 25.974725
4868.792451 25.993941
4869.234364 25.841652
4869.676278 25.957443
4870.118191 26.285649
4870.560104 26.704311
4871.002017 26.726918
4871.443930 25.721233
4871.885843 25.073198
4872.327756 24.731110
4872.769669 24.485174
4873.211582 24.312220
4873.653495 24.559478
4874.095408 24.969046
4874.537321 25.215620
4874.979234 25.113833
4875.421147 24.543816
4875.863060 25.256127
4876.304973 25.684400
4876.746886 25.635176
4877.188800 24.778515
4877.630713 24.657746
4878.072626 24.688172
4878.514539 24.211399
4878.956452 23.845676
4879.398365 23.233822
4879.840278 23.029851
4880.282191 22.961478
4880.724104 22.934854
4881.166017 22.654234
4881.607930 22.480648
4882.049843 22.598266
4882.491756 22.585391
4882.933669 22.283843
4883.375582 22.359108
4883.817495 22.076218
4884.259408 22.162021
4884.701322 22.422027
4885.143235 21.836092
4885.585148 21.501419
4886.027061 21.392230
4886.468974 21.086290
4886.910887 20.931059
4887.352800 20.825894
4887.794713 20.777710
4888.236626 20.416695
4888.678539 20.346428
4889.120452 20.050918
4889.562365 19.479766
4890.004278 19.072582
4890.446191 18.922826
4890.888104 18.944674
4891.330017 18.881560
4891.771931 18.956677
4892.213844 18.814234
4892.655757 18.540788
4893.097670 17.995877
4893.539583 17.851508
4893.981496 17.688506
4894.423409 17.536420
4894.865322 17.595847
4895.307235 17.539482
4895.749148 17.856901
4896.191061 17.785290
4896.632974 17.610166
4897.074887 17.351516
4897.516800 17.002765
4897.958713 16.710103
4898.400626 16.948322
4898.842539 16.770867
4899.284453 16.578938
4899.726366 16.519081
4900.168279 16.813859
4900.610192 16.553577
4901.052105 16.104798
4901.494018 16.048750
4901.935931 16.020138
4902.377844 15.957635
4902.819757 15.934946
4903.261670 15.913011
4903.703583 15.843207
4904.145496 15.962860
4904.587409 15.999820
4905.029322 16.369889
4905.471235 15.794123
4905.913148 15.383608
4906.355061 15.402454
4906.796975 15.301768
4907.238888 14.979789
4907.680801 15.151884
4908.122714 15.268287
4908.564627 15.220580
4909.006540 15.266789
4909.448453 15.385428
4909.890366 15.224301
4910.332279 15.194937
4910.774192 15.005217
4911.216105 14.882602
4911.658018 14.742323
4912.099931 14.940491
4912.541844 14.967646
4912.983757 14.899555
4913.425670 14.835775
4913.867583 14.579006
4914.309497 14.389730
4914.751410 14.477883
4915.193323 14.577931
4915.635236 14.458453
4916.077149 14.730663
4916.519062 14.736305
4916.960975 14.674735
4917.402888 14.589464
4917.844801 14.423064
4918.286714 14.424212
4918.728627 14.630608
4919.170540 14.593930
4919.612453 14.455719
4920.054366 14.067039
4920.496279 13.716092
4920.938192 13.802519
4921.380106 13.824616
4921.822019 14.026761
4922.263932 14.205633
4922.705845 14.069182
4923.147758 14.036607
4923.589671 14.248242
4924.031584 14.444899
4924.473497 14.211442
4924.915410 14.257544
4925.357323 14.146662
4925.799236 14.072117
4926.241149 14.213565
4926.683062 14.122329
4927.124975 14.156126
4927.566888 14.018103
4928.008801 13.872773
4928.450714 13.621155
4928.892628 13.635300
4929.334541 13.945418
4929.776454 13.871752
4930.218367 13.837948
4930.660280 13.677688
4931.102193 13.493637
4931.544106 13.708247
4931.986019 14.052250
4932.427932 13.851784
4932.869845 14.293000
4933.311758 14.380220
4933.753671 14.230302
4934.195584 14.142042
4934.637497 14.066932
4935.079410 13.729512
4935.521323 13.577290
4935.963236 13.316934
4936.405150 13.164774
4936.847063 13.194165
4937.288976 13.323597
4937.730889 13.436856
4938.172802 13.609180
4938.614715 13.648981
4939.056628 13.561164
4939.498541 13.581125
4939.940454 13.412812
4940.382367 13.243208
4940.824280 13.168542
4941.266193 12.976290
4941.708106 13.110216
4942.150019 13.177582
4942.591932 13.209472
4943.033845 13.127390
4943.475759 13.113682
4943.917672 13.000637
4944.359585 12.860506
4944.801498 12.796418
4945.243411 12.598840
4945.685324 12.573654
4946.127237 12.727279
4946.569150 13.095957
4947.011063 13.061770
4947.452976 12.738750
4947.894889 12.663681
4948.336802 12.686376
4948.778715 12.623792
4949.220628 12.648764
4949.662541 12.599989
4950.104454 12.855018
4950.546367 12.777088
4950.988281 12.598545
4951.430194 12.530286
4951.872107 12.569866
4952.314020 12.499323
4952.755933 12.671720
4953.197846 12.925803
4953.639759 12.810986
4954.081672 12.710716
4954.523585 12.641852
4954.965498 12.537183
4955.407411 12.742424
4955.849324 12.721335
4956.291237 13.029988
4956.733150 13.001685
4957.175063 12.967391
4957.616976 13.171087
4958.058889 13.152778
4958.500803 13.306269
4958.942716 13.574254
4959.384629 14.015531
4959.826542 14.022469
4960.268455 14.242808
4960.710368 14.122436
4961.152281 14.101233
4961.594194 14.096820
4962.036107 14.122282
4962.478020 13.982009
4962.919933 13.987631
4963.361846 13.837760
4963.803759 13.650412
4964.245672 13.332973
4964.687585 13.057633
4965.129498 12.736198
4965.571412 12.354705
4966.013325 11.957461
4966.455238 11.973285
4966.897151 11.849152
4967.339064 11.839709
4967.780977 12.177263
4968.222890 12.376358
4968.664803 12.231330
4969.106716 12.352770
4969.548629 12.357808
4969.990542 12.166853
4970.432455 12.448533
4970.874368 12.269178
4971.316281 12.407241
4971.758194 12.575313
4972.200107 12.778216
4972.642020 12.870117
4973.083934 12.788479
4973.525847 12.514804
4973.967760 12.481726
4974.409673 12.384761
4974.851586 12.335126
4975.293499 11.871759
4975.735412 11.986893
4976.177325 11.960510
4976.619238 12.010595
4977.061151 12.005376
4977.503064 12.048449
4977.944977 12.047488
4978.386890 11.704540
4978.828803 11.869825
4979.270716 11.801445
4979.712629 11.850448
4980.154542 11.973440
4980.596456 12.182636
4981.038369 12.081594
4981.480282 12.042478
4981.922195 12.120335
4982.364108 12.033075
4982.806021 11.954143
4983.247934 11.787898
4983.689847 11.931583
4984.131760 12.186706
4984.573673 12.276559
4985.015586 12.232425
4985.457499 12.255698
4985.899412 12.476729
4986.341325 12.234622
4986.783238 12.340963
4987.225151 12.303902
4987.667064 12.403862
4988.108978 12.413480
4988.550891 12.188493
4988.992804 12.247369
4989.434717 12.170459
4989.876630 11.931683
4990.318543 11.724831
4990.760456 11.815697
4991.202369 11.870873
4991.644282 11.923174
4992.086195 12.169727
4992.528108 12.414125
4992.970021 12.348653
4993.411934 12.325656
4993.853847 12.485594
4994.295760 12.350500
4994.737673 12.309523
4995.179587 12.283678
4995.621500 12.376452
4996.063413 12.349190
4996.505326 12.376788
4996.947239 12.247866
4997.389152 12.280360
4997.831065 12.172783
4998.272978 12.637352
4998.714891 12.648374
4999.156804 12.485339
4999.598717 12.543127
5000.040630 12.632040
5000.482543 12.915178
5000.924456 13.192862
5001.366369 13.511006
5001.808282 13.736618
5002.250195 13.931884
5002.692109 13.920493
5003.134022 14.053042
5003.575935 14.358109
5004.017848 14.528116
5004.459761 15.069494
5004.901674 15.249790
5005.343587 15.693934
5005.785500 16.124041
5006.227413 16.795899
5006.669326 17.050654
5007.111239 17.376414
5007.553152 18.205141
5007.995065 18.620123
5008.436978 19.314139
5008.878891 19.601380
5009.320804 19.344725
5009.762717 19.677142
5010.204631 19.200060
5010.646544 18.598462
5011.088457 17.856632
5011.530370 17.305394
5011.972283 16.677972
5012.414196 15.747498
5012.856109 15.481977
5013.298022 14.127897
5013.739935 13.455837
5014.181848 12.624322
5014.623761 12.438230
5015.065674 13.013130
5015.507587 12.910913
5015.949500 12.576555
5016.391413 10.642941
5016.833326 11.834107
5017.275240 12.606557
5017.717153 12.773763
5018.159066 13.472890
5018.600979 14.323452
5019.042892 15.392715
5019.484805 15.135771
5019.926718 15.747780
5020.368631 16.267752
5020.810544 16.069537
5021.252457 15.221527
5021.694370 14.840148
5022.136283 13.748250
5022.578196 12.547674
5023.020109 11.937057
5023.462022 11.924060
5023.903935 12.048711
5024.345848 12.590015
5024.787762 13.668110
5025.229675 13.263183
5025.671588 13.040553
5026.113501 14.015504
5026.555414 14.458003
5026.997327 14.691721
5027.439240 13.775707
5027.881153 13.350960
5028.323066 11.942598
5028.764979 12.436094
5029.206892 12.775536
5029.648805 12.356686
5030.090718 11.589542
5030.532631 11.318110
5030.974544 11.313523
5031.416457 11.530954
5031.858370 11.263815
5032.300284 12.259573
5032.742197 13.046067
5033.184110 13.609724
5033.626023 13.374219
5034.067936 13.052744
5034.509849 12.333951
5034.951762 11.983031
5035.393675 11.265440
5035.835588 10.871743
5036.277501 10.572553
5036.719414 10.898837
5037.161327 11.604546
5037.603240 12.165348
5038.045153 12.500659
5038.487066 12.746031
5038.928979 12.804464
5039.370893 12.758456
5039.812806 12.723900
5040.254719 12.051982
5040.696632 11.608825
5041.138545 10.740947
5041.580458 11.106744
5042.022371 11.384026
5042.464284 11.297350
5042.906197 11.252437
5043.348110 10.977258
5043.790023 11.085238
5044.231936 11.164774
5044.673849 11.229205
5045.115762 11.484349
5045.557675 11.566135
5045.999588 11.829365
5046.441501 11.790115
5046.883415 11.640943
5047.325328 11.634293
5047.767241 11.692048
5048.209154 11.742569
5048.651067 11.973110
5049.092980 12.369796
5049.534893 11.683290
5049.976806 11.439597
5050.418719 11.196744
5050.860632 14.706806
5051.302545 14.816009
5051.744458 14.835607
5052.186371 13.907329
5052.628284 14.891824
5053.070197 15.274184
5053.512110 15.000892
5053.954023 11.717174
5054.395937 10.412843
5054.837850 11.708322
5055.279763 10.667322
5055.721676 11.457920
5056.163589 11.429650
5056.605502 12.204767
5057.047415 11.472944
5057.489328 11.017960
5057.931241 11.482374
5058.373154 11.221891
5058.815067 11.285784
5059.256980 11.086407
5059.698893 11.104729
5060.140806 10.994419
5060.582719 11.171329
5061.024632 11.128828
5061.466545 11.207518
5061.908459 11.001122
5062.350372 11.082518
5062.792285 10.892114
5063.234198 10.779426
5063.676111 11.015723
5064.118024 11.272036
5064.559937 11.136693
5065.001850 11.387961
5065.443763 11.664913
5065.885676 11.698173
5066.327589 11.619181
5066.769502 11.362634
5067.211415 11.117833
5067.653328 10.746837
5068.095241 10.824889
5068.537154 10.737199
5068.979068 10.632410
5069.420981 10.523812
5069.862894 10.915151
5070.304807 11.131642
5070.746720 10.680768
5071.188633 10.413817
5071.630546 10.555815
5072.072459 10.655931
5072.514372 10.441515
5072.956285 10.667107
5073.398198 10.679055
5073.840111 10.763125
5074.282024 10.858780
5074.723937 10.889454
5075.165850 10.676389
5075.607763 10.557985
5076.049676 11.201372
5076.491590 10.608163
5076.933503 10.391102
5077.375416 10.279790
5077.817329 10.239431
5078.259242 11.197450
5078.701155 11.335486
5079.143068 11.312234
5079.584981 11.250637
5080.026894 10.666516
5080.468807 10.238531
5080.910720 10.184027
5081.352633 10.171152
5081.794546 10.114069
5082.236459 10.299033
5082.678372 10.786612
5083.120285 10.918456
5083.562198 10.995822
5084.004112 11.014722
5084.446025 10.525450
5084.887938 10.837462
5085.329851 10.464082
5085.771764 12.062150
5086.213677 12.181253
5086.655590 15.467812
5087.097503 12.807715
5087.539416 11.420818
5087.981329 11.187341
5088.423242 10.900167
5088.865155 8.906568
5089.307068 9.711043
5089.748981 10.556648
5090.190894 11.544401
5090.632807 11.627295
5091.074721 11.007590
5091.516634 10.777706
5091.958547 10.802752
5092.400460 10.704356
5092.842373 10.734667
5093.284286 10.556312
5093.726199 10.652048
5094.168112 11.050340
5094.610025 10.855422
5095.051938 10.473620
5095.493851 10.033156
5095.935764 10.364773
5096.377677 12.136360
5096.819590 13.323349
5097.261503 13.272861
5097.703416 13.485933
5098.145329 10.293478
5098.587243 11.001585
5099.029156 11.216383
5099.471069 10.796049
5099.912982 11.000000
5100.354895 10.971529
5100.796808 10.943112
5101.238721 10.759068
5101.680634 10.617042
5102.122547 10.634492
5102.564460 10.548139
5103.006373 10.359340
5103.448286 10.481411
5103.890199 10.829691
5104.332112 11.023588
5104.774025 10.962925
5105.215938 10.974666
5105.657851 10.337693
5106.099765 11.282043
5106.541678 10.142150
5106.983591 8.503703
5107.425504 7.982353
5107.867417 7.521002
5108.309330 6.323200
5108.751243 6.382378
5109.193156 9.390984
5109.635069 10.578470
5110.076982 10.200953
5110.518895 10.273504
5110.960808 11.044698
5111.402721 11.255554
5111.844634 11.287873
5112.286547 11.338260
5112.728460 10.961804
5113.170374 10.444229
5113.612287 10.439406
5114.054200 10.632900
5114.496113 10.820376
5114.938026 10.894243
5115.379939 10.939196
5115.821852 11.080335
5116.263765 10.641873
5116.705678 10.365089
5117.147591 10.277836
5117.589504 11.094849
5118.031417 10.973027
5118.473330 10.770761
5118.915243 11.202742
5119.357156 11.915685
5119.799069 10.937013
5120.240982 12.075227
5120.682896 12.209791
5121.124809 11.162779
5121.566722 10.473311
5122.008635 10.563889
5122.450548 10.445055
5122.892461 10.917314
5123.334374 10.922788
5123.776287 10.775046
5124.218200 10.826132
5124.660113 11.038136
5125.102026 10.564701
5125.543939 10.485541
5125.985852 10.776967
5126.427765 10.871434
5126.869678 10.675025
5127.311591 10.551315
5127.753504 10.713470
5128.195418 10.165913
5128.637331 10.271260
5129.079244 10.015519
5129.521157 11.252706
5129.963070 11.570870
5130.404983 12.033068
5130.846896 11.214127
5131.288809 10.796183
5131.730722 10.650611
5132.172635 11.010706
5132.614548 10.731826
5133.056461 10.978360
5133.498374 11.200559
5133.940287 11.061798
5134.382200 11.084533
5134.824113 11.259449
5135.266026 11.192809
5135.707940 11.195831
5136.149853 11.034731
5136.591766 10.957418
5137.033679 10.756052
5137.475592 11.027517
5137.917505 10.942051
5138.359418 11.058500
5138.801331 10.994016
5139.243244 11.272224
5139.685157 11.291352
5140.127070 10.832398
5140.568983 10.492929
5141.010896 10.757617
5141.452809 10.859633
5141.894722 10.780023
5142.336635 10.770184
5142.778549 10.652210
5143.220462 10.769237
5143.662375 10.935999
5144.104288 11.099759
5144.546201 11.153746
5144.988114 11.485853
5145.430027 11.962082
5145.871940 11.704399
5146.313853 11.604801
5146.755766 11.525017
5147.197679 11.961740
5147.639592 13.018920
5148.081505 13.581065
5148.523418 12.344724
5148.965331 12.122672
5149.407244 11.512242
5149.849157 10.868358
5150.291071 10.297877
5150.732984 10.662828
5151.174897 11.071664
5151.616810 11.161423
5152.058723 11.299083
5152.500636 11.525574
5152.942549 11.493671
5153.384462 11.504774
5153.826375 11.321106
5154.268288 12.299731
5154.710201 12.943904
5155.152114 13.470318
5155.594027 13.551197
5156.035940 15.044683
5156.477853 14.169418
5156.919766 12.876726
5157.361679 10.975243
5157.803593 11.312267
5158.245506 11.255500
5158.687419 11.351081
5159.129332 11.348422
5159.571245 11.196556
5160.013158 11.391548
5160.455071 11.538893
5160.896984 11.309997
5161.338897 11.536972
5161.780810 11.439745
5162.222723 11.377766
5162.664636 11.534024
5163.106549 11.687098
5163.548462 11.668896
5163.990375 11.748332
5164.432288 11.771349
5164.874202 11.779106
5165.316115 11.946325
5165.758028 11.795817
5166.199941 11.904113
5166.641854 11.658815
5167.083767 11.715582
5167.525680 11.573080
5167.967593 11.993421
5168.409506 11.987638
5168.851419 12.428827
5169.293332 12.750504
5169.735245 12.504683
5170.177158 12.236845
5170.619071 12.188036
5171.060984 12.052519
5171.502897 11.718987
5171.944810 11.648754
5172.386724 11.520161
5172.828637 11.540485
5173.270550 11.605735
5173.712463 11.753617
5174.154376 11.832623
5174.596289 12.006169
5175.038202 12.478112
5175.480115 12.453544
5175.922028 11.933450
5176.363941 12.139846
5176.805854 12.746924
5177.247767 13.086050
5177.689680 13.607608
5178.131593 12.693979
5178.573506 12.735318
5179.015419 12.441555
5179.457332 11.873600
5179.899246 11.666593
5180.341159 11.498380
5180.783072 11.589582
5181.224985 11.532586
5181.666898 11.606078
5182.108811 11.356025
5182.550724 11.227902
5182.992637 11.328615
5183.434550 11.134812
5183.876463 11.594989
5184.318376 12.744399
5184.760289 12.945113
5185.202202 13.416418
5185.644115 12.605490
5186.086028 12.374988
5186.527941 12.197171
5186.969855 11.843235
5187.411768 11.371808
5187.853681 11.520174
5188.295594 11.317472
5188.737507 11.573449
5189.179420 11.593108
5189.621333 11.802204
5190.063246 11.679999
5190.505159 11.332027
5190.947072 11.527267
5191.388985 11.463642
5191.830898 11.497197
5192.272811 11.633407
5192.714724 11.522780
5193.156637 11.271236
5193.598550 11.436488
5194.040463 11.452943
5194.482377 11.492993
5194.924290 11.251363
5195.366203 11.124254
5195.808116 11.188765
5196.250029 11.335916
5196.691942 11.284367
5197.133855 11.368705
5197.575768 11.359752
5198.017681 11.354997
5198.459594 11.424902
5198.901507 11.321133
5199.343420 11.626522
5199.785333 11.168871
5200.227246 11.146412
5200.669159 11.250476
5201.111072 11.470083
5201.552985 11.363158
5201.994899 11.327500
5202.436812 11.417480
5202.878725 11.420093
5203.320638 11.416143
5203.762551 11.116228
5204.204464 11.099208
5204.646377 11.407882
5205.088290 11.745786
5205.530203 11.562192
5205.972116 11.603733
5206.414029 11.225195
5206.855942 11.263996
5207.297855 11.246325
5207.739768 11.578816
5208.181681 11.762947
5208.623594 11.608328
5209.065507 11.185810
5209.507421 11.012573
5209.949334 11.854162
5210.391247 11.989713
5210.833160 12.275256
5211.275073 11.857003
5211.716986 10.925985
5212.158899 11.244418
5212.600812 11.259254
5213.042725 11.644744
5213.484638 11.566894
5213.926551 11.444164
5214.368464 11.080993
5214.810377 10.899845
5215.252290 10.865732
5215.694203 11.261289
5216.136116 11.630613
5216.578030 11.475208
5217.019943 11.182244
5217.461856 11.957139
5217.903769 12.321572
5218.345682 12.998408
5218.787595 12.634693
5219.229508 12.009205
5219.671421 11.224833
5220.113334 11.156023
5220.555247 10.594610
5220.997160 10.774738
5221.439073 10.731188
5221.880986 10.902753
5222.322899 10.623813
5222.764812 11.259147
5223.206725 11.587460
5223.648638 11.391830
5224.090552 11.369142
5224.532465 11.540277
5224.974378 11.702264
5225.416291 11.450841
5225.858204 11.599280
5226.300117 12.329733
5226.742030 12.805747
5227.183943 12.381510
5227.625856 12.939404
5228.067769 12.937080
5228.509682 12.279648
5228.951595 10.592930
5229.393508 10.502735
5229.835421 10.742492
5230.277334 10.960192
5230.719247 11.120003
5231.161160 11.398721
5231.603074 11.844336
5232.044987 11.656988
5232.486900 11.387894
5232.928813 11.712634
5233.370726 11.868233
5233.812639 12.482962
5234.254552 12.091353
5234.696465 11.474603
5235.138378 11.263331
5235.580291 10.937524
5236.022204 11.393476
5236.464117 10.894874
5236.906030 10.879541
5237.347943 11.639425
5237.789856 12.518391
5238.231769 12.369749
5238.673683 11.902447
5239.115596 10.794605
5239.557509 9.714045
5239.999422 9.736330
5240.441335 9.887920
5240.883248 10.213479
5241.325161 10.775120
5241.767074 10.810274
5242.208987 10.927288
5242.650900 10.754004
5243.092813 10.834944
5243.534726 10.467958
5243.976639 10.872972
5244.418552 11.275347
5244.860465 11.279068
5245.302378 11.140676
5245.744291 11.209559
5246.186205 11.376201
5246.628118 11.371741
5247.070031 11.927976
5247.511944 11.674451
5247.953857 12.392102
5248.395770 11.976596
5248.837683 11.236674
5249.279596 10.846919
5249.721509 10.405448
5250.163422 10.744789
5250.605335 10.731719
5251.047248 10.969991
5251.489161 11.481253
5251.931074 11.771584
5252.372987 12.024558
5252.814900 11.554583
5253.256813 11.229057
5253.698727 11.390386
5254.140640 11.520718
5254.582553 11.146499
5255.024466 11.461103
5255.466379 11.384677
5255.908292 11.150173
5256.350205 10.854630
5256.792118 10.577865
5257.234031 10.884927
5257.675944 11.146640
5258.117857 11.267186
5258.559770 11.309829
5259.001683 11.383811
5259.443596 11.503504
5259.885509 11.296732
5260.327422 11.321663
5260.769336 11.268113
5261.211249 11.367698
5261.653162 10.993357
5262.095075 11.232227
5262.536988 11.140246
5262.978901 11.368880
5263.420814 11.107470
5263.862727 11.077716
5264.304640 10.832459
5264.746553 10.880192
5265.188466 10.755394
5265.630379 10.584508
5266.072292 10.911800
5266.514205 11.011478
5266.956118 11.210318
5267.398031 11.332658
5267.839944 11.095185
5268.281858 11.320112
5268.723771 11.267583
5269.165684 11.317029
5269.607597 10.971381
5270.049510 10.923574
5270.491423 10.973974
5270.933336 10.685335
5271.375249 10.945308
5271.817162 11.036430
5272.259075 11.514566
5272.700988 11.544985
5273.142901 11.834342
5273.584814 12.335932
5274.026727 12.675226
5274.468640 12.545921
5274.910553 12.566091
5275.352466 14.337711
5275.794380 12.794275
5276.236293 13.753758
5276.678206 13.209633
5277.120119 12.198789
5277.562032 12.325656
5278.003945 12.121651
5278.445858 10.478637
5278.887771 10.341340
5279.329684 10.869789
5279.771597 11.216397
5280.213510 10.866618
5280.655423 11.497144
5281.097336 12.297131
5281.539249 12.421856
5281.981162 11.588917
5282.423075 10.895062
5282.864988 10.876834
5283.306902 11.602659
5283.748815 11.656162
5284.190728 11.373360
5284.632641 11.317580
5285.074554 11.182868
5285.516467 10.832405
5285.958380 10.765200
5286.400293 10.929538
5286.842206 11.107510
5287.284119 11.308627
5287.726032 11.355199
5288.167945 11.654154
5288.609858 11.373830
5289.051771 12.047965
5289.493684 11.803782
5289.935597 11.435957
5290.377511 11.225679
5290.819424 11.629014
5291.261337 11.864472
5291.703250 11.663335
5292.145163 11.673363
5292.587076 11.582939
5293.028989 11.672953
5293.470902 11.644415
5293.912815 11.466167
5294.354728 11.137553
5294.796641 11.422437
5295.238554 11.246063
5295.680467 11.290190
5296.122380 11.296584
5296.564293 11.420254
5297.006206 11.258912
5297.448119 11.392065
5297.890033 11.343358
5298.331946 11.149515
5298.773859 11.482818
5299.215772 11.559586
5299.657685 11.519556
5300.099598 11.485699
5300.541511 11.166715
5300.983424 11.258448
5301.425337 11.101929
5301.867250 11.056552
5302.309163 11.175420
5302.751076 11.097106
5303.192989 11.060421
5303.634902 11.003432
5304.076815 11.175930
5304.518728 11.218593
5304.960641 11.241496
5305.402555 11.565242
5305.844468 11.617354
5306.286381 11.911326
5306.728294 12.488563
5307.170207 11.761885
5307.612120 13.031694
5308.054033 12.073111
5308.495946 12.179876
5308.937859 12.334663
5309.379772 12.233916
5309.821685 11.629867
5310.263598 11.439322
5310.705511 10.988542
5311.147424 10.513844
5311.589337 11.028055
5312.031250 10.923231
5312.473164 10.950406
5312.915077 11.083096
5313.356990 11.199391
5313.798903 11.240341
5314.240816 11.394046
5314.682729 11.434688
5315.124642 11.051891
5315.566555 11.168912
5316.008468 11.004433
5316.450381 10.988360
5316.892294 11.228721
5317.334207 11.709255
5317.776120 11.323396
5318.218033 11.639915
5318.659946 11.985885
5319.101859 10.946504
5319.543772 10.895237
5319.985686 11.814838
5320.427599 12.886203
5320.869512 10.553001
5321.311425 8.393849
5321.753338 10.311257
5322.195251 10.016278
5322.637164 9.375832
5323.079077 9.890210
5323.520990 10.892208
5323.962903 11.164909
5324.404816 10.761795
5324.846729 10.996198
5325.288642 10.991786
5325.730555 10.854643
5326.172468 10.930559
5326.614381 11.016422
5327.056294 11.215739
5327.498208 11.095004
5327.940121 11.262082
5328.382034 11.571965
5328.823947 11.456059
5329.265860 11.050776
5329.707773 10.592816
5330.149686 10.581694
5330.591599 10.211256
5331.033512 10.147557
5331.475425 10.872818
5331.917338 10.780467
5332.359251 12.082662
5332.801164 13.008449
5333.243077 12.067765
5333.684990 12.263684
5334.126903 11.720445
5334.568817 11.045813
5335.010730 10.725459
5335.452643 10.383499
5335.894556 10.514288
5336.336469 10.360233
5336.778382 10.464338
5337.220295 11.078448
5337.662208 10.560013
5338.104121 10.387985
5338.546034 10.578121
5338.987947 10.562317
5339.429860 10.984008
5339.871773 11.249959
5340.313686 10.990987
5340.755599 10.649926
5341.197512 10.421561
5341.639425 11.207605
5342.081339 11.656028
5342.523252 10.871817
5342.965165 11.412644
5343.407078 12.427195
5343.848991 14.568031
5344.290904 15.707246
5344.732817 12.645352
5345.174730 11.889451
5345.616643 10.894391
5346.058556 10.214896
5346.500469 10.779009
5346.942382 11.045410
5347.384295 11.121870
5347.826208 11.177227
5348.268121 11.202467
5348.710034 10.797788
5349.151947 10.570719
5349.593861 10.501553
5350.035774 10.500781
5350.477687 10.729133
5350.919600 10.849579
5351.361513 10.700158
5351.803426 10.625660
5352.245339 10.482660
5352.687252 10.067558
5353.129165 10.285996
5353.571078 10.272818
5354.012991 10.659302
5354.454904 10.723800
5354.896817 10.692193
5355.338730 10.253139
5355.780643 9.871243
5356.222556 10.461584
5356.664469 10.733237
5357.106383 11.662234
5357.548296 12.142526
5357.990209 11.938212
5358.432122 12.541986
5358.874035 12.844272
5359.315948 11.845975
5359.757861 11.306209
5360.199774 9.664827
5360.641687 11.467981
5361.083600 11.723810
5361.525513 11.414095
5361.967426 13.878945
5362.409339 12.482377
5362.851252 11.749272
5363.293165 11.222334
5363.735078 9.864728
5364.176992 8.369589
5364.618905 10.177909
5365.060818 10.213660
5365.502731 11.321140
5365.944644 11.709504
5366.386557 11.341772
5366.828470 9.343264
5367.270383 9.006348
5367.712296 7.813140
5368.154209 7.313531
5368.596122 10.054830
5369.038035 10.689681
5369.479948 11.338018
5369.921861 11.339845
5370.363774 11.818364
5370.805687 11.161953
5371.247600 10.613503
5371.689514 10.661445
5372.131427 10.382787
5372.573340 10.483956
5373.015253 10.709165
5373.457166 10.308872
5373.899079 9.361224
5374.340992 9.176777
5374.782905 10.291537
5375.224818 11.138372
5375.666731 11.605251
5376.108644 10.616310
5376.550557 10.964799
5376.992470 10.734385
5377.434383 10.277910
5377.876296 10.411076
5378.318209 10.415180
5378.760122 10.192725
5379.202036 10.172220
5379.643949 10.051888
5380.085862 10.053305
5380.527775 10.386091
5380.969688 9.941255
5381.411601 10.025600
5381.853514 9.883393
5382.295427 10.255692
5382.737340 10.770029
5383.179253 10.663339
5383.621166 10.143803
5384.063079 9.984730
5384.504992 9.764324
5384.946905 10.058322
5385.388818 10.159472
5385.830731 10.038690
5386.272645 10.128711
5386.714558 10.547118
5387.156471 9.684600
5387.598384 10.024257
5388.040297 9.886127
5388.482210 9.853062
5388.924123 10.535639
5389.366036 11.079811
5389.807949 11.154679
5390.249862 10.929001
5390.691775 10.738388
5391.133688 10.310256
5391.575601 10.496026
5392.017514 10.185115
5392.459427 10.404225
5392.901340 11.629921
5393.343253 11.099773
5393.785167 12.766341
5394.227080 13.020424
5394.668993 11.099867
5395.110906 15.585605
5395.552819 16.250901
5395.994732 12.873898
5396.436645 11.160032
5396.878558 8.529051
5397.320471 8.003900
5397.762384 7.472946
5398.204297 8.226744
5398.646210 8.261099
5399.088123 10.083677
5399.530036 10.407940
5399.971949 10.574198
5400.413862 11.773585
5400.855775 11.266938
5401.297689 10.657415
5401.739602 10.973376
5402.181515 10.407973
5402.623428 9.493423
5403.065341 9.257918
5403.507254 8.445183
5403.949167 9.568748
5404.391080 10.282537
5404.832993 9.839521
5405.274906 9.096684
5405.716819 9.850778
5406.158732 10.712040
5406.600645 10.575454
5407.042558 10.420996
5407.484471 10.069613
5407.926384 9.840132
5408.368298 10.529997
5408.810211 10.071406
5409.252124 10.178641
5409.694037 9.966952
5410.135950 10.791992
5410.577863 10.453840
5411.019776 10.824170
5411.461689 10.585112
5411.903602 10.223789
5412.345515 9.970283
5412.787428 10.069841
5413.229341 10.194451
5413.671254 9.971230
5414.113167 10.406751
5414.555080 10.810556
5414.996993 10.429667
5415.438906 10.441334
5415.880820 10.219920
5416.322733 10.440407
5416.764646 10.374781
5417.206559 10.609654
5417.648472 10.590687
5418.090385 10.803397
5418.532298 11.001538
5418.974211 10.957908
5419.416124 10.203169
5419.858037 9.799726
5420.299950 9.182056
5420.741863 9.844700
5421.183776 9.839656
5421.625689 9.925042
5422.067602 9.717531
5422.509515 9.408078
5422.951428 10.283766
5423.393342 10.391847
5423.835255 9.976852
5424.277168 10.300766
5424.719081 10.384325
5425.160994 9.664538
5425.602907 10.599842
5426.044820 10.298240
5426.486733 10.719280
5426.928646 11.750132
5427.370559 11.333625
5427.812472 11.193783
5428.254385 10.531804
5428.696298 10.441636
5429.138211 10.502400
5429.580124 10.316092
5430.022037 10.259003
5430.463950 9.504828
5430.905864 9.160409
5431.347777 8.497188
5431.789690 7.241497
5432.231603 7.584210
5432.673516 8.475615
5433.115429 9.805657
5433.557342 10.607700
5433.999255 12.947376
5434.441168 11.945345
5434.883081 9.334781
5435.324994 9.270377
5435.766907 8.999826
5436.208820 8.679526
5436.650733 9.152464
5437.092646 9.809640
5437.534559 10.480504
5437.976473 11.134349
5438.418386 11.521343
5438.860299 12.111247
5439.302212 11.713406
5439.744125 10.999254
5440.186038 10.710434
5440.627951 10.926435
5441.069864 11.000094
5441.511777 11.357482
5441.953690 10.670747
5442.395603 9.890318
5442.837516 8.833708
5443.279429 9.014589
5443.721342 9.124087
5444.163255 10.107050
5444.605168 11.501624
5445.047081 12.320216
5445.488995 12.478079
5445.930908 12.994975
5446.372821 12.075691
5446.814734 11.602612
5447.256647 10.753870
5447.698560 10.281933
5448.140473 10.118441
5448.582386 10.341984
5449.024299 11.031178
5449.466212 10.197306
5449.908125 9.897625
5450.350038 9.180592
5450.791951 9.177590
5451.233864 9.533279
5451.675777 9.624703
5452.117690 10.851466
5452.559603 12.153897
5453.001517 11.355158
5453.443430 9.653657
5453.885343 8.858270
5454.327256 9.177247
5454.769169 10.290503
5455.211082 8.913782
5455.652995 10.819140
5456.094908 10.465553
5456.536821 11.621828
5456.978734 13.577888
5457.420647 15.428628
5457.862560 12.510633
5458.304473 11.030996
5458.746386 10.656145
5459.188299 9.529518
5459.630212 10.448836
5460.072126 10.721281
5460.514039 11.448080
5460.955952 11.324625
5461.397865 10.903780
5461.839778 10.802315
5462.281691 10.423220
5462.723604 10.096942
5463.165517 9.626919
5463.607430 9.976315
5464.049343 10.843050
5464.491256 10.764139
5464.933169 9.583457
5465.375082 8.942642
5465.816995 9.871854
5466.258908 10.356962
5466.700821 10.411728
5467.142734 9.160638
5467.584648 9.385390
5468.026561 10.085484
5468.468474 9.912455
5468.910387 9.411315
5469.352300 9.265958
5469.794213 9.422887
5470.236126 9.101943
5470.678039 9.677729
5471.119952 10.172784
5471.561865 10.357049
5472.003778 11.190364
5472.445691 11.849085
5472.887604 10.412131
5473.329517 10.093926
5473.771430 11.500750
5474.213343 10.692878
5474.655256 10.402164
5475.097170 9.999628
5475.539083 10.083496
5475.980996 9.725631
5476.422909 10.259533
5476.864822 10.202074
5477.306735 11.262048
5477.748648 11.157749
5478.190561 11.043314
5478.632474 10.640939
5479.074387 11.043509
5479.516300 10.889286
5479.958213 10.465150
5480.400126 9.116094
5480.842039 8.459563
5481.283952 6.956546
5481.725865 13.330616
5482.167779 14.496663
5482.609692 13.101948
5483.051605 17.419245
5483.493518 12.533597
5483.935431 9.969733
5484.377344 11.465126
5484.819257 10.390981
5485.261170 9.960780
5485.703083 10.137388
5486.144996 10.542403
5486.586909 10.565165
5487.028822 11.258045
5487.470735 13.005500
5487.912648 13.394361
5488.354561 13.038753
5488.796474 10.202155
5489.238387 7.695307
5489.680301 7.233297
5490.122214 8.940352
5490.564127 8.480437
5491.006040 9.807981
5491.447953 10.486925
5491.889866 12.586146
5492.331779 11.528301
5492.773692 11.690114
5493.215605 11.993804
5493.657518 11.261074
5494.099431 10.088291
5494.541344 9.971714
5494.983257 11.257024
5495.425170 11.273177
5495.867083 10.570437
5496.308996 9.261693
5496.750909 8.081475
5497.192823 8.636057
5497.634736 9.640762
5498.076649 7.817324
5498.518562 8.378563
5498.960475 9.382508
5499.402388 11.727799
5499.844301 9.602176
5500.286214 6.271611
5500.728127 4.045671
5501.170040 3.665648
5501.611953 6.799946
5502.053866 7.594003
5502.495779 7.702695
5502.937692 4.753804
5503.379605 8.517055
5503.821518 7.810896
5504.263431 8.994728
5504.705345 7.239691
5505.147258 9.533655
5505.589171 12.182643
5506.031084 12.434227
5506.472997 12.716761
5506.914910 12.163494
5507.356823 11.547403
5507.798736 11.405129
5508.240649 11.332134
5508.682562 11.240798
5509.124475 12.379381
5509.566388 14.516953
5510.008301 13.556483
5510.450214 12.387380
5510.892127 16.363233
5511.334040 14.071868
5511.775954 13.184580
5512.217867 11.951947
5512.659780 12.728192
5513.101693 11.075130
5513.543606 9.729748
5513.985519 9.224632
5514.427432 8.769419
5514.869345 9.808001
5515.311258 10.610601
5515.753171 11.263936
5516.195084 10.759035
5516.636997 11.176038
5517.078910 10.426410
5517.520823 10.006492
5517.962736 9.775923
5518.404649 10.028468
5518.846562 10.482788
5519.288476 10.690702
5519.730389 9.536476
5520.172302 9.957516
5520.614215 10.780829
5521.056128 10.393627
5521.498041 10.824083
5521.939954 11.267059
5522.381867 11.977396
5522.823780 10.957095
5523.265693 9.887550
5523.707606 9.616374
5524.149519 10.206111
5524.591432 10.537392
5525.033345 10.885438
5525.475258 10.400491
5525.917171 10.910544
5526.359084 10.381793
5526.800998 10.690366
5527.242911 9.266509
5527.684824 9.341504
5528.126737 9.212334
5528.568650 9.732911
5529.010563 10.886425
5529.452476 11.129110
5529.894389 11.738801
5530.336302 11.333981
5530.778215 10.931210
5531.220128 11.144363
5531.662041 10.399867
5532.103954 11.043972
5532.545867 10.484608
5532.987780 9.649695
5533.429693 9.359921
5533.871607 8.667054
5534.313520 9.027605
5534.755433 10.045017
5535.197346 11.686594
5535.639259 11.291178
5536.081172 11.626704
5536.523085 13.503557
5536.964998 12.578751
5537.406911 11.213159
5537.848824 10.319041
5538.290737 10.488866
5538.732650 8.902048
5539.174563 9.057601
5539.616476 9.204207
5540.058389 9.912193
5540.500302 10.618916
5540.942215 7.414069
5541.384129 6.912345
5541.826042 4.515095
5542.267955 10.772528
5542.709868 8.694369
5543.151781 8.601024
5543.593694 7.089209
5544.035607 10.038717
5544.477520 12.979702
5544.919433 11.812769
5545.361346 12.996836
5545.803259 13.051038
5546.245172 13.525043
5546.687085 16.850403
5547.128998 14.805343
5547.570911 13.106488
5548.012824 12.421573
5548.454737 16.666272
5548.896651 14.916137
5549.338564 16.757696
5549.780477 13.176279
5550.222390 11.404766
5550.664303 11.583450
5551.106216 8.857948
5551.548129 9.299305
5551.990042 9.971942
5552.431955 10.308772
5552.873868 11.394664
5553.315781 11.347730
5553.757694 11.425983
5554.199607 9.775352
5554.641520 10.349245
5555.083433 10.713000
5555.525346 10.388630
5555.967260 10.838631
5556.409173 10.985862
5556.851086 11.623473
5557.292999 11.467753
5557.734912 8.585335
5558.176825 8.482170
5558.618738 8.727804
5559.060651 9.763599
5559.502564 10.647951
5559.944477 10.343993
5560.386390 9.480830
5560.828303 9.515050
5561.270216 10.779426
5561.712129 11.884044
5562.154042 12.217179
5562.595955 12.725828
5563.037868 13.967072
5563.479782 15.173142
5563.921695 13.998431
5564.363608 13.368517
5564.805521 13.916752
5565.247434 13.018268
5565.689347 12.954428
5566.131260 12.852258
5566.573173 12.860445
5567.015086 11.950087
