1887.778936 105.504571
1888.206564 126.728125
1888.634192 114.847141
1889.061820 120.038764
1889.489448 112.001512
1889.917076 103.911126
1890.344704 120.110179
1890.772332 117.269056
1891.199961 110.587493
1891.627589 115.390440
1892.055217 112.588849
1892.482845 115.520115
1892.910473 118.534970
1893.338101 122.154373
1893.765729 110.099941
1894.193357 117.399137
1894.620985 114.853190
1895.048613 115.204824
1895.476241 108.625545
1895.903869 106.955211
1896.331497 112.760767
1896.759125 110.731085
1897.186754 110.530079
1897.614382 109.159743
1898.042010 107.273891
1898.469638 107.396284
1898.897266 110.599293
1899.324894 113.159616
1899.752522 110.114582
1900.180150 108.961384
1900.607778 108.904693
1901.035406 112.329804
1901.463034 115.531541
1901.890662 117.697482
1902.318290 114.997395
1902.745918 113.247363
1903.173547 111.461007
1903.601175 119.904667
1904.028803 122.155432
1904.456431 119.343048
1904.884059 116.030434
1905.311687 122.758204
1905.739315 119.606044
1906.166943 117.112908
1906.594571 119.452220
1907.022199 119.590758
1907.449827 119.246463
1907.877455 126.621560
1908.305083 118.187383
1908.732711 117.325946
1909.160340 115.013979
1909.587968 118.641115
1910.015596 119.790227
1910.443224 113.594337
1910.870852 117.074860
1911.298480 114.211588
1911.726108 113.824134
1912.153736 109.621234
1912.581364 100.094080
1913.008992 103.391311
1913.436620 100.900460
1913.864248 102.678050
1914.291876 97.648449
1914.719504 100.558309
1915.147133 103.459215
1915.574761 105.017827
1916.002389 100.602237
1916.430017 100.798053
1916.857645 97.324714
1917.285273 91.887118
1917.712901 96.791853
1918.140529 97.437760
1918.568157 96.277822
1918.995785 93.231807
1919.423413 91.918188
1919.851041 87.879189
1920.278669 90.798938
1920.706297 93.626176
1921.133925 88.414057
1921.561554 90.396061
1921.989182 89.530583
1922.416810 89.522714
1922.844438 89.212490
1923.272066 86.385188
1923.699694 89.362590
1924.127322 89.792798
1924.554950 85.441161
1924.982578 82.026651
1925.410206 85.362858
1925.837834 84.589969
1926.265462 77.523849
1926.693090 72.681750
1927.120718 69.229560
1927.548347 74.869969
1927.975975 79.355890
1928.403603 81.053685
1928.831231 80.315732
1929.258859 82.620844
1929.686487 84.338289
1930.114115 82.089945
1930.541743 78.058415
1930.969371 77.618375
1931.396999 71.538758
1931.824627 70.624032
1932.252255 70.735535
1932.679883 74.472425
1933.107511 82.364425
1933.535140 77.479482
1933.962768 78.140159
1934.390396 77.410565
1934.818024 77.450962
1935.245652 75.860022
1935.673280 79.518422
1936.100908 79.567585
1936.528536 74.677091
1936.956164 76.541892
1937.383792 76.047788
1937.811420 72.800986
1938.239048 73.791743
1938.666676 76.638160
1939.094304 76.322023
1939.521933 75.700543
1939.949561 78.357367
1940.377189 75.800756
1940.804817 72.826524
1941.232445 75.099753
1941.660073 72.712045
1942.087701 69.659787
1942.515329 72.881078
1942.942957 74.408291
1943.370585 68.383170
1943.798213 70.364083
1944.225841 72.721405
1944.653469 73.365137
1945.081097 73.919294
1945.508726 69.383048
1945.936354 69.692723
1946.363982 72.101681
1946.791610 71.856973
1947.219238 72.376878
1947.646866 70.553049
1948.074494 72.682938
1948.502122 73.421614
1948.929750 70.304881
1949.357378 72.763049
1949.785006 74.943805
1950.212634 69.758870
1950.640262 69.294920
1951.067890 70.873653
1951.495519 68.099103
1951.923147 71.909364
1952.350775 70.006400
1952.778403 67.665215
1953.206031 65.380315
1953.633659 68.045053
1954.061287 70.102494
1954.488915 70.508346
1954.916543 69.739679
1955.344171 69.063270
1955.771799 69.224215
1956.199427 70.464947
1956.627055 69.703083
1957.054683 68.243832
1957.482311 65.171853
1957.909940 67.085437
1958.337568 66.289450
1958.765196 66.741659
1959.192824 67.296423
1959.620452 65.643182
1960.048080 65.162344
1960.475708 63.916151
1960.903336 70.491014
1961.330964 68.149364
1961.758592 65.113426
1962.186220 67.834138
1962.613848 67.341610
1963.041476 65.472458
1963.469104 64.971686
1963.896733 67.499113
1964.324361 67.869946
1964.751989 64.768208
1965.179617 65.370974
1965.607245 65.477022
1966.034873 62.538075
1966.462501 64.563213
1966.890129 66.235839
1967.317757 65.774290
1967.745385 65.736681
1968.173013 65.285292
1968.600641 63.661753
1969.028269 63.770531
1969.455897 62.193244
1969.883526 61.862596
1970.311154 64.515134
1970.738782 64.549353
1971.166410 66.527239
1971.594038 64.625823
1972.021666 66.792894
1972.449294 63.555924
1972.876922 65.431912
1973.304550 63.280037
1973.732178 62.468215
1974.159806 65.132508
1974.587434 64.352085
1975.015062 64.150498
1975.442690 66.927727
1975.870319 65.720949
1976.297947 65.714023
1976.725575 67.419642
1977.153203 65.351582
1977.580831 68.080467
1978.008459 67.582865
1978.436087 64.956723
1978.863715 65.811621
1979.291343 67.718168
1979.718971 64.713486
1980.146599 64.574103
1980.574227 63.646525
1981.001855 64.895455
1981.429483 65.712899
1981.857112 65.998393
1982.284740 66.113330
1982.712368 64.399261
1983.139996 63.751391
1983.567624 62.598664
1983.995252 63.827668
1984.422880 63.156540
1984.850508 63.114174
1985.278136 62.945832
1985.705764 64.033011
1986.133392 64.619678
1986.561020 63.019461
1986.988648 61.882866
1987.416276 62.520277
1987.843904 63.249296
1988.271533 65.242287
1988.699161 63.506328
1989.126789 60.823192
1989.554417 64.672192
1989.982045 64.002123
1990.409673 63.251298
1990.837301 62.408684
1991.264929 63.511053
1991.692557 64.776277
1992.120185 61.856799
1992.547813 62.959142
1992.975441 63.866038
1993.403069 64.814609
1993.830697 62.839280
1994.258326 64.171562
1994.685954 62.086860
1995.113582 62.410666
1995.541210 60.775474
1995.968838 64.379307
1996.396466 65.005622
1996.824094 63.340717
1997.251722 63.883751
1997.679350 63.731322
1998.106978 62.949524
1998.534606 62.698961
1998.962234 62.853856
1999.389862 64.383316
1999.817490 64.792196
2000.245119 64.084680
2000.672747 63.164983
2001.100375 62.469926
2001.528003 63.321273
2001.955631 64.449877
2002.383259 63.855212
2002.810887 62.519761
2003.238515 62.908268
2003.666143 63.358875
2004.093771 62.924187
2004.521399 61.600310
2004.949027 61.015425
2005.376655 63.328426
2005.804283 63.913246
2006.231912 63.052777
2006.659540 62.960776
2007.087168 60.910914
2007.514796 61.410362
2007.942424 62.472702
2008.370052 60.134926
2008.797680 60.562016
2009.225308 60.279273
2009.652936 61.463005
2010.080564 61.573223
2010.508192 61.317644
2010.935820 63.041454
2011.363448 59.725510
2011.791076 59.902741
2012.218705 61.946786
2012.646333 59.874834
2013.073961 59.882916
2013.501589 60.787172
2013.929217 58.059068
2014.356845 59.410961
2014.784473 60.300963
2015.212101 61.142176
2015.639729 58.953092
2016.067357 60.203617
2016.494985 60.192346
2016.922613 59.661525
2017.350241 59.165246
2017.777869 61.386077
2018.205498 60.680775
2018.633126 58.458188
2019.060754 59.932422
2019.488382 59.842867
2019.916010 60.400356
2020.343638 61.308232
2020.771266 57.883793
2021.198894 58.461635
2021.626522 60.012933
2022.054150 60.258971
2022.481778 59.828195
2022.909406 60.626273
2023.337034 59.418075
2023.764662 58.824863
2024.192290 55.602101
2024.619919 49.611561
2025.047547 41.076249
2025.475175 32.384194
2025.902803 33.385370
2026.330431 42.088185
2026.758059 49.696965
2027.185687 54.841967
2027.613315 59.133486
2028.040943 59.896221
2028.468571 61.190958
2028.896199 59.719829
2029.323827 61.730139
2029.751455 60.762945
2030.179083 57.472957
2030.606712 57.174805
2031.034340 55.974102
2031.461968 56.414219
2031.889596 57.237260
2032.317224 56.976452
2032.744852 57.560962
2033.172480 59.192352
2033.600108 58.194088
2034.027736 58.479045
2034.455364 59.175148
2034.882992 59.869941
2035.310620 58.025358
2035.738248 58.861826
2036.165876 60.222615
2036.593505 58.572905
2037.021133 58.620378
2037.448761 59.579807
2037.876389 59.162121
2038.304017 58.414195
2038.731645 59.689483
2039.159273 59.928665
2039.586901 59.804697
2040.014529 60.270623
2040.442157 59.968152
2040.869785 59.411226
2041.297413 58.878481
2041.725041 58.482189
2042.152669 58.994735
2042.580298 60.141930
2043.007926 58.753829
2043.435554 58.263560
2043.863182 59.400142
2044.290810 58.130761
2044.718438 57.998562
2045.146066 59.049192
2045.573694 59.578302
2046.001322 58.935159
2046.428950 59.245305
2046.856578 59.548195
2047.284206 57.381188
2047.711834 59.150786
2048.139462 57.571833
2048.567091 57.175115
2048.994719 57.242599
2049.422347 57.293854
2049.849975 56.557715
2050.277603 56.307171
2050.705231 52.542910
2051.132859 47.715955
2051.560487 44.127802
2051.988115 43.063933
2052.415743 45.954607
2052.843371 51.408988
2053.270999 57.907019
2053.698627 59.206986
2054.126255 59.292816
2054.553883 57.953788
2054.981512 58.125061
2055.409140 59.666915
2055.836768 59.035300
2056.264396 59.208290
2056.692024 57.926663
2057.119652 59.244672
2057.547280 55.592069
2057.974908 45.433321
2058.402536 34.990706
2058.830164 26.599605
2059.257792 27.522619
2059.685420 35.530293
2060.113048 47.339126
2060.540676 55.450795
2060.968305 61.760182
2061.395933 58.461719
2061.823561 57.930052
2062.251189 60.686301
2062.678817 60.420490
2063.106445 60.886719
2063.534073 58.456490
2063.961701 59.769264
2064.389329 58.504569
2064.816957 59.245188
2065.244585 58.930420
2065.672213 61.014070
2066.099841 60.549319
2066.527469 59.245976
2066.955098 58.747709
2067.382726 60.161418
2067.810354 60.762525
2068.237982 57.940135
2068.665610 58.007206
2069.093238 58.303260
2069.520866 56.767041
2069.948494 58.246472
2070.376122 60.049638
2070.803750 59.470189
2071.231378 59.220155
2071.659006 58.451042
2072.086634 58.553914
2072.514262 59.175955
2072.941891 60.554128
2073.369519 58.964408
2073.797147 59.909351
2074.224775 59.607610
2074.652403 59.202377
2075.080031 60.120847
2075.507659 60.414648
2075.935287 60.666063
2076.362915 60.075776
2076.790543 59.967345
2077.218171 58.844526
2077.645799 60.388529
2078.073427 61.537383
2078.501055 59.236745
2078.928684 58.786312
2079.356312 58.874659
2079.783940 58.551706
2080.211568 58.824430
2080.639196 58.963775
2081.066824 60.619340
2081.494452 60.065441
2081.922080 59.956739
2082.349708 59.192571
2082.777336 58.194359
2083.204964 58.990332
2083.632592 60.480776
2084.060220 59.816917
2084.487848 59.679257
2084.915477 59.233905
2085.343105 58.274631
2085.770733 59.443193
2086.198361 60.008640
2086.625989 60.081669
2087.053617 59.910287
2087.481245 57.942898
2087.908873 59.447292
2088.336501 59.062606
2088.764129 59.585739
2089.191757 58.282351
2089.619385 57.834558
2090.047013 60.314048
2090.474641 58.965976
2090.902269 59.545606
2091.329898 59.687546
2091.757526 59.443296
2092.185154 57.919181
2092.612782 56.831737
2093.040410 57.106288
2093.468038 56.799731
2093.895666 58.104488
2094.323294 58.338235
2094.750922 57.629847
2095.178550 56.819891
2095.606178 57.589695
2096.033806 57.757449
2096.461434 56.381904
2096.889062 56.656733
2097.316691 57.543146
2097.744319 56.846971
2098.171947 57.883967
2098.599575 59.270861
2099.027203 58.391375
2099.454831 58.949502
2099.882459 58.687720
2100.310087 58.891727
2100.737715 58.322813
2101.165343 57.714954
2101.592971 57.926643
2102.020599 57.062250
2102.448227 57.600107
2102.875855 56.194713
2103.303484 56.714469
2103.731112 56.664202
2104.158740 57.149771
2104.586368 56.752491
2105.013996 56.460807
2105.441624 58.567476
2105.869252 55.551536
2106.296880 55.782572
2106.724508 56.261383
2107.152136 57.427305
2107.579764 57.146195
2108.007392 57.072843
2108.435020 56.917108
2108.862648 55.002027
2109.290277 54.938326
2109.717905 56.843989
2110.145533 55.173848
2110.573161 57.233458
2111.000789 57.485603
2111.428417 55.485221
2111.856045 55.633138
2112.283673 56.256645
2112.711301 57.510069
2113.138929 56.626948
2113.566557 55.810233
2113.994185 55.818180
2114.421813 55.051875
2114.849441 55.122090
2115.277070 55.644377
2115.704698 57.682284
2116.132326 57.114893
2116.559954 55.894701
2116.987582 55.843756
2117.415210 54.899510
2117.842838 55.197772
2118.270466 55.333398
2118.698094 54.633376
2119.125722 56.091479
2119.553350 56.382627
2119.980978 57.110490
2120.408606 55.278205
2120.836234 53.138717
2121.263862 54.534294
2121.691491 56.307590
2122.119119 55.711312
2122.546747 54.815442
2122.974375 55.149828
2123.402003 55.139015
2123.829631 55.244205
2124.257259 56.045698
2124.684887 55.629323
2125.112515 55.065186
2125.540143 55.782837
2125.967771 55.592450
2126.395399 55.655841
2126.823027 55.589223
2127.250655 55.892152
2127.678284 56.186624
2128.105912 54.188398
2128.533540 53.656376
2128.961168 54.146580
2129.388796 54.430479
2129.816424 55.402928
2130.244052 54.310965
2130.671680 55.655525
2131.099308 55.658404
2131.526936 55.005029
2131.954564 54.502088
2132.382192 55.388100
2132.809820 55.805941
2133.237448 54.950133
2133.665077 54.555983
2134.092705 54.291625
2134.520333 53.929042
2134.947961 54.788272
2135.375589 54.391482
2135.803217 54.407905
2136.230845 54.432958
2136.658473 54.049596
2137.086101 53.508730
2137.513729 54.609227
2137.941357 54.440762
2138.368985 54.207009
2138.796613 55.002337
2139.224241 54.571296
2139.651870 53.653349
2140.079498 54.527612
2140.507126 52.944535
2140.934754 54.070582
2141.362382 53.566699
2141.790010 53.182807
2142.217638 53.685819
2142.645266 55.100387
2143.072894 53.138311
2143.500522 54.913460
2143.928150 52.453369
2144.355778 53.871648
2144.783406 55.624578
2145.211034 53.882868
2145.638663 53.420247
2146.066291 54.111741
2146.493919 52.802873
2146.921547 53.837939
2147.349175 53.870815
2147.776803 54.786426
2148.204431 54.420544
2148.632059 54.101374
2149.059687 53.097681
2149.487315 53.760346
2149.914943 54.578454
2150.342571 55.046194
2150.770199 53.328213
2151.197827 52.099798
2151.625456 52.102580
2152.053084 52.207479
2152.480712 50.903329
2152.908340 53.554330
2153.335968 52.974597
2153.763596 53.216917
2154.191224 53.119274
2154.618852 53.756137
2155.046480 54.260878
2155.474108 54.078980
2155.901736 52.362316
2156.329364 53.483412
2156.756992 54.390456
2157.184620 53.304464
2157.612248 52.799813
2158.039877 54.410171
2158.467505 53.207712
2158.895133 53.597200
2159.322761 52.232926
2159.750389 51.976378
2160.178017 52.770073
2160.605645 53.747945
2161.033273 52.443698
2161.460901 53.111728
2161.888529 53.395917
2162.316157 54.395330
2162.743785 54.085449
2163.171413 53.334391
2163.599041 51.818675
2164.026670 52.082484
2164.454298 52.901652
2164.881926 51.193012
2165.309554 53.021263
2165.737182 53.729502
2166.164810 54.455823
2166.592438 53.706663
2167.020066 51.563793
2167.447694 53.003937
2167.875322 52.818727
2168.302950 54.583509
2168.730578 54.738262
2169.158206 53.239052
2169.585834 52.340329
2170.013463 53.467829
2170.441091 53.911510
2170.868719 53.258451
2171.296347 53.407724
2171.723975 52.889819
2172.151603 53.018700
2172.579231 51.806022
2173.006859 52.136296
2173.434487 52.428380
2173.862115 50.891774
2174.289743 50.209918
2174.717371 52.613306
2175.144999 53.264790
2175.572627 52.856826
2176.000256 52.373090
2176.427884 52.880285
2176.855512 52.302811
2177.283140 53.076391
2177.710768 53.169296
2178.138396 53.997682
2178.566024 54.136781
2178.993652 52.225076
2179.421280 52.396452
2179.848908 53.459605
2180.276536 52.148548
2180.704164 51.783629
2181.131792 51.702104
2181.559420 51.740049
2181.987049 50.932055
2182.414677 52.229763
2182.842305 52.759390
2183.269933 51.140833
2183.697561 51.085557
2184.125189 51.483618
2184.552817 52.247082
2184.980445 52.196163
2185.408073 51.424435
2185.835701 51.526016
2186.263329 51.080418
2186.690957 51.472521
2187.118585 50.963415
2187.546213 50.794531
2187.973841 50.804737
2188.401470 50.779432
2188.829098 50.867883
2189.256726 50.583552
2189.684354 51.367144
2190.111982 51.257378
2190.539610 51.273981
2190.967238 51.065616
2191.394866 50.779109
2191.822494 50.438817
2192.250122 50.806841
2192.677750 50.798908
2193.105378 50.778328
2193.533006 50.994136
2193.960634 50.591705
2194.388263 49.454774
2194.815891 50.538681
2195.243519 50.915104
2195.671147 48.781529
2196.098775 48.990914
2196.526403 52.440309
2196.954031 50.621341
2197.381659 49.935483
2197.809287 50.032880
2198.236915 50.389569
2198.664543 50.475018
2199.092171 50.882459
2199.519799 50.259120
2199.947427 50.832043
2200.375056 50.774804
2200.802684 50.712303
2201.230312 51.269637
2201.657940 51.684617
2202.085568 50.830675
2202.513196 50.032932
2202.940824 51.637338
2203.368452 50.785119
2203.796080 50.915930
2204.223708 52.620187
2204.651336 50.978708
2205.078964 51.563586
2205.506592 51.516972
2205.934220 52.290152
2206.361849 52.447546
2206.789477 51.139091
2207.217105 52.903518
2207.644733 52.750339
2208.072361 52.834058
2208.499989 53.142649
2208.927617 52.004459
2209.355245 49.993458
2209.782873 50.383417
2210.210501 50.868380
2210.638129 51.336959
2211.065757 51.509574
2211.493385 52.199778
2211.921013 51.903736
2212.348642 52.560946
2212.776270 50.744935
2213.203898 52.167256
2213.631526 51.867897
2214.059154 52.249361
2214.486782 53.096241
2214.914410 54.167444
2215.342038 52.650488
2215.769666 52.680015
2216.197294 52.242499
2216.624922 52.236276
2217.052550 51.360986
2217.480178 51.682984
2217.907806 49.811269
2218.335435 51.114999
2218.763063 51.626280
2219.190691 51.511246
2219.618319 51.718972
2220.045947 50.833192
2220.473575 51.650662
2220.901203 51.705397
2221.328831 50.836723
2221.756459 50.848666
2222.184087 52.105827
2222.611715 51.406618
2223.039343 51.490557
2223.466971 52.497510
2223.894599 51.280720
2224.322227 50.365162
2224.749856 50.118259
2225.177484 51.709941
2225.605112 52.135773
2226.032740 50.737460
2226.460368 50.315249
2226.887996 48.778166
2227.315624 47.784401
2227.743252 49.886422
2228.170880 50.274729
2228.598508 49.573823
2229.026136 49.902832
2229.453764 50.556330
2229.881392 50.158772
2230.309020 49.431787
2230.736649 49.765804
2231.164277 49.877081
2231.591905 49.782433
2232.019533 50.035049
2232.447161 51.051815
2232.874789 49.639261
2233.302417 48.072476
2233.730045 47.442178
2234.157673 43.048460
2234.585301 37.033254
2235.012929 32.093343
2235.440557 31.423094
2235.868185 35.021594
2236.295813 41.535525
2236.723442 46.740407
2237.151070 48.821881
2237.578698 51.132435
2238.006326 49.715091
2238.433954 50.094948
2238.861582 51.936478
2239.289210 51.144565
2239.716838 50.918067
2240.144466 51.944663
2240.572094 51.560539
2240.999722 51.385936
2241.427350 50.279254
2241.854978 48.846683
2242.282606 48.757967
2242.710235 50.724949
2243.137863 49.578800
2243.565491 51.629140
2243.993119 51.730056
2244.420747 51.804609
2244.848375 50.327895
2245.276003 48.942576
2245.703631 44.138654
2246.131259 34.322657
2246.558887 25.973852
2246.986515 23.377618
2247.414143 27.962537
2247.841771 36.230967
2248.269399 45.027320
2248.697028 49.002088
2249.124656 49.644664
2249.552284 51.735414
2249.979912 51.564716
2250.407540 53.139279
2250.835168 53.349251
2251.262796 52.499292
2251.690424 51.103573
2252.118052 51.566865
2252.545680 51.127994
2252.973308 52.662766
2253.400936 51.077055
2253.828564 51.075170
2254.256192 51.034359
2254.683820 52.479635
2255.111449 52.044346
2255.539077 52.473703
2255.966705 53.481663
2256.394333 52.041170
2256.821961 51.528882
2257.249589 51.278668
2257.677217 51.749131
2258.104845 52.465440
2258.532473 52.575239
2258.960101 53.801530
2259.387729 52.954928
2259.815357 51.856845
2260.242985 51.411589
2260.670613 52.517354
2261.098242 52.048710
2261.525870 52.666691
2261.953498 51.651592
2262.381126 52.434803
2262.808754 53.225838
2263.236382 52.910418
2263.664010 52.602971
2264.091638 51.924949
2264.519266 52.605540
2264.946894 52.929771
2265.374522 52.826054
2265.802150 51.893169
2266.229778 51.255745
2266.657406 51.245235
2267.085035 52.464633
2267.512663 51.553748
2267.940291 51.735866
2268.367919 51.942714
2268.795547 51.794680
2269.223175 51.842256
2269.650803 52.322551
2270.078431 52.261574
2270.506059 52.740456
2270.933687 52.410750
2271.361315 51.414875
2271.788943 52.143629
2272.216571 52.728649
2272.644199 53.850940
2273.071828 53.397305
2273.499456 54.028274
2273.927084 54.070653
2274.354712 52.399802
2274.782340 52.503546
2275.209968 53.018958
2275.637596 53.064100
2276.065224 51.965159
2276.492852 51.956373
2276.920480 52.770325
2277.348108 52.556350
2277.775736 52.637758
2278.203364 52.054145
2278.630992 52.082233
2279.058621 53.008559
2279.486249 52.739565
2279.913877 52.830779
2280.341505 53.131507
2280.769133 52.447746
2281.196761 51.790975
2281.624389 51.662411
2282.052017 52.349851
2282.479645 52.028356
2282.907273 52.033940
2283.334901 52.995519
2283.762529 53.233669
2284.190157 52.417038
2284.617785 52.092716
2285.045414 53.289320
2285.473042 52.233920
2285.900670 52.700820
2286.328298 52.348037
2286.755926 52.314463
2287.183554 52.889819
2287.611182 53.167540
2288.038810 53.672418
2288.466438 52.267836
2288.894066 52.272955
2289.321694 52.756485
2289.749322 53.085280
2290.176950 52.923871
2290.604578 52.851636
2291.032206 53.075100
2291.459835 52.951603
2291.887463 52.155242
2292.315091 53.174247
2292.742719 54.810575
2293.170347 53.284898
2293.597975 53.497201
2294.025603 53.868330
2294.453231 53.795669
2294.880859 52.526365
2295.308487 53.993292
2295.736115 53.491372
2296.163743 54.184938
2296.591371 53.288345
2297.018999 52.357404
2297.446628 53.108539
2297.874256 55.003860
2298.301884 54.282491
2298.729512 53.887670
2299.157140 54.198972
2299.584768 53.605134
2300.012396 53.791609
2300.440024 53.883591
2300.867652 54.271181
2301.295280 54.508395
2301.722908 54.735009
2302.150536 54.174842
2302.578164 53.163402
2303.005792 52.838358
2303.433421 54.375409
2303.861049 54.838023
2304.288677 53.993609
2304.716305 54.437399
2305.143933 53.388855
2305.571561 53.163390
2305.999189 51.902581
2306.426817 52.578331
2306.854445 54.284757
2307.282073 53.649805
2307.709701 53.401694
2308.137329 53.216594
2308.564957 52.557009
2308.992585 52.697548
2309.420214 53.391585
2309.847842 54.003434
2310.275470 52.102535
2310.703098 52.724021
2311.130726 52.739081
2311.558354 54.073868
2311.985982 54.640361
2312.413610 53.657022
2312.841238 54.172544
2313.268866 53.139505
2313.696494 52.581675
2314.124122 52.477311
2314.551750 53.664581
2314.979378 54.271355
2315.407007 54.073087
2315.834635 53.356068
2316.262263 52.933632
2316.689891 53.923181
2317.117519 54.517916
2317.545147 54.645293
2317.972775 54.216453
2318.400403 54.569927
2318.828031 53.694934
2319.255659 54.118616
2319.683287 54.930683
2320.110915 53.418672
2320.538543 54.433487
2320.966171 54.541336
2321.393799 54.861243
2321.821428 54.227033
2322.249056 54.433429
2322.676684 54.740580
2323.104312 53.582346
2323.531940 54.257689
2323.959568 54.529058
2324.387196 54.113039
2324.814824 54.791874
2325.242452 54.955181
2325.670080 53.533551
2326.097708 55.013898
2326.525336 55.364668
2326.952964 55.987845
2327.380592 55.620156
2327.808221 54.373078
2328.235849 54.718393
2328.663477 54.170969
2329.091105 54.623739
2329.518733 55.972591
2329.946361 54.729670
2330.373989 54.730884
2330.801617 55.603437
2331.229245 55.740548
2331.656873 53.921406
2332.084501 54.857486
2332.512129 54.632789
2332.939757 54.328640
2333.367385 54.645822
2333.795014 55.701261
2334.222642 53.242061
2334.650270 53.913221
2335.077898 54.037770
2335.505526 53.308544
2335.933154 54.689867
2336.360782 54.945911
2336.788410 54.309539
2337.216038 55.134729
2337.643666 54.612655
2338.071294 53.898528
2338.498922 53.879588
2338.926550 53.599969
2339.354178 54.379773
2339.781807 54.260427
2340.209435 53.768718
2340.637063 53.738688
2341.064691 53.713874
2341.492319 54.246502
2341.919947 54.190451
2342.347575 53.309719
2342.775203 54.116240
2343.202831 53.943438
2343.630459 55.155689
2344.058087 54.922646
2344.485715 54.347180
2344.913343 53.546390
2345.340971 53.702164
2345.768600 54.191329
2346.196228 53.943399
2346.623856 53.137168
2347.051484 53.152119
2347.479112 53.838416
2347.906740 54.011083
2348.334368 53.752851
2348.761996 54.611738
2349.189624 55.048286
2349.617252 54.909109
2350.044880 54.074436
2350.472508 53.798613
2350.900136 53.329343
2351.327764 52.849499
2351.755393 53.937292
2352.183021 53.992195
2352.610649 54.328227
2353.038277 53.832652
2353.465905 54.017448
2353.893533 54.051190
2354.321161 54.305310
2354.748789 53.089044
2355.176417 53.967226
2355.604045 54.477371
2356.031673 54.069168
2356.459301 53.148755
2356.886929 53.675723
2357.314557 54.110883
2357.742185 53.769280
2358.169814 53.922626
2358.597442 54.655492
2359.025070 53.410880
2359.452698 54.793720
2359.880326 54.723170
2360.307954 54.183240
2360.735582 54.140661
2361.163210 54.317421
2361.590838 53.856749
2362.018466 54.639464
2362.446094 54.522764
2362.873722 53.692371
2363.301350 53.885643
2363.728978 52.954444
2364.156607 53.159710
2364.584235 55.130675
2365.011863 54.188779
2365.439491 54.409971
2365.867119 54.151545
2366.294747 55.070286
2366.722375 54.140725
2367.150003 54.440788
2367.577631 54.633447
2368.005259 54.063165
2368.432887 53.606754
2368.860515 52.971770
2369.288143 53.431531
2369.715771 52.778104
2370.143400 53.021708
2370.571028 54.736087
2370.998656 54.733156
2371.426284 54.638747
2371.853912 53.409376
2372.281540 53.513972
2372.709168 53.595431
2373.136796 53.487111
2373.564424 53.397466
2373.992052 53.985875
2374.419680 54.642646
2374.847308 54.303251
2375.274936 53.170529
2375.702564 53.483580
2376.130193 53.532059
2376.557821 54.239040
2376.985449 54.497130
2377.413077 55.455442
2377.840705 54.876419
2378.268333 53.798703
2378.695961 53.248367
2379.123589 55.172906
2379.551217 53.973797
2379.978845 54.269638
2380.406473 54.649102
2380.834101 55.416614
2381.261729 55.026957
2381.689357 55.316782
2382.116986 54.807128
2382.544614 53.268824
2382.972242 54.829354
2383.399870 55.254637
2383.827498 55.567843
2384.255126 55.151732
2384.682754 54.656564
2385.110382 55.014925
2385.538010 54.553137
2385.965638 53.816804
2386.393266 53.925079
2386.820894 53.589357
2387.248522 52.753806
2387.676150 53.458081
2388.103778 55.582806
2388.531407 54.777859
2388.959035 53.644602
2389.386663 53.468010
2389.814291 53.822039
2390.241919 55.395285
2390.669547 54.280464
2391.097175 52.843063
2391.524803 53.374892
2391.952431 54.386654
2392.380059 53.771145
2392.807687 53.653665
2393.235315 53.999670
2393.662943 53.662438
2394.090571 53.791628
2394.518200 54.207390
2394.945828 53.506522
2395.373456 52.912891
2395.801084 54.234095
2396.228712 53.587440
2396.656340 53.575355
2397.083968 54.560173
2397.511596 54.405207
2397.939224 53.876754
2398.366852 55.047879
2398.794480 54.326697
2399.222108 53.446436
2399.649736 53.965451
2400.077364 53.651832
2400.504993 52.890549
2400.932621 53.504205
2401.360249 54.786535
2401.787877 55.123755
2402.215505 54.399029
2402.643133 54.145974
2403.070761 54.178212
2403.498389 54.152784
2403.926017 53.981524
2404.353645 55.101646
2404.781273 54.523655
2405.208901 54.437593
2405.636529 54.661257
2406.064157 53.740708
2406.491786 53.802266
2406.919414 54.543331
2407.347042 54.723841
2407.774670 55.108817
2408.202298 54.215091
2408.629926 54.063191
2409.057554 54.469456
2409.485182 55.359639
2409.912810 55.445437
2410.340438 55.358277
2410.768066 55.630621
2411.195694 54.883765
2411.623322 54.302967
2412.050950 55.021457
2412.478579 54.956659
2412.906207 53.266733
2413.333835 54.149931
2413.761463 54.266572
2414.189091 52.524267
2414.616719 51.712394
2415.044347 46.050094
2415.471975 35.705936
2415.899603 25.199729
2416.327231 17.068230
2416.754859 20.970286
2417.182487 30.979271
2417.610115 40.651921
2418.037743 49.338707
2418.465372 52.173195
2418.893000 53.850023
2419.320628 54.346921
2419.748256 54.752064
2420.175884 55.204556
2420.603512 53.781706
2421.031140 49.459822
2421.458768 41.562496
2421.886396 31.170045
2422.314024 21.874276
2422.741652 20.437637
2423.169280 25.847857
2423.596908 36.668173
2424.024536 46.238061
2424.452164 51.190275
2424.879793 53.675619
2425.307421 54.928617
2425.735049 54.639154
2426.162677 55.240286
2426.590305 54.467074
2427.017933 54.058446
2427.445561 53.251976
2427.873189 55.203653
2428.300817 54.595600
2428.728445 54.413702
2429.156073 54.682166
2429.583701 54.575537
2430.011329 55.181775
2430.438957 53.719703
2430.866586 54.328169
2431.294214 54.888897
2431.721842 54.921936
2432.149470 55.097682
2432.577098 54.408221
2433.004726 53.814828
2433.432354 53.863243
2433.859982 54.606380
2434.287610 54.815752
2434.715238 55.408015
2435.142866 55.322004
2435.570494 55.134329
2435.998122 54.403464
2436.425750 54.099108
2436.853379 54.666182
2437.281007 55.278037
2437.708635 54.767557
2438.136263 53.783914
2438.563891 55.623455
2438.991519 55.500430
2439.419147 55.024905
2439.846775 54.479707
2440.274403 53.600996
2440.702031 53.385872
2441.129659 54.412662
2441.557287 54.385272
2441.984915 54.063520
2442.412543 53.932193
2442.840172 54.040887
2443.267800 54.166185
2443.695428 55.465067
2444.123056 54.376932
2444.550684 53.472754
2444.978312 53.622305
2445.405940 54.342700
2445.833568 54.549767
2446.261196 55.384382
2446.688824 54.958157
2447.116452 53.264325
2447.544080 53.901659
2447.971708 54.462317
2448.399336 54.334708
2448.826965 54.257915
2449.254593 54.922904
2449.682221 54.774541
2450.109849 53.948273
2450.537477 54.152636
2450.965105 54.559579
2451.392733 53.201908
2451.820361 53.077159
2452.247989 54.889762
2452.675617 54.863186
2453.103245 54.144463
2453.530873 53.768370
2453.958501 53.558610
2454.386129 54.576834
2454.813757 54.628896
2455.241386 53.951894
2455.669014 54.394813
2456.096642 53.783488
2456.524270 52.818010
2456.951898 53.269528
2457.379526 53.949280
2457.807154 54.904190
2458.234782 54.765504
2458.662410 54.410358
2459.090038 53.852657
2459.517666 53.242015
2459.945294 53.929694
2460.372922 53.991278
2460.800550 53.003336
2461.228179 54.172505
2461.655807 54.660237
2462.083435 54.536534
2462.511063 54.240409
2462.938691 54.614378
2463.366319 53.408847
2463.793947 52.561211
2464.221575 51.673159
2464.649203 48.836354
2465.076831 45.852820
2465.504459 44.385137
2465.932087 45.865789
2466.359715 49.131104
2466.787343 52.957084
2467.214972 53.503682
2467.642600 53.806985
2468.070228 54.015892
2468.497856 55.080595
2468.925484 54.016783
2469.353112 53.670597
2469.780740 54.906914
2470.208368 54.749708
2470.635996 54.377946
2471.063624 54.379702
2471.491252 54.742833
2471.918880 55.530918
2472.346508 54.002278
2472.774136 54.154675
2473.201765 54.448812
2473.629393 53.976805
2474.057021 55.217325
2474.484649 55.010206
2474.912277 54.362369
2475.339905 54.798452
2475.767533 53.976715
2476.195161 53.510073
2476.622789 54.339943
2477.050417 54.917469
2477.478045 54.234418
2477.905673 53.765968
2478.333301 53.882764
2478.760929 53.769196
2479.188558 53.637559
2479.616186 54.259110
2480.043814 55.088005
2480.471442 54.627321
2480.899070 53.905526
2481.326698 54.528206
2481.754326 55.139500
2482.181954 54.480101
2482.609582 54.442977
2483.037210 54.222708
2483.464838 54.520369
2483.892466 53.083150
2484.320094 53.929804
2484.747722 54.081136
2485.175351 54.023510
2485.602979 54.863618
2486.030607 54.541246
2486.458235 55.081744
2486.885863 54.060608
2487.313491 53.866839
2487.741119 54.348961
2488.168747 54.398745
2488.596375 53.538625
2489.024003 53.530052
2489.451631 53.333810
2489.879259 53.711672
2490.306887 54.327781
2490.734515 54.190328
2491.162143 54.587298
2491.589772 54.634454
2492.017400 54.737352
2492.445028 54.547766
2492.872656 54.069930
2493.300284 54.115388
2493.727912 54.168580
2494.155540 55.052650
2494.583168 54.554008
2495.010796 53.770997
2495.438424 53.873385
2495.866052 53.437579
2496.293680 54.048511
2496.721308 53.812072
2497.148936 53.358947
2497.576565 53.995210
2498.004193 54.523429
2498.431821 54.838817
2498.859449 53.406110
2499.287077 53.962036
2499.714705 54.055025
2500.142333 53.746421
2500.569961 53.574632
2500.997589 53.101844
2501.425217 53.008617
2501.852845 53.127879
2502.280473 54.204594
2502.708101 54.373821
2503.135729 54.129751
2503.563358 53.762818
2503.990986 53.935259
2504.418614 54.056729
2504.846242 54.400662
2505.273870 54.214839
2505.701498 53.712169
2506.129126 53.343867
2506.556754 53.976308
2506.984382 53.334585
2507.412010 53.461083
2507.839638 53.730328
2508.267266 53.694036
2508.694894 53.557855
2509.122522 53.497775
2509.550151 54.162228
2509.977779 54.703765
2510.405407 53.310345
2510.833035 53.481637
2511.260663 53.773876
2511.688291 53.871041
2512.115919 53.827106
2512.543547 54.145193
2512.971175 54.184273
2513.398803 53.229408
2513.826431 52.741044
2514.254059 53.355719
2514.681687 53.609304
2515.109315 54.109353
2515.536944 53.096067
2515.964572 53.244959
2516.392200 53.477196
2516.819828 53.112031
2517.247456 52.883306
2517.675084 53.608775
2518.102712 54.254785
2518.530340 53.755427
2518.957968 53.618554
2519.385596 53.599776
2519.813224 53.448160
2520.240852 52.290746
2520.668480 51.745142
2521.096108 52.632910
2521.523736 52.643994
2521.951365 52.507677
2522.378993 52.753974
2522.806621 53.618729
2523.234249 53.922381
2523.661877 53.415244
2524.089505 53.014930
2524.517133 52.653490
2524.944761 53.433680
2525.372389 52.970498
2525.800017 52.362148
2526.227645 52.324707
2526.655273 53.004059
2527.082901 53.082472
2527.510529 53.528961
2527.938158 53.930211
2528.365786 52.622963
2528.793414 52.546203
2529.221042 53.269328
2529.648670 54.486795
2530.076298 54.006874
2530.503926 52.717953
2530.931554 52.111708
2531.359182 51.618075
2531.786810 51.983169
2532.214438 51.802214
2532.642066 52.250478
2533.069694 52.829172
2533.497322 53.260148
2533.924951 53.197060
2534.352579 52.467590
2534.780207 53.562077
2535.207835 53.262621
2535.635463 52.494089
2536.063091 51.425565
2536.490719 52.241647
2536.918347 52.387421
2537.345975 52.738210
2537.773603 53.287758
2538.201231 52.969246
2538.628859 52.586109
2539.056487 53.331622
2539.484115 52.922806
2539.911744 52.757737
2540.339372 52.437876
2540.767000 52.462806
2541.194628 52.488337
2541.622256 52.905299
2542.049884 52.645324
2542.477512 52.146386
2542.905140 52.127710
2543.332768 52.151808
2543.760396 51.995318
2544.188024 51.963267
2544.615652 52.035916
2545.043280 51.752501
2545.470908 51.606701
2545.898537 51.458125
2546.326165 51.651850
2546.753793 51.793563
2547.181421 52.274705
2547.609049 51.384599
2548.036677 51.428354
2548.464305 51.854386
2548.891933 52.451206
2549.319561 51.392978
2549.747189 51.125173
2550.174817 51.143293
2550.602445 51.182987
2551.030073 52.425837
2551.457701 51.671564
2551.885330 51.799657
2552.312958 50.838066
2552.740586 51.424803
2553.168214 51.922999
2553.595842 52.493101
2554.023470 51.874952
2554.451098 51.775308
2554.878726 51.719482
2555.306354 51.848634
2555.733982 51.831263
2556.161610 51.575658
2556.589238 52.847634
2557.016866 51.173917
2557.444494 50.956824
2557.872122 51.818610
2558.299751 51.731121
2558.727379 51.462902
2559.155007 51.812458
2559.582635 51.454930
2560.010263 50.785164
2560.437891 50.744883
2560.865519 50.517062
2561.293147 51.087099
2561.720775 50.562359
2562.148403 51.026232
2562.576031 51.112779
2563.003659 51.152563
2563.431287 51.232028
2563.858915 51.714337
2564.286544 51.162898
2564.714172 51.167836
2565.141800 50.801839
2565.569428 50.789528
2565.997056 50.895383
2566.424684 50.947755
2566.852312 51.144681
2567.279940 50.806661
2567.707568 50.440605
2568.135196 51.428793
2568.562824 51.873009
2568.990452 52.081445
2569.418080 51.275550
2569.845708 50.966566
2570.273337 50.692795
2570.700965 50.404352
2571.128593 51.205516
2571.556221 51.410789
2571.983849 50.294515
2572.411477 50.660144
2572.839105 51.921882
2573.266733 51.947181
2573.694361 51.000876
2574.121989 50.194244
2574.549617 50.319013
2574.977245 50.293392
2575.404873 50.407993
2575.832501 50.522814
2576.260130 49.628668
2576.687758 50.373657
2577.115386 49.960794
2577.543014 50.335571
2577.970642 50.595965
2578.398270 50.398471
2578.825898 50.516100
2579.253526 50.794764
2579.681154 50.706132
2580.108782 49.522174
2580.536410 50.320756
2580.964038 51.087015
2581.391666 51.028091
2581.819294 51.303049
2582.246923 51.089378
2582.674551 50.231220
2583.102179 50.906034
2583.529807 50.602143
2583.957435 50.526939
2584.385063 50.931900
2584.812691 49.846631
2585.240319 50.272225
2585.667947 50.569318
2586.095575 49.945921
2586.523203 51.068469
2586.950831 50.505972
2587.378459 50.496954
2587.806087 50.853055
2588.233715 50.685527
2588.661344 50.482687
2589.088972 49.942099
2589.516600 50.683261
2589.944228 50.256099
2590.371856 50.530870
2590.799484 50.485237
2591.227112 50.793440
2591.654740 50.979347
2592.082368 50.504435
2592.509996 50.843140
2592.937624 51.353317
2593.365252 50.494288
2593.792880 51.033294
2594.220508 51.183277
2594.648137 50.878696
2595.075765 51.521840
2595.503393 51.229672
2595.931021 51.436907
2596.358649 50.612723
2596.786277 49.944055
2597.213905 49.893691
2597.641533 50.778587
2598.069161 49.905917
2598.496789 50.329587
2598.924417 50.738363
2599.352045 50.346112
2599.779673 50.883356
2600.207301 51.458887
2600.634930 51.132074
2601.062558 50.787443
2601.490186 51.062137
2601.917814 50.758304
2602.345442 51.515416
2602.773070 50.542205
2603.200698 50.025295
2603.628326 50.240477
2604.055954 49.824290
2604.483582 50.553070
2604.911210 51.319420
2605.338838 51.030454
2605.766466 50.716318
2606.194094 50.943120
2606.621723 50.733444
2607.049351 49.595545
2607.476979 50.078003
2607.904607 50.472114
2608.332235 50.449746
2608.759863 49.947373
2609.187491 50.058895
2609.615119 49.915148
2610.042747 50.505275
2610.470375 50.921159
2610.898003 51.541076
2611.325631 51.379887
2611.753259 51.904195
2612.180887 51.112553
2612.608516 50.631947
2613.036144 51.682287
2613.463772 52.291146
2613.891400 51.489563
2614.319028 51.020080
2614.746656 52.350748
2615.174284 51.792479
2615.601912 51.408465
2616.029540 50.833831
2616.457168 50.969638
2616.884796 51.154383
2617.312424 50.311641
2617.740052 50.313635
2618.167680 50.951944
2618.595309 50.793343
2619.022937 51.548791
2619.450565 51.568744
2619.878193 51.465226
2620.305821 50.718036
2620.733449 50.407412
2621.161077 49.954868
2621.588705 50.491673
2622.016333 50.993510
2622.443961 50.961911
2622.871589 51.378615
2623.299217 50.575993
2623.726845 50.706442
2624.154473 50.512259
2624.582101 49.947644
2625.009730 49.383933
2625.437358 50.374541
2625.864986 50.317902
2626.292614 49.296838
2626.720242 50.006949
2627.147870 50.484256
2627.575498 50.613782
2628.003126 50.109182
2628.430754 49.785932
2628.858382 49.534000
2629.286010 49.850182
2629.713638 49.689535
2630.141266 49.965984
2630.568894 50.017091
2630.996523 51.041654
2631.424151 50.114237
2631.851779 48.975899
2632.279407 48.692110
2632.707035 48.752984
2633.134663 48.930931
2633.562291 48.098033
2633.989919 48.952008
2634.417547 48.751176
2634.845175 47.384126
2635.272803 47.907795
2635.700431 47.916813
2636.128059 48.819344
2636.555687 48.208864
2636.983316 48.239785
2637.410944 47.480317
2637.838572 47.284397
2638.266200 46.921298
2638.693828 47.323775
2639.121456 46.676048
2639.549084 47.449518
2639.976712 47.848160
2640.404340 47.937379
2640.831968 47.054949
2641.259596 47.009310
2641.687224 47.176981
2642.114852 47.084767
2642.542480 47.002151
2642.970109 46.564429
2643.397737 46.412348
2643.825365 45.662917
2644.252993 46.168427
2644.680621 46.794006
2645.108249 46.710009
2645.535877 46.353069
2645.963505 46.274991
2646.391133 46.275747
2646.818761 45.985309
2647.246389 45.918109
2647.674017 46.644139
2648.101645 45.598319
2648.529273 45.733951
2648.956902 45.193505
2649.384530 45.348349
2649.812158 46.647754
2650.239786 46.610991
2650.667414 46.315363
2651.095042 45.677229
2651.522670 45.898659
2651.950298 45.880048
2652.377926 46.330604
2652.805554 46.796575
2653.233182 45.804231
2653.660810 45.170079
2654.088438 45.730562
2654.516066 45.661252
2654.943694 45.668643
2655.371323 45.094674
2655.798951 45.551143
2656.226579 45.249421
2656.654207 45.027591
2657.081835 45.655584
2657.509463 46.526123
2657.937091 46.179149
2658.364719 46.114512
2658.792347 46.244858
2659.219975 46.110878
2659.647603 46.044020
2660.075231 45.653544
2660.502859 46.255277
2660.930487 46.482963
2661.358116 46.114331
2661.785744 45.975322
2662.213372 46.040108
2662.641000 45.879855
2663.068628 45.968628
2663.496256 46.370492
2663.923884 45.676589
2664.351512 45.542629
2664.779140 45.315240
2665.206768 45.107172
2665.634396 45.190962
2666.062024 45.505072
2666.489652 45.438440
2666.917280 44.792675
2667.344909 44.798459
2667.772537 45.547580
2668.200165 45.883579
2668.627793 45.473841
2669.055421 45.881507
2669.483049 45.764563
2669.910677 45.439182
2670.338305 45.818800
2670.765933 44.957718
2671.193561 45.318429
2671.621189 44.345418
2672.048817 44.527671
2672.476445 44.872786
2672.904073 44.981913
2673.331702 45.115945
2673.759330 44.845693
2674.186958 44.483646
2674.614586 44.747481
2675.042214 44.968227
2675.469842 44.330383
2675.897470 44.337846
2676.325098 44.500371
2676.752726 44.871733
2677.180354 44.981538
2677.607982 46.340971
2678.035610 46.423374
2678.463238 45.737457
2678.890866 45.114021
2679.318495 45.117236
2679.746123 45.336394
2680.173751 45.371550
2680.601379 45.326143
2681.029007 45.692237
2681.456635 46.059681
2681.884263 45.669372
2682.311891 45.127745
2682.739519 44.941677
2683.167147 45.413470
2683.594775 45.845125
2684.022403 46.042355
2684.450031 45.534843
2684.877659 45.545895
2685.305288 45.378199
2685.732916 45.268613
2686.160544 45.474893
2686.588172 45.960946
2687.015800 45.968570
2687.443428 45.440460
2687.871056 45.563060
2688.298684 45.476100
2688.726312 45.440312
2689.153940 45.313097
2689.581568 45.624327
2690.009196 45.118068
2690.436824 45.538775
2690.864452 46.123743
2691.292080 45.892940
2691.719709 45.919503
2692.147337 45.611500
2692.574965 45.220760
2693.002593 45.518363
2693.430221 46.065407
2693.857849 45.802739
2694.285477 46.185127
2694.713105 46.074405
2695.140733 45.240733
2695.568361 45.656068
2695.995989 45.537884
2696.423617 46.228023
2696.851245 46.120361
2697.278873 46.077678
2697.706502 45.950547
2698.134130 45.915424
2698.561758 46.027927
2698.989386 45.665422
2699.417014 45.416608
2699.844642 45.813810
2700.272270 46.125673
2700.699898 46.602276
2701.127526 46.375346
2701.555154 45.881630
2701.982782 46.216455
2702.410410 45.758727
2702.838038 46.038740
2703.265666 46.422470
2703.693295 45.840994
2704.120923 46.394609
2704.548551 45.949669
2704.976179 46.249842
2705.403807 47.396494
2705.831435 47.265251
2706.259063 46.489063
2706.686691 46.362558
2707.114319 46.490709
2707.541947 46.856474
2707.969575 47.864983
2708.397203 46.927747
2708.824831 46.921369
2709.252459 45.818019
2709.680088 47.104933
2710.107716 47.263598
2710.535344 48.113952
2710.962972 46.790817
2711.390600 47.110891
2711.818228 47.366077
2712.245856 46.912403
2712.673484 47.185592
2713.101112 47.101492
2713.528740 46.677507
2713.956368 46.588100
2714.383996 47.191912
2714.811624 47.679650
2715.239252 47.684285
2715.666881 47.423458
2716.094509 47.921809
2716.522137 47.699501
2716.949765 47.965111
2717.377393 48.208445
2717.805021 48.590639
2718.232649 48.081462
2718.660277 48.315468
2719.087905 48.232697
2719.515533 48.247719
2719.943161 48.239217
2720.370789 47.784420
2720.798417 47.549744
2721.226045 47.677081
2721.653673 48.814658
2722.081302 48.669258
2722.508930 48.888177
2722.936558 48.112015
2723.364186 48.857715
2723.791814 48.439849
2724.219442 48.683595
2724.647070 48.441701
2725.074698 48.417223
2725.502326 48.126998
2725.929954 47.504059
2726.357582 47.952091
2726.785210 48.187026
2727.212838 49.293049
2727.640466 49.393281
2728.068095 48.520908
2728.495723 47.816071
2728.923351 48.494880
2729.350979 48.789714
2729.778607 48.752816
2730.206235 49.208148
2730.633863 49.831687
2731.061491 49.620573
2731.489119 50.136405
2731.916747 49.896396
2732.344375 49.308813
2732.772003 49.618384
2733.199631 49.789244
2733.627259 50.344163
2734.054888 50.289041
2734.482516 49.465503
2734.910144 49.661080
2735.337772 49.895156
2735.765400 50.059644
2736.193028 49.801399
2736.620656 49.698682
2737.048284 50.220369
2737.475912 49.537415
2737.903540 49.273702
2738.331168 49.917943
2738.758796 49.842687
2739.186424 50.462876
2739.614052 49.942209
2740.041681 50.025360
2740.469309 49.532709
2740.896937 49.760175
2741.324565 50.486018
2741.752193 50.692944
2742.179821 49.939304
2742.607449 49.973117
2743.035077 49.934572
2743.462705 49.902709
2743.890333 50.384883
2744.317961 50.620883
2744.745589 50.476484
2745.173217 50.788896
2745.600845 51.029505
2746.028474 51.189487
2746.456102 51.330530
2746.883730 50.983582
2747.311358 50.620560
2747.738986 50.790393
2748.166614 50.271650
2748.594242 50.706397
2749.021870 51.590957
2749.449498 51.565271
2749.877126 51.326095
2750.304754 51.073492
2750.732382 51.549087
2751.160010 51.336204
2751.587638 51.202056
2752.015267 50.688431
2752.442895 51.236159
2752.870523 50.973776
2753.298151 51.347856
2753.725779 50.728119
2754.153407 50.777354
2754.581035 50.917202
2755.008663 50.495534
2755.436291 50.622232
2755.863919 50.912173
2756.291547 51.255519
2756.719175 50.861389
2757.146803 50.783267
2757.574431 51.165706
2758.002059 50.640643
2758.429688 50.519470
2758.857316 50.404113
2759.284944 51.270895
2759.712572 50.857329
2760.140200 50.138903
2760.567828 50.260863
2760.995456 51.900883
2761.423084 52.572508
2761.850712 51.963803
2762.278340 52.234920
2762.705968 51.823045
2763.133596 51.727209
2763.561224 51.737034
2763.988852 52.682829
2764.416481 52.344641
2764.844109 51.994498
2765.271737 51.494140
2765.699365 51.573321
2766.126993 52.465640
2766.554621 52.369488
2766.982249 52.341446
2767.409877 52.345235
2767.837505 53.691093
2768.265133 53.319453
2768.692761 53.018093
2769.120389 53.069626
2769.548017 53.356358
2769.975645 53.882177
2770.403274 54.039028
2770.830902 53.806372
2771.258530 54.027867
2771.686158 53.986049
2772.113786 54.777117
2772.541414 55.051210
2772.969042 55.136704
2773.396670 54.888413
2773.824298 55.288676
2774.251926 55.671599
2774.679554 55.798362
2775.107182 56.240584
2775.534810 56.062695
2775.962438 57.101537
2776.390067 57.177587
2776.817695 57.481284
2777.245323 57.532527
2777.672951 58.258893
2778.100579 57.617840
2778.528207 57.949540
2778.955835 58.893096
2779.383463 59.417739
2779.811091 59.686662
2780.238719 60.338481
2780.666347 60.186820
2781.093975 60.733057
2781.521603 61.012520
2781.949231 61.362302
2782.376860 61.875100
2782.804488 62.600846
2783.232116 62.866986
2783.659744 62.715867
2784.087372 63.604023
2784.515000 64.232591
2784.942628 64.390346
2785.370256 64.214277
2785.797884 65.326497
2786.225512 66.064676
2786.653140 66.477804
2787.080768 67.205035
2787.508396 67.320043
2787.936024 67.545850
2788.363652 68.297385
2788.791281 69.106147
2789.218909 69.310070
2789.646537 70.173909
2790.074165 69.081081
2790.501793 69.637691
2790.929421 70.590393
2791.357049 70.436957
2791.784677 70.845811
2792.212305 72.273625
2792.639933 72.051872
2793.067561 71.989901
2793.495189 72.699883
2793.922817 73.501538
2794.350445 73.394573
2794.778074 72.648796
2795.205702 73.452387
2795.633330 73.148328
2796.060958 74.015485
2796.488586 74.472328
2796.916214 73.588943
2797.343842 73.459049
2797.771470 72.919797
2798.199098 71.936670
2798.626726 72.124114
2799.054354 71.841616
2799.481982 72.107401
2799.909610 71.714136
2800.337238 71.369092
2800.764867 69.793942
2801.192495 69.579432
2801.620123 68.932124
2802.047751 68.380091
2802.475379 68.644720
2802.903007 67.993591
2803.330635 67.041244
2803.758263 67.431952
2804.185891 67.810712
2804.613519 66.703966
2805.041147 65.967284
2805.468775 65.427400
2805.896403 64.995713
2806.324031 64.504089
2806.751660 63.249413
2807.179288 62.419155
2807.606916 62.617391
2808.034544 62.712381
2808.462172 62.266951
2808.889800 61.992329
2809.317428 61.409800
2809.745056 60.795034
2810.172684 60.811424
2810.600312 60.475141
2811.027940 59.724528
2811.455568 59.990598
2811.883196 59.530178
2812.310824 59.003637
2812.738453 58.820351
2813.166081 58.545838
2813.593709 58.553384
2814.021337 58.667779
2814.448965 57.769869
2814.876593 57.239926
2815.304221 56.398759
2815.731849 55.865459
2816.159477 55.885503
2816.587105 56.372918
2817.014733 56.503471
2817.442361 55.990440
2817.869989 55.782792
2818.297617 56.161823
2818.725246 56.366347
2819.152874 55.871830
2819.580502 55.530021
2820.008130 55.020231
2820.435758 54.431996
2820.863386 54.078812
2821.291014 55.023710
2821.718642 54.693024
2822.146270 54.998967
2822.573898 54.949345
2823.001526 54.524159
2823.429154 54.800892
2823.856782 54.654382
2824.284410 54.778918
2824.712038 54.684005
2825.139667 54.833233
2825.567295 55.342933
2825.994923 55.095933
2826.422551 54.755234
2826.850179 54.800040
2827.277807 54.841490
2827.705435 55.667829
2828.133063 55.525418
2828.560691 55.464958
2828.988319 55.352454
2829.415947 55.937216
2829.843575 55.694051
2830.271203 55.241177
2830.698831 55.509538
2831.126460 54.707148
2831.554088 55.166154
2831.981716 55.204363
2832.409344 55.109302
2832.836972 54.804694
2833.264600 54.489804
2833.692228 55.438103
2834.119856 54.606768
2834.547484 54.934343
2834.975112 55.487377
2835.402740 54.561806
2835.830368 54.473168
2836.257996 54.045968
2836.685624 54.483923
2837.113253 54.309280
2837.540881 53.529884
2837.968509 53.640167
2838.396137 53.175132
2838.823765 52.852669
2839.251393 53.089741
2839.679021 53.280024
2840.106649 52.480707
2840.534277 51.579247
2840.961905 50.984989
2841.389533 51.064757
2841.817161 51.314436
2842.244789 50.826317
2842.672417 49.964318
2843.100046 49.257706
2843.527674 50.119291
2843.955302 49.381048
2844.382930 49.029839
2844.810558 49.091804
2845.238186 49.148598
2845.665814 49.207774
2846.093442 49.632166
2846.521070 49.071044
2846.948698 49.067668
2847.376326 50.517617
2847.803954 50.895467
2848.231582 49.877552
2848.659210 49.626582
2849.086839 49.347274
2849.514467 49.053556
2849.942095 48.658858
2850.369723 48.109581
2850.797351 48.097600
2851.224979 48.550196
2851.652607 48.296934
2852.080235 47.843667
2852.507863 47.965847
2852.935491 47.838529
2853.363119 47.711372
2853.790747 47.079402
2854.218375 47.109704
2854.646003 46.724740
2855.073631 47.335976
2855.501260 47.175754
2855.928888 47.094863
2856.356516 46.798589
2856.784144 46.769366
2857.211772 46.833241
2857.639400 47.005812
2858.067028 47.067447
2858.494656 46.397733
2858.922284 46.273223
2859.349912 46.338073
2859.777540 45.926766
2860.205168 46.040308
2860.632796 45.920271
2861.060424 45.762213
2861.488053 46.341249
2861.915681 45.949979
2862.343309 45.719524
2862.770937 45.701668
2863.198565 46.264611
2863.626193 45.508616
2864.053821 45.560452
2864.481449 45.528569
2864.909077 45.069273
2865.336705 45.214453
2865.764333 46.201298
2866.191961 46.302775
2866.619589 45.565332
2867.047217 45.432849
2867.474846 45.014073
2867.902474 44.646694
2868.330102 44.866782
2868.757730 45.009051
2869.185358 45.278638
2869.612986 44.441183
2870.040614 44.592244
2870.468242 44.792384
2870.895870 44.614515
2871.323498 44.310152
2871.751126 44.393220
2872.178754 45.237053
2872.606382 44.866724
2873.034010 44.990376
2873.461639 43.964179
2873.889267 44.243114
2874.316895 44.175778
2874.744523 43.933962
2875.172151 44.653092
2875.599779 44.023898
2876.027407 44.227208
2876.455035 44.731782
2876.882663 44.959300
2877.310291 43.843194
2877.737919 43.547663
2878.165547 43.386370
2878.593175 43.603449
2879.020803 43.924499
2879.448432 44.024659
2879.876060 43.866652
2880.303688 43.818457
2880.731316 43.094925
2881.158944 42.671824
2881.586572 43.455009
2882.014200 43.019359
2882.441828 43.157425
2882.869456 42.855904
2883.297084 42.905752
2883.724712 43.381438
2884.152340 42.751489
2884.579968 43.147155
2885.007596 42.965580
2885.435225 42.804209
2885.862853 42.760081
2886.290481 42.521318
2886.718109 42.725074
2887.145737 42.971661
2887.573365 42.356223
2888.000993 42.233978
2888.428621 42.190863
2888.856249 42.208712
2889.283877 42.983371
2889.711505 43.078916
2890.139133 42.586762
2890.566761 42.239382
2890.994389 42.903492
2891.422017 42.680855
2891.849646 42.103658
2892.277274 41.939790
2892.704902 41.955651
2893.132530 41.710865
2893.560158 41.987450
2893.987786 41.981511
2894.415414 41.989296
2894.843042 41.552406
2895.270670 41.307975
2895.698298 41.646331
2896.125926 41.193303
2896.553554 40.795874
2896.981182 41.927919
2897.408810 41.325785
2897.836439 40.929325
2898.264067 40.326773
2898.691695 39.996970
2899.119323 40.464710
2899.546951 40.416121
2899.974579 40.176260
2900.402207 40.155403
2900.829835 40.293437
2901.257463 40.080592
2901.685091 40.805674
2902.112719 40.506282
2902.540347 40.363329
2902.967975 40.717881
2903.395603 40.821024
2903.823232 40.848989
2904.250860 40.228361
2904.678488 40.579234
2905.106116 40.985448
2905.533744 39.874377
2905.961372 39.327695
2906.389000 39.526661
2906.816628 38.539804
2907.244256 38.103088
2907.671884 40.844883
2908.099512 40.761513
2908.527140 41.567008
2908.954768 41.709283
2909.382396 42.788885
2909.810025 42.159258
2910.237653 41.000289
2910.665281 40.094329
2911.092909 40.020526
2911.520537 40.727674
2911.948165 40.644058
2912.375793 40.800819
2912.803421 40.844322
2913.231049 40.547990
2913.658677 40.526933
2914.086305 40.520852
2914.513933 40.940784
2914.941561 40.331272
2915.369189 39.853714
2915.796818 40.762939
2916.224446 40.487071
2916.652074 40.642070
2917.079702 40.889160
2917.507330 40.528243
2917.934958 40.499988
2918.362586 40.975378
2918.790214 40.792395
2919.217842 40.310292
2919.645470 40.727984
2920.073098 41.041771
2920.500726 40.937937
2920.928354 40.816112
2921.355982 40.968102
2921.783610 40.820695
2922.211239 40.634814
2922.638867 40.638584
2923.066495 40.188480
2923.494123 40.323564
2923.921751 40.349683
2924.349379 39.998248
2924.777007 39.909120
2925.204635 40.265370
2925.632263 40.447500
2926.059891 40.616042
2926.487519 40.213701
2926.915147 40.298989
2927.342775 41.118763
2927.770403 41.391901
2928.198032 41.767736
2928.625660 41.303437
2929.053288 40.754631
2929.480916 40.823458
2929.908544 40.579318
2930.336172 40.308033
2930.763800 40.007331
2931.191428 40.263723
2931.619056 39.879483
2932.046684 39.726163
2932.474312 40.276176
2932.901940 40.412215
2933.329568 40.896829
2933.757196 40.738674
2934.184825 40.860867
2934.612453 40.741224
2935.040081 40.828693
2935.467709 41.204542
2935.895337 40.756413
2936.322965 40.222235
2936.750593 40.325759
2937.178221 40.751507
2937.605849 40.624021
2938.033477 40.650165
2938.461105 41.377932
2938.888733 41.080283
2939.316361 40.705855
2939.743989 41.053022
2940.171618 41.236295
2940.599246 41.127988
2941.026874 40.903401
2941.454502 41.179986
2941.882130 40.924419
2942.309758 40.958277
2942.737386 41.227981
2943.165014 40.781363
2943.592642 40.870433
2944.020270 40.905434
2944.447898 40.716274
2944.875526 40.458313
2945.303154 40.647964
2945.730782 40.516637
2946.158411 40.648790
2946.586039 41.039376
2947.013667 41.042687
2947.441295 41.205290
2947.868923 41.462193
2948.296551 41.643413
2948.724179 40.990354
2949.151807 40.725453
2949.579435 40.562489
2950.007063 40.794138
2950.434691 40.697663
2950.862319 40.948485
2951.289947 40.703499
2951.717575 41.020229
2952.145204 40.958084
2952.572832 41.357959
2953.000460 41.790504
2953.428088 41.608935
2953.855716 41.430291
2954.283344 41.149523
2954.710972 40.572062
2955.138600 41.017473
2955.566228 41.596367
2955.993856 41.006505
2956.421484 41.612821
2956.849112 40.751455
2957.276740 40.995899
2957.704368 40.998326
2958.131996 40.469222
2958.559625 40.371857
2958.987253 40.636518
2959.414881 40.788477
2959.842509 40.880265
2960.270137 41.061182
2960.697765 41.026207
2961.125393 41.139052
2961.553021 41.294890
2961.980649 41.218375
2962.408277 41.020797
2962.835905 40.755826
2963.263533 41.019513
2963.691161 40.606172
2964.118789 40.519819
2964.546418 40.615041
2964.974046 41.316858
2965.401674 41.410034
2965.829302 40.331750
2966.256930 40.783487
2966.684558 41.161840
2967.112186 41.386246
2967.539814 41.979871
2967.967442 42.518723
2968.395070 41.226974
2968.822698 40.551160
2969.250326 40.926659
2969.677954 41.342466
2970.105582 40.902994
2970.533211 40.612007
2970.960839 40.831108
2971.388467 40.484973
2971.816095 41.022205
2972.243723 40.917493
2972.671351 40.870601
2973.098979 40.183684
2973.526607 39.590924
2973.954235 40.023792
2974.381863 40.359404
2974.809491 40.507489
2975.237119 40.106504
2975.664747 40.415927
2976.092375 40.134972
2976.520004 40.362335
2976.947632 40.193102
2977.375260 40.330684
2977.802888 40.421756
2978.230516 40.038981
2978.658144 40.377679
2979.085772 40.571455
2979.513400 40.168901
2979.941028 40.275692
2980.368656 40.266983
2980.796284 39.821669
2981.223912 40.224365
2981.651540 39.592809
2982.079168 39.369061
2982.506797 39.608547
2982.934425 39.464122
2983.362053 39.820675
2983.789681 39.704099
2984.217309 39.355311
2984.644937 39.212861
2985.072565 38.894640
2985.500193 38.470170
2985.927821 38.626105
2986.355449 38.670149
2986.783077 39.447616
2987.210705 40.014600
2987.638333 39.272573
2988.065961 38.608553
2988.493589 38.405746
2988.921218 38.082560
2989.348846 38.379505
2989.776474 39.181017
2990.204102 38.141052
2990.631730 38.137882
2991.059358 38.473617
2991.486986 38.576476
2991.914614 37.997401
2992.342242 37.930615
2992.769870 38.327798
2993.197498 37.908002
2993.625126 38.014301
2994.052754 37.988358
2994.480382 37.707041
2994.908011 37.524291
2995.335639 36.698390
2995.763267 37.338410
2996.190895 37.766656
2996.618523 37.261927
2997.046151 37.756695
2997.473779 38.304927
2997.901407 37.802812
2998.329035 37.894232
2998.756663 37.849516
2999.184291 37.403718
2999.611919 37.186393
3000.039547 37.276755
3000.467175 36.743681
3000.894804 36.188149
3001.322432 37.325099
3001.750060 37.672473
3002.177688 37.512361
3002.605316 36.471337
3003.032944 35.967519
3003.460572 36.312155
3003.888200 36.071933
3004.315828 36.364863
3004.743456 36.449260
3005.171084 36.436640
3005.598712 36.568064
3006.026340 36.701289
3006.453968 35.981527
3006.881597 35.763634
3007.309225 35.665758
3007.736853 35.034066
3008.164481 35.825553
3008.592109 36.382648
3009.019737 35.959294
3009.447365 35.586222
3009.874993 35.668127
3010.302621 35.551066
3010.730249 35.023699
3011.157877 34.744525
3011.585505 35.256871
3012.013133 35.757669
3012.440761 35.098858
3012.868390 34.870404
3013.296018 35.013532
3013.723646 35.092984
3014.151274 35.348188
3014.578902 34.489404
3015.006530 34.671761
3015.434158 34.502625
3015.861786 34.314388
3016.289414 34.299863
3016.717042 34.804824
3017.144670 34.943123
3017.572298 35.060927
3017.999926 34.572284
3018.427554 34.354475
3018.855183 34.728748
3019.282811 34.428937
3019.710439 34.493265
3020.138067 34.955208
3020.565695 34.698912
3020.993323 34.541370
3021.420951 34.133516
3021.848579 34.092473
3022.276207 34.461808
3022.703835 33.946292
3023.131463 33.504406
3023.559091 33.965303
3023.986719 34.638432
3024.414347 34.140830
3024.841975 33.670050
3025.269604 34.155671
3025.697232 34.046014
3026.124860 34.667475
3026.552488 34.432359
3026.980116 34.190684
3027.407744 34.086747
3027.835372 34.115538
3028.263000 34.153618
3028.690628 33.713171
3029.118256 33.996657
3029.545884 33.793508
3029.973512 33.797665
3030.401140 33.780552
3030.828768 33.963922
3031.256397 34.250261
3031.684025 34.271660
3032.111653 34.303465
3032.539281 34.333999
3032.966909 33.910588
3033.394537 33.905275
3033.822165 33.447302
3034.249793 33.892997
3034.677421 34.421185
3035.105049 33.930580
3035.532677 34.034633
3035.960305 34.107591
3036.387933 34.232360
3036.815561 33.790196
3037.243190 33.558560
3037.670818 34.295396
3038.098446 34.364126
3038.526074 34.339828
3038.953702 33.853097
3039.381330 32.977116
3039.808958 33.531873
3040.236586 33.325535
3040.664214 33.417253
3041.091842 33.734074
3041.519470 33.587589
3041.947098 33.661922
3042.374726 33.777628
3042.802354 34.289115
3043.229983 33.680991
3043.657611 33.782301
3044.085239 33.653408
3044.512867 33.723403
3044.940495 33.782211
3045.368123 34.369774
3045.795751 33.915029
3046.223379 34.053806
3046.651007 34.167232
3047.078635 33.173371
3047.506263 33.502657
3047.933891 33.321139
3048.361519 33.406033
3048.789147 33.253888
3049.216776 33.694857
3049.644404 34.249576
3050.072032 33.438671
3050.499660 33.275016
3050.927288 33.810911
3051.354916 33.947487
3051.782544 33.775639
3052.210172 34.039733
3052.637800 33.858087
3053.065428 33.961643
3053.493056 33.990214
3053.920684 33.864187
3054.348312 33.631718
3054.775940 33.891261
3055.203568 33.721673
3055.631197 34.030476
3056.058825 34.143502
3056.486453 34.202446
3056.914081 34.063127
3057.341709 33.584768
3057.769337 32.807748
3058.196965 32.968898
3058.624593 33.687640
3059.052221 33.584917
3059.479849 33.685013
3059.907477 33.240512
3060.335105 34.071009
3060.762733 33.546082
3061.190361 33.981887
3061.617990 34.123394
3062.045618 33.855330
3062.473246 34.133103
3062.900874 34.278754
3063.328502 34.752226
3063.756130 35.122246
3064.183758 34.610190
3064.611386 34.598073
3065.039014 33.702249
3065.466642 33.775768
3065.894270 33.973418
3066.321898 33.890777
3066.749526 34.148583
3067.177154 33.586511
3067.604783 33.777841
3068.032411 33.877775
3068.460039 32.976812
3068.887667 32.108636
3069.315295 32.595600
3069.742923 32.947273
3070.170551 33.561929
3070.598179 34.507783
3071.025807 36.056505
3071.453435 37.788669
3071.881063 37.548143
3072.308691 36.841046
3072.736319 35.712127
3073.163947 35.212917
3073.591576 33.667519
3074.019204 33.252339
3074.446832 34.127022
3074.874460 36.262333
3075.302088 35.700617
3075.729716 34.378444
3076.157344 33.889615
3076.584972 34.023382
3077.012600 33.799569
3077.440228 33.369864
3077.867856 33.188166
3078.295484 33.012136
3078.723112 33.212529
3079.150740 34.004487
3079.578369 33.495343
3080.005997 33.413463
3080.433625 33.922930
3080.861253 33.376371
3081.288881 33.234974
3081.716509 33.059970
3082.144137 33.917121
3082.571765 33.662110
3082.999393 33.918425
3083.427021 33.783069
3083.854649 33.627716
3084.282277 33.875213
3084.709905 33.763884
3085.137533 33.687731
3085.565162 33.254701
3085.992790 32.473220
3086.420418 32.300004
3086.848046 33.055516
3087.275674 33.692398
3087.703302 33.443222
3088.130930 33.629956
3088.558558 33.701571
3088.986186 33.169375
3089.413814 33.627199
3089.841442 33.790906
3090.269070 33.305827
3090.696698 33.077160
3091.124326 33.908361
3091.551954 33.648185
3091.979583 33.222057
3092.407211 32.714436
3092.834839 32.892332
3093.262467 33.366398
3093.690095 33.722151
3094.117723 33.211819
3094.545351 33.308907
3094.972979 33.021186
3095.400607 33.201077
3095.828235 33.674801
3096.255863 33.293782
3096.683491 34.026958
3097.111119 34.171041
3097.538747 33.683386
3097.966376 33.463240
3098.394004 33.446069
3098.821632 33.243153
3099.249260 33.690235
3099.676888 34.397126
3100.104516 34.496512
3100.532144 33.747875
3100.959772 34.111600
3101.387400 34.228596
3101.815028 34.074805
3102.242656 34.267374
3102.670284 34.139597
3103.097912 34.479973
3103.525540 34.872082
3103.953169 34.964387
3104.380797 34.922666
3104.808425 35.733610
3105.236053 35.274979
3105.663681 35.835869
3106.091309 35.033485
3106.518937 34.593032
3106.946565 34.845267
3107.374193 35.212936
3107.801821 35.626826
3108.229449 35.643836
3108.657077 35.990422
3109.084705 35.246472
3109.512333 35.310057
3109.939962 35.589753
3110.367590 35.598326
3110.795218 35.506176
3111.222846 35.551092
3111.650474 35.330004
3112.078102 34.896542
3112.505730 34.809511
3112.933358 35.136286
3113.360986 35.464345
3113.788614 35.627013
3114.216242 36.170603
3114.643870 34.873470
3115.071498 34.818316
3115.499126 35.296739
3115.926755 35.393066
3116.354383 35.129250
3116.782011 35.403704
3117.209639 35.372680
3117.637267 35.505621
3118.064895 35.998214
3118.492523 36.072495
3118.920151 35.532404
3119.347779 35.719970
3119.775407 35.327041
3120.203035 35.061378
3120.630663 35.463280
3121.058291 35.278193
3121.485919 35.612941
3121.913547 35.201820
3122.341176 35.177303
3122.768804 35.019490
3123.196432 35.137209
3123.624060 35.193867
3124.051688 35.554875
3124.479316 35.501276
3124.906944 36.424084
3125.334572 36.195095
3125.762200 35.774491
3126.189828 35.725153
3126.617456 35.447800
3127.045084 36.387321
3127.472712 35.591528
3127.900340 35.683491
3128.327969 35.800797
3128.755597 35.531997
3129.183225 35.489328
3129.610853 35.932182
3130.038481 35.243728
3130.466109 35.596221
3130.893737 35.913287
3131.321365 35.582904
3131.748993 36.031575
3132.176621 36.105869
3132.604249 36.267949
3133.031877 36.778565
3133.459505 36.558658
3133.887133 36.798267
3134.314762 36.631900
3134.742390 35.933609
3135.170018 35.997910
3135.597646 36.345065
3136.025274 36.643643
3136.452902 36.708112
3136.880530 36.561131
3137.308158 36.397120
3137.735786 36.303337
3138.163414 35.623824
3138.591042 35.992817
3139.018670 35.535593
3139.446298 35.333567
3139.873926 34.936436
3140.301555 35.707343
3140.729183 36.275722
3141.156811 36.337744
3141.584439 36.103248
3142.012067 35.138694
3142.439695 34.653370
3142.867323 35.255180
3143.294951 34.985819
3143.722579 35.151133
3144.150207 34.972166
3144.577835 34.995037
3145.005463 35.499230
3145.433091 35.689610
3145.860719 35.594020
3146.288348 34.792617
3146.715976 34.941083
3147.143604 35.100523
3147.571232 35.134040
3147.998860 35.554791
3148.426488 35.135111
3148.854116 35.593633
3149.281744 35.907219
3149.709372 35.757443
3150.137000 35.490812
3150.564628 34.880584
3150.992256 34.446193
3151.419884 34.952245
3151.847512 35.750103
3152.275141 36.101822
3152.702769 35.756442
3153.130397 36.115997
3153.558025 36.001461
3153.985653 35.670658
3154.413281 36.158687
3154.840909 36.450519
3155.268537 36.212944
3155.696165 36.151334
3156.123793 36.227384
3156.551421 35.560033
3156.979049 35.835365
3157.406677 35.569935
3157.834305 35.113299
3158.261933 34.741233
3158.689562 35.050366
3159.117190 35.373609
3159.544818 35.761342
3159.972446 35.778862
3160.400074 35.064806
3160.827702 35.409094
3161.255330 35.099187
3161.682958 35.341236
3162.110586 35.342592
3162.538214 34.923021
3162.965842 35.554242
3163.393470 35.131315
3163.821098 35.012176
3164.248726 35.681432
3164.676355 35.390174
3165.103983 35.820415
3165.531611 36.128656
3165.959239 35.571317
3166.386867 35.738277
3166.814495 35.973722
3167.242123 36.038753
3167.669751 35.842285
3168.097379 36.324349
3168.525007 36.713476
3168.952635 36.159196
3169.380263 36.321386
3169.807891 35.968242
3170.235519 36.144014
3170.663148 35.816677
3171.090776 35.748767
3171.518404 35.949528
3171.946032 36.395862
3172.373660 36.662738
3172.801288 35.781902
3173.228916 35.479425
3173.656544 35.628834
3174.084172 36.542836
3174.511800 36.918465
3174.939428 36.578650
3175.367056 36.434903
3175.794684 36.419191
3176.222312 36.172333
3176.649941 36.234349
3177.077569 36.357143
3177.505197 36.535865
3177.932825 37.040103
3178.360453 36.569942
3178.788081 36.177736
3179.215709 36.639505
3179.643337 37.345201
3180.070965 37.041813
3180.498593 36.915186
3180.926221 37.450074
3181.353849 36.385068
3181.781477 36.237887
3182.209105 36.461480
3182.636734 36.708925
3183.064362 36.489929
3183.491990 36.893257
3183.919618 37.716233
3184.347246 37.393525
3184.774874 37.186619
3185.202502 36.676539
3185.630130 36.538802
3186.057758 37.040451
3186.485386 36.612909
3186.913014 36.069003
3187.340642 36.970431
3187.768270 36.760213
3188.195898 36.631474
3188.623526 36.634508
3189.051155 36.627375
3189.478783 36.118024
3189.906411 36.189233
3190.334039 36.139708
3190.761667 36.085793
3191.189295 36.209819
3191.616923 36.453824
3192.044551 37.033460
3192.472179 36.326008
3192.899807 36.817291
3193.327435 36.436711
3193.755063 36.663919
3194.182691 36.429610
3194.610319 35.049520
3195.037948 34.988001
3195.465576 35.676041
3195.893204 35.318313
3196.320832 35.991416
3196.748460 36.030155
3197.176088 36.191157
3197.603716 36.467593
3198.031344 36.648749
3198.458972 36.506519
3198.886600 36.726529
3199.314228 36.686235
3199.741856 36.941517
3200.169484 36.557981
3200.597112 36.767314
3201.024741 35.959469
3201.452369 36.223001
3201.879997 35.953091
3202.307625 36.536697
3202.735253 36.111685
3203.162881 35.738316
3203.590509 35.822597
3204.018137 35.847127
3204.445765 36.711779
3204.873393 36.139469
3205.301021 35.724030
3205.728649 36.015566
3206.156277 35.812249
3206.583905 36.178821
3207.011534 36.035306
3207.439162 35.747547
3207.866790 35.640789
3208.294418 35.250610
3208.722046 34.964310
3209.149674 34.934596
3209.577302 35.151153
3210.004930 35.139772
3210.432558 35.663331
3210.860186 35.094081
3211.287814 35.521056
3211.715442 36.058287
3212.143070 36.954053
3212.570698 36.150282
3212.998327 36.108761
3213.425955 35.977305
3213.853583 35.566540
3214.281211 34.924829
3214.708839 35.233736
3215.136467 35.687771
3215.564095 35.905431
3215.991723 35.305900
3216.419351 35.055775
3216.846979 35.461027
3217.274607 35.438440
3217.702235 35.656269
3218.129863 35.190911
3218.557491 35.512844
3218.985120 35.126506
3219.412748 35.169912
3219.840376 35.220547
3220.268004 35.356587
3220.695632 35.281382
3221.123260 35.416234
3221.550888 35.319507
3221.978516 34.553951
3222.406144 34.818277
3222.833772 34.793495
3223.261400 34.816489
3223.689028 34.953155
3224.116656 34.639220
3224.544284 34.759973
3224.971912 34.949617
3225.399541 35.342895
3225.827169 34.338079
3226.254797 34.990505
3226.682425 34.796323
3227.110053 34.677893
3227.537681 34.641208
3227.965309 35.001641
3228.392937 35.535044
3228.820565 35.050469
3229.248193 34.927043
3229.675821 34.601843
3230.103449 34.723126
3230.531077 34.766473
3230.958705 34.994882
3231.386334 34.927230
3231.813962 34.615961
3232.241590 34.628517
3232.669218 34.489295
3233.096846 34.177709
3233.524474 34.024879
3233.952102 33.693250
3234.379730 33.760172
3234.807358 34.607944
3235.234986 34.104409
3235.662614 34.504110
3236.090242 34.683187
3236.517870 34.511391
3236.945498 34.268845
3237.373127 34.585873
3237.800755 34.487022
3238.228383 34.527633
3238.656011 34.468438
3239.083639 34.480896
3239.511267 34.318668
3239.938895 33.521835
3240.366523 34.178000
3240.794151 34.208869
3241.221779 33.916094
3241.649407 34.265850
3242.077035 33.897051
3242.504663 33.704534
3242.932291 33.677764
3243.359920 33.828199
3243.787548 34.366669
3244.215176 35.339435
3244.642804 35.498365
3245.070432 35.003009
3245.498060 34.221580
3245.925688 34.320540
3246.353316 34.576526
3246.780944 34.104854
3247.208572 34.172538
3247.636200 34.331081
3248.063828 34.222619
3248.491456 34.367973
3248.919084 34.094713
3249.346713 33.658430
3249.774341 33.994656
3250.201969 33.231469
3250.629597 33.234980
3251.057225 34.208140
3251.484853 34.534385
3251.912481 34.760580
3252.340109 34.038035
3252.767737 33.954975
3253.195365 33.760824
3253.622993 33.915313
3254.050621 34.852839
3254.478249 35.013809
3254.905877 35.249900
3255.333505 34.680585
3255.761134 33.495149
3256.188762 33.217693
3256.616390 32.988968
3257.044018 33.427020
3257.471646 33.884192
3257.899274 34.041399
3258.326902 34.096811
3258.754530 34.267690
3259.182158 33.582173
3259.609786 33.959552
3260.037414 33.618000
3260.465042 33.661645
3260.892670 33.305821
3261.320298 33.469431
3261.747927 33.868338
3262.175555 34.399488
3262.603183 34.341235
3263.030811 33.771527
3263.458439 34.395325
3263.886067 34.112620
3264.313695 34.210457
3264.741323 34.104157
3265.168951 34.322018
3265.596579 34.187037
3266.024207 33.644448
3266.451835 33.416452
3266.879463 34.144664
3267.307091 33.799492
3267.734720 33.808206
3268.162348 33.993210
3268.589976 33.234399
3269.017604 33.848927
3269.445232 33.361156
3269.872860 33.748734
3270.300488 33.965904
3270.728116 34.174695
3271.155744 34.262907
3271.583372 34.228396
3272.011000 33.503134
3272.438628 33.280561
3272.866256 33.511972
3273.293884 33.371336
3273.721513 33.188702
3274.149141 33.086133
3274.576769 32.794650
3275.004397 33.168858
3275.432025 33.497228
3275.859653 33.276443
3276.287281 33.163300
3276.714909 32.446533
3277.142537 32.975044
3277.570165 33.258891
3277.997793 33.827992
3278.425421 33.892216
3278.853049 34.313942
3279.280677 33.873876
3279.708306 33.329312
3280.135934 32.868466
3280.563562 32.611577
3280.991190 32.515160
3281.418818 32.493625
3281.846446 31.910884
3282.274074 32.096132
3282.701702 32.225510
3283.129330 32.566912
3283.556958 33.141120
3283.984586 33.228635
3284.412214 33.259943
3284.839842 34.033652
3285.267470 35.799971
3285.695099 34.491218
3286.122727 34.157052
3286.550355 31.493973
3286.977983 32.949790
3287.405611 32.444720
3287.833239 32.125859
3288.260867 32.179625
3288.688495 32.644480
3289.116123 32.347083
3289.543751 32.450168
3289.971379 32.029687
3290.399007 32.140848
3290.826635 32.176985
3291.254263 32.354823
3291.681891 31.901433
3292.109520 31.826170
3292.537148 32.036976
3292.964776 32.511668
3293.392404 32.695199
3293.820032 32.416620
3294.247660 31.923620
3294.675288 31.923162
3295.102916 31.968401
3295.530544 31.509718
3295.958172 31.875567
3296.385800 32.036608
3296.813428 32.347296
3297.241056 32.547178
3297.668684 31.954696
3298.096313 31.394406
3298.523941 31.347237
3298.951569 31.035458
3299.379197 30.979884
3299.806825 31.303483
3300.234453 31.820432
3300.662081 32.408286
3301.089709 33.293969
3301.517337 32.168303
3301.944965 30.751604
3302.372593 30.107305
3302.800221 30.088217
3303.227849 31.081781
3303.655477 31.179605
3304.083106 31.408608
3304.510734 30.580751
3304.938362 30.913743
3305.365990 30.727339
3305.793618 30.454692
3306.221246 30.857788
3306.648874 31.058206
3307.076502 31.051170
3307.504130 30.156236
3307.931758 29.664405
3308.359386 30.116891
3308.787014 30.487704
3309.214642 30.418516
3309.642270 30.425223
3310.069899 30.713963
3310.497527 30.433196
3310.925155 30.440038
3311.352783 30.347353
3311.780411 29.913439
3312.208039 30.531859
3312.635667 30.447688
3313.063295 30.627966
3313.490923 30.460114
3313.918551 30.682694
3314.346179 30.314540
3314.773807 30.320925
3315.201435 30.173885
3315.629063 30.518548
3316.056692 30.079115
3316.484320 29.567188
3316.911948 29.650430
3317.339576 30.496716
3317.767204 30.426398
3318.194832 31.037291
3318.622460 31.119319
3319.050088 31.025626
3319.477716 31.176268
3319.905344 29.871983
3320.332972 29.602970
3320.760600 30.067011
3321.188228 29.851384
3321.615856 29.163698
3322.043484 29.316902
3322.471113 29.558015
3322.898741 29.684062
3323.326369 29.714499
3323.753997 29.502880
3324.181625 29.584179
3324.609253 29.844722
3325.036881 29.963209
3325.464509 30.180018
3325.892137 30.078133
3326.319765 30.169321
3326.747393 30.119176
3327.175021 30.066346
3327.602649 29.463567
3328.030277 29.909934
3328.457906 29.635763
3328.885534 30.372942
3329.313162 30.797018
3329.740790 30.341033
3330.168418 29.522195
3330.596046 30.363188
3331.023674 30.093594
3331.451302 29.645924
3331.878930 29.618489
3332.306558 29.485419
3332.734186 29.772048
3333.161814 29.461870
3333.589442 29.702679
3334.017070 29.889993
3334.444699 29.491745
3334.872327 30.056954
3335.299955 29.830649
3335.727583 29.583830
3336.155211 29.763133
3336.582839 29.257081
3337.010467 29.469480
3337.438095 29.389802
3337.865723 29.207078
3338.293351 29.505462
3338.720979 29.273161
3339.148607 29.750519
3339.576235 29.575883
3340.003863 29.696546
3340.431492 29.785875
3340.859120 30.258889
3341.286748 30.057754
3341.714376 29.737570
3342.142004 29.550566
3342.569632 29.646059
3342.997260 30.106292
3343.424888 29.974893
3343.852516 29.849157
3344.280144 29.700458
3344.707772 29.670344
3345.135400 29.541296
3345.563028 30.066637
3345.990656 29.681641
3346.418285 29.891078
3346.845913 30.179702
3347.273541 29.972653
3347.701169 29.475923
3348.128797 29.585599
3348.556425 29.736479
3348.984053 29.506928
3349.411681 29.609942
3349.839309 29.847498
3350.266937 29.906829
3350.694565 29.375891
3351.122193 29.540889
3351.549821 29.591783
3351.977449 29.624137
3352.405078 29.494611
3352.832706 29.609135
3353.260334 29.635266
3353.687962 29.270063
3354.115590 29.181780
3354.543218 28.870685
3354.970846 29.041370
3355.398474 29.176241
3355.826102 29.586819
3356.253730 29.768446
3356.681358 29.392436
3357.108986 29.032313
3357.536614 28.947141
3357.964242 29.229801
3358.391870 29.105465
3358.819499 29.056572
3359.247127 28.974060
3359.674755 29.136147
3360.102383 28.958057
3360.530011 28.985583
3360.957639 29.064686
3361.385267 29.063286
3361.812895 28.921830
3362.240523 28.808404
3362.668151 28.630133
3363.095779 28.727435
3363.523407 29.126477
3363.951035 28.878050
3364.378663 28.966333
3364.806292 29.204935
3365.233920 29.021842
3365.661548 28.779529
3366.089176 29.046328
3366.516804 28.931668
3366.944432 28.935541
3367.372060 29.067708
3367.799688 28.632135
3368.227316 28.870575
3368.654944 28.944921
3369.082572 28.850867
3369.510200 28.783370
3369.937828 29.150930
3370.365456 28.870568
3370.793085 29.247153
3371.220713 29.123146
3371.648341 29.286620
3372.075969 29.230388
3372.503597 29.135902
3372.931225 28.377149
3373.358853 28.613647
3373.786481 28.349572
3374.214109 28.623084
3374.641737 29.048316
3375.069365 29.506611
3375.496993 29.419652
3375.924621 29.087609
3376.352249 28.797920
3376.779878 28.994304
3377.207506 28.651346
3377.635134 29.371082
3378.062762 29.058709
3378.490390 28.675766
3378.918018 28.758859
3379.345646 28.664372
3379.773274 28.383682
3380.200902 28.770117
3380.628530 28.194186
3381.056158 28.825762
3381.483786 28.756690
3381.911414 28.610077
3382.339042 28.617772
3382.766671 28.739396
3383.194299 28.803026
3383.621927 28.408729
3384.049555 28.402428
3384.477183 28.549648
3384.904811 28.307187
3385.332439 29.027833
3385.760067 29.443311
3386.187695 29.148896
3386.615323 28.963293
3387.042951 28.639558
3387.470579 28.651894
3387.898207 28.465742
3388.325835 28.510852
3388.753463 28.779942
3389.181092 28.800909
3389.608720 28.319639
3390.036348 28.799850
3390.463976 28.837278
3390.891604 29.257358
3391.319232 29.326702
3391.746860 28.634291
3392.174488 28.917279
3392.602116 29.270437
3393.029744 29.170095
3393.457372 29.017201
3393.885000 29.064364
3394.312628 28.468666
3394.740256 28.722606
3395.167885 28.580531
3395.595513 28.415333
3396.023141 28.568601
3396.450769 28.820391
3396.878397 28.872234
3397.306025 29.245106
3397.733653 29.364155
3398.161281 28.725182
3398.588909 28.635562
3399.016537 27.695054
3399.444165 26.676669
3399.871793 26.250314
3400.299421 25.855416
3400.727049 26.255472
3401.154678 27.521251
3401.582306 27.682208
3402.009934 28.405508
3402.437562 28.769846
3402.865190 28.873460
3403.292818 29.090443
3403.720446 28.892730
3404.148074 28.600187
3404.575702 28.177693
3405.003330 28.710819
3405.430958 28.747627
3405.858586 29.041990
3406.286214 29.196168
3406.713842 28.990502
3407.141471 29.364465
3407.569099 29.339025
3407.996727 29.641805
3408.424355 29.423299
3408.851983 28.593093
3409.279611 28.631186
3409.707239 28.623433
3410.134867 28.861570
3410.562495 29.145313
3410.990123 28.746090
3411.417751 28.872912
3411.845379 29.003206
3412.273007 29.251691
3412.700635 29.292437
3413.128264 29.441852
3413.555892 29.421608
3413.983520 29.209880
3414.411148 29.133552
3414.838776 29.364510
3415.266404 29.336520
3415.694032 29.432285
3416.121660 29.432698
3416.549288 29.909533
3416.976916 29.891497
3417.404544 29.631457
3417.832172 29.623827
3418.259800 29.941616
3418.687428 29.556995
3419.115057 29.751042
3419.542685 29.658053
3419.970313 29.368887
3420.397941 29.137038
3420.825569 29.329122
3421.253197 29.415953
3421.680825 29.960621
3422.108453 30.033792
3422.536081 30.404373
3422.963709 30.688833
3423.391337 30.951610
3423.818965 30.884687
3424.246593 30.697477
3424.674221 30.639314
3425.101849 30.660139
3425.529478 30.551773
3425.957106 30.599620
3426.384734 30.673940
3426.812362 30.466821
3427.239990 30.933993
3427.667618 30.565865
3428.095246 29.599820
3428.522874 29.828900
3428.950502 29.795003
3429.378130 29.539075
3429.805758 29.174679
3430.233386 28.423757
3430.661014 28.298930
3431.088642 28.659389
3431.516271 29.020093
3431.943899 28.991360
3432.371527 28.974712
3432.799155 29.113824
3433.226783 29.430045
3433.654411 29.247656
3434.082039 28.736930
3434.509667 28.833153
3434.937295 28.637635
3435.364923 28.599574
3435.792551 28.294192
3436.220179 28.215017
3436.647807 28.084936
3437.075435 28.575612
3437.503064 28.656645
3437.930692 28.658221
3438.358320 29.246417
3438.785948 29.180727
3439.213576 28.634859
3439.641204 28.512769
3440.068832 28.772305
3440.496460 29.144410
3440.924088 29.004387
3441.351716 28.964855
3441.779344 28.921249
3442.206972 28.995240
3442.634600 28.914942
3443.062228 28.692911
3443.489857 29.006098
3443.917485 28.880058
3444.345113 28.651197
3444.772741 28.488943
3445.200369 28.806015
3445.627997 28.705015
3446.055625 28.509425
3446.483253 28.586541
3446.910881 28.191817
3447.338509 28.380048
3447.766137 28.272231
3448.193765 28.903930
3448.621393 28.977055
3449.049021 28.735116
3449.476650 28.312990
3449.904278 28.710089
3450.331906 28.530689
3450.759534 28.788379
3451.187162 28.481952
3451.614790 28.566626
3452.042418 28.647589
3452.470046 28.635143
3452.897674 29.007615
3453.325302 28.747123
3453.752930 28.752481
3454.180558 28.418470
3454.608186 28.859904
3455.035814 28.670421
3455.463442 28.630166
3455.891071 28.786643
3456.318699 28.714969
3456.746327 28.696230
3457.173955 28.385373
3457.601583 28.277989
3458.029211 28.659860
3458.456839 28.914006
3458.884467 29.093813
3459.312095 29.416895
3459.739723 29.185937
3460.167351 29.301687
3460.594979 29.071077
3461.022607 28.204863
3461.450235 27.977520
3461.877864 28.226301
3462.305492 27.842164
3462.733120 28.210408
3463.160748 28.438946
3463.588376 28.351993
3464.016004 28.297491
3464.443632 28.387136
3464.871260 28.241381
3465.298888 27.992296
3465.726516 28.102908
3466.154144 28.374567
3466.581772 28.210776
3467.009400 28.044468
3467.437028 28.117290
3467.864657 28.164214
3468.292285 28.504339
3468.719913 28.407541
3469.147541 28.340535
3469.575169 28.824910
3470.002797 29.024270
3470.430425 28.975674
3470.858053 28.800903
3471.285681 28.659544
3471.713309 28.000959
3472.140937 28.120589
3472.568565 28.509735
3472.996193 28.246442
3473.423821 28.334660
3473.851450 28.559770
3474.279078 28.617262
3474.706706 28.783699
3475.134334 28.857793
3475.561962 28.398258
3475.989590 28.333931
3476.417218 28.349508
3476.844846 28.436319
3477.272474 28.297123
3477.700102 28.545097
3478.127730 28.193960
3478.555358 28.136637
3478.982986 28.010829
3479.410614 28.034333
3479.838243 28.147624
3480.265871 28.569789
3480.693499 28.336223
3481.121127 28.510787
3481.548755 28.465981
3481.976383 28.038884
3482.404011 28.186808
3482.831639 28.436377
3483.259267 28.289060
3483.686895 27.767134
3484.114523 28.056145
3484.542151 28.095245
3484.969779 28.170127
3485.397407 28.271605
3485.825036 28.098764
3486.252664 28.134074
3486.680292 28.364219
3487.107920 28.156513
3487.535548 28.077500
3487.963176 27.969528
3488.390804 27.930977
3488.818432 27.722663
3489.246060 28.248882
3489.673688 28.065725
3490.101316 27.368854
3490.528944 27.252703
3490.956572 27.175097
3491.384200 27.281319
3491.811828 27.744980
3492.239457 27.568271
3492.667085 27.737052
3493.094713 27.601697
3493.522341 27.381287
3493.949969 27.756651
3494.377597 27.878353
3494.805225 27.791832
3495.232853 27.765507
3495.660481 27.341683
3496.088109 27.010622
3496.515737 27.424634
3496.943365 27.117432
3497.370993 27.327804
3497.798621 27.322033
3498.226250 27.820475
3498.653878 27.912598
3499.081506 27.867514
3499.509134 26.887603
3499.936762 26.522038
3500.364390 27.269480
3500.792018 27.242639
3501.219646 27.566593
3501.647274 27.659182
3502.074902 27.402673
3502.502530 27.473320
3502.930158 26.830008
3503.357786 27.237991
3503.785414 26.746147
3504.213043 26.990010
3504.640671 27.330883
3505.068299 27.194702
3505.495927 27.173051
3505.923555 27.493713
3506.351183 27.085904
3506.778811 26.735690
3507.206439 26.588431
3507.634067 26.820513
3508.061695 26.880444
3508.489323 26.617299
3508.916951 26.722198
3509.344579 26.448344
3509.772207 26.933094
3510.199836 26.984762
3510.627464 27.027851
3511.055092 26.626078
3511.482720 26.738291
3511.910348 26.350087
3512.337976 26.586068
3512.765604 26.172618
3513.193232 26.629151
3513.620860 26.622515
3514.048488 26.685125
3514.476116 26.831371
3514.903744 26.072134
3515.331372 26.054498
3515.759000 26.151470
3516.186629 26.140845
3516.614257 26.167976
3517.041885 26.180093
3517.469513 25.929284
3517.897141 26.004534
3518.324769 25.977990
3518.752397 26.139779
3519.180025 26.644211
3519.607653 26.404984
3520.035281 26.128812
3520.462909 25.571078
3520.890537 25.359266
3521.318165 25.850039
3521.745793 25.991830
3522.173421 25.948637
3522.601050 25.926521
3523.028678 25.395203
3523.456306 25.344768
3523.883934 25.516828
3524.311562 25.589115
3524.739190 25.489438
3525.166818 25.365676
3525.594446 25.436691
3526.022074 25.351081
3526.449702 25.514982
3526.877330 25.481020
3527.304958 25.621862
3527.732586 25.450867
3528.160214 25.054181
3528.587843 25.086303
3529.015471 25.047565
3529.443099 25.226229
3529.870727 24.902655
3530.298355 24.820615
3530.725983 24.851226
3531.153611 24.739000
3531.581239 25.007580
3532.008867 25.434626
3532.436495 25.711230
3532.864123 25.633392
3533.291751 25.474449
3533.719379 25.473719
3534.147007 25.221387
3534.574636 24.718621
3535.002264 24.660762
3535.429892 25.147131
3535.857520 24.648568
3536.285148 24.400451
3536.712776 24.396707
3537.140404 24.867442
3537.568032 24.899628
3537.995660 24.949786
3538.423288 24.913410
3538.850916 25.075000
3539.278544 25.282061
3539.706172 25.218334
3540.133800 24.804496
3540.561429 24.572653
3540.989057 24.734869
3541.416685 24.746585
3541.844313 24.731919
3542.271941 24.935758
3542.699569 24.659187
3543.127197 24.162753
3543.554825 24.224537
3543.982453 25.016960
3544.410081 24.963762
3544.837709 25.035512
3545.265337 24.823926
3545.692965 24.590244
3546.120593 24.731079
3546.548222 24.439822
3546.975850 24.608286
3547.403478 24.579328
3547.831106 24.852691
3548.258734 24.719499
3548.686362 24.741427
3549.113990 24.500431
3549.541618 24.570619
3549.969246 24.469865
3550.396874 24.592961
3550.824502 24.696589
3551.252130 24.569896
3551.679758 24.398482
3552.107386 24.302427
3552.535015 24.385003
3552.962643 24.527627
3553.390271 24.820253
3553.817899 24.119534
3554.245527 24.155420
3554.673155 24.208463
3555.100783 24.581742
3555.528411 24.336356
3555.956039 24.439105
3556.383667 24.129998
3556.811295 24.324149
3557.238923 24.254896
3557.666551 24.968345
3558.094179 24.916373
3558.521807 24.835049
3558.949436 24.612992
3559.377064 24.271867
3559.804692 24.566198
3560.232320 24.764705
3560.659948 24.981365
3561.087576 25.447717
3561.515204 25.846889
3561.942832 25.417371
3562.370460 25.472564
3562.798088 25.223453
3563.225716 25.188529
3563.653344 24.761600
3564.080972 25.482376
3564.508600 25.041019
3564.936229 24.631222
3565.363857 24.570051
3565.791485 24.726948
3566.219113 24.816309
3566.646741 24.744429
3567.074369 24.878939
3567.501997 25.044763
3567.929625 24.783342
3568.357253 24.528021
3568.784881 24.299302
3569.212509 24.367161
3569.640137 24.568444
3570.067765 24.416634
3570.495393 24.289626
3570.923022 24.245484
3571.350650 24.431191
3571.778278 24.756546
3572.205906 24.786485
3572.633534 24.703218
3573.061162 24.703696
3573.488790 24.334322
3573.916418 24.288548
3574.344046 24.457535
3574.771674 24.745927
3575.199302 24.575513
3575.626930 24.683291
3576.054558 24.562441
3576.482186 25.031032
3576.909815 24.957991
3577.337443 24.927947
3577.765071 24.486449
3578.192699 24.615781
3578.620327 24.944215
3579.047955 24.799771
3579.475583 25.170810
3579.903211 25.591574
3580.330839 26.148081
3580.758467 25.734301
3581.186095 24.901055
3581.613723 24.227622
3582.041351 24.196979
3582.468979 24.385236
3582.896608 24.996283
3583.324236 24.768243
3583.751864 24.235356
3584.179492 24.569541
3584.607120 24.512418
3585.034748 24.627007
3585.462376 24.812939
3585.890004 24.731912
3586.317632 24.496170
3586.745260 24.760929
3587.172888 25.551325
3587.600516 25.003281
3588.028144 24.790694
3588.455772 24.966705
3588.883400 25.044621
3589.311029 24.929858
3589.738657 24.806994
3590.166285 25.016837
3590.593913 24.672310
3591.021541 24.203015
3591.449169 24.165968
3591.876797 24.563551
3592.304425 24.819317
3592.732053 24.886349
3593.159681 24.464391
3593.587309 24.885562
3594.014937 24.567695
3594.442565 24.320676
3594.870193 24.407397
3595.297822 24.464662
3595.725450 24.428067
3596.153078 24.251397
3596.580706 24.292059
3597.008334 24.137216
3597.435962 23.944698
3597.863590 24.406047
3598.291218 24.214157
3598.718846 25.037456
3599.146474 25.122240
3599.574102 24.611675
3600.001730 24.502929
3600.429358 24.051308
3600.856986 24.055937
3601.284615 24.163766
3601.712243 24.234362
3602.139871 23.996347
3602.567499 24.112059
3602.995127 23.828838
3603.422755 23.845086
3603.850383 23.919542
3604.278011 24.557328
3604.705639 24.882767
3605.133267 24.400754
3605.560895 23.908600
3605.988523 23.953729
3606.416151 24.071255
3606.843779 24.514768
3607.271408 24.594433
3607.699036 24.142554
3608.126664 24.001641
3608.554292 24.466566
3608.981920 24.342004
3609.409548 24.305822
3609.837176 24.405447
3610.264804 24.593517
3610.692432 25.002171
3611.120060 24.844416
3611.547688 24.232735
3611.975316 23.823538
3612.402944 23.988975
3612.830572 24.429603
3613.258201 24.228481
3613.685829 24.017760
3614.113457 24.181667
3614.541085 24.451138
3614.968713 24.050934
3615.396341 24.095114
3615.823969 23.807923
3616.251597 24.321095
3616.679225 24.119102
3617.106853 24.153238
3617.534481 24.253011
3617.962109 24.269492
3618.389737 24.543320
3618.817365 24.599262
3619.244994 24.464797
3619.672622 24.313517
3620.100250 24.161991
3620.527878 23.690972
3620.955506 23.556979
3621.383134 23.818090
3621.810762 23.486809
3622.238390 23.593426
3622.666018 24.117346
3623.093646 24.042303
3623.521274 24.252327
3623.948902 24.332715
3624.376530 24.372570
3624.804158 24.522463
3625.231786 24.530338
3625.659415 24.415233
3626.087043 24.154096
3626.514671 23.950515
3626.942299 24.032530
3627.369927 23.939018
3627.797555 24.103273
3628.225183 24.181609
3628.652811 24.012505
3629.080439 24.080506
3629.508067 24.023176
3629.935695 23.920058
3630.363323 23.611068
3630.790951 23.519164
3631.218579 23.363810
3631.646208 23.710577
3632.073836 23.596821
3632.501464 23.450821
3632.929092 23.250164
3633.356720 23.238893
3633.784348 23.407822
3634.211976 23.044607
3634.639604 23.366676
3635.067232 23.339899
3635.494860 23.535302
3635.922488 23.417247
3636.350116 23.591534
3636.777744 23.521119
3637.205372 23.613088
3637.633001 23.750593
3638.060629 23.954194
3638.488257 24.029457
3638.915885 23.967931
3639.343513 23.925933
3639.771141 23.817019
3640.198769 23.866544
3640.626397 23.661917
3641.054025 23.459161
3641.481653 23.609738
3641.909281 24.046208
3642.336909 23.939560
3642.764537 23.761709
3643.192165 23.304924
3643.619794 23.875555
3644.047422 24.093868
3644.475050 23.868855
3644.902678 23.427001
3645.330306 23.323031
3645.757934 23.316376
3646.185562 23.599429
3646.613190 23.491935
3647.040818 23.629666
3647.468446 23.589901
3647.896074 23.514148
3648.323702 23.536974
3648.751330 23.457283
3649.178958 23.366721
3649.606587 23.156284
3650.034215 22.776511
3650.461843 22.890693
3650.889471 23.259492
3651.317099 23.256761
3651.744727 23.024589
3652.172355 22.996018
3652.599983 23.566591
3653.027611 23.309779
3653.455239 23.234155
3653.882867 23.193028
3654.310495 23.587390
3654.738123 23.312290
3655.165751 23.720576
3655.593379 24.448937
3656.021008 23.548664
3656.448636 23.654177
3656.876264 23.197663
3657.303892 23.201265
3657.731520 23.215931
3658.159148 23.094352
3658.586776 23.333082
3659.014404 23.716593
3659.442032 23.516401
3659.869660 23.555526
3660.297288 23.383059
3660.724916 23.263023
3661.152544 23.026158
3661.580172 23.135278
3662.007801 23.509422
3662.435429 23.522411
3662.863057 23.346503
3663.290685 23.368483
3663.718313 23.242250
3664.145941 23.161248
3664.573569 23.246723
3665.001197 23.439234
3665.428825 23.037164
3665.856453 22.983397
3666.284081 23.257349
3666.711709 23.122064
3667.139337 23.277166
3667.566965 23.430797
3667.994594 23.530305
3668.422222 23.382608
3668.849850 23.233444
3669.277478 23.254560
3669.705106 23.061184
3670.132734 22.926055
3670.560362 23.031483
3670.987990 23.211167
3671.415618 23.161719
3671.843246 23.086437
3672.270874 23.145336
3672.698502 23.255812
3673.126130 23.248576
3673.553758 22.744705
3673.981387 22.600126
3674.409015 22.650400
3674.836643 23.507589
3675.264271 23.520668
3675.691899 23.350447
3676.119527 23.198470
3676.547155 23.297107
3676.974783 22.826520
3677.402411 23.046802
3677.830039 22.860843
3678.257667 22.754763
3678.685295 22.785903
3679.112923 23.376507
3679.540551 22.872734
3679.968180 22.638180
3680.395808 22.559954
3680.823436 22.672503
3681.251064 22.997186
3681.678692 23.097282
3682.106320 22.880287
3682.533948 23.085153
3682.961576 22.940095
3683.389204 22.902745
3683.816832 22.628413
3684.244460 22.980628
3684.672088 23.068395
3685.099716 23.113834
3685.527344 22.918980
3685.954973 23.007179
3686.382601 22.818102
3686.810229 22.706496
3687.237857 22.668036
3687.665485 22.422701
3688.093113 22.684258
3688.520741 22.336542
3688.948369 22.236897
3689.375997 22.976697
3689.803625 22.970112
3690.231253 22.932000
3690.658881 22.809723
3691.086509 22.998516
3691.514137 22.143392
3691.941765 22.170847
3692.369394 22.600384
3692.797022 22.850476
3693.224650 22.829561
3693.652278 23.135291
3694.079906 22.863600
3694.507534 22.664330
3694.935162 22.631957
3695.362790 22.710311
3695.790418 22.495930
3696.218046 22.613792
3696.645674 22.272053
3697.073302 22.502979
3697.500930 23.084972
3697.928558 23.097160
3698.356187 23.231702
3698.783815 22.591404
3699.211443 22.663730
3699.639071 22.530395
3700.066699 22.512198
3700.494327 22.676408
3700.921955 22.473233
3701.349583 22.506885
3701.777211 22.428369
3702.204839 22.688170
3702.632467 22.622816
3703.060095 22.712668
3703.487723 22.768971
3703.915351 22.904410
3704.342980 22.561219
3704.770608 22.475577
3705.198236 22.666415
3705.625864 22.605548
3706.053492 22.538290
3706.481120 22.174629
3706.908748 21.977361
3707.336376 21.921871
3707.764004 22.373757
3708.191632 22.550103
3708.619260 22.380477
3709.046888 22.235071
3709.474516 22.060777
3709.902144 22.227466
3710.329773 22.557604
3710.757401 22.354856
3711.185029 22.437516
3711.612657 22.245948
3712.040285 22.412786
3712.467913 22.461013
3712.895541 22.386506
3713.323169 22.454313
3713.750797 22.299740
3714.178425 22.289502
3714.606053 22.433268
3715.033681 22.275397
3715.461309 22.066309
3715.888937 22.461388
3716.316566 22.565564
3716.744194 22.699350
3717.171822 22.351641
3717.599450 22.438536
3718.027078 22.276236
3718.454706 22.094493
3718.882334 21.731136
3719.309962 22.203788
3719.737590 21.976967
3720.165218 22.010987
3720.592846 22.459348
3721.020474 22.352190
3721.448102 22.570722
3721.875730 22.326181
3722.303358 22.377378
3722.730987 22.294550
3723.158615 21.909968
3723.586243 22.050371
3724.013871 22.212935
3724.441499 22.527316
3724.869127 22.221508
3725.296755 21.970622
3725.724383 22.076773
3726.152011 22.593928
3726.579639 22.428821
3727.007267 22.785245
3727.434895 22.859139
3727.862523 22.943730
3728.290151 23.520700
3728.717780 23.599623
3729.145408 23.639207
3729.573036 24.097560
3730.000664 24.178743
3730.428292 24.369510
3730.855920 24.280343
3731.283548 24.208469
3731.711176 24.025797
3732.138804 23.783819
3732.566432 23.538814
3732.994060 23.164334
3733.421688 22.618304
3733.849316 22.180110
3734.276944 22.106668
3734.704573 22.034291
3735.132201 21.611280
3735.559829 21.688976
3735.987457 21.644563
3736.415085 22.001433
3736.842713 22.002434
3737.270341 21.920535
3737.697969 21.845376
3738.125597 21.479662
3738.553225 21.751102
3738.980853 21.662968
3739.408481 21.652407
3739.836109 22.196139
3740.263737 22.065618
3740.691366 21.926932
3741.118994 22.184409
3741.546622 22.160337
3741.974250 22.141591
3742.401878 21.838436
3742.829506 22.212968
3743.257134 22.527639
3743.684762 22.532713
3744.112390 22.357735
3744.540018 22.433378
3744.967646 22.140849
3745.395274 22.180175
3745.822902 22.278721
3746.250530 22.545430
3746.678159 22.451072
3747.105787 22.146181
3747.533415 21.744776
3747.961043 21.515657
3748.388671 22.266534
3748.816299 22.297190
3749.243927 22.458522
3749.671555 22.268509
3750.099183 22.342339
3750.526811 22.221818
3750.954439 22.511688
3751.382067 22.251177
3751.809695 22.138221
3752.237323 22.269439
3752.664952 22.374712
3753.092580 22.408770
3753.520208 22.520222
3753.947836 22.583329
3754.375464 22.806580
3754.803092 22.533268
3755.230720 22.590740
3755.658348 22.711028
3756.085976 22.822234
3756.513604 22.713429
3756.941232 22.871275
3757.368860 22.876697
3757.796488 22.951921
3758.224116 22.895844
3758.651744 22.868273
3759.079373 23.054458
3759.507001 22.972004
3759.934629 22.715979
3760.362257 22.499293
3760.789885 22.419454
3761.217513 22.753498
3761.645141 22.735378
3762.072769 22.791184
3762.500397 23.034763
3762.928025 22.626922
3763.355653 22.390257
3763.783281 22.081879
3764.210909 21.588376
3764.638537 21.776116
3765.066166 21.811246
3765.493794 22.425006
3765.921422 22.138693
3766.349050 21.289321
3766.776678 21.571670
3767.204306 21.568442
3767.631934 21.390062
3768.059562 21.558617
3768.487190 21.519104
3768.914818 21.546281
3769.342446 21.492663
3769.770074 21.780822
3770.197702 21.670953
3770.625330 21.494781
3771.052959 21.095990
3771.480587 21.498596
3771.908215 21.408873
3772.335843 21.311617
3772.763471 21.132585
3773.191099 21.101910
3773.618727 21.141223
3774.046355 20.399822
3774.473983 20.394135
3774.901611 20.368701
3775.329239 21.032541
3775.756867 21.224638
3776.184495 22.287365
3776.612123 22.222844
3777.039752 22.049790
3777.467380 22.392845
3777.895008 21.809536
3778.322636 22.204537
3778.750264 22.332572
3779.177892 22.631176
3779.605520 22.537825
3780.033148 22.112936
3780.460776 21.306505
3780.888404 21.113407
3781.316032 21.180264
3781.743660 21.063423
3782.171288 20.829598
3782.598916 21.192949
3783.026545 21.381864
3783.454173 21.486118
3783.881801 21.537069
3784.309429 21.318879
3784.737057 20.607154
3785.164685 20.974204
3785.592313 21.139041
3786.019941 20.952443
3786.447569 20.299868
3786.875197 20.439903
3787.302825 20.846931
3787.730453 20.916965
3788.158081 20.496523
3788.585709 20.240944
3789.013337 20.506981
3789.440966 20.323507
3789.868594 20.783062
3790.296222 20.887115
3790.723850 20.514010
3791.151478 20.575091
3791.579106 20.643401
3792.006734 20.270800
3792.434362 19.613970
3792.861990 19.742122
3793.289618 19.487466
3793.717246 19.699155
3794.144874 20.856104
3794.572502 22.059092
3795.000130 22.748308
3795.427759 23.179317
3795.855387 22.689984
3796.283015 21.935983
3796.710643 21.471974
3797.138271 20.853573
3797.565899 20.422668
3797.993527 20.480185
3798.421155 20.290024
3798.848783 20.476143
3799.276411 20.479694
3799.704039 20.582753
3800.131667 20.549327
3800.559295 20.521718
3800.986923 20.183349
3801.414552 19.784365
3801.842180 19.775696
3802.269808 19.667233
3802.697436 19.823840
3803.125064 19.946936
3803.552692 19.925143
3803.980320 19.823452
3804.407948 19.730218
3804.835576 20.036078
3805.263204 20.378061
3805.690832 20.734957
3806.118460 20.581256
3806.546088 20.250620
3806.973716 19.584147
3807.401345 19.596522
3807.828973 19.454627
3808.256601 19.798612
3808.684229 19.866367
3809.111857 20.176339
3809.539485 20.103329
3809.967113 20.294884
3810.394741 20.480946
3810.822369 20.408931
3811.249997 20.245088
3811.677625 19.894816
3812.105253 19.598587
3812.532881 19.882067
3812.960509 19.812504
3813.388138 19.674212
3813.815766 19.617140
3814.243394 19.840242
3814.671022 19.661230
3815.098650 20.236225
3815.526278 20.600247
3815.953906 21.695457
3816.381534 21.991634
3816.809162 21.493580
3817.236790 21.474124
3817.664418 20.848616
3818.092046 20.015627
3818.519674 19.847337
3818.947302 19.836602
3819.374931 19.852759
3819.802559 19.622905
3820.230187 19.342208
3820.657815 18.919623
3821.085443 19.392288
3821.513071 19.250665
3821.940699 19.798780
3822.368327 20.034974
3822.795955 20.345694
3823.223583 20.143720
3823.651211 20.818166
3824.078839 20.434507
3824.506467 20.273033
3824.934095 19.795940
3825.361723 19.684049
3825.789352 19.611505
3826.216980 19.670261
3826.644608 19.156372
3827.072236 19.304844
3827.499864 20.026272
3827.927492 20.361148
3828.355120 20.963043
3828.782748 22.065418
3829.210376 21.179148
3829.638004 21.449258
3830.065632 20.504373
3830.493260 20.058290
3830.920888 19.733994
3831.348516 19.283852
3831.776145 19.464388
3832.203773 19.754561
3832.631401 19.391359
3833.059029 18.950899
3833.486657 18.808998
3833.914285 18.840332
3834.341913 18.895822
3834.769541 19.273730
3835.197169 19.012864
3835.624797 19.005150
3836.052425 18.783784
3836.480053 19.159264
3836.907681 19.301281
3837.335309 19.764063
3837.762938 20.144353
3838.190566 20.715713
3838.618194 20.686271
3839.045822 19.931024
3839.473450 19.674160
3839.901078 19.630160
3840.328706 19.671326
3840.756334 19.481494
3841.183962 19.206510
3841.611590 18.658634
3842.039218 18.632116
3842.466846 19.217923
3842.894474 20.185925
3843.322102 20.271755
3843.749731 20.805378
3844.177359 20.328665
3844.604987 19.792841
3845.032615 19.837609
3845.460243 19.453272
3845.887871 19.284497
3846.315499 18.965353
3846.743127 18.773055
3847.170755 19.080154
3847.598383 19.247502
3848.026011 19.004995
3848.453639 19.098984
3848.881267 18.706881
3849.308895 18.910954
3849.736524 18.990541
3850.164152 18.971885
3850.591780 19.285414
3851.019408 19.197886
3851.447036 19.198286
3851.874664 19.127045
3852.302292 19.151234
3852.729920 19.477453
3853.157548 19.557590
3853.585176 19.420504
3854.012804 19.072266
3854.440432 19.134372
3854.868060 19.416412
3855.295688 19.510731
3855.723316 19.225663
3856.150945 19.566066
3856.578573 19.057683
3857.006201 19.284226
3857.433829 19.184724
3857.861457 19.009107
3858.289085 19.055940
3858.716713 18.680008
3859.144341 18.430180
3859.571969 19.494670
3859.999597 19.971060
3860.427225 20.691209
3860.854853 20.630219
3861.282481 20.242777
3861.710109 19.728675
3862.137738 19.883119
3862.565366 19.308679
3862.992994 19.362884
3863.420622 19.461121
3863.848250 19.531091
3864.275878 19.470850
3864.703506 19.556815
3865.131134 19.612008
3865.558762 19.685166
3865.986390 19.785437
3866.414018 20.054695
3866.841646 20.059995
3867.269274 20.468352
3867.696902 20.952075
3868.124531 21.377094
3868.552159 21.349936
3868.979787 21.502675
3869.407415 21.239679
3869.835043 21.319060
3870.262671 21.350879
3870.690299 21.214432
3871.117927 21.395433
3871.545555 21.481166
3871.973183 21.334618
3872.400811 20.982990
3872.828439 21.175642
3873.256067 20.737971
3873.683695 20.629451
3874.111324 20.369760
3874.538952 20.257947
3874.966580 19.910954
3875.394208 20.535319
3875.821836 20.553827
3876.249464 19.946665
3876.677092 19.665749
3877.104720 19.308156
3877.532348 19.348631
3877.959976 19.282761
3878.387604 19.366512
3878.815232 19.804745
3879.242860 20.619368
3879.670488 20.651722
3880.098117 20.575271
3880.525745 20.250969
3880.953373 19.812872
3881.381001 19.974165
3881.808629 19.879898
3882.236257 19.518393
3882.663885 19.755536
3883.091513 19.821328
3883.519141 19.617695
3883.946769 19.699200
3884.374397 19.808986
3884.802025 20.006189
3885.229653 19.858853
3885.657281 20.392644
3886.084910 19.957316
3886.512538 19.894641
3886.940166 19.724350
3887.367794 19.575910
3887.795422 19.699781
3888.223050 19.658041
3888.650678 19.655820
3889.078306 19.689653
3889.505934 19.999179
3889.933562 20.039118
3890.361190 20.080355
3890.788818 20.070607
3891.216446 20.184447
3891.644074 20.091025
3892.071702 20.108003
3892.499331 19.946426
3892.926959 19.800426
3893.354587 20.093704
3893.782215 19.941204
3894.209843 20.308002
3894.637471 20.113238
3895.065099 20.124980
3895.492727 19.938305
3895.920355 19.539566
3896.347983 19.464891
3896.775611 19.413229
3897.203239 19.668111
3897.630867 19.607108
3898.058495 19.503397
3898.486124 19.367338
3898.913752 19.524629
3899.341380 19.588730
3899.769008 19.627385
3900.196636 19.363207
3900.624264 19.321293
3901.051892 19.410370
3901.479520 19.389474
3901.907148 19.320879
3902.334776 19.319472
3902.762404 19.552193
3903.190032 19.234481
3903.617660 19.701924
3904.045288 19.447862
3904.472917 19.224185
3904.900545 18.987268
3905.328173 18.798089
3905.755801 18.871576
3906.183429 18.881466
3906.611057 18.791950
3907.038685 18.850771
3907.466313 18.643865
3907.893941 18.306225
3908.321569 18.329962
3908.749197 17.996363
3909.176825 18.411770
3909.604453 18.643116
3910.032081 18.823690
3910.459710 18.903033
3910.887338 18.840235
3911.314966 18.660519
3911.742594 18.499414
3912.170222 18.284510
3912.597850 18.264111
3913.025478 18.296213
3913.453106 18.506250
3913.880734 18.466033
3914.308362 18.875294
3914.735990 18.659635
3915.163618 18.403636
3915.591246 18.401228
3916.018874 18.558635
3916.446503 18.627016
3916.874131 18.736963
3917.301759 18.812962
3917.729387 18.514196
3918.157015 18.421685
3918.584643 18.643942
3919.012271 18.665909
3919.439899 18.574554
3919.867527 18.717965
3920.295155 18.568415
3920.722783 18.694461
3921.150411 18.652508
3921.578039 18.572372
3922.005667 18.551321
3922.433295 18.491874
3922.860924 18.748815
3923.288552 19.459030
3923.716180 19.016001
3924.143808 18.749286
3924.571436 18.507502
3924.999064 18.441019
3925.426692 18.623627
3925.854320 18.384244
3926.281948 18.638081
3926.709576 18.601143
3927.137204 18.474819
3927.564832 18.653786
3927.992460 18.472482
3928.420088 17.942713
3928.847717 18.125321
3929.275345 18.299331
3929.702973 18.133694
3930.130601 17.911050
3930.558229 17.551036
3930.985857 17.542218
3931.413485 17.523943
3931.841113 17.527920
3932.268741 17.597973
3932.696369 17.551340
3933.123997 17.330923
3933.551625 17.309569
3933.979253 17.583984
3934.406881 17.695371
3934.834510 17.293734
3935.262138 17.159366
3935.689766 17.075350
3936.117394 17.188983
3936.545022 17.037264
3936.972650 17.170237
3937.400278 17.222499
3937.827906 17.102217
3938.255534 17.272773
3938.683162 17.570034
3939.110790 17.634562
3939.538418 17.634736
3939.966046 17.374496
3940.393674 17.087899
3940.821303 16.974770
3941.248931 17.202204
3941.676559 17.569666
3942.104187 17.730869
3942.531815 17.739861
3942.959443 17.929757
3943.387071 18.145623
3943.814699 18.020681
3944.242327 17.942707
3944.669955 17.871227
3945.097583 17.881930
3945.525211 17.603931
3945.952839 17.968844
3946.380467 18.086208
3946.808096 17.566097
3947.235724 18.203682
3947.663352 17.829713
3948.090980 18.152563
3948.518608 18.334151
3948.946236 18.742392
3949.373864 19.677291
3949.801492 19.607044
3950.229120 19.073473
3950.656748 18.813949
3951.084376 18.247830
3951.512004 17.933476
3951.939632 18.134049
3952.367260 18.278648
3952.794889 18.305418
3953.222517 18.155655
3953.650145 17.963854
3954.077773 17.882524
3954.505401 18.024412
3954.933029 18.665445
3955.360657 18.552464
3955.788285 18.327405
3956.215913 18.392688
3956.643541 18.497451
3957.071169 18.162730
3957.498797 18.658725
3957.926425 18.466582
3958.354053 18.766671
3958.781681 18.721800
3959.209310 18.550727
3959.636938 18.775702
3960.064566 18.754128
3960.492194 19.012089
3960.919822 18.472469
3961.347450 17.581680
3961.775078 17.247656
3962.202706 17.950130
3962.630334 18.226573
3963.057962 19.631471
3963.485590 19.683966
3963.913218 19.054888
3964.340846 18.423202
3964.768474 18.294038
3965.196103 17.962376
3965.623731 17.616661
3966.051359 17.914942
3966.478987 17.873732
3966.906615 18.090069
3967.334243 18.086757
3967.761871 17.911308
3968.189499 17.450017
3968.617127 17.326920
3969.044755 17.831146
3969.472383 18.621561
3969.900011 18.733219
3970.327639 17.872453
3970.755267 17.458060
3971.182896 17.329683
3971.610524 17.329425
3972.038152 17.663850
3972.465780 17.838079
3972.893408 17.966837
3973.321036 18.000856
3973.748664 17.577000
3974.176292 16.810198
3974.603920 16.710160
3975.031548 17.278506
3975.459176 17.454090
3975.886804 17.549823
3976.314432 17.403565
3976.742060 17.260908
3977.169689 16.792988
3977.597317 16.764003
3978.024945 17.127845
3978.452573 18.322396
3978.880201 19.215070
3979.307829 18.867722
3979.735457 18.634853
3980.163085 18.225979
3980.590713 18.240071
3981.018341 17.388110
3981.445969 16.573907
3981.873597 16.366110
3982.301225 16.681653
3982.728853 16.923127
3983.156482 17.272799
3983.584110 17.207052
3984.011738 17.166331
3984.439366 16.889108
3984.866994 16.826175
3985.294622 17.196536
3985.722250 17.449843
3986.149878 17.525060
3986.577506 17.110577
3987.005134 16.808874
3987.432762 17.296593
3987.860390 17.758536
3988.288018 17.374987
3988.715646 16.876274
3989.143274 16.663591
3989.570903 16.217328
3989.998531 16.560790
3990.426159 16.969276
3990.853787 17.522898
3991.281415 17.643528
3991.709043 17.401686
3992.136671 17.029711
3992.564299 16.821378
3992.991927 17.030511
3993.419555 17.173613
3993.847183 17.047676
3994.274811 16.536595
3994.702439 16.478220
3995.130067 16.406617
3995.557696 16.765385
3995.985324 17.053292
3996.412952 17.239825
3996.840580 17.411969
3997.268208 17.425209
3997.695836 16.992173
3998.123464 16.987583
3998.551092 17.121409
3998.978720 16.950627
3999.406348 16.595687
3999.833976 16.342916
4000.261604 16.362818
4000.689232 16.172528
4001.116860 16.270707
4001.544489 16.602020
4001.972117 16.526028
4002.399745 16.685223
4002.827373 16.941066
4003.255001 16.720617
4003.682629 16.482745
4004.110257 16.677070
4004.537885 17.097214
4004.965513 16.906660
4005.393141 16.750628
4005.820769 16.641081
4006.248397 16.729726
4006.676025 16.388852
4007.103653 16.189777
4007.531282 16.192333
4007.958910 16.339934
4008.386538 16.353722
4008.814166 16.711754
4009.241794 16.897428
4009.669422 16.752558
4010.097050 16.631734
4010.524678 16.614666
4010.952306 16.402570
4011.379934 16.660705
4011.807562 16.805388
4012.235190 16.907776
4012.662818 17.107168
4013.090446 16.899139
4013.518075 16.385534
4013.945703 16.403803
4014.373331 16.295353
4014.800959 16.559925
4015.228587 16.519876
4015.656215 16.492873
4016.083843 16.368479
4016.511471 16.659756
4016.939099 16.674565
4017.366727 16.593667
4017.794355 16.449713
4018.221983 16.431625
4018.649611 16.263780
4019.077239 16.311369
4019.504868 16.222434
4019.932496 15.884698
4020.360124 16.120517
4020.787752 15.985937
4021.215380 16.672002
4021.643008 17.069211
4022.070636 18.016556
4022.498264 17.637944
4022.925892 16.424589
4023.353520 17.800586
4023.781148 17.972453
4024.208776 18.237554
4024.636404 17.939176
4025.064032 17.768639
4025.491660 17.648434
4025.919289 17.785081
4026.346917 17.015341
4026.774545 16.641275
4027.202173 16.157790
4027.629801 16.221007
4028.057429 16.408657
4028.485057 16.936632
4028.912685 16.632250
4029.340313 16.423349
4029.767941 16.190228
4030.195569 15.937451
4030.623197 16.283024
4031.050825 16.047314
4031.478453 15.854506
4031.906082 15.989281
4032.333710 15.612993
4032.761338 15.672737
4033.188966 15.636007
4033.616594 15.532076
4034.044222 15.515073
4034.471850 15.657922
4034.899478 15.843171
4035.327106 15.796951
4035.754734 15.856785
4036.182362 15.745114
4036.609990 15.529158
4037.037618 15.278711
4037.465246 15.604795
4037.892875 15.727498
4038.320503 15.531882
4038.748131 15.339875
4039.175759 15.530946
4039.603387 15.933139
4040.031015 15.695008
4040.458643 15.012280
4040.886271 15.689992
4041.313899 17.345176
4041.741527 18.197924
4042.169155 18.197647
4042.596783 19.070684
4043.024411 19.140337
4043.452039 17.980399
4043.879668 17.471165
4044.307296 16.425977
4044.734924 16.137902
4045.162552 16.206857
4045.590180 16.306082
4046.017808 16.400498
4046.445436 16.622457
4046.873064 17.004684
4047.300692 16.674842
4047.728320 16.587883
4048.155948 16.451417
4048.583576 15.925070
4049.011204 15.703174
4049.438832 15.658981
4049.866461 15.814677
4050.294089 15.751337
4050.721717 15.739105
4051.149345 16.028045
4051.576973 15.931731
4052.004601 15.768057
4052.432229 15.560021
4052.859857 15.506984
4053.287485 15.798423
4053.715113 16.406508
4054.142741 16.598121
4054.570369 16.705111
4054.997997 16.499400
4055.425625 16.238424
4055.853253 15.735787
4056.280882 15.550590
4056.708510 15.810210
4057.136138 15.935714
4057.563766 16.585533
4057.991394 16.509476
4058.419022 16.644063
4058.846650 16.419341
4059.274278 16.342987
4059.701906 16.055977
4060.129534 15.763409
4060.557162 15.655431
4060.984790 15.848981
4061.412418 15.793090
4061.840046 15.941040
4062.267675 15.773892
4062.695303 15.291066
4063.122931 15.088208
4063.550559 15.637730
4063.978187 15.696312
4064.405815 16.756664
4064.833443 17.226966
4065.261071 17.877463
4065.688699 18.276202
4066.116327 18.276453
4066.543955 17.415487
4066.971583 16.693369
4067.399211 16.719797
4067.826839 15.971483
4068.254468 16.316662
4068.682096 16.527454
4069.109724 16.568336
4069.537352 16.769897
4069.964980 16.373598
4070.392608 16.098827
4070.820236 16.207206
4071.247864 16.628099
4071.675492 16.988248
4072.103120 17.356157
4072.530748 17.609941
4072.958376 17.857955
4073.386004 17.623949
4073.813632 17.247552
4074.241261 17.304262
4074.668889 16.951169
4075.096517 16.452611
4075.524145 16.228308
4075.951773 16.372753
4076.379401 16.105205
4076.807029 15.862860
4077.234657 15.787991
4077.662285 16.248378
4078.089913 15.504428
4078.517541 17.707307
4078.945169 19.404463
4079.372797 19.376828
4079.800425 19.654420
4080.228054 19.016369
4080.655682 18.357435
4081.083310 17.601866
4081.510938 17.101236
4081.938566 16.265426
4082.366194 16.371429
4082.793822 16.486734
4083.221450 16.705105
4083.649078 16.832204
4084.076706 17.027781
4084.504334 16.758723
4084.931962 16.651448
4085.359590 16.509702
4085.787218 16.635801
4086.214847 16.606984
4086.642475 16.883821
4087.070103 17.251283
4087.497731 17.340825
4087.925359 17.342594
4088.352987 17.629294
4088.780615 17.562804
4089.208243 17.161174
4089.635871 16.957708
4090.063499 17.309336
4090.491127 17.616784
4090.918755 17.708927
4091.346383 17.729649
4091.774011 17.944417
4092.201639 17.531761
4092.629268 17.341761
4093.056896 17.881878
4093.484524 17.624853
4093.912152 18.100371
4094.339780 18.677316
4094.767408 19.506076
4095.195036 19.525571
4095.622664 20.060866
4096.050292 20.422642
4096.477920 19.764302
4096.905548 19.394987
4097.333176 18.928828
4097.760804 17.702975
4098.188432 17.708398
4098.616061 17.976978
4099.043689 18.240362
4099.471317 18.128420
4099.898945 18.186427
4100.326573 18.177764
4100.754201 18.189971
4101.181829 17.541734
4101.609457 17.650997
4102.037085 17.455640
4102.464713 17.627629
4102.892341 17.572352
4103.319969 17.161335
4103.747597 17.221879
4104.175225 17.398039
4104.602854 17.438811
4105.030482 16.851182
4105.458110 16.905775
4105.885738 16.943326
4106.313366 16.872588
4106.740994 16.896738
4107.168622 16.810863
4107.596250 16.942377
4108.023878 17.345841
4108.451506 17.414584
4108.879134 17.496876
4109.306762 17.703124
4109.734390 17.446938
4110.162018 17.513060
4110.589647 17.202875
4111.017275 16.753591
4111.444903 16.768102
4111.872531 16.691316
4112.300159 16.842106
4112.727787 16.973492
4113.155415 17.033733
4113.583043 17.155086
4114.010671 17.107117
4114.438299 18.133197
4114.865927 18.585689
4115.293555 17.487413
4115.721183 17.074433
4116.148811 16.810972
4116.576440 16.633586
4117.004068 16.245409
4117.431696 15.877868
4117.859324 15.715794
4118.286952 16.049606
4118.714580 16.478962
4119.142208 16.721063
4119.569836 16.685210
4119.997464 16.361624
4120.425092 16.040988
4120.852720 16.095955
4121.280348 16.022693
4121.707976 16.090229
4122.135604 16.097678
4122.563232 16.191429
4122.990861 16.185187
4123.418489 15.979759
4123.846117 15.857056
4124.273745 16.497986
4124.701373 15.770239
4125.129001 15.990004
4125.556629 16.143653
4125.984257 16.724929
4126.411885 16.611038
4126.839513 17.406172
4127.267141 18.081735
4127.694769 17.455323
4128.122397 16.963763
4128.550025 17.416914
4128.977654 17.611045
4129.405282 16.633690
4129.832910 16.806350
4130.260538 16.400950
4130.688166 16.434562
4131.115794 16.600374
4131.543422 16.707100
4131.971050 16.632276
4132.398678 16.040936
4132.826306 15.714691
4133.253934 15.684299
4133.681562 15.685396
4134.109190 15.365251
4134.536818 15.814813
4134.964447 15.952253
4135.392075 15.979559
4135.819703 16.133486
4136.247331 16.036443
4136.674959 16.182773
4137.102587 16.702090
4137.530215 16.776533
4137.957843 16.431406
4138.385471 16.244492
4138.813099 16.002236
4139.240727 15.633915
4139.668355 15.677779
4140.095983 15.697423
4140.523611 15.862789
4140.951240 15.604382
4141.378868 15.249255
4141.806496 15.632024
4142.234124 15.606990
4142.661752 15.735580
4143.089380 15.717434
4143.517008 15.490852
4143.944636 15.734295
4144.372264 15.778418
4144.799892 15.858412
4145.227520 15.523878
4145.655148 15.851918
4146.082776 16.222544
4146.510404 16.089493
4146.938033 15.885008
4147.365661 15.784208
4147.793289 15.930589
4148.220917 15.730887
4148.648545 15.499141
4149.076173 15.447369
4149.503801 15.714445
4149.931429 15.519049
4150.359057 15.624871
4150.786685 15.753481
4151.214313 15.571105
4151.641941 14.914631
4152.069569 14.325214
4152.497197 13.428790
4152.924826 14.033963
4153.352454 15.576146
4153.780082 17.070612
4154.207710 17.741978
4154.635338 18.662559
4155.062966 18.343679
4155.490594 17.701884
4155.918222 16.850098
4156.345850 16.279506
4156.773478 15.663422
4157.201106 15.675623
4157.628734 15.636297
4158.056362 15.428662
4158.483990 15.644534
4158.911618 15.128657
4159.339247 14.648258
4159.766875 14.297037
4160.194503 14.512199
4160.622131 15.379414
4161.049759 15.919376
4161.477387 16.636698
4161.905015 16.825484
4162.332643 16.866075
4162.760271 16.466962
4163.187899 16.361559
4163.615527 16.195470
4164.043155 15.660466
4164.470783 15.030426
4164.898411 15.598443
4165.326040 15.709275
4165.753668 15.291809
4166.181296 15.089402
4166.608924 14.042517
4167.036552 13.556011
4167.464180 13.295610
4167.891808 13.559181
4168.319436 14.520959
4168.747064 17.485734
4169.174692 19.126264
4169.602320 19.222507
4170.029948 19.110010
4170.457576 17.662294
4170.885204 16.082728
4171.312833 15.788817
4171.740461 15.891515
4172.168089 15.651977
4172.595717 15.540055
4173.023345 15.803645
4173.450973 15.626014
4173.878601 15.395236
4174.306229 15.120523
4174.733857 15.007562
4175.161485 15.064878
4175.589113 15.272462
4176.016741 15.320303
4176.444369 15.068041
4176.871997 15.059695
4177.299626 14.700482
4177.727254 14.627124
4178.154882 14.598830
4178.582510 14.975440
4179.010138 15.197070
4179.437766 15.245808
4179.865394 15.428184
4180.293022 15.625672
4180.720650 15.545245
4181.148278 15.116882
4181.575906 14.771832
4182.003534 14.819925
4182.431162 15.038986
4182.858790 14.900758
4183.286419 14.421392
4183.714047 14.094579
4184.141675 13.541416
4184.569303 13.414252
4184.996931 14.440946
4185.424559 15.462526
4185.852187 15.861607
4186.279815 16.168468
4186.707443 16.238927
4187.135071 16.152194
4187.562699 15.840931
4187.990327 15.084987
4188.417955 14.132852
4188.845583 14.445187
4189.273211 14.682000
4189.700840 14.646360
4190.128468 14.613522
4190.556096 14.435413
4190.983724 14.376870
4191.411352 14.430159
4191.838980 14.337789
4192.266608 14.386101
4192.694236 14.300607
4193.121864 14.408843
4193.549492 14.304138
4193.977120 14.391007
4194.404748 14.738181
4194.832376 14.444063
4195.260004 14.437828
4195.687633 14.377077
4196.115261 14.303802
4196.542889 14.533689
4196.970517 14.423368
4197.398145 14.368065
4197.825773 14.429113
4198.253401 14.535619
4198.681029 14.517596
4199.108657 14.659284
4199.536285 14.444225
4199.963913 14.499050
4200.391541 14.591748
4200.819169 14.583369
4201.246797 14.617570
4201.674426 14.473777
4202.102054 14.390704
4202.529682 14.415434
4202.957310 14.468400
4203.384938 14.658496
4203.812566 15.115075
4204.240194 15.113642
4204.667822 14.724960
4205.095450 14.993909
4205.523078 14.235582
4205.950706 14.027392
4206.378334 14.023803
4206.805962 14.168608
4207.233590 14.354786
4207.661219 14.395590
4208.088847 14.427105
4208.516475 14.416525
4208.944103 14.364205
4209.371731 14.295869
4209.799359 13.923429
4210.226987 14.324672
4210.654615 14.518112
4211.082243 14.710423
4211.509871 14.374856
4211.937499 14.391027
4212.365127 14.489573
4212.792755 14.542036
4213.220383 14.270848
4213.648012 14.550912
4214.075640 14.543398
4214.503268 14.746721
4214.930896 14.732094
4215.358524 14.826490
4215.786152 14.635270
4216.213780 14.363972
4216.641408 14.678405
4217.069036 14.577908
4217.496664 14.708060
4217.924292 14.729040
4218.351920 15.060883
4218.779548 15.316985
4219.207176 15.286864
4219.634805 14.952891
4220.062433 14.948818
4220.490061 15.123493
4220.917689 15.150515
4221.345317 15.379065
4221.772945 15.074555
4222.200573 15.674964
4222.628201 15.420102
4223.055829 15.588321
4223.483457 15.428165
4223.911085 15.376457
4224.338713 15.282345
4224.766341 14.954951
4225.193969 15.104927
4225.621597 15.303764
4226.049226 15.694195
4226.476854 15.580407
4226.904482 15.347809
4227.332110 15.128696
4227.759738 15.034074
4228.187366 14.940149
4228.614994 15.084206
4229.042622 14.985626
4229.470250 15.087459
4229.897878 14.899086
4230.325506 14.788887
4230.753134 15.025152
4231.180762 15.098446
4231.608390 14.970850
4232.036019 15.061025
4232.463647 14.843964
4232.891275 15.376754
4233.318903 15.509353
4233.746531 15.590981
4234.174159 15.545923
4234.601787 15.180571
4235.029415 14.976066
4235.457043 14.886505
4235.884671 14.805716
4236.312299 14.738807
4236.739927 14.840679
4237.167555 15.138043
4237.595183 15.099737
4238.022812 15.133143
4238.450440 14.994664
4238.878068 14.948967
4239.305696 14.826160
4239.733324 14.898260
4240.160952 15.059159
4240.588580 15.136984
4241.016208 15.298787
4241.443836 14.703019
4241.871464 14.303647
4242.299092 14.231819
4242.726720 14.485726
4243.154348 14.578070
4243.581976 14.546542
4244.009605 14.807117
4244.437233 14.859502
4244.864861 15.013294
4245.292489 15.120627
4245.720117 15.015088
4246.147745 14.868804
4246.575373 15.115036
4247.003001 14.947011
4247.430629 14.946333
4247.858257 14.960231
4248.285885 14.931221
4248.713513 15.240418
4249.141141 14.830092
4249.568769 14.798706
4249.996398 14.650195
4250.424026 14.752408
4250.851654 14.825250
4251.279282 14.813895
4251.706910 14.553959
4252.134538 14.268007
4252.562166 14.176749
4252.989794 14.237603
4253.417422 14.672898
4253.845050 14.785628
4254.272678 14.880140
4254.700306 14.950748
4255.127934 14.771697
4255.555562 14.612160
4255.983190 14.821332
4256.410819 14.520759
4256.838447 14.565669
4257.266075 14.406894
4257.693703 14.458272
4258.121331 14.716310
4258.548959 14.901036
4258.976587 15.076556
4259.404215 15.220839
4259.831843 15.073296
4260.259471 15.021518
4260.687099 14.887551
4261.114727 14.799642
4261.542355 14.904767
4261.969983 14.961425
4262.397612 14.810616
4262.825240 14.733346
4263.252868 14.716336
4263.680496 14.735140
4264.108124 14.383603
4264.535752 14.294481
4264.963380 14.398805
4265.391008 14.464727
4265.818636 14.840711
4266.246264 14.973090
4266.673892 15.161618
4267.101520 15.340120
4267.529148 15.362669
4267.956776 15.017509
4268.384405 15.305133
4268.812033 15.326267
4269.239661 14.763654
4269.667289 14.885543
4270.094917 14.779785
4270.522545 14.705788
4270.950173 14.803057
4271.377801 14.789894
4271.805429 14.854913
4272.233057 15.169674
4272.660685 14.907065
4273.088313 14.933280
4273.515941 14.687507
4273.943569 14.605769
4274.371198 14.885259
4274.798826 15.164000
4275.226454 15.519139
4275.654082 15.181177
4276.081710 15.026043
4276.509338 14.918717
4276.936966 14.932125
4277.364594 14.847450
4277.792222 15.011583
4278.219850 14.890604
4278.647478 14.727794
4279.075106 14.950522
4279.502734 14.925766
4279.930362 15.320232
4280.357991 15.333258
4280.785619 15.545994
4281.213247 15.444542
4281.640875 15.409270
4282.068503 15.250721
4282.496131 15.253232
4282.923759 15.323866
4283.351387 15.503066
4283.779015 15.425021
4284.206643 15.459744
4284.634271 15.585707
4285.061899 15.797893
4285.489527 15.445755
4285.917155 15.343006
4286.344784 14.856823
4286.772412 15.026211
4287.200040 15.172127
4287.627668 15.372320
4288.055296 15.669632
4288.482924 15.689186
4288.910552 15.598792
4289.338180 15.676675
4289.765808 15.902973
4290.193436 15.907330
4290.621064 15.897602
4291.048692 15.821042
4291.476320 15.488386
4291.903948 15.494990
4292.331576 15.668703
4292.759205 15.920938
4293.186833 15.850982
4293.614461 15.821087
4294.042089 15.860019
4294.469717 15.561983
4294.897345 15.774067
4295.324973 15.867372
4295.752601 16.057978
4296.180229 16.250308
4296.607857 16.094270
4297.035485 16.115108
4297.463113 16.125875
4297.890741 15.824631
4298.318369 15.965293
4298.745998 15.925605
4299.173626 15.765894
4299.601254 15.500212
4300.028882 15.405745
4300.456510 15.913469
4300.884138 15.804729
4301.311766 15.699727
4301.739394 15.890637
4302.167022 16.012203
4302.594650 16.015470
4303.022278 15.822933
4303.449906 15.758006
4303.877534 15.771678
4304.305162 15.946624
4304.732791 15.857599
4305.160419 15.696609
4305.588047 15.534774
4306.015675 15.672195
4306.443303 15.904858
4306.870931 16.106542
4307.298559 15.895485
4307.726187 16.088196
4308.153815 16.116367
4308.581443 15.815051
4309.009071 16.019724
4309.436699 16.022377
4309.864327 16.146281
4310.291955 16.175865
4310.719584 15.968068
4311.147212 15.949697
4311.574840 15.948444
4312.002468 15.884317
4312.430096 16.184457
4312.857724 16.111196
4313.285352 16.105399
4313.712980 16.437990
4314.140608 16.132440
4314.568236 16.192165
4314.995864 16.239689
4315.423492 16.466039
4315.851120 16.553405
4316.278748 16.517210
4316.706377 16.421077
4317.134005 16.846922
4317.561633 16.920900
4317.989261 17.311079
4318.416889 18.030422
4318.844517 18.265641
4319.272145 18.270986
4319.699773 18.587677
4320.127401 18.432324
4320.555029 17.953016
4320.982657 17.925264
4321.410285 17.918105
4321.837913 18.348675
4322.265541 18.353097
4322.693169 19.159974
4323.120798 18.922670
4323.548426 18.373386
4323.976054 18.638042
4324.403682 18.412022
4324.831310 18.675315
4325.258938 18.329045
4325.686566 18.005756
4326.114194 18.195116
4326.541822 18.813530
4326.969450 18.894518
4327.397078 18.993278
4327.824706 18.948666
4328.252334 19.161491
4328.679962 18.321163
4329.107591 18.959904
4329.535219 18.678252
4329.962847 18.607792
4330.390475 19.123366
4330.818103 19.135379
4331.245731 18.846271
4331.673359 18.999011
4332.100987 18.525384
4332.528615 18.870195
4332.956243 18.625770
4333.383871 18.860938
4333.811499 18.782176
4334.239127 18.486484
4334.666755 18.581571
4335.094384 19.026175
4335.522012 19.365066
4335.949640 19.450677
4336.377268 19.225121
4336.804896 19.107679
4337.232524 19.113057
4337.660152 19.024709
4338.087780 19.148961
4338.515408 19.415540
4338.943036 19.184775
4339.370664 19.324811
4339.798292 19.018544
4340.225920 18.784920
4340.653548 18.953178
4341.081177 18.827383
4341.508805 19.150149
4341.936433 18.825059
4342.364061 18.845238
4342.791689 19.164473
4343.219317 19.115600
4343.646945 19.045114
4344.074573 19.160271
4344.502201 19.216787
4344.929829 19.020345
4345.357457 18.883783
4345.785085 18.619463
4346.212713 18.461101
4346.640341 18.373942
4347.067970 18.206232
4347.495598 18.317864
4347.923226 18.260696
4348.350854 17.994214
4348.778482 18.220208
4349.206110 18.846303
4349.633738 18.599891
4350.061366 20.070504
4350.488994 22.296635
4350.916622 23.212355
4351.344250 22.094487
4351.771878 20.544234
4352.199506 18.122475
4352.627134 15.697668
4353.054763 15.663080
4353.482391 16.831003
4353.910019 17.584404
4354.337647 18.271709
4354.765275 19.008945
4355.192903 19.410744
4355.620531 19.520478
4356.048159 19.249903
4356.475787 18.865902
4356.903415 18.554413
4357.331043 17.953810
4357.758671 17.718139
4358.186299 17.803801
4358.613927 17.950014
4359.041555 17.922928
4359.469184 17.946812
4359.896812 17.941719
4360.324440 17.796668
4360.752068 17.579543
4361.179696 18.198337
4361.607324 18.122139
4362.034952 18.181625
4362.462580 18.339373
4362.890208 18.628094
4363.317836 17.981807
4363.745464 17.864565
4364.173092 17.887326
4364.600720 18.072007
4365.028348 17.925568
4365.455977 18.070161
4365.883605 18.058121
4366.311233 17.853333
4366.738861 17.824497
4367.166489 17.731676
4367.594117 17.541089
4368.021745 17.667465
4368.449373 17.758588
4368.877001 17.796661
4369.304629 17.232285
4369.732257 17.045526
4370.159885 17.632025
4370.587513 18.336456
4371.015141 18.095685
4371.442770 18.129672
4371.870398 17.590950
4372.298026 16.990908
4372.725654 16.454019
4373.153282 16.803897
4373.580910 17.092786
4374.008538 17.398749
4374.436166 17.088790
4374.863794 16.689302
4375.291422 16.585914
4375.719050 16.702594
4376.146678 16.336906
4376.574306 16.383701
4377.001934 16.425732
4377.429563 16.303242
4377.857191 16.017549
4378.284819 16.260766
4378.712447 16.832152
4379.140075 17.610535
4379.567703 18.509123
4379.995331 19.769628
4380.422959 18.718275
4380.850587 18.236463
4381.278215 17.327430
4381.705843 16.941705
4382.133471 16.708675
4382.561099 16.735632
4382.988727 16.766540
4383.416356 16.367382
4383.843984 16.153026
4384.271612 16.073955
4384.699240 16.194166
4385.126868 16.070321
4385.554496 16.317760
4385.982124 16.220278
4386.409752 15.717053
4386.837380 15.655863
4387.265008 15.219102
4387.692636 15.649802
4388.120264 15.745489
4388.547892 16.618881
4388.975520 17.196562
4389.403148 16.994555
4389.830777 16.774209
4390.258405 16.520192
4390.686033 16.370151
4391.113661 16.061122
4391.541289 15.836819
4391.968917 15.688747
4392.396545 15.831261
4392.824173 15.768457
4393.251801 15.537918
4393.679429 15.782291
4394.107057 15.476618
4394.534685 14.539002
4394.962313 13.955537
4395.389941 14.135796
4395.817570 15.957656
4396.245198 17.500020
4396.672826 19.138465
4397.100454 20.619561
4397.528082 19.908333
4397.955710 20.057432
4398.383338 18.140892
4398.810966 16.807674
4399.238594 15.936805
4399.666222 15.402150
4400.093850 15.260410
4400.521478 15.310161
4400.949106 15.479943
4401.376734 15.485907
4401.804363 15.483809
4402.231991 15.164213
4402.659619 15.188020
4403.087247 15.398005
4403.514875 15.342928
4403.942503 15.524607
4404.370131 15.388200
4404.797759 15.200356
4405.225387 15.169519
4405.653015 14.993257
4406.080643 14.420011
4406.508271 14.173159
4406.935899 13.975252
4407.363527 14.199071
4407.791156 14.154439
4408.218784 14.939116
4408.646412 15.845837
4409.074040 16.641171
4409.501668 16.128541
4409.929296 15.712347
4410.356924 15.233911
4410.784552 14.943441
4411.212180 14.836922
4411.639808 14.949567
4412.067436 14.940755
4412.495064 14.435000
4412.922692 13.355903
4413.350320 12.916953
4413.777949 13.017747
4414.205577 13.379568
4414.633205 15.983600
4415.060833 16.392383
4415.488461 16.971452
4415.916089 17.364703
4416.343717 17.467143
4416.771345 16.771601
4417.198973 14.990797
4417.626601 14.616117
4418.054229 14.543017
4418.481857 14.622521
4418.909485 14.931240
4419.337113 15.158319
4419.764742 14.692858
4420.192370 14.306507
4420.619998 14.409831
4421.047626 14.312149
4421.475254 14.490510
4421.902882 14.490794
4422.330510 14.750375
4422.758138 14.534464
4423.185766 14.222775
4423.613394 14.249719
4424.041022 14.425395
4424.468650 14.488954
4424.896278 14.569045
4425.323906 14.776719
4425.751534 14.926986
4426.179163 14.641506
4426.606791 14.562041
4427.034419 14.318643
4427.462047 14.149946
4427.889675 14.563681
4428.317303 15.179932
4428.744931 15.229786
4429.172559 14.928193
4429.600187 14.562428
4430.027815 14.286818
4430.455443 14.241889
4430.883071 14.458362
4431.310699 14.668121
4431.738327 14.835340
4432.165956 14.645198
4432.593584 14.502813
4433.021212 14.751001
4433.448840 14.543463
4433.876468 15.412188
4434.304096 16.091055
4434.731724 16.261463
4435.159352 15.534587
4435.586980 14.909738
4436.014608 13.815179
4436.442236 13.163482
4436.869864 13.092751
4437.297492 13.524813
4437.725120 13.975497
4438.152749 13.871683
4438.580377 13.628104
4439.008005 13.580367
4439.435633 14.033524
4439.863261 14.031149
4440.290889 13.944434
4440.718517 13.752163
4441.146145 13.990235
4441.573773 14.089544
4442.001401 14.171307
4442.429029 14.052780
4442.856657 13.926321
4443.284285 14.032052
4443.711913 13.974923
4444.139542 13.873368
4444.567170 14.095676
4444.994798 14.230799
4445.422426 14.446684
4445.850054 14.154026
4446.277682 14.149430
4446.705310 13.935403
4447.132938 14.069500
4447.560566 14.056602
4447.988194 14.065762
4448.415822 14.128463
4448.843450 14.131916
4449.271078 14.077104
4449.698706 13.875937
4450.126335 13.883535
4450.553963 14.257214
4450.981591 14.227616
4451.409219 14.429875
4451.836847 14.682304
4452.264475 14.577534
4452.692103 14.430055
4453.119731 14.266645
4453.547359 14.220658
4453.974987 14.015604
4454.402615 14.045583
4454.830243 14.052697
4455.257871 14.148235
4455.685499 14.318985
4456.113127 14.015733
4456.540756 14.559368
4456.968384 14.813947
4457.396012 15.022293
4457.823640 15.019155
4458.251268 14.682162
4458.678896 13.901319
4459.106524 13.747140
4459.534152 13.735030
4459.961780 13.911887
4460.389408 13.910060
4460.817036 14.095250
4461.244664 14.193222
4461.672292 14.268298
4462.099920 13.698248
4462.527549 13.771483
4462.955177 13.971566
4463.382805 14.042678
4463.810433 14.107012
4464.238061 13.905657
4464.665689 14.030787
4465.093317 14.278672
4465.520945 14.343012
4465.948573 14.347253
4466.376201 14.261500
4466.803829 14.523012
4467.231457 14.426505
4467.659085 14.188200
4468.086713 14.173114
4468.514342 14.356865
4468.941970 14.400787
4469.369598 14.284275
4469.797226 14.372093
4470.224854 13.984961
4470.652482 14.129702
4471.080110 14.341275
4471.507738 14.272952
4471.935366 14.176987
4472.362994 14.398140
4472.790622 14.373487
4473.218250 14.572628
4473.645878 14.706950
4474.073506 14.593633
4474.501135 14.578767
4474.928763 14.362784
4475.356391 14.240275
4475.784019 14.257233
4476.211647 14.380995
4476.639275 14.513787
4477.066903 14.501890
4477.494531 14.337828
4477.922159 14.583905
4478.349787 14.506344
4478.777415 14.987569
4479.205043 14.903812
4479.632671 15.125249
4480.060299 15.065517
4480.487928 15.102319
4480.915556 15.015147
4481.343184 14.678585
4481.770812 14.519868
4482.198440 14.244846
4482.626068 14.321716
4483.053696 14.610288
4483.481324 14.812140
4483.908952 14.864925
4484.336580 14.558181
4484.764208 14.596048
4485.191836 14.427544
4485.619464 14.424181
4486.047092 14.283248
4486.474721 14.782122
4486.902349 14.838471
4487.329977 14.755965
4487.757605 14.673892
4488.185233 14.876886
4488.612861 15.002746
4489.040489 15.203539
4489.468117 15.253361
4489.895745 14.873833
4490.323373 14.830789
4490.751001 14.979836
4491.178629 15.151225
4491.606257 15.361797
4492.033885 15.058191
4492.461513 15.022396
4492.889142 15.126159
4493.316770 15.001816
4493.744398 15.126126
4494.172026 14.874162
4494.599654 15.262921
4495.027282 15.561222
4495.454910 15.483642
4495.882538 15.289343
4496.310166 15.552836
4496.737794 15.318818
4497.165422 15.210840
4497.593050 15.179667
4498.020678 15.442147
4498.448306 15.263851
4498.875935 15.511935
4499.303563 15.617086
4499.731191 16.036062
4500.158819 16.255963
4500.586447 16.465051
4501.014075 16.694925
4501.441703 16.441334
4501.869331 16.935270
4502.296959 16.612671
4502.724587 16.393519
4503.152215 16.096884
4503.579843 15.990268
4504.007471 15.994710
4504.435099 16.955668
4504.862728 16.594390
4505.290356 16.244705
4505.717984 15.857043
4506.145612 15.843332
4506.573240 15.624213
4507.000868 15.809797
4507.428496 15.649963
4507.856124 15.613432
4508.283752 15.292112
4508.711380 15.421012
4509.139008 15.545897
4509.566636 15.583719
4509.994264 15.846340
4510.421892 16.014301
4510.849521 16.056300
4511.277149 15.992579
4511.704777 16.312518
4512.132405 16.282159
4512.560033 16.075169
4512.987661 16.195225
4513.415289 16.069772
4513.842917 16.170262
4514.270545 16.675565
4514.698173 16.730274
4515.125801 16.507140
4515.553429 16.346757
4515.981057 16.801606
4516.408685 16.674223
4516.836314 16.681743
4517.263942 16.527964
4517.691570 16.597314
4518.119198 16.593544
4518.546826 15.862072
4518.974454 16.098117
4519.402082 16.381312
4519.829710 16.078177
4520.257338 16.009066
4520.684966 16.264897
4521.112594 15.986124
4521.540222 15.766972
4521.967850 15.939226
4522.395478 16.202623
4522.823106 16.018381
4523.250735 15.799662
4523.678363 15.967255
4524.105991 15.814032
4524.533619 15.914444
4524.961247 15.977810
4525.388875 16.228308
4525.816503 15.833611
4526.244131 15.834450
4526.671759 16.069107
4527.099387 15.992715
4527.527015 15.782549
4527.954643 15.846541
4528.382271 16.089383
4528.809899 15.822908
4529.237528 15.623212
4529.665156 15.171856
4530.092784 15.128612
4530.520412 15.356285
4530.948040 15.509166
4531.375668 15.349816
4531.803296 15.678128
4532.230924 15.729383
4532.658552 15.525395
4533.086180 15.692297
4533.513808 15.481931
4533.941436 15.550177
4534.369064 15.681013
4534.796692 15.898403
4535.224321 15.791322
4535.651949 15.779554
4536.079577 15.813922
4536.507205 15.677153
4536.934833 15.478277
4537.362461 15.745424
4537.790089 15.717570
4538.217717 15.785809
4538.645345 15.812740
4539.072973 15.784369
4539.500601 16.142407
4539.928229 16.215637
4540.355857 15.856088
4540.783485 15.834643
4541.211114 15.937619
4541.638742 16.035443
4542.066370 16.073820
4542.493998 16.173451
4542.921626 16.378375
4543.349254 16.383062
4543.776882 16.026793
4544.204510 15.822546
4544.632138 15.987990
4545.059766 15.926767
4545.487394 16.050116
4545.915022 15.857231
4546.342650 15.875538
4546.770278 16.023074
4547.197907 16.102578
4547.625535 16.160850
4548.053163 16.000797
4548.480791 15.911339
4548.908419 16.128264
4549.336047 16.244621
4549.763675 16.264342
4550.191303 16.031008
4550.618931 15.836393
4551.046559 15.658736
4551.474187 15.745792
4551.901815 15.557200
4552.329443 15.623412
4552.757071 15.519649
4553.184700 15.713961
4553.612328 15.616260
4554.039956 15.586785
4554.467584 15.603440
4554.895212 15.469872
4555.322840 15.788598
4555.750468 16.002043
4556.178096 15.941718
4556.605724 15.798726
4557.033352 15.903328
4557.460980 15.868740
4557.888608 15.835412
4558.316236 15.688172
4558.743864 15.774996
4559.171492 15.989784
4559.599121 15.927471
4560.026749 15.983748
4560.454377 15.982290
4560.882005 16.075207
4561.309633 15.901740
4561.737261 15.886060
4562.164889 16.044609
4562.592517 15.953602
4563.020145 15.631759
4563.447773 16.063213
4563.875401 15.770032
4564.303029 15.778256
4564.730657 15.831751
4565.158285 15.456658
4565.585914 15.536395
4566.013542 15.635116
4566.441170 15.710385
4566.868798 15.745102
4567.296426 15.953492
4567.724054 16.121582
4568.151682 16.705867
4568.579310 16.812806
4569.006938 17.135391
4569.434566 17.073020
4569.862194 17.247236
4570.289822 17.518553
4570.717450 17.344466
4571.145078 17.189642
4571.572707 18.033255
4572.000335 17.550901
4572.427963 17.969006
4572.855591 18.242201
4573.283219 18.219279
4573.710847 17.249166
4574.138475 17.288518
4574.566103 16.878069
4574.993731 15.865022
4575.421359 14.921306
4575.848987 15.652991
4576.276615 15.971451
4576.704243 17.172516
4577.131871 16.930970
4577.559500 17.589684
4577.987128 17.393643
4578.414756 17.463922
4578.842384 16.667257
4579.270012 16.644825
4579.697640 16.863247
4580.125268 16.742068
4580.552896 16.087995
4580.980524 15.854681
4581.408152 15.774957
4581.835780 15.231258
4582.263408 15.412691
4582.691036 15.407372
4583.118664 15.550913
4583.546293 16.199550
4583.973921 16.572461
4584.401549 15.732953
4584.829177 15.651945
4585.256805 15.204507
4585.684433 14.955687
4586.112061 15.027334
4586.539689 15.252251
4586.967317 15.179815
4587.394945 15.170533
4587.822573 14.935417
4588.250201 14.794839
4588.677829 14.872284
4589.105457 15.120349
4589.533085 15.131814
4589.960714 15.146764
4590.388342 15.005109
4590.815970 15.081281
4591.243598 15.166866
4591.671226 15.202403
4592.098854 15.328701
4592.526482 15.599063
4592.954110 15.060237
4593.381738 15.073283
4593.809366 14.838826
4594.236994 14.827368
4594.664622 14.714115
4595.092250 14.827510
4595.519878 15.061973
4595.947507 15.107826
4596.375135 14.883555
4596.802763 14.872084
4597.230391 14.822720
4597.658019 14.945106
4598.085647 14.649956
4598.513275 14.572118
4598.940903 14.921009
4599.368531 14.708415
4599.796159 14.827310
4600.223787 15.223421
4600.651415 15.158390
4601.079043 15.333743
4601.506671 16.481189
4601.934300 18.340994
4602.361928 19.059032
4602.789556 20.201450
4603.217184 20.461038
4603.644812 17.896971
4604.072440 15.604227
4604.500068 15.580039
4604.927696 15.714975
4605.355324 16.543102
4605.782952 16.515157
4606.210580 16.038599
4606.638208 15.936134
4607.065836 16.268919
4607.493464 15.891257
4607.921093 16.666541
4608.348721 15.952330
4608.776349 15.688488
4609.203977 15.612025
4609.631605 15.392215
4610.059233 14.987150
4610.486861 15.265587
4610.914489 15.120975
4611.342117 14.910919
4611.769745 14.743513
4612.197373 15.209807
4612.625001 15.075175
4613.052629 15.526279
4613.480257 15.240579
4613.907886 15.363159
4614.335514 15.283255
4614.763142 14.848212
4615.190770 15.016154
4615.618398 15.026773
4616.046026 14.925030
4616.473654 14.909576
4616.901282 14.505828
4617.328910 14.779695
4617.756538 14.996394
4618.184166 15.149746
4618.611794 14.864796
4619.039422 14.421321
4619.467050 14.629150
4619.894679 14.784646
4620.322307 14.960444
4620.749935 14.697603
4621.177563 15.064523
4621.605191 15.017038
4622.032819 15.180551
4622.460447 15.230173
4622.888075 15.554243
4623.315703 15.345304
4623.743331 15.702393
4624.170959 15.238029
4624.598587 15.250740
4625.026215 15.116037
4625.453843 14.714374
4625.881471 14.956668
4626.309100 15.137778
4626.736728 15.139773
4627.164356 14.721184
4627.591984 14.796789
4628.019612 14.739608
4628.447240 14.868746
4628.874868 14.919408
4629.302496 14.883000
4629.730124 14.725464
4630.157752 14.749484
4630.585380 14.657625
4631.013008 14.841201
4631.440636 14.937528
4631.868264 15.457485
4632.295893 15.420877
4632.723521 16.449087
4633.151149 17.112985
4633.578777 17.070128
4634.006405 16.686339
4634.434033 15.806182
4634.861661 15.487237
4635.289289 15.673990
4635.716917 16.033732
4636.144545 15.512787
4636.572173 15.215487
4636.999801 14.548556
4637.427429 14.185760
4637.855057 14.507745
4638.282686 14.568148
4638.710314 14.768527
4639.137942 14.819531
4639.565570 14.595938
4639.993198 14.105630
4640.420826 13.785556
4640.848454 13.855622
4641.276082 14.003617
4641.703710 14.062205
4642.131338 14.311361
4642.558966 14.295430
4642.986594 14.322090
4643.414222 15.103920
4643.841850 15.330812
4644.269479 14.887835
4644.697107 15.574255
4645.124735 14.646890
4645.552363 14.406610
4645.979991 14.013584
4646.407619 13.808866
4646.835247 13.449550
4647.262875 13.760722
4647.690503 14.080138
4648.118131 13.966066
4648.545759 13.876937
4648.973387 13.777267
4649.401015 14.227255
4649.828643 14.588914
4650.256272 15.405745
4650.683900 17.064712
4651.111528 17.504861
4651.539156 16.809313
4651.966784 15.414789
4652.394412 13.918264
4652.822040 15.383229
4653.249668 14.923655
4653.677296 14.806239
4654.104924 14.859347
4654.532552 14.764125
4654.960180 14.290995
4655.387808 13.795742
4655.815436 13.798047
4656.243064 14.048371
4656.670693 13.902617
4657.098321 13.885446
4657.525949 13.771509
4657.953577 13.574286
4658.381205 13.544230
4658.808833 13.561873
4659.236461 13.721648
4659.664089 13.939767
4660.091717 14.045944
4660.519345 13.865938
4660.946973 13.906464
4661.374601 14.034060
4661.802229 14.305900
4662.229857 14.330230
4662.657486 14.785808
4663.085114 14.868798
4663.512742 14.404389
4663.940370 14.173966
4664.367998 13.692741
4664.795626 13.105636
4665.223254 13.068615
4665.650882 13.848082
4666.078510 14.226726
4666.506138 14.062070
4666.933766 13.910667
4667.361394 13.593949
4667.789022 13.219689
4668.216650 13.088297
4668.644279 13.495757
4669.071907 13.461951
4669.499535 13.613483
4669.927163 14.291744
4670.354791 14.870154
4670.782419 15.621521
4671.210047 16.576644
4671.637675 17.357015
4672.065303 15.925780
4672.492931 15.671776
4672.920559 14.493724
4673.348187 14.270473
4673.775815 14.092545
4674.203443 13.965659
4674.631072 13.663628
4675.058700 13.942866
4675.486328 13.573731
4675.913956 13.442268
4676.341584 13.492297
4676.769212 13.387747
4677.196840 13.539143
4677.624468 13.712488
4678.052096 13.822112
4678.479724 13.663763
4678.907352 13.223801
4679.334980 13.172913
4679.762608 13.049959
4680.190236 13.272171
4680.617865 13.290988
4681.045493 13.536813
4681.473121 13.551538
4681.900749 13.531358
4682.328377 13.536458
4682.756005 13.508745
4683.183633 13.640466
4683.611261 13.617763
4684.038889 13.524470
4684.466517 13.717446
4684.894145 13.550718
4685.321773 13.486190
4685.749401 13.098626
4686.177029 13.074631
4686.604658 12.926243
4687.032286 13.666681
4687.459914 13.884432
4687.887542 14.024571
4688.315170 13.982398
4688.742798 13.932808
4689.170426 13.780624
4689.598054 13.890829
4690.025682 14.151508
4690.453310 15.040129
4690.880938 15.454696
4691.308566 15.337390
4691.736194 15.027554
4692.163822 14.552661
4692.591450 13.687642
4693.019079 12.305899
4693.446707 12.398494
4693.874335 13.818588
4694.301963 13.856138
4694.729591 15.658374
4695.157219 15.767147
4695.584847 15.644754
4696.012475 15.042788
4696.440103 14.613064
4696.867731 13.807401
4697.295359 12.935926
4697.722987 13.018941
4698.150615 13.135189
4698.578243 13.013377
4699.005872 13.043529
4699.433500 12.895980
4699.861128 12.750277
4700.288756 12.569166
4700.716384 12.639407
4701.144012 12.202859
4701.571640 11.908387
4701.999268 11.904655
4702.426896 11.567223
4702.854524 11.592179
4703.282152 11.715824
4703.709780 12.363532
4704.137408 12.426756
4704.565036 12.226176
4704.992665 12.242889
4705.420293 11.721996
4705.847921 11.643538
4706.275549 11.679352
4706.703177 11.639606
4707.130805 11.668016
4707.558433 11.716276
4707.986061 12.166587
4708.413689 12.399527
4708.841317 12.470452
4709.268945 12.380852
4709.696573 12.668520
4710.124201 12.725043
4710.551829 12.835636
4710.979458 13.169867
4711.407086 13.248234
4711.834714 13.088910
4712.262342 13.137093
4712.689970 13.268026
4713.117598 13.515188
4713.545226 13.617324
4713.972854 13.134020
4714.400482 12.956357
4714.828110 13.028540
4715.255738 12.895031
4715.683366 12.687318
4716.110994 12.853252
4716.538622 12.917463
4716.966251 12.957299
4717.393879 13.212859
4717.821507 13.475823
4718.249135 13.770889
4718.676763 14.159113
4719.104391 13.840781
4719.532019 13.137900
4719.959647 13.517421
4720.387275 13.367806
4720.814903 13.085341
4721.242531 12.870075
4721.670159 13.024144
4722.097787 13.247240
4722.525415 13.051373
4722.953043 12.873193
4723.380672 12.721693
4723.808300 12.576183
4724.235928 12.702411
4724.663556 12.712397
4725.091184 12.928709
4725.518812 13.083281
4725.946440 13.126287
4726.374068 13.062598
4726.801696 13.033194
4727.229324 12.698860
4727.656952 12.645036
4728.084580 12.763865
4728.512208 12.523437
4728.939836 12.613592
4729.367465 12.470239
4729.795093 12.477565
4730.222721 12.557644
4730.650349 12.495795
4731.077977 12.420507
4731.505605 12.469251
4731.933233 12.515226
4732.360861 12.544113
4732.788489 12.472498
4733.216117 12.813855
4733.643745 12.666952
4734.071373 12.514877
4734.499001 12.699048
4734.926629 12.463480
4735.354258 12.564557
4735.781886 12.558464
4736.209514 12.716742
4736.637142 12.534966
4737.064770 12.718994
4737.492398 12.566281
4737.920026 12.588235
4738.347654 12.324619
4738.775282 12.335697
4739.202910 12.673097
4739.630538 12.679869
4740.058166 12.712455
4740.485794 12.715005
4740.913422 12.824972
4741.341051 12.696646
4741.768679 12.987517
4742.196307 12.799796
4742.623935 12.596899
4743.051563 12.614089
4743.479191 12.518131
4743.906819 12.430358
4744.334447 12.351777
4744.762075 12.326491
4745.189703 12.348627
4745.617331 12.865950
4746.044959 12.994572
4746.472587 12.969784
4746.900215 13.206862
4747.327844 13.207411
4747.755472 12.997361
4748.183100 12.670644
4748.610728 12.356767
4749.038356 12.319074
4749.465984 12.623055
4749.893612 12.698221
4750.321240 12.487487
4750.748868 12.561840
4751.176496 12.597376
4751.604124 12.523217
4752.031752 12.609996
4752.459380 12.570051
4752.887008 12.572452
4753.314637 12.747398
4753.742265 12.876879
4754.169893 12.904876
4754.597521 12.885845
4755.025149 12.764666
4755.452777 12.469335
4755.880405 12.264546
4756.308033 12.176005
4756.735661 12.506324
4757.163289 12.455714
4757.590917 12.497351
4758.018545 12.706658
4758.446173 12.534353
4758.873801 12.712132
4759.301429 12.609551
4759.729058 12.627658
4760.156686 12.541499
4760.584314 12.647102
4761.011942 12.343159
4761.439570 12.294551
4761.867198 12.453209
4762.294826 12.476494
4762.722454 12.588694
4763.150082 12.804611
4763.577710 12.726935
4764.005338 12.485706
4764.432966 12.396764
4764.860594 12.458910
4765.288222 12.521939
4765.715851 12.448955
4766.143479 12.502883
4766.571107 12.388534
4766.998735 12.219662
4767.426363 12.315640
4767.853991 12.487875
4768.281619 12.578656
4768.709247 12.494646
4769.136875 12.417363
4769.564503 12.523560
4769.992131 12.336420
4770.419759 12.371711
4770.847387 12.461046
4771.275015 12.782760
4771.702644 13.041257
4772.130272 12.695536
4772.557900 12.908581
4772.985528 12.539072
4773.413156 11.825875
4773.840784 11.907825
4774.268412 12.222232
4774.696040 12.669992
4775.123668 12.735236
4775.551296 13.200458
4775.978924 13.488882
4776.406552 13.239048
4776.834180 13.373280
4777.261808 13.088646
4777.689437 12.887349
4778.117065 12.738199
4778.544693 12.739083
4778.972321 12.650226
4779.399949 12.850373
4779.827577 12.914165
4780.255205 12.797097
4780.682833 13.110536
4781.110461 12.961547
4781.538089 12.844492
4781.965717 13.010168
4782.393345 13.203757
4782.820973 13.347536
4783.248601 13.116681
4783.676230 13.043316
4784.103858 12.919006
4784.531486 13.013428
4784.959114 13.106488
4785.386742 12.927430
4785.814370 12.849547
4786.241998 12.959384
4786.669626 12.883973
4787.097254 12.692541
4787.524882 12.789571
4787.952510 12.896180
4788.380138 13.223246
4788.807766 13.290891
4789.235394 13.116584
4789.663022 13.059306
4790.090651 12.767526
4790.518279 13.003700
4790.945907 12.858571
4791.373535 12.915223
4791.801163 13.262113
4792.228791 12.919219
4792.656419 13.271506
4793.084047 13.409669
4793.511675 13.473803
4793.939303 13.723023
4794.366931 13.508687
4794.794559 13.588113
4795.222187 13.634689
4795.649815 13.553016
4796.077444 13.334606
4796.505072 13.252114
4796.932700 13.336433
4797.360328 13.370078
4797.787956 13.737477
4798.215584 13.795284
4798.643212 13.830027
4799.070840 13.852162
4799.498468 13.736883
4799.926096 13.826876
4800.353724 13.905121
4800.781352 13.984089
4801.208980 13.866635
4801.636608 13.916870
4802.064237 14.226274
4802.491865 14.252999
4802.919493 14.333426
4803.347121 14.240934
4803.774749 14.212769
4804.202377 13.980946
4804.630005 14.221245
4805.057633 14.311962
4805.485261 14.332399
4805.912889 14.358905
4806.340517 14.482221
4806.768145 14.383603
4807.195773 14.613044
4807.623401 14.784330
4808.051030 14.953679
4808.478658 15.138534
4808.906286 15.515589
4809.333914 15.337868
4809.761542 15.281571
4810.189170 15.305488
4810.616798 15.053685
4811.044426 15.056280
4811.472054 15.011319
4811.899682 14.776648
4812.327310 14.769676
4812.754938 14.981159
4813.182566 15.610870
4813.610194 15.511909
4814.037823 15.496081
4814.465451 15.324047
4814.893079 15.735870
4815.320707 15.581078
4815.748335 15.430895
4816.175963 15.721017
4816.603591 15.736213
4817.031219 15.733275
4817.458847 15.585048
4817.886475 15.676391
4818.314103 15.903025
4818.741731 16.048147
4819.169359 16.119898
4819.596987 15.872407
4820.024616 15.654553
4820.452244 15.591872
4820.879872 15.762537
4821.307500 15.939626
4821.735128 16.331645
4822.162756 16.453806
4822.590384 16.500620
4823.018012 16.445311
4823.445640 16.484294
4823.873268 16.323873
4824.300896 16.244808
4824.728524 16.662823
4825.156152 16.708985
4825.583780 17.135804
4826.011408 17.226489
4826.439037 17.192488
4826.866665 17.078339
4827.294293 17.207813
4827.721921 17.310724
4828.149549 16.864913
4828.577177 16.834341
4829.004805 16.774106
4829.432433 16.851370
4829.860061 17.156429
4830.287689 17.418728
4830.715317 17.882827
4831.142945 17.966701
4831.570573 18.013786
4831.998201 17.917131
4832.425830 17.931384
4832.853458 18.198847
4833.281086 17.929570
4833.708714 17.986500
4834.136342 18.378480
4834.563970 18.313681
4834.991598 18.385510
4835.419226 18.152808
4835.846854 18.245016
4836.274482 18.265389
4836.702110 18.251458
4837.129738 18.645485
4837.557366 18.951596
4837.984994 19.078463
4838.412623 19.146102
4838.840251 19.206891
4839.267879 19.234101
4839.695507 19.397730
4840.123135 19.581584
4840.550763 19.628676
4840.978391 19.678885
4841.406019 19.804286
4841.833647 19.764541
4842.261275 19.667834
4842.688903 20.063229
4843.116531 20.248690
4843.544159 20.350252
4843.971787 20.433874
4844.399416 20.198242
4844.827044 20.203154
4845.254672 20.884669
4845.682300 20.972526
4846.109928 20.673651
4846.537556 20.408969
4846.965184 20.602164
4847.392812 20.902188
4847.820440 20.602642
4848.248068 21.058801
4848.675696 21.445978
4849.103324 21.259562
4849.530952 21.516554
4849.958580 21.335050
4850.386209 21.258690
4850.813837 20.843955
4851.241465 20.857330
4851.669093 23.316783
4852.096721 24.919362
4852.524349 25.617654
4852.951977 26.010873
4853.379605 25.084044
4853.807233 25.413310
4854.234861 22.462614
4854.662489 21.542763
4855.090117 25.072456
4855.517745 27.988481
4855.945373 29.398872
4856.373001 29.235146
4856.800630 28.373237
4857.228258 24.921905
4857.655886 23.370943
4858.083514 19.587652
4858.511142 20.129157
4858.938770 19.946923
4859.366398 20.472109
4859.794026 22.330454
4860.221654 23.954123
4860.649282 27.299549
4861.076910 29.873906
4861.504538 29.582184
4861.932166 25.411051
4862.359794 22.830361
4862.787423 20.445603
4863.215051 20.247606
4863.642679 19.321667
4864.070307 21.553104
4864.497935 22.880151
4864.925563 22.902848
4865.353191 22.569818
4865.780819 22.123200
4866.208447 21.199947
4866.636075 20.438561
4867.063703 19.751327
4867.491331 20.102458
4867.918959 20.743646
4868.346587 20.624751
4868.774216 20.778098
4869.201844 21.362485
4869.629472 21.009947
4870.057100 20.737332
4870.484728 20.968330
4870.912356 20.491165
4871.339984 20.790731
4871.767612 19.571514
4872.195240 18.955218
4872.622868 18.458197
4873.050496 17.614731
4873.478124 17.671105
4873.905752 18.199332
4874.333380 19.243480
4874.761009 20.331867
4875.188637 20.158109
4875.616265 19.961499
4876.043893 19.809186
4876.471521 19.695262
4876.899149 19.180967
4877.326777 18.777812
4877.754405 18.176615
4878.182033 17.717739
4878.609661 18.252840
4879.037289 18.823148
4879.464917 18.633956
4879.892545 18.241123
4880.320173 17.876720
4880.747802 17.972233
4881.175430 18.133061
4881.603058 18.259650
4882.030686 18.380565
4882.458314 19.249122
4882.885942 19.236483
4883.313570 18.430180
4883.741198 18.084905
4884.168826 18.016975
4884.596454 18.182270
4885.024082 18.184007
4885.451710 17.393552
4885.879338 17.042673
4886.306966 17.473527
4886.734595 16.417191
4887.162223 16.233169
4887.589851 18.819204
4888.017479 20.321577
4888.445107 22.938191
4888.872735 23.858875
4889.300363 23.724010
4889.727991 21.347522
4890.155619 18.780059
4890.583247 16.639138
4891.010875 17.390396
4891.438503 17.540062
4891.866131 16.805182
4892.293759 17.040562
4892.721387 18.295296
4893.149016 18.117375
4893.576644 17.686592
4894.004272 17.551617
4894.431900 17.065383
4894.859528 16.789547
4895.287156 16.835289
4895.714784 17.362554
4896.142412 17.453296
4896.570040 17.504939
4896.997668 17.423331
4897.425296 17.561197
4897.852924 17.504971
4898.280552 17.250489
4898.708180 17.553464
4899.135809 17.876223
4899.563437 18.113101
4899.991065 17.694648
4900.418693 17.228832
4900.846321 17.560009
4901.273949 18.222984
4901.701577 18.697489
4902.129205 19.376363
4902.556833 19.202883
4902.984461 19.252756
4903.412089 18.422944
4903.839717 17.500853
4904.267345 17.116115
4904.694973 17.350979
4905.122602 17.309601
4905.550230 17.625292
4905.977858 17.492454
4906.405486 17.686869
4906.833114 17.395482
4907.260742 17.555923
4907.688370 17.414978
4908.115998 17.701026
4908.543626 17.867186
4908.971254 17.900670
4909.398882 17.581480
4909.826510 17.739048
4910.254138 18.431000
4910.681766 18.852010
4911.109395 19.893538
4911.537023 20.499583
4911.964651 20.204988
4912.392279 18.779910
4912.819907 16.533232
4913.247535 16.376916
4913.675163 16.930577
4914.102791 17.086440
4914.530419 17.772370
4914.958047 17.340619
4915.385675 17.349282
4915.813303 17.477814
4916.240931 16.951259
4916.668559 16.834605
4917.096188 17.180649
4917.523816 17.174517
4917.951444 17.444982
4918.379072 17.398923
4918.806700 17.086892
4919.234328 16.938123
4919.661956 16.723606
4920.089584 16.572513
4920.517212 16.881051
4920.944840 18.326043
4921.372468 20.486924
4921.800096 24.154180
4922.227724 26.528145
4922.655352 23.024944
4923.082980 19.248644
4923.510609 15.173347
4923.938237 14.734624
4924.365865 14.334717
4924.793493 13.387798
4925.221121 15.642139
4925.648749 16.916452
4926.076377 16.590930
4926.504005 16.227998
4926.931633 16.178409
4927.359261 15.538544
4927.786889 15.347854
4928.214517 15.705182
4928.642145 16.012068
4929.069773 15.794969
4929.497402 14.654894
4929.925030 14.249377
4930.352658 14.511121
4930.780286 15.765907
4931.207914 17.374741
4931.635542 19.751792
4932.063170 19.082278
4932.490798 18.889722
4932.918426 19.026323
4933.346054 16.489820
4933.773682 15.498741
4934.201310 15.584629
4934.628938 14.293713
4935.056566 15.458066
4935.484195 15.452708
4935.911823 15.161915
4936.339451 14.695595
4936.767079 14.311891
4937.194707 14.198832
4937.622335 14.157292
4938.049963 14.309696
4938.477591 14.419830
4938.905219 14.618874
4939.332847 14.580445
4939.760475 14.993566
4940.188103 14.998395
4940.615731 16.419166
4941.043359 18.142402
4941.470988 20.229511
4941.898616 19.426450
4942.326244 18.966676
4942.753872 17.055635
4943.181500 17.345312
4943.609128 16.361288
4944.036756 16.043634
4944.464384 15.605454
4944.892012 14.563196
4945.319640 14.484048
4945.747268 14.180893
4946.174896 14.231709
4946.602524 13.961638
4947.030152 14.089808
4947.457781 14.273804
4947.885409 14.468607
4948.313037 14.206372
4948.740665 14.371228
4949.168293 14.027798
4949.595921 14.089531
4950.023549 13.852149
4950.451177 13.998046
4950.878805 14.163941
4951.306433 14.137649
4951.734061 13.965666
4952.161689 14.437524
4952.589317 14.393835
4953.016945 14.045570
4953.444574 12.909601
4953.872202 12.346419
4954.299830 13.025726
4954.727458 14.279111
4955.155086 15.840511
4955.582714 17.905873
4956.010342 19.119751
4956.437970 18.890832
4956.865598 17.412118
4957.293226 16.002017
4957.720854 16.064291
4958.148482 16.040155
4958.576110 15.664965
4959.003738 15.891160
4959.431366 15.785434
4959.858995 16.148062
4960.286623 16.260656
4960.714251 16.375496
4961.141879 16.476625
4961.569507 16.521193
4961.997135 16.298465
4962.424763 15.677185
4962.852391 14.822533
4963.280019 14.338254
4963.707647 14.819221
4964.135275 14.889978
4964.562903 15.437602
4964.990531 15.420670
4965.418159 15.838717
4965.845788 15.194269
4966.273416 14.140973
4966.701044 14.207308
4967.128672 14.689037
4967.556300 14.269402
4967.983928 14.242419
4968.411556 14.173185
4968.839184 13.802585
4969.266812 13.594607
4969.694440 13.449376
4970.122068 13.524051
4970.549696 13.535444
4970.977324 13.916599
4971.404952 13.754428
4971.832581 13.327867
4972.260209 13.420921
4972.687837 13.282351
4973.115465 13.060927
4973.543093 13.281363
4973.970721 13.473815
4974.398349 13.555107
4974.825977 13.686570
4975.253605 13.585105
4975.681233 13.687971
4976.108861 13.467418
4976.536489 13.265580
4976.964117 13.057634
4977.391745 12.877673
4977.819374 13.119592
4978.247002 13.023886
4978.674630 12.935861
4979.102258 13.067388
4979.529886 13.100143
4979.957514 12.976665
4980.385142 13.316899
4980.812770 14.064000
4981.240398 14.433515
4981.668026 14.510973
4982.095654 13.940852
4982.523282 13.808944
4982.950910 13.460343
4983.378538 13.365585
4983.806167 13.377889
4984.233795 13.055220
4984.661423 13.434554
4985.089051 12.930813
4985.516679 12.533694
4985.944307 13.197373
4986.371935 12.346871
4986.799563 12.736288
4987.227191 12.695194
4987.654819 14.254393
4988.082447 14.923972
4988.510075 17.067184
4988.937703 16.926949
4989.365331 15.941324
4989.792959 15.091797
4990.220588 13.314892
4990.648216 12.633003
4991.075844 13.137500
4991.503472 12.850922
4991.931100 13.635334
4992.358728 13.467593
4992.786356 14.044279
4993.213984 13.955086
4993.641612 13.985309
4994.069240 14.007871
4994.496868 13.897956
4994.924496 13.795252
4995.352124 13.625432
4995.779752 13.299167
4996.207381 13.243199
4996.635009 13.373939
4997.062637 13.613857
4997.490265 14.183042
4997.917893 13.898053
4998.345521 13.619009
4998.773149 13.663118
4999.200777 13.434561
4999.628405 13.852491
5000.056033 14.020988
5000.483661 14.356213
5000.911289 14.740402
5001.338917 14.627808
5001.766545 14.976557
5002.194174 15.111402
5002.621802 15.730732
5003.049430 15.787991
5003.477058 15.906401
5003.904686 16.504486
5004.332314 17.057675
5004.759942 17.530399
5005.187570 18.192166
5005.615198 18.613447
5006.042826 19.386298
5006.470454 20.054508
5006.898082 20.599537
5007.325710 21.017151
5007.753338 20.965076
5008.180967 21.756563
5008.608595 22.782669
5009.036223 23.137531
5009.463851 24.130960
5009.891479 25.048920
5010.319107 24.739859
5010.746735 22.521080
5011.174363 19.984893
5011.601991 19.391436
5012.029619 19.169767
5012.457247 18.595262
5012.884875 18.050975
5013.312503 17.802116
5013.740131 17.210015
5014.167760 17.111655
5014.595388 16.260185
5015.023016 15.855016
5015.450644 16.097446
5015.878272 16.329638
5016.305900 15.815026
5016.733528 15.313169
5017.161156 15.115759
5017.588784 13.885439
5018.016412 12.767261
5018.444040 12.939980
5018.871668 13.251720
5019.299296 13.444870
5019.726924 13.297166
5020.154553 13.239171
5020.582181 13.270905
5021.009809 13.042006
5021.437437 13.140818
5021.865065 13.225066
5022.292693 13.096102
5022.720321 12.900460
5023.147949 12.862283
5023.575577 13.143826
5024.003205 13.303976
5024.430833 12.824978
5024.858461 12.611294
5025.286089 12.504807
5025.713717 12.553144
5026.141345 12.590785
5026.568974 12.709776
5026.996602 12.884548
5027.424230 13.087374
5027.851858 12.939528
5028.279486 12.904559
5028.707114 12.726489
5029.134742 12.645662
5029.562370 12.706019
5029.989998 12.605310
5030.417626 12.668307
5030.845254 12.340345
5031.272882 12.110509
5031.700510 12.538000
5032.128138 12.108566
5032.555767 12.358620
5032.983395 12.547974
5033.411023 12.501805
5033.838651 12.495382
5034.266279 12.580341
5034.693907 12.703327
5035.121535 12.486803
5035.549163 12.211393
5035.976791 12.670935
5036.404419 12.572252
5036.832047 12.563615
5037.259675 12.723526
5037.687303 12.968874
5038.114931 12.762239
5038.542560 12.475429
5038.970188 11.791661
5039.397816 11.857428
5039.825444 12.027003
5040.253072 12.117791
5040.680700 12.622061
5041.108328 12.853072
5041.535956 13.076084
5041.963584 12.253785
5042.391212 11.619362
5042.818840 12.150106
5043.246468 12.008780
5043.674096 12.105629
5044.101724 12.194203
5044.529353 12.226453
5044.956981 12.518085
5045.384609 12.282027
5045.812237 11.645920
5046.239865 11.864755
5046.667493 12.573563
5047.095121 13.082532
5047.522749 13.439350
5047.950377 13.646502
5048.378005 13.269679
5048.805633 12.873509
5049.233261 12.353036
5049.660889 12.060810
5050.088517 11.955123
5050.516146 12.406131
5050.943774 12.134007
5051.371402 11.828980
5051.799030 12.625450
5052.226658 12.629027
5052.654286 12.574828
5053.081914 12.592457
5053.509542 12.569747
5053.937170 11.876801
5054.364798 11.353016
5054.792426 11.652168
5055.220054 11.638251
5055.647682 11.936887
5056.075310 12.468276
5056.502938 12.438085
5056.930567 13.505627
5057.358195 13.000524
5057.785823 13.727516
5058.213451 11.317008
5058.641079 10.918205
5059.068707 11.123245
5059.496335 11.105996
5059.923963 11.505064
5060.351591 11.959035
5060.779219 12.196907
5061.206847 12.185940
5061.634475 12.303343
5062.062103 12.066187
5062.489731 11.990169
5062.917360 12.576661
5063.344988 13.099129
5063.772616 12.888886
5064.200244 12.093564
5064.627872 11.791752
5065.055500 11.548541
5065.483128 11.239325
5065.910756 11.045704
5066.338384 11.520409
5066.766012 12.548626
5067.193640 12.833389
5067.621268 14.113093
5068.048896 14.841937
5068.476524 15.026424
5068.904153 13.072643
5069.331781 11.178929
5069.759409 11.545546
5070.187037 10.265610
5070.614665 9.964966
5071.042293 10.388603
5071.469921 11.315639
5071.897549 11.959209
5072.325177 11.769804
5072.752805 11.467604
5073.180433 11.258252
5073.608061 11.322508
5074.035689 11.492180
5074.463317 11.680862
5074.890946 11.563137
5075.318574 11.769010
5075.746202 12.095597
5076.173830 11.956240
5076.601458 12.399269
5077.029086 12.570225
5077.456714 12.977666
5077.884342 12.618479
5078.311970 12.267554
5078.739598 11.894501
5079.167226 11.727734
5079.594854 11.180400
5080.022482 10.693501
5080.450110 11.284079
5080.877739 11.473136
5081.305367 12.110755
5081.732995 12.121077
5082.160623 12.579204
5082.588251 11.764853
5083.015879 11.225962
5083.443507 11.124891
5083.871135 11.287565
5084.298763 11.209914
5084.726391 10.905972
5085.154019 11.161331
5085.581647 11.244437
5086.009275 11.241894
5086.436903 11.299856
5086.864532 11.137343
5087.292160 11.253978
5087.719788 11.123632
5088.147416 10.947880
5088.575044 10.964425
5089.002672 10.840483
5089.430300 10.947886
5089.857928 11.378714
5090.285556 11.450459
5090.713184 11.173203
5091.140812 11.046446
5091.568440 11.112807
5091.996068 11.015377
5092.423696 11.238408
5092.851324 11.474595
5093.278953 11.366327
5093.706581 11.463505
5094.134209 11.414684
5094.561837 11.119494
5094.989465 11.421107
5095.417093 11.243805
5095.844721 11.126047
5096.272349 10.864341
5096.699977 10.984236
5097.127605 11.036983
5097.555233 11.170982
5097.982861 11.503025
5098.410489 11.869487
5098.838117 11.706961
5099.265746 11.462776
5099.693374 11.273945
5100.121002 11.000000
5100.548630 10.873450
5100.976258 10.782281
5101.403886 11.103285
5101.831514 11.160202
5102.259142 11.037589
5102.686770 10.826681
5103.114398 10.788169
5103.542026 11.502166
5103.969654 12.298101
5104.397282 12.483040
5104.824910 13.143238
5105.252539 13.803573
5105.680167 13.722132
5106.107795 13.573286
5106.535423 12.505653
5106.963051 10.704940
5107.390679 11.385467
5107.818307 12.351654
5108.245935 11.347206
5108.673563 11.794999
5109.101191 11.970364
5109.528819 12.071313
5109.956447 12.425981
5110.384075 11.983991
5110.811703 11.102472
5111.239332 11.425638
5111.666960 10.682766
5112.094588 11.202491
5112.522216 11.020509
5112.949844 11.387674
5113.377472 11.440440
5113.805100 11.182014
5114.232728 10.996785
5114.660356 10.931948
5115.087984 11.067994
5115.515612 10.811020
5115.943240 11.502831
5116.370868 11.257735
5116.798496 11.002692
5117.226125 10.756066
5117.653753 10.718761
5118.081381 10.716844
5118.509009 10.937829
5118.936637 11.108282
5119.364265 11.874612
5119.791893 12.035059
5120.219521 11.790015
5120.647149 11.618343
5121.074777 11.476622
5121.502405 11.562304
5121.930033 11.437006
5122.357661 11.572574
5122.785289 11.635527
5123.212917 11.690010
5123.640546 11.441234
5124.068174 11.342823
5124.495802 11.121838
5124.923430 10.927094
5125.351058 10.962372
5125.778686 11.180246
5126.206314 11.439085
5126.633942 11.348504
5127.061570 11.135020
5127.489198 10.757583
5127.916826 11.543209
5128.344454 11.700958
5128.772082 11.463531
5129.199710 11.330803
5129.627339 11.199244
5130.054967 11.255437
5130.482595 11.152688
5130.910223 11.231288
5131.337851 11.154889
5131.765479 11.381535
5132.193107 11.309475
5132.620735 11.190826
5133.048363 11.545572
5133.475991 11.910536
5133.903619 12.137983
5134.331247 12.865453
5134.758875 13.064264
5135.186503 13.195313
5135.614132 12.919290
5136.041760 12.849018
5136.469388 12.700726
5136.897016 11.501030
5137.324644 10.872152
5137.752272 11.225349
5138.179900 11.206073
5138.607528 11.610906
5139.035156 12.078142
5139.462784 11.894095
5139.890412 11.853717
5140.318040 11.702978
5140.745668 11.573465
5141.173296 11.770185
5141.600925 11.743337
5142.028553 11.857964
5142.456181 11.964096
5142.883809 12.006798
5143.311437 12.130385
5143.739065 12.234961
5144.166693 12.147627
5144.594321 12.082726
5145.021949 11.856905
5145.449577 11.630388
5145.877205 11.952334
5146.304833 14.146841
5146.732461 16.015909
5147.160089 16.933410
5147.587718 17.832250
5148.015346 18.567149
5148.442974 17.001049
5148.870602 12.868422
5149.298230 10.070872
5149.725858 8.500040
5150.153486 8.997359
5150.581114 10.423081
5151.008742 11.289702
5151.436370 12.391871
5151.863998 12.921324
5152.291626 12.821298
5152.719254 12.319875
5153.146882 12.488120
5153.574511 12.221218
5154.002139 12.402296
5154.429767 12.335019
5154.857395 12.648786
5155.285023 13.099846
5155.712651 12.780630
5156.140279 12.560187
5156.567907 12.064063
5156.995535 11.840599
5157.423163 11.279432
5157.850791 12.101827
5158.278419 13.217855
5158.706047 14.223059
5159.133675 14.733469
5159.561303 14.988441
5159.988932 14.845197
5160.416560 13.890552
5160.844188 12.319416
5161.271816 10.626082
5161.699444 11.696071
5162.127072 12.924164
5162.554700 12.816831
5162.982328 12.891274
5163.409956 13.040457
5163.837584 12.725560
5164.265212 12.548258
5164.692840 12.448562
5165.120468 12.099432
5165.548096 12.186727
5165.975725 12.527833
5166.403353 11.875820
5166.830981 11.570560
5167.258609 11.194796
5167.686237 11.894417
5168.113865 12.102840
5168.541493 12.335923
5168.969121 13.781812
5169.396749 15.083063
5169.824377 16.864113
5170.252005 18.425920
5170.679633 19.544453
5171.107261 17.015819
5171.534889 13.097825
5171.962518 10.673528
5172.390146 11.890428
5172.817774 12.645430
5173.245402 12.599681
5173.673030 12.647979
5174.100658 12.440731
5174.528286 12.247104
5174.955914 11.940941
5175.383542 11.640413
5175.811170 11.810240
5176.238798 11.628303
5176.666426 11.232417
5177.094054 11.623126
5177.521682 11.807864
5177.949311 12.092815
5178.376939 12.088716
5178.804567 12.420836
5179.232195 12.359788
5179.659823 12.213898
5180.087451 11.995391
5180.515079 12.166671
5180.942707 11.568546
5181.370335 11.570386
5181.797963 11.365313
5182.225591 11.729774
5182.653219 11.825249
5183.080847 12.848023
5183.508475 13.786227
5183.936104 14.704303
5184.363732 14.081700
5184.791360 13.350874
5185.218988 13.228629
5185.646616 14.986892
5186.074244 15.916942
5186.501872 16.053350
5186.929500 15.560447
5187.357128 15.390730
5187.784756 15.480717
5188.212384 13.517905
5188.640012 11.497835
5189.067640 11.943872
5189.495268 13.819847
5189.922896 13.995515
5190.350525 13.571129
5190.778153 14.591296
5191.205781 15.117760
5191.633409 18.139110
5192.061037 19.747370
5192.488665 18.351012
5192.916293 17.543813
5193.343921 17.452644
5193.771549 14.620533
5194.199177 16.479272
5194.626805 16.333104
5195.054433 13.723837
5195.482061 13.347556
5195.909689 14.263908
5196.337318 12.360124
5196.764946 10.715243
5197.192574 10.973475
5197.620202 11.112032
5198.047830 11.169994
5198.475458 11.935150
5198.903086 12.544029
5199.330714 13.463551
5199.758342 13.688029
5200.185970 13.550614
5200.613598 13.145633
5201.041226 12.378838
5201.468854 11.791694
5201.896482 12.311986
5202.324111 12.416647
5202.751739 12.192389
5203.179367 12.289974
5203.606995 12.116726
5204.034623 12.476668
5204.462251 11.968460
5204.889879 11.887032
5205.317507 11.388869
5205.745135 11.349026
5206.172763 11.458405
5206.600391 11.764730
5207.028019 11.786981
5207.455647 11.471335
5207.883275 11.405201
5208.310904 11.188515
5208.738532 10.826946
5209.166160 10.891654
5209.593788 11.452854
5210.021416 11.373253
5210.449044 11.520222
5210.876672 11.384711
5211.304300 11.556236
5211.731928 11.429473
5212.159556 11.587002
5212.587184 11.324670
5213.014812 11.498532
5213.442440 11.818496
5213.870068 11.851212
5214.297697 12.236711
5214.725325 12.580625
5215.152953 12.510675
5215.580581 11.689719
5216.008209 10.658688
5216.435837 10.953412
5216.863465 11.447457
5217.291093 11.987884
5217.718721 12.292775
5218.146349 11.803765
5218.573977 11.739419
5219.001605 12.704580
5219.429233 14.124170
5219.856861 15.623516
5220.284490 19.230989
5220.712118 24.001383
5221.139746 22.762477
5221.567374 21.912582
5221.995002 21.843691
5222.422630 21.709769
5222.850258 18.705209
5223.277886 11.379567
5223.705514 11.087347
5224.133142 11.944749
5224.560770 12.118933
5224.988398 12.936978
5225.416026 11.802190
5225.843654 10.807722
5226.271282 11.709698
5226.698911 12.273267
5227.126539 13.154839
5227.554167 14.481659
5227.981795 15.444626
5228.409423 13.999408
5228.837051 12.809066
5229.264679 11.908955
5229.692307 11.694761
5230.119935 13.175709
5230.547563 12.121593
5230.975191 11.957073
5231.402819 11.951211
5231.830447 11.845189
5232.258075 11.218261
5232.685704 11.398945
5233.113332 11.518027
5233.540960 11.159221
5233.968588 11.493832
5234.396216 11.606497
5234.823844 11.732770
5235.251472 11.032044
5235.679100 11.363273
5236.106728 11.985721
5236.534356 12.659689
5236.961984 12.819368
5237.389612 13.440874
5237.817240 14.608248
5238.244868 13.112750
5238.672497 11.994772
5239.100125 10.849158
5239.527753 10.835970
5239.955381 10.540704
5240.383009 10.361627
5240.810637 10.905120
5241.238265 10.861850
5241.665893 10.681953
5242.093521 11.092350
5242.521149 10.939236
5242.948777 10.874799
5243.376405 10.712254
5243.804033 10.861759
5244.231661 11.486150
5244.659290 12.018811
5245.086918 12.205396
5245.514546 13.068066
5245.942174 13.789939
5246.369802 14.031026
5246.797430 14.327952
5247.225058 13.944299
5247.652686 14.271009
5248.080314 13.277025
5248.507942 12.817819
5248.935570 12.079524
5249.363198 11.917043
5249.790826 11.992577
5250.218454 12.133174
5250.646083 12.055491
5251.073711 13.105817
5251.501339 12.648489
5251.928967 12.996283
5252.356595 13.098206
5252.784223 12.379883
5253.211851 11.943168
5253.639479 11.607252
5254.067107 11.782973
5254.494735 11.496460
5254.922363 10.911646
5255.349991 11.721744
5255.777619 11.738405
5256.205247 12.443946
5256.632875 15.442941
5257.060504 17.070993
5257.488132 16.584739
5257.915760 18.353478
5258.343388 18.033694
5258.771016 15.499799
5259.198644 15.070985
5259.626272 13.477237
5260.053900 12.677977
5260.481528 12.335871
5260.909156 13.115345
5261.336784 12.829206
5261.764412 12.419571
5262.192040 12.191685
5262.619668 11.584278
5263.047297 11.350937
5263.474925 11.451072
5263.902553 11.137492
5264.330181 11.488210
5264.757809 11.415490
5265.185437 11.223135
5265.613065 10.755853
5266.040693 11.543945
5266.468321 11.413083
5266.895949 12.268574
5267.323577 12.719582
5267.751205 13.073321
5268.178833 12.952432
5268.606461 14.170287
5269.034090 14.997595
5269.461718 14.411619
5269.889346 11.992138
5270.316974 10.810756
5270.744602 10.283375
5271.172230 10.481941
5271.599858 11.614276
5272.027486 11.189593
5272.455114 10.716482
5272.882742 11.188909
5273.310370 11.083093
5273.737998 11.106184
5274.165626 10.935247
5274.593254 11.826449
5275.020883 11.812816
5275.448511 12.044581
5275.876139 10.927649
5276.303767 10.318557
5276.731395 10.918069
5277.159023 12.896348
5277.586651 14.653648
5278.014279 17.552121
5278.441907 17.811573
5278.869535 23.180343
5279.297163 23.788157
5279.724791 21.770700
5280.152419 19.847182
5280.580047 17.509309
5281.007676 14.130954
5281.435304 13.985961
5281.862932 13.982301
5282.290560 13.565371
5282.718188 13.099504
5283.145816 12.475229
5283.573444 11.712054
5284.001072 10.956033
5284.428700 11.320171
5284.856328 11.494852
5285.283956 11.942858
5285.711584 12.101724
5286.139212 12.020412
5286.566840 11.930115
5286.994469 11.495291
5287.422097 10.999496
5287.849725 11.155812
5288.277353 11.286300
5288.704981 11.260834
5289.132609 11.017294
5289.560237 11.258148
5289.987865 11.456353
5290.415493 11.522507
5290.843121 11.094222
5291.270749 10.647823
5291.698377 11.394136
5292.126005 11.448561
5292.553633 11.765266
5292.981261 12.429318
5293.408890 13.403769
5293.836518 12.433869
5294.264146 12.062191
5294.691774 11.246852
5295.119402 11.332649
5295.547030 10.411494
5295.974658 9.350949
5296.402286 9.739043
5296.829914 9.665310
5297.257542 10.445752
5297.685170 10.925060
5298.112798 10.935001
5298.540426 11.370723
5298.968054 11.540588
5299.395683 11.367179
5299.823311 11.243824
5300.250939 10.968007
5300.678567 11.130017
5301.106195 11.131153
5301.533823 11.835274
5301.961451 11.588506
5302.389079 13.335226
5302.816707 16.465180
5303.244335 19.202863
5303.671963 21.976509
5304.099591 21.784870
5304.527219 20.765484
5304.954847 19.409317
5305.382476 19.350045
5305.810104 15.637291
5306.237732 16.582783
5306.665360 14.825683
5307.092988 13.543862
5307.520616 14.077698
5307.948244 14.866519
5308.375872 14.199871
5308.803500 13.842285
5309.231128 12.737534
5309.658756 12.485680
5310.086384 12.275139
5310.514012 11.734964
5310.941640 13.052212
5311.369269 13.165819
5311.796897 12.976039
5312.224525 15.153323
5312.652153 15.663823
5313.079781 16.521871
5313.507409 16.283185
5313.935037 13.315957
5314.362665 11.323476
5314.790293 11.944085
5315.217921 11.781126
5315.645549 12.165754
5316.073177 12.717768
5316.500805 13.035680
5316.928433 12.291833
5317.356062 11.665047
5317.783690 11.479824
5318.211318 11.658353
5318.638946 12.264604
5319.066574 11.920219
5319.494202 11.948293
5319.921830 12.340977
5320.349458 12.953671
5320.777086 12.145839
5321.204714 12.318571
5321.632342 13.660400
5322.059970 14.135654
5322.487598 13.959288
5322.915226 13.200555
5323.342854 16.944701
5323.770483 18.028040
5324.198111 21.272188
5324.625739 17.947432
5325.053367 13.674925
5325.480995 11.644132
5325.908623 9.799781
5326.336251 8.290507
5326.763879 9.145921
5327.191507 11.192343
5327.619135 10.932413
5328.046763 11.070834
5328.474391 10.993919
5328.902019 11.901350
5329.329647 11.272860
5329.757276 11.776724
5330.184904 12.390754
5330.612532 13.745520
5331.040160 15.870386
5331.467788 17.163336
5331.895416 17.594732
5332.323044 16.732605
5332.750672 15.625342
5333.178300 15.036462
5333.605928 14.530442
5334.033556 14.281305
5334.461184 15.114481
5334.888812 15.101248
5335.316440 15.437919
5335.744069 13.701430
5336.171697 11.971868
5336.599325 10.908244
5337.026953 11.350957
5337.454581 12.096456
5337.882209 12.003990
5338.309837 11.857357
5338.737465 11.261286
5339.165093 10.794850
5339.592721 10.655731
5340.020349 10.750766
5340.447977 10.449884
5340.875605 10.010509
5341.303233 9.044960
5341.730862 9.905080
5342.158490 9.940081
5342.586118 11.196739
5343.013746 11.222147
5343.441374 10.988180
5343.869002 11.943039
5344.296630 10.699466
5344.724258 10.640451
5345.151886 10.529562
5345.579514 10.977600
5346.007142 10.964709
5346.434770 10.755485
5346.862398 10.982325
5347.290026 10.860552
5347.717655 10.359341
5348.145283 10.629910
5348.572911 10.129835
5349.000539 9.960202
5349.428167 10.054824
5349.855795 11.299740
5350.283423 9.644511
5350.711051 8.250878
5351.138679 9.355022
5351.566307 9.266449
5351.993935 9.839514
5352.421563 10.011038
5352.849191 10.399739
5353.276819 10.926926
5353.704448 11.578326
5354.132076 11.701074
5354.559704 11.148653
5354.987332 10.278308
5355.414960 10.967704
5355.842588 10.619820
5356.270216 10.311236
5356.697844 11.575079
5357.125472 11.655519
5357.553100 10.678196
5357.980728 10.778440
5358.408356 10.578848
5358.835984 10.612610
5359.263612 10.579048
5359.691240 10.861650
5360.118869 9.167540
5360.546497 8.980194
5360.974125 8.313404
5361.401753 10.281122
5361.829381 12.296655
5362.257009 13.942420
5362.684637 20.468978
5363.112265 31.013762
5363.539893 34.006443
5363.967521 24.341352
5364.395149 20.502520
5364.822777 8.386227
5365.250405 9.860616
5365.678033 7.448681
5366.105662 5.902025
5366.533290 9.592675
5366.960918 13.027004
5367.388546 17.472230
5367.816174 19.733304
5368.243802 19.956148
5368.671430 17.245848
5369.099058 18.522027
5369.526686 18.115432
5369.954314 16.727989
5370.381942 14.356239
5370.809570 14.664526
5371.237198 13.072611
5371.664826 13.212717
5372.092455 12.896290
5372.520083 12.356806
5372.947711 13.450970
5373.375339 11.821040
5373.802967 11.171382
5374.230595 9.993060
5374.658223 10.232591
5375.085851 9.934594
5375.513479 11.663394
5375.941107 13.357194
5376.368735 12.996302
5376.796363 10.958383
5377.223991 10.956885
5377.651619 9.943644
5378.079248 9.623228
5378.506876 8.617644
5378.934504 7.841204
5379.362132 7.016665
5379.789760 7.949673
5380.217388 9.593759
5380.645016 10.197636
5381.072644 9.698465
5381.500272 10.322172
5381.927900 10.182240
5382.355528 10.523494
5382.783156 9.948428
5383.210784 10.017642
5383.638412 9.334694
5384.066041 7.828422
5384.493669 6.803853
5384.921297 7.549171
5385.348925 9.976741
5385.776553 7.721774
5386.204181 8.989567
5386.631809 10.328130
5387.059437 10.532983
