1851.104294 6.287935
1851.523614 5.258062
1851.942935 4.743271
1852.362255 5.027702
1852.781575 4.383760
1853.200896 4.383608
1853.620216 4.059682
1854.039537 4.890137
1854.458857 4.148673
1854.878177 4.457169
1855.297498 3.548519
1855.716818 4.672659
1856.136138 5.396821
1856.555459 4.387145
1856.974779 4.709809
1857.394100 4.653650
1857.813420 5.996336
1858.232740 6.227026
1858.652061 4.961317
1859.071381 3.415384
1859.490701 3.996172
1859.910022 5.245073
1860.329342 5.146613
1860.748662 4.770235
1861.167983 4.074414
1861.587303 3.734483
1862.006624 3.484452
1862.425944 4.283524
1862.845264 5.041586
1863.264585 4.490992
1863.683905 4.887439
1864.103225 5.647900
1864.522546 4.625347
1864.941866 4.824813
1865.361187 4.111390
1865.780507 4.241902
1866.199827 4.802385
1866.619148 6.172110
1867.038468 6.133064
1867.457788 5.165987
1867.877109 4.576754
1868.296429 3.988487
1868.715749 5.216327
1869.135070 5.115893
1869.554390 4.492372
1869.973711 5.549039
1870.393031 5.453077
1870.812351 5.386450
1871.231672 5.473113
1871.650992 5.053036
1872.070312 5.229931
1872.489633 4.715382
1872.908953 5.033509
1873.328273 5.057710
1873.747594 5.009559
1874.166914 5.024870
1874.586235 5.717927
1875.005555 5.607483
1875.424875 5.555554
1875.844196 6.058421
1876.263516 5.670787
1876.682836 4.957254
1877.102157 5.312761
1877.521477 5.362679
1877.940798 4.958190
1878.360118 5.356387
1878.779438 4.272258
1879.198759 4.735067
1879.618079 5.002243
1880.037399 5.102763
1880.456720 5.793089
1880.876040 4.970806
1881.295360 4.506499
1881.714681 5.073800
1882.134001 5.244811
1882.553322 5.303495
1882.972642 5.262446
1883.391962 4.960850
1883.811283 5.854664
1884.230603 5.355638
1884.649923 4.534858
1885.069244 5.101919
1885.488564 4.998957
1885.907885 5.343728
1886.327205 5.616404
1886.746525 5.622975
1887.165846 5.387230
1887.585166 4.913610
1888.004486 5.556661
1888.423807 5.756190
1888.843127 6.157745
1889.262447 5.950522
1889.681768 6.317534
1890.101088 5.598379
1890.520409 5.514979
1890.939729 5.801156
1891.359049 5.506064
1891.778370 5.068945
1892.197690 5.741640
1892.617010 6.155857
1893.036331 5.911940
1893.455651 6.350823
1893.874972 5.366722
1894.294292 5.403804
1894.713612 5.843100
1895.132933 5.243710
1895.552253 5.664655
1895.971573 6.197766
1896.390894 6.163635
1896.810214 5.244899
1897.229534 5.806907
1897.648855 5.821275
1898.068175 6.205823
1898.487496 6.284903
1898.906816 6.393233
1899.326136 5.593608
1899.745457 5.698629
1900.164777 5.817598
1900.584097 5.803867
1901.003418 5.680068
1901.422738 6.348756
1901.842058 6.378204
1902.261379 6.301270
1902.680699 6.281818
1903.100020 6.218797
1903.519340 6.416987
1903.938660 6.630330
1904.357981 6.605870
1904.777301 7.331278
1905.196621 6.637704
1905.615942 6.279298
1906.035262 6.329547
1906.454583 6.246011
1906.873903 6.802919
1907.293223 6.953384
1907.712544 6.463025
1908.131864 6.602516
1908.551184 6.695955
1908.970505 7.343242
1909.389825 7.314071
1909.809145 7.305992
1910.228466 7.487434
1910.647786 7.378879
1911.067107 6.924501
1911.486427 6.162730
1911.905747 6.474407
1912.325068 6.670850
1912.744388 6.724583
1913.163708 6.304590
1913.583029 6.100397
1914.002349 5.809634
1914.421670 5.837735
1914.840990 5.612329
1915.260310 5.111899
1915.679631 4.736483
1916.098951 5.453578
1916.518271 5.660550
1916.937592 5.562070
1917.356912 5.465593
1917.776232 5.929955
1918.195553 5.488116
1918.614873 5.097521
1919.034194 5.099748
1919.453514 5.272135
1919.872834 5.313599
1920.292155 5.101671
1920.711475 5.126946
1921.130795 5.602703
1921.550116 5.981960
1921.969436 5.551458
1922.388757 5.231853
1922.808077 5.889910
1923.227397 5.738861
1923.646718 5.422522
1924.066038 5.058157
1924.485358 5.493289
1924.904679 5.460347
1925.323999 5.477713
1925.743319 5.322050
1926.162640 5.263900
1926.581960 5.269905
1927.001281 5.157607
1927.420601 5.169100
1927.839921 5.141574
1928.259242 5.078313
1928.678562 4.668860
1929.097882 4.789120
1929.517203 4.497910
1929.936523 4.572536
1930.355843 4.491662
1930.775164 4.299642
1931.194484 4.605820
1931.613805 4.427800
1932.033125 4.544612
1932.452445 4.744155
1932.871766 4.575451
1933.291086 4.407404
1933.710406 4.409018
1934.129727 4.265187
1934.549047 4.442667
1934.968368 4.345216
1935.387688 4.101654
1935.807008 4.238130
1936.226329 4.318136
1936.645649 4.221082
1937.064969 4.296760
1937.484290 4.027828
1937.903610 4.103538
1938.322930 4.103992
1938.742251 4.246779
1939.161571 4.623278
1939.580892 4.124432
1940.000212 4.153059
1940.419532 3.883440
1940.838853 3.896659
1941.258173 4.199492
1941.677493 4.448651
1942.096814 4.108534
1942.516134 3.909048
1942.935455 4.157524
1943.354775 4.543768
1943.774095 3.861382
1944.193416 3.796091
1944.612736 4.016450
1945.032056 3.355986
1945.451377 3.671317
1945.870697 3.848175
1946.290017 3.553340
1946.709338 3.644739
1947.128658 3.643471
1947.547979 3.440576
1947.967299 3.637171
1948.386619 3.686871
1948.805940 3.419656
1949.225260 3.758728
1949.644580 3.846853
1950.063901 3.550694
1950.483221 3.235850
1950.902542 3.708003
1951.321862 3.722184
1951.741182 3.855999
1952.160503 3.672590
1952.579823 3.481037
1952.999143 3.464814
1953.418464 3.507527
1953.837784 3.617163
1954.257104 3.515138
1954.676425 3.473377
1955.095745 3.477741
1955.515066 3.595014
1955.934386 3.719585
1956.353706 3.678592
1956.773027 3.224848
1957.192347 2.962533
1957.611667 3.463027
1958.030988 3.487592
1958.450308 3.863303
1958.869629 3.342979
1959.288949 3.149932
1959.708269 3.257611
1960.127590 3.676737
1960.546910 3.733966
1960.966230 3.321348
1961.385551 3.403693
1961.804871 3.485407
1962.224191 3.562416
1962.643512 3.744932
1963.062832 3.100888
1963.482153 3.605182
1963.901473 3.861610
1964.320793 3.750013
1964.740114 3.685403
1965.159434 3.505283
1965.578754 3.250786
1965.998075 3.305772
1966.417395 3.528498
1966.836715 3.474747
1967.256036 3.143791
1967.675356 3.446393
1968.094677 3.460021
1968.513997 3.362909
1968.933317 3.576760
1969.352638 3.596695
1969.771958 3.238044
1970.191278 3.267291
1970.610599 3.234529
1971.029919 3.211186
1971.449240 3.498981
1971.868560 3.336300
1972.287880 2.967129
1972.707201 3.288903
1973.126521 3.218848
1973.545841 3.167185
1973.965162 2.961091
1974.384482 3.215228
1974.803802 3.449376
1975.223123 3.277048
1975.642443 3.250105
1976.061764 3.411705
1976.481084 3.747880
1976.900404 3.553130
1977.319725 3.376691
1977.739045 3.235061
1978.158365 3.213725
1978.577686 3.089288
1978.997006 3.171903
1979.416327 3.238238
1979.835647 3.245528
1980.254967 3.328058
1980.674288 3.200043
1981.093608 3.308835
1981.512928 3.401361
1981.932249 3.347032
1982.351569 3.148295
1982.770889 3.179572
1983.190210 3.322098
1983.609530 3.350097
1984.028851 3.513703
1984.448171 3.163359
1984.867491 3.210305
1985.286812 3.141529
1985.706132 3.146562
1986.125452 3.190674
1986.544773 3.170381
1986.964093 3.394382
1987.383414 3.253469
1987.802734 3.240100
1988.222054 3.126117
1988.641375 3.223766
1989.060695 3.175149
1989.480015 3.356235
1989.899336 3.353359
1990.318656 3.231018
1990.737976 3.133620
1991.157297 3.327158
1991.576617 3.331132
1991.995938 3.221905
1992.415258 3.100070
1992.834578 3.084472
1993.253899 3.028253
1993.673219 3.176950
1994.092539 3.301767
1994.511860 3.278402
1994.931180 3.117552
1995.350500 3.164444
1995.769821 3.089601
1996.189141 3.155076
1996.608462 3.290499
1997.027782 3.389487
1997.447102 3.389972
1997.866423 3.269991
1998.285743 3.124503
1998.705063 3.320739
1999.124384 3.140546
1999.543704 3.343375
1999.963025 3.396988
2000.382345 3.106225
2000.801665 3.148858
2001.220986 3.182106
2001.640306 3.132327
2002.059626 3.013006
2002.478947 3.060954
2002.898267 3.097714
2003.317587 3.198428
2003.736908 3.055503
2004.156228 2.818505
2004.575549 3.328275
2004.994869 3.127521
2005.414189 3.520093
2005.833510 3.160965
2006.252830 3.052614
2006.672150 3.330395
2007.091471 3.210418
2007.510791 3.213712
2007.930112 3.184252
2008.349432 2.922458
2008.768752 2.705361
2009.188073 2.726161
2009.607393 2.984351
2010.026713 2.923476
2010.446034 2.757021
2010.865354 2.710028
2011.284674 2.800123
2011.703995 2.932967
2012.123315 3.065255
2012.542636 3.120828
2012.961956 3.186419
2013.381276 3.159030
2013.800597 2.888890
2014.219917 2.949917
2014.639237 2.867734
2015.058558 2.766730
2015.477878 2.998250
2015.897199 3.114923
2016.316519 2.951378
2016.735839 3.060375
2017.155160 2.932967
2017.574480 2.698775
2017.993800 2.664772
2018.413121 2.159322
2018.832441 1.986430
2019.251761 2.273188
2019.671082 2.649321
2020.090402 2.870345
2020.509723 2.899738
2020.929043 3.135022
2021.348363 3.015063
2021.767684 2.986694
2022.187004 3.373500
2022.606324 3.044276
2023.025645 2.990747
2023.444965 2.947723
2023.864285 2.942800
2024.283606 2.959415
2024.702926 2.857034
2025.122247 2.977239
2025.541567 3.148450
2025.960887 3.052836
2026.380208 2.988378
2026.799528 3.187894
2027.218848 3.133367
2027.638169 2.846925
2028.057489 2.873089
2028.476810 2.814368
2028.896130 2.915078
2029.315450 2.876195
2029.734771 3.038364
2030.154091 2.938896
2030.573411 2.927700
2030.992732 3.049477
2031.412052 3.086485
2031.831372 2.915220
2032.250693 2.978184
2032.670013 3.012240
2033.089334 2.938911
2033.508654 2.989823
2033.927974 3.078681
2034.347295 3.127806
2034.766615 2.903883
2035.185935 3.030885
2035.605256 3.065926
2036.024576 3.108032
2036.443897 3.083864
2036.863217 2.977360
2037.282537 2.955176
2037.701858 3.158337
2038.121178 3.093957
2038.540498 2.743341
2038.959819 2.721695
2039.379139 2.730257
2039.798459 2.935007
2040.217780 2.989090
2040.637100 2.977116
2041.056421 3.217510
2041.475741 3.262317
2041.895061 2.974527
2042.314382 2.940631
2042.733702 2.985716
2043.153022 3.192741
2043.572343 3.041876
2043.991663 2.827694
2044.410984 2.606756
2044.830304 2.494357
2045.249624 2.645031
2045.668945 2.699742
2046.088265 2.838460
2046.507585 3.169174
2046.926906 3.147892
2047.346226 2.973288
2047.765546 2.924267
2048.184867 3.062586
2048.604187 3.115054
2049.023508 3.114746
2049.442828 3.098201
2049.862148 2.848471
2050.281469 2.891173
2050.700789 2.660189
2051.120109 2.303509
2051.539430 1.848079
2051.958750 1.337732
2052.378071 1.566940
2052.797391 2.319907
2053.216711 2.772657
2053.636032 2.840433
2054.055352 3.019096
2054.474672 3.013011
2054.893993 3.139767
2055.313313 3.058759
2055.732633 2.990454
2056.151954 3.182398
2056.571274 2.861802
2056.990595 3.113478
2057.409915 3.186734
2057.829235 3.015715
2058.248556 2.851044
2058.667876 3.201400
2059.087196 3.086821
2059.506517 3.027841
2059.925837 3.103000
2060.345157 3.121845
2060.764478 3.152217
2061.183798 2.986917
2061.603119 3.283332
2062.022439 3.237509
2062.441759 3.007438
2062.861080 2.918431
2063.280400 3.237052
2063.699720 3.277371
2064.119041 3.244264
2064.538361 2.868328
2064.957682 2.888596
2065.377002 2.980547
2065.796322 3.052804
2066.215643 3.061916
2066.634963 3.031230
2067.054283 3.120655
2067.473604 2.965797
2067.892924 3.147945
2068.312244 3.113529
2068.731565 3.353145
2069.150885 2.934608
2069.570206 2.868439
2069.989526 2.883082
2070.408846 3.271518
2070.828167 3.298892
2071.247487 2.995875
2071.666807 3.063274
2072.086128 3.103560
2072.505448 3.112638
2072.924769 3.038906
2073.344089 3.062369
2073.763409 3.155782
2074.182730 3.128268
2074.602050 3.182339
2075.021370 3.001561
2075.440691 3.030490
2075.860011 2.959089
2076.279331 2.981825
2076.698652 3.125893
2077.117972 2.977617
2077.537293 2.874480
2077.956613 3.303395
2078.375933 3.144293
2078.795254 2.852338
2079.214574 3.147061
2079.633894 3.138267
2080.053215 3.181586
2080.472535 2.922502
2080.891856 3.007177
2081.311176 2.970323
2081.730496 3.079989
2082.149817 3.112732
2082.569137 3.151696
2082.988457 3.149429
2083.407778 3.018138
2083.827098 2.983420
2084.246418 2.965149
2084.665739 3.107343
2085.085059 2.942780
2085.504380 2.801635
2085.923700 2.893362
2086.343020 2.951390
2086.762341 3.184213
2087.181661 3.056090
2087.600981 2.829695
2088.020302 2.816913
2088.439622 3.021687
2088.858942 2.972900
2089.278263 3.129132
2089.697583 3.047385
2090.116904 2.925688
2090.536224 2.754769
2090.955544 2.694258
2091.374865 2.747330
2091.794185 2.928841
2092.213505 2.803212
2092.632826 2.854314
2093.052146 2.797256
2093.471467 2.863418
2093.890787 3.000414
2094.310107 2.909291
2094.729428 2.946414
2095.148748 2.823861
2095.568068 2.835565
2095.987389 2.865942
2096.406709 3.003142
2096.826029 2.924520
2097.245350 2.940966
2097.664670 2.950380
2098.083991 3.086553
2098.503311 2.983279
2098.922631 2.944113
2099.341952 2.777736
2099.761272 2.881949
2100.180592 3.022737
2100.599913 3.147964
2101.019233 3.111842
2101.438554 3.033275
2101.857874 2.879293
2102.277194 2.861121
2102.696515 2.700998
2103.115835 2.822633
2103.535155 2.791808
2103.954476 2.877525
2104.373796 3.011783
2104.793116 2.843365
2105.212437 2.722273
2105.631757 2.829469
2106.051078 2.908873
2106.470398 2.807335
2106.889718 2.827438
2107.309039 2.816291
2107.728359 2.988858
2108.147679 2.855229
2108.567000 2.804602
2108.986320 2.676322
2109.405641 2.713847
2109.824961 2.863212
2110.244281 2.992005
2110.663602 2.890204
2111.082922 2.930785
2111.502242 2.825748
2111.921563 2.790968
2112.340883 2.990601
2112.760203 2.907041
2113.179524 2.854304
2113.598844 2.713938
2114.018165 2.817061
2114.437485 3.010724
2114.856805 2.879711
2115.276126 2.788010
2115.695446 2.890839
2116.114766 2.937684
2116.534087 2.946661
2116.953407 2.688891
2117.372727 2.862816
2117.792048 2.880707
2118.211368 2.916615
2118.630689 2.924674
2119.050009 2.814509
2119.469329 2.776345
2119.888650 2.805720
2120.307970 2.933968
2120.727290 2.915157
2121.146611 2.786356
2121.565931 2.966034
2121.985252 3.039291
2122.404572 2.810069
2122.823892 2.860543
2123.243213 2.872136
2123.662533 2.877996
2124.081853 2.829732
2124.501174 2.711761
2124.920494 2.690616
2125.339814 2.772887
2125.759135 2.801071
2126.178455 2.925435
2126.597776 2.840202
2127.017096 2.749114
2127.436416 2.658521
2127.855737 2.744545
2128.275057 2.673822
2128.694377 2.683694
2129.113698 2.719148
2129.533018 2.794185
2129.952339 2.931673
2130.371659 2.704356
2130.790979 2.549514
2131.210300 2.755050
2131.629620 2.900761
2132.048940 2.855423
2132.468261 2.667527
2132.887581 2.717635
2133.306901 2.768661
2133.726222 2.700488
2134.145542 2.544546
2134.564863 2.608505
2134.984183 2.633981
2135.403503 2.681385
2135.822824 2.699023
2136.242144 2.701162
2136.661464 2.579469
2137.080785 2.762147
2137.500105 2.712508
2137.919426 2.591047
2138.338746 2.631183
2138.758066 2.566753
2139.177387 2.492793
2139.596707 2.536698
2140.016027 2.593376
2140.435348 2.757081
2140.854668 2.846837
2141.273988 2.955773
2141.693309 2.952579
2142.112629 2.842200
2142.531950 2.763714
2142.951270 2.813030
2143.370590 2.827226
2143.789911 2.759362
2144.209231 2.656105
2144.628551 2.666073
2145.047872 2.787919
2145.467192 2.750093
2145.886513 2.706576
2146.305833 2.762486
2146.725153 2.770287
2147.144474 2.617386
2147.563794 2.760379
2147.983114 2.858961
2148.402435 2.999613
2148.821755 2.731947
2149.241075 2.770580
2149.660396 2.740001
2150.079716 2.798677
2150.499037 2.755175
2150.918357 2.680573
2151.337677 2.571734
2151.756998 2.695838
2152.176318 2.741353
2152.595638 2.780858
2153.014959 2.636478
2153.434279 2.707974
2153.853599 2.893896
2154.272920 2.891104
2154.692240 2.797630
2155.111561 2.756522
2155.530881 2.740748
2155.950201 2.685498
2156.369522 2.700727
2156.788842 2.698551
2157.208162 2.812983
2157.627483 2.889555
2158.046803 2.767410
2158.466124 2.752380
2158.885444 2.752288
2159.304764 2.543317
2159.724085 2.831176
2160.143405 2.881189
2160.562725 2.721823
2160.982046 2.561442
2161.401366 2.536254
2161.820686 2.543192
2162.240007 2.604608
2162.659327 2.570013
2163.078648 2.622853
2163.497968 2.687350
2163.917288 2.534348
2164.336609 2.605660
2164.755929 2.700570
2165.175249 2.626236
2165.594570 2.617422
2166.013890 2.738638
2166.433211 2.897854
2166.852531 2.773408
2167.271851 2.635299
2167.691172 2.683423
2168.110492 2.542985
2168.529812 2.801129
2168.949133 2.626959
2169.368453 2.619473
2169.787773 2.811594
2170.207094 2.643475
2170.626414 2.647536
2171.045735 2.648761
2171.465055 2.661337
2171.884375 2.603098
2172.303696 2.500611
2172.723016 2.549056
2173.142336 2.491442
2173.561657 2.510234
2173.980977 2.620151
2174.400298 2.756254
2174.819618 2.725637
2175.238938 2.651447
2175.658259 2.737948
2176.077579 2.635542
2176.496899 2.627066
2176.916220 2.445184
2177.335540 2.628194
2177.754860 2.578893
2178.174181 2.506843
2178.593501 2.495385
2179.012822 2.569198
2179.432142 2.450392
2179.851462 2.593784
2180.270783 2.732377
2180.690103 2.568679
2181.109423 2.649343
2181.528744 2.575009
2181.948064 2.664263
2182.367384 2.611043
2182.786705 2.555629
2183.206025 2.483967
2183.625346 2.649173
2184.044666 2.642420
2184.463986 2.578677
2184.883307 2.607203
2185.302627 2.521279
2185.721947 2.587829
2186.141268 2.672054
2186.560588 2.820457
2186.979909 2.683666
2187.399229 2.549712
2187.818549 2.612095
2188.237870 2.646029
2188.657190 2.587128
2189.076510 2.507935
2189.495831 2.502705
2189.915151 2.639279
2190.334471 2.674204
2190.753792 2.598270
2191.173112 2.501867
2191.592433 2.557835
2192.011753 2.668165
2192.431073 2.560816
2192.850394 2.572555
2193.269714 2.622325
2193.689034 2.582031
2194.108355 2.589717
2194.527675 2.487978
2194.946996 2.559643
2195.366316 2.681566
2195.785636 2.718435
2196.204957 2.561567
2196.624277 2.508497
2197.043597 2.440270
2197.462918 2.351532
2197.882238 2.460104
2198.301558 2.465502
2198.720879 2.443112
2199.140199 2.518384
2199.559520 2.761457
2199.978840 2.688081
2200.398160 2.566480
2200.817481 2.476144
2201.236801 2.687293
2201.656121 2.560372
2202.075442 2.508533
2202.494762 2.493590
2202.914083 2.599827
2203.333403 2.601182
2203.752723 2.647061
2204.172044 2.478671
2204.591364 2.668217
2205.010684 2.690847
2205.430005 2.637612
2205.849325 2.718260
2206.268645 2.809868
2206.687966 2.766044
2207.107286 2.512523
2207.526607 2.527009
2207.945927 2.514495
2208.365247 2.626253
2208.784568 2.508664
2209.203888 2.475527
2209.623208 2.695976
2210.042529 2.585782
2210.461849 2.665446
2210.881169 2.576010
2211.300490 2.545980
2211.719810 2.588142
2212.139131 2.704539
2212.558451 2.593251
2212.977771 2.419019
2213.397092 2.397041
2213.816412 2.524107
2214.235732 2.717739
2214.655053 2.594018
2215.074373 2.697795
2215.493694 2.630507
2215.913014 2.430559
2216.332334 2.595071
2216.751655 2.723855
2217.170975 2.500606
2217.590295 2.587406
2218.009616 2.521453
2218.428936 2.530694
2218.848256 2.631402
2219.267577 2.541179
2219.686897 2.574167
2220.106218 2.571993
2220.525538 2.494697
2220.944858 2.363421
2221.364179 2.552708
2221.783499 2.495696
2222.202819 2.518616
2222.622140 2.668585
2223.041460 2.721375
2223.460781 2.781167
2223.880101 2.724047
2224.299421 2.618426
2224.718742 2.617021
2225.138062 2.625669
2225.557382 2.503023
2225.976703 2.314454
2226.396023 2.327636
2226.815343 2.212147
2227.234664 1.979118
2227.653984 1.812348
2228.073305 1.811507
2228.492625 2.125249
2228.911945 2.285510
2229.331266 2.494541
2229.750586 2.596254
2230.169906 2.866647
2230.589227 2.644495
2231.008547 2.615565
2231.427868 2.523281
2231.847188 2.346356
2232.266508 2.515603
2232.685829 2.477246
2233.105149 2.409702
2233.524469 2.458324
2233.943790 2.563610
2234.363110 2.384561
2234.782430 2.410434
2235.201751 2.571855
2235.621071 2.563330
2236.040392 2.652697
2236.459712 2.643951
2236.879032 2.619480
2237.298353 2.640550
2237.717673 2.535909
2238.136993 2.136312
2238.556314 1.739526
2238.975634 1.330803
2239.394955 1.140388
2239.814275 1.475435
2240.233595 1.947012
2240.652916 2.363449
2241.072236 2.511257
2241.491556 2.529787
2241.910877 2.570998
2242.330197 2.427076
2242.749517 2.565232
2243.168838 2.590176
2243.588158 2.540610
2244.007479 2.777702
2244.426799 2.617761
2244.846119 2.617668
2245.265440 2.639316
2245.684760 2.573887
2246.104080 2.489193
2246.523401 2.637096
2246.942721 2.510275
2247.362041 2.321017
2247.781362 2.029666
2248.200682 1.705226
2248.620003 1.934481
2249.039323 2.132273
2249.458643 2.476469
2249.877964 2.621932
2250.297284 2.496088
2250.716604 2.684023
2251.135925 2.668886
2251.555245 2.626761
2251.974566 2.520832
2252.393886 2.561049
2252.813206 2.490755
2253.232527 2.230222
2253.651847 1.973652
2254.071167 1.909156
2254.490488 2.072241
2254.909808 2.439300
2255.329128 2.474383
2255.748449 2.487957
2256.167769 2.465550
2256.587090 2.410596
2257.006410 2.452063
2257.425730 2.646720
2257.845051 2.502108
2258.264371 2.494295
2258.683691 2.491858
2259.103012 2.518347
2259.522332 2.678395
2259.941653 2.554054
2260.360973 2.471709
2260.780293 2.484929
2261.199614 2.540110
2261.618934 2.596832
2262.038254 2.668444
2262.457575 2.620529
2262.876895 2.629429
2263.296215 2.580996
2263.715536 2.682045
2264.134856 2.566835
2264.554177 2.539554
2264.973497 2.532110
2265.392817 2.586774
2265.812138 2.575298
2266.231458 2.592981
2266.650778 2.463283
2267.070099 2.547174
2267.489419 2.544130
2267.908740 2.528147
2268.328060 2.622510
2268.747380 2.677893
2269.166701 2.670131
2269.586021 2.702036
2270.005341 2.538724
2270.424662 2.536676
2270.843982 2.608129
2271.263302 2.747373
2271.682623 2.815018
2272.101943 2.606740
2272.521264 2.466452
2272.940584 2.477142
2273.359904 2.550165
2273.779225 2.536641
2274.198545 2.552998
2274.617865 2.641774
2275.037186 2.540681
2275.456506 2.555078
2275.875826 2.512367
2276.295147 2.503617
2276.714467 2.569268
2277.133788 2.567758
2277.553108 2.563713
2277.972428 2.518172
2278.391749 2.619788
2278.811069 2.442740
2279.230389 2.504587
2279.649710 2.579476
2280.069030 2.575385
2280.488351 2.630466
2280.907671 2.667243
2281.326991 2.698677
2281.746312 2.676783
2282.165632 2.753356
2282.584952 2.655258
2283.004273 2.592197
2283.423593 2.555322
2283.842913 2.514760
2284.262234 2.560483
2284.681554 2.676300
2285.100875 2.671036
2285.520195 2.696283
2285.939515 2.715653
2286.358836 2.546589
2286.778156 2.697293
2287.197476 2.681686
2287.616797 2.577723
2288.036117 2.564540
2288.455438 2.646697
2288.874758 2.651300
2289.294078 2.559950
2289.713399 2.556331
2290.132719 2.618084
2290.552039 2.728100
2290.971360 2.756269
2291.390680 2.602739
2291.810000 2.592805
2292.229321 2.651546
2292.648641 2.692059
2293.067962 2.622074
2293.487282 2.643888
2293.906602 2.518367
2294.325923 2.573384
2294.745243 2.756432
2295.164563 2.710220
2295.583884 2.746512
2296.003204 2.675657
2296.422525 2.588868
2296.841845 2.527355
2297.261165 2.722360
2297.680486 2.750620
2298.099806 2.774922
2298.519126 2.642457
2298.938447 2.648260
2299.357767 2.674970
2299.777087 2.706037
2300.196408 2.716641
2300.615728 2.610946
2301.035049 2.631883
2301.454369 2.547651
2301.873689 2.579355
2302.293010 2.720129
2302.712330 2.702874
2303.131650 2.800805
2303.550971 2.657922
2303.970291 2.620964
2304.389611 2.649138
2304.808932 2.685892
2305.228252 2.738142
2305.647573 2.603836
2306.066893 2.646591
2306.486213 2.750061
2306.905534 2.679696
2307.324854 2.675013
2307.744174 2.742726
2308.163495 2.682380
2308.582815 2.703171
2309.002136 2.630001
2309.421456 2.644643
2309.840776 2.611804
2310.260097 2.735081
2310.679417 2.645022
2311.098737 2.549761
2311.518058 2.706734
2311.937378 2.715521
2312.356698 2.624850
2312.776019 2.616364
2313.195339 2.598248
2313.614660 2.603974
2314.033980 2.687743
2314.453300 2.656507
2314.872621 2.692137
2315.291941 2.679587
2315.711261 2.712009
2316.130582 2.750501
2316.549902 2.735522
2316.969223 2.675812
2317.388543 2.700528
2317.807863 2.592497
2318.227184 2.578813
2318.646504 2.684194
2319.065824 2.711563
2319.485145 2.759068
2319.904465 2.793309
2320.323785 2.782215
2320.743106 2.832791
2321.162426 2.778105
2321.581747 2.682006
2322.001067 2.670932
2322.420387 2.654385
2322.839708 2.608529
2323.259028 2.721609
2323.678348 2.698188
2324.097669 2.760431
2324.516989 2.657846
2324.936310 2.563356
2325.355630 2.589436
2325.774950 2.816235
2326.194271 2.807322
2326.613591 2.799791
2327.032911 2.782010
2327.452232 2.883842
2327.871552 2.781459
2328.290872 2.778994
2328.710193 2.773397
2329.129513 2.813981
2329.548834 2.842005
2329.968154 2.725404
2330.387474 2.678168
2330.806795 2.859083
2331.226115 2.773654
2331.645435 2.705161
2332.064756 2.836262
2332.484076 2.694017
2332.903397 2.760974
2333.322717 2.786064
2333.742037 2.746779
2334.161358 2.724440
2334.580678 2.716240
2334.999998 2.683825
2335.419319 2.751830
2335.838639 2.691997
2336.257959 2.720778
2336.677280 2.756581
2337.096600 2.787810
2337.515921 2.744631
2337.935241 2.712419
2338.354561 2.643465
2338.773882 2.642658
2339.193202 2.808915
2339.612522 2.836114
2340.031843 2.648859
2340.451163 2.674933
2340.870483 2.724870
2341.289804 2.753081
2341.709124 2.632226
2342.128445 2.630647
2342.547765 2.707267
2342.967085 2.639208
2343.386406 2.556110
2343.805726 2.636757
2344.225046 2.661724
2344.644367 2.602236
2345.063687 2.661686
2345.483008 2.712379
2345.902328 2.620599
2346.321648 2.702475
2346.740969 2.645739
2347.160289 2.672582
2347.579609 2.637595
2347.998930 2.656201
2348.418250 2.559768
2348.837570 2.491258
2349.256891 2.616677
2349.676211 2.617746
2350.095532 2.588339
2350.514852 2.661913
2350.934172 2.698856
2351.353493 2.681761
2351.772813 2.675869
2352.192133 2.726207
2352.611454 2.751302
2353.030774 2.668907
2353.450095 2.616967
2353.869415 2.692507
2354.288735 2.734464
2354.708056 2.768939
2355.127376 2.685393
2355.546696 2.716311
2355.966017 2.757764
2356.385337 2.788855
2356.804657 2.778310
2357.223978 2.653997
2357.643298 2.650668
2358.062619 2.666474
2358.481939 2.673784
2358.901259 2.613716
2359.320580 2.549028
2359.739900 2.534314
2360.159220 2.681126
2360.578541 2.548495
2360.997861 2.676104
2361.417182 2.640171
2361.836502 2.578351
2362.255822 2.695346
2362.675143 2.598942
2363.094463 2.545569
2363.513783 2.629734
2363.933104 2.752532
2364.352424 2.631454
2364.771744 2.586026
2365.191065 2.656780
2365.610385 2.676949
2366.029706 2.561153
2366.449026 2.652565
2366.868346 2.739064
2367.287667 2.698334
2367.706987 2.679965
2368.126307 2.726505
2368.545628 2.684499
2368.964948 2.678383
2369.384268 2.710349
2369.803589 2.660033
2370.222909 2.737288
2370.642230 2.779435
2371.061550 2.534975
2371.480870 2.534487
2371.900191 2.627986
2372.319511 2.697156
2372.738831 2.648673
2373.158152 2.671269
2373.577472 2.574478
2373.996793 2.550868
2374.416113 2.619816
2374.835433 2.583321
2375.254754 2.666852
2375.674074 2.669748
2376.093394 2.662894
2376.512715 2.565570
2376.932035 2.600652
2377.351355 2.584643
2377.770676 2.709988
2378.189996 2.721847
2378.609317 2.717892
2379.028637 2.715342
2379.447957 2.648122
2379.867278 2.600542
2380.286598 2.492423
2380.705918 2.497692
2381.125239 2.511708
2381.544559 2.602819
2381.963880 2.632839
2382.383200 2.698457
2382.802520 2.572086
2383.221841 2.509559
2383.641161 2.523541
2384.060481 2.680810
2384.479802 2.490453
2384.899122 2.570256
2385.318442 2.617396
2385.737763 2.580280
2386.157083 2.582011
2386.576404 2.619152
2386.995724 2.666582
2387.415044 2.605396
2387.834365 2.555770
2388.253685 2.540684
2388.673005 2.564015
2389.092326 2.607222
2389.511646 2.642694
2389.930967 2.692419
2390.350287 2.683675
2390.769607 2.693075
2391.188928 2.779134
2391.608248 2.569786
2392.027568 2.642955
2392.446889 2.597284
2392.866209 2.572343
2393.285529 2.656146
2393.704850 2.529501
2394.124170 2.587212
2394.543491 2.705433
2394.962811 2.720996
2395.382131 2.740493
2395.801452 2.796396
2396.220772 2.689220
2396.640092 2.635132
2397.059413 2.553259
2397.478733 2.555636
2397.898053 2.485310
2398.317374 2.513259
2398.736694 2.529284
2399.156015 2.524715
2399.575335 2.499791
2399.994655 2.668843
2400.413976 2.606360
2400.833296 2.592234
2401.252616 2.688049
2401.671937 2.701979
2402.091257 2.706756
2402.510578 2.680391
2402.929898 2.702109
2403.349218 2.556718
2403.768539 2.603538
2404.187859 2.661999
2404.607179 2.758070
2405.026500 2.584331
2405.445820 2.624825
2405.865140 2.608493
2406.284461 2.434932
2406.703781 2.087798
2407.123102 1.646914
2407.542422 1.142233
2407.961742 0.715058
2408.381063 0.736140
2408.800383 1.157388
2409.219703 1.711046
2409.639024 2.200432
2410.058344 2.585399
2410.477665 2.618436
2410.896985 2.624719
2411.316305 2.654937
2411.735626 2.648318
2412.154946 2.597607
2412.574266 2.453110
2412.993587 2.107666
2413.412907 1.679261
2413.832227 1.228523
2414.251548 1.020235
2414.670868 1.026240
2415.090189 1.416214
2415.509509 1.920885
2415.928829 2.286710
2416.348150 2.575923
2416.767470 2.617665
2417.186790 2.714910
2417.606111 2.575528
2418.025431 2.643289
2418.444752 2.629626
2418.864072 2.637850
2419.283392 2.606415
2419.702713 2.553806
2420.122033 2.592115
2420.541353 2.604436
2420.960674 2.684036
2421.379994 2.590147
2421.799314 2.663795
2422.218635 2.591763
2422.637955 2.690587
2423.057276 2.700393
2423.476596 2.773143
2423.895916 2.770007
2424.315237 2.759999
2424.734557 2.719739
2425.153877 2.822588
2425.573198 2.912459
2425.992518 2.893532
2426.411839 2.847520
2426.831159 2.691334
2427.250479 2.723578
2427.669800 2.669282
2428.089120 2.648062
2428.508440 2.694572
2428.927761 2.673795
2429.347081 2.750741
2429.766401 2.708769
2430.185722 2.616527
2430.605042 2.710257
2431.024363 2.727752
2431.443683 2.646722
2431.863003 2.678219
2432.282324 2.708972
2432.701644 2.624179
2433.120964 2.625404
2433.540285 2.595193
2433.959605 2.665817
2434.378925 2.668905
2434.798246 2.613226
2435.217566 2.680517
2435.636887 2.631859
2436.056207 2.598232
2436.475527 2.607745
2436.894848 2.683744
2437.314168 2.829869
2437.733488 2.743773
2438.152809 2.705371
2438.572129 2.723698
2438.991450 2.709787
2439.410770 2.587388
2439.830090 2.646773
2440.249411 2.829048
2440.668731 2.791078
2441.088051 2.824425
2441.507372 2.768905
2441.926692 2.687554
2442.346012 2.641503
2442.765333 2.592015
2443.184653 2.499849
2443.603974 2.604092
2444.023294 2.567644
2444.442614 2.694679
2444.861935 2.579170
2445.281255 2.760165
2445.700575 2.666678
2446.119896 2.761355
2446.539216 2.738875
2446.958537 2.677888
2447.377857 2.634373
2447.797177 2.668769
2448.216498 2.722922
2448.635818 2.672816
2449.055138 2.686603
2449.474459 2.679118
2449.893779 2.653375
2450.313099 2.611486
2450.732420 2.657485
2451.151740 2.640572
2451.571061 2.632577
2451.990381 2.722748
2452.409701 2.737082
2452.829022 2.606455
2453.248342 2.634933
2453.667662 2.635627
2454.086983 2.607320
2454.506303 2.601756
2454.925624 2.570836
2455.344944 2.550049
2455.764264 2.616915
2456.183585 2.458842
2456.602905 2.349340
2457.022225 2.147923
2457.441546 2.272830
2457.860866 2.389076
2458.280186 2.604986
2458.699507 2.773075
2459.118827 2.811531
2459.538148 2.888777
2459.957468 2.788102
2460.376788 2.742784
2460.796109 2.702024
2461.215429 2.686159
2461.634749 2.666494
2462.054070 2.640794
2462.473390 2.749410
2462.892710 2.834506
2463.312031 2.737841
2463.731351 2.708710
2464.150672 2.693060
2464.569992 2.723244
2464.989312 2.644288
2465.408633 2.756854
2465.827953 2.757967
2466.247273 2.697119
2466.666594 2.719096
2467.085914 2.737229
2467.505235 2.765796
2467.924555 2.662978
2468.343875 2.698040
2468.763196 2.756661
2469.182516 2.824076
2469.601836 2.640259
2470.021157 2.650529
2470.440477 2.768943
2470.859797 2.756441
2471.279118 2.714158
2471.698438 2.669066
2472.117759 2.712759
2472.537079 2.790084
2472.956399 2.650203
2473.375720 2.710649
2473.795040 2.689763
2474.214360 2.666949
2474.633681 2.671271
2475.053001 2.684230
2475.472322 2.733018
2475.891642 2.799902
2476.310962 2.797774
2476.730283 2.728190
2477.149603 2.800275
2477.568923 2.773889
2477.988244 2.703133
2478.407564 2.756632
2478.826884 2.676060
2479.246205 2.650461
2479.665525 2.727755
2480.084846 2.696648
2480.504166 2.650217
2480.923486 2.741814
2481.342807 2.624215
2481.762127 2.737882
2482.181447 2.780525
2482.600768 2.799043
2483.020088 2.787773
2483.439409 2.762499
2483.858729 2.606961
2484.278049 2.694840
2484.697370 2.702120
2485.116690 2.742039
2485.536010 2.634871
2485.955331 2.638048
2486.374651 2.685591
2486.793971 2.733538
2487.213292 2.804076
2487.632612 2.787656
2488.051933 2.750869
2488.471253 2.788208
2488.890573 2.673606
2489.309894 2.745938
2489.729214 2.750045
2490.148534 2.670862
2490.567855 2.670226
2490.987175 2.589666
2491.406495 2.617562
2491.825816 2.685654
2492.245136 2.621062
2492.664457 2.616235
2493.083777 2.691558
2493.503097 2.704889
2493.922418 2.660831
2494.341738 2.646535
2494.761058 2.553284
2495.180379 2.661222
2495.599699 2.712874
2496.019020 2.713233
2496.438340 2.827584
2496.857660 2.830627
2497.276981 2.768187
2497.696301 2.690873
2498.115621 2.642688
2498.534942 2.726863
2498.954262 2.752848
2499.373582 2.735706
2499.792903 2.761822
2500.212223 2.653373
2500.631544 2.600199
2501.050864 2.702800
2501.470184 2.724751
2501.889505 2.663303
2502.308825 2.671682
2502.728145 2.674882
2503.147466 2.668371
2503.566786 2.616241
2503.986107 2.667286
2504.405427 2.672344
2504.824747 2.736602
2505.244068 2.783521
2505.663388 2.726423
2506.082708 2.712068
2506.502029 2.664511
2506.921349 2.606208
2507.340669 2.728703
2507.759990 2.712135
2508.179310 2.573852
2508.598631 2.491256
2509.017951 2.604174
2509.437271 2.737988
2509.856592 2.707018
2510.275912 2.709185
2510.695232 2.623417
2511.114553 2.684407
2511.533873 2.640200
2511.953194 2.521157
2512.372514 2.615960
2512.791834 2.504316
2513.211155 2.570033
2513.630475 2.707772
2514.049795 2.629722
2514.469116 2.620626
2514.888436 2.636468
2515.307756 2.688052
2515.727077 2.621428
2516.146397 2.721121
2516.565718 2.609370
2516.985038 2.513926
2517.404358 2.529751
2517.823679 2.675788
2518.242999 2.655125
2518.662319 2.571841
2519.081640 2.641261
2519.500960 2.642494
2519.920281 2.657015
2520.339601 2.665048
2520.758921 2.534826
2521.178242 2.603425
2521.597562 2.642907
2522.016882 2.549570
2522.436203 2.643987
2522.855523 2.536159
2523.274843 2.531388
2523.694164 2.572909
2524.113484 2.609674
2524.532805 2.526380
2524.952125 2.588316
2525.371445 2.540706
2525.790766 2.557406
2526.210086 2.594938
2526.629406 2.663829
2527.048727 2.624202
2527.468047 2.599228
2527.887367 2.523766
2528.306688 2.582564
2528.726008 2.494495
2529.145329 2.566786
2529.564649 2.583819
2529.983969 2.552117
2530.403290 2.618943
2530.822610 2.660222
2531.241930 2.615845
2531.661251 2.640535
2532.080571 2.615568
2532.499892 2.609964
2532.919212 2.564348
2533.338532 2.630304
2533.757853 2.672566
2534.177173 2.685775
2534.596493 2.613743
2535.015814 2.649788
2535.435134 2.571475
2535.854454 2.513720
2536.273775 2.540709
2536.693095 2.518464
2537.112416 2.507833
2537.531736 2.639994
2537.951056 2.670097
2538.370377 2.600191
2538.789697 2.499562
2539.209017 2.533821
2539.628338 2.563115
2540.047658 2.503093
2540.466979 2.541138
2540.886299 2.456048
2541.305619 2.449316
2541.724940 2.504243
2542.144260 2.558478
2542.563580 2.537401
2542.982901 2.583544
2543.402221 2.510911
2543.821541 2.506168
2544.240862 2.515736
2544.660182 2.596175
2545.079503 2.492433
2545.498823 2.412361
2545.918143 2.444730
2546.337464 2.620537
2546.756784 2.597787
2547.176104 2.629456
2547.595425 2.505772
2548.014745 2.472768
2548.434066 2.514984
2548.853386 2.508124
2549.272706 2.478895
2549.692027 2.574915
2550.111347 2.491927
2550.530667 2.490025
2550.949988 2.568143
2551.369308 2.496494
2551.788628 2.461942
2552.207949 2.440727
2552.627269 2.446860
2553.046590 2.498185
2553.465910 2.535950
2553.885230 2.505478
2554.304551 2.484981
2554.723871 2.428614
2555.143191 2.454874
2555.562512 2.457699
2555.981832 2.459262
2556.401152 2.463751
2556.820473 2.575271
2557.239793 2.577914
2557.659114 2.423146
2558.078434 2.463887
2558.497754 2.495699
2558.917075 2.524237
2559.336395 2.486838
2559.755715 2.540085
2560.175036 2.495706
2560.594356 2.566070
2561.013677 2.488421
2561.432997 2.526892
2561.852317 2.488871
2562.271638 2.386362
2562.690958 2.390878
2563.110278 2.458706
2563.529599 2.491775
2563.948919 2.525439
2564.368239 2.505599
2564.787560 2.543270
2565.206880 2.543924
2565.626201 2.474351
2566.045521 2.358266
2566.464841 2.405872
2566.884162 2.433157
2567.303482 2.455753
2567.722802 2.506859
2568.142123 2.531253
2568.561443 2.390857
2568.980764 2.442294
2569.400084 2.538814
2569.819404 2.497842
2570.238725 2.596546
2570.658045 2.564028
2571.077365 2.512296
2571.496686 2.423520
2571.916006 2.508033
2572.335326 2.592016
2572.754647 2.435729
2573.173967 2.318622
2573.593288 2.344119
2574.012608 2.396697
2574.431928 2.355393
2574.851249 2.457338
2575.270569 2.437787
2575.689889 2.438561
2576.109210 2.423823
2576.528530 2.412346
2576.947851 2.443010
2577.367171 2.320338
2577.786491 2.205170
2578.205812 2.213458
2578.625132 2.122980
2579.044452 2.046013
2579.463773 1.995127
2579.883093 2.005666
2580.302413 2.100443
2580.721734 2.164564
2581.141054 2.305638
2581.560375 2.361005
2581.979695 2.463667
2582.399015 2.496469
2582.818336 2.436441
2583.237656 2.384583
2583.656976 2.354387
2584.076297 2.295951
2584.495617 2.292526
2584.914937 2.309564
2585.334258 2.209617
2585.753578 2.150353
2586.172899 2.135124
2586.592219 2.143125
2587.011539 2.169370
2587.430860 2.354475
2587.850180 2.435547
2588.269500 2.487519
2588.688821 2.447566
2589.108141 2.457106
2589.527462 2.444753
2589.946782 2.418446
2590.366102 2.390080
2590.785423 2.495085
2591.204743 2.486841
2591.624063 2.401568
2592.043384 2.403155
2592.462704 2.299428
2592.882024 2.384947
2593.301345 2.416434
2593.720665 2.428149
2594.139986 2.458211
2594.559306 2.402387
2594.978626 2.490330
2595.397947 2.385131
2595.817267 2.343297
2596.236587 2.348017
2596.655908 2.221969
2597.075228 2.152597
2597.494549 2.098263
2597.913869 2.168539
2598.333189 2.230491
2598.752510 2.322377
2599.171830 2.376378
2599.591150 2.332419
2600.010471 2.345634
2600.429791 2.479404
2600.849111 2.410757
2601.268432 2.407447
2601.687752 2.471660
2602.107073 2.478571
2602.526393 2.356412
2602.945713 2.307002
2603.365034 2.192161
2603.784354 2.205050
2604.203674 2.267069
2604.622995 2.306801
2605.042315 2.372788
2605.461636 2.335933
2605.880956 2.361976
2606.300276 2.442162
2606.719597 2.472269
2607.138917 2.421596
2607.558237 2.384503
2607.977558 2.365548
2608.396878 2.342083
2608.816198 2.344308
2609.235519 2.480492
2609.654839 2.423252
2610.074160 2.422882
2610.493480 2.400502
2610.912800 2.400676
2611.332121 2.465916
2611.751441 2.418402
2612.170761 2.325535
2612.590082 2.325067
2613.009402 2.291362
2613.428723 2.366046
2613.848043 2.439664
2614.267363 2.353265
2614.686684 2.482182
2615.106004 2.436989
2615.525324 2.426662
2615.944645 2.232782
2616.363965 2.325907
2616.783285 2.324066
2617.202606 2.385326
2617.621926 2.256078
2618.041247 2.262507
2618.460567 2.365734
2618.879887 2.393173
2619.299208 2.449723
2619.718528 2.384924
2620.137848 2.290070
2620.557169 2.299340
2620.976489 2.351864
2621.395809 2.365434
2621.815130 2.337629
2622.234450 2.363827
2622.653771 2.448453
2623.073091 2.413826
2623.492411 2.452165
2623.911732 2.417322
2624.331052 2.425584
2624.750372 2.455462
2625.169693 2.459104
2625.589013 2.367012
2626.008334 2.379275
2626.427654 2.461078
2626.846974 2.428922
2627.266295 2.435240
2627.685615 2.388065
2628.104935 2.339497
2628.524256 2.374942
2628.943576 2.394638
2629.362896 2.404038
2629.782217 2.318720
2630.201537 2.335322
2630.620858 2.331269
2631.040178 2.354736
2631.459498 2.310357
2631.878819 2.295787
2632.298139 2.261372
2632.717459 2.262576
2633.136780 2.267082
2633.556100 2.337703
2633.975421 2.310041
2634.394741 2.284371
2634.814061 2.242810
2635.233382 2.304429
2635.652702 2.353756
2636.072022 2.314548
2636.491343 2.294510
2636.910663 2.331020
2637.329983 2.314283
2637.749304 2.333632
2638.168624 2.280755
2638.587945 2.188564
2639.007265 2.208152
2639.426585 2.369472
2639.845906 2.413138
2640.265226 2.369576
2640.684546 2.245720
2641.103867 2.233799
2641.523187 2.234142
2641.942508 2.324066
2642.361828 2.314015
2642.781148 2.300581
2643.200469 2.316968
2643.619789 2.263041
2644.039109 2.249646
2644.458430 2.196876
2644.877750 2.271389
2645.297070 2.294041
2645.716391 2.354263
2646.135711 2.284802
2646.555032 2.182518
2646.974352 2.198125
2647.393672 2.291420
2647.812993 2.298371
2648.232313 2.229832
2648.651633 2.230474
2649.070954 2.225718
2649.490274 2.187728
2649.909594 2.171575
2650.328915 2.329603
2650.748235 2.311076
2651.167556 2.275646
2651.586876 2.284264
2652.006196 2.310197
2652.425517 2.272887
2652.844837 2.316755
2653.264157 2.204477
2653.683478 2.200988
2654.102798 2.340190
2654.522119 2.239397
2654.941439 2.246210
2655.360759 2.238701
2655.780080 2.156595
2656.199400 2.121268
2656.618720 2.158191
2657.038041 2.165156
2657.457361 2.187335
2657.876681 2.203515
2658.296002 2.286446
2658.715322 2.296796
2659.134643 2.218742
2659.553963 2.098711
2659.973283 2.088571
2660.392604 2.185728
2660.811924 2.249387
2661.231244 2.309129
2661.650565 2.285132
2662.069885 2.195301
2662.489206 2.239186
2662.908526 2.222678
2663.327846 2.188315
2663.747167 2.277651
2664.166487 2.254470
2664.585807 2.297082
2665.005128 2.305665
2665.424448 2.303108
2665.843768 2.321581
2666.263089 2.276607
2666.682409 2.281988
2667.101730 2.257762
2667.521050 2.172388
2667.940370 2.186712
2668.359691 2.270680
2668.779011 2.282410
2669.198331 2.219214
2669.617652 2.196277
2670.036972 2.206637
2670.456293 2.293477
2670.875613 2.246529
2671.294933 2.167473
2671.714254 2.111073
2672.133574 2.133833
2672.552894 2.203834
2672.972215 2.290914
2673.391535 2.270284
2673.810855 2.208887
2674.230176 2.160185
2674.649496 2.269685
2675.068817 2.148287
2675.488137 2.172075
2675.907457 2.184868
2676.326778 2.254642
2676.746098 2.246538
2677.165418 2.292143
2677.584739 2.325005
2678.004059 2.200159
2678.423379 2.284904
2678.842700 2.315650
2679.262020 2.272933
2679.681341 2.139513
2680.100661 2.147217
2680.519981 2.267415
2680.939302 2.211792
2681.358622 2.175760
2681.777942 2.150249
2682.197263 2.252797
2682.616583 2.263930
2683.035904 2.341992
2683.455224 2.270697
2683.874544 2.238902
2684.293865 2.331081
2684.713185 2.222021
2685.132505 2.239155
2685.551826 2.267243
2685.971146 2.179768
2686.390466 2.265466
2686.809787 2.292879
2687.229107 2.276475
2687.648428 2.334587
2688.067748 2.322990
2688.487068 2.272526
2688.906389 2.269085
2689.325709 2.237675
2689.745029 2.290034
2690.164350 2.320889
2690.583670 2.335626
2691.002991 2.244210
2691.422311 2.152033
2691.841631 2.168734
2692.260952 2.231516
2692.680272 2.252283
2693.099592 2.287508
2693.518913 2.276727
2693.938233 2.266150
2694.357553 2.318859
2694.776874 2.316505
2695.196194 2.249224
2695.615515 2.272623
2696.034835 2.352934
2696.454155 2.319454
2696.873476 2.304603
2697.292796 2.299681
2697.712116 2.309381
2698.131437 2.321052
2698.550757 2.383122
2698.970078 2.374197
2699.389398 2.279949
2699.808718 2.243006
2700.228039 2.411516
2700.647359 2.392670
2701.066679 2.305082
2701.486000 2.198443
2701.905320 2.214452
2702.324640 2.268313
2702.743961 2.258822
2703.163281 2.251047
2703.582602 2.209147
2704.001922 2.319330
2704.421242 2.324102
2704.840563 2.368035
2705.259883 2.269026
2705.679203 2.367752
2706.098524 2.353408
2706.517844 2.373079
2706.937165 2.298175
2707.356485 2.345856
2707.775805 2.327539
2708.195126 2.403391
2708.614446 2.408240
2709.033766 2.299683
2709.453087 2.262684
2709.872407 2.288258
2710.291727 2.305083
2710.711048 2.342033
2711.130368 2.370744
2711.549689 2.339946
2711.969009 2.364325
2712.388329 2.403710
2712.807650 2.372416
2713.226970 2.292314
2713.646290 2.282466
2714.065611 2.348331
2714.484931 2.366594
2714.904251 2.356870
2715.323572 2.275449
2715.742892 2.267616
2716.162213 2.401128
2716.581533 2.430053
2717.000853 2.429383
2717.420174 2.398011
2717.839494 2.315059
2718.258814 2.330855
2718.678135 2.373890
2719.097455 2.389183
2719.516776 2.380464
2719.936096 2.285432
2720.355416 2.254319
2720.774737 2.418192
2721.194057 2.449846
2721.613377 2.385372
2722.032698 2.399102
2722.452018 2.364627
2722.871338 2.279077
2723.290659 2.429408
2723.709979 2.500599
2724.129300 2.517538
2724.548620 2.517875
2724.967940 2.436917
2725.387261 2.438665
2725.806581 2.336832
2726.225901 2.339787
2726.645222 2.445608
2727.064542 2.534437
2727.483863 2.480027
2727.903183 2.499128
2728.322503 2.529475
2728.741824 2.489304
2729.161144 2.463857
2729.580464 2.471025
2729.999785 2.431556
2730.419105 2.411774
2730.838425 2.468145
2731.257746 2.531761
2731.677066 2.562985
2732.096387 2.544765
2732.515707 2.486811
2732.935027 2.520257
2733.354348 2.510829
2733.773668 2.574962
2734.192988 2.578773
2734.612309 2.555360
2735.031629 2.524944
2735.450950 2.479420
2735.870270 2.568836
2736.289590 2.598171
2736.708911 2.578172
2737.128231 2.538328
2737.547551 2.629273
2737.966872 2.605685
2738.386192 2.520488
2738.805512 2.554603
2739.224833 2.581360
2739.644153 2.599216
2740.063474 2.626729
2740.482794 2.577237
2740.902114 2.568021
2741.321435 2.563468
2741.740755 2.600473
2742.160075 2.604452
2742.579396 2.600041
2742.998716 2.648241
2743.418036 2.600392
2743.837357 2.679187
2744.256677 2.579646
2744.675998 2.524244
2745.095318 2.549278
2745.514638 2.636589
2745.933959 2.610223
2746.353279 2.618594
2746.772599 2.718679
2747.191920 2.702266
2747.611240 2.677294
2748.030561 2.528318
2748.449881 2.580482
2748.869201 2.644131
2749.288522 2.734270
2749.707842 2.664353
2750.127162 2.641687
2750.546483 2.660896
2750.965803 2.703648
2751.385123 2.687548
2751.804444 2.690693
2752.223764 2.661742
2752.643085 2.727347
2753.062405 2.721794
2753.481725 2.787269
2753.901046 2.743806
2754.320366 2.672404
2754.739686 2.641700
2755.159007 2.591646
2755.578327 2.687844
2755.997648 2.825855
2756.416968 2.851322
2756.836288 2.879541
2757.255609 2.838218
2757.674929 2.793067
2758.094249 2.798161
2758.513570 2.796483
2758.932890 2.806483
2759.352210 2.837179
2759.771531 2.826488
2760.190851 2.811069
2760.610172 2.915193
2761.029492 2.909482
2761.448812 2.817147
2761.868133 2.920235
2762.287453 2.935503
2762.706773 2.926602
2763.126094 2.920968
2763.545414 2.886036
2763.964735 2.988191
2764.384055 2.904940
2764.803375 2.926382
2765.222696 2.865232
2765.642016 2.905990
2766.061336 2.970370
2766.480657 3.065797
2766.899977 3.066877
2767.319297 3.037517
2767.738618 3.057162
2768.157938 3.062124
2768.577259 3.054878
2768.996579 3.109000
2769.415899 3.016443
2769.835220 3.114729
2770.254540 3.122290
2770.673860 3.110550
2771.093181 3.188522
2771.512501 3.185583
2771.931821 3.214669
2772.351142 3.096151
2772.770462 3.233680
2773.189783 3.211941
2773.609103 3.258985
2774.028423 3.307054
2774.447744 3.253834
2774.867064 3.228931
2775.286384 3.289699
2775.705705 3.235910
2776.125025 3.262338
2776.544346 3.337486
2776.963666 3.333984
2777.382986 3.277973
2777.802307 3.217876
2778.221627 3.291687
2778.640947 3.245635
2779.060268 3.323218
2779.479588 3.341958
2779.898908 3.318002
2780.318229 3.289464
2780.737549 3.355446
2781.156870 3.377809
2781.576190 3.487447
2781.995510 3.445787
2782.414831 3.425864
2782.834151 3.491826
2783.253471 3.492406
2783.672792 3.526011
2784.092112 3.517634
2784.511433 3.505975
2784.930753 3.579813
2785.350073 3.534255
2785.769394 3.612128
2786.188714 3.611388
2786.608034 3.649245
2787.027355 3.731255
2787.446675 3.653402
2787.865995 3.689951
2788.285316 3.816591
2788.704636 3.675909
2789.123957 3.732942
2789.543277 3.738091
2789.962597 3.782586
2790.381918 3.854634
2790.801238 3.919176
2791.220558 3.908644
2791.639879 3.830816
2792.059199 3.734040
2792.478520 3.766872
2792.897840 3.745814
2793.317160 3.800103
2793.736481 3.944174
2794.155801 4.012413
2794.575121 3.948003
2794.994442 3.983296
2795.413762 3.927920
2795.833082 4.071291
2796.252403 4.135403
2796.671723 4.103206
2797.091044 4.147157
2797.510364 4.110284
2797.929684 4.168346
2798.349005 4.130720
2798.768325 4.132063
2799.187645 4.174841
2799.606966 4.110702
2800.026286 4.090346
2800.445607 3.941842
2800.864927 3.976369
2801.284247 3.985960
2801.703568 3.966931
2802.122888 3.955876
2802.542208 3.846722
2802.961529 3.932797
2803.380849 3.800710
2803.800169 3.860377
2804.219490 3.864300
2804.638810 3.866161
2805.058131 3.885628
2805.477451 3.780049
2805.896771 3.788791
2806.316092 3.779521
2806.735412 3.806696
2807.154732 3.787706
2807.574053 3.690394
2807.993373 3.612049
2808.412693 3.663187
2808.832014 3.622598
2809.251334 3.594445
2809.670655 3.568353
2810.089975 3.603129
2810.509295 3.518475
2810.928616 3.449428
2811.347936 3.476962
2811.767256 3.467820
2812.186577 3.494623
2812.605897 3.522343
2813.025218 3.519798
2813.444538 3.478398
2813.863858 3.559913
2814.283179 3.512138
2814.702499 3.499461
2815.121819 3.499339
2815.541140 3.476268
2815.960460 3.521013
2816.379780 3.506008
2816.799101 3.529666
2817.218421 3.544216
2817.637742 3.445444
2818.057062 3.442142
2818.476382 3.468764
2818.895703 3.526241
2819.315023 3.445388
2819.734343 3.450457
2820.153664 3.395747
2820.572984 3.350625
2820.992305 3.329477
2821.411625 3.383528
2821.830945 3.503260
2822.250266 3.383434
2822.669586 3.368159
2823.088906 3.316177
2823.508227 3.339224
2823.927547 3.304017
2824.346867 3.409040
2824.766188 3.398854
2825.185508 3.295593
2825.604829 3.246299
2826.024149 3.174838
2826.443469 3.227159
2826.862790 3.227119
2827.282110 3.223815
2827.701430 3.154989
2828.120751 3.163308
2828.540071 3.143849
2828.959392 3.057435
2829.378712 3.139116
2829.798032 3.132800
2830.217353 3.032339
2830.636673 3.060681
2831.055993 2.978869
2831.475314 3.044283
2831.894634 3.086880
2832.313954 3.003561
2832.733275 3.029296
2833.152595 2.934088
2833.571916 2.933178
2833.991236 2.957904
2834.410556 2.895314
2834.829877 2.795316
2835.249197 2.838896
2835.668517 2.850613
2836.087838 2.797263
2836.507158 2.861669
2836.926478 2.793063
2837.345799 2.771173
2837.765119 2.776940
2838.184440 2.793727
2838.603760 2.735908
2839.023080 2.750933
2839.442401 2.710270
2839.861721 2.718927
2840.281041 2.736575
2840.700362 2.706930
2841.119682 2.714827
2841.539003 2.733897
2841.958323 2.621138
2842.377643 2.594165
2842.796964 2.634306
2843.216284 2.656081
2843.635604 2.654875
2844.054925 2.576000
2844.474245 2.476485
2844.893565 2.522130
2845.312886 2.549947
2845.732206 2.526297
2846.151527 2.455366
2846.570847 2.495428
2846.990167 2.499764
2847.409488 2.412147
2847.828808 2.421422
2848.248128 2.548222
2848.667449 2.506476
2849.086769 2.509663
2849.506090 2.551107
2849.925410 2.669116
2850.344730 3.181658
2850.764051 3.033903
2851.183371 2.563144
2851.602691 2.220465
2852.022012 2.101576
2852.441332 2.455416
2852.860652 2.375283
2853.279973 2.841133
2853.699293 2.961619
2854.118614 2.991005
2854.537934 2.623597
2854.957254 2.376465
2855.376575 2.424439
2855.795895 2.413553
2856.215215 2.413149
2856.634536 2.373832
2857.053856 2.447553
2857.473177 2.360910
2857.892497 2.366820
2858.311817 2.240875
2858.731138 2.302776
2859.150458 2.268503
2859.569778 2.316571
2859.989099 2.382577
2860.408419 2.289968
2860.827739 2.259635
2861.247060 2.293829
2861.666380 2.251111
2862.085701 2.219713
2862.505021 2.263954
2862.924341 2.329067
2863.343662 2.337074
2863.762982 2.322023
2864.182302 2.343475
2864.601623 2.369073
2865.020943 2.352666
2865.440263 2.290676
2865.859584 2.259094
2866.278904 2.247853
2866.698225 2.249593
2867.117545 2.281153
2867.536865 2.349811
2867.956186 2.279383
2868.375506 2.286936
2868.794826 2.223358
2869.214147 2.214316
2869.633467 2.312775
2870.052788 2.268273
2870.472108 2.289326
2870.891428 2.245735
2871.310749 2.218983
2871.730069 2.224270
2872.149389 2.194958
2872.568710 2.256114
2872.988030 2.277834
2873.407350 2.201253
2873.826671 2.253653
2874.245991 2.319119
2874.665312 2.233632
2875.084632 2.211697
2875.503952 2.220339
2875.923273 2.223465
2876.342593 2.234264
2876.761913 2.218774
2877.181234 2.248905
2877.600554 2.292932
2878.019875 2.254367
2878.439195 2.223201
2878.858515 2.245474
2879.277836 2.179469
2879.697156 2.193719
2880.116476 2.147768
2880.535797 2.131845
2880.955117 2.166739
2881.374437 2.193769
2881.793758 2.200291
2882.213078 2.168810
2882.632399 2.134480
2883.051719 2.105631
2883.471039 2.103496
2883.890360 2.154184
2884.309680 2.149354
2884.729000 2.183367
2885.148321 2.091271
2885.567641 2.092572
2885.986962 1.985537
2886.406282 2.054878
2886.825602 2.152719
2887.244923 2.161932
2887.664243 2.117356
2888.083563 2.101879
2888.502884 2.120940
2888.922204 2.137484
2889.341524 2.162207
2889.760845 2.109786
2890.180165 2.088102
2890.599486 2.097792
2891.018806 2.067399
2891.438126 2.133470
2891.857447 2.117969
2892.276767 2.197522
2892.696087 2.126101
2893.115408 2.156057
2893.534728 2.155709
2893.954049 2.110520
2894.373369 2.141013
2894.792689 2.072588
2895.212010 2.103229
2895.631330 2.093207
2896.050650 2.066779
2896.469971 2.075843
2896.889291 2.101688
2897.308611 2.104971
2897.727932 2.061250
2898.147252 2.135498
2898.566573 2.133423
2898.985893 2.039517
2899.405213 2.100993
2899.824534 2.060992
2900.243854 2.090130
2900.663174 2.110155
2901.082495 2.094924
2901.501815 2.107217
2901.921135 2.142617
2902.340456 2.112791
2902.759776 2.068829
2903.179097 2.075872
2903.598417 1.931948
2904.017737 2.071236
2904.437058 2.058770
2904.856378 2.076184
2905.275698 2.044468
2905.695019 2.069486
2906.114339 2.091126
2906.533660 2.080865
2906.952980 2.044369
2907.372300 2.109251
2907.791621 2.085934
2908.210941 2.080897
2908.630261 2.000783
2909.049582 2.114746
2909.468902 2.006553
2909.888222 1.987903
2910.307543 1.973327
2910.726863 2.100258
2911.146184 2.157172
2911.565504 2.270327
2911.984824 2.204310
2912.404145 2.118421
2912.823465 2.066738
2913.242785 2.044584
2913.662106 2.191308
2914.081426 2.071122
2914.500747 2.074189
2914.920067 2.026497
2915.339387 2.086111
2915.758708 2.091070
2916.178028 2.074557
2916.597348 2.134782
2917.016669 2.175684
2917.435989 2.185967
2917.855309 2.223444
2918.274630 2.116401
2918.693950 2.135972
2919.113271 2.171489
2919.532591 2.128552
2919.951911 2.110507
2920.371232 2.165537
2920.790552 2.055309
2921.209872 2.074883
2921.629193 2.082096
2922.048513 2.149086
2922.467834 2.170932
2922.887154 2.136731
2923.306474 2.086578
2923.725795 2.068493
2924.145115 2.117612
2924.564435 2.155748
2924.983756 2.113884
2925.403076 2.087491
2925.822396 2.101637
2926.241717 2.067131
2926.661037 2.049488
2927.080358 2.023067
2927.499678 2.061269
2927.918998 2.020595
2928.338319 2.150993
2928.757639 2.147574
2929.176959 2.102311
2929.596280 2.062569
2930.015600 2.086308
2930.434920 2.116469
2930.854241 2.124588
2931.273561 2.121635
2931.692882 2.122241
2932.112202 2.142917
2932.531522 2.164563
2932.950843 2.121925
2933.370163 2.111272
2933.789483 2.035004
2934.208804 2.092292
2934.628124 2.058337
2935.047445 2.026691
2935.466765 2.069617
2935.886085 2.163892
2936.305406 2.095962
2936.724726 2.073063
2937.144046 2.133892
2937.563367 2.058349
2937.982687 2.040527
2938.402007 2.089481
2938.821328 2.076150
2939.240648 2.060227
2939.659969 2.070813
2940.079289 2.032213
2940.498609 2.133534
2940.917930 2.088235
2941.337250 2.079669
2941.756570 2.084473
2942.175891 2.060740
2942.595211 2.085624
2943.014532 2.099729
2943.433852 2.085294
2943.853172 2.067209
2944.272493 2.050808
2944.691813 2.102208
2945.111133 2.092653
2945.530454 2.036035
2945.949774 2.113929
2946.369094 2.130392
2946.788415 2.160984
2947.207735 2.181031
2947.627056 2.096531
2948.046376 2.076407
2948.465696 2.111254
2948.885017 2.184322
2949.304337 2.162060
2949.723657 2.149592
2950.142978 2.120311
2950.562298 2.032724
2950.981619 1.987415
2951.400939 2.056522
2951.820259 2.047703
2952.239580 2.129183
2952.658900 2.130165
2953.078220 2.087731
2953.497541 2.073534
2953.916861 2.098639
2954.336181 2.117910
2954.755502 2.173665
2955.174822 2.134791
2955.594143 2.161742
2956.013463 2.111832
2956.432783 2.100476
2956.852104 2.102605
2957.271424 2.126588
2957.690744 2.134739
2958.110065 2.070366
2958.529385 2.107215
2958.948705 2.061685
2959.368026 2.007055
2959.787346 2.041621
2960.206667 2.052726
2960.625987 2.018410
2961.045307 1.980719
2961.464628 2.044566
2961.883948 2.126152
2962.303268 2.026159
2962.722589 2.147591
2963.141909 2.123463
2963.561230 2.057765
2963.980550 2.102347
2964.399870 2.000672
2964.819191 2.015003
2965.238511 1.968766
2965.657831 2.029232
2966.077152 2.012870
2966.496472 1.958838
2966.915792 2.041390
2967.335113 2.033781
2967.754433 2.057349
2968.173754 1.987848
2968.593074 1.985478
2969.012394 2.023790
2969.431715 1.948204
2969.851035 2.033642
2970.270355 2.028094
2970.689676 2.012962
2971.108996 1.901638
2971.528317 2.031201
2971.947637 2.036439
2972.366957 2.017128
2972.786278 1.989651
2973.205598 2.000122
2973.624918 1.964477
2974.044239 2.041632
2974.463559 1.979742
2974.882879 2.020384
2975.302200 2.027121
2975.721520 1.955396
2976.140841 1.950577
2976.560161 1.985637
2976.979481 1.997797
2977.398802 1.965916
2977.818122 1.985678
2978.237442 1.998205
2978.656763 1.973499
2979.076083 2.000821
2979.495404 1.999657
2979.914724 2.023595
2980.334044 1.998646
2980.753365 2.020881
2981.172685 1.947493
2981.592005 1.914901
2982.011326 2.000376
2982.430646 2.010047
2982.849966 2.002794
2983.269287 1.932112
2983.688607 1.928884
2984.107928 1.899004
2984.527248 1.925078
2984.946568 1.960465
2985.365889 2.002905
2985.785209 1.980255
2986.204529 1.919680
2986.623850 1.944655
2987.043170 1.965662
2987.462491 1.949477
2987.881811 1.958506
2988.301131 1.893412
2988.720452 1.947581
2989.139772 1.913651
2989.559092 1.874383
2989.978413 1.875034
2990.397733 1.893490
2990.817053 2.026133
2991.236374 2.081487
2991.655694 1.934946
2992.075015 1.815560
2992.494335 1.836237
2992.913655 1.886873
2993.332976 1.942051
2993.752296 1.916840
2994.171616 1.882693
2994.590937 1.877307
2995.010257 1.835276
2995.429577 1.922517
2995.848898 1.929101
2996.268218 1.919466
2996.687539 1.931194
2997.106859 1.967277
2997.526179 2.002183
2997.945500 2.010258
2998.364820 1.896060
2998.784140 1.881204
2999.203461 1.852166
2999.622781 1.806945
3000.042102 1.719511
3000.461422 1.778962
3000.880742 1.829087
3001.300063 2.041707
3001.719383 2.011514
3002.138703 1.995034
3002.558024 1.929208
3002.977344 1.852463
3003.396664 1.856579
3003.815985 1.844772
3004.235305 1.890630
3004.654626 1.924328
3005.073946 1.938618
3005.493266 1.984986
3005.912587 1.940381
3006.331907 1.876300
3006.751227 1.902029
3007.170548 1.885593
3007.589868 1.817049
3008.009189 1.814940
3008.428509 1.757908
3008.847829 1.688279
3009.267150 1.760106
3009.686470 1.784857
3010.105790 1.970835
3010.525111 2.166810
3010.944431 2.078557
3011.363751 1.951730
3011.783072 1.629780
3012.202392 1.708478
3012.621713 1.633810
3013.041033 1.948494
3013.460353 2.208812
3013.879674 2.220337
3014.298994 1.736289
3014.718314 1.488794
3015.137635 1.540183
3015.556955 1.611640
3015.976276 1.871089
3016.395596 1.892973
3016.814916 1.959673
3017.234237 1.890443
3017.653557 1.802311
3018.072877 1.808015
3018.492198 1.755833
3018.911518 1.823341
3019.330838 1.644860
3019.750159 1.719913
3020.169479 1.804034
3020.588800 1.772616
3021.008120 1.825012
3021.427440 1.748779
3021.846761 1.712320
3022.266081 1.746216
3022.685401 1.780010
3023.104722 1.800761
3023.524042 1.835080
3023.943362 1.851263
3024.362683 1.792103
3024.782003 1.710034
3025.201324 1.700836
3025.620644 1.677509
3026.039964 1.789081
3026.459285 1.864702
3026.878605 1.802233
3027.297925 1.707544
3027.717246 1.684805
3028.136566 1.717198
3028.555887 1.831127
3028.975207 1.870687
3029.394527 1.879779
3029.813848 1.838988
3030.233168 1.771750
3030.652488 1.769268
3031.071809 1.861066
3031.491129 1.888137
3031.910449 1.838270
3032.329770 1.807382
3032.749090 1.832505
3033.168411 1.875412
3033.587731 1.864340
3034.007051 1.700930
3034.426372 1.607269
3034.845692 1.682483
3035.265012 1.801972
3035.684333 1.808374
3036.103653 1.790438
3036.522974 1.834841
3036.942294 1.779619
3037.361614 1.703613
3037.780935 1.716067
3038.200255 1.747495
3038.619575 1.773817
3039.038896 1.824954
3039.458216 1.869248
3039.877536 1.839076
3040.296857 1.798570
3040.716177 1.789223
3041.135498 1.840702
3041.554818 1.799963
3041.974138 1.831994
3042.393459 1.809001
3042.812779 1.774811
3043.232099 1.747778
3043.651420 1.697484
3044.070740 1.643043
3044.490061 1.604718
3044.909381 1.699502
3045.328701 1.886615
3045.748022 1.801581
3046.167342 1.776025
3046.586662 1.666858
3047.005983 1.791466
3047.425303 1.896442
3047.844623 1.896861
3048.263944 1.848173
3048.683264 1.846876
3049.102585 1.840199
3049.521905 1.838345
3049.941225 1.779837
3050.360546 1.757757
3050.779866 1.762237
3051.199186 1.832761
3051.618507 1.827918
3052.037827 1.829037
3052.457147 1.693860
3052.876468 1.807974
3053.295788 1.820371
3053.715109 1.731372
3054.134429 1.792772
3054.553749 1.763676
3054.973070 1.804021
3055.392390 1.764421
3055.811710 1.700168
3056.231031 1.760393
3056.650351 1.760629
3057.069672 1.681077
3057.488992 1.779248
3057.908312 1.798027
3058.327633 1.849626
3058.746953 1.789327
3059.166273 1.685332
3059.585594 1.737397
3060.004914 1.768634
3060.424234 1.767860
3060.843555 1.721935
3061.262875 1.771724
3061.682196 1.717844
3062.101516 1.789975
3062.520836 1.761311
3062.940157 1.759600
3063.359477 1.769629
3063.778797 1.743297
3064.198118 1.793886
3064.617438 1.769383
3065.036759 1.781524
3065.456079 1.764996
3065.875399 1.787312
3066.294720 1.804270
3066.714040 1.822054
3067.133360 1.719594
3067.552681 1.684131
3067.972001 1.674128
3068.391321 1.746046
3068.810642 1.822031
3069.229962 1.826508
3069.649283 1.756309
3070.068603 1.677788
3070.487923 1.769608
3070.907244 1.768727
3071.326564 1.802988
3071.745884 1.711018
3072.165205 1.740225
3072.584525 1.800379
3073.003846 1.801838
3073.423166 1.819661
3073.842486 1.844055
3074.261807 1.885822
3074.681127 1.795800
3075.100447 1.734479
3075.519768 1.752146
3075.939088 1.738210
3076.358408 1.844393
3076.777729 1.789693
3077.197049 1.758518
3077.616370 1.817365
3078.035690 1.791663
3078.455010 1.878396
3078.874331 1.775492
3079.293651 1.803547
3079.712971 1.809387
3080.132292 1.770800
3080.551612 1.852313
3080.970933 1.858894
3081.390253 1.844042
3081.809573 1.753054
3082.228894 1.702660
3082.648214 1.665943
3083.067534 1.751064
3083.486855 1.771933
3083.906175 1.788459
3084.325495 1.768918
3084.744816 1.759302
3085.164136 1.746420
3085.583457 1.739848
3086.002777 1.710103
3086.422097 1.781275
3086.841418 1.783630
3087.260738 1.761674
3087.680058 1.781534
3088.099379 1.821272
3088.518699 1.804335
3088.938019 1.812875
3089.357340 1.817345
3089.776660 1.865593
3090.195981 1.850344
3090.615301 1.795794
3091.034621 1.712421
3091.453942 1.681730
3091.873262 1.762935
3092.292582 1.789007
3092.711903 1.790658
3093.131223 1.823652
3093.550544 1.810073
3093.969864 1.874134
3094.389184 1.804697
3094.808505 1.783736
3095.227825 1.797382
3095.647145 1.811976
3096.066466 1.730322
3096.485786 1.677857
3096.905106 1.793012
3097.324427 1.833979
3097.743747 1.890498
3098.163068 1.819177
3098.582388 1.873783
3099.001708 1.864054
3099.421029 1.796983
3099.840349 1.716037
3100.259669 1.833197
3100.678990 1.832216
3101.098310 1.834659
3101.517631 1.866968
3101.936951 1.921734
3102.356271 1.885526
3102.775592 1.826271
3103.194912 1.759319
3103.614232 1.770686
3104.033553 1.774320
3104.452873 1.859390
3104.872193 1.852301
3105.291514 1.821900
3105.710834 1.864078
3106.130155 1.837743
3106.549475 1.870407
3106.968795 1.880382
3107.388116 1.869537
3107.807436 1.856544
3108.226756 1.832134
3108.646077 1.800130
3109.065397 1.809314
3109.484718 1.761416
3109.904038 1.828628
3110.323358 1.901384
3110.742679 1.961863
3111.161999 1.855886
3111.581319 1.858473
3112.000640 1.866564
3112.419960 1.823836
3112.839280 1.865125
3113.258601 1.840814
3113.677921 1.861549
3114.097242 1.889631
3114.516562 1.885211
3114.935882 1.939751
3115.355203 1.982392
3115.774523 1.897161
3116.193843 1.908260
3116.613164 1.800809
3117.032484 1.757715
3117.451804 1.874404
3117.871125 1.930183
3118.290445 1.902321
3118.709766 1.855042
3119.129086 1.810557
3119.548406 1.920496
3119.967727 1.939209
3120.387047 1.852751
3120.806367 1.843809
3121.225688 1.921331
3121.645008 1.973458
3122.064329 1.933346
3122.483649 1.932860
3122.902969 1.968779
3123.322290 1.886655
3123.741610 1.924431
3124.160930 1.885789
3124.580251 1.932020
3124.999571 1.998817
3125.418891 1.916923
3125.838212 1.929542
3126.257532 1.889592
3126.676853 1.905708
3127.096173 2.048426
3127.515493 1.989377
3127.934814 1.904069
3128.354134 1.820344
3128.773454 1.861556
3129.192775 1.849005
3129.612095 1.900269
3130.031416 1.897133
3130.450736 1.921513
3130.870056 1.917421
3131.289377 1.947704
3131.708697 1.937707
3132.128017 2.019780
3132.547338 2.083567
3132.966658 2.034799
3133.385978 1.960089
3133.805299 1.896210
3134.224619 1.913882
3134.643940 1.927456
3135.063260 1.978584
3135.482580 1.959908
3135.901901 1.949281
3136.321221 1.985685
3136.740541 1.979250
3137.159862 1.983504
3137.579182 1.931027
3137.998503 1.964486
3138.417823 2.082327
3138.837143 2.073111
3139.256464 2.037210
3139.675784 1.978087
3140.095104 1.948155
3140.514425 1.968282
3140.933745 1.920942
3141.353065 1.976882
3141.772386 1.913740
3142.191706 2.021843
3142.611027 1.952793
3143.030347 1.964704
3143.449667 1.929247
3143.868988 1.960771
3144.288308 1.961625
3144.707628 1.925163
3145.126949 1.914988
3145.546269 1.933413
3145.965589 1.917026
3146.384910 1.947770
3146.804230 1.970399
3147.223551 1.907723
3147.642871 1.881239
3148.062191 1.846023
3148.481512 1.815243
3148.900832 1.802686
3149.320152 1.821792
3149.739473 1.853169
3150.158793 1.893143
3150.578114 1.893646
3150.997434 1.831388
3151.416754 1.884939
3151.836075 1.864928
3152.255395 1.836826
3152.674715 1.843997
3153.094036 1.906373
3153.513356 1.912633
3153.932676 1.917327
3154.351997 1.944292
3154.771317 1.923056
3155.190638 1.928082
3155.609958 1.895665
3156.029278 1.914406
3156.448599 1.871121
3156.867919 1.922009
3157.287239 1.982103
3157.706560 1.932996
3158.125880 1.889218
3158.545201 1.902393
3158.964521 1.920040
3159.383841 1.914158
3159.803162 1.871598
3160.222482 1.882665
3160.641802 1.932027
3161.061123 1.916968
3161.480443 1.867120
3161.899763 1.898473
3162.319084 1.891486
3162.738404 1.892310
3163.157725 1.937140
3163.577045 1.887213
3163.996365 1.852838
3164.415686 1.918223
3164.835006 1.924229
3165.254326 1.927855
3165.673647 1.923461
3166.092967 1.848649
3166.512288 1.862789
3166.931608 1.908247
3167.350928 1.827030
3167.770249 1.846160
3168.189569 1.876196
3168.608889 1.913042
3169.028210 1.866754
3169.447530 1.831174
3169.866850 1.819501
3170.286171 1.897662
3170.705491 1.961447
3171.124812 1.881707
3171.544132 1.863040
3171.963452 1.807933
3172.382773 1.879811
3172.802093 1.894821
3173.221413 1.862944
3173.640734 1.910987
3174.060054 1.878334
3174.479375 1.862154
3174.898695 1.854685
3175.318015 1.857656
3175.737336 1.891006
3176.156656 1.925505
3176.575976 1.978997
3176.995297 1.965877
3177.414617 1.944189
3177.833937 1.886844
3178.253258 1.905120
3178.672578 1.914429
3179.091899 1.953664
3179.511219 1.987855
3179.930539 1.904551
3180.349860 1.926895
3180.769180 1.954052
3181.188500 1.920904
3181.607821 1.880132
3182.027141 1.889623
3182.446461 1.938010
3182.865782 1.927900
3183.285102 1.846905
3183.704423 1.811118
3184.123743 1.880225
3184.543063 1.892237
3184.962384 1.864456
3185.381704 1.855525
3185.801024 1.852617
3186.220345 1.921585
3186.639665 1.920460
3187.058986 1.914166
3187.478306 1.920365
3187.897626 1.920048
3188.316947 1.879692
3188.736267 1.764873
3189.155587 1.836793
3189.574908 1.883002
3189.994228 1.899850
3190.413548 1.940348
3190.832869 1.824713
3191.252189 1.893794
3191.671510 1.943084
3192.090830 1.901605
3192.510150 1.895750
3192.929471 1.843513
3193.348791 1.828018
3193.768111 1.890509
3194.187432 1.882528
3194.606752 2.034467
3195.026073 1.979253
3195.445393 1.832901
3195.864713 1.846612
3196.284034 1.877001
3196.703354 1.903967
3197.122674 1.958611
3197.541995 1.933786
3197.961315 1.915953
3198.380635 1.925706
3198.799956 1.946507
3199.219276 1.873256
3199.638597 1.846773
3200.057917 1.819787
3200.477237 1.782565
3200.896558 1.836927
3201.315878 1.882100
3201.735198 1.909090
3202.154519 1.859346
3202.573839 1.911381
3202.993160 1.896915
3203.412480 1.926361
3203.831800 1.919805
3204.251121 1.917312
3204.670441 1.883204
3205.089761 1.959620
3205.509082 2.065189
3205.928402 2.068283
3206.347722 1.956045
3206.767043 1.931662
3207.186363 1.848195
3207.605684 1.897886
3208.025004 1.884095
3208.444324 1.897491
3208.863645 1.862541
3209.282965 1.865763
3209.702285 1.877228
3210.121606 1.878963
3210.540926 1.820096
3210.960246 1.881671
3211.379567 1.873341
3211.798887 1.865978
3212.218208 1.948207
3212.637528 1.968587
3213.056848 1.949024
3213.476169 1.972153
3213.895489 1.932489
3214.314809 1.866273
3214.734130 1.858151
3215.153450 1.780089
3215.572771 1.781267
3215.992091 1.808810
3216.411411 1.897819
3216.830732 1.945910
3217.250052 1.911735
3217.669372 1.877898
3218.088693 1.846226
3218.508013 1.937173
3218.927333 1.865166
3219.346654 1.888226
3219.765974 1.895807
3220.185295 1.944322
3220.604615 1.884695
3221.023935 1.898624
3221.443256 1.663220
3221.862576 1.445256
3222.281896 1.574965
3222.701217 1.736553
3223.120537 1.800892
3223.539858 2.085057
3223.959178 1.995069
3224.378498 1.915129
3224.797819 1.811891
3225.217139 1.764426
3225.636459 1.771191
3226.055780 1.791754
3226.475100 1.791382
3226.894420 1.826826
3227.313741 1.861356
3227.733061 1.812971
3228.152382 1.795055
3228.571702 1.840405
3228.991022 1.771990
3229.410343 1.803422
3229.829663 1.801387
3230.248983 1.854796
3230.668304 1.806221
3231.087624 1.743938
3231.506945 1.809001
3231.926265 1.864244
3232.345585 1.947035
3232.764906 1.888827
3233.184226 1.882840
3233.603546 1.766534
3234.022867 1.768123
3234.442187 1.691641
3234.861507 1.635867
3235.280828 1.665394
3235.700148 1.734522
3236.119469 1.853545
3236.538789 1.982127
3236.958109 2.109040
3237.377430 1.961909
3237.796750 1.869364
3238.216070 1.757735
3238.635391 1.608687
3239.054711 1.663216
3239.474031 1.644147
3239.893352 1.711947
3240.312672 1.756205
3240.731993 1.765736
3241.151313 1.802117
3241.570633 1.706803
3241.989954 1.805743
3242.409274 1.760114
3242.828594 1.737723
3243.247915 1.756330
3243.667235 1.852623
3244.086556 1.729320
3244.505876 1.714940
3244.925196 1.706849
3245.344517 1.703818
3245.763837 1.830733
3246.183157 1.737839
3246.602478 1.713176
3247.021798 1.688521
3247.441118 1.776606
3247.860439 1.785807
3248.279759 1.788653
3248.699080 1.813406
3249.118400 1.791522
3249.537720 1.767527
3249.957041 1.788626
3250.376361 1.819952
3250.795681 1.803610
3251.215002 1.767731
3251.634322 1.770218
3252.053643 1.804528
3252.472963 1.791107
3252.892283 1.787051
3253.311604 1.818976
3253.730924 1.803862
3254.150244 1.825939
3254.569565 1.738068
3254.988885 1.632015
3255.408205 1.729319
3255.827526 1.801461
3256.246846 1.771190
3256.666167 1.735604
3257.085487 1.700622
3257.504807 1.725693
3257.924128 1.718505
3258.343448 1.749638
3258.762768 1.747853
3259.182089 1.772165
3259.601409 1.747059
3260.020730 1.702058
3260.440050 1.702597
3260.859370 1.678399
3261.278691 1.687702
3261.698011 1.748523
3262.117331 1.699259
3262.536652 1.699830
3262.955972 1.706701
3263.375292 1.730407
3263.794613 1.802832
3264.213933 1.769270
3264.633254 1.712540
3265.052574 1.676892
3265.471894 1.633191
3265.891215 1.758531
3266.310535 1.718313
3266.729855 1.755865
3267.149176 1.684534
3267.568496 1.605670
3267.987817 1.634635
3268.407137 1.713940
3268.826457 1.696749
3269.245778 1.723282
3269.665098 1.630417
3270.084418 1.696623
3270.503739 1.734986
3270.923059 1.737485
3271.342379 1.807953
3271.761700 1.733659
3272.181020 1.716018
3272.600341 1.736896
3273.019661 1.760271
3273.438981 1.706178
3273.858302 1.697942
3274.277622 1.640765
3274.696942 1.604788
3275.116263 1.687100
3275.535583 1.689396
3275.954903 1.735989
3276.374224 1.748796
3276.793544 1.697473
3277.212865 1.676907
3277.632185 1.715762
3278.051505 1.693025
3278.470826 1.666456
3278.890146 1.660452
3279.309466 1.638763
3279.728787 1.652755
3280.148107 1.697557
3280.567428 1.684048
3280.986748 1.681050
3281.406068 1.697734
3281.825389 1.684979
3282.244709 1.713427
3282.664029 1.703242
3283.083350 1.647061
3283.502670 1.669578
3283.921990 1.609196
3284.341311 1.626344
3284.760631 1.610365
3285.179952 1.655918
3285.599272 1.643109
3286.018592 1.664322
3286.437913 1.640009
3286.857233 1.665281
3287.276553 1.671081
3287.695874 1.656803
3288.115194 1.671314
3288.534515 1.693988
3288.953835 1.665838
3289.373155 1.627532
3289.792476 1.641276
3290.211796 1.652643
3290.631116 1.640755
3291.050437 1.670554
3291.469757 1.704569
3291.889077 1.724050
3292.308398 1.738093
3292.727718 1.701013
3293.147039 1.674112
3293.566359 1.658247
3293.985679 1.602550
3294.405000 1.670171
3294.824320 1.707644
3295.243640 1.731857
3295.662961 1.712651
3296.082281 1.679545
3296.501602 1.646769
3296.920922 1.613828
3297.340242 1.610839
3297.759563 1.715667
3298.178883 1.749105
3298.598203 1.732801
3299.017524 1.706530
3299.436844 1.663911
3299.856164 1.698297
3300.275485 1.677675
3300.694805 1.601136
3301.114126 1.649919
3301.533446 1.661769
3301.952766 1.652208
3302.372087 1.699948
3302.791407 1.720130
3303.210727 1.737117
3303.630048 1.634134
3304.049368 1.580053
3304.468688 1.547486
3304.888009 1.568098
3305.307329 1.616917
3305.726650 1.628470
3306.145970 1.686783
3306.565290 1.751747
3306.984611 1.663377
3307.403931 1.640935
3307.823251 1.656344
3308.242572 1.648897
3308.661892 1.697893
3309.081213 1.646698
3309.500533 1.630243
3309.919853 1.637354
3310.339174 1.639826
3310.758494 1.694156
3311.177814 1.668397
3311.597135 1.665138
3312.016455 1.567362
3312.435775 1.542551
3312.855096 1.634244
3313.274416 1.629106
3313.693737 1.597437
3314.113057 1.616225
3314.532377 1.594790
3314.951698 1.618568
3315.371018 1.640062
3315.790338 1.589001
3316.209659 1.532532
3316.628979 1.582111
3317.048300 1.573661
3317.467620 1.522593
3317.886940 1.560019
3318.306261 1.578413
3318.725581 1.639287
3319.144901 1.684536
3319.564222 1.603999
3319.983542 1.636028
3320.402862 1.656539
3320.822183 1.600627
3321.241503 1.566323
3321.660824 1.566246
3322.080144 1.602047
3322.499464 1.650238
3322.918785 1.650451
3323.338105 1.630387
3323.757425 1.620103
3324.176746 1.559542
3324.596066 1.610290
3325.015387 1.579715
3325.434707 1.598634
3325.854027 1.599476
3326.273348 1.580844
3326.692668 1.552832
3327.111988 1.551225
3327.531309 1.602963
3327.950629 1.552946
3328.369949 1.560766
3328.789270 1.558077
3329.208590 1.591107
3329.627911 1.559538
3330.047231 1.633300
3330.466551 1.580226
3330.885872 1.577257
3331.305192 1.609814
3331.724512 1.601109
3332.143833 1.673415
3332.563153 1.616486
3332.982473 1.536776
3333.401794 1.613933
3333.821114 1.615668
3334.240435 1.576996
3334.659755 1.573276
3335.079075 1.621410
3335.498396 1.616124
3335.917716 1.651918
3336.337036 1.651351
3336.756357 1.675288
3337.175677 1.631969
3337.594998 1.592211
3338.014318 1.572207
3338.433638 1.542491
3338.852959 1.583779
3339.272279 1.654662
3339.691599 1.625239
3340.110920 1.607568
3340.530240 1.561798
3340.949560 1.553002
3341.368881 1.538528
3341.788201 1.532949
3342.207522 1.596549
3342.626842 1.596707
3343.046162 1.588760
3343.465483 1.570330
3343.884803 1.612532
3344.304123 1.622499
3344.723444 1.602052
3345.142764 1.659911
3345.562085 1.644209
3345.981405 1.638283
3346.400725 1.632730
3346.820046 1.578819
3347.239366 1.616199
3347.658686 1.607681
3348.078007 1.501715
3348.497327 1.551250
3348.916647 1.527733
3349.335968 1.581390
3349.755288 1.677683
3350.174609 1.652196
3350.593929 1.684747
3351.013249 1.645325
3351.432570 1.597652
3351.851890 1.599802
3352.271210 1.559257
3352.690531 1.626642
3353.109851 1.670644
3353.529172 1.619683
3353.948492 1.570132
3354.367812 1.593550
3354.787133 1.585346
3355.206453 1.599986
3355.625773 1.585184
3356.045094 1.559171
3356.464414 1.582097
3356.883734 1.534644
3357.303055 1.582471
3357.722375 1.618801
3358.141696 1.587144
3358.561016 1.536288
3358.980336 1.534763
3359.399657 1.493857
3359.818977 1.585800
3360.238297 1.595878
3360.657618 1.634544
3361.076938 1.631510
3361.496259 1.594501
3361.915579 1.567075
3362.334899 1.464550
3362.754220 1.515757
3363.173540 1.498033
3363.592860 1.497778
3364.012181 1.542879
3364.431501 1.589909
3364.850821 1.556956
3365.270142 1.595989
3365.689462 1.528117
3366.108783 1.469560
3366.528103 1.458895
3366.947423 1.446150
3367.366744 1.530011
3367.786064 1.526711
3368.205384 1.602166
3368.624705 1.631488
3369.044025 1.608813
3369.463345 1.621153
3369.882666 1.617875
3370.301986 1.560889
3370.721307 1.483750
3371.140627 1.500172
3371.559947 1.530638
3371.979268 1.602513
3372.398588 1.601526
3372.817908 1.632465
3373.237229 1.572309
3373.656549 1.521778
3374.075870 1.545708
3374.495190 1.598362
3374.914510 1.575365
3375.333831 1.540321
3375.753151 1.522987
3376.172471 1.506839
3376.591792 1.507937
3377.011112 1.524236
3377.430432 1.598945
3377.849753 1.600048
3378.269073 1.633587
3378.688394 1.615339
3379.107714 1.618257
3379.527034 1.574438
3379.946355 1.496334
3380.365675 1.518383
3380.784995 1.511756
3381.204316 1.522898
3381.623636 1.528251
3382.042957 1.538236
3382.462277 1.556367
3382.881597 1.631785
3383.300918 1.629670
3383.720238 1.587564
3384.139558 1.540368
3384.558879 1.527694
3384.978199 1.511824
3385.397519 1.530466
3385.816840 1.559941
3386.236160 1.558115
3386.655481 1.512238
3387.074801 1.454468
3387.494121 1.443240
3387.913442 1.353604
3388.332762 1.331482
3388.752082 1.340270
3389.171403 1.458972
3389.590723 1.483070
3390.010044 1.528208
3390.429364 1.532216
3390.848684 1.457347
3391.268005 1.492301
3391.687325 1.546454
3392.106645 1.505242
3392.525966 1.523226
3392.945286 1.515643
3393.364606 1.498451
3393.783927 1.574552
3394.203247 1.600378
3394.622568 1.594971
3395.041888 1.552511
3395.461208 1.519499
3395.880529 1.525158
3396.299849 1.481701
3396.719169 1.510618
3397.138490 1.586081
3397.557810 1.587270
3397.977130 1.571691
3398.396451 1.558174
3398.815771 1.597355
3399.235092 1.528908
3399.654412 1.532794
3400.073732 1.535000
3400.493053 1.503165
3400.912373 1.570920
3401.331693 1.600547
3401.751014 1.597709
3402.170334 1.546395
3402.589655 1.518961
3403.008975 1.491519
3403.428295 1.517758
3403.847616 1.537077
3404.266936 1.614495
3404.686256 1.589411
3405.105577 1.616707
3405.524897 1.556408
3405.944217 1.525711
3406.363538 1.551726
3406.782858 1.547060
3407.202179 1.563052
3407.621499 1.573820
3408.040819 1.554108
3408.460140 1.569612
3408.879460 1.572203
3409.298780 1.594976
3409.718101 1.558759
3410.137421 1.576207
3410.556742 1.597501
3410.976062 1.621924
3411.395382 1.592120
3411.814703 1.575990
3412.234023 1.513838
3412.653343 1.537145
3413.072664 1.558126
3413.491984 1.576584
3413.911304 1.581316
3414.330625 1.589780
3414.749945 1.589459
3415.169266 1.557845
3415.588586 1.551079
3416.007906 1.477454
3416.427227 1.483229
3416.846547 1.510649
3417.265867 1.497691
3417.685188 1.580466
3418.104508 1.531446
3418.523829 1.512918
3418.943149 1.477274
3419.362469 1.484487
3419.781790 1.500956
3420.201110 1.540546
3420.620430 1.586031
3421.039751 1.595924
3421.459071 1.599542
3421.878391 1.639677
3422.297712 1.639137
3422.717032 1.643199
3423.136353 1.572553
3423.555673 1.578591
3423.974993 1.581521
3424.394314 1.573768
3424.813634 1.576730
3425.232954 1.637060
3425.652275 1.606465
3426.071595 1.608519
3426.490915 1.639870
3426.910236 1.642725
3427.329556 1.669268
3427.748877 1.722035
3428.168197 1.707171
3428.587517 1.716456
3429.006838 1.684373
3429.426158 1.634891
3429.845478 1.677463
3430.264799 1.637561
3430.684119 1.659980
3431.103440 1.617705
3431.522760 1.641527
3431.942080 1.562887
3432.361401 1.608710
3432.780721 1.587954
3433.200041 1.556231
3433.619362 1.551919
3434.038682 1.570710
3434.458002 1.545194
3434.877323 1.559113
3435.296643 1.573196
3435.715964 1.598586
3436.135284 1.576037
3436.554604 1.559218
3436.973925 1.579320
3437.393245 1.551598
3437.812565 1.611101
3438.231886 1.563550
3438.651206 1.588081
3439.070527 1.586736
3439.489847 1.538228
3439.909167 1.513282
3440.328488 1.463007
3440.747808 1.524423
3441.167128 1.539458
3441.586449 1.552711
3442.005769 1.568233
3442.425089 1.514972
3442.844410 1.543052
3443.263730 1.540996
3443.683051 1.542301
3444.102371 1.529470
3444.521691 1.519070
3444.941012 1.508236
3445.360332 1.515566
3445.779652 1.500951
3446.198973 1.540703
3446.618293 1.484512
3447.037614 1.498429
3447.456934 1.518618
3447.876254 1.577666
3448.295575 1.548341
3448.714895 1.530532
3449.134215 1.519059
3449.553536 1.513163
3449.972856 1.534651
3450.392176 1.554293
3450.811497 1.594848
3451.230817 1.585610
3451.650138 1.506756
3452.069458 1.546591
3452.488778 1.563346
3452.908099 1.630634
3453.327419 1.659968
3453.746739 1.663149
3454.166060 1.580513
3454.585380 1.561967
3455.004701 1.498894
3455.424021 1.462809
3455.843341 1.464931
3456.262662 1.506269
3456.681982 1.521288
3457.101302 1.528268
3457.520623 1.542629
3457.939943 1.507676
3458.359263 1.513688
3458.778584 1.551190
3459.197904 1.501035
3459.617225 1.461098
3460.036545 1.503048
3460.455865 1.567536
3460.875186 1.565538
3461.294506 1.601387
3461.713826 1.562145
3462.133147 1.578919
3462.552467 1.531000
3462.971787 1.549625
3463.391108 1.518562
3463.810428 1.473007
3464.229749 1.487130
3464.649069 1.496657
3465.068389 1.527205
3465.487710 1.462478
3465.907030 1.444730
3466.326350 1.470890
3466.745671 1.499027
3467.164991 1.477386
3467.584312 1.506324
3468.003632 1.549748
3468.422952 1.561501
3468.842273 1.545795
3469.261593 1.538275
3469.680913 1.493690
3470.100234 1.486673
3470.519554 1.441877
3470.938874 1.437861
3471.358195 1.470962
3471.777515 1.532761
3472.196836 1.539031
3472.616156 1.553071
3473.035476 1.506852
3473.454797 1.487223
3473.874117 1.562590
3474.293437 1.582234
3474.712758 1.567270
3475.132078 1.539991
3475.551399 1.497107
3475.970719 1.532428
3476.390039 1.516272
3476.809360 1.528349
3477.228680 1.553573
3477.648000 1.498352
3478.067321 1.469930
3478.486641 1.417668
3478.905961 1.398984
3479.325282 1.469261
3479.744602 1.489691
3480.163923 1.527914
3480.583243 1.542941
3481.002563 1.524017
3481.421884 1.500251
3481.841204 1.506975
3482.260524 1.526822
3482.679845 1.476951
3483.099165 1.494229
3483.518486 1.483358
3483.937806 1.520247
3484.357126 1.455116
3484.776447 1.484596
3485.195767 1.467069
3485.615087 1.463261
3486.034408 1.502831
3486.453728 1.494683
3486.873048 1.513471
3487.292369 1.525551
3487.711689 1.519486
3488.131010 1.536663
3488.550330 1.525468
3488.969650 1.551368
3489.388971 1.517711
3489.808291 1.515509
3490.227611 1.522516
3490.646932 1.466520
3491.066252 1.447629
3491.485572 1.466258
3491.904893 1.431943
3492.324213 1.449161
3492.743534 1.422096
3493.162854 1.494852
3493.582174 1.465269
3494.001495 1.602696
3494.420815 1.605451
3494.840135 1.495361
3495.259456 1.508462
3495.678776 1.497515
3496.098097 1.488112
3496.517417 1.504632
3496.936737 1.506981
3497.356058 1.478540
3497.775378 1.476897
3498.194698 1.463925
3498.614019 1.463409
3499.033339 1.498765
3499.452659 1.469425
3499.871980 1.476449
3500.291300 1.493671
3500.710621 1.454154
3501.129941 1.411692
3501.549261 1.455104
3501.968582 1.463470
3502.387902 1.472036
3502.807222 1.454961
3503.226543 1.421618
3503.645863 1.472638
3504.065184 1.459442
3504.484504 1.477237
3504.903824 1.501864
3505.323145 1.481329
3505.742465 1.459768
3506.161785 1.450720
3506.581106 1.448072
3507.000426 1.456264
3507.419746 1.480741
3507.839067 1.480869
3508.258387 1.401411
3508.677708 1.428948
3509.097028 1.412117
3509.516348 1.419647
3509.935669 1.475230
3510.354989 1.496398
3510.774309 1.499831
3511.193630 1.528735
3511.612950 1.576764
3512.032271 1.569729
3512.451591 1.458057
3512.870911 1.456120
3513.290232 1.478091
3513.709552 1.475803
3514.128872 1.493338
3514.548193 1.481045
3514.967513 1.494586
3515.386833 1.466176
3515.806154 1.474611
3516.225474 1.408144
3516.644795 1.457897
3517.064115 1.413845
3517.483435 1.421471
3517.902756 1.393970
3518.322076 1.447222
3518.741396 1.398526
3519.160717 1.454161
3519.580037 1.481217
3519.999357 1.494177
3520.418678 1.467678
3520.837998 1.457492
3521.257319 1.424968
3521.676639 1.459569
3522.095959 1.429501
3522.515280 1.415328
3522.934600 1.385313
3523.353920 1.370593
3523.773241 1.396099
3524.192561 1.392492
3524.611882 1.458058
3525.031202 1.478331
3525.450522 1.430155
3525.869843 1.398197
3526.289163 1.437582
3526.708483 1.418197
3527.127804 1.445335
3527.547124 1.459985
3527.966444 1.476521
3528.385765 1.473278
3528.805085 1.392311
3529.224406 1.367611
3529.643726 1.421307
3530.063046 1.376341
3530.482367 1.399193
3530.901687 1.405749
3531.321007 1.426929
3531.740328 1.425566
3532.159648 1.387160
3532.578969 1.425709
3532.998289 1.431517
3533.417609 1.425105
3533.836930 1.421169
3534.256250 1.452858
3534.675570 1.539213
3535.094891 1.491488
3535.514211 1.408713
3535.933531 1.450298
3536.352852 1.449512
3536.772172 1.469272
3537.191493 1.484119
3537.610813 1.439880
3538.030133 1.478346
3538.449454 1.458660
3538.868774 1.412138
3539.288094 1.435535
3539.707415 1.458998
3540.126735 1.465705
3540.546056 1.419225
3540.965376 1.397138
3541.384696 1.403659
3541.804017 1.448889
3542.223337 1.453621
3542.642657 1.505467
3543.061978 1.495945
3543.481298 1.418126
3543.900618 1.409010
3544.319939 1.457618
3544.739259 1.398240
3545.158580 1.381341
3545.577900 1.395893
3545.997220 1.402439
3546.416541 1.453731
3546.835861 1.454400
3547.255181 1.403549
3547.674502 1.355673
3548.093822 1.383996
3548.513143 1.348424
3548.932463 1.352301
3549.351783 1.423222
3549.771104 1.467255
3550.190424 1.435154
3550.609744 1.440543
3551.029065 1.477568
3551.448385 1.441907
3551.867705 1.419111
3552.287026 1.344766
3552.706346 1.344356
3553.125667 1.452952
3553.544987 1.496641
3553.964307 1.453810
3554.383628 1.465254
3554.802948 1.450868
3555.222268 1.451666
3555.641589 1.476292
3556.060909 1.458646
3556.480229 1.440717
3556.899550 1.447493
3557.318870 1.388388
3557.738191 1.422859
3558.157511 1.444270
3558.576831 1.398258
3558.996152 1.411297
3559.415472 1.414303
3559.834792 1.410320
3560.254113 1.391554
3560.673433 1.383446
3561.092754 1.400079
3561.512074 1.360494
3561.931394 1.384368
3562.350715 1.401775
3562.770035 1.434667
3563.189355 1.386976
3563.608676 1.355346
3564.027996 1.358498
3564.447316 1.363401
3564.866637 1.436014
3565.285957 1.417387
3565.705278 1.373077
3566.124598 1.328585
3566.543918 1.357776
3566.963239 1.357428
3567.382559 1.338341
3567.801879 1.418150
3568.221200 1.459203
3568.640520 1.378474
3569.059841 1.425466
3569.479161 1.360251
3569.898481 1.426544
3570.317802 1.368578
3570.737122 1.426523
3571.156442 1.398540
3571.575763 1.375222
3571.995083 1.342131
3572.414403 1.332465
3572.833724 1.315168
3573.253044 1.328969
3573.672365 1.329575
3574.091685 1.371635
3574.511005 1.386126
3574.930326 1.390944
3575.349646 1.389097
3575.768966 1.369751
3576.188287 1.372898
3576.607607 1.346485
3577.026928 1.341437
3577.446248 1.322097
3577.865568 1.373076
3578.284889 1.383374
3578.704209 1.391037
3579.123529 1.405474
3579.542850 1.379857
3579.962170 1.376034
3580.381490 1.390888
3580.800811 1.362392
3581.220131 1.402329
3581.639452 1.369226
3582.058772 1.329986
3582.478092 1.334364
3582.897413 1.379109
3583.316733 1.352298
3583.736053 1.410189
3584.155374 1.344594
3584.574694 1.330180
3584.994014 1.315548
3585.413335 1.339366
3585.832655 1.351377
3586.251976 1.367831
3586.671296 1.337687
3587.090616 1.322651
3587.509937 1.367868
3587.929257 1.398557
3588.348577 1.355757
3588.767898 1.343284
3589.187218 1.359818
3589.606539 1.339120
3590.025859 1.314967
3590.445179 1.298500
3590.864500 1.343621
3591.283820 1.378234
3591.703140 1.350149
3592.122461 1.324428
3592.541781 1.321250
3592.961101 1.293119
3593.380422 1.296611
3593.799742 1.327250
3594.219063 1.302847
3594.638383 1.310816
3595.057703 1.367374
3595.477024 1.362287
3595.896344 1.377039
3596.315664 1.367706
3596.734985 1.339448
3597.154305 1.389473
3597.573626 1.375859
3597.992946 1.401030
3598.412266 1.431171
3598.831587 1.376816
3599.250907 1.356516
3599.670227 1.349308
3600.089548 1.363437
3600.508868 1.374329
3600.928188 1.328377
3601.347509 1.345492
3601.766829 1.268932
3602.186150 1.305243
3602.605470 1.363521
3603.024790 1.355834
3603.444111 1.337408
3603.863431 1.331904
3604.282751 1.310524
3604.702072 1.350726
3605.121392 1.365056
3605.540713 1.380036
3605.960033 1.356555
3606.379353 1.380275
3606.798674 1.380167
3607.217994 1.335797
3607.637314 1.358096
3608.056635 1.360226
3608.475955 1.355376
3608.895275 1.345998
3609.314596 1.322150
3609.733916 1.338410
3610.153237 1.371206
3610.572557 1.387650
3610.991877 1.377673
3611.411198 1.360638
3611.830518 1.377274
3612.249838 1.388341
3612.669159 1.341134
3613.088479 1.310738
3613.507800 1.359561
3613.927120 1.367267
3614.346440 1.372433
3614.765761 1.335316
3615.185081 1.339729
3615.604401 1.375975
3616.023722 1.395656
3616.443042 1.362280
3616.862362 1.340456
3617.281683 1.394015
3617.701003 1.401886
3618.120324 1.386135
3618.539644 1.359992
3618.958964 1.345483
3619.378285 1.354506
3619.797605 1.348144
3620.216925 1.396925
3620.636246 1.366182
3621.055566 1.347938
3621.474886 1.357883
3621.894207 1.393995
3622.313527 1.380878
3622.732848 1.354935
3623.152168 1.340321
3623.571488 1.321238
3623.990809 1.371024
3624.410129 1.366421
3624.829449 1.349119
3625.248770 1.317289
3625.668090 1.332382
3626.087411 1.311545
3626.506731 1.328525
3626.926051 1.378826
3627.345372 1.341967
3627.764692 1.308711
3628.184012 1.325159
3628.603333 1.373230
3629.022653 1.384540
3629.441973 1.403949
3629.861294 1.373537
3630.280614 1.366098
3630.699935 1.339623
3631.119255 1.323662
3631.538575 1.316447
3631.957896 1.302256
3632.377216 1.322270
3632.796536 1.306410
3633.215857 1.324744
3633.635177 1.302611
3634.054498 1.297388
3634.473818 1.327581
3634.893138 1.339006
3635.312459 1.359997
3635.731779 1.352233
3636.151099 1.330054
3636.570420 1.319786
3636.989740 1.311980
3637.409060 1.415918
3637.828381 1.388451
3638.247701 1.392797
3638.667022 1.382164
3639.086342 1.363547
3639.505662 1.344729
3639.924983 1.311919
3640.344303 1.323257
3640.763623 1.336833
3641.182944 1.337303
3641.602264 1.330632
3642.021585 1.382795
3642.440905 1.372162
3642.860225 1.376235
3643.279546 1.330668
3643.698866 1.369750
3644.118186 1.304554
3644.537507 1.295385
3644.956827 1.308206
3645.376147 1.327080
3645.795468 1.326620
3646.214788 1.309250
3646.634109 1.317677
3647.053429 1.318929
3647.472749 1.285508
3647.892070 1.292939
3648.311390 1.288530
3648.730710 1.299143
3649.150031 1.339142
3649.569351 1.317758
3649.988671 1.292808
3650.407992 1.281100
3650.827312 1.344882
3651.246633 1.341056
3651.665953 1.349668
3652.085273 1.353194
3652.504594 1.360502
3652.923914 1.326556
3653.343234 1.363927
3653.762555 1.369935
3654.181875 1.368602
3654.601196 1.348650
3655.020516 1.320203
3655.439836 1.342885
3655.859157 1.334331
3656.278477 1.353709
3656.697797 1.341155
3657.117118 1.314951
3657.536438 1.351191
3657.955758 1.341688
3658.375079 1.338740
3658.794399 1.333787
3659.213720 1.310854
3659.633040 1.382976
3660.052360 1.349936
3660.471681 1.341181
3660.891001 1.369791
3661.310321 1.343681
3661.729642 1.360514
3662.148962 1.365301
3662.568283 1.351385
3662.987603 1.363960
3663.406923 1.323059
3663.826244 1.334730
3664.245564 1.335964
3664.664884 1.358996
3665.084205 1.359230
3665.503525 1.324147
3665.922845 1.345856
3666.342166 1.363302
3666.761486 1.345606
3667.180807 1.349288
3667.600127 1.310814
3668.019447 1.310980
3668.438768 1.322783
3668.858088 1.317988
3669.277408 1.331574
3669.696729 1.290562
3670.116049 1.355256
3670.535370 1.328390
3670.954690 1.348405
3671.374010 1.389054
3671.793331 1.363451
3672.212651 1.322437
3672.631971 1.338908
3673.051292 1.285798
3673.470612 1.315095
3673.889932 1.312078
3674.309253 1.350201
3674.728573 1.322440
3675.147894 1.313486
3675.567214 1.318369
3675.986534 1.339755
3676.405855 1.310199
3676.825175 1.352722
3677.244495 1.330825
3677.663816 1.316685
3678.083136 1.299133
3678.502456 1.291358
3678.921777 1.310723
3679.341097 1.337546
3679.760418 1.358646
3680.179738 1.321183
3680.599058 1.303310
3681.018379 1.262592
3681.437699 1.225378
3681.857019 1.236087
3682.276340 1.262577
3682.695660 1.261172
3683.114981 1.267742
3683.534301 1.270098
3683.953621 1.282387
3684.372942 1.303399
3684.792262 1.245548
3685.211582 1.296910
3685.630903 1.297372
3686.050223 1.304910
3686.469543 1.273224
3686.888864 1.283713
3687.308184 1.300878
3687.727505 1.275724
3688.146825 1.270453
3688.566145 1.281351
3688.985466 1.262109
3689.404786 1.282893
3689.824106 1.273205
3690.243427 1.270059
3690.662747 1.286252
3691.082068 1.310568
3691.501388 1.330082
3691.920708 1.338661
3692.340029 1.292429
3692.759349 1.259728
3693.178669 1.308109
3693.597990 1.324672
3694.017310 1.279648
3694.436630 1.283203
3694.855951 1.318374
3695.275271 1.328904
3695.694592 1.303659
3696.113912 1.281979
3696.533232 1.309885
3696.952553 1.302634
3697.371873 1.359295
3697.791193 1.370133
3698.210514 1.337899
3698.629834 1.318105
3699.049155 1.332276
3699.468475 1.274159
3699.887795 1.307257
3700.307116 1.306168
3700.726436 1.330492
3701.145756 1.429783
3701.565077 1.362378
3701.984397 1.340389
3702.403717 1.221079
3702.823038 1.280392
3703.242358 1.248743
3703.661679 1.358692
3704.080999 1.354826
3704.500319 1.302170
3704.919640 1.254673
3705.338960 1.273717
3705.758280 1.394432
3706.177601 1.422314
3706.596921 1.395197
3707.016242 1.337026
3707.435562 1.386707
3707.854882 1.446575
3708.274203 1.389569
3708.693523 1.344227
3709.112843 1.294810
3709.532164 1.250157
3709.951484 1.250905
3710.370804 1.276563
3710.790125 1.269164
3711.209445 1.300187
3711.628766 1.286469
3712.048086 1.239990
3712.467406 1.269197
3712.886727 1.273509
3713.306047 1.235566
3713.725367 1.268160
3714.144688 1.287067
3714.564008 1.284557
3714.983328 1.238046
3715.402649 1.222953
3715.821969 1.255308
3716.241290 1.309936
3716.660610 1.280314
3717.079930 1.284732
3717.499251 1.282029
3717.918571 1.273529
3718.337891 1.359933
3718.757212 1.431260
3719.176532 1.420491
3719.595853 1.300159
3720.015173 1.243657
3720.434493 1.272466
3720.853814 1.241494
3721.273134 1.231929
3721.692454 1.356043
3722.111775 1.467592
3722.531095 1.465610
3722.950415 1.391931
3723.369736 1.321835
3723.789056 1.313506
3724.208377 1.229711
3724.627697 1.234758
3725.047017 1.275432
3725.466338 1.301426
3725.885658 1.332969
3726.304978 1.337337
3726.724299 1.388181
3727.143619 1.377344
3727.562940 1.399867
3727.982260 1.355892
3728.401580 1.309613
3728.820901 1.348998
3729.240221 1.347317
3729.659541 1.344131
3730.078862 1.393366
3730.498182 1.458873
3730.917502 1.463622
3731.336823 1.457850
3731.756143 1.413859
3732.175464 1.448181
3732.594784 1.500746
3733.014104 1.487283
3733.433425 1.400957
3733.852745 1.389584
3734.272065 1.376350
3734.691386 1.341901
3735.110706 1.337476
3735.530027 1.351813
3735.949347 1.354868
3736.368667 1.358842
3736.787988 1.332912
3737.207308 1.346281
3737.626628 1.257882
3738.045949 1.183424
3738.465269 1.208619
3738.884589 1.219662
3739.303910 1.156655
3739.723230 1.146665
3740.142551 1.213978
3740.561871 1.161984
3740.981191 1.095790
3741.400512 1.135899
3741.819832 1.215767
3742.239152 1.321590
3742.658473 1.405357
3743.077793 1.436140
3743.497113 1.382848
3743.916434 1.326952
3744.335754 1.322666
3744.755075 1.246909
3745.174395 1.305166
3745.593715 1.313875
3746.013036 1.296133
3746.432356 1.247953
3746.851676 1.237619
3747.270997 1.222386
3747.690317 1.225621
3748.109638 1.301900
3748.528958 1.290179
3748.948278 1.340575
3749.367599 1.312219
3749.786919 1.330418
3750.206239 1.338841
3750.625560 1.290831
3751.044880 1.253568
3751.464200 1.213572
3751.883521 1.227669
3752.302841 1.158184
3752.722162 1.118370
3753.141482 1.006484
3753.560802 0.954183
3753.980123 1.163846
3754.399443 1.277150
3754.818763 1.417440
3755.238084 1.545718
3755.657404 1.474357
3756.076725 1.361425
3756.496045 1.298988
3756.915365 1.158005
3757.334686 1.185037
3757.754006 1.267024
3758.173326 1.274750
3758.592647 1.286157
3759.011967 1.291593
3759.431287 1.301175
3759.850608 1.257901
3760.269928 1.292116
3760.689249 1.320446
3761.108569 1.314329
3761.527889 1.306971
3761.947210 1.164261
3762.366530 1.172908
3762.785850 1.220451
3763.205171 1.291576
3763.624491 1.244416
3764.043812 1.279173
3764.463132 1.313366
3764.882452 1.310014
3765.301773 1.277639
3765.721093 1.267997
3766.140413 1.276530
3766.559734 1.264517
3766.979054 1.291468
3767.398374 1.290233
3767.817695 1.173365
3768.237015 1.116910
3768.656336 1.250261
3769.075656 1.217528
3769.494976 1.431799
3769.914297 1.478264
3770.333617 1.395319
3770.752937 1.327678
3771.172258 1.276191
3771.591578 1.214796
3772.010898 1.230453
3772.430219 1.244633
3772.849539 1.228751
3773.268860 1.208833
3773.688180 1.183602
3774.107500 1.199111
3774.526821 1.202750
3774.946141 1.245521
3775.365461 1.201583
3775.784782 1.175604
3776.204102 1.190115
3776.623423 1.212449
3777.042743 1.191105
3777.462063 1.195776
3777.881384 1.202974
3778.300704 1.193869
3778.720024 1.213145
3779.139345 1.220153
3779.558665 1.169844
3779.977985 1.209540
3780.397306 1.268471
3780.816626 1.231836
3781.235947 1.283933
3781.655267 1.295916
3782.074587 1.300563
3782.493908 1.273154
3782.913228 1.253222
3783.332548 1.255938
3783.751869 1.237825
3784.171189 1.275333
3784.590510 1.252516
3785.009830 1.313722
3785.429150 1.309018
3785.848471 1.307035
3786.267791 1.397264
3786.687111 1.445180
3787.106432 1.419209
3787.525752 1.408967
3787.945072 1.390291
3788.364393 1.346209
3788.783713 1.308026
3789.203034 1.305122
3789.622354 1.270269
3790.041674 1.301966
3790.460995 1.263014
3790.880315 1.276125
3791.299635 1.291977
3791.718956 1.281066
3792.138276 1.267562
3792.557597 1.230593
3792.976917 1.253192
3793.396237 1.258391
3793.815558 1.261727
3794.234878 1.257116
3794.654198 1.225366
3795.073519 1.250160
3795.492839 1.232052
3795.912159 1.254873
3796.331480 1.235201
3796.750800 1.220711
3797.170121 1.204921
3797.589441 1.222344
3798.008761 1.233526
3798.428082 1.202698
3798.847402 1.177915
3799.266722 1.222677
3799.686043 1.201900
3800.105363 1.236192
3800.524684 1.260513
3800.944004 1.245805
3801.363324 1.193097
3801.782645 1.177805
3802.201965 1.173895
3802.621285 1.126612
3803.040606 1.062329
3803.459926 1.125170
3803.879246 1.163339
3804.298567 1.172629
3804.717887 1.196938
3805.137208 1.212088
3805.556528 1.219692
3805.975848 1.173283
3806.395169 1.171365
3806.814489 1.178079
3807.233809 1.197924
3807.653130 1.209040
3808.072450 1.228558
3808.491770 1.231024
3808.911091 1.237258
3809.330411 1.232774
3809.749732 1.206613
3810.169052 1.218733
3810.588372 1.196995
3811.007693 1.240369
3811.427013 1.270993
3811.846333 1.314990
3812.265654 1.279782
3812.684974 1.258999
3813.104295 1.300877
3813.523615 1.336960
3813.942935 1.271295
3814.362256 1.243489
3814.781576 1.263840
3815.200896 1.244595
3815.620217 1.257015
3816.039537 1.313993
3816.458857 1.275944
3816.878178 1.245165
3817.297498 1.256541
3817.716819 1.276663
3818.136139 1.257084
3818.555459 1.227133
3818.974780 1.221715
3819.394100 1.255747
3819.813420 1.283863
3820.232741 1.255329
3820.652061 1.221041
3821.071382 1.151473
3821.490702 1.155848
3821.910022 1.170695
3822.329343 1.209061
3822.748663 1.203730
3823.167983 1.276592
3823.587304 1.266132
3824.006624 1.212238
3824.425944 1.185748
3824.845265 1.154737
3825.264585 1.163116
3825.683906 1.191706
3826.103226 1.225348
3826.522546 1.199828
3826.941867 1.197629
3827.361187 1.233886
3827.780507 1.279379
3828.199828 1.262356
3828.619148 1.232007
3829.038469 1.293409
3829.457789 1.292697
3829.877109 1.244533
3830.296430 1.235556
3830.715750 1.199311
3831.135070 1.204915
3831.554391 1.186247
3831.973711 1.157219
3832.393031 1.188980
3832.812352 1.212109
3833.231672 1.173408
3833.650993 1.162965
3834.070313 1.145598
3834.489633 1.141230
3834.908954 1.151032
3835.328274 1.153918
3835.747594 1.134324
3836.166915 1.139382
3836.586235 1.135332
3837.005555 1.127919
3837.424876 1.120929
3837.844196 1.168845
3838.263517 1.092675
3838.682837 1.112320
3839.102157 1.117773
3839.521478 1.082925
3839.940798 1.099810
3840.360118 1.093749
3840.779439 1.095075
3841.198759 1.092166
3841.618080 1.062067
3842.037400 1.075054
3842.456720 1.086598
3842.876041 1.071021
3843.295361 1.078345
3843.714681 1.139640
3844.134002 1.144206
3844.553322 1.137136
3844.972642 1.155045
3845.391963 1.151288
3845.811283 1.120334
3846.230604 1.113929
3846.649924 1.201691
3847.069244 1.219285
3847.488565 1.163265
3847.907885 1.188407
3848.327205 1.165540
3848.746526 1.183117
3849.165846 1.231096
3849.585167 1.245477
3850.004487 1.267328
3850.423807 1.233788
3850.843128 1.196161
3851.262448 1.199299
3851.681768 1.234822
3852.101089 1.263889
3852.520409 1.217310
3852.939729 1.196464
3853.359050 1.200351
3853.778370 1.235108
3854.197691 1.266210
3854.617011 1.241822
3855.036331 1.200594
3855.455652 1.203963
3855.874972 1.239020
3856.294292 1.221861
3856.713613 1.182623
3857.132933 1.163358
3857.552254 1.211442
3857.971574 1.229019
3858.390894 1.270887
3858.810215 1.286806
3859.229535 1.297776
3859.648855 1.284021
3860.068176 1.258959
3860.487496 1.254642
3860.906816 1.271442
3861.326137 1.288487
3861.745457 1.279497
3862.164778 1.267442
3862.584098 1.288345
3863.003418 1.279880
3863.422739 1.301955
3863.842059 1.303103
3864.261379 1.265784
3864.680700 1.246367
3865.100020 1.273254
3865.519340 1.315205
3865.938661 1.350950
3866.357981 1.366992
3866.777302 1.369226
3867.196622 1.318838
3867.615942 1.296325
3868.035263 1.316065
3868.454583 1.343082
3868.873903 1.348884
3869.293224 1.339360
3869.712544 1.347969
3870.131865 1.351608
3870.551185 1.396134
3870.970505 1.446199
3871.389826 1.482319
3871.809146 1.419263
3872.228466 1.393314
3872.647787 1.413530
3873.067107 1.474177
3873.486427 1.450824
3873.905748 1.391798
3874.325068 1.444561
3874.744389 1.442020
3875.163709 1.384795
3875.583029 1.362898
3876.002350 1.320028
3876.421670 1.313153
3876.840990 1.347411
3877.260311 1.310474
3877.679631 1.303611
3878.098952 1.328170
3878.518272 1.292497
3878.937592 1.264323
3879.356913 1.295037
3879.776233 1.325225
3880.195553 1.304083
3880.614874 1.273976
3881.034194 1.272175
3881.453514 1.277975
3881.872835 1.232993
3882.292155 1.233162
3882.711476 1.207519
3883.130796 1.208823
3883.550116 1.176807
3883.969437 1.237637
3884.388757 1.214850
3884.808077 1.214583
3885.227398 1.236939
3885.646718 1.185587
3886.066039 1.171835
3886.485359 1.231992
3886.904679 1.190324
3887.324000 1.183308
3887.743320 1.176873
3888.162640 1.181500
3888.581961 1.232375
3889.001281 1.298135
3889.420601 1.159204
3889.839922 1.224014
3890.259242 1.209646
3890.678563 1.168864
3891.097883 1.184607
3891.517203 1.205021
3891.936524 1.198653
3892.355844 1.188518
3892.775164 1.130187
3893.194485 1.112404
3893.613805 1.145743
3894.033126 1.207122
3894.452446 1.187282
3894.871766 1.230895
3895.291087 1.267252
3895.710407 1.230882
3896.129727 1.174474
3896.549048 1.164579
3896.968368 1.189114
3897.387688 1.127140
3897.807009 1.156360
3898.226329 1.201015
3898.645650 1.268723
3899.064970 1.257099
3899.484290 1.266508
3899.903611 1.227051
3900.322931 1.157774
3900.742251 1.195758
3901.161572 1.122793
3901.580892 1.197488
3902.000212 1.140238
3902.419533 1.146519
3902.838853 1.205977
3903.258174 1.241554
3903.677494 1.262348
3904.096814 1.227511
3904.516135 1.212132
3904.935455 1.247657
3905.354775 1.207303
3905.774096 1.187736
3906.193416 1.186896
3906.612737 1.178978
3907.032057 1.181004
3907.451377 1.252222
3907.870698 1.300909
3908.290018 1.275613
3908.709338 1.218814
3909.128659 1.154718
3909.547979 1.112768
3909.967299 1.185324
3910.386620 1.243018
3910.805940 1.294281
3911.225261 1.297074
3911.644581 1.251229
3912.063901 1.231610
3912.483222 1.196368
3912.902542 1.258639
3913.321862 1.253158
3913.741183 1.242419
3914.160503 1.238235
3914.579824 1.225962
3914.999144 1.252022
3915.418464 1.262291
3915.837785 1.311821
3916.257105 1.294992
3916.676425 1.246917
3917.095746 1.232744
3917.515066 1.227737
3917.934386 1.289539
3918.353707 1.313094
3918.773027 1.276291
3919.192348 1.282566
3919.611668 1.251313
3920.030988 1.279475
3920.450309 1.300614
3920.869629 1.291708
3921.288949 1.279048
3921.708270 1.289217
3922.127590 1.289926
3922.546911 1.270983
3922.966231 1.241502
3923.385551 1.235360
3923.804872 1.261244
3924.224192 1.267438
3924.643512 1.248663
3925.062833 1.233299
3925.482153 1.219224
3925.901473 1.235027
3926.320794 1.224294
3926.740114 1.220688
3927.159435 1.213761
3927.578755 1.193277
3927.998075 1.185921
3928.417396 1.167299
3928.836716 1.181288
3929.256036 1.198085
3929.675357 1.223104
3930.094677 1.220474
3930.513997 1.229946
3930.933318 1.180638
3931.352638 1.191902
3931.771959 1.163334
3932.191279 1.126450
3932.610599 1.127867
3933.029920 1.090878
3933.449240 1.114555
3933.868560 1.107731
3934.287881 1.127791
3934.707201 1.078682
3935.126522 1.087717
3935.545842 1.096676
3935.965162 1.059201
3936.384483 1.040624
3936.803803 1.073180
3937.223123 1.081049
3937.642444 1.083813
3938.061764 1.098821
3938.481084 1.106474
3938.900405 1.078789
3939.319725 1.087826
3939.739046 1.073179
3940.158366 1.045139
3940.577686 1.013171
3940.997007 1.062921
3941.416327 1.076248
3941.835647 1.056444
3942.254968 1.054515
3942.674288 1.107434
3943.093609 1.084653
3943.512929 1.085150
3943.932249 1.139239
3944.351570 1.081135
3944.770890 1.064729
3945.190210 1.023892
3945.609531 1.079418
3946.028851 1.105341
3946.448171 1.198212
3946.867492 1.220932
3947.286812 1.306470
3947.706133 1.359490
3948.125453 1.265928
3948.544773 1.261870
3948.964094 1.211891
3949.383414 1.143070
3949.802734 1.172432
3950.222055 1.191929
3950.641375 1.205667
3951.060696 1.211017
3951.480016 1.188135
3951.899336 1.204875
3952.318657 1.194659
3952.737977 1.182408
3953.157297 1.189061
3953.576618 1.192295
3953.995938 1.154102
3954.415258 1.146450
3954.834579 1.080945
3955.253899 1.186369
3955.673220 1.205606
3956.092540 1.232275
3956.511860 1.238071
3956.931181 1.229119
3957.350501 1.191657
3957.769821 1.163621
3958.189142 1.153665
3958.608462 1.156693
3959.027782 1.164999
3959.447103 1.175183
3959.866423 1.187246
3960.285744 1.162404
3960.705064 1.173251
3961.124384 1.099890
3961.543705 1.088488
3961.963025 1.143622
3962.382345 1.153848
3962.801666 1.258962
3963.220986 1.275693
3963.640307 1.245622
3964.059627 1.126032
3964.478947 1.167758
3964.898268 1.322930
3965.317588 1.199173
3965.736908 1.290355
3966.156229 1.160129
3966.575549 1.131361
3966.994869 1.099691
3967.414190 1.150160
3967.833510 1.155738
3968.252831 1.115163
3968.672151 1.113705
3969.091471 1.136672
3969.510792 1.140103
3969.930112 1.143222
3970.349432 1.171725
3970.768753 1.113249
3971.188073 1.004094
3971.607394 0.996043
3972.026714 0.991581
3972.446034 1.045636
3972.865355 1.038011
3973.284675 1.043734
3973.703995 1.022533
3974.123316 0.990796
3974.542636 0.977006
3974.961956 0.982788
3975.381277 0.994609
3975.800597 0.986528
3976.219918 0.970744
3976.639238 0.944510
3977.058558 0.951778
3977.477879 0.996419
3977.897199 1.014767
3978.316519 0.995837
3978.735840 1.003943
3979.155160 1.025116
3979.574481 0.995374
3979.993801 1.067407
3980.413121 1.076720
3980.832442 1.090914
3981.251762 1.054906
3981.671082 1.039463
3982.090403 1.074981
3982.509723 1.072988
3982.929043 1.097981
3983.348364 1.055420
3983.767684 1.045120
3984.187005 1.066099
3984.606325 1.150341
3985.025645 1.249406
3985.444966 1.199007
3985.864286 1.145641
3986.283606 1.104360
3986.702927 1.122369
3987.122247 1.173226
3987.541568 1.204402
3987.960888 1.231465
3988.380208 1.202746
3988.799529 1.176178
3989.218849 1.176954
3989.638169 1.133055
3990.057490 1.155654
3990.476810 1.163285
3990.896130 1.135091
3991.315451 1.154260
3991.734771 1.124903
3992.154092 1.098866
3992.573412 1.097205
3992.992732 1.124116
3993.412053 1.152920
3993.831373 1.202170
3994.250693 1.204853
3994.670014 1.187786
3995.089334 1.201879
3995.508654 1.204747
3995.927975 1.185661
3996.347295 1.201617
3996.766616 1.205498
3997.185936 1.214942
3997.605256 1.192638
3998.024577 1.197507
3998.443897 1.186417
3998.863217 1.197119
3999.282538 1.225705
3999.701858 1.274909
4000.121179 1.274026
4000.540499 1.231152
4000.959819 1.253608
4001.379140 1.152539
4001.798460 1.178522
4002.217780 1.159999
4002.637101 1.163760
4003.056421 1.133466
4003.475741 1.199474
4003.895062 1.205917
4004.314382 1.191815
4004.733703 1.181780
4005.153023 1.191543
4005.572343 1.166729
4005.991664 1.156989
4006.410984 1.140252
4006.830304 1.172748
4007.249625 1.169716
4007.668945 1.137397
4008.088266 1.184753
4008.507586 1.180359
4008.926906 1.195581
4009.346227 1.194995
4009.765547 1.191005
4010.184867 1.191410
4010.604188 1.145836
4011.023508 1.147897
4011.442828 1.115867
4011.862149 1.141439
4012.281469 1.189396
4012.700790 1.214145
4013.120110 1.218456
4013.539430 1.186420
4013.958751 1.207798
4014.378071 1.186601
4014.797391 1.235610
4015.216712 1.276127
4015.636032 1.318466
4016.055353 1.222684
4016.474673 1.220511
4016.893993 1.157029
4017.313314 1.128908
4017.732634 1.171061
4018.151954 1.186751
4018.571275 1.189510
4018.990595 1.161872
4019.409915 1.203347
4019.829236 1.160803
4020.248556 1.138594
4020.667877 1.136699
4021.087197 1.126365
4021.506517 1.117098
4021.925838 1.164935
4022.345158 1.225692
4022.764478 1.272303
4023.183799 1.262773
4023.603119 1.298662
4024.022439 1.309838
4024.441760 1.262303
4024.861080 1.218299
4025.280401 1.181398
4025.699721 1.170952
4026.119041 1.195730
4026.538362 1.226623
4026.957682 1.224279
4027.377002 1.212790
4027.796323 1.212661
4028.215643 1.221205
4028.634964 1.207225
4029.054284 1.192989
4029.473604 1.187151
4029.892925 1.176880
4030.312245 1.202726
4030.731565 1.211055
4031.150886 1.163993
4031.570206 1.180887
4031.989526 1.192857
4032.408847 1.194310
4032.828167 1.187108
4033.247488 1.158930
4033.666808 1.247574
4034.086128 1.243819
4034.505449 1.204460
4034.924769 1.131322
4035.344089 1.085896
4035.763410 1.067274
4036.182730 1.106205
4036.602051 1.178899
4037.021371 1.181028
4037.440691 1.174539
4037.860012 1.183938
4038.279332 1.141056
4038.698652 1.109041
4039.117973 1.104376
4039.537293 1.124105
4039.956613 1.148140
4040.375934 1.120601
4040.795254 1.146420
4041.214575 1.173619
4041.633895 1.185376
4042.053215 1.224070
4042.472536 1.212567
4042.891856 1.174827
4043.311176 1.163650
4043.730497 1.173142
4044.149817 1.225033
4044.569138 1.211998
4044.988458 1.199707
4045.407778 1.214681
4045.827099 1.343373
4046.246419 1.445893
4046.665739 1.449856
4047.085060 1.293595
4047.504380 1.194411
4047.923700 0.986667
4048.343021 1.117675
4048.762341 1.161126
4049.181662 1.220148
4049.600982 1.279240
4050.020302 1.200074
4050.439623 1.163821
4050.858943 1.091148
4051.278263 1.101869
4051.697584 1.080061
4052.116904 1.084660
4052.536224 1.140099
4052.955545 1.171268
4053.374865 1.141678
4053.794186 1.185260
4054.213506 1.175069
4054.632826 1.190498
4055.052147 1.171118
4055.471467 1.156303
4055.890787 1.090201
4056.310108 1.163302
4056.729428 1.160587
4057.148749 1.243953
4057.568069 1.228829
4057.987389 1.223574
4058.406710 1.193020
4058.826030 1.173437
4059.245350 1.170807
4059.664671 1.171275
4060.083991 1.157259
4060.503311 1.183323
4060.922632 1.171549
4061.341952 1.173072
4061.761273 1.141917
4062.180593 1.126233
4062.599913 1.118265
4063.019234 1.109001
4063.438554 1.175196
4063.857874 1.197057
4064.277195 1.203804
4064.696515 1.266387
4065.115836 1.234632
4065.535156 1.178028
4065.954476 1.192168
4066.373797 1.160213
4066.793117 1.133644
4067.212437 1.120934
4067.631758 1.139831
4068.051078 1.119182
4068.470398 1.129014
4068.889719 1.137411
4069.309039 1.141778
4069.728360 1.162847
4070.147680 1.169873
4070.567000 1.167231
4070.986321 1.195592
4071.405641 1.234300
4071.824961 1.313722
4072.244282 1.402341
4072.663602 1.253939
4073.082923 1.047362
4073.502243 1.076443
4073.921563 1.145049
4074.340884 1.177849
4074.760204 1.192310
4075.179524 1.191315
4075.598845 1.219624
4076.018165 1.183107
4076.437485 1.193709
4076.856806 1.214051
4077.276126 1.191133
4077.695447 1.158712
4078.114767 1.160601
4078.534087 1.181533
4078.953408 1.151764
4079.372728 1.226186
4079.792048 1.221142
4080.211369 1.194277
4080.630689 1.151519
4081.050010 1.179712
4081.469330 1.066741
4081.888650 1.092731
4082.307971 1.160982
4082.727291 1.175290
4083.146611 1.134057
4083.565932 1.171050
4083.985252 1.172355
4084.404572 1.170106
4084.823893 1.150036
4085.243213 1.093585
4085.662534 1.089379
4086.081854 1.055014
4086.501174 1.128902
4086.920495 1.112826
4087.339815 1.134484
4087.759135 1.082569
4088.178456 1.131791
4088.597776 1.244911
4089.017096 1.239588
4089.436417 1.274089
4089.855737 1.284434
4090.275058 1.192468
4090.694378 1.138463
4091.113698 1.075513
4091.533019 1.091271
4091.952339 1.110948
4092.371659 1.147827
4092.790980 1.157706
4093.210300 1.149259
4093.629621 1.162118
4094.048941 1.185142
4094.468261 1.191715
4094.887582 1.154297
4095.306902 1.178995
4095.726222 1.196111
4096.145543 1.164934
4096.564863 1.134886
4096.984183 1.160234
4097.403504 1.151350
4097.822824 1.117733
4098.242145 1.106711
4098.661465 1.069443
4099.080785 1.093350
4099.500106 1.143799
4099.919426 1.134321
4100.338746 1.179243
4100.758067 1.108154
4101.177387 1.058853
4101.596708 1.029780
4102.016028 0.960790
4102.435348 0.875996
4102.854669 0.897146
4103.273989 0.900995
4103.693309 1.047035
4104.112630 1.132422
4104.531950 1.147679
4104.951270 1.161554
4105.370591 1.256713
4105.789911 1.252448
4106.209232 1.259057
4106.628552 1.118792
4107.047872 1.043019
4107.467193 1.034722
4107.886513 1.012907
4108.305833 1.016458
4108.725154 1.033592
4109.144474 1.007929
4109.563795 1.018709
4109.983115 1.041856
4110.402435 1.025614
4110.821756 1.017763
4111.241076 1.026375
4111.660396 1.027392
4112.079717 1.043701
4112.499037 1.060383
4112.918357 1.092980
4113.337678 1.039114
4113.756998 1.069879
4114.176319 1.081502
4114.595639 1.100850
4115.014959 1.089827
4115.434280 1.101083
4115.853600 1.124900
4116.272920 1.091316
4116.692241 1.076607
4117.111561 1.106216
4117.530881 1.176451
4117.950202 1.155509
4118.369522 1.162615
4118.788843 1.156231
4119.208163 1.162628
4119.627483 1.155918
4120.046804 1.124093
4120.466124 1.091485
4120.885444 1.043910
4121.304765 0.979628
4121.724085 0.999351
4122.143406 1.023255
4122.562726 1.075625
4122.982046 1.199303
4123.401367 1.256396
4123.820687 1.227457
4124.240007 1.186398
4124.659328 1.131652
4125.078648 1.092632
4125.497968 1.098966
4125.917289 1.123232
4126.336609 1.097156
4126.755930 1.133149
4127.175250 1.141740
4127.594570 1.153943
4128.013891 1.143112
4128.433211 1.148476
4128.852531 1.156126
4129.271852 1.158858
4129.691172 1.164562
4130.110493 1.161175
4130.529813 1.159583
4130.949133 1.144797
4131.368454 1.168700
4131.787774 1.146796
4132.207094 1.160442
4132.626415 1.112699
4133.045735 1.130061
4133.465055 1.127850
4133.884376 1.147890
4134.303696 1.152752
4134.723017 1.143123
4135.142337 1.134566
4135.561657 1.125763
4135.980978 1.102457
4136.400298 1.092442
4136.819618 1.130070
4137.238939 1.116203
4137.658259 1.103721
4138.077580 1.127189
4138.496900 1.124570
4138.916220 1.124887
4139.335541 1.145761
4139.754861 1.155963
4140.174181 1.162842
4140.593502 1.146655
4141.012822 1.154102
4141.432142 1.154227
4141.851463 1.163170
4142.270783 1.145201
4142.690104 1.132737
4143.109424 1.170703
4143.528744 1.164256
4143.948065 1.197852
4144.367385 1.225188
4144.786705 1.180287
4145.206026 1.165826
4145.625346 1.140406
4146.044666 1.164708
4146.463987 1.137446
4146.883307 1.113628
4147.302628 1.102793
4147.721948 1.094061
4148.141268 1.111868
4148.560589 1.111925
4148.979909 1.128060
4149.399229 1.094526
4149.818550 1.097389
4150.237870 1.072449
4150.657191 1.028281
4151.076511 1.047934
4151.495831 1.051684
4151.915152 1.081816
4152.334472 1.063246
4152.753792 1.073406
4153.173113 1.090034
4153.592433 1.106713
4154.011753 1.075197
4154.431074 1.062848
4154.850394 1.064729
4155.269715 1.054083
4155.689035 1.083601
4156.108355 1.070020
4156.527676 1.060388
4156.946996 1.080251
4157.366316 1.054548
4157.785637 1.094191
4158.204957 1.092206
4158.624278 1.082871
4159.043598 1.059006
4159.462918 1.047894
4159.882239 1.040058
4160.301559 1.027150
4160.720879 1.042242
4161.140200 1.028921
4161.559520 1.019244
4161.978840 1.005513
4162.398161 1.003827
4162.817481 1.025537
4163.236802 1.039605
4163.656122 1.061349
4164.075442 1.041650
4164.494763 1.039208
4164.914083 1.052214
4165.333403 1.036340
4165.752724 1.043409
4166.172044 1.076284
4166.591365 1.064463
4167.010685 1.062810
4167.430005 1.088680
4167.849326 1.100097
4168.268646 1.084367
4168.687966 1.076644
4169.107287 1.023481
4169.526607 1.062672
4169.945927 1.058820
4170.365248 1.031028
4170.784568 1.046177
4171.203889 1.048798
4171.623209 1.047205
4172.042529 1.043768
4172.461850 1.085755
4172.881170 1.071930
4173.300490 1.068697
4173.719811 1.045695
4174.139131 1.045614
4174.558452 1.046715
4174.977772 1.052493
4175.397092 1.031306
4175.816413 1.046114
4176.235733 1.043711
4176.655053 1.014923
4177.074374 1.008119
4177.493694 1.010091
4177.913014 1.012637
4178.332335 1.054047
4178.751655 1.041925
4179.170976 1.046398
4179.590296 1.059333
4180.009616 1.041870
4180.428937 1.052781
4180.848257 1.040630
4181.267577 1.019219
4181.686898 1.033285
4182.106218 1.002111
4182.525538 1.044002
4182.944859 1.035670
4183.364179 1.060139
4183.783500 1.048327
4184.202820 1.017160
4184.622140 1.030082
4185.041461 1.039971
4185.460781 1.043572
4185.880101 1.030555
4186.299422 1.030370
4186.718742 1.034081
4187.138063 1.031258
4187.557383 1.014790
4187.976703 1.060571
4188.396024 1.090187
4188.815344 1.035107
4189.234664 1.067511
4189.653985 1.089265
4190.073305 1.108432
4190.492625 1.113250
4190.911946 1.086717
4191.331266 1.055972
4191.750587 1.028029
4192.169907 0.982687
4192.589227 1.016611
4193.008548 1.052058
4193.427868 1.077289
4193.847188 1.083605
4194.266509 1.071022
4194.685829 1.037655
4195.105150 1.065221
4195.524470 1.042641
4195.943790 1.035952
4196.363111 1.048702
4196.782431 1.050975
4197.201751 1.050818
4197.621072 1.032793
4198.040392 1.020797
4198.459712 1.079445
4198.879033 1.093427
4199.298353 1.040296
4199.717674 1.058567
4200.136994 1.045979
4200.556314 1.053538
4200.975635 1.029609
4201.394955 1.032601
4201.814275 1.005382
4202.233596 1.042748
4202.652916 1.062938
4203.072237 1.034007
4203.491557 1.022259
4203.910877 0.998725
4204.330198 1.005827
4204.749518 1.004910
4205.168838 1.028011
4205.588159 0.995766
4206.007479 0.981181
4206.426799 0.992043
4206.846120 0.979418
4207.265440 0.951138
4207.684761 0.995199
4208.104081 1.015483
4208.523401 1.035380
4208.942722 1.085325
4209.362042 1.069072
4209.781362 1.089511
4210.200683 1.005881
4210.620003 1.011681
4211.039323 1.060459
4211.458644 1.056749
4211.877964 1.035424
4212.297285 1.014142
4212.716605 1.038784
4213.135925 1.091807
4213.555246 1.094663
4213.974566 1.081919
4214.393886 1.071453
4214.813207 1.025469
4215.232527 0.990405
4215.651848 1.012311
4216.071168 1.052772
4216.490488 1.089454
4216.909809 1.077868
4217.329129 1.041203
4217.748449 1.035399
4218.167770 1.060021
4218.587090 1.064426
4219.006410 1.095785
4219.425731 1.073385
4219.845051 1.034259
4220.264372 1.044960
4220.683692 1.021229
4221.103012 1.007514
4221.522333 1.033231
4221.941653 1.036836
4222.360973 1.074514
4222.780294 1.103505
4223.199614 1.078337
4223.618935 1.077288
4224.038255 1.083006
4224.457575 1.095241
4224.876896 1.081022
4225.296216 1.088916
4225.715536 1.119693
4226.134857 1.114994
4226.554177 1.093897
4226.973497 1.083191
4227.392818 1.081729
4227.812138 1.083317
4228.231459 1.079112
4228.650779 1.068237
4229.070099 1.077693
4229.489420 1.061086
4229.908740 1.036278
4230.328060 1.041592
4230.747381 1.029396
4231.166701 0.986503
4231.586022 0.977590
4232.005342 1.017512
4232.424662 1.044048
4232.843983 1.099453
4233.263303 1.130582
4233.682623 1.079763
4234.101944 1.168192
4234.521264 1.083768
4234.940584 1.089936
4235.359905 1.076860
4235.779225 0.999054
4236.198546 1.036340
4236.617866 1.141648
4237.037186 1.073838
4237.456507 1.033503
4237.875827 1.089021
4238.295147 1.080772
4238.714468 1.032609
4239.133788 1.075839
4239.553108 1.106889
4239.972429 1.095073
4240.391749 1.056044
4240.811070 1.061576
4241.230390 1.115288
4241.649710 1.099395
4242.069031 1.061037
4242.488351 1.140678
4242.907671 1.145641
4243.326992 1.174843
4243.746312 1.124660
4244.165633 1.160586
4244.584953 1.093608
4245.004273 1.089395
4245.423594 1.051329
4245.842914 1.060710
4246.262234 1.079833
4246.681555 1.074497
4247.100875 1.068537
4247.520195 1.077978
4247.939516 1.106784
4248.358836 1.090537
4248.778157 1.076930
4249.197477 1.122019
4249.616797 1.129096
4250.036118 1.181383
4250.455438 1.142919
4250.874758 1.137873
4251.294079 1.081716
4251.713399 1.085292
4252.132720 1.108093
4252.552040 1.120540
4252.971360 1.079201
4253.390681 1.111045
4253.810001 1.058290
4254.229321 1.074408
4254.648642 1.065018
4255.067962 1.050946
4255.487282 1.052407
4255.906603 1.065401
4256.325923 1.092090
4256.745244 1.073474
4257.164564 1.060989
4257.583884 1.076954
4258.003205 1.099265
4258.422525 1.103882
4258.841845 1.087035
4259.261166 1.086149
4259.680486 1.067492
4260.099807 1.094032
4260.519127 1.102836
4260.938447 1.104962
4261.357768 1.095883
4261.777088 1.082758
4262.196408 1.057701
4262.615729 1.064554
4263.035049 1.066248
4263.454369 1.065394
4263.873690 1.069655
4264.293010 1.136403
4264.712331 1.095138
4265.131651 1.054249
4265.550971 1.101258
4265.970292 1.226861
4266.389612 1.150257
4266.808932 1.220323
4267.228253 1.206716
4267.647573 1.206162
4268.066894 0.998868
4268.486214 1.211106
4268.905534 1.259002
4269.324855 1.178506
4269.744175 1.178895
4270.163495 1.068109
4270.582816 1.030363
4271.002136 0.979937
4271.421456 1.033861
4271.840777 1.078983
4272.260097 1.088746
4272.679418 1.120355
4273.098738 1.132918
4273.518058 1.144136
4273.937379 1.183149
4274.356699 1.142355
4274.776019 1.087485
4275.195340 1.061720
4275.614660 1.062739
4276.033980 1.057677
4276.453301 1.100902
4276.872621 1.118446
4277.291942 1.096711
4277.711262 1.121969
4278.130582 1.095975
4278.549903 1.097512
4278.969223 1.103527
4279.388543 1.150146
4279.807864 1.169193
4280.227184 1.149953
4280.646505 1.142761
4281.065825 1.129316
4281.485145 1.115351
4281.904466 1.100851
4282.323786 1.112399
4282.743106 1.151960
4283.162427 1.156037
4283.581747 1.124218
4284.001067 1.084818
4284.420388 1.119923
4284.839708 1.083102
4285.259029 1.120823
4285.678349 1.146103
4286.097669 1.138144
4286.516990 1.149774
4286.936310 1.149223
4287.355630 1.099090
4287.774951 1.070767
4288.194271 1.127373
4288.613592 1.135602
4289.032912 1.159618
4289.452232 1.136130
4289.871553 1.112758
4290.290873 1.124892
4290.710193 1.119722
4291.129514 1.127381
4291.548834 1.136632
4291.968154 1.116818
4292.387475 1.077913
4292.806795 1.007234
4293.226116 0.938243
4293.645436 0.935527
4294.064756 1.009081
4294.484077 0.950461
4294.903397 0.838619
4295.322717 1.112764
4295.742038 1.129625
4296.161358 1.179690
4296.580679 1.230426
4296.999999 1.217171
4297.419319 1.149636
4297.838640 1.204280
4298.257960 1.129367
4298.677280 1.079228
4299.096601 1.080532
4299.515921 1.092466
4299.935241 1.113449
4300.354562 1.118005
4300.773882 1.101041
4301.193203 1.097630
4301.612523 1.078888
4302.031843 1.049754
4302.451164 1.075723
4302.870484 1.044976
4303.289804 1.114302
4303.709125 1.129841
4304.128445 1.156189
4304.547765 1.119621
4304.967086 1.109440
4305.386406 1.107045
4305.805727 1.113772
4306.225047 1.085054
4306.644367 1.027689
4307.063688 1.069167
4307.483008 1.083548
4307.902328 1.107272
4308.321649 1.037133
4308.740969 1.030655
4309.160290 1.016310
4309.579610 1.009284
4309.998930 0.976519
4310.418251 1.015116
4310.837571 1.100867
4311.256891 1.263709
4311.676212 1.241384
4312.095532 1.206855
4312.514852 1.202372
4312.934173 1.166013
4313.353493 1.116095
4313.772814 1.075751
4314.192134 1.101706
4314.611454 1.062046
4315.030775 1.071350
4315.450095 1.092872
4315.869415 1.062018
4316.288736 1.074567
4316.708056 1.083867
4317.127377 1.076271
4317.546697 1.077556
4317.966017 1.073774
4318.385338 1.112144
4318.804658 1.117048
4319.223978 1.120248
4319.643299 1.160978
4320.062619 1.169463
4320.481939 1.163050
4320.901260 1.183982
4321.320580 1.133567
4321.739901 1.114409
4322.159221 1.142268
4322.578541 1.124039
4322.997862 1.085659
4323.417182 1.171607
4323.836502 1.159364
4324.255823 1.175545
4324.675143 1.148149
4325.094464 1.169399
4325.513784 1.180055
4325.933104 1.206373
4326.352425 1.159189
4326.771745 1.140704
4327.191065 1.168879
4327.610386 1.274303
4328.029706 1.381220
4328.449026 1.488865
4328.868347 1.447044
4329.287667 1.310276
4329.706988 1.153298
4330.126308 1.128943
4330.545628 1.045735
4330.964949 1.088637
4331.384269 1.206750
4331.803589 1.168670
4332.222910 1.156450
4332.642230 1.162838
4333.061550 1.181167
4333.480871 1.166017
4333.900191 1.172444
4334.319512 1.179143
4334.738832 1.147364
4335.158152 1.152931
4335.577473 1.171735
4335.996793 1.178628
4336.416113 1.147635
4336.835434 1.161103
4337.254754 1.120475
4337.674075 1.121459
4338.093395 1.145277
4338.512715 1.130819
4338.932036 1.132671
4339.351356 1.168051
4339.770676 1.127773
4340.189997 1.144520
4340.609317 1.150935
4341.028637 1.156208
4341.447958 1.162466
4341.867278 1.191529
4342.286599 1.210718
4342.705919 1.221744
4343.125239 1.241769
4343.544560 1.161493
4343.963880 1.131112
4344.383200 1.063230
4344.802521 1.063657
4345.221841 1.092771
4345.641162 1.129517
4346.060482 1.127805
4346.479802 1.117520
4346.899123 1.119941
4347.318443 1.113932
4347.737763 1.233991
4348.157084 1.355574
4348.576404 1.344779
4348.995724 1.191217
4349.415045 1.062264
4349.834365 1.100542
4350.253686 1.022531
4350.673006 1.020446
4351.092326 1.071574
4351.511647 1.120344
4351.930967 1.121867
4352.350287 1.080184
4352.769608 1.077940
4353.188928 1.097523
4353.608249 1.121115
4354.027569 1.156843
4354.446889 1.186820
4354.866210 1.169054
4355.285530 1.117874
4355.704850 1.113879
4356.124171 1.121488
4356.543491 1.114560
4356.962811 1.178779
4357.382132 1.187456
4357.801452 1.182495
4358.220773 1.179062
4358.640093 1.144461
4359.059413 1.179360
4359.478734 1.190127
4359.898054 1.157430
4360.317374 1.177837
4360.736695 1.175167
4361.156015 1.131334
4361.575336 1.148623
4361.994656 1.177145
4362.413976 1.177672
4362.833297 1.173917
4363.252617 1.228924
4363.671937 1.233860
4364.091258 1.225237
4364.510578 1.226382
4364.929898 1.243592
4365.349219 1.245630
4365.768539 1.240360
4366.187860 1.246151
4366.607180 1.226389
4367.026500 1.197706
4367.445821 1.189336
4367.865141 1.208488
4368.284461 1.224927
4368.703782 1.231816
4369.123102 1.206442
4369.542422 1.219506
4369.961743 1.229795
4370.381063 1.287961
4370.800384 1.316965
4371.219704 1.329084
4371.639024 1.258946
4372.058345 1.254974
4372.477665 1.269564
4372.896985 1.188349
4373.316306 1.183687
4373.735626 1.203043
4374.154947 1.152859
4374.574267 1.185195
4374.993587 1.166175
4375.412908 1.153501
4375.832228 1.152195
4376.251548 1.152198
4376.670869 1.156563
4377.090189 1.187429
4377.509509 1.190051
4377.928830 1.155936
4378.348150 1.153737
4378.767471 1.122324
4379.186791 1.114034
4379.606111 1.136455
4380.025432 1.155339
4380.444752 1.169276
4380.864072 1.140245
4381.283393 1.129105
4381.702713 1.139229
4382.122034 1.153372
4382.541354 1.157727
4382.960674 1.153724
4383.379995 1.154456
4383.799315 1.168194
4384.218635 1.156999
4384.637956 1.133257
4385.057276 1.146008
4385.476596 1.134612
4385.895917 1.119479
4386.315237 1.061300
4386.734558 1.050249
4387.153878 1.055452
4387.573198 1.095775
4387.992519 1.102882
4388.411839 1.090767
4388.831159 1.059453
4389.250480 1.086468
4389.669800 1.101825
4390.089121 1.118163
4390.508441 1.114747
4390.927761 1.106241
4391.347082 1.052582
4391.766402 1.048888
4392.185722 1.080063
4392.605043 1.094097
4393.024363 1.070760
4393.443683 1.074135
4393.863004 1.077532
4394.282324 1.057671
4394.701645 1.062226
4395.120965 1.089840
4395.540285 1.127281
4395.959606 1.137327
4396.378926 1.125234
4396.798246 1.118128
4397.217567 1.081456
4397.636887 1.086836
4398.056207 1.109265
4398.475528 1.087529
4398.894848 1.068548
4399.314169 1.074876
4399.733489 1.072961
4400.152809 1.086403
4400.572130 1.104253
4400.991450 1.079233
4401.410770 1.045901
4401.830091 1.069336
4402.249411 1.064391
4402.668732 1.061317
4403.088052 1.082458
4403.507372 1.106373
4403.926693 1.144682
4404.346013 1.139770
4404.765333 1.112483
4405.184654 1.118422
4405.603974 1.104951
4406.023294 1.058009
4406.442615 1.066428
4406.861935 1.055840
4407.281256 1.083894
4407.700576 1.142244
4408.119896 1.148274
4408.539217 1.077811
4408.958537 1.061814
4409.377857 1.101526
4409.797178 1.063009
4410.216498 1.023018
4410.635819 1.043670
4411.055139 1.065870
4411.474459 1.121697
4411.893780 1.085400
4412.313100 1.160075
4412.732420 1.171963
4413.151741 1.159317
4413.571061 1.161764
4413.990381 1.137728
4414.409702 1.126653
4414.829022 1.117486
4415.248343 1.078423
4415.667663 1.127613
4416.086983 1.128589
4416.506304 1.083168
4416.925624 1.040577
4417.344944 1.091979
4417.764265 1.108443
4418.183585 1.126940
4418.602906 1.072965
4419.022226 1.092810
4419.441546 1.068035
4419.860867 1.064246
4420.280187 1.052305
4420.699507 1.077069
4421.118828 1.121644
4421.538148 1.154980
4421.957468 1.160463
4422.376789 1.098484
4422.796109 1.109818
4423.215430 1.097478
4423.634750 1.112576
4424.054070 1.115988
4424.473391 1.192791
4424.892711 1.198622
4425.312031 1.125599
4425.731352 1.096187
4426.150672 1.020478
4426.569992 1.041174
4426.989313 1.033085
4427.408633 0.965895
4427.827954 1.084710
4428.247274 1.146978
4428.666594 1.065961
4429.085915 1.028160
4429.505235 1.037767
4429.924555 1.062097
4430.343876 1.110880
4430.763196 1.100750
4431.182517 1.069247
4431.601837 1.071116
4432.021157 1.080415
4432.440478 1.103464
4432.859798 1.059699
4433.279118 1.038348
4433.698439 1.077358
4434.117759 1.016907
4434.537079 0.993050
4434.956400 1.050137
4435.375720 1.017026
4435.795041 1.076352
4436.214361 1.073366
4436.633681 1.021326
4437.053002 0.964427
4437.472322 0.960098
4437.891642 1.076001
4438.310963 1.084066
4438.730283 1.108555
4439.149604 1.079862
4439.568924 1.087324
4439.988244 1.059220
4440.407565 1.078279
4440.826885 1.111769
4441.246205 1.136787
4441.665526 1.104119
4442.084846 1.043310
4442.504166 1.020371
4442.923487 1.035937
4443.342807 1.062139
4443.762128 1.064506
4444.181448 1.068597
4444.600768 1.063098
4445.020089 1.004993
4445.439409 0.981891
4445.858729 0.981273
4446.278050 1.003689
4446.697370 1.030248
4447.116691 1.034678
4447.536011 1.071105
4447.955331 1.030219
4448.374652 1.022813
4448.793972 1.023635
4449.213292 1.033194
4449.632613 1.070892
4450.051933 1.061935
4450.471253 1.103099
4450.890574 1.071405
4451.309894 1.075765
4451.729215 1.074880
4452.148535 1.083903
4452.567855 1.090373
4452.987176 1.092515
4453.406496 1.099128
4453.825816 1.081691
4454.245137 1.052550
4454.664457 1.054225
4455.083778 1.036588
4455.503098 1.053458
4455.922418 1.054282
4456.341739 1.055146
4456.761059 1.025564
4457.180379 1.023756
4457.599700 1.047573
4458.019020 1.075662
4458.438340 1.057602
4458.857661 1.028773
4459.276981 1.034243
4459.696302 1.071204
4460.115622 1.060576
4460.534942 1.059477
4460.954263 1.004530
4461.373583 1.052250
4461.792903 1.054960
4462.212224 1.076902
4462.631544 1.047437
4463.050864 1.028555
4463.470185 1.041796
4463.889505 1.014292
4464.308826 1.027012
4464.728146 1.020506
4465.147466 1.045851
4465.566787 1.062567
4465.986107 1.058461
4466.405427 1.044450
4466.824748 1.040845
4467.244068 1.056487
4467.663389 1.067950
4468.082709 1.087503
4468.502029 1.067202
4468.921350 1.054214
4469.340670 1.025153
4469.759990 1.042295
4470.179311 1.029425
4470.598631 1.040604
4471.017951 1.049616
4471.437272 1.055295
4471.856592 1.067239
4472.275913 1.061201
4472.695233 1.065116
4473.114553 1.031038
4473.533874 1.011387
4473.953194 1.037419
4474.372514 1.035243
4474.791835 1.061426
4475.211155 1.027114
4475.630476 1.032323
4476.049796 1.028671
4476.469116 1.090718
4476.888437 1.108046
4477.307757 1.080873
4477.727077 1.118491
4478.146398 1.121175
4478.565718 1.196694
4478.985038 1.240830
4479.404359 1.212897
4479.823679 1.248713
4480.243000 1.237992
4480.662320 1.263984
4481.081640 1.335802
4481.500961 1.193172
4481.920281 1.245641
4482.339601 1.343740
4482.758922 1.349500
4483.178242 1.173601
4483.597563 1.160768
4484.016883 1.158163
4484.436203 1.113803
4484.855524 1.168929
4485.274844 1.134791
4485.694164 1.106566
4486.113485 1.092695
4486.532805 1.123917
4486.952125 1.106753
4487.371446 1.150553
4487.790766 1.143850
4488.210087 1.053211
4488.629407 0.968222
4489.048727 1.088412
4489.468048 1.048963
4489.887368 1.145542
4490.306688 1.167002
4490.726009 1.136102
4491.145329 1.110610
4491.564649 1.104642
4491.983970 1.133130
4492.403290 1.095886
4492.822611 1.115560
4493.241931 1.095649
4493.661251 1.095514
4494.080572 1.025546
4494.499892 1.063677
4494.919212 0.994406
4495.338533 1.083214
4495.757853 1.131325
4496.177174 1.199661
4496.596494 1.235333
4497.015814 1.218608
4497.435135 1.212541
4497.854455 1.144866
4498.273775 1.084970
4498.693096 1.105344
4499.112416 1.082569
4499.531736 1.102713
4499.951057 1.096112
4500.370377 1.101259
4500.789698 1.096882
4501.209018 1.091671
4501.628338 1.091407
4502.047659 1.090727
4502.466979 1.098701
4502.886299 1.049381
4503.305620 1.035018
4503.724940 1.046018
4504.144261 1.073392
4504.563581 1.097578
4504.982901 1.117493
4505.402222 1.126428
4505.821542 1.129347
4506.240862 1.137341
4506.660183 1.119132
4507.079503 1.097853
4507.498823 1.096455
4507.918144 1.127395
4508.337464 1.125186
4508.756785 1.115244
4509.176105 1.150606
4509.595425 1.144439
4510.014746 1.124901
4510.434066 1.117225
4510.853386 1.103965
4511.272707 1.079563
4511.692027 1.116894
4512.111348 1.128778
4512.530668 1.187069
4512.949988 0.950978
4513.369309 0.949688
4513.788629 0.957768
4514.207949 1.140989
4514.627270 1.249015
4515.046590 1.238783
4515.465910 1.271255
4515.885231 1.356251
4516.304551 1.228512
4516.723872 1.174495
4517.143192 1.191609
4517.562512 1.124475
4517.981833 1.143975
4518.401153 1.125753
4518.820473 1.279048
4519.239794 1.251496
4519.659114 1.242481
4520.078434 1.216997
4520.497755 1.206494
4520.917075 1.208691
4521.336396 1.205007
4521.755716 1.150050
4522.175036 1.113701
4522.594357 1.105389
4523.013677 1.113801
4523.432997 1.135511
4523.852318 1.133444
4524.271638 1.132903
4524.690959 1.115246
4525.110279 1.104460
4525.529599 1.072799
4525.948920 1.124462
4526.368240 1.036851
4526.787560 1.051378
4527.206881 1.095550
4527.626201 1.093785
4528.045521 1.131057
4528.464842 1.159842
4528.884162 1.113983
4529.303483 1.075070
4529.722803 1.116070
4530.142123 1.124977
4530.561444 1.101626
4530.980764 1.078419
4531.400084 1.094221
4531.819405 1.088678
4532.238725 1.068034
4532.658046 1.051444
4533.077366 1.103066
4533.496686 1.082132
4533.916007 1.042092
4534.335327 1.013545
4534.754647 1.002783
4535.173968 1.072502
4535.593288 1.117296
4536.012608 1.088725
4536.431929 1.154154
4536.851249 1.103892
4537.270570 1.096388
4537.689890 1.078325
4538.109210 1.059001
4538.528531 1.033887
4538.947851 1.051452
4539.367171 1.061916
4539.786492 1.079473
4540.205812 1.064420
4540.625133 1.069833
4541.044453 1.083126
4541.463773 1.126491
4541.883094 1.173194
4542.302414 1.344194
4542.721734 1.499023
4543.141055 1.561654
4543.560375 1.560879
4543.979695 1.373881
4544.399016 1.163442
4544.818336 1.328243
4545.237657 1.245985
4545.656977 1.183743
4546.076297 1.166869
4546.495618 1.149813
4546.914938 1.122708
4547.334258 1.142189
4547.753579 1.141376
4548.172899 1.071775
4548.592220 1.088543
4549.011540 1.149966
4549.430860 1.132358
4549.850181 1.088903
4550.269501 1.052069
4550.688821 1.071985
4551.108142 1.137561
4551.527462 1.171671
4551.946782 1.165031
4552.366103 1.144283
4552.785423 1.116981
4553.204744 1.001687
4553.624064 0.990943
4554.043384 1.060447
4554.462705 1.041403
4554.882025 1.060312
4555.301345 1.118309
4555.720666 1.131799
4556.139986 1.117926
4556.559306 1.101748
4556.978627 1.111594
4557.397947 1.056772
4557.817268 1.082784
4558.236588 1.087283
4558.655908 1.165740
4559.075229 1.167900
4559.494549 1.284573
4559.913869 1.299430
4560.333190 1.345466
4560.752510 0.918636
4561.171831 1.072018
4561.591151 0.989329
4562.010471 1.040739
4562.429792 1.143948
4562.849112 1.240125
4563.268432 1.228690
4563.687753 1.230579
4564.107073 1.253727
4564.526393 1.146398
4564.945714 1.121442
4565.365034 1.104629
4565.784355 1.153020
4566.203675 1.120286
4566.622995 1.105837
4567.042316 1.080248
4567.461636 1.080153
4567.880956 1.074852
4568.300277 1.102898
4568.719597 1.135786
4569.138918 1.163529
4569.558238 1.081844
4569.977558 1.065506
4570.396879 1.059740
4570.816199 1.068731
4571.235519 1.096740
4571.654840 1.078064
4572.074160 1.113743
4572.493480 1.172982
4572.912801 1.193039
4573.332121 1.180556
4573.751442 1.157514
4574.170762 1.180777
4574.590082 1.137368
4575.009403 1.187453
4575.428723 1.144337
4575.848043 1.131959
4576.267364 1.134192
4576.686684 1.119857
4577.106005 1.062921
4577.525325 1.006780
4577.944645 1.046636
4578.363966 1.026410
4578.783286 1.023055
4579.202606 0.958245
4579.621927 1.047354
4580.041247 1.037412
4580.460567 1.023395
4580.879888 1.010463
4581.299208 1.220952
4581.718529 1.291252
4582.137849 1.345334
4582.557169 1.394856
4582.976490 1.320663
4583.395810 1.165868
4583.815130 1.071598
4584.234451 1.051822
4584.653771 1.064721
4585.073091 1.033865
4585.492412 1.058534
4585.911732 1.055422
4586.331053 1.049580
4586.750373 1.039647
4587.169693 1.030587
4587.589014 1.041181
4588.008334 1.052359
4588.427654 1.048919
4588.846975 1.080339
4589.266295 1.047208
4589.685616 1.065576
4590.104936 1.083369
4590.524256 1.087397
4590.943577 1.090217
4591.362897 1.080988
4591.782217 1.112167
4592.201538 1.045392
4592.620858 1.039690
4593.040178 1.066396
4593.459499 1.094677
4593.878819 1.076265
4594.298140 1.062889
4594.717460 1.019556
4595.136780 1.012844
4595.556101 0.974458
4595.975421 0.939626
4596.394741 1.048772
4596.814062 1.089905
4597.233382 1.113191
4597.652703 1.079528
4598.072023 1.090141
4598.491343 1.111077
4598.910664 1.121550
4599.329984 1.127072
4599.749304 1.159814
4600.168625 1.179149
4600.587945 1.160819
4601.007265 1.094199
4601.426586 1.032068
4601.845906 0.992451
4602.265227 1.004153
4602.684547 1.099425
4603.103867 1.197741
4603.523188 1.244026
4603.942508 1.278951
4604.361828 1.213952
4604.781149 1.134067
4605.200469 1.093431
4605.619790 1.115058
4606.039110 1.121037
4606.458430 1.080270
4606.877751 1.043641
4607.297071 1.056560
4607.716391 1.042927
4608.135712 1.047821
4608.555032 1.041027
4608.974352 1.041698
4609.393673 1.028307
4609.812993 1.016749
4610.232314 0.980946
4610.651634 0.955021
4611.070954 0.952625
4611.490275 0.945259
4611.909595 1.008630
4612.328915 1.054421
4612.748236 1.047583
4613.167556 1.064796
4613.586876 1.030681
4614.006197 1.000754
4614.425517 0.960414
4614.844838 0.956979
4615.264158 0.976214
4615.683478 0.954443
4616.102799 0.992333
4616.522119 1.025298
4616.941439 1.014087
4617.360760 1.011763
4617.780080 1.024439
4618.199401 1.045234
4618.618721 1.042741
4619.038041 1.065583
4619.457362 1.076938
4619.876682 1.084288
4620.296002 1.114155
4620.715323 1.098022
4621.134643 1.147052
4621.553963 1.181165
4621.973284 1.146709
4622.392604 1.179578
4622.811925 1.131431
4623.231245 1.100763
4623.650565 1.112024
4624.069886 1.110590
4624.489206 1.075798
4624.908526 1.044292
4625.327847 1.055248
4625.747167 1.097575
4626.166488 1.120739
4626.585808 1.090219
4627.005128 1.127423
4627.424449 1.067244
4627.843769 1.128055
4628.263089 1.109779
4628.682410 1.081481
4629.101730 1.063526
4629.521050 1.067350
4629.940371 1.040014
4630.359691 1.063421
4630.779012 1.055170
4631.198332 1.045380
4631.617652 1.016570
4632.036973 1.066542
4632.456293 1.092956
4632.875613 1.095577
4633.294934 1.109010
4633.714254 1.114481
4634.133575 1.102952
4634.552895 1.046117
4634.972215 1.020373
4635.391536 1.054703
4635.810856 1.066460
4636.230176 1.064843
4636.649497 1.037487
4637.068817 1.036055
4637.488137 1.073426
4637.907458 1.058165
4638.326778 1.059762
4638.746099 1.070142
4639.165419 1.053896
4639.584739 1.063619
4640.004060 1.078922
4640.423380 1.059915
4640.842700 1.033175
4641.262021 1.027147
4641.681341 1.029880
4642.100662 1.028695
4642.519982 1.047311
4642.939302 1.034824
4643.358623 0.993860
4643.777943 1.028192
4644.197263 1.031792
4644.616584 1.030397
4645.035904 1.028707
4645.455224 0.974162
4645.874545 0.999234
4646.293865 1.012917
4646.713186 1.008205
4647.132506 1.016378
4647.551826 1.059936
4647.971147 1.033484
4648.390467 1.068192
4648.809787 1.087728
4649.229108 1.053546
4649.648428 0.983843
4650.067748 0.973037
4650.487069 0.968460
4650.906389 0.946254
4651.325710 0.940522
4651.745030 0.982843
4652.164350 0.975616
4652.583671 0.974621
4653.002991 0.993773
4653.422311 1.036994
4653.841632 1.075883
4654.260952 1.142305
4654.680273 1.074790
4655.099593 1.009586
4655.518913 1.007111
4655.938234 0.974318
4656.357554 0.998419
4656.776874 1.033554
4657.196195 1.038824
4657.615515 1.019646
4658.034835 1.024007
4658.454156 1.036185
4658.873476 1.033379
4659.292797 1.019018
4659.712117 1.025964
4660.131437 1.049640
4660.550758 1.048788
4660.970078 1.030004
4661.389398 1.034116
4661.808719 1.028085
4662.228039 1.056092
4662.647360 1.024154
4663.066680 1.009080
4663.486000 1.013592
4663.905321 1.003593
4664.324641 1.005801
4664.743961 1.038806
4665.163282 1.039151
4665.582602 1.047162
4666.001922 1.052181
4666.421243 1.030304
4666.840563 1.022703
4667.259884 1.017748
4667.679204 1.010403
4668.098524 1.012932
4668.517845 0.993227
4668.937165 1.002996
4669.356485 0.985941
4669.775806 1.002809
4670.195126 1.003803
4670.614447 1.001721
4671.033767 0.975134
4671.453087 0.954564
4671.872408 0.996958
4672.291728 1.014081
4672.711048 1.014150
4673.130369 1.016193
4673.549689 0.996721
4673.969009 0.997452
4674.388330 0.971454
4674.807650 1.004582
4675.226971 1.007720
4675.646291 0.999291
4676.065611 0.999717
4676.484932 0.992522
4676.904252 0.990541
4677.323572 0.994304
4677.742893 1.002900
4678.162213 0.982703
4678.581533 0.994682
4679.000854 0.999995
4679.420174 0.972548
4679.839495 0.978294
4680.258815 1.001926
4680.678135 1.005591
4681.097456 1.041334
4681.516776 1.055826
4681.936096 1.054507
4682.355417 1.070578
4682.774737 1.050379
4683.194058 1.046315
4683.613378 1.024699
4684.032698 1.027606
4684.452019 1.027023
4684.871339 1.050235
4685.290659 1.089504
4685.709980 1.077571
4686.129300 1.092537
4686.548620 1.082380
4686.967941 1.053778
4687.387261 1.047100
4687.806582 0.992844
4688.225902 0.971897
4688.645222 0.987562
4689.064543 1.012979
4689.483863 1.009881
4689.903183 1.008931
4690.322504 1.035227
4690.741824 1.034290
4691.161145 1.059379
4691.580465 1.041891
4691.999785 1.037608
4692.419106 1.045506
4692.838426 1.066902
4693.257746 1.048452
4693.677067 1.067031
4694.096387 1.045783
4694.515707 1.029271
4694.935028 1.046433
4695.354348 0.978659
4695.773669 0.997931
4696.192989 1.001999
4696.612309 1.008907
4697.031630 1.028939
4697.450950 1.011750
4697.870270 1.008846
4698.289591 0.988939
4698.708911 1.007403
4699.128232 0.995830
4699.547552 0.981351
4699.966872 0.982407
4700.386193 0.994862
4700.805513 0.971287
4701.224833 0.976894
4701.644154 0.978743
4702.063474 0.983582
4702.482794 0.974156
4702.902115 0.965269
4703.321435 0.963159
4703.740756 0.957212
4704.160076 0.963883
4704.579396 0.954138
4704.998717 0.962871
4705.418037 0.958511
4705.837357 0.979845
4706.256678 0.993910
4706.675998 0.996758
4707.095318 0.995912
4707.514639 0.986427
4707.933959 0.949316
4708.353280 0.960741
4708.772600 0.961945
4709.191920 0.988420
4709.611241 0.995726
4710.030561 1.021476
4710.449881 1.016608
4710.869202 1.000696
4711.288522 1.018031
4711.707843 0.985740
4712.127163 0.971762
4712.546483 0.975979
4712.965804 0.997577
4713.385124 1.048992
4713.804444 1.027706
4714.223765 1.017468
4714.643085 1.044451
4715.062405 1.041334
4715.481726 1.038902
4715.901046 1.035043
4716.320367 1.022278
4716.739687 1.017633
4717.159007 1.036450
4717.578328 1.060920
4717.997648 1.047497
4718.416968 1.056797
4718.836289 1.061944
4719.255609 1.075519
4719.674930 1.075070
4720.094250 1.067860
4720.513570 1.051272
4720.932891 1.030271
4721.352211 1.028555
4721.771531 1.033371
4722.190852 1.043538
4722.610172 1.031601
4723.029492 1.031523
4723.448813 1.042036
4723.868133 1.036301
4724.287454 1.012211
4724.706774 1.027438
4725.126094 1.032990
4725.545415 1.026518
4725.964735 1.015961
4726.384055 1.009947
4726.803376 0.996074
4727.222696 0.976661
4727.642017 0.994548
4728.061337 1.029264
4728.480657 1.036520
4728.899978 1.026375
4729.319298 1.014713
4729.738618 0.991937
4730.157939 1.014829
4730.577259 1.037526
4730.996579 1.023821
4731.415900 1.002021
4731.835220 0.976521
4732.254541 1.019698
4732.673861 1.015014
4733.093181 1.009549
4733.512502 1.007862
4733.931822 1.007940
4734.351142 0.973552
4734.770463 0.959167
4735.189783 0.962229
4735.609104 0.980901
4736.028424 0.999573
4736.447744 1.005047
4736.867065 1.010492
4737.286385 1.019821
4737.705705 1.022265
4738.125026 0.989948
4738.544346 0.946232
4738.963666 0.952153
4739.382987 0.975634
4739.802307 0.986670
4740.221628 0.978238
4740.640948 0.978442
4741.060268 0.982236
4741.479589 0.981776
4741.898909 0.991994
4742.318229 0.987281
4742.737550 0.986702
4743.156870 0.963809
4743.576190 0.949785
4743.995511 0.954991
4744.414831 0.970705
4744.834152 0.986419
4745.253472 0.987917
4745.672792 1.015961
4746.092113 1.031706
4746.511433 1.037956
4746.930753 1.020418
4747.350074 1.037390
4747.769394 1.028150
4748.188715 1.015227
4748.608035 1.015190
4749.027355 1.027491
4749.446676 1.044305
4749.865996 1.015111
4750.285316 0.983302
4750.704637 0.991841
4751.123957 1.003630
4751.543277 1.043736
4751.962598 1.032988
4752.381918 1.022909
4752.801239 1.037914
4753.220559 1.063178
4753.639879 1.028387
4754.059200 1.023635
4754.478520 1.052846
4754.897840 1.046485
4755.317161 1.027703
4755.736481 1.021276
4756.155802 0.964585
4756.575122 0.945882
4756.994442 0.905062
4757.413763 1.096938
4757.833083 1.108313
4758.252403 1.187756
4758.671724 1.084501
4759.091044 1.116498
4759.510364 1.020530
4759.929685 0.957338
4760.349005 0.712548
4760.768326 0.978190
4761.187646 1.115009
4761.606966 1.291822
4762.026287 1.209605
4762.445607 1.168302
4762.864927 0.970624
4763.284248 1.053063
4763.703568 1.035533
4764.122889 0.890967
4764.542209 1.071417
4764.961529 1.116002
4765.380850 1.056546
4765.800170 1.065819
4766.219490 1.100548
4766.638811 1.413465
4767.058131 1.399998
4767.477451 1.178114
4767.896772 1.004196
4768.316092 0.958517
4768.735413 0.830586
4769.154733 0.921406
4769.574053 0.982432
4769.993374 1.152192
4770.412694 1.097918
4770.832014 1.081569
4771.251335 0.990032
4771.670655 0.943762
4772.089975 0.928371
4772.509296 0.937061
4772.928616 1.015981
4773.347937 1.051413
4773.767257 1.074957
4774.186577 1.050245
4774.605898 1.078012
4775.025218 1.168750
4775.444538 1.206120
4775.863859 1.198694
4776.283179 1.269605
4776.702500 1.282445
4777.121820 1.160504
4777.541140 1.001825
4777.960461 0.956337
4778.379781 0.980200
4778.799101 1.075164
4779.218422 1.101426
4779.637742 1.144045
4780.057062 1.180328
4780.476383 1.138672
4780.895703 1.144654
4781.315024 1.161238
4781.734344 1.114903
4782.153664 1.110851
4782.572985 1.103238
4782.992305 1.079790
4783.411625 1.116088
4783.830946 1.151315
4784.250266 1.153271
4784.669587 1.147761
4785.088907 1.124244
4785.508227 1.086395
4785.927548 1.076635
4786.346868 1.095696
4786.766188 1.095890
4787.185509 1.109918
4787.604829 1.113912
4788.024149 1.090722
4788.443470 1.101247
4788.862790 1.095610
4789.282111 1.129675
4789.701431 1.163693
4790.120751 1.119746
4790.540072 1.097792
4790.959392 1.015452
4791.378712 1.062016
4791.798033 0.964789
4792.217353 0.947893
4792.636674 0.978250
4793.055994 0.995613
4793.475314 1.153284
4793.894635 1.189409
4794.313955 1.103448
4794.733275 1.088261
4795.152596 1.537382
4795.571916 1.918911
4795.991236 1.818909
4796.410557 1.740691
4796.829877 1.375882
4797.249198 1.355933
4797.668518 1.237610
4798.087838 1.196805
4798.507159 1.183409
4798.926479 1.177538
4799.345799 1.189886
4799.765120 1.180058
4800.184440 1.184832
4800.603760 1.165222
4801.023081 1.104623
4801.442401 1.137061
4801.861722 1.176586
4802.281042 1.196193
4802.700362 1.239394
4803.119683 1.210547
4803.539003 1.241188
4803.958323 1.223370
4804.377644 1.202537
4804.796964 1.207265
4805.216285 1.227023
4805.635605 1.278761
4806.054925 1.274639
4806.474246 1.307787
4806.893566 1.217223
4807.312886 1.273310
4807.732207 1.272330
4808.151527 1.334565
4808.570847 1.212387
4808.990168 1.169897
4809.409488 1.163493
4809.828809 1.209526
4810.248129 1.187787
4810.667449 1.212940
4811.086770 1.201401
4811.506090 1.178397
4811.925410 1.161591
4812.344731 1.145989
4812.764051 1.154246
4813.183372 1.144751
4813.602692 1.181172
4814.022012 1.171019
4814.441333 1.194111
4814.860653 1.230287
4815.279973 1.290853
4815.699294 1.379520
4816.118614 1.381380
4816.537934 1.383887
4816.957255 1.220200
4817.376575 1.053555
4817.795896 1.097502
4818.215216 1.223420
4818.634536 1.170549
4819.053857 1.208782
4819.473177 1.287028
4819.892497 1.344453
4820.311818 1.243887
4820.731138 1.180873
4821.150459 1.173005
4821.569779 1.170838
4821.989099 1.199017
4822.408420 1.274874
4822.827740 1.321287
4823.247060 1.314286
4823.666381 1.261532
4824.085701 1.209060
4824.505021 1.239841
4824.924342 1.585700
4825.343662 1.668153
4825.762983 1.645097
4826.182303 1.512114
4826.601623 1.245918
4827.020944 1.366609
4827.440264 1.096891
4827.859584 0.736913
4828.278905 0.677699
4828.698225 0.963518
4829.117546 1.002543
4829.536866 1.271150
4829.956186 1.352292
4830.375507 1.334760
4830.794827 1.298724
4831.214147 1.251646
4831.633468 1.267956
4832.052788 1.250910
4832.472108 1.287792
4832.891429 1.279557
4833.310749 1.228351
4833.730070 1.192321
4834.149390 1.153314
4834.568710 1.189860
4834.988031 1.259575
4835.407351 1.371380
4835.826671 1.361942
4836.245992 1.251805
4836.665312 1.349916
4837.084632 1.221267
4837.503953 1.217174
4837.923273 1.231377
4838.342594 1.188194
4838.761914 1.262672
4839.181234 1.200643
4839.600555 1.311684
4840.019875 1.247072
4840.439195 1.245692
4840.858516 1.112597
4841.277836 1.181747
4841.697157 1.128423
4842.116477 1.210145
4842.535797 1.216391
4842.955118 1.243332
4843.374438 1.196838
4843.793758 1.111355
4844.213079 1.086103
4844.632399 1.145297
4845.051719 1.300866
4845.471040 1.415842
4845.890360 1.495549
4846.309681 1.573870
4846.729001 1.620960
4847.148321 1.537829
4847.567642 1.449973
4847.986962 1.394922
4848.406282 1.599512
4848.825603 1.478760
4849.244923 1.440330
4849.664244 1.444615
4850.083564 1.373192
4850.502884 1.431779
4850.922205 1.424430
4851.341525 1.355827
4851.760845 1.277918
4852.180166 1.291232
4852.599486 1.328111
4853.018806 1.360307
4853.438127 1.345605
4853.857447 1.294969
4854.276768 1.355682
4854.696088 1.302103
4855.115408 1.246814
4855.534729 1.209263
4855.954049 1.253475
4856.373369 1.320365
4856.792690 1.247960
4857.212010 1.205937
4857.631331 1.248433
4858.050651 1.152704
4858.469971 0.940989
4858.889292 0.529073
4859.308612 1.079276
4859.727932 1.340561
4860.147253 1.523784
4860.566573 1.418765
4860.985893 1.583768
4861.405214 1.536441
4861.824534 1.380483
4862.243855 1.298436
4862.663175 1.276209
4863.082495 1.261843
4863.501816 1.253302
4863.921136 1.293095
4864.340456 1.330887
4864.759777 1.323379
4865.179097 1.275299
4865.598417 1.223224
4866.017738 1.233711
4866.437058 1.275055
4866.856379 1.342718
4867.275699 1.356973
4867.695019 1.384162
4868.114340 1.507978
4868.533660 1.595798
4868.952980 1.684457
4869.372301 1.451304
4869.791621 1.425860
4870.210942 1.299111
4870.630262 1.252434
4871.049582 1.225735
4871.468903 1.211302
4871.888223 1.264113
4872.307543 1.257524
4872.726864 1.238708
4873.146184 1.223442
4873.565504 1.237089
4873.984825 1.279603
4874.404145 1.273877
4874.823466 1.261429
4875.242786 1.294850
4875.662106 1.321931
4876.081427 1.304500
4876.500747 1.299539
4876.920067 1.277934
4877.339388 1.259697
4877.758708 1.286786
4878.178029 1.285037
4878.597349 1.290883
4879.016669 1.276981
4879.435990 1.247132
4879.855310 1.267569
4880.274630 1.265490
4880.693951 1.227560
4881.113271 1.244885
4881.532591 1.226184
4881.951912 1.254856
4882.371232 1.291844
4882.790553 1.290933
4883.209873 1.325030
4883.629193 1.379554
4884.048514 1.413840
4884.467834 1.464780
4884.887154 1.481995
4885.306475 1.495854
4885.725795 1.333549
4886.145116 1.271196
4886.564436 1.248862
4886.983756 1.215737
4887.403077 1.273024
4887.822397 1.341286
4888.241717 1.366998
4888.661038 1.350313
4889.080358 1.315785
4889.499678 1.203743
4889.918999 1.208381
4890.338319 1.207497
4890.757640 1.194096
4891.176960 1.240137
4891.596280 1.330185
4892.015601 1.161610
4892.434921 1.342051
4892.854241 1.399083
4893.273562 1.408858
4893.692882 1.463074
4894.112202 1.430012
4894.531523 1.381432
4894.950843 1.367423
4895.370164 1.340622
4895.789484 1.271001
4896.208804 1.312029
4896.628125 1.379234
4897.047445 1.428197
4897.466765 1.403543
4897.886086 1.381485
4898.305406 1.354556
4898.724727 1.355518
4899.144047 1.350595
4899.563367 1.349339
4899.982688 1.325035
4900.402008 1.367802
4900.821328 1.375824
4901.240649 1.405591
4901.659969 1.365168
4902.079289 1.346919
4902.498610 1.328670
4902.917930 1.330848
4903.337251 1.301356
4903.756571 1.273313
4904.175891 1.331013
4904.595212 1.353519
4905.014532 1.367771
4905.433852 1.379088
4905.853173 1.331981
4906.272493 1.290551
4906.691814 1.309365
4907.111134 1.308168
4907.530454 1.306522
4907.949775 1.289420
4908.369095 1.264309
4908.788415 1.252335
4909.207736 1.266342
4909.627056 1.307073
4910.046376 1.292734
4910.465697 1.245277
4910.885017 1.258804
4911.304338 1.208133
4911.723658 1.195329
4912.142978 1.227691
4912.562299 1.324928
4912.981619 1.355433
4913.400939 1.361252
4913.820260 1.350895
4914.239580 1.292616
4914.658901 1.264216
4915.078221 1.242241
4915.497541 1.275675
4915.916862 1.229876
4916.336182 1.198588
4916.755502 1.170090
4917.174823 1.152891
4917.594143 1.121866
4918.013463 1.157646
4918.432784 1.186577
4918.852104 1.202641
4919.271425 1.223079
4919.690745 1.336555
4920.110065 1.209852
4920.529386 1.273703
4920.948706 1.214792
4921.368026 1.275283
4921.787347 1.254703
4922.206667 1.221984
4922.625988 1.241241
4923.045308 1.201312
4923.464628 1.201197
4923.883949 1.183933
4924.303269 1.192820
4924.722589 1.201810
4925.141910 1.187667
4925.561230 1.184348
4925.980550 1.148704
4926.399871 1.128963
4926.819191 1.087041
4927.238512 1.126632
4927.657832 1.137389
4928.077152 1.149248
4928.496473 1.124349
4928.915793 1.144670
4929.335113 1.109064
4929.754434 1.122604
4930.173754 1.111831
4930.593074 1.080378
4931.012395 1.038750
4931.431715 1.044462
4931.851036 1.035770
4932.270356 1.036825
4932.689676 1.062086
4933.108997 1.087526
4933.528317 1.052576
4933.947637 1.050159
4934.366958 1.092017
4934.786278 1.102421
4935.205599 1.112137
4935.624919 1.124457
4936.044239 1.104085
4936.463560 1.060237
4936.882880 1.071072
4937.302200 1.102015
4937.721521 1.103899
4938.140841 1.123578
4938.560161 1.063574
4938.979482 1.083141
4939.398802 1.091094
4939.818123 1.165659
4940.237443 1.138769
4940.656763 1.118129
4941.076084 1.066826
4941.495404 1.019644
4941.914724 0.993319
4942.334045 1.035383
4942.753365 1.015732
4943.172686 1.059409
4943.592006 1.037670
4944.011326 1.091465
4944.430647 1.148360
4944.849967 1.163748
4945.269287 1.128649
4945.688608 1.180486
4946.107928 1.162763
4946.527248 1.125493
4946.946569 1.072827
4947.365889 1.043124
4947.785210 1.018147
4948.204530 1.069681
4948.623850 1.080899
4949.043171 1.167196
4949.462491 1.232382
4949.881811 1.161639
4950.301132 1.196173
4950.720452 1.167499
4951.139773 1.078307
4951.559093 1.067623
4951.978413 1.162900
4952.397734 1.193166
4952.817054 1.147823
4953.236374 1.103242
4953.655695 1.096763
4954.075015 1.125608
4954.494335 1.208435
4954.913656 1.218888
4955.332976 1.186201
4955.752297 1.193371
4956.171617 1.170847
4956.590937 1.080734
4957.010258 0.987465
4957.429578 1.033561
4957.848898 1.131039
4958.268219 1.299647
4958.687539 1.328422
4959.106859 1.418799
4959.526180 1.385896
4959.945500 1.264479
4960.364821 1.113531
4960.784141 1.168641
4961.203461 1.150078
4961.622782 1.331686
4962.042102 1.369323
4962.461422 1.352633
4962.880743 1.383042
4963.300063 1.362433
4963.719384 1.350128
4964.138704 1.357057
4964.558024 1.356060
4964.977345 1.332229
4965.396665 1.325408
4965.815985 1.273667
4966.235306 1.177544
4966.654626 1.226693
4967.073946 1.119928
4967.493267 1.093091
4967.912587 1.135253
4968.331908 1.144531
4968.751228 1.178139
4969.170548 1.272894
4969.589869 1.335509
4970.009189 1.254450
4970.428509 1.136226
4970.847830 1.072217
4971.267150 0.984542
4971.686471 1.185901
4972.105791 1.072066
4972.525111 1.104923
4972.944432 1.132847
4973.363752 1.116946
4973.783072 1.136540
4974.202393 1.103607
4974.621713 1.093720
4975.041033 1.075479
4975.460354 1.063746
4975.879674 1.089475
4976.298995 1.134384
4976.718315 1.135587
4977.137635 1.084732
4977.556956 1.070149
4977.976276 1.084942
4978.395596 1.070984
4978.814917 1.017194
4979.234237 1.123038
4979.653558 1.157145
4980.072878 1.081836
4980.492198 1.027099
4980.911519 0.977207
4981.330839 1.006516
4981.750159 1.065065
4982.169480 1.142518
4982.588800 1.141055
4983.008120 1.155383
4983.427441 1.121143
4983.846761 1.077517
4984.266082 1.142537
4984.685402 1.082396
4985.104722 1.059912
4985.524043 1.072226
4985.943363 1.061307
4986.362683 1.050697
4986.782004 0.989105
4987.201324 0.986777
4987.620644 0.989830
4988.039965 0.982314
4988.459285 0.969859
4988.878606 0.983025
4989.297926 1.016116
4989.717246 1.007766
4990.136567 1.029946
4990.555887 1.037615
4990.975207 1.019974
4991.394528 1.059927
4991.813848 1.039937
4992.233169 1.020376
4992.652489 1.039454
4993.071809 1.025987
4993.491130 1.030554
4993.910450 1.064350
4994.329770 1.076264
4994.749091 1.036360
4995.168411 1.058027
4995.587731 1.069500
4996.007052 1.098491
4996.426372 1.068514
4996.845693 1.080498
4997.265013 1.068293
4997.684333 1.059939
4998.103654 1.037578
4998.522974 1.011250
4998.942294 1.033641
4999.361615 1.040735
4999.780935 1.062162
5000.200256 1.082544
5000.619576 1.088415
5001.038896 1.109968
5001.458217 1.116319
5001.877537 1.125454
5002.296857 1.114732
5002.716178 1.136119
5003.135498 1.163857
5003.554818 1.124870
5003.974139 1.149001
5004.393459 1.057679
5004.812780 1.355471
5005.232100 1.401652
5005.651420 1.268392
5006.070741 1.311670
5006.490061 1.333340
5006.909381 1.411741
5007.328702 1.359114
5007.748022 1.349404
5008.167343 1.386867
5008.586663 1.456700
5009.005983 1.573263
5009.425304 1.699345
5009.844624 1.755762
5010.263944 1.749779
5010.683265 1.765205
5011.102585 1.838973
5011.521905 1.871032
5011.941226 1.884856
5012.360546 1.924474
5012.779867 1.806359
5013.199187 1.734533
5013.618507 1.639046
5014.037828 1.665752
5014.457148 1.595765
5014.876468 1.533672
5015.295789 1.492509
5015.715109 1.488206
5016.134430 1.383220
5016.553750 1.353303
5016.973070 1.294333
5017.392391 1.220056
5017.811711 1.101599
5018.231031 1.094599
5018.650352 1.177406
5019.069672 1.214254
5019.488992 1.183665
5019.908313 1.170765
5020.327633 1.172328
5020.746954 1.132113
5021.166274 1.103669
5021.585594 1.088974
5022.004915 1.006041
5022.424235 0.962780
5022.843555 0.959026
5023.262876 1.011447
5023.682196 1.041629
5024.101516 1.030511
5024.520837 1.031733
5024.940157 0.995166
5025.359478 0.991062
5025.778798 0.985957
5026.198118 0.973796
5026.617439 0.951590
5027.036759 0.973711
5027.456079 0.952157
5027.875400 0.959683
5028.294720 0.928999
5028.714041 0.962973
5029.133361 0.942308
5029.552681 0.947514
5029.972002 0.954908
5030.391322 0.965301
5030.810642 0.971481
5031.229963 0.965902
5031.649283 0.978984
5032.068603 1.007863
5032.487924 0.959021
5032.907244 0.994406
5033.326565 0.952470
5033.745885 0.962446
5034.165205 0.954972
5034.584526 0.916785
5035.003846 0.933086
5035.423166 0.874209
5035.842487 0.951419
5036.261807 1.002738
5036.681128 0.979696
5037.100448 0.948757
5037.519768 1.007670
5037.939089 1.044293
5038.358409 1.042543
5038.777729 1.067825
5039.197050 1.040021
5039.616370 1.012080
5040.035690 1.021358
5040.455011 1.029021
5040.874331 1.036510
5041.293652 1.028905
5041.712972 1.027375
5042.132292 0.998610
5042.551613 0.989733
5042.970933 0.995759
5043.390253 1.024157
5043.809574 1.004992
5044.228894 0.966216
5044.648215 0.979620
5045.067535 0.969181
5045.486855 0.948046
5045.906176 0.953126
5046.325496 1.219128
5046.744816 1.328135
5047.164137 1.147488
5047.583457 1.150622
5048.002777 0.960004
5048.422098 0.944880
5048.841418 1.160862
5049.260739 1.002977
5049.680059 1.123487
5050.099379 1.120197
5050.518700 1.000497
5050.938020 1.053632
5051.357340 0.998540
5051.776661 0.971172
5052.195981 0.969141
5052.615301 0.974561
5053.034622 0.990592
5053.453942 1.065297
5053.873263 1.085508
5054.292583 1.069423
5054.711903 1.062257
5055.131224 1.031204
5055.550544 1.025770
5055.969864 1.036244
5056.389185 1.031338
5056.808505 0.990913
5057.227826 0.842306
5057.647146 0.834656
5058.066466 0.870317
5058.485787 0.886039
5058.905107 0.886797
5059.324427 1.001941
5059.743748 1.126806
5060.163068 1.066926
5060.582388 0.935156
5061.001709 0.970019
5061.421029 1.014416
5061.840350 1.069278
5062.259670 1.085348
5062.678990 1.087447
5063.098311 1.063946
5063.517631 1.056159
5063.936951 1.006015
5064.356272 1.003517
5064.775592 1.010608
5065.194913 1.007889
5065.614233 1.052850
5066.033553 1.043047
5066.452874 1.062958
5066.872194 1.067598
5067.291514 1.010027
5067.710835 0.879014
5068.130155 0.698829
5068.549475 0.896119
5068.968796 1.088695
5069.388116 1.125005
5069.807437 1.161996
5070.226757 1.551508
5070.646077 1.452318
5071.065398 1.289433
5071.484718 0.992158
5071.904038 0.970162
5072.323359 0.921277
5072.742679 0.960926
5073.162000 1.035974
5073.581320 1.053183
5074.000640 1.053479
5074.419961 1.025204
5074.839281 1.010525
5075.258601 0.987956
5075.677922 0.978060
5076.097242 0.959592
5076.516562 0.999606
5076.935883 1.061156
5077.355203 1.051365
5077.774524 1.094101
5078.193844 1.078066
5078.613164 1.077863
5079.032485 1.054394
5079.451805 1.027103
5079.871125 1.010185
5080.290446 0.994798
5080.709766 1.056684
5081.129086 0.992133
5081.548407 0.957990
5081.967727 0.904655
5082.387048 0.915260
5082.806368 1.027478
5083.225688 0.934916
5083.645009 1.006046
5084.064329 0.817480
5084.483649 1.172769
5084.902970 1.312769
5085.322290 1.497556
5085.741611 1.545027
5086.160931 1.803175
5086.580251 1.673777
5086.999572 1.679124
5087.418892 1.419854
5087.838212 1.308247
5088.257533 1.356248
5088.676853 1.171107
5089.096173 1.044723
5089.515494 1.013256
5089.934814 1.227822
5090.354135 1.387661
5090.773455 1.310228
5091.192775 1.309692
5091.612096 1.488714
5092.031416 1.262881
5092.450736 0.950702
5092.870057 1.095158
5093.289377 1.021718
5093.708698 1.268483
5094.128018 1.094726
5094.547338 1.086908
5094.966659 0.940987
5095.385979 1.119187
5095.805299 1.098386
5096.224620 1.093639
5096.643940 0.944202
5097.063260 1.013718
5097.482581 0.992094
5097.901901 1.073758
5098.321222 1.020358
5098.740542 1.125003
5099.159862 1.108536
5099.579183 1.215095
5099.998503 1.078003
5100.417823 1.065679
5100.837144 1.020560
5101.256464 1.050359
5101.675785 1.052271
5102.095105 1.048420
5102.514425 1.066103
5102.933746 1.119033
5103.353066 1.065965
5103.772386 1.068334
5104.191707 1.048545
5104.611027 1.000269
5105.030347 0.964585
5105.449668 0.926137
5105.868988 0.971865
5106.288309 1.020002
5106.707629 0.982994
5107.126949 1.013437
5107.546270 0.952094
5107.965590 0.960827
5108.384910 0.983447
5108.804231 1.005449
5109.223551 1.037613
5109.642872 1.051022
5110.062192 1.050456
5110.481512 0.988057
5110.900833 0.976054
5111.320153 0.966730
5111.739473 0.972128
5112.158794 1.111009
5112.578114 1.152256
5112.997434 1.081493
5113.416755 0.935435
5113.836075 0.903393
5114.255396 0.927930
5114.674716 0.987325
5115.094036 1.004959
5115.513357 1.120805
5115.932677 1.128120
5116.351997 1.078772
5116.771318 1.062026
5117.190638 1.068726
5117.609958 1.337572
5118.029279 1.571927
5118.448599 1.838550
5118.867920 2.212493
5119.287240 2.360581
5119.706560 2.044054
5120.125881 1.590150
5120.545201 1.370455
5120.964521 0.739893
5121.383842 0.310632
5121.803162 0.273714
5122.222483 0.453790
5122.641803 0.922566
5123.061123 1.288121
5123.480444 1.135202
5123.899764 1.093974
5124.319084 1.063111
5124.738405 1.232197
5125.157725 1.416512
5125.577045 1.421307
5125.996366 1.239927
5126.415686 1.272868
5126.835007 1.187006
5127.254327 0.940460
5127.673647 0.713365
5128.092968 0.817471
5128.512288 0.662154
5128.931608 0.916111
5129.350929 0.995382
5129.770249 0.968410
5130.189570 1.020642
5130.608890 0.967677
5131.028210 0.997594
5131.447531 0.977088
5131.866851 0.985602
5132.286171 0.999659
5132.705492 0.999124
5133.124812 0.959411
5133.544132 1.002366
5133.963453 1.001716
5134.382773 0.998282
5134.802094 0.999244
5135.221414 0.948878
5135.640734 0.981056
5136.060055 1.051700
5136.479375 0.898969
5136.898695 0.849404
5137.318016 0.836880
5137.737336 0.888608
5138.156657 0.950122
5138.575977 1.009205
5138.995297 0.973018
5139.414618 1.016362
5139.833938 1.037043
5140.253258 1.038134
5140.672579 0.978105
5141.091899 0.984955
5141.511219 1.032852
5141.930540 1.033585
5142.349860 1.239271
5142.769181 1.259343
5143.188501 1.141192
5143.607821 1.065353
5144.027142 1.044186
5144.446462 1.041692
5144.865782 1.123170
5145.285103 1.034177
5145.704423 0.967379
5146.123743 1.083311
5146.543064 1.010815
5146.962384 0.897581
5147.381705 0.885070
5147.801025 0.866307
5148.220345 0.957996
5148.639666 0.938880
5149.058986 1.019573
5149.478306 0.993189
5149.897627 0.987198
5150.316947 1.034128
5150.736268 1.054722
5151.155588 0.962748
5151.574908 1.053741
5151.994229 1.048257
5152.413549 1.097396
5152.832869 1.125361
5153.252190 1.149773
5153.671510 1.096350
5154.090830 0.981554
5154.510151 0.782440
5154.929471 0.646003
5155.348792 0.693514
5155.768112 0.720182
5156.187432 0.356705
5156.606753 0.637498
5157.026073 0.804562
5157.445393 1.114266
5157.864714 1.166139
5158.284034 1.086447
5158.703355 1.195420
5159.122675 1.098209
5159.541995 0.963165
5159.961316 0.906079
5160.380636 0.937748
5160.799956 1.025020
5161.219277 1.047794
5161.638597 1.118074
5162.057917 1.171569
5162.477238 1.168907
5162.896558 1.101366
5163.315879 1.052217
5163.735199 1.076822
5164.154519 1.006959
5164.573840 0.963505
5164.993160 0.983178
5165.412480 1.158086
5165.831801 1.141652
5166.251121 1.037204
5166.670442 1.027520
5167.089762 1.107523
5167.509082 1.117909
5167.928403 1.233807
5168.347723 1.280106
5168.767043 1.207112
5169.186364 1.038640
5169.605684 1.035016
5170.025004 1.065908
5170.444325 0.954433
5170.863645 0.977390
5171.282966 0.986127
5171.702286 0.999520
5172.121606 1.000509
5172.540927 1.006481
5172.960247 1.017115
5173.379567 0.994254
5173.798888 0.973053
5174.218208 1.016877
5174.637528 0.959329
5175.056849 0.948923
5175.476169 1.361859
5175.895490 1.124982
5176.314810 1.165817
5176.734130 0.888434
5177.153451 1.125666
5177.572771 1.221055
5177.992091 0.945362
5178.411412 0.806311
5178.830732 0.925307
5179.250053 0.869117
5179.669373 0.956121
5180.088693 1.148608
5180.508014 1.097411
5180.927334 0.953300
5181.346654 0.971731
5181.765975 0.951092
5182.185295 1.020013
5182.604615 0.982931
5183.023936 0.998733
5183.443256 0.943308
5183.862577 0.990874
5184.281897 0.921572
5184.701217 0.911482
5185.120538 0.939248
5185.539858 0.959473
5185.959178 1.038771
5186.378499 1.033537
5186.797819 0.991165
5187.217140 1.022627
5187.636460 0.978015
5188.055780 1.022778
5188.475101 0.996263
5188.894421 0.970510
5189.313741 0.991060
5189.733062 0.953534
5190.152382 1.033447
5190.571702 1.162386
5190.991023 1.268209
5191.410343 1.043467
5191.829664 1.218360
5192.248984 1.319724
5192.668304 1.186251
5193.087625 1.082092
5193.506945 1.181040
5193.926265 1.185590
5194.345586 1.473361
5194.764906 1.240552
5195.184227 0.981500
5195.603547 0.809632
5196.022867 0.796371
5196.442188 1.069575
5196.861508 1.013071
5197.280828 1.009404
5197.700149 0.991009
5198.119469 0.985648
5198.538789 1.072182
5198.958110 1.280297
5199.377430 1.231598
5199.796751 0.970746
5200.216071 1.035323
5200.635391 0.911664
5201.054712 0.834049
5201.474032 1.099211
5201.893352 1.271791
5202.312673 1.022568
5202.731993 1.231268
5203.151314 1.174160
5203.570634 1.382711
5203.989954 1.361597
5204.409275 1.221958
5204.828595 1.330875
5205.247915 1.296013
5205.667236 1.282103
5206.086556 1.143833
5206.505876 1.163566
5206.925197 1.117352
5207.344517 1.191010
5207.763838 1.123903
5208.183158 0.929750
5208.602478 1.252875
5209.021799 1.219068
5209.441119 1.364294
5209.860439 1.156659
5210.279760 0.920988
5210.699080 0.929666
5211.118400 0.879288
5211.537721 0.974903
5211.957041 0.929974
5212.376362 1.191868
5212.795682 1.190031
5213.215002 1.363638
5213.634323 1.364073
5214.053643 1.119259
5214.472963 0.865623
5214.892284 0.936270
5215.311604 0.815293
5215.730925 0.703203
5216.150245 0.782387
5216.569565 0.860153
5216.988886 0.952486
5217.408206 0.956628
5217.827526 1.146548
5218.246847 1.032161
5218.666167 0.760658
5219.085487 0.813402
5219.504808 0.807376
5219.924128 0.934312
5220.343449 1.285172
5220.762769 1.409735
5221.182089 0.936175
5221.601410 1.179219
5222.020730 1.729287
5222.440050 1.381262
5222.859371 1.077302
5223.278691 1.200895
5223.698012 1.372632
5224.117332 1.303813
5224.536652 1.175268
5224.955973 1.200777
5225.375293 1.175127
5225.794613 1.131733
5226.213934 1.048832
5226.633254 0.860146
5227.052574 0.875596
5227.471895 0.726673
5227.891215 0.822959
5228.310536 0.945782
5228.729856 0.842951
5229.149176 0.991442
5229.568497 1.106705
5229.987817 1.049835
5230.407137 1.207081
5230.826458 1.315266
5231.245778 1.526981
5231.665099 1.462324
5232.084419 1.513512
5232.503739 1.352311
5232.923060 1.251754
5233.342380 1.189991
5233.761700 1.094255
5234.181021 1.050791
5234.600341 1.099931
5235.019661 1.148633
5235.438982 1.079763
5235.858302 1.097715
5236.277623 1.133997
5236.696943 1.145645
5237.116263 1.152665
5237.535584 1.156874
5237.954904 1.147210
5238.374224 1.011840
5238.793545 0.985770
5239.212865 0.959920
5239.632185 0.914083
5240.051506 1.040344
5240.470826 1.048437
5240.890147 1.058865
5241.309467 1.071076
5241.728787 1.028824
5242.148108 1.073597
5242.567428 1.113137
5242.986748 1.085523
5243.406069 1.173505
5243.825389 1.165989
5244.244710 1.189165
5244.664030 1.188174
5245.083350 1.285987
5245.502671 1.224238
5245.921991 1.240992
5246.341311 1.334251
5246.760632 1.290805
5247.179952 1.287704
5247.599272 1.192736
5248.018593 1.337445
5248.437913 1.313676
5248.857234 1.315798
5249.276554 1.140907
5249.695874 1.265185
5250.115195 1.214024
5250.534515 1.118436
5250.953835 1.309163
5251.373156 1.193514
5251.792476 1.180108
5252.211797 1.245580
5252.631117 1.186388
5253.050437 1.107482
5253.469758 1.218955
5253.889078 1.088435
5254.308398 1.040484
5254.727719 1.086320
5255.147039 1.093958
5255.566359 1.266768
5255.985680 1.408156
5256.405000 1.136024
5256.824321 1.292927
5257.243641 1.380801
5257.662961 1.627625
5258.082282 1.249487
5258.501602 1.437582
5258.920922 1.046468
5259.340243 1.545976
5259.759563 0.966356
5260.178884 -0.318092
5260.598204 -0.992007
5261.017524 -0.542995
5261.436845 0.005952
5261.856165 0.065265
5262.275485 0.465001
5262.694806 0.697711
5263.114126 1.150843
5263.533446 1.200145
5263.952767 1.008218
5264.372087 0.797695
5264.791408 0.866768
5265.210728 0.865625
5265.630048 0.966012
5266.049369 0.989691
5266.468689 0.762222
5266.888009 0.883525
5267.307330 0.990041
5267.726650 1.166972
5268.145970 1.114614
5268.565291 1.082895
5268.984611 1.231733
5269.403932 1.004598
5269.823252 0.792512
5270.242572 0.760761
5270.661893 0.978418
5271.081213 1.178625
5271.500533 1.030324
5271.919854 1.265807
5272.339174 1.230723
5272.758495 1.295007
5273.177815 0.936272
5273.597135 0.650518
5274.016456 0.875555
5274.435776 0.831611
5274.855096 0.784412
5275.274417 0.830746
5275.693737 0.947033
5276.113057 1.063513
5276.532378 1.189845
5276.951698 1.096412
5277.371019 0.886493
5277.790339 0.882391
5278.209659 1.058038
5278.628980 1.346688
5279.048300 1.335454
5279.467620 1.420305
5279.886941 1.399953
5280.306261 1.392387
5280.725582 1.212190
5281.144902 0.901516
5281.564222 0.966924
5281.983543 1.094831
5282.402863 1.350308
