1812.788945 90.998880
1813.201082 108.217834
1813.613219 114.584627
1814.025356 96.262700
1814.437493 102.237165
1814.849630 100.680529
1815.261767 102.340019
1815.673904 98.286936
1816.086041 96.378663
1816.498178 104.011959
1816.910315 102.859459
1817.322452 100.403208
1817.734589 108.491894
1818.146726 111.867801
1818.558863 110.606235
1818.971000 108.538146
1819.383137 95.914502
1819.795274 103.444527
1820.207411 112.572341
1820.619548 110.005872
1821.031685 95.756751
1821.443822 96.582007
1821.855959 107.597401
1822.268096 107.784475
1822.680233 95.009199
1823.092370 99.822985
1823.504507 102.774616
1823.916644 100.660339
1824.328781 93.755741
1824.740918 103.704728
1825.153055 99.284332
1825.565193 92.906099
1825.977330 93.366659
1826.389467 98.200339
1826.801604 94.860907
1827.213741 98.920435
1827.625878 105.052537
1828.038015 101.688084
1828.450152 102.752530
1828.862289 101.691925
1829.274426 104.241493
1829.686563 94.323647
1830.098700 95.265651
1830.510837 90.797509
1830.922974 96.629964
1831.335111 99.921644
1831.747248 100.668863
1832.159385 100.749214
1832.571522 90.363726
1832.983659 100.896515
1833.395796 100.806480
1833.807933 97.572838
1834.220070 90.251626
1834.632207 99.979675
1835.044344 95.311924
1835.456481 104.797960
1835.868618 99.118849
1836.280755 103.374201
1836.692892 101.295232
1837.105029 104.890026
1837.517166 99.483962
1837.929303 102.135846
1838.341440 100.118869
1838.753577 92.040265
1839.165714 103.744175
1839.577851 114.052857
1839.989988 107.055557
1840.402125 106.437239
1840.814262 108.964056
1841.226399 106.583776
1841.638536 108.837461
1842.050673 103.932585
1842.462810 100.403477
1842.874947 102.847758
1843.287084 110.558122
1843.699221 112.738517
1844.111358 108.723331
1844.523495 98.929794
1844.935632 101.483430
1845.347769 100.700861
1845.759906 108.920994
1846.172043 113.196007
1846.584180 105.327000
1846.996317 105.524091
1847.408454 104.373387
1847.820591 100.471808
1848.232728 114.141604
1848.644865 100.082769
1849.057002 102.656609
1849.469139 113.596421
1849.881276 107.546685
1850.293413 101.134800
1850.705550 98.374219
1851.117688 100.497459
1851.529825 101.846195
1851.941962 103.803613
1852.354099 100.976943
1852.766236 100.315430
1853.178373 109.691609
1853.590510 108.117096
1854.002647 99.581270
1854.414784 101.879699
1854.826921 97.270906
1855.239058 103.888661
1855.651195 111.080944
1856.063332 96.493967
1856.475469 104.477076
1856.887606 102.275211
1857.299743 108.950728
1857.711880 107.632228
1858.124017 109.826184
1858.536154 104.236881
1858.948291 99.869591
1859.360428 99.630691
1859.772565 105.229261
1860.184702 102.969960
1860.596839 107.772031
1861.008976 108.357149
1861.421113 108.366473
1861.833250 98.598517
1862.245387 101.588725
1862.657524 103.890967
1863.069661 100.643226
1863.481798 102.631785
1863.893935 101.136215
1864.306072 107.643759
1864.718209 109.051537
1865.130346 106.826256
1865.542483 100.464663
1865.954620 108.294584
1866.366757 108.019873
1866.778894 110.156392
1867.191031 113.789564
1867.603168 106.150658
1868.015305 108.741137
1868.427442 110.664244
1868.839579 109.150507
1869.251716 104.450250
1869.663853 106.859951
1870.075990 107.083727
1870.488127 109.597463
1870.900264 107.197199
1871.312401 106.873555
1871.724538 107.096192
1872.136675 107.443265
1872.548812 110.025156
1872.960949 108.064427
1873.373086 110.340997
1873.785223 117.985365
1874.197360 115.449090
1874.609497 115.964865
1875.021634 116.860985
1875.433771 117.611600
1875.845908 112.208423
1876.258046 111.431399
1876.670183 113.542663
1877.082320 116.057227
1877.494457 110.744128
1877.906594 114.788029
1878.318731 120.306871
1878.730868 122.345651
1879.143005 117.763132
1879.555142 120.662462
1879.967279 119.454032
1880.379416 124.583008
1880.791553 125.958004
1881.203690 124.319411
1881.615827 126.413018
1882.027964 129.469978
1882.440101 124.088427
1882.852238 118.048886
1883.264375 126.913456
1883.676512 129.261773
1884.088649 127.834279
1884.500786 123.726066
1884.912923 130.053787
1885.325060 136.637204
1885.737197 129.977434
1886.149334 137.508578
1886.561471 137.148147
1886.973608 130.349735
1887.385745 141.972432
1887.797882 141.469772
1888.210019 136.638909
1888.622156 145.493129
1889.034293 138.390959
1889.446430 150.696195
1889.858567 155.312713
1890.270704 146.614234
1890.682841 153.263887
1891.094978 154.483354
1891.507115 148.151897
1891.919252 150.871277
1892.331389 153.881264
1892.743526 154.192351
1893.155663 151.949094
1893.567800 155.089822
1893.979937 157.303841
1894.392074 148.182890
1894.804211 156.813554
1895.216348 160.809151
1895.628485 156.588449
1896.040622 158.985204
1896.452759 155.632763
1896.864896 158.749969
1897.277033 157.141414
1897.689170 156.219388
1898.101307 153.168872
1898.513444 154.339037
1898.925581 158.080454
1899.337718 164.396949
1899.749855 156.685494
1900.161992 160.412437
1900.574129 162.316805
1900.986266 163.624460
1901.398403 169.595720
1901.810541 173.708263
1902.222678 176.246795
1902.634815 176.739975
1903.046952 173.467870
1903.459089 177.756727
1903.871226 177.943517
1904.283363 173.855529
1904.695500 172.032983
1905.107637 175.516512
1905.519774 179.448532
1905.931911 173.838388
1906.344048 180.823655
1906.756185 181.902476
1907.168322 183.514094
1907.580459 183.631047
1907.992596 182.198198
1908.404733 180.413379
1908.816870 177.576550
1909.229007 176.918779
1909.641144 174.342540
1910.053281 171.096278
1910.465418 173.649638
1910.877555 168.084013
1911.289692 164.615192
1911.701829 158.793370
1912.113966 158.902909
1912.526103 154.172847
1912.938240 154.231819
1913.350377 151.843277
1913.762514 154.515337
1914.174651 149.581711
1914.586788 145.749468
1914.998925 149.031739
1915.411062 147.987313
1915.823199 140.208801
1916.235336 146.141853
1916.647473 146.180825
1917.059610 140.229189
1917.471747 146.248505
1917.883884 142.554642
1918.296021 138.653247
1918.708158 139.181098
1919.120295 135.333036
1919.532432 134.203563
1919.944569 137.849497
1920.356706 137.268680
1920.768843 132.836646
1921.180980 132.986219
1921.593117 133.644025
1922.005254 136.315180
1922.417391 130.000695
1922.829528 132.625597
1923.241665 127.258089
1923.653802 121.563258
1924.065939 127.707528
1924.478076 125.259236
1924.890213 125.880504
1925.302350 127.722257
1925.714487 126.814910
1926.126624 125.710105
1926.538761 120.704003
1926.950898 118.340716
1927.363036 117.014080
1927.775173 116.406445
1928.187310 111.400569
1928.599447 119.483263
1929.011584 116.043171
1929.423721 119.750637
1929.835858 116.479006
1930.247995 114.777169
1930.660132 114.322658
1931.072269 114.300671
1931.484406 115.478002
1931.896543 115.870019
1932.308680 114.583623
1932.720817 106.167657
1933.132954 103.884982
1933.545091 108.647083
1933.957228 108.887724
1934.369365 107.835820
1934.781502 105.719901
1935.193639 105.228150
1935.605776 108.376490
1936.017913 105.659543
1936.430050 104.902547
1936.842187 105.511202
1937.254324 102.785327
1937.666461 102.216536
1938.078598 101.972040
1938.490735 102.449798
1938.902872 102.954311
1939.315009 103.334437
1939.727146 102.610598
1940.139283 97.923789
1940.551420 92.942659
1940.963557 95.106217
1941.375694 96.882129
1941.787831 101.301846
1942.199968 100.913225
1942.612105 100.653937
1943.024242 100.293089
1943.436379 96.840772
1943.848516 92.591659
1944.260653 94.678311
1944.672790 97.866168
1945.084927 94.358170
1945.497064 97.072591
1945.909201 93.010134
1946.321338 94.382420
1946.733475 91.913662
1947.145612 92.311586
1947.557749 94.219548
1947.969886 96.863658
1948.382023 96.898039
1948.794160 97.477052
1949.206297 89.599330
1949.618434 91.952147
1950.030571 96.260408
1950.442708 90.002305
1950.854845 94.732232
1951.266982 91.472910
1951.679119 90.655188
1952.091256 89.648822
1952.503394 89.819681
1952.915531 91.073507
1953.327668 86.931266
1953.739805 88.082055
1954.151942 86.745494
1954.564079 87.027449
1954.976216 90.532222
1955.388353 89.322561
1955.800490 89.015676
1956.212627 88.936458
1956.624764 91.798216
1957.036901 89.198074
1957.449038 87.977956
1957.861175 89.526747
1958.273312 89.532322
1958.685449 87.500262
1959.097586 84.314195
1959.509723 86.217339
1959.921860 83.915486
1960.333997 86.903351
1960.746134 83.512121
1961.158271 87.630182
1961.570408 87.797773
1961.982545 89.455777
1962.394682 88.960808
1962.806819 84.950475
1963.218956 81.144186
1963.631093 86.403076
1964.043230 88.258906
1964.455367 81.743510
1964.867504 82.550840
1965.279641 82.657613
1965.691778 82.002466
1966.103915 82.923254
1966.516052 82.057462
1966.928189 83.289294
1967.340326 82.979721
1967.752463 84.468705
1968.164600 86.620215
1968.576737 87.983460
1968.988874 82.113816
1969.401011 80.616455
1969.813148 83.241153
1970.225285 83.109981
1970.637422 81.291658
1971.049559 82.979474
1971.461696 81.035638
1971.873833 85.627601
1972.285970 87.822590
1972.698107 81.850785
1973.110244 84.180490
1973.522381 82.462594
1973.934518 79.962285
1974.346655 84.083246
1974.758792 84.916214
1975.170929 82.534201
1975.583066 77.950826
1975.995203 81.411653
1976.407340 78.168687
1976.819477 78.244778
1977.231614 74.672990
1977.643751 75.947311
1978.055889 81.151381
1978.468026 81.719507
1978.880163 76.525376
1979.292300 84.451409
1979.704437 82.492625
1980.116574 82.845620
1980.528711 82.018093
1980.940848 79.547892
1981.352985 76.377749
1981.765122 82.252529
1982.177259 81.138577
1982.589396 77.944438
1983.001533 82.644850
1983.413670 81.549779
1983.825807 82.389559
1984.237944 83.562964
1984.650081 82.654762
1985.062218 80.342714
1985.474355 79.207927
1985.886492 78.898192
1986.298629 78.605958
1986.710766 80.029739
1987.122903 83.411920
1987.535040 83.350501
1987.947177 81.304180
1988.359314 76.567390
1988.771451 79.338732
1989.183588 80.309500
1989.595725 81.540866
1990.007862 76.816775
1990.419999 78.485490
1990.832136 79.201299
1991.244273 80.663910
1991.656410 81.326443
1992.068547 82.629365
1992.480684 84.183044
1992.892821 81.212227
1993.304958 79.017175
1993.717095 77.315515
1994.129232 80.982340
1994.541369 78.389441
1994.953506 77.848991
1995.365643 80.234859
1995.777780 82.142955
1996.189917 82.250916
1996.602054 80.741034
1997.014191 80.011006
1997.426328 81.329746
1997.838465 79.701907
1998.250602 79.420773
1998.662739 81.709390
1999.074876 76.824557
1999.487013 78.110783
1999.899150 80.028133
2000.311287 78.683345
2000.723424 76.773890
2001.135561 78.800771
2001.547698 72.158772
2001.959835 78.398744
2002.371972 82.154274
2002.784109 79.538334
2003.196247 81.560094
2003.608384 76.002102
2004.020521 79.421714
2004.432658 79.483296
2004.844795 79.218893
2005.256932 80.653412
2005.669069 77.367802
2006.081206 76.932695
2006.493343 77.389718
2006.905480 76.772886
2007.317617 78.050008
2007.729754 74.779013
2008.141891 75.826163
2008.554028 78.695817
2008.966165 76.831447
2009.378302 79.860450
2009.790439 84.120563
2010.202576 75.802273
2010.614713 78.077668
2011.026850 75.319867
2011.438987 77.779026
2011.851124 77.605846
2012.263261 77.347880
2012.675398 78.572808
2013.087535 77.578114
2013.499672 77.812148
2013.911809 76.538053
2014.323946 77.441714
2014.736083 75.049260
2015.148220 75.799620
2015.560357 73.893328
2015.972494 77.190894
2016.384631 79.917002
2016.796768 78.907523
2017.208905 74.024861
2017.621042 69.251363
2018.033179 76.243443
2018.445316 75.635757
2018.857453 79.418460
2019.269590 80.497536
2019.681727 75.899729
2020.093864 75.255901
2020.506001 79.160296
2020.918138 75.387922
2021.330275 76.338769
2021.742412 78.485744
2022.154549 77.868841
2022.566686 78.348891
2022.978823 77.189854
2023.390960 74.626158
2023.803097 77.716736
2024.215234 76.757789
2024.627371 79.981973
2025.039508 77.913926
2025.451645 76.192239
2025.863782 75.162598
2026.275919 76.475898
2026.688056 78.624790
2027.100193 77.433006
2027.512330 75.793947
2027.924467 80.857796
2028.336604 78.712753
2028.748742 72.951041
2029.160879 76.777519
2029.573016 76.563556
2029.985153 77.159017
2030.397290 78.891542
2030.809427 78.960043
2031.221564 72.280401
2031.633701 76.068558
2032.045838 76.925182
2032.457975 74.426436
2032.870112 75.362653
2033.282249 78.252886
2033.694386 76.252045
2034.106523 78.027476
2034.518660 71.811465
2034.930797 78.986954
2035.342934 76.977390
2035.755071 75.882645
2036.167208 77.131958
2036.579345 74.958829
2036.991482 77.449779
2037.403619 75.732464
2037.815756 74.909209
2038.227893 74.498884
2038.640030 75.957923
2039.052167 76.081370
2039.464304 78.264162
2039.876441 79.714655
2040.288578 79.637764
2040.700715 77.393658
2041.112852 76.624353
2041.524989 76.771570
2041.937126 75.847167
2042.349263 76.002088
2042.761400 75.189912
2043.173537 73.839209
2043.585674 74.079970
2043.997811 76.991136
2044.409948 70.542387
2044.822085 77.319017
2045.234222 74.938143
2045.646359 77.021548
2046.058496 76.697728
2046.470633 77.579268
2046.882770 78.734669
2047.294907 78.002553
2047.707044 76.617144
2048.119181 76.012225
2048.531318 76.291088
2048.943455 75.240939
2049.355592 75.769434
2049.767729 77.543309
2050.179866 79.548606
2050.592003 78.960085
2051.004140 75.649927
2051.416277 75.966829
2051.828414 76.547455
2052.240551 76.736502
2052.652688 77.513519
2053.064825 77.897068
2053.476962 81.379252
2053.889100 78.929319
2054.301237 77.197395
2054.713374 78.431576
2055.125511 75.311859
2055.537648 75.491038
2055.949785 77.253268
2056.361922 79.156242
2056.774059 82.543461
2057.186196 77.745345
2057.598333 80.113909
2058.010470 79.621847
2058.422607 77.754683
2058.834744 75.032671
2059.246881 77.432426
2059.659018 75.789136
2060.071155 75.747949
2060.483292 81.568908
2060.895429 76.201060
2061.307566 81.530197
2061.719703 81.438847
2062.131840 81.480323
2062.543977 83.207232
2062.956114 77.883711
2063.368251 82.537441
2063.780388 81.078820
2064.192525 79.019736
2064.604662 79.193312
2065.016799 78.712753
2065.428936 79.617701
2065.841073 80.828714
2066.253210 80.945242
2066.665347 82.790299
2067.077484 82.193133
2067.489621 80.673368
2067.901758 81.593888
2068.313895 83.867571
2068.726032 80.690014
2069.138169 81.029391
2069.550306 81.508791
2069.962443 79.962964
2070.374580 78.681038
2070.786717 80.508275
2071.198854 82.279341
2071.610991 81.542726
2072.023128 82.281973
2072.435265 79.920185
2072.847402 76.681018
2073.259539 79.883052
2073.671676 82.091425
2074.083813 81.940537
2074.495950 80.357011
2074.908087 82.586077
2075.320224 83.058133
2075.732361 76.517587
2076.144498 77.095496
2076.556635 79.642122
2076.968772 80.113011
2077.380909 83.084336
2077.793046 79.000459
2078.205183 79.961952
2078.617320 82.136086
2079.029457 79.829146
2079.441595 76.904695
2079.853732 77.265776
2080.265869 76.191015
2080.678006 78.457482
2081.090143 79.116053
2081.502280 77.597576
2081.914417 79.271971
2082.326554 79.861723
2082.738691 82.037321
2083.150828 76.932858
2083.562965 77.915065
2083.975102 79.364596
2084.387239 80.072913
2084.799376 76.858556
2085.211513 77.263774
2085.623650 80.792635
2086.035787 80.769664
2086.447924 78.270670
2086.860061 78.994827
2087.272198 79.160084
2087.684335 80.834302
2088.096472 80.353524
2088.508609 81.722365
2088.920746 78.050093
2089.332883 77.494284
2089.745020 77.426568
2090.157157 78.881589
2090.569294 79.486656
2090.981431 71.553797
2091.393568 74.598498
2091.805705 78.661365
2092.217842 80.323394
2092.629979 78.716799
2093.042116 77.951484
2093.454253 78.322999
2093.866390 78.240230
2094.278527 76.555017
2094.690664 77.869535
2095.102801 77.324026
2095.514938 80.078261
2095.927075 80.523676
2096.339212 75.439593
2096.751349 76.480709
2097.163486 76.032868
2097.575623 77.084241
2097.987760 78.180282
2098.399897 79.459470
2098.812034 78.958975
2099.224171 80.938366
2099.636308 76.896149
2100.048445 77.343388
2100.460582 81.382797
2100.872719 79.082959
2101.284856 78.199863
2101.696993 73.765955
2102.109130 77.228819
2102.521267 73.246373
2102.933404 76.952156
2103.345541 78.141889
2103.757678 77.777342
2104.169815 78.669656
2104.581953 74.578123
2104.994090 76.677014
2105.406227 76.140914
2105.818364 74.072910
2106.230501 76.378859
2106.642638 77.084687
2107.054775 77.266476
2107.466912 74.409698
2107.879049 72.627129
2108.291186 75.465195
2108.703323 76.724179
2109.115460 77.319463
2109.527597 75.613792
2109.939734 74.272385
2110.351871 75.614598
2110.764008 75.851058
2111.176145 72.882583
2111.588282 74.751777
2112.000419 74.545702
2112.412556 76.356066
2112.824693 74.079892
2113.236830 72.667997
2113.648967 73.063070
2114.061104 69.877145
2114.473241 73.610581
2114.885378 73.950227
2115.297515 73.979196
2115.709652 72.798455
2116.121789 70.888456
2116.533926 72.252486
2116.946063 69.325057
2117.358200 72.892777
2117.770337 74.397098
2118.182474 72.052813
2118.594611 72.590880
2119.006748 75.701747
2119.418885 74.024974
2119.831022 70.081755
2120.243159 68.042119
2120.655296 71.066856
2121.067433 73.159309
2121.479570 71.938563
2121.891707 70.533275
2122.303844 71.360611
2122.715981 71.700745
2123.128118 71.110462
2123.540255 67.526698
2123.952392 70.979587
2124.364529 72.005889
2124.776666 72.854484
2125.188803 71.600608
2125.600940 71.095479
2126.013077 71.526582
2126.425214 69.802624
2126.837351 67.449764
2127.249488 71.052665
2127.661625 72.644333
2128.073762 72.966598
2128.485899 69.785921
2128.898036 71.688485
2129.310173 71.682656
2129.722310 69.844489
2130.134448 69.637353
2130.546585 70.499997
2130.958722 67.859028
2131.370859 69.171947
2131.782996 68.447259
2132.195133 70.182897
2132.607270 71.061176
2133.019407 73.603903
2133.431544 70.936979
2133.843681 69.908816
2134.255818 68.870014
2134.667955 71.019656
2135.080092 69.851380
2135.492229 70.517442
2135.904366 72.645989
2136.316503 71.643471
2136.728640 69.916513
2137.140777 68.441494
2137.552914 71.033041
2137.965051 70.723518
2138.377188 72.188230
2138.789325 72.135194
2139.201462 69.251363
2139.613599 68.297750
2140.025736 69.288086
2140.437873 71.407344
2140.850010 70.481342
2141.262147 70.934354
2141.674284 70.895396
2142.086421 68.734513
2142.498558 71.282913
2142.910695 71.989774
2143.322832 72.030833
2143.734969 70.383716
2144.147106 70.444513
2144.559243 69.059564
2144.971380 68.132586
2145.383517 70.107258
2145.795654 69.701588
2146.207791 70.156786
2146.619928 67.696765
2147.032065 69.230876
2147.444202 70.182466
2147.856339 67.141663
2148.268476 67.402317
2148.680613 66.094004
2149.092750 67.591145
2149.504887 67.424679
2149.917024 63.906139
2150.329161 64.677461
2150.741298 65.901851
2151.153435 68.660381
2151.565572 67.488885
2151.977709 66.826862
2152.389846 67.401878
2152.801983 67.021265
2153.214120 68.446665
2153.626257 66.576289
2154.038394 66.118332
2154.450531 66.170194
2154.862668 67.378957
2155.274805 69.079464
2155.686943 68.506259
2156.099080 69.065096
2156.511217 69.200987
2156.923354 66.348121
2157.335491 63.273892
2157.747628 66.387857
2158.159765 69.175385
2158.571902 67.950889
2158.984039 65.112101
2159.396176 68.604338
2159.808313 65.943985
2160.220450 64.977250
2160.632587 64.671249
2161.044724 64.988385
2161.456861 66.006664
2161.868998 67.543443
2162.281135 68.335591
2162.693272 67.570141
2163.105409 66.157545
2163.517546 62.469774
2163.929683 66.408635
2164.341820 67.674664
2164.753957 67.657410
2165.166094 67.221299
2165.578231 64.764489
2165.990368 65.600159
2166.402505 66.027866
2166.814642 66.150400
2167.226779 66.217274
2167.638916 66.796230
2168.051053 66.181273
2168.463190 67.368466
2168.875327 67.892886
2169.287464 69.783056
2169.699601 67.729780
2170.111738 64.164338
2170.523875 63.657434
2170.936012 65.781729
2171.348149 65.464657
2171.760286 69.199544
2172.172423 68.923072
2172.584560 65.992643
2172.996697 65.731692
2173.408834 66.585054
2173.820971 65.830747
2174.233108 66.706450
2174.645245 66.846076
2175.057382 64.815948
2175.469519 64.864265
2175.881656 67.828234
2176.293793 67.904651
2176.705930 65.759494
2177.118067 65.280427
2177.530204 66.549506
2177.942341 63.766853
2178.354478 64.687372
2178.766615 66.161387
2179.178752 66.520897
2179.590889 65.837793
2180.003026 65.866076
2180.415163 63.418251
2180.827301 65.122316
2181.239438 65.212910
2181.651575 64.611542
2182.063712 62.933298
2182.475849 60.205393
2182.887986 66.500113
2183.300123 65.201011
2183.712260 66.570156
2184.124397 65.256183
2184.536534 62.823342
2184.948671 63.777535
2185.360808 63.944786
2185.772945 61.240332
2186.185082 64.836294
2186.597219 63.179067
2187.009356 62.784525
2187.421493 64.365284
2187.833630 61.052898
2188.245767 62.034030
2188.657904 64.145428
2189.070041 65.428500
2189.482178 63.437712
2189.894315 63.070710
2190.306452 62.454274
2190.718589 63.074226
2191.130726 61.758159
2191.542863 61.282304
2191.955000 64.202016
2192.367137 62.638235
2192.779274 61.323505
2193.191411 63.096086
2193.603548 60.437007
2194.015685 61.371101
2194.427822 62.055416
2194.839959 62.178495
2195.252096 63.707386
2195.664233 63.070264
2196.076370 61.800337
2196.488507 62.715048
2196.900644 63.178997
2197.312781 63.489404
2197.724918 62.493161
2198.137055 63.712479
2198.549192 62.682025
2198.961329 64.587631
2199.373466 64.112200
2199.785603 62.969009
2200.197740 62.344813
2200.609877 60.240758
2201.022014 62.227768
2201.434151 61.363751
2201.846288 59.407139
2202.258425 61.130143
2202.670562 63.154244
2203.082699 64.910263
2203.494836 63.813366
2203.906973 61.832525
2204.319110 61.578769
2204.731247 60.794932
2205.143384 60.025889
2205.555521 63.332906
2205.967658 64.485923
2206.379796 62.978722
2206.791933 61.618165
2207.204070 59.376974
2207.616207 61.477025
2208.028344 62.147028
2208.440481 62.748821
2208.852618 62.837144
2209.264755 63.968464
2209.676892 62.956679
2210.089029 61.919829
2210.501166 58.756605
2210.913303 61.273539
2211.325440 61.875650
2211.737577 59.883964
2212.149714 62.115060
2212.561851 63.578173
2212.973988 62.351010
2213.386125 58.384262
2213.798262 62.911346
2214.210399 62.413073
2214.622536 61.060588
2215.034673 60.222768
2215.446810 62.252945
2215.858947 63.370159
2216.271084 61.754976
2216.683221 61.972766
2217.095358 60.667913
2217.507495 59.157203
2217.919632 60.967773
2218.331769 59.367297
2218.743906 60.107810
2219.156043 61.420777
2219.568180 61.355870
2219.980317 61.405391
2220.392454 61.576300
2220.804591 61.604180
2221.216728 63.928324
2221.628865 63.885319
2222.041002 64.251954
2222.453139 59.451694
2222.865276 60.263105
2223.277413 60.942001
2223.689550 60.288134
2224.101687 63.311138
2224.513824 61.061981
2224.925961 59.987737
2225.338098 60.479488
2225.750235 61.665040
2226.162372 60.767519
2226.574509 62.160222
2226.986646 62.364833
2227.398783 59.275217
2227.810920 60.074016
2228.223057 60.222124
2228.635194 60.776051
2229.047331 59.661815
2229.459468 59.759314
2229.871605 59.838242
2230.283742 61.781264
2230.695879 61.602729
2231.108016 60.924103
2231.520154 61.793956
2231.932291 61.377419
2232.344428 60.395763
2232.756565 61.357986
2233.168702 60.900128
2233.580839 62.184105
2233.992976 60.155257
2234.405113 60.878841
2234.817250 60.867862
2235.229387 58.462101
2235.641524 58.194762
2236.053661 59.393818
2236.465798 60.412041
2236.877935 57.531005
2237.290072 58.235000
2237.702209 59.397044
2238.114346 59.620218
2238.526483 59.288269
2238.938620 61.048682
2239.350757 59.278931
2239.762894 60.452273
2240.175031 60.330722
2240.587168 58.759888
2240.999305 59.821851
2241.411442 61.903891
2241.823579 60.392778
2242.235716 60.128976
2242.647853 59.492845
2243.059990 60.862705
2243.472127 63.273772
2243.884264 62.509673
2244.296401 61.289506
2244.708538 60.262723
2245.120675 58.691726
2245.532812 61.450249
2245.944949 61.665648
2246.357086 61.194922
2246.769223 59.599328
2247.181360 60.766904
2247.593497 60.773306
2248.005634 61.991252
2248.417771 59.731469
2248.829908 57.737498
2249.242045 60.033218
2249.654182 61.986002
2250.066319 61.770037
2250.478456 60.104074
2250.890593 58.753584
2251.302730 62.810947
2251.714867 62.266111
2252.127004 62.380220
2252.539141 61.863482
2252.951278 59.786989
2253.363415 62.065525
2253.775552 60.577354
2254.187689 59.071229
2254.599826 58.482432
2255.011963 59.327681
2255.424100 61.598046
2255.836237 60.940798
2256.248374 60.535821
2256.660511 60.746537
2257.072649 60.530140
2257.484786 61.085546
2257.896923 62.680907
2258.309060 62.236809
2258.721197 61.143747
2259.133334 60.895105
2259.545471 62.913554
2259.957608 62.728510
2260.369745 61.104293
2260.781882 59.735339
2261.194019 60.389205
2261.606156 61.911524
2262.018293 61.988047
2262.430430 61.562080
2262.842567 59.006456
2263.254704 61.257636
2263.666841 62.704634
2264.078978 63.194461
2264.491115 62.936757
2264.903252 62.457698
2265.315389 62.264866
2265.727526 60.182026
2266.139663 59.146457
2266.551800 59.490362
2266.963937 61.592111
2267.376074 61.102079
2267.788211 60.547593
2268.200348 61.124144
2268.612485 61.777402
2269.024622 62.691653
2269.436759 62.060007
2269.848896 60.224607
2270.261033 61.519754
2270.673170 60.705060
2271.085307 61.423084
2271.497444 63.525512
2271.909581 63.663596
2272.321718 63.685285
2272.733855 61.257728
2273.145992 60.107703
2273.558129 62.048023
2273.970266 61.014654
2274.382403 61.758407
2274.794540 59.836558
2275.206677 58.809896
2275.618814 59.321413
2276.030951 60.979021
2276.443088 63.235761
2276.855225 63.198430
2277.267362 64.480893
2277.679499 63.761851
2278.091636 63.203495
2278.503773 60.743983
2278.915910 62.042052
2279.328047 62.281023
2279.740184 65.163496
2280.152321 64.148258
2280.564458 63.082008
2280.976595 61.710330
2281.388732 61.689786
2281.800869 62.255888
2282.213007 61.987198
2282.625144 63.669623
2283.037281 63.828102
2283.449418 63.726713
2283.861555 61.644970
2284.273692 61.811316
2284.685829 63.572733
2285.097966 63.919000
2285.510103 63.489723
2285.922240 62.265531
2286.334377 64.966893
2286.746514 65.769256
2287.158651 64.564342
2287.570788 64.254522
2287.982925 65.312891
2288.395062 65.010223
2288.807199 63.599849
2289.219336 63.170140
2289.631473 63.071828
2290.043610 64.288436
2290.455747 62.835382
2290.867884 63.548673
2291.280021 63.829842
2291.692158 64.573503
2292.104295 63.765947
2292.516432 66.019907
2292.928569 66.457978
2293.340706 65.103265
2293.752843 64.949462
2294.164980 64.993832
2294.577117 65.482626
2294.989254 63.634272
2295.401391 64.286307
2295.813528 65.790246
2296.225665 67.212703
2296.637802 66.961451
2297.049939 65.154971
2297.462076 62.428792
2297.874213 66.638275
2298.286350 66.211232
2298.698487 65.397274
2299.110624 64.732046
2299.522761 66.507562
2299.934898 66.235080
2300.347035 65.898193
2300.759172 66.438106
2301.171309 66.528651
2301.583446 64.975509
2301.995583 64.964254
2302.407720 66.517098
2302.819857 66.582656
2303.231994 62.981715
2303.644131 64.716426
2304.056268 63.785133
2304.468405 62.222250
2304.880542 59.674549
2305.292679 63.316805
2305.704816 65.256367
2306.116953 64.971732
2306.529090 65.784006
2306.941227 67.056700
2307.353364 66.024010
2307.765502 64.750708
2308.177639 66.002639
2308.589776 62.659564
2309.001913 63.434267
2309.414050 64.028907
2309.826187 65.748939
2310.238324 66.381922
2310.650461 66.037890
2311.062598 66.817467
2311.474735 66.719120
2311.886872 65.350732
2312.299009 59.847863
2312.711146 57.017699
2313.123283 59.089919
2313.535420 61.838170
2313.947557 65.703876
2314.359694 67.752503
2314.771831 65.883571
2315.183968 66.985355
2315.596105 68.064814
2316.008242 68.884290
2316.420379 69.428597
2316.832516 68.489182
2317.244653 68.028480
2317.656790 67.016964
2318.068927 68.006882
2318.481064 67.801217
2318.893201 67.609948
2319.305338 65.916084
2319.717475 66.205113
2320.129612 69.908427
2320.541749 69.020811
2320.953886 67.313774
2321.366023 64.920018
2321.778160 64.144990
2322.190297 64.737550
2322.602434 66.834467
2323.014571 68.950853
2323.426708 69.181511
2323.838845 68.603701
2324.250982 67.024462
2324.663119 66.441092
2325.075256 65.735080
2325.487393 67.549357
2325.899530 68.616866
2326.311667 68.687985
2326.723804 66.486240
2327.135941 68.628107
2327.548078 67.884454
2327.960215 68.444776
2328.372352 68.969904
2328.784489 67.647195
2329.196626 69.806974
2329.608763 69.283438
2330.020900 68.385996
2330.433037 65.544809
2330.845174 66.887433
2331.257311 67.139498
2331.669448 66.855273
2332.081585 69.590938
2332.493722 67.747396
2332.905859 67.325801
2333.317997 67.957072
2333.730134 67.737562
2334.142271 68.662206
2334.554408 68.710665
2334.966545 67.902974
2335.378682 69.197400
2335.790819 67.390255
2336.202956 66.937979
2336.615093 66.598156
2337.027230 66.600406
2337.439367 65.647790
2337.851504 67.474425
2338.263641 67.516383
2338.675778 66.232710
2339.087915 65.409138
2339.500052 66.753190
2339.912189 65.546740
2340.324326 66.305045
2340.736463 66.282457
2341.148600 66.425627
2341.560737 67.448795
2341.972874 67.564114
2342.385011 70.051598
2342.797148 69.489584
2343.209285 67.319200
2343.621422 65.849494
2344.033559 64.686254
2344.445696 64.586598
2344.857833 65.536674
2345.269970 64.172714
2345.682107 62.933772
2346.094244 66.984408
2346.506381 63.566154
2346.918518 63.000002
2347.330655 63.955270
2347.742792 63.637774
2348.154929 61.478851
2348.567066 64.304962
2348.979203 65.853455
2349.391340 64.150621
2349.803477 65.573114
2350.215614 67.166819
2350.627751 65.344712
2351.039888 64.703183
2351.452025 65.682660
2351.864162 66.354452
2352.276299 66.488016
2352.688436 65.775630
2353.100573 65.454668
2353.512710 66.411167
2353.924847 66.867837
2354.336984 66.337672
2354.749121 62.686857
2355.161258 61.466966
2355.573395 62.949371
2355.985532 64.855826
2356.397669 62.431551
2356.809806 62.933638
2357.221943 65.357997
2357.634080 67.053439
2358.046217 65.910687
2358.458355 64.890561
2358.870492 66.865785
2359.282629 65.711523
2359.694766 65.798360
2360.106903 66.151582
2360.519040 64.712457
2360.931177 65.554947
2361.343314 64.469228
2361.755451 66.178061
2362.167588 64.493245
2362.579725 63.374906
2362.991862 64.441546
2363.403999 64.501006
2363.816136 63.972270
2364.228273 63.473742
2364.640410 65.320616
2365.052547 64.920492
2365.464684 63.502081
2365.876821 64.800236
2366.288958 66.097399
2366.701095 62.364925
2367.113232 63.993840
2367.525369 63.919418
2367.937506 62.837299
2368.349643 63.384308
2368.761780 64.431698
2369.173917 64.002131
2369.586054 64.393815
2369.998191 64.694722
2370.410328 63.954895
2370.822465 63.820844
2371.234602 64.337150
2371.646739 64.318325
2372.058876 62.671229
2372.471013 64.250680
2372.883150 65.259926
2373.295287 64.298425
2373.707424 65.212980
2374.119561 64.402976
2374.531698 64.046091
2374.943835 63.922601
2375.355972 64.567674
2375.768109 63.880735
2376.180246 64.163963
2376.592383 65.890822
2377.004520 63.759828
2377.416657 62.270674
2377.828794 62.226806
2378.240931 63.413631
2378.653068 64.739411
2379.065205 64.583980
2379.477342 66.379290
2379.889479 65.266717
2380.301616 64.858627
2380.713753 64.245481
2381.125890 62.466937
2381.538027 62.771614
2381.950164 62.352955
2382.362301 63.621333
2382.774438 64.227151
2383.186575 64.891035
2383.598712 65.458325
2384.010850 64.251161
2384.422987 63.133579
2384.835124 61.665825
2385.247261 62.578138
2385.659398 63.717042
2386.071535 63.348979
2386.483672 62.587540
2386.895809 62.855261
2387.307946 64.053816
2387.720083 64.471619
2388.132220 63.333139
2388.544357 61.984446
2388.956494 62.810926
2389.368631 61.949464
2389.780768 63.103011
2390.192905 64.548969
2390.605042 64.159202
2391.017179 64.249782
2391.429316 64.087624
2391.841453 65.401596
2392.253590 65.077585
2392.665727 63.802719
2393.077864 63.065284
2393.490001 64.476514
2393.902138 63.731644
2394.314275 62.752351
2394.726412 64.102480
2395.138549 62.445487
2395.550686 63.620676
2395.962823 63.333578
2396.374960 65.406166
2396.787097 66.013222
2397.199234 65.008271
2397.611371 63.707343
2398.023508 65.460540
2398.435645 64.613926
2398.847782 64.228021
2399.259919 65.142478
2399.672056 63.755258
2400.084193 64.015678
2400.496330 65.015812
2400.908467 65.044930
2401.320604 62.213421
2401.732741 64.280951
2402.144878 64.879213
2402.557015 64.965994
2402.969152 65.986630
2403.381289 64.797576
2403.793426 65.247015
2404.205563 64.021861
2404.617700 63.319245
2405.029837 63.171279
2405.441974 63.614967
2405.854111 64.193223
2406.266248 65.626397
2406.678385 64.807197
2407.090522 65.158558
2407.502659 64.509785
2407.914796 62.258301
2408.326933 63.665315
2408.739070 64.104093
2409.151208 64.029721
2409.563345 64.647480
2409.975482 65.424291
2410.387619 64.178763
2410.799756 61.981970
2411.211893 64.376929
2411.624030 66.459471
2412.036167 64.584334
2412.448304 63.961665
2412.860441 65.324076
2413.272578 65.433063
2413.684715 64.467091
2414.096852 63.359024
2414.508989 65.532924
2414.921126 65.719955
2415.333263 65.810019
2415.745400 66.436090
2416.157537 65.810436
2416.569674 65.186926
2416.981811 64.892881
2417.393948 63.713646
2417.806085 67.964507
2418.218222 66.497000
2418.630359 64.451259
2419.042496 63.336089
2419.454633 66.909363
2419.866770 66.385990
2420.278907 65.248642
2420.691044 64.842498
2421.103181 66.499526
2421.515318 68.571265
2421.927455 67.086207
2422.339592 66.479123
2422.751729 67.297489
2423.163866 66.945103
2423.576003 66.370631
2423.988140 64.844082
2424.400277 65.673909
2424.812414 66.725628
2425.224551 66.966609
2425.636688 65.274280
2426.048825 65.714671
2426.460962 64.427581
2426.873099 63.075832
2427.285236 65.367845
2427.697373 65.671539
2428.109510 66.007251
2428.521647 65.744496
2428.933784 65.716899
2429.345921 64.681684
2429.758058 64.703147
2430.170195 66.160248
2430.582332 65.324599
2430.994469 65.037162
2431.406606 64.138248
2431.818743 62.529594
2432.230880 65.130720
2432.643017 66.356270
2433.055154 65.311498
2433.467291 65.697586
2433.879428 66.170506
2434.291565 66.171263
2434.703703 64.927057
2435.115840 64.856972
2435.527977 65.114124
2435.940114 62.241223
2436.352251 64.788103
2436.764388 65.506431
2437.176525 65.383606
2437.588662 62.919192
2438.000799 64.342201
2438.412936 62.699173
2438.825073 63.563593
2439.237210 66.173604
2439.649347 65.299026
2440.061484 65.667322
2440.473621 64.221810
2440.885758 64.110849
2441.297895 63.617535
2441.710032 63.416687
2442.122169 62.730774
2442.534306 62.471875
2442.946443 63.699915
2443.358580 65.078165
2443.770717 62.893547
2444.182854 64.849282
2444.594991 66.113975
2445.007128 66.606730
2445.419265 64.891693
2445.831402 63.722871
2446.243539 64.026870
2446.655676 63.936934
2447.067813 63.613035
2447.479950 63.856534
2447.892087 64.341027
2448.304224 63.547746
2448.716361 62.899638
2449.128498 61.316884
2449.540635 63.197623
2449.952772 62.693740
2450.364909 64.618397
2450.777046 65.775510
2451.189183 66.213885
2451.601320 63.693761
2452.013457 65.268118
2452.425594 64.641933
2452.837731 65.672416
2453.249868 65.178861
2453.662005 65.432773
2454.074142 64.873667
2454.486279 63.827734
2454.898416 62.910908
2455.310553 64.496711
2455.722690 64.925954
2456.134827 64.068835
2456.546964 63.583733
2456.959101 62.974980
2457.371238 64.150437
2457.783375 65.295517
2458.195512 64.179371
2458.607649 61.809356
2459.019786 62.739009
2459.431923 65.513703
2459.844061 65.402070
2460.256198 65.356469
2460.668335 65.310451
2461.080472 64.686028
2461.492609 64.546133
2461.904746 65.166686
2462.316883 63.843411
2462.729020 63.927489
2463.141157 64.867138
2463.553294 64.833520
2463.965431 63.836740
2464.377568 63.712239
2464.789705 64.060522
2465.201842 65.014892
2465.613979 65.522122
2466.026116 63.820830
2466.438253 63.006383
2466.850390 63.361189
2467.262527 64.478877
2467.674664 64.533413
2468.086801 62.102885
2468.498938 61.424265
2468.911075 62.815135
2469.323212 63.518077
2469.735349 61.768941
2470.147486 63.147643
2470.559623 62.769322
2470.971760 62.684409
2471.383897 61.738061
2471.796034 63.165308
2472.208171 62.279552
2472.620308 60.860158
2473.032445 64.057006
2473.444582 64.836612
2473.856719 64.350733
2474.268856 63.473254
2474.680993 63.559808
2475.093130 62.899370
2475.505267 62.591106
2475.917404 64.602317
2476.329541 64.911380
2476.741678 64.878336
2477.153815 63.475263
2477.565952 62.225950
2477.978089 63.020482
2478.390226 62.329843
2478.802363 63.601405
2479.214500 63.979026
2479.626637 63.490975
2480.038774 63.257232
2480.450911 61.674866
2480.863048 62.842839
2481.275185 63.342902
2481.687322 61.768651
2482.099459 63.211383
2482.511596 62.899808
2482.923733 64.469871
2483.335870 64.467332
2483.748007 64.252357
2484.160144 64.844358
2484.572281 64.302372
2484.984418 61.827813
2485.396556 61.342075
2485.808693 61.294600
2486.220830 62.830451
2486.632967 62.171958
2487.045104 62.964460
2487.457241 63.028066
2487.869378 61.972660
2488.281515 61.905475
2488.693652 61.625523
2489.105789 62.852141
2489.517926 62.789923
2489.930063 63.346609
2490.342200 61.589267
2490.754337 62.809490
2491.166474 63.556044
2491.578611 62.461030
2491.990748 61.654485
2492.402885 62.841162
2492.815022 62.751926
2493.227159 64.398562
2493.639296 64.242821
2494.051433 63.315970
2494.463570 64.281503
2494.875707 63.125076
2495.287844 62.596765
2495.699981 61.981234
2496.112118 60.786132
2496.524255 62.477209
2496.936392 61.677392
2497.348529 60.964674
2497.760666 61.185924
2498.172803 61.511301
2498.584940 61.281901
2498.997077 60.674280
2499.409214 61.004000
2499.821351 61.116234
2500.233488 61.333211
2500.645625 62.421371
2501.057762 61.736554
2501.469899 62.039866
2501.882036 63.594126
2502.294173 62.809632
2502.706310 62.936241
2503.118447 62.323561
2503.530584 62.047358
2503.942721 62.864507
2504.354858 63.268791
2504.766995 62.994908
2505.179132 62.215671
2505.591269 63.496733
2506.003406 62.243600
2506.415543 62.630609
2506.827680 63.915887
2507.239817 62.806059
2507.651954 61.451169
2508.064091 61.012787
2508.476228 63.541804
2508.888365 63.961163
2509.300502 62.542958
2509.712639 60.584379
2510.124776 59.567097
2510.536913 57.936110
2510.949051 58.511656
2511.361188 59.156220
2511.773325 59.105631
2512.185462 60.866949
2512.597599 61.404415
2513.009736 60.543864
2513.421873 59.737242
2513.834010 60.093215
2514.246147 59.018843
2514.658284 59.457813
2515.070421 61.794359
2515.482558 62.575613
2515.894695 62.850528
2516.306832 61.222562
2516.718969 62.132300
2517.131106 61.500279
2517.543243 62.083473
2517.955380 60.489703
2518.367517 58.336510
2518.779654 60.974210
2519.191791 61.996289
2519.603928 60.893025
2520.016065 61.209191
2520.428202 61.101138
2520.840339 59.163577
2521.252476 61.473368
2521.664613 61.402985
2522.076750 61.870167
2522.488887 61.223305
2522.901024 57.854939
2523.313161 55.249781
2523.725298 53.195932
2524.137435 53.823765
2524.549572 55.925818
2524.961709 58.799688
2525.373846 60.478646
2525.785983 58.362260
2526.198120 57.395709
2526.610257 58.020577
2527.022394 59.585625
2527.434531 60.466514
2527.846668 59.343775
2528.258805 60.487369
2528.670942 60.896944
2529.083079 59.946706
2529.495216 59.324759
2529.907353 60.076081
2530.319490 60.623627
2530.731627 61.475151
2531.143764 62.347232
2531.555901 61.196882
2531.968038 60.557681
2532.380175 61.257926
2532.792312 60.917616
2533.204449 61.030430
2533.616586 59.366321
2534.028723 60.148933
2534.440860 61.360051
2534.852997 60.395784
2535.265134 61.111141
2535.677271 60.366787
2536.089409 59.897122
2536.501546 58.856855
2536.913683 60.667694
2537.325820 60.685075
2537.737957 59.441103
2538.150094 60.413074
2538.562231 60.759978
2538.974368 60.339657
2539.386505 59.441789
2539.798642 58.560717
2540.210779 58.537166
2540.622916 59.374704
2541.035053 58.475768
2541.447190 58.848076
2541.859327 59.933866
2542.271464 60.062810
2542.683601 61.511081
2543.095738 59.937870
2543.507875 56.915305
2543.920012 57.058136
2544.332149 57.642794
2544.744286 59.967985
2545.156423 59.845338
2545.568560 59.499587
2545.980697 58.459426
2546.392834 60.567507
2546.804971 60.330418
2547.217108 59.456087
2547.629245 58.309217
2548.041382 57.908640
2548.453519 58.479171
2548.865656 59.980295
2549.277793 59.560447
2549.689930 58.710657
2550.102067 58.965100
2550.514204 59.475294
2550.926341 60.364947
2551.338478 60.823018
2551.750615 60.383928
2552.162752 60.088829
2552.574889 60.281251
2552.987026 58.861086
2553.399163 56.792735
2553.811300 57.961691
2554.223437 58.998087
2554.635574 59.102278
2555.047711 58.420956
2555.459848 57.715475
2555.871985 58.818456
2556.284122 58.084331
2556.696259 57.739620
2557.108396 56.451073
2557.520533 60.300550
2557.932670 60.025309
2558.344807 56.859290
2558.756944 57.889433
2559.169081 58.832753
2559.581218 58.600800
2559.993355 57.793074
2560.405492 58.481357
2560.817629 58.668119
2561.229766 57.823005
2561.641904 58.096082
2562.054041 58.384679
2562.466178 57.482122
2562.878315 56.358081
2563.290452 56.867878
2563.702589 57.482383
2564.114726 57.970505
2564.526863 58.779483
2564.939000 58.305963
2565.351137 57.293237
2565.763274 59.879825
2566.175411 58.760241
2566.587548 59.050133
2566.999685 57.205706
2567.411822 59.563334
2567.823959 59.519628
2568.236096 57.068287
2568.648233 57.956498
2569.060370 58.036997
2569.472507 57.935034
2569.884644 58.580383
2570.296781 58.936328
2570.708918 58.392588
2571.121055 58.266297
2571.533192 57.677734
2571.945329 56.565415
2572.357466 57.518243
2572.769603 58.253769
2573.181740 57.007547
2573.593877 56.710984
2574.006014 56.810732
2574.418151 57.960934
2574.830288 57.805928
2575.242425 57.541751
2575.654562 57.052052
2576.066699 55.467875
2576.478836 57.215002
2576.890973 57.256075
2577.303110 56.841675
2577.715247 57.027461
2578.127384 57.352944
2578.539521 57.495244
2578.951658 57.256613
2579.363795 57.575722
2579.775932 56.550821
2580.188069 55.169551
2580.600206 56.720456
2581.012343 58.664759
2581.424480 58.959575
2581.836617 56.481528
2582.248754 56.351304
2582.660891 56.699488
2583.073028 57.536849
2583.485165 57.087261
2583.897302 56.432467
2584.309439 56.570820
2584.721576 57.423518
2585.133713 56.902147
2585.545850 55.117342
2585.957987 56.051974
2586.370124 56.882862
2586.782262 56.765251
2587.194399 56.514112
2587.606536 55.428634
2588.018673 54.862758
2588.430810 54.508419
2588.842947 55.237782
2589.255084 55.894776
2589.667221 56.994849
2590.079358 56.965752
2590.491495 57.200195
2590.903632 57.040973
2591.315769 54.918765
2591.727906 55.796605
2592.140043 57.111094
2592.552180 56.369718
2592.964317 55.419458
2593.376454 55.413417
2593.788591 56.640311
2594.200728 56.768958
2594.612865 56.196531
2595.025002 57.372950
2595.437139 54.662363
2595.849276 54.252568
2596.261413 53.009828
2596.673550 57.186584
2597.085687 56.991297
2597.497824 56.739699
2597.909961 54.992204
2598.322098 54.130741
2598.734235 54.235852
2599.146372 55.677601
2599.558509 56.119640
2599.970646 55.387192
2600.382783 55.142357
2600.794920 54.885735
2601.207057 54.387787
2601.619194 55.406611
2602.031331 56.588074
2602.443468 57.011954
2602.855605 56.233162
2603.267742 55.588676
2603.679879 55.641232
2604.092016 54.158628
2604.504153 55.020431
2604.916290 56.777150
2605.328427 57.534599
2605.740564 57.060123
2606.152701 57.548288
2606.564838 57.149578
2606.976975 56.651991
2607.389112 56.036984
2607.801249 55.337141
2608.213386 56.675513
2608.625523 56.919981
2609.037660 56.270359
2609.449797 56.602039
2609.861934 56.451441
2610.274071 56.387064
2610.686208 56.785399
2611.098345 57.691776
2611.510482 57.192138
2611.922619 54.267559
2612.334757 55.409491
2612.746894 55.263759
2613.159031 54.821232
2613.571168 56.140036
2613.983305 57.089878
2614.395442 56.984845
2614.807579 57.196870
2615.219716 57.045947
2615.631853 57.263652
2616.043990 56.669047
2616.456127 57.521016
2616.868264 56.889745
2617.280401 56.662362
2617.692538 57.417398
2618.104675 56.854833
2618.516812 55.575483
2618.928949 55.112121
2619.341086 56.030044
2619.753223 57.167172
2620.165360 55.851856
2620.577497 54.170259
2620.989634 54.261157
2621.401771 55.003374
2621.813908 55.834587
2622.226045 57.258445
2622.638182 56.912100
2623.050319 56.964761
2623.462456 55.987754
2623.874593 55.575179
2624.286730 57.255318
2624.698867 57.198031
2625.111004 56.244835
2625.523141 54.888127
2625.935278 56.309112
2626.347415 57.126389
2626.759552 56.694791
2627.171689 56.121756
2627.583826 54.945542
2627.995963 54.528906
2628.408100 56.500077
2628.820237 56.464726
2629.232374 56.711019
2629.644511 54.850300
2630.056648 52.164190
2630.468785 54.680452
2630.880922 54.811603
2631.293059 53.880402
2631.705196 54.060380
2632.117333 54.443257
2632.529470 54.645031
2632.941607 53.194128
2633.353744 52.476105
2633.765881 53.841918
2634.178018 52.734141
2634.590155 54.359327
2635.002292 55.152636
2635.414429 56.203160
2635.826566 55.269737
2636.238703 54.669395
2636.650840 53.233490
2637.062977 51.318171
2637.475115 52.403741
2637.887252 52.891955
2638.299389 54.346381
2638.711526 54.127721
2639.123663 52.943619
2639.535800 53.311541
2639.947937 53.714686
2640.360074 52.898506
2640.772211 53.143518
2641.184348 52.268798
2641.596485 52.036541
2642.008622 52.025873
2642.420759 52.294733
2642.832896 52.868709
2643.245033 52.763351
2643.657170 51.798907
2644.069307 52.315942
2644.481444 53.396383
2644.893581 52.460201
2645.305718 52.430765
2645.717855 49.601188
2646.129992 50.705533
2646.542129 51.706148
2646.954266 51.029743
2647.366403 50.304313
2647.778540 51.145415
2648.190677 51.173663
2648.602814 51.023277
2649.014951 50.565235
2649.427088 49.479071
2649.839225 50.442623
2650.251362 51.634832
2650.663499 51.786456
2651.075636 50.662026
2651.487773 50.185464
2651.899910 49.524360
2652.312047 50.269316
2652.724184 50.472250
2653.136321 50.848053
2653.548458 51.193401
2653.960595 51.773694
2654.372732 50.822515
2654.784869 50.614437
2655.197006 50.202662
2655.609143 49.833014
2656.021280 48.916541
2656.433417 49.690600
2656.845554 49.808727
2657.257691 49.754227
2657.669828 49.753123
2658.081965 49.959984
2658.494102 50.386375
2658.906239 50.787716
2659.318376 50.200278
2659.730513 49.716393
2660.142650 50.124448
2660.554787 50.580947
2660.966924 49.354746
2661.379061 49.801851
2661.791198 50.826816
2662.203335 52.083988
2662.615472 51.139360
2663.027610 50.371675
2663.439747 50.221373
2663.851884 51.284999
2664.264021 50.897022
2664.676158 50.102673
2665.088295 50.188626
2665.500432 49.540815
2665.912569 50.148819
2666.324706 49.410711
2666.736843 48.549220
2667.148980 49.908631
2667.561117 50.586692
2667.973254 51.258011
2668.385391 50.820767
2668.797528 50.537964
2669.209665 50.103989
2669.621802 51.180865
2670.033939 52.603994
2670.446076 51.866488
2670.858213 50.041126
2671.270350 50.727329
2671.682487 50.032948
2672.094624 51.441271
2672.506761 51.216902
2672.918898 51.108785
2673.331035 49.533635
2673.743172 50.265468
2674.155309 50.667629
2674.567446 49.769069
2674.979583 49.318405
2675.391720 48.862274
2675.803857 49.625035
2676.215994 49.700922
2676.628131 49.460026
2677.040268 50.219194
2677.452405 49.430081
2677.864542 48.255621
2678.276679 47.547205
2678.688816 48.229722
2679.100953 49.600197
2679.513090 50.139028
2679.925227 50.210776
2680.337364 50.283868
2680.749501 48.670163
2681.161638 49.496721
2681.573775 50.239788
2681.985912 49.277254
2682.398049 50.676316
2682.810186 50.306930
2683.222323 49.577312
2683.634460 49.339614
2684.046597 50.252656
2684.458734 51.424187
2684.870871 52.106938
2685.283008 51.138242
2685.695145 48.681942
2686.107282 48.576011
2686.519419 49.100813
2686.931556 49.829547
2687.343693 48.494430
2687.755830 49.170531
2688.167968 49.463224
2688.580105 49.861092
2688.992242 51.415903
2689.404379 50.122226
2689.816516 51.449576
2690.228653 49.864218
2690.640790 50.425298
2691.052927 50.061246
2691.465064 49.404493
2691.877201 49.565597
2692.289338 49.990007
2692.701475 48.811600
2693.113612 49.040384
2693.525749 50.040001
2693.937886 50.905341
2694.350023 50.125452
2694.762160 50.675715
2695.174297 51.222632
2695.586434 48.139312
2695.998571 49.433377
2696.410708 49.996445
2696.822845 50.209177
2697.234982 51.122268
2697.647119 50.315094
2698.059256 49.994627
2698.471393 50.046531
2698.883530 50.254913
2699.295667 51.338729
2699.707804 51.720863
2700.119941 51.938554
2700.532078 52.125904
2700.944215 51.054871
2701.356352 50.943938
2701.768489 50.657265
2702.180626 51.042526
2702.592763 52.439544
2703.004900 51.752641
2703.417037 51.280288
2703.829174 51.111140
2704.241311 50.131451
2704.653448 50.943606
2705.065585 50.872742
2705.477722 50.424244
2705.889859 50.895338
2706.301996 51.829822
2706.714133 51.997887
2707.126270 51.885921
2707.538407 51.463081
2707.950544 51.093879
2708.362681 51.291182
2708.774818 50.346829
2709.186955 50.421789
2709.599092 51.240261
2710.011229 51.777528
2710.423366 51.767483
2710.835503 53.073065
2711.247640 52.721690
2711.659777 50.832688
2712.071914 51.364486
2712.484051 51.685916
2712.896188 50.628494
2713.308325 47.247437
2713.720463 44.466078
2714.132600 43.062234
2714.544737 43.106193
2714.956874 44.176066
2715.369011 49.073358
2715.781148 50.729699
2716.193285 52.658926
2716.605422 52.946774
2717.017559 53.377537
2717.429696 53.211064
2717.841833 52.660348
2718.253970 53.378471
2718.666107 54.291484
2719.078244 52.785288
2719.490381 51.613128
2719.902518 51.204203
2720.314655 49.623217
2720.726792 46.353411
2721.138929 42.262127
2721.551066 44.864660
2721.963203 47.055539
2722.375340 49.822331
2722.787477 51.801517
2723.199614 52.591685
2723.611751 54.338493
2724.023888 54.036540
2724.436025 53.165809
2724.848162 52.657837
2725.260299 54.271103
2725.672436 55.081928
2726.084573 54.143801
2726.496710 55.166707
2726.908847 54.891147
2727.320984 55.143411
2727.733121 55.924891
2728.145258 55.191884
2728.557395 52.707874
2728.969532 54.298884
2729.381669 54.918461
2729.793806 54.674064
2730.205943 55.340820
2730.618080 55.820347
2731.030217 56.073410
2731.442354 55.385700
2731.854491 54.700345
2732.266628 56.220506
2732.678765 57.315740
2733.090902 57.221793
2733.503039 55.125350
2733.915176 54.763194
2734.327313 53.719489
2734.739450 54.499286
2735.151587 55.146891
2735.563724 53.813917
2735.975861 54.483036
2736.387998 55.019716
2736.800135 54.546620
2737.212272 55.157347
2737.624409 54.813648
2738.036546 55.417980
2738.448683 55.483382
2738.860820 54.674793
2739.272958 56.676935
2739.685095 57.025127
2740.097232 57.267684
2740.509369 56.296357
2740.921506 55.492352
2741.333643 55.633245
2741.745780 56.593203
2742.157917 55.629453
2742.570054 54.960348
2742.982191 55.527370
2743.394328 55.529917
2743.806465 55.966573
2744.218602 52.935101
2744.630739 53.300201
2745.042876 53.900500
2745.455013 56.780992
2745.867150 57.236388
2746.279287 57.115848
2746.691424 57.965433
2747.103561 58.678950
2747.515698 58.625737
2747.927835 55.502936
2748.339972 56.192754
2748.752109 57.596259
2749.164246 57.129063
2749.576383 56.795154
2749.988520 57.424890
2750.400657 57.965610
2750.812794 57.020429
2751.224931 57.245294
2751.637068 58.280071
2752.049205 58.110167
2752.461342 57.455579
2752.873479 57.548090
2753.285616 57.534125
2753.697753 57.187051
2754.109890 56.550283
2754.522027 58.042876
2754.934164 58.863052
2755.346301 58.191500
2755.758438 56.812027
2756.170575 56.648312
2756.582712 57.273393
2756.994849 56.384730
2757.406986 56.685014
2757.819123 56.457992
2758.231260 55.838782
2758.643397 56.879792
2759.055534 57.451525
2759.467671 55.846076
2759.879808 56.661853
2760.291945 58.279738
2760.704082 59.497415
2761.116219 58.381474
2761.528356 58.567126
2761.940493 58.842247
2762.352630 58.094532
2762.764767 57.206739
2763.176904 57.225974
2763.589041 58.324080
2764.001178 57.905662
2764.413316 58.889249
2764.825453 59.116172
2765.237590 60.690558
2765.649727 60.632329
2766.061864 60.750965
2766.474001 59.906474
2766.886138 59.225527
2767.298275 60.420375
2767.710412 60.911022
2768.122549 61.882604
2768.534686 60.714080
2768.946823 57.725995
2769.358960 57.123764
2769.771097 59.296171
2770.183234 62.619113
2770.595371 63.454705
2771.007508 63.636147
2771.419645 64.167628
2771.831782 65.119281
2772.243919 63.583231
2772.656056 64.891530
2773.068193 66.766681
2773.480330 66.642731
2773.892467 67.310761
2774.304604 67.319795
2774.716741 68.964025
2775.128878 69.951602
2775.541015 66.589009
2775.953152 69.850948
2776.365289 69.045083
2776.777426 70.744012
2777.189563 70.941754
2777.601700 70.827532
2778.013837 71.276073
2778.425974 72.061805
2778.838111 73.160979
2779.250248 70.934510
2779.662385 71.457536
2780.074522 72.743339
2780.486659 71.494917
2780.898796 72.422150
2781.310933 73.661276
2781.723070 76.268047
2782.135207 77.733594
2782.547344 76.767495
2782.959481 77.771039
2783.371618 78.144868
2783.783755 79.251845
2784.195892 79.159242
2784.608029 79.741735
2785.020166 79.258438
2785.432303 79.349060
2785.844440 82.169010
2786.256577 82.672058
2786.668714 83.265694
2787.080851 83.130907
2787.492988 84.613934
2787.905125 84.850472
2788.317262 85.302684
2788.729399 86.151696
2789.141536 86.840000
2789.553673 87.459500
2789.965811 88.575285
2790.377948 89.583285
2790.790085 89.607706
2791.202222 89.836546
2791.614359 90.194847
2792.026496 90.736897
2792.438633 92.698475
2792.850770 92.156729
2793.262907 94.520349
2793.675044 97.106251
2794.087181 95.694171
2794.499318 95.428806
2794.911455 95.442396
2795.323592 95.561025
2795.735729 95.324608
2796.147866 93.423919
2796.560003 93.268489
2796.972140 93.736124
2797.384277 94.038403
2797.796414 94.381784
2798.208551 93.346420
2798.620688 93.498645
2799.032825 92.991189
2799.444962 93.440119
2799.857099 93.632407
2800.269236 93.035559
2800.681373 93.227847
2801.093510 96.069458
2801.505647 98.627451
2801.917784 98.833895
2802.329921 88.386549
2802.742058 83.081599
2803.154195 86.605642
2803.566332 86.829078
2803.978469 86.735640
2804.390606 91.976751
2804.802743 97.110191
2805.214880 93.941852
2805.627017 90.867666
2806.039154 87.325172
2806.451291 86.819669
2806.863428 85.477442
2807.275565 83.999741
2807.687702 84.144319
2808.099839 83.896456
2808.511976 83.962678
2808.924113 83.684756
2809.336250 84.181438
2809.748387 84.486695
2810.160524 84.350720
2810.572661 84.037928
2810.984798 82.397199
2811.396935 82.077432
2811.809072 82.158441
2812.221209 82.665302
2812.633346 82.046949
2813.045483 81.855567
2813.457620 80.116371
2813.869757 80.943353
2814.281894 80.570585
2814.694031 79.225012
2815.106169 79.059126
2815.518306 79.880774
2815.930443 79.517988
2816.342580 78.546866
2816.754717 77.260286
2817.166854 76.467303
2817.578991 75.828158
2817.991128 76.142442
2818.403265 75.932787
2818.815402 74.959720
2819.227539 74.203283
2819.639676 74.573313
2820.051813 74.747419
2820.463950 73.060531
2820.876087 71.681163
2821.288224 71.045223
2821.700361 71.909954
2822.112498 71.407301
2822.524635 71.784618
2822.936772 70.253782
2823.348909 71.974196
2823.761046 72.433278
2824.173183 71.949245
2824.585320 71.117714
2824.997457 71.166930
2825.409594 70.476390
2825.821731 70.109543
2826.233868 69.549518
2826.646005 69.608051
2827.058142 68.454036
2827.470279 67.947932
2827.882416 66.708367
2828.294553 65.884342
2828.706690 65.239700
2829.118827 65.090170
2829.530964 65.820425
2829.943101 65.604425
2830.355238 64.619996
2830.767375 64.939777
2831.179512 64.440463
2831.591649 63.934903
2832.003786 64.329099
2832.415923 64.087327
2832.828060 64.193463
2833.240197 63.497292
2833.652334 62.088764
2834.064471 63.224895
2834.476608 63.549564
2834.888745 63.266534
2835.300882 61.437084
2835.713019 60.096554
2836.125156 61.831223
2836.537293 60.535418
2836.949430 59.748073
2837.361567 59.745165
2837.773704 60.092395
2838.185841 60.577644
2838.597978 60.997945
2839.010115 60.134699
2839.422252 60.281095
2839.834389 59.671295
2840.246526 58.690269
2840.658664 59.785673
2841.070801 59.473468
2841.482938 58.606325
2841.895075 56.930904
2842.307212 56.240477
2842.719349 56.490427
2843.131486 57.716091
2843.543623 57.203662
2843.955760 56.837133
2844.367897 57.376495
2844.780034 57.583299
2845.192171 57.694344
2845.604308 56.398298
2846.016445 56.760313
2846.428582 56.361873
2846.840719 56.106857
2847.252856 56.186083
2847.664993 55.492918
2848.077130 54.265741
2848.489267 56.645660
2848.901404 56.557280
2849.313541 56.865933
2849.725678 55.843933
2850.137815 54.931690
2850.549952 54.036964
2850.962089 54.372386
2851.374226 54.637596
2851.786363 55.608485
2852.198500 55.352790
2852.610637 54.365135
2853.022774 54.403768
2853.434911 54.362610
2853.847048 53.131570
2854.259185 54.273947
2854.671322 53.916524
2855.083459 55.311921
2855.495596 54.947678
2855.907733 53.246598
2856.319870 53.442621
2856.732007 52.728043
2857.144144 52.598568
2857.556281 52.554764
2857.968418 51.828831
2858.380555 51.734502
2858.792692 51.961822
2859.204829 50.852248
2859.616966 50.986448
2860.029103 51.435428
2860.441240 52.650833
2860.853377 53.338119
2861.265514 52.743359
2861.677651 51.864444
2862.089788 52.094190
2862.501925 51.006511
2862.914062 51.540913
2863.326199 51.053598
2863.738336 52.412138
2864.150473 51.508428
2864.562610 50.307680
2864.974747 50.276801
2865.386884 50.294847
2865.799022 49.825784
2866.211159 51.035919
2866.623296 50.547514
2867.035433 50.173077
2867.447570 50.667969
2867.859707 48.401848
2868.271844 48.566482
2868.683981 49.142403
2869.096118 49.526094
2869.508255 49.345599
2869.920392 49.016621
2870.332529 49.407528
2870.744666 50.475908
2871.156803 49.754418
2871.568940 48.770845
2871.981077 48.483365
2872.393214 50.234666
2872.805351 49.744535
2873.217488 49.242300
2873.629625 49.502579
2874.041762 49.297854
2874.453899 48.961194
2874.866036 49.206100
2875.278173 49.769316
2875.690310 49.258542
2876.102447 50.045010
2876.514584 49.696429
2876.926721 49.085101
2877.338858 49.477712
2877.750995 48.341603
2878.163132 48.827390
2878.575269 48.724501
2878.987406 48.936972
2879.399543 48.951304
2879.811680 48.427853
2880.223817 47.134234
2880.635954 47.058772
2881.048091 47.413153
2881.460228 47.559663
2881.872365 47.354125
2882.284502 46.168410
2882.696639 46.793689
2883.108776 48.088030
2883.520913 47.271652
2883.933050 47.223788
2884.345187 47.663896
2884.757324 46.784259
2885.169461 46.130591
2885.581598 46.472416
2885.993735 46.021413
2886.405872 46.202629
2886.818009 46.440715
2887.230146 46.950209
2887.642283 47.663280
2888.054420 47.641435
2888.466557 47.106375
2888.878694 46.594710
2889.290831 46.213233
2889.702968 45.918198
2890.115105 45.755941
2890.527242 45.705374
2890.939379 45.140036
2891.351517 45.879721
2891.763654 46.019283
2892.175791 46.266765
2892.587928 46.837791
2893.000065 45.495344
2893.412202 45.254251
2893.824339 44.548798
2894.236476 44.449652
2894.648613 44.901270
2895.060750 45.859170
2895.472887 46.091597
2895.885024 46.049293
2896.297161 44.758475
2896.709298 44.762281
2897.121435 44.669579
2897.533572 44.804967
2897.945709 44.693469
2898.357846 45.366917
2898.769983 44.071132
2899.182120 42.653082
2899.594257 42.765352
2900.006394 43.613897
2900.418531 44.164082
2900.830668 44.805087
2901.242805 44.664075
2901.654942 44.317913
2902.067079 44.641875
2902.479216 45.001867
2902.891353 43.595285
2903.303490 43.524449
2903.715627 43.103442
2904.127764 42.989665
2904.539901 43.922812
2904.952038 44.647485
2905.364175 45.128490
2905.776312 44.974864
2906.188449 43.291286
2906.600586 43.507881
2907.012723 42.725502
2907.424860 44.193327
2907.836997 43.762953
2908.249134 42.002824
2908.661271 42.764553
2909.073408 41.611840
2909.485545 42.255731
2909.897682 41.964941
2910.309819 41.583450
2910.721956 42.611981
2911.134093 44.158592
2911.546230 43.805845
2911.958367 43.840743
2912.370504 43.026735
2912.782641 42.965329
2913.194778 43.138792
2913.606915 42.801495
2914.019052 43.544816
2914.431189 43.250906
2914.843326 43.353922
2915.255463 43.715159
2915.667600 44.276769
2916.079737 45.549887
2916.491874 45.985192
2916.904012 43.551898
2917.316149 44.150924
2917.728286 42.942133
2918.140423 44.243449
2918.552560 44.139216
2918.964697 42.846410
2919.376834 43.615545
2919.788971 44.625965
2920.201108 44.960546
2920.613245 44.412271
2921.025382 44.320397
2921.437519 44.750615
2921.849656 44.116663
2922.261793 43.483630
2922.673930 43.624013
2923.086067 42.762904
2923.498204 42.608274
2923.910341 43.181316
2924.322478 44.385417
2924.734615 44.295318
2925.146752 44.272065
2925.558889 44.169961
2925.971026 44.313435
2926.383163 44.531594
2926.795300 45.031056
2927.207437 43.479166
2927.619574 43.891176
2928.031711 43.485031
2928.443848 44.030596
2928.855985 44.220097
2929.268122 43.593551
2929.680259 43.419197
2930.092396 43.545524
2930.504533 43.895222
2930.916670 45.244092
2931.328807 45.355180
2931.740944 44.711253
2932.153081 44.477404
2932.565218 45.150449
2932.977355 45.752411
2933.389492 44.556700
2933.801629 44.451307
2934.213766 45.418977
2934.625903 46.354062
2935.038040 46.192336
2935.450177 45.784111
2935.862314 44.792637
2936.274451 44.921559
2936.686588 44.520628
2937.098725 45.093968
2937.510862 44.623871
2937.922999 43.259551
2938.335136 42.912201
2938.747273 42.760909
2939.159410 43.715944
2939.571547 43.922161
2939.983684 45.283864
2940.395821 44.513575
2940.807958 43.567143
2941.220095 42.682024
2941.632232 41.688936
2942.044370 42.688065
2942.456507 43.313570
2942.868644 43.272278
2943.280781 43.971398
2943.692918 45.204830
2944.105055 44.809360
2944.517192 43.781898
2944.929329 43.190350
2945.341466 42.628634
2945.753603 43.512373
2946.165740 43.917718
2946.577877 45.227623
2946.990014 44.981344
2947.402151 44.589087
2947.814288 45.026344
2948.226425 44.865283
2948.638562 44.365368
2949.050699 44.139131
2949.462836 44.428407
2949.874973 44.849550
2950.287110 44.634157
2950.699247 44.679376
2951.111384 45.255517
2951.523521 44.825787
2951.935658 45.122725
2952.347795 45.129545
2952.759932 44.361810
2953.172069 44.696468
2953.584206 44.550383
2953.996343 44.505270
2954.408480 44.694204
2954.820617 45.694911
2955.232754 45.529089
2955.644891 44.948597
2956.057028 44.610600
2956.469165 43.619762
2956.881302 42.881930
2957.293439 42.015211
2957.705576 41.753008
2958.117713 44.881717
2958.529850 45.370815
2958.941987 44.094916
2959.354124 39.739115
2959.766261 36.939102
2960.178398 37.459157
2960.590535 36.266856
2961.002672 38.242682
2961.414809 41.650055
2961.826946 44.853547
2962.239083 45.571330
2962.651220 42.911579
2963.063357 36.574158
2963.475494 36.806663
2963.887631 39.185450
2964.299768 43.759890
2964.711905 45.954737
2965.124042 46.397336
2965.536179 45.905174
2965.948316 44.224914
2966.360453 44.980135
2966.772590 44.800503
2967.184727 44.413410
2967.596865 44.231720
2968.009002 43.521209
2968.421139 43.838910
2968.833276 43.637440
2969.245413 42.555973
2969.657550 43.301205
2970.069687 43.841577
2970.481824 43.459132
2970.893961 43.737945
2971.306098 42.971993
2971.718235 42.916488
2972.130372 42.136366
2972.542509 43.015458
2972.954646 42.972807
2973.366783 41.636593
2973.778920 42.996181
2974.191057 44.113798
2974.603194 44.006360
2975.015331 42.914302
2975.427468 42.262954
2975.839605 43.207618
2976.251742 43.293656
2976.663879 43.574797
2977.076016 42.453112
2977.488153 41.425955
2977.900290 40.077219
2978.312427 41.057820
2978.724564 42.980016
2979.136701 41.812079
2979.548838 41.707456
2979.960975 42.456183
2980.373112 42.436806
2980.785249 41.851546
2981.197386 40.934303
2981.609523 41.359102
2982.021660 39.773546
2982.433797 39.809540
2982.845934 40.671590
2983.258071 42.025745
2983.670208 42.447467
2984.082345 42.659393
2984.494482 42.406867
2984.906619 42.248657
2985.318756 41.884782
2985.730893 41.058832
2986.143030 41.638545
2986.555167 42.256814
2986.967304 42.992275
2987.379441 42.360764
2987.791578 41.058450
2988.203715 40.613701
2988.615852 40.002132
2989.027989 40.299983
2989.440126 40.175043
2989.852263 40.154357
2990.264400 41.430185
2990.676537 41.434041
2991.088674 41.318071
2991.500811 41.877757
2991.912948 42.525879
2992.325085 41.380615
2992.737223 40.636466
2993.149360 38.810298
2993.561497 39.786966
2993.973634 40.636070
2994.385771 39.394121
2994.797908 39.321991
2995.210045 38.903814
2995.622182 39.004538
2996.034319 37.704757
2996.446456 39.170622
2996.858593 39.888108
2997.270730 40.736044
2997.682867 40.360808
2998.095004 38.539217
2998.507141 38.919993
2998.919278 38.567075
2999.331415 39.316912
2999.743552 39.865343
3000.155689 38.395254
3000.567826 38.730903
3000.979963 38.679996
3001.392100 39.516571
3001.804237 39.398889
3002.216374 38.265376
3002.628511 40.117967
3003.040648 40.147219
3003.452785 39.511117
3003.864922 39.459807
3004.277059 38.423848
3004.689196 38.157563
3005.101333 38.588454
3005.513470 38.202351
3005.925607 37.434043
3006.337744 37.207417
3006.749881 37.825813
3007.162018 38.357576
3007.574155 38.603720
3007.986292 38.996339
3008.398429 37.602575
3008.810566 37.402138
3009.222703 38.127639
3009.634840 39.382470
3010.046977 38.579738
3010.459114 36.899549
3010.871251 37.725300
3011.283388 38.247110
3011.695525 38.885512
3012.107662 38.783642
3012.519799 37.939221
3012.931936 38.017449
3013.344073 36.901777
3013.756210 36.263269
3014.168347 36.102753
3014.580484 36.990440
3014.992621 38.020364
3015.404758 37.740022
3015.816895 37.745823
3016.229032 36.391577
3016.641169 37.414553
3017.053306 37.981865
3017.465443 37.367488
3017.877580 36.682416
3018.289718 36.622249
3018.701855 36.979029
3019.113992 36.888492
3019.526129 37.065640
3019.938266 36.966331
3020.350403 36.566999
3020.762540 37.675285
3021.174677 37.864785
3021.586814 35.796349
3021.998951 36.637586
3022.411088 35.182799
3022.823225 35.827335
3023.235362 35.843740
3023.647499 36.053331
3024.059636 35.830922
3024.471773 36.228400
3024.883910 37.420093
3025.296047 37.232382
3025.708184 37.055672
3026.120321 37.352653
3026.532458 37.481816
3026.944595 37.686936
3027.356732 36.752467
3027.768869 36.916605
3028.181006 35.757787
3028.593143 34.732044
3029.005280 35.578368
3029.417417 36.211315
3029.829554 36.872193
3030.241691 36.079301
3030.653828 35.306084
3031.065965 34.807343
3031.478102 36.033163
3031.890239 37.584231
3032.302376 37.619051
3032.714513 36.828487
3033.126650 38.346901
3033.538787 35.833178
3033.950924 37.185083
3034.363061 36.964796
3034.775198 36.722988
3035.187335 36.755056
3035.599472 36.589828
3036.011609 37.042500
3036.423746 37.059585
3036.835883 36.663719
3037.248020 37.499360
3037.660157 37.859918
3038.072294 37.971119
3038.484431 37.375885
3038.896568 37.051456
3039.308705 36.855999
3039.720842 36.589785
3040.132979 36.800954
3040.545116 35.101091
3040.957253 36.488056
3041.369390 36.344702
3041.781527 36.327617
3042.193664 36.398623
3042.605801 36.361235
3043.017938 36.795500
3043.430076 37.141123
3043.842213 36.857775
3044.254350 36.582166
3044.666487 37.124286
3045.078624 36.665481
3045.490761 35.543017
3045.902898 36.360067
3046.315035 36.389985
3046.727172 36.428589
3047.139309 36.590945
3047.551446 36.450237
3047.963583 36.698666
3048.375720 36.439427
3048.787857 34.675117
3049.199994 35.348346
3049.612131 35.345573
3050.024268 35.848013
3050.436405 36.032646
3050.848542 36.346541
3051.260679 35.147428
3051.672816 36.386469
3052.084953 37.237766
3052.497090 36.555906
3052.909227 36.953965
3053.321364 37.065888
3053.733501 36.045465
3054.145638 37.101309
3054.557775 37.823259
3054.969912 37.329442
3055.382049 36.302058
3055.794186 36.427825
3056.206323 36.109261
3056.618460 35.824533
3057.030597 36.700852
3057.442734 35.298762
3057.854871 36.069008
3058.267008 36.348303
3058.679145 35.566179
3059.091282 36.353920
3059.503419 36.156150
3059.915556 37.161894
3060.327693 36.136653
3060.739830 35.403130
3061.151967 35.205338
3061.564104 34.810166
3061.976241 35.998781
3062.388378 37.541177
3062.800515 37.837252
3063.212652 37.462065
3063.624789 36.241410
3064.036926 36.804817
3064.449063 37.520456
3064.861200 38.106197
3065.273337 37.785715
3065.685474 36.830164
3066.097611 36.173630
3066.509748 35.722295
3066.921885 37.280488
3067.334022 36.561976
3067.746159 37.780339
3068.158296 36.749368
3068.570433 36.040711
3068.982571 35.538766
3069.394708 35.422372
3069.806845 36.556790
3070.218982 36.116413
3070.631119 36.285886
3071.043256 36.443559
3071.455393 37.471990
3071.867530 36.317133
3072.279667 36.179679
3072.691804 36.575099
3073.103941 35.895687
3073.516078 36.821455
3073.928215 37.079265
3074.340352 36.102986
3074.752489 36.267054
3075.164626 37.052206
3075.576763 36.203597
3075.988900 35.340628
3076.401037 34.678895
3076.813174 34.801344
3077.225311 35.432948
3077.637448 36.088286
3078.049585 36.251484
3078.461722 36.166019
3078.873859 37.007723
3079.285996 35.443807
3079.698133 36.960452
3080.110270 36.170086
3080.522407 36.669959
3080.934544 36.765222
3081.346681 36.360754
3081.758818 36.658548
3082.170955 36.966437
3082.583092 37.098904
3082.995229 36.039636
3083.407366 35.300071
3083.819503 36.015668
3084.231640 36.467909
3084.643777 37.012745
3085.055914 36.449812
3085.468051 36.947428
3085.880188 36.881616
3086.292325 36.419534
3086.704462 37.405979
3087.116599 35.524369
3087.528736 37.198850
3087.940873 36.786579
3088.353010 37.545492
3088.765147 36.980635
3089.177284 35.725472
3089.589421 35.874372
3090.001558 36.339644
3090.413695 36.988120
3090.825832 36.996729
3091.237969 36.255282
3091.650106 35.668771
3092.062243 34.733155
3092.474380 34.870828
3092.886517 35.117716
3093.298654 36.336517
3093.710791 35.658180
3094.122929 34.850978
3094.535066 34.501188
3094.947203 35.257377
3095.359340 36.951998
3095.771477 36.906814
3096.183614 35.484378
3096.595751 35.839135
3097.007888 35.755877
3097.420025 36.119250
3097.832162 35.320940
3098.244299 36.027800
3098.656436 36.553317
3099.068573 36.142532
3099.480710 36.624442
3099.892847 35.882720
3100.304984 37.224034
3100.717121 36.295267
3101.129258 36.401106
3101.541395 36.694690
3101.953532 36.604089
3102.365669 37.628601
3102.777806 37.989067
3103.189943 38.455230
3103.602080 37.974487
3104.014217 38.253972
3104.426354 38.219273
3104.838491 37.404642
3105.250628 37.269558
3105.662765 37.670602
3106.074902 38.018892
3106.487039 38.275910
3106.899176 37.263064
3107.311313 37.701297
3107.723450 37.482637
3108.135587 37.820026
3108.547724 36.690149
3108.959861 37.784951
3109.371998 37.281655
3109.784135 37.676113
3110.196272 37.584132
3110.608409 37.130321
3111.020546 36.990581
3111.432683 35.735828
3111.844820 36.559557
3112.256957 37.399443
3112.669094 37.051803
3113.081231 37.148205
3113.493368 35.792897
3113.905505 38.204615
3114.317642 38.825479
3114.729779 38.977507
3115.141916 38.076159
3115.554053 38.660166
3115.966190 38.668083
3116.378327 37.808862
3116.790464 38.858962
3117.202601 38.849553
3117.614738 39.202846
3118.026875 38.643492
3118.439012 38.235162
3118.851149 38.804879
3119.263286 37.830878
3119.675424 38.937190
3120.087561 39.247322
3120.499698 38.564840
3120.911835 38.366744
3121.323972 38.088143
3121.736109 38.741585
3122.148246 38.786733
3122.560383 40.674250
3122.972520 40.506716
3123.384657 40.225702
3123.796794 39.401231
3124.208931 38.987446
3124.621068 39.051667
3125.033205 38.617437
3125.445342 40.399724
3125.857479 40.215239
3126.269616 39.790093
3126.681753 39.751319
3127.093890 38.021135
3127.506027 39.143839
3127.918164 39.288558
3128.330301 39.946344
3128.742438 39.904060
3129.154575 39.050938
3129.566712 40.233859
3129.978849 39.943167
3130.390986 39.414686
3130.803123 38.199415
3131.215260 39.661390
3131.627397 39.743077
3132.039534 39.742270
3132.451671 39.601958
3132.863808 37.412551
3133.275945 37.305778
3133.688082 36.410734
3134.100219 38.557228
3134.512356 37.491161
3134.924493 37.601408
3135.336630 37.214244
3135.748767 37.712758
3136.160904 36.713409
3136.573041 37.488232
3136.985178 38.160612
3137.397315 38.183710
3137.809452 37.704608
3138.221589 37.754730
3138.633726 35.798153
3139.045863 38.615110
3139.458000 39.851236
3139.870137 39.014555
3140.282274 39.267845
3140.694411 39.543864
3141.106548 39.518106
3141.518685 38.922200
3141.930822 38.289054
3142.342959 36.554803
3142.755096 38.726510
3143.167233 39.307093
3143.579370 38.256434
3143.991507 39.074913
3144.403644 38.969831
3144.815781 39.155023
3145.227919 39.253830
3145.640056 37.179487
3146.052193 37.340669
3146.464330 37.821801
3146.876467 38.972194
3147.288604 37.994146
3147.700741 38.651267
3148.112878 38.310970
3148.525015 38.801151
3148.937152 38.664347
3149.349289 38.581104
3149.761426 38.198672
3150.173563 37.705054
3150.585700 38.147348
3150.997837 38.934955
3151.409974 39.191272
3151.822111 39.184848
3152.234248 38.560234
3152.646385 37.746453
3153.058522 37.326089
3153.470659 38.695107
3153.882796 37.974968
3154.294933 37.735799
3154.707070 38.199769
3155.119207 37.746580
3155.531344 38.130801
3155.943481 38.360215
3156.355618 38.000966
3156.767755 36.991254
3157.179892 37.475237
3157.592029 37.747358
3158.004166 38.459567
3158.416303 37.708138
3158.828440 38.587032
3159.240577 38.973849
3159.652714 38.249728
3160.064851 37.219641
3160.476988 36.053056
3160.889125 37.608065
3161.301262 37.885477
3161.713399 37.347807
3162.125536 37.366172
3162.537673 37.076407
3162.949810 37.895580
3163.361947 38.152788
3163.774084 38.780083
3164.186221 38.345168
3164.598358 38.176508
3165.010495 37.409057
3165.422632 36.319666
3165.834769 33.280101
3166.246906 32.779875
3166.659043 34.865799
3167.071180 36.107118
3167.483317 37.637685
3167.895454 37.324483
3168.307591 34.968582
3168.719728 34.227390
3169.131865 34.807839
3169.544002 38.065038
3169.956139 39.012815
3170.368277 39.912083
3170.780414 40.397042
3171.192551 39.511760
3171.604688 38.501178
3172.016825 36.370170
3172.428962 37.059309
3172.841099 36.359756
3173.253236 38.346427
3173.665373 38.352758
3174.077510 38.669151
3174.489647 38.863695
3174.901784 38.792096
3175.313921 38.359217
3175.726058 38.314083
3176.138195 38.870642
3176.550332 38.606451
3176.962469 38.880985
3177.374606 38.652554
3177.786743 38.574022
3178.198880 38.737765
3178.611017 39.143987
3179.023154 38.870982
3179.435291 38.421372
3179.847428 38.405526
3180.259565 37.994910
3180.671702 37.816467
3181.083839 37.270357
3181.495976 36.997260
3181.908113 37.288857
3182.320250 36.541885
3182.732387 37.660867
3183.144524 38.836763
3183.556661 38.807970
3183.968798 39.289089
3184.380935 39.686447
3184.793072 39.441449
3185.205209 38.730775
3185.617346 38.948665
3186.029483 39.547274
3186.441620 39.345981
3186.853757 38.466966
3187.265894 38.924909
3187.678031 38.764824
3188.090168 38.535828
3188.502305 39.204918
3188.914442 38.801851
3189.326579 38.825119
3189.738716 39.294677
3190.150853 38.018574
3190.562990 36.838151
3190.975127 36.957933
3191.387264 36.735311
3191.799401 37.201446
3192.211538 38.424124
3192.623675 38.333884
3193.035812 37.961633
3193.447949 38.249813
3193.860086 38.254376
3194.272223 38.342444
3194.684360 39.149074
3195.096497 39.420070
3195.508634 38.041898
3195.920772 39.271460
3196.332909 38.364488
3196.745046 38.963082
3197.157183 36.946699
3197.569320 36.519148
3197.981457 38.142078
3198.393594 39.354717
3198.805731 36.994211
3199.217868 36.973271
3199.630005 38.424223
3200.042142 36.830914
3200.454279 37.867933
3200.866416 38.248907
3201.278553 37.785390
3201.690690 37.848500
3202.102827 37.656036
3202.514964 38.271870
3202.927101 38.054724
3203.339238 38.500888
3203.751375 38.003973
3204.163512 37.966238
3204.575649 37.828119
3204.987786 37.600637
3205.399923 37.477635
3205.812060 38.077404
3206.224197 38.932203
3206.636334 39.147263
3207.048471 38.283777
3207.460608 37.990093
3207.872745 38.468028
3208.284882 38.351563
3208.697019 37.559598
3209.109156 37.693678
3209.521293 37.080935
3209.933430 37.899853
3210.345567 37.620572
3210.757704 37.747846
3211.169841 37.437170
3211.581978 38.242774
3211.994115 38.376422
3212.406252 37.693211
3212.818389 38.003336
3213.230526 38.089063
3213.642663 38.074709
3214.054800 37.093838
3214.466937 37.719464
3214.879074 37.493312
3215.291211 36.938868
3215.703348 37.412134
3216.115485 37.290866
3216.527622 37.891668
3216.939759 37.974048
3217.351896 37.517711
3217.764033 36.599095
3218.176170 37.095975
3218.588307 37.067628
3219.000444 36.367191
3219.412581 36.929212
3219.824718 37.093697
3220.236855 37.482163
3220.648992 36.806437
3221.061130 37.420135
3221.473267 36.830581
3221.885404 36.895297
3222.297541 36.517719
3222.709678 37.217413
3223.121815 36.641400
3223.533952 35.822843
3223.946089 36.900907
3224.358226 37.475577
3224.770363 37.492364
3225.182500 37.107329
3225.594637 37.128984
3226.006774 36.735446
3226.418911 36.726383
3226.831048 37.295231
3227.243185 36.243390
3227.655322 36.268221
3228.067459 36.319935
3228.479596 36.737059
3228.891733 36.756237
3229.303870 37.354959
3229.716007 37.670361
3230.128144 37.335059
3230.540281 37.070444
3230.952418 35.214606
3231.364555 36.071640
3231.776692 35.214450
3232.188829 35.994070
3232.600966 36.480487
3233.013103 36.982920
3233.425240 37.138654
3233.837377 37.209355
3234.249514 36.921020
3234.661651 36.535582
3235.073788 36.733854
3235.485925 37.549659
3235.898062 36.901028
3236.310199 35.909814
3236.722336 34.898921
3237.134473 34.572270
3237.546610 35.665849
3237.958747 35.706859
3238.370884 36.735141
3238.783021 36.733253
3239.195158 34.992599
3239.607295 35.799377
3240.019432 36.072475
3240.431569 36.007631
3240.843706 35.289282
3241.255843 35.903504
3241.667980 35.246136
3242.080117 34.818040
3242.492254 35.287959
3242.904391 36.023202
3243.316528 36.711803
3243.728665 37.013785
3244.140802 37.560348
3244.552939 36.084720
3244.965076 36.074080
3245.377213 35.745365
3245.789350 35.728337
3246.201487 35.317728
3246.613625 35.525685
3247.025762 36.373756
3247.437899 36.605356
3247.850036 35.757419
3248.262173 35.576267
3248.674310 35.264239
3249.086447 35.702926
3249.498584 35.862565
3249.910721 36.421211
3250.322858 35.031961
3250.734995 34.828878
3251.147132 35.088817
3251.559269 34.989451
3251.971406 34.641832
3252.383543 34.219926
3252.795680 34.193383
3253.207817 35.303226
3253.619954 35.137043
3254.032091 35.774695
3254.444228 35.357139
3254.856365 35.532342
3255.268502 36.488658
3255.680639 36.241947
3256.092776 34.910438
3256.504913 34.472133
3256.917050 35.393890
3257.329187 36.054626
3257.741324 35.281897
3258.153461 35.328934
3258.565598 35.689980
3258.977735 36.043173
3259.389872 36.461726
3259.802009 36.262463
3260.214146 35.245202
3260.626283 35.231909
3261.038420 36.047276
3261.450557 36.109410
3261.862694 36.334954
3262.274831 36.429375
3262.686968 36.116845
3263.099105 36.533481
3263.511242 36.507978
3263.923379 35.437143
3264.335516 35.748640
3264.747653 35.169125
3265.159790 35.085945
3265.571927 34.880980
3265.984064 34.122428
3266.396201 34.317170
3266.808338 34.322780
3267.220475 35.249935
3267.632612 34.688969
3268.044749 34.427353
3268.456886 33.711586
3268.869023 35.422895
3269.281160 35.540343
3269.693297 35.922591
3270.105434 35.836157
3270.517571 35.900271
3270.929708 35.636264
3271.341845 36.249029
3271.753983 36.199622
3272.166120 35.526046
3272.578257 35.190765
3272.990394 34.744297
3273.402531 35.134991
3273.814668 35.214860
3274.226805 36.015859
3274.638942 35.168007
3275.051079 35.300920
3275.463216 35.108675
3275.875353 35.017069
3276.287490 34.667972
3276.699627 34.870538
3277.111764 36.095530
3277.523901 35.571895
3277.936038 35.194111
3278.348175 34.028771
3278.760312 34.129113
3279.172449 34.825454
3279.584586 34.831644
3279.996723 34.590756
3280.408860 34.815953
3280.820997 34.396664
3281.233134 34.277639
3281.645271 35.188756
3282.057408 35.322900
3282.469545 35.035958
3282.881682 34.130570
3283.293819 34.310244
3283.705956 34.350787
3284.118093 34.082040
3284.530230 34.766963
3284.942367 34.431060
3285.354504 34.163813
3285.766641 33.469495
3286.178778 34.179737
3286.590915 33.114272
3287.003052 33.534721
3287.415189 33.746052
3287.827326 33.447982
3288.239463 33.171093
3288.651600 32.904327
3289.063737 33.183303
3289.475874 33.955764
3289.888011 34.211020
3290.300148 34.941798
3290.712285 34.551472
3291.124422 34.120723
3291.536559 34.678166
3291.948696 34.509726
3292.360833 34.138529
3292.772970 33.852492
3293.185107 35.033559
3293.597244 34.422415
3294.009381 35.275572
3294.421518 34.901517
3294.833655 35.762951
3295.245792 36.016290
3295.657929 34.327866
3296.070066 33.954547
3296.482203 33.436600
3296.894340 33.616903
3297.306478 33.597067
3297.718615 34.529902
3298.130752 35.190235
3298.542889 34.577647
3298.955026 34.005284
3299.367163 33.776012
3299.779300 33.846861
3300.191437 33.046592
3300.603574 33.043684
3301.015711 33.264325
3301.427848 34.232370
3301.839985 34.948540
3302.252122 34.822822
3302.664259 34.340728
3303.076396 33.642682
3303.488533 33.772128
3303.900670 33.512804
3304.312807 33.729852
3304.724944 32.598065
3305.137081 32.935624
3305.549218 32.027407
3305.961355 33.444240
3306.373492 32.043402
3306.785629 32.627388
3307.197766 32.324246
3307.609903 33.641741
3308.022040 32.926576
3308.434177 32.102359
3308.846314 32.660206
3309.258451 33.061469
3309.670588 32.994185
3310.082725 32.919275
3310.494862 33.166855
3310.906999 32.633988
3311.319136 32.791463
3311.731273 32.309736
3312.143410 32.687647
3312.555547 32.777279
3312.967684 33.222693
3313.379821 33.233778
3313.791958 33.555286
3314.204095 33.496569
3314.616232 32.879418
3315.028369 33.153202
3315.440506 33.265337
3315.852643 33.460850
3316.264780 33.167082
3316.676917 33.393078
3317.089054 32.959450
3317.501191 32.369705
3317.913328 31.762919
3318.325465 32.209804
3318.737602 32.367625
3319.149739 32.843346
3319.561876 32.990754
3319.974013 32.756332
3320.386150 32.559220
3320.798287 31.424228
3321.210424 33.644472
3321.622561 33.590190
3322.034698 33.595843
3322.446835 32.867335
3322.858973 33.726308
3323.271110 33.253827
3323.683247 32.866451
3324.095384 32.509324
3324.507521 32.569428
3324.919658 32.717402
3325.331795 32.877727
3325.743932 33.018959
3326.156069 32.265154
3326.568206 32.319258
3326.980343 32.743089
3327.392480 33.564808
3327.804617 32.843707
3328.216754 32.915844
3328.628891 32.712287
3329.041028 33.246739
3329.453165 33.159264
3329.865302 33.699333
3330.277439 33.829366
3330.689576 33.938035
3331.101713 33.915454
3331.513850 32.922112
3331.925987 33.346253
3332.338124 33.274661
3332.750261 32.954816
3333.162398 33.021824
3333.574535 33.331949
3333.986672 33.638515
3334.398809 33.821231
3334.810946 33.983247
3335.223083 33.190873
3335.635220 32.832805
3336.047357 32.111980
3336.459494 32.655430
3336.871631 33.706641
3337.283768 33.564114
3337.695905 33.532435
3338.108042 33.175825
3338.520179 31.780951
3338.932316 33.597732
3339.344453 33.445117
3339.756590 33.577966
3340.168727 33.790896
3340.580864 34.484895
3340.993001 34.417491
3341.405138 33.488652
3341.817275 32.903605
3342.229412 33.337771
3342.641549 32.784304
3343.053686 32.387080
3343.465823 33.662525
3343.877960 33.292191
3344.290097 33.295474
3344.702234 33.096282
3345.114371 33.460433
3345.526508 33.098015
3345.938645 32.824931
3346.350782 32.497503
3346.762919 32.275758
3347.175056 32.370172
3347.587193 32.750425
3347.999331 32.663226
3348.411468 31.359116
3348.823605 31.836470
3349.235742 31.877806
3349.647879 32.002689
3350.060016 31.767871
3350.472153 32.191857
3350.884290 31.889832
3351.296427 31.960788
3351.708564 31.738059
3352.120701 31.171518
3352.532838 31.014525
3352.944975 31.487911
3353.357112 31.847471
3353.769249 31.341925
3354.181386 31.806730
3354.593523 32.184605
3355.005660 32.258157
3355.417797 32.122408
3355.829934 32.303935
3356.242071 32.012918
3356.654208 31.637752
3357.066345 31.220013
3357.478482 30.814116
3357.890619 30.958220
3358.302756 31.027471
3358.714893 29.816522
3359.127030 30.553979
3359.539167 31.066514
3359.951304 31.515649
3360.363441 32.016639
3360.775578 31.606809
3361.187715 31.888078
3361.599852 31.162753
3362.011989 30.850506
3362.424126 30.946187
3362.836263 31.180029
3363.248400 31.099318
3363.660537 31.396928
3364.072674 31.802627
3364.484811 31.914415
3364.896948 31.836626
3365.309085 32.096926
3365.721222 31.724562
3366.133359 31.571112
3366.545496 31.615178
3366.957633 31.983468
3367.369770 31.878053
3367.781907 31.821586
3368.194044 31.896432
3368.606181 31.117244
3369.018318 32.017870
3369.430455 32.320758
3369.842592 31.851072
3370.254729 31.700650
3370.666866 31.624453
3371.079003 31.805916
3371.491140 32.488285
3371.903277 32.722340
3372.315414 31.298517
3372.727551 31.512296
3373.139688 31.445790
3373.551826 31.374948
3373.963963 31.175678
3374.376100 31.049493
3374.788237 30.836641
3375.200374 30.872211
3375.612511 30.829559
3376.024648 30.797308
3376.436785 30.650784
3376.848922 32.061194
3377.261059 31.909166
3377.673196 32.130402
3378.085333 31.987670
3378.497470 32.070235
3378.909607 32.074911
3379.321744 31.713108
3379.733881 31.806044
3380.146018 31.010705
3380.558155 31.669339
3380.970292 31.768055
3381.382429 31.927941
3381.794566 31.685143
3382.206703 31.481296
3382.618840 30.705652
3383.030977 31.304983
3383.443114 30.739899
3383.855251 31.376158
3384.267388 31.845724
3384.679525 31.810713
3385.091662 30.941341
3385.503799 30.592859
3385.915936 31.037318
3386.328073 31.870356
3386.740210 31.846233
3387.152347 30.969737
3387.564484 31.110771
3387.976621 30.586719
3388.388758 30.635277
3388.800895 30.715634
3389.213032 31.068502
3389.625169 31.399935
3390.037306 31.525009
3390.449443 31.615539
3390.861580 32.676392
3391.273717 32.330146
3391.685854 31.876143
3392.097991 31.222793
3392.510128 31.028957
3392.922265 31.070433
3393.334402 31.362667
3393.746539 31.788563
3394.158676 31.507012
3394.570813 31.161261
3394.982950 31.249654
3395.395087 31.353067
3395.807224 31.553115
3396.219361 31.127332
3396.631498 31.446682
3397.043635 31.359873
3397.455772 31.622408
3397.867909 31.604086
3398.280046 31.741080
3398.692184 31.486871
3399.104321 30.963844
3399.516458 31.364216
3399.928595 31.610608
3400.340732 31.053561
3400.752869 30.220268
3401.165006 31.534156
3401.577143 32.077606
3401.989280 31.670075
3402.401417 32.255752
3402.813554 31.566627
3403.225691 32.235265
3403.637828 32.952991
3404.049965 32.933572
3404.462102 32.304777
3404.874239 32.857459
3405.286376 32.924453
3405.698513 33.179773
3406.110650 32.864519
3406.522787 33.545176
3406.934924 33.602068
3407.347061 32.701470
3407.759198 32.657291
3408.171335 32.996873
3408.583472 33.253905
3408.995609 33.932008
3409.407746 34.241574
3409.819883 34.147273
3410.232020 35.156115
3410.644157 34.597306
3411.056294 34.919450
3411.468431 35.296109
3411.880568 34.851636
3412.292705 34.739656
3412.704842 34.370539
3413.116979 34.766786
3413.529116 34.746688
3413.941253 34.468249
3414.353390 34.622081
3414.765527 34.638125
3415.177664 34.531876
3415.589801 34.039212
3416.001938 34.088146
3416.414075 34.438792
3416.826212 34.784373
3417.238349 34.053595
3417.650486 34.033482
3418.062623 33.938099
3418.474760 34.031473
3418.886897 34.730799
3419.299034 35.772813
3419.711171 35.491049
3420.123308 35.002022
3420.535445 35.328863
3420.947582 35.013999
3421.359719 35.285335
3421.771856 35.162234
3422.183993 34.974276
3422.596130 34.764346
3423.008267 35.007689
3423.420404 34.908669
3423.832541 35.405768
3424.244679 35.013263
3424.656816 35.188530
3425.068953 34.917901
3425.481090 34.432849
3425.893227 34.403279
3426.305364 34.464903
3426.717501 35.052943
3427.129638 35.164159
3427.541775 34.571054
3427.953912 33.222530
3428.366049 32.792340
3428.778186 32.878696
3429.190323 33.146502
3429.602460 32.512147
3430.014597 32.573269
3430.426734 32.329657
3430.838871 31.242276
3431.251008 30.199901
3431.663145 30.565043
3432.075282 30.531199
3432.487419 31.552832
3432.899556 31.667705
3433.311693 31.758702
3433.723830 31.583421
3434.135967 31.564957
3434.548104 31.323327
3434.960241 30.631047
3435.372378 31.153712
3435.784515 31.221484
3436.196652 30.768713
3436.608789 31.110403
3437.020926 31.015070
3437.433063 31.914415
3437.845200 31.905346
3438.257337 31.409549
3438.669474 31.711474
3439.081611 31.781276
3439.493748 31.501607
3439.905885 31.277966
3440.318022 31.353881
3440.730159 31.198698
3441.142296 31.337086
3441.554433 31.584744
3441.966570 31.765600
3442.378707 31.836803
3442.790844 31.810642
3443.202981 31.419049
3443.615118 30.350436
3444.027255 29.880467
3444.439392 30.350563
3444.851529 30.851575
3445.263666 31.134315
3445.675803 31.109144
3446.087940 31.495431
3446.500077 31.820914
3446.912214 31.994426
3447.324351 32.082848
3447.736488 31.543275
3448.148625 31.512544
3448.560762 30.242828
3448.972899 30.200142
3449.385037 29.132469
3449.797174 29.861713
3450.209311 29.836422
3450.621448 29.795009
3451.033585 29.412839
3451.445722 30.054644
3451.857859 31.157016
3452.269996 30.980179
3452.682133 30.110022
3453.094270 30.767157
3453.506407 29.896391
3453.918544 30.583995
3454.330681 30.317731
3454.742818 30.471683
3455.154955 30.278950
3455.567092 30.554028
3455.979229 31.102353
3456.391366 30.626194
3456.803503 30.725496
3457.215640 31.245290
3457.627777 31.421037
3458.039914 31.410298
3458.452051 31.640625
3458.864188 31.520991
3459.276325 31.186941
3459.688462 30.683538
3460.100599 30.096022
3460.512736 29.388942
3460.924873 29.909932
3461.337010 30.290050
3461.749147 31.236942
3462.161284 30.050817
3462.573421 29.992963
3462.985558 29.654711
3463.397695 29.942381
3463.809832 29.224082
3464.221969 29.570625
3464.634106 29.988563
3465.046243 29.883049
3465.458380 29.865745
3465.870517 29.347055
3466.282654 29.656777
3466.694791 30.636451
3467.106928 30.142401
3467.519065 30.583259
3467.931202 30.470247
3468.343339 31.093517
3468.755476 31.072032
3469.167613 30.132433
3469.579750 30.212727
3469.991887 29.721231
3470.404024 29.946930
3470.816161 30.490232
3471.228298 30.619452
3471.640435 30.367683
3472.052572 30.557459
3472.464709 29.098852
3472.876846 29.760691
3473.288983 30.166143
3473.701120 30.607008
3474.113257 30.900515
3474.525394 30.476232
3474.937532 28.821404
3475.349669 30.628295
3475.761806 29.482897
3476.173943 30.467056
3476.586080 30.081710
3476.998217 30.473551
3477.410354 29.726466
3477.822491 30.820688
3478.234628 30.328364
3478.646765 29.937161
3479.058902 29.127305
3479.471039 30.017942
3479.883176 30.223480
3480.295313 30.380601
3480.707450 30.039880
3481.119587 30.058981
3481.531724 30.610057
3481.943861 30.521536
3482.355998 30.507904
3482.768135 30.516725
3483.180272 30.933694
3483.592409 30.730880
3484.004546 30.265587
3484.416683 30.190669
3484.828820 29.969059
3485.240957 29.367047
3485.653094 29.798985
3486.065231 30.499867
3486.477368 30.582453
3486.889505 30.648860
3487.301642 30.046395
3487.713779 28.822515
3488.125916 29.910738
3488.538053 30.111133
3488.950190 30.215047
3489.362327 29.991902
3489.774464 30.645811
3490.186601 29.587469
3490.598738 29.705363
3491.010875 29.598060
3491.423012 30.615858
3491.835149 30.570964
3492.247286 29.886848
3492.659423 29.148521
3493.071560 28.878989
3493.483697 28.951338
3493.895834 28.898422
3494.307971 29.049459
3494.720108 28.741860
3495.132245 28.803053
3495.544382 29.223615
3495.956519 29.869855
3496.368656 29.327785
3496.780793 29.107370
3497.192930 29.823490
3497.605067 29.491343
3498.017204 28.294274
3498.429341 28.389778
3498.841478 29.246331
3499.253615 29.543700
3499.665752 30.382596
3500.077890 29.856244
3500.490027 29.103592
3500.902164 29.353373
3501.314301 29.786675
3501.726438 30.005053
3502.138575 29.287758
3502.550712 29.938002
3502.962849 30.403982
3503.374986 29.579525
3503.787123 28.797769
3504.199260 29.335453
3504.611397 28.659975
3505.023534 29.987268
3505.435671 28.682174
3505.847808 29.665994
3506.259945 28.982847
3506.672082 28.835829
3507.084219 28.921393
3507.496356 28.601329
3507.908493 28.339727
3508.320630 28.791069
3508.732767 28.960726
3509.144904 29.261519
3509.557041 29.998821
3509.969178 29.675212
3510.381315 29.140782
3510.793452 29.073462
3511.205589 28.870712
3511.617726 29.308260
3512.029863 29.474386
3512.442000 29.715593
3512.854137 28.837307
3513.266274 28.673331
3513.678411 28.258874
3514.090548 28.510862
3514.502685 28.931099
3514.914822 29.356188
3515.326959 29.003618
3515.739096 28.525053
3516.151233 28.614777
3516.563370 28.749118
3516.975507 29.226339
3517.387644 29.124645
3517.799781 28.496331
3518.211918 28.350077
3518.624055 28.109988
3519.036192 28.612817
3519.448329 28.295951
3519.860466 28.555077
3520.272603 28.182578
3520.684740 28.193062
3521.096877 27.812420
3521.509014 27.384062
3521.921151 27.762454
3522.333288 28.342804
3522.745425 28.432655
3523.157562 27.976814
3523.569699 27.687226
3523.981836 26.741196
3524.393973 27.940565
3524.806110 28.377157
3525.218247 28.764576
3525.630385 27.283826
3526.042522 27.533281
3526.454659 27.482282
3526.866796 27.656785
3527.278933 27.157662
3527.691070 27.747414
3528.103207 27.847502
3528.515344 28.279531
3528.927481 28.487517
3529.339618 28.530069
3529.751755 27.890082
3530.163892 27.976262
3530.576029 27.940876
3530.988166 28.396873
3531.400303 28.465565
3531.812440 28.228589
3532.224577 27.935535
3532.636714 27.595387
3533.048851 27.648918
3533.460988 27.586671
3533.873125 27.739809
3534.285262 27.409480
3534.697399 26.968014
3535.109536 27.698361
3535.521673 27.167234
3535.933810 27.399357
3536.345947 27.598712
3536.758084 28.140747
3537.170221 28.007438
3537.582358 27.884578
3537.994495 27.038764
3538.406632 28.195651
3538.818769 28.706036
3539.230906 28.574198
3539.643043 28.821998
3540.055180 27.731525
3540.467317 27.055834
3540.879454 27.549970
3541.291591 27.674400
3541.703728 27.333608
3542.115865 27.715537
3542.528002 28.164927
3542.940139 28.047366
3543.352276 28.233605
3543.764413 27.890818
3544.176550 27.846335
3544.588687 27.866836
3545.000824 27.158313
3545.412961 27.201714
3545.825098 27.473057
3546.237235 27.346307
3546.649372 27.425850
3547.061509 26.803337
3547.473646 26.274283
3547.885783 26.384530
3548.297920 26.946380
3548.710057 27.195906
3549.122194 27.637260
3549.534331 27.550047
3549.946468 27.524933
3550.358605 27.596901
3550.770742 27.592302
3551.182880 27.555523
3551.595017 28.059767
3552.007154 28.619432
3552.419291 28.256809
3552.831428 28.046871
3553.243565 27.309612
3553.655702 27.044409
3554.067839 27.056782
3554.479976 27.212941
3554.892113 27.900736
3555.304250 27.897107
3555.716387 27.775032
3556.128524 28.164814
3556.540661 27.959771
3556.952798 27.644200
3557.364935 27.538403
3557.777072 27.400800
3558.189209 26.916711
3558.601346 27.069771
3559.013483 27.373012
3559.425620 27.364990
3559.837757 27.515772
3560.249894 27.759073
3560.662031 27.914411
3561.074168 27.819636
3561.486305 27.299163
3561.898442 27.120664
3562.310579 26.242088
3562.722716 26.638987
3563.134853 26.346633
3563.546990 27.282659
3563.959127 27.731002
3564.371264 27.855333
3564.783401 28.021990
3565.195538 28.122007
3565.607675 27.601725
3566.019812 27.513735
3566.431949 27.528662
3566.844086 27.239378
3567.256223 26.580397
3567.668360 27.180343
3568.080497 26.771446
3568.492634 27.184976
3568.904771 26.711258
3569.316908 27.409862
3569.729045 28.180653
3570.141182 27.849377
3570.553319 27.631395
3570.965456 27.959283
3571.377593 28.370592
3571.789730 28.572996
3572.201867 27.938633
3572.614004 27.851916
3573.026141 27.122178
3573.438278 27.124272
3573.850415 27.358276
3574.262552 27.618654
3574.674689 27.808282
3575.086826 27.799899
3575.498963 26.938061
3575.911100 27.490588
3576.323238 27.365315
3576.735375 27.524651
3577.147512 26.763459
3577.559649 27.051045
3577.971786 27.256540
3578.383923 27.592939
3578.796060 27.524714
3579.208197 27.943140
3579.620334 27.872559
3580.032471 27.967553
3580.444608 27.815957
3580.856745 27.820598
3581.268882 27.509809
3581.681019 27.577857
3582.093156 27.825833
3582.505293 27.630468
3582.917430 26.755211
3583.329567 27.234695
3583.741704 27.190296
3584.153841 27.516685
3584.565978 27.711158
3584.978115 27.409049
3585.390252 26.744352
3585.802389 27.141222
3586.214526 27.303769
3586.626663 27.282241
3587.038800 27.195383
3587.450937 27.819997
3587.863074 27.652385
3588.275211 27.516586
3588.687348 26.878990
3589.099485 27.309711
3589.511622 26.494783
3589.923759 26.494790
3590.335896 26.825126
3590.748033 26.104181
3591.160170 25.927139
3591.572307 26.099477
3591.984444 26.302404
3592.396581 26.158116
3592.808718 26.008961
3593.220855 26.632952
3593.632992 26.663131
3594.045129 26.547912
3594.457266 26.796914
3594.869403 26.850070
3595.281540 26.502417
3595.693677 26.370119
3596.105814 26.402279
3596.517951 26.569792
3596.930088 26.617275
3597.342225 26.722655
3597.754362 26.622808
3598.166499 26.357605
3598.578636 26.635888
3598.990773 26.636956
3599.402910 26.538170
3599.815047 26.875446
3600.227184 26.789160
3600.639321 26.823429
3601.051458 27.261570
3601.463595 26.973454
3601.875733 26.534605
3602.287870 26.791764
3602.700007 26.494953
3603.112144 26.528294
3603.524281 26.336078
3603.936418 26.729319
3604.348555 27.427541
3604.760692 27.076018
3605.172829 26.772847
3605.584966 26.707784
3605.997103 26.482955
3606.409240 27.013572
3606.821377 27.465502
3607.233514 27.288764
3607.645651 26.768107
3608.057788 26.645283
3608.469925 26.635181
3608.882062 26.918522
3609.294199 26.730231
3609.706336 26.426841
3610.118473 26.100319
3610.530610 26.145460
3610.942747 26.062902
3611.354884 25.952458
3611.767021 26.784215
3612.179158 26.578558
3612.591295 26.130392
3613.003432 26.872963
3613.415569 27.070676
3613.827706 27.214377
3614.239843 27.325168
3614.651980 26.610675
3615.064117 26.275267
3615.476254 26.049695
3615.888391 26.533211
3616.300528 26.589487
3616.712665 26.798796
3617.124802 26.645679
3617.536939 26.875220
3617.949076 27.016770
3618.361213 26.645035
3618.773350 26.081791
3619.185487 25.759272
3619.597624 25.363895
3620.009761 25.659290
3620.421898 26.099753
3620.834035 26.676905
3621.246172 26.928390
3621.658309 26.378326
3622.070446 25.787619
3622.482583 26.634990
3622.894720 26.172109
3623.306857 26.225428
3623.718994 26.057307
3624.131131 26.221261
3624.543268 25.883030
3624.955405 25.963218
3625.367542 25.940446
3625.779679 26.824129
3626.191816 26.776504
3626.603953 26.705351
3627.016091 26.398445
3627.428228 26.853770
3627.840365 26.679282
3628.252502 27.060532
3628.664639 26.602568
3629.076776 27.642445
3629.488913 27.100155
3629.901050 26.859147
3630.313187 26.782758
3630.725324 26.842869
3631.137461 26.757460
3631.549598 26.323160
3631.961735 26.000677
3632.373872 25.725174
3632.786009 25.395956
3633.198146 25.778840
3633.610283 25.829096
3634.022420 25.969182
3634.434557 25.612706
3634.846694 26.270456
3635.258831 26.846675
3635.670968 26.828239
3636.083105 26.535850
3636.495242 26.436088
3636.907379 25.904819
3637.319516 26.286267
3637.731653 26.202868
3638.143790 26.223978
3638.555927 25.741204
3638.968064 25.543045
3639.380201 25.837854
3639.792338 25.285051
3640.204475 25.406723
3640.616612 24.953025
3641.028749 24.043449
3641.440886 24.531663
3641.853023 25.255827
3642.265160 25.458245
3642.677297 25.665679
3643.089434 26.073457
3643.501571 25.660033
3643.913708 26.159814
3644.325845 26.678546
3644.737982 26.298421
3645.150119 26.007680
3645.562256 26.198942
3645.974393 26.014613
3646.386530 25.956816
3646.798667 26.591369
3647.210804 26.809046
3647.622941 26.447527
3648.035078 26.299864
3648.447215 25.760892
3648.859352 24.624570
3649.271489 25.356212
3649.683626 25.690920
3650.095763 26.132316
3650.507900 26.329548
3650.920037 26.001936
3651.332174 26.070217
3651.744311 26.370020
3652.156448 26.383667
3652.568586 25.890904
3652.980723 25.534648
3653.392860 25.815803
3653.804997 25.231159
3654.217134 26.007121
3654.629271 27.035390
3655.041408 26.036473
3655.453545 25.566221
3655.865682 25.493390
3656.277819 24.372505
3656.689956 25.122455
3657.102093 24.273867
3657.514230 23.994573
3657.926367 24.207680
3658.338504 23.977665
3658.750641 23.799314
3659.162778 24.654042
3659.574915 25.203272
3659.987052 25.707870
3660.399189 25.128899
3660.811326 24.914689
3661.223463 26.276668
3661.635600 25.889496
3662.047737 26.196791
3662.459874 25.769509
3662.872011 25.436180
3663.284148 24.939633
3663.696285 25.003387
3664.108422 24.892999
3664.520559 25.115090
3664.932696 25.523378
3665.344833 25.931490
3665.756970 25.577886
3666.169107 25.551216
3666.581244 25.641845
3666.993381 25.538970
3667.405518 25.867347
3667.817655 26.292415
3668.229792 25.946897
3668.641929 25.699572
3669.054066 25.232602
3669.466203 25.249411
3669.878340 25.351798
3670.290477 25.474516
3670.702614 25.047156
3671.114751 26.149832
3671.526888 26.071929
3671.939025 26.138838
3672.351162 24.632670
3672.763299 25.749800
3673.175436 24.657480
3673.587573 25.273937
3673.999710 25.867905
3674.411847 25.857506
3674.823984 25.340040
3675.236121 24.900130
3675.648258 24.514678
3676.060395 24.502008
3676.472532 23.451872
3676.884669 23.793301
3677.296806 23.463113
3677.708944 24.294376
3678.121081 23.312267
3678.533218 23.222381
3678.945355 24.245004
3679.357492 24.517819
3679.769629 25.132415
3680.181766 25.512788
3680.593903 25.850750
3681.006040 25.725329
3681.418177 24.874648
3681.830314 23.840812
3682.242451 23.351707
3682.654588 23.587303
3683.066725 24.600433
3683.478862 24.339362
3683.890999 24.875660
3684.303136 23.936026
3684.715273 24.472882
3685.127410 24.436556
3685.539547 24.487286
3685.951684 24.608441
3686.363821 24.894548
3686.775958 24.803282
3687.188095 24.770351
3687.600232 24.669478
3688.012369 24.247098
3688.424506 23.512697
3688.836643 24.195929
3689.248780 23.356468
3689.660917 25.122455
3690.073054 23.609729
3690.485191 22.912992
3690.897328 22.472587
3691.309465 22.391359
3691.721602 23.839461
3692.133739 24.253493
3692.545876 25.262696
3692.958013 25.690099
3693.370150 24.696007
3693.782287 24.502538
3694.194424 25.192908
3694.606561 25.332364
3695.018698 25.132875
3695.430835 25.035886
3695.842972 25.307873
3696.255109 25.069242
3696.667246 25.279413
3697.079383 24.905924
3697.491520 24.939286
3697.903657 24.713728
3698.315794 25.184674
3698.727931 24.892504
3699.140068 25.561870
3699.552205 25.375086
3699.964342 25.333029
3700.376479 24.441303
3700.788616 24.798599
3701.200753 24.491148
3701.612890 24.351756
3702.025027 23.966198
3702.437164 23.887015
3702.849301 23.156406
3703.261439 22.658613
3703.673576 23.270713
3704.085713 23.930819
3704.497850 23.795642
3704.909987 23.762619
3705.322124 24.243165
3705.734261 23.667717
3706.146398 24.156193
3706.558535 24.143770
3706.970672 25.108448
3707.382809 24.775699
3707.794946 24.670681
3708.207083 24.742634
3708.619220 24.493624
3709.031357 24.293548
3709.443494 24.566801
3709.855631 24.823692
3710.267768 25.088250
3710.679905 25.063228
3711.092042 24.226264
3711.504179 23.920865
3711.916316 24.831572
3712.328453 25.409361
3712.740590 24.924748
3713.152727 24.853291
3713.564864 24.438303
3713.977001 23.807322
3714.389138 24.514126
3714.801275 24.796116
3715.213412 25.147583
3715.625549 24.798493
3716.037686 25.273081
3716.449823 25.094334
3716.861960 25.017047
3717.274097 24.819511
3717.686234 24.681080
3718.098371 24.780623
3718.510508 24.826613
3718.922645 24.406285
3719.334782 24.464556
3719.746919 25.080207
3720.159056 25.242032
3720.571193 25.798719
3720.983330 25.530021
3721.395467 25.025848
3721.807604 22.715639
3722.219741 23.933903
3722.631878 24.101876
3723.044015 24.981760
3723.456152 24.882748
3723.868289 24.687581
3724.280426 23.794624
3724.692563 24.837663
3725.104700 24.557796
3725.516837 25.293979
3725.928974 25.792033
3726.341111 26.129769
3726.753248 26.018221
3727.165385 26.642892
3727.577522 27.230599
3727.989659 27.101039
3728.401796 27.449394
3728.813934 27.444512
3729.226071 27.200604
3729.638208 27.301342
3730.050345 26.589480
3730.462482 26.220405
3730.874619 25.861065
3731.286756 25.826804
3731.698893 25.579754
3732.111030 24.493405
3732.523167 24.892978
3732.935304 24.721680
3733.347441 24.796158
3733.759578 24.531203
3734.171715 23.937221
3734.583852 23.010158
3734.995989 23.813321
3735.408126 24.433719
3735.820263 24.375625
3736.232400 24.686209
3736.644537 24.126360
3737.056674 23.484436
3737.468811 23.507597
3737.880948 23.399982
3738.293085 24.008481
3738.705222 23.980566
3739.117359 23.494686
3739.529496 24.114334
3739.941633 24.037181
3740.353770 24.427932
3740.765907 24.588208
3741.178044 24.912029
3741.590181 24.891301
3742.002318 25.282115
3742.414455 25.916011
3742.826592 25.656673
3743.238729 25.163182
3743.650866 24.832761
3744.063003 24.944167
3744.475140 25.927401
3744.887277 25.779483
3745.299414 25.945900
3745.711551 25.379578
3746.123688 25.114793
3746.535825 25.009747
3746.947962 24.626650
3747.360099 24.596528
3747.772236 24.470392
3748.184373 24.362509
3748.596510 24.392511
3749.008647 24.025693
3749.420784 23.856284
3749.832921 24.037910
3750.245058 24.451787
3750.657195 24.573798
3751.069332 24.548316
3751.481469 24.927040
3751.893606 24.110585
3752.305743 24.795005
3752.717880 24.820975
3753.130017 25.258749
3753.542154 25.200803
3753.954292 25.251880
3754.366429 25.236790
3754.778566 24.840995
3755.190703 24.110097
3755.602840 23.624139
3756.014977 23.598495
3756.427114 23.390962
3756.839251 23.800057
3757.251388 23.987979
3757.663525 24.487944
3758.075662 24.772976
3758.487799 24.482221
3758.899936 24.164024
3759.312073 24.776789
3759.724210 25.043661
3760.136347 24.804492
3760.548484 24.243016
3760.960621 23.697882
3761.372758 23.096705
3761.784895 23.598644
3762.197032 23.124147
3762.609169 23.918771
3763.021306 24.088046
3763.433443 24.201377
3763.845580 23.736529
3764.257717 24.169422
3764.669854 24.298946
3765.081991 24.531741
3765.494128 24.565868
3765.906265 24.076861
3766.318402 23.868685
3766.730539 23.753748
3767.142676 23.664343
3767.554813 23.902260
3767.966950 23.633570
3768.379087 23.283029
3768.791224 23.220641
3769.203361 23.456124
3769.615498 23.720202
3770.027635 22.978791
3770.439772 23.424007
3770.851909 23.311702
3771.264046 23.225946
3771.676183 22.762861
3772.088320 22.494397
3772.500457 22.168489
3772.912594 22.892399
3773.324731 23.620991
3773.736868 23.748145
3774.149005 23.909681
3774.561142 24.057527
3774.973279 23.590833
3775.385416 23.307924
3775.797553 23.398879
3776.209690 23.240074
3776.621827 23.342631
3777.033964 23.019036
3777.446101 23.987831
3777.858238 24.116824
3778.270375 24.639320
3778.682512 24.246659
3779.094649 24.097610
3779.506787 23.170144
3779.918924 23.328942
3780.331061 23.572384
3780.743198 23.814524
3781.155335 21.925111
3781.567472 21.375626
3781.979609 22.498486
3782.391746 22.183289
3782.803883 21.936968
3783.216020 21.559623
3783.628157 22.019681
3784.040294 22.509133
3784.452431 23.654467
3784.864568 23.572695
3785.276705 23.566455
3785.688842 22.798225
3786.100979 23.162377
3786.513116 23.392773
3786.925253 23.202736
3787.337390 23.021845
3787.749527 22.723924
3788.161664 22.534841
3788.573801 23.223463
3788.985938 23.701695
3789.398075 23.920780
3789.810212 23.350823
3790.222349 22.891140
3790.634486 22.566060
3791.046623 22.432206
3791.458760 22.265556
3791.870897 22.183077
3792.283034 22.147189
3792.695171 22.394910
3793.107308 22.149297
3793.519445 21.891918
3793.931582 21.883111
3794.343719 21.708849
3794.755856 21.936685
3795.167993 22.334786
3795.580130 22.703210
3795.992267 22.738362
3796.404404 22.568317
3796.816541 22.238101
3797.228678 21.397522
3797.640815 21.896007
3798.052952 21.421631
3798.465089 21.490712
3798.877226 21.543253
3799.289363 21.748918
3799.701500 21.764467
3800.113637 21.920605
3800.525774 21.847329
3800.937911 21.500007
3801.350048 21.390044
3801.762185 21.499866
3802.174322 21.046458
3802.586459 21.390468
3802.998596 21.474802
3803.410733 22.214579
3803.822870 22.226570
3804.235007 22.260116
3804.647145 21.709768
3805.059282 21.114166
3805.471419 20.528107
3805.883556 21.107283
3806.295693 22.160672
3806.707830 20.844790
3807.119967 20.957038
3807.532104 20.935440
3807.944241 21.489092
3808.356378 22.172260
3808.768515 22.206549
3809.180652 21.708021
3809.592789 22.330930
3810.004926 22.155211
3810.417063 22.498514
3810.829200 22.683777
3811.241337 22.538859
3811.653474 22.291378
3812.065611 22.513285
3812.477748 22.105655
3812.889885 21.273671
3813.302022 21.989806
3813.714159 21.926646
3814.126296 22.090877
3814.538433 20.978445
3814.950570 21.653089
3815.362707 21.867236
3815.774844 22.225162
3816.186981 22.344867
3816.599118 21.843105
3817.011255 21.660856
3817.423392 21.981310
3817.835529 21.988094
3818.247666 20.890907
3818.659803 20.779204
3819.071940 21.065438
3819.484077 21.132128
3819.896214 20.561534
3820.308351 20.510846
3820.720488 19.460053
3821.132625 21.056093
3821.544762 20.700544
3821.956899 20.924871
3822.369036 19.952674
3822.781173 20.384810
3823.193310 21.003976
3823.605447 20.300554
3824.017584 20.282203
3824.429721 20.740429
3824.841858 20.630763
3825.253995 22.169225
3825.666132 21.959627
3826.078269 20.948528
3826.490406 20.297852
3826.902543 19.981212
3827.314680 20.541803
3827.726817 20.444949
3828.138954 21.167217
3828.551091 20.302747
3828.963228 21.104623
3829.375365 21.830103
3829.787502 22.161953
3830.199640 21.789899
3830.611777 21.110898
3831.023914 21.745720
3831.436051 21.148470
3831.848188 19.818318
3832.260325 19.853895
3832.672462 20.660220
3833.084599 20.558775
3833.496736 21.421574
3833.908873 21.811985
3834.321010 21.577818
3834.733147 20.915668
3835.145284 20.563719
3835.557421 19.969242
3835.969558 19.397403
3836.381695 19.791648
3836.793832 19.884286
3837.205969 20.476118
3837.618106 21.035585
3838.030243 20.969050
3838.442380 20.863692
3838.854517 21.732958
3839.266654 21.211898
3839.678791 20.064781
3840.090928 18.474407
3840.503065 20.519604
3840.915202 20.964594
3841.327339 21.649156
3841.739476 21.260046
3842.151613 21.102564
3842.563750 20.831051
3842.975887 20.666361
3843.388024 21.204286
3843.800161 21.818840
3844.212298 22.067899
3844.624435 21.491780
3845.036572 22.238837
3845.448709 21.743909
3845.860846 21.968470
3846.272983 21.888813
3846.685120 22.319463
3847.097257 21.814851
3847.509394 21.661090
3847.921531 21.773232
3848.333668 22.290161
3848.745805 23.064227
3849.157942 23.159625
3849.570079 22.720790
3849.982216 22.659575
3850.394353 23.322539
3850.806490 22.826091
3851.218627 23.376828
3851.630764 22.880535
3852.042901 22.918531
3852.455038 22.709407
3852.867175 22.733120
3853.279312 23.216453
3853.691449 23.579373
3854.103586 23.258729
3854.515723 23.252560
3854.927860 23.001315
3855.339998 23.215469
3855.752135 23.513553
3856.164272 23.346847
3856.576409 23.755390
3856.988546 24.105314
3857.400683 23.965653
3857.812820 23.382579
3858.224957 23.329373
3858.637094 23.002949
3859.049231 23.376241
3859.461368 24.324435
3859.873505 24.610415
3860.285642 24.739769
3860.697779 24.564658
3861.109916 24.955012
3861.522053 24.729164
3861.934190 23.898737
3862.346327 23.265683
3862.758464 24.440249
3863.170601 25.155732
3863.582738 25.164229
3863.994875 24.544588
3864.407012 23.795253
3864.819149 24.318054
3865.231286 24.618883
3865.643423 24.960856
3866.055560 25.065054
3866.467697 24.802186
3866.879834 24.496143
3867.291971 24.462780
3867.704108 24.626360
3868.116245 24.849513
3868.528382 24.708599
3868.940519 25.160982
3869.352656 24.240236
3869.764793 23.836249
3870.176930 24.152373
3870.589067 23.984244
3871.001204 23.788172
3871.413341 23.535781
3871.825478 23.465922
3872.237615 23.459576
3872.649752 23.667392
3873.061889 23.774568
3873.474026 23.852081
3873.886163 23.887397
3874.298300 23.010540
3874.710437 22.273954
3875.122574 22.091224
3875.534711 21.497609
3875.946848 21.116395
3876.358985 21.205623
3876.771122 22.198959
3877.183259 21.693066
3877.595396 21.644571
3878.007533 21.401964
3878.419670 21.187386
3878.831807 20.152616
3879.243944 20.339895
3879.656081 20.623781
3880.068218 19.911820
3880.480355 19.685073
3880.892493 21.176074
3881.304630 21.671454
3881.716767 22.185588
3882.128904 21.569633
3882.541041 21.588613
3882.953178 21.400104
3883.365315 22.165745
3883.777452 22.295460
3884.189589 21.687873
3884.601726 21.162668
3885.013863 20.919233
3885.426000 20.811555
3885.838137 21.152240
3886.250274 21.126801
3886.662411 21.591995
3887.074548 21.839731
3887.486685 21.773911
3887.898822 21.779663
3888.310959 22.049365
3888.723096 22.325815
3889.135233 22.362100
3889.547370 21.788661
3889.959507 20.933636
3890.371644 21.248402
3890.783781 21.173329
3891.195918 21.157617
3891.608055 21.037480
3892.020192 21.090227
3892.432329 21.021698
3892.844466 21.019568
3893.256603 20.644515
3893.668740 20.334532
3894.080877 19.785960
3894.493014 19.549048
3894.905151 20.359682
3895.317288 21.701491
3895.729425 21.562453
3896.141562 22.023034
3896.553699 20.789808
3896.965836 18.795971
3897.377973 18.647757
3897.790110 19.454224
3898.202247 20.421115
3898.614384 20.146815
3899.026521 20.033909
3899.438658 20.679342
3899.850795 19.926732
3900.262932 20.181444
3900.675069 19.616134
3901.087206 20.059468
3901.499343 20.627113
3901.911480 20.339010
3902.323617 19.972305
3902.735754 20.186573
3903.147891 20.772434
3903.560028 20.825590
3903.972165 21.457427
3904.384302 21.335274
3904.796439 21.095122
3905.208576 20.785464
3905.620713 21.257931
3906.032850 20.492474
3906.444988 20.687853
3906.857125 20.331490
3907.269262 21.195167
3907.681399 21.045687
3908.093536 19.817675
3908.505673 20.659244
3908.917810 19.805966
3909.329947 20.290629
3909.742084 20.108182
3910.154221 21.214926
3910.566358 21.325519
3910.978495 21.598319
3911.390632 21.718710
3911.802769 21.416014
3912.214906 20.859851
3912.627043 21.140051
3913.039180 21.132510
3913.451317 20.911090
3913.863454 21.402919
3914.275591 21.080881
3914.687728 20.764468
3915.099865 20.192197
3915.512002 20.287778
3915.924139 18.931515
3916.336276 19.824798
3916.748413 19.704966
3917.160550 20.378987
3917.572687 19.828725
3917.984824 19.768218
3918.396961 19.262912
3918.809098 18.098230
3919.221235 18.749924
3919.633372 18.784497
3920.045509 19.746882
3920.457646 19.806341
3920.869783 20.387052
3921.281920 20.572944
3921.694057 20.557020
3922.106194 20.178451
3922.518331 19.814371
3922.930468 19.313020
3923.342605 19.175191
3923.754742 19.340051
3924.166879 19.081774
3924.579016 19.530782
3924.991153 19.756347
3925.403290 20.264291
3925.815427 18.742482
3926.227564 19.118299
3926.639701 19.208617
3927.051838 18.958518
3927.463975 19.432972
3927.876112 19.864464
3928.288249 18.987155
3928.700386 18.528038
3929.112523 18.377510
3929.524660 17.641610
3929.936797 17.471769
3930.348934 17.737283
3930.761071 18.786308
3931.173208 19.642861
3931.585346 19.913136
3931.997483 18.669737
3932.409620 17.297896
3932.821757 17.120076
3933.233894 16.240800
3933.646031 17.203581
3934.058168 17.596787
3934.470305 18.499641
3934.882442 18.151719
3935.294579 17.932138
3935.706716 18.232769
3936.118853 18.135667
3936.530990 18.249316
3936.943127 18.288932
3937.355264 18.897113
3937.767401 19.068892
3938.179538 19.489270
3938.591675 19.160985
3939.003812 19.321806
3939.415949 18.781872
3939.828086 19.335000
3940.240223 19.008392
3940.652360 19.181543
3941.064497 19.486695
3941.476634 19.275547
3941.888771 19.765890
3942.300908 19.576921
3942.713045 19.944050
3943.125182 19.030966
3943.537319 19.179464
3943.949456 19.389401
3944.361593 19.730526
3944.773730 19.267256
3945.185867 18.592499
3945.598004 17.591000
3946.010141 17.877723
3946.422278 19.274380
3946.834415 19.544393
3947.246552 19.049855
3947.658689 19.179640
3948.070826 19.161551
3948.482963 18.822627
3948.895100 18.418817
3949.307237 17.763083
3949.719374 18.817300
3950.131511 19.588820
3950.543648 19.956890
3950.955785 19.682873
3951.367922 19.011250
3951.780059 19.543254
3952.192196 18.733215
3952.604333 19.526092
3953.016470 19.138723
3953.428607 19.397247
3953.840744 19.377906
3954.252881 19.634471
3954.665018 19.905998
3955.077155 19.685448
3955.489292 19.918250
3955.901429 20.235661
3956.313566 19.988916
3956.725703 19.733087
3957.137841 19.863346
3957.549978 19.514433
3957.962115 19.366912
3958.374252 19.404887
3958.786389 19.162436
3959.198526 19.580663
3959.610663 19.538875
3960.022800 19.706077
3960.434937 19.066953
3960.847074 19.254812
3961.259211 19.487324
3961.671348 19.981863
3962.083485 19.803582
3962.495622 19.716151
3962.907759 19.427539
3963.319896 19.551793
3963.732033 19.321014
3964.144170 18.764915
3964.556307 19.446859
3964.968444 19.605919
3965.380581 19.300060
3965.792718 19.590150
3966.204855 18.778073
3966.616992 17.055240
3967.029129 16.779100
3967.441266 18.473516
3967.853403 18.554241
3968.265540 18.915131
3968.677677 18.922913
3969.089814 18.954266
3969.501951 18.118887
3969.914088 18.351639
3970.326225 18.459565
3970.738362 18.477937
3971.150499 18.422857
3971.562636 18.618844
3971.974773 18.664042
3972.386910 19.427433
3972.799047 19.060990
3973.211184 18.755959
3973.623321 18.862916
3974.035458 18.544889
3974.447595 18.614033
3974.859732 18.275392
3975.271869 18.140251
3975.684006 17.101619
3976.096143 16.889948
3976.508280 16.806839
3976.920417 19.031702
3977.332554 19.305132
3977.744691 19.896207
3978.156828 18.965578
3978.568965 16.381997
3978.981102 15.291941
3979.393239 15.560652
3979.805376 15.978194
3980.217513 17.726891
3980.629650 18.566077
3981.041787 19.120244
3981.453924 18.796735
3981.866061 18.377666
3982.278199 17.182486
3982.690336 17.036563
3983.102473 17.265758
3983.514610 17.942248
3983.926747 18.447850
3984.338884 18.882660
3984.751021 18.841480
3985.163158 17.714525
3985.575295 18.098711
3985.987432 18.589210
3986.399569 18.581180
3986.811706 18.186836
3987.223843 18.218939
3987.635980 18.130878
3988.048117 17.842217
3988.460254 18.285997
3988.872391 18.366538
3989.284528 19.029933
3989.696665 19.177299
3990.108802 19.411785
3990.520939 19.481474
3990.933076 19.673224
3991.345213 19.994667
3991.757350 19.853513
3992.169487 19.239029
3992.581624 19.255951
3992.993761 19.449639
3993.405898 19.583797
3993.818035 19.937521
3994.230172 19.684238
3994.642309 20.162265
3995.054446 19.810777
3995.466583 19.408538
3995.878720 18.818241
3996.290857 17.642855
3996.702994 17.925333
3997.115131 16.893881
3997.527268 17.969930
3997.939405 19.077155
3998.351542 19.274182
3998.763679 19.294117
3999.175816 19.195600
3999.587953 19.063225
4000.000090 18.777748
4000.412227 18.898903
4000.824364 18.552006
4001.236501 18.122962
4001.648638 17.342358
4002.060775 18.342747
4002.472912 18.712897
4002.885049 17.678396
4003.297186 18.347437
4003.709323 17.935244
4004.121460 17.198608
4004.533597 15.836021
4004.945734 16.524134
4005.357871 16.783833
4005.770008 18.115880
4006.182145 18.463294
4006.594282 18.170515
4007.006419 17.638787
4007.418556 17.681764
4007.830694 18.029432
4008.242831 18.194243
4008.654968 18.162359
4009.067105 17.757006
4009.479242 17.829780
4009.891379 18.854391
4010.303516 18.521346
4010.715653 18.048433
4011.127790 17.844162
4011.539927 18.551242
4011.952064 18.147976
4012.364201 18.257890
4012.776338 17.715904
4013.188475 18.241499
4013.600612 18.142614
4014.012749 17.862831
4014.424886 17.764109
4014.837023 18.030833
4015.249160 17.746197
4015.661297 16.895911
4016.073434 16.693013
4016.485571 15.312853
4016.897708 16.343102
4017.309845 15.444428
4017.721982 15.729106
4018.134119 17.008308
4018.546256 16.456433
4018.958393 16.721855
4019.370530 16.393528
4019.782667 17.050387
4020.194804 16.905278
4020.606941 17.789166
4021.019078 18.564711
4021.431215 18.837844
4021.843352 18.351052
4022.255489 18.413264
4022.667626 18.874164
4023.079763 18.840660
4023.491900 19.213251
4023.904037 18.455229
4024.316174 18.879887
4024.728311 17.945912
4025.140448 17.859747
4025.552585 17.673147
4025.964722 17.564775
4026.376859 18.085418
4026.788996 17.050337
4027.201133 16.526398
4027.613270 16.579717
4028.025407 16.346512
4028.437544 17.228313
4028.849681 17.645996
4029.261818 17.093653
4029.673955 17.158879
4030.086092 17.811896
4030.498229 17.858169
4030.910366 18.168938
4031.322503 18.089507
4031.734640 17.324609
4032.146777 15.775019
4032.558914 15.576131
4032.971052 15.852179
4033.383189 16.674350
4033.795326 16.836777
4034.207463 16.158398
4034.619600 16.863009
4035.031737 17.538204
4035.443874 17.648253
4035.856011 16.035418
4036.268148 16.671719
4036.680285 17.224507
4037.092422 17.794401
4037.504559 17.889190
4037.916696 18.244244
4038.328833 18.611755
4038.740970 18.099333
4039.153107 18.177802
4039.565244 18.037263
4039.977381 17.806937
4040.389518 17.592535
4040.801655 17.665217
4041.213792 18.047669
4041.625929 18.481262
4042.038066 18.409720
4042.450203 18.025937
4042.862340 18.023581
4043.274477 18.056817
4043.686614 18.086592
4044.098751 18.569302
4044.510888 18.352941
4044.923025 17.836161
4045.335162 17.116716
4045.747299 17.432698
4046.159436 16.611898
4046.571573 17.067634
4046.983710 17.147581
4047.395847 17.907400
4047.807984 18.116878
4048.220121 18.338516
4048.632258 17.742377
4049.044395 17.491761
4049.456532 17.971606
4049.868669 17.741344
4050.280806 17.609867
4050.692943 16.621222
4051.105080 16.910209
4051.517217 15.731519
4051.929354 16.991132
4052.341491 17.607639
4052.753628 18.153417
4053.165765 17.235911
4053.577902 16.345797
4053.990039 16.968360
4054.402176 16.479184
4054.814313 16.855241
4055.226450 17.407584
4055.638587 17.699945
4056.050724 18.016083
4056.462861 17.792859
4056.874998 17.368859
4057.287135 16.647065
4057.699272 17.271438
4058.111409 17.459877
4058.523547 17.617451
4058.935684 18.080310
4059.347821 17.643456
4059.759958 17.985210
4060.172095 17.838078
4060.584232 17.894333
4060.996369 17.921152
4061.408506 17.947603
4061.820643 17.710379
4062.232780 17.715339
4062.644917 17.940203
4063.057054 17.789095
4063.469191 18.002889
4063.881328 17.504297
4064.293465 17.813339
4064.705602 17.932895
4065.117739 17.718430
4065.529876 17.935011
4065.942013 17.746267
4066.354150 18.016861
4066.766287 17.795653
4067.178424 17.966774
4067.590561 17.814563
4068.002698 18.304602
4068.414835 18.521713
4068.826972 18.710874
4069.239109 18.691851
4069.651246 18.215487
4070.063383 18.436107
4070.475520 17.804574
4070.887657 18.079872
4071.299794 17.910880
4071.711931 17.444024
4072.124068 17.363044
4072.536205 17.708172
4072.948342 18.633509
4073.360479 18.388299
4073.772616 18.593872
4074.184753 18.219880
4074.596890 18.129604
4075.009027 19.038196
4075.421164 19.091657
4075.833301 18.634202
4076.245438 18.289138
4076.657575 18.587186
4077.069712 18.484531
4077.481849 18.640357
4077.893986 18.653727
4078.306123 18.462084
4078.718260 18.085142
4079.130397 18.277988
4079.542534 18.879781
4079.954671 18.547683
4080.366808 18.410370
4080.778945 18.493975
4081.191082 18.759227
4081.603219 18.526722
4082.015356 18.568956
4082.427493 19.029933
4082.839630 19.213668
4083.251767 19.164905
4083.663905 19.030209
4084.076042 19.058669
4084.488179 18.681890
4084.900316 18.706311
4085.312453 18.357355
4085.724590 18.614932
4086.136727 18.897268
4086.548864 18.822514
4086.961001 19.424752
4087.373138 19.293735
4087.785275 19.697998
4088.197412 19.563932
4088.609549 19.523828
4089.021686 18.863340
4089.433823 18.602021
4089.845960 19.315666
4090.258097 19.874397
4090.670234 19.194426
4091.082371 18.770185
4091.494508 19.060318
4091.906645 19.161488
4092.318782 19.461418
4092.730919 19.840164
4093.143056 19.764299
4093.555193 20.025073
4093.967330 19.655064
4094.379467 19.732096
4094.791604 19.161580
4095.203741 19.042321
4095.615878 19.440089
4096.028015 19.325874
4096.440152 19.113538
4096.852289 18.797881
4097.264426 19.222518
4097.676563 19.126187
4098.088700 19.107404
4098.500837 19.303816
4098.912974 19.077402
4099.325111 18.934925
4099.737248 19.029396
4100.149385 18.869537
4100.561522 18.807891
4100.973659 18.953750
4101.385796 18.732670
4101.797933 18.758930
4102.210070 18.569267
4102.622207 18.179294
4103.034344 18.130871
4103.446481 17.809208
4103.858618 18.383106
4104.270755 18.665308
4104.682892 18.523510
4105.095029 18.454649
4105.507166 18.295229
4105.919303 18.464135
4106.331440 18.028908
4106.743577 18.396759
4107.155714 18.800944
4107.567851 19.085538
4107.979988 18.970247
4108.392125 19.133297
4108.804262 18.833034
4109.216400 18.707316
4109.628537 18.375975
4110.040674 17.984135
4110.452811 18.078506
4110.864948 18.222710
4111.277085 18.303668
4111.689222 18.117543
4112.101359 18.288586
4112.513496 18.279700
4112.925633 18.094961
4113.337770 18.410844
4113.749907 18.522230
4114.162044 18.431884
4114.574181 18.118172
4114.986318 18.020745
4115.398455 18.781320
4115.810592 18.496331
4116.222729 18.785204
4116.634866 18.889713
4117.047003 19.120641
4117.459140 18.382526
4117.871277 18.555147
4118.283414 18.415535
4118.695551 18.374228
4119.107688 18.390407
4119.519825 17.829723
4119.931962 17.878487
4120.344099 17.346483
4120.756236 17.721783
4121.168373 18.445381
4121.580510 18.291500
4121.992647 17.949775
4122.404784 17.740750
4122.816921 17.802572
4123.229058 17.616475
4123.641195 17.552947
4124.053332 17.953729
4124.465469 18.398174
4124.877606 18.002401
4125.289743 17.948997
4125.701880 18.400254
4126.114017 18.056682
4126.526154 17.909317
4126.938291 17.594318
4127.350428 17.709269
4127.762565 18.617634
4128.174702 18.593532
4128.586839 18.669871
4128.998976 18.450616
4129.411113 18.481970
4129.823250 18.222250
4130.235387 17.980647
4130.647524 18.590398
4131.059661 18.665839
4131.471798 18.697871
4131.883935 18.557892
4132.296072 18.387464
4132.708209 17.905744
4133.120346 18.012842
4133.532483 18.077877
4133.944620 17.934685
4134.356757 17.848520
4134.768895 17.567641
4135.181032 18.021601
4135.593169 17.518085
4136.005306 17.520115
4136.417443 16.795767
4136.829580 17.460401
4137.241717 17.910024
4137.653854 17.964419
4138.065991 18.295123
4138.478128 18.203849
4138.890265 18.382151
4139.302402 18.417034
4139.714539 18.162196
4140.126676 18.145507
4140.538813 17.998177
4140.950950 17.721861
4141.363087 17.656933
4141.775224 17.781851
4142.187361 18.119842
4142.599498 18.169666
4143.011635 17.565327
4143.423772 17.276666
4143.835909 17.531208
4144.248046 17.361084
4144.660183 17.389926
4145.072320 18.335538
4145.484457 18.330190
4145.896594 18.615802
4146.308731 18.514731
4146.720868 18.024239
4147.133005 17.327573
4147.545142 17.570782
4147.957279 17.437084
4148.369416 17.517950
4148.781553 17.583296
4149.193690 18.097678
4149.605827 18.185718
4150.017964 18.188986
4150.430101 17.938916
4150.842238 17.574078
4151.254375 17.513579
4151.666512 17.816056
4152.078649 17.781080
4152.490786 17.695339
4152.902923 17.322260
4153.315060 17.625954
4153.727197 17.351088
4154.139334 17.406424
4154.551471 16.926876
4154.963608 16.789429
4155.375745 17.441130
4155.787882 17.639353
4156.200019 17.396562
4156.612156 17.025513
4157.024293 17.335617
4157.436430 17.599178
4157.848567 17.676819
4158.260704 17.279432
4158.672841 17.136962
4159.084978 16.628183
4159.497115 16.499126
4159.909253 16.437325
4160.321390 16.979898
4160.733527 16.996240
4161.145664 17.148592
4161.557801 17.682514
4161.969938 16.623889
4162.382075 16.497987
4162.794212 16.105029
4163.206349 16.864834
4163.618486 16.351096
4164.030623 15.229015
4164.442760 14.180061
4164.854897 14.713006
4165.267034 16.086813
4165.679171 16.690940
4166.091308 17.235020
4166.503445 16.735034
4166.915582 15.943671
4167.327719 15.020138
4167.739856 15.387826
4168.151993 14.945674
4168.564130 15.372178
4168.976267 15.641696
4169.388404 15.438825
4169.800541 15.871117
4170.212678 16.356968
4170.624815 17.103253
4171.036952 17.849539
4171.449089 16.968183
4171.861226 16.346292
4172.273363 15.145205
4172.685500 14.269948
4173.097637 13.720937
4173.509774 14.330164
4173.921911 15.776894
4174.334048 16.349426
4174.746185 16.384034
4175.158322 16.313807
4175.570459 15.899371
4175.982596 15.617707
4176.394733 15.993432
4176.806870 17.108714
4177.219007 17.215346
4177.631144 16.463889
4178.043281 16.282574
4178.455418 15.801413
4178.867555 15.190035
4179.279692 15.558566
4179.691829 15.608517
4180.103966 16.212771
4180.516103 16.303910
4180.928240 16.434743
4181.340377 16.198191
4181.752514 16.013855
4182.164651 16.737574
4182.576788 16.550557
4182.988925 16.856408
4183.401062 16.174705
4183.813199 15.815852
4184.225336 15.843159
4184.637473 15.913626
4185.049610 16.096413
4185.461748 16.351075
4185.873885 16.443458
4186.286022 16.393344
4186.698159 16.126118
4187.110296 16.539026
4187.522433 16.631162
4187.934570 16.695708
4188.346707 16.796560
4188.758844 16.573994
4189.170981 15.781994
4189.583118 15.672476
4189.995255 16.093343
4190.407392 16.014938
4190.819529 16.379832
4191.231666 16.543100
4191.643803 15.193940
4192.055940 13.734817
4192.468077 14.018151
4192.880214 15.106006
4193.292351 15.174111
4193.704488 17.601230
4194.116625 20.189997
4194.528762 18.630028
4194.940899 16.039486
4195.353036 13.774030
4195.765173 11.862333
4196.177310 11.104509
4196.589447 12.176101
4197.001584 13.813575
4197.413721 15.703780
4197.825858 16.569686
4198.237995 15.789550
4198.650132 16.330411
4199.062269 15.968240
4199.474406 14.958344
4199.886543 13.788667
4200.298680 13.598862
4200.710817 14.293180
4201.122954 15.595685
4201.535091 15.903786
4201.947228 15.695397
4202.359365 15.772607
4202.771502 15.349547
4203.183639 15.832646
4203.595776 15.741939
4204.007913 15.714944
4204.420050 15.437545
4204.832187 15.446289
4205.244324 15.453894
4205.656461 14.510121
4206.068598 14.882309
4206.480735 15.747839
4206.892872 15.903567
4207.305009 15.732453
4207.717146 15.464774
4208.129283 15.685415
4208.541420 16.049142
4208.953557 16.327489
4209.365694 16.536217
4209.777831 16.436151
4210.189968 16.555756
4210.602106 16.326583
4211.014243 15.208528
4211.426380 14.290215
4211.838517 15.076924
4212.250654 15.769805
4212.662791 15.609564
4213.074928 15.722379
4213.487065 16.051880
4213.899202 15.513191
4214.311339 14.917412
4214.723476 14.627414
4215.135613 15.584132
4215.547750 15.352066
4215.959887 16.229495
4216.372024 16.463274
4216.784161 16.317493
4217.196298 16.111658
4217.608435 15.874710
4218.020572 15.820967
4218.432709 15.874449
4218.844846 15.654387
4219.256983 14.919081
4219.669120 14.056168
4220.081257 13.740108
4220.493394 14.082923
4220.905531 14.610853
4221.317668 15.830616
4221.729805 16.406792
4222.141942 15.298860
4222.554079 13.411987
4222.966216 12.137015
4223.378353 11.744913
4223.790490 12.980622
4224.202627 14.644930
4224.614764 15.384204
4225.026901 15.991755
4225.439038 15.788467
4225.851175 15.494847
4226.263312 15.531768
4226.675449 15.870254
4227.087586 15.531895
4227.499723 15.515405
4227.911860 14.942412
4228.323997 14.838038
4228.736134 15.119037
4229.148271 15.306118
4229.560408 15.824200
4229.972545 15.854075
4230.384682 15.266558
4230.796819 14.337939
4231.208956 14.176977
4231.621093 14.059132
4232.033230 14.796518
4232.445367 15.420538
4232.857504 14.964307
4233.269641 15.482969
4233.681778 15.938309
4234.093915 15.297233
4234.506052 15.089566
4234.918189 14.255176
4235.330326 12.973831
4235.742463 12.054472
4236.154601 13.489330
4236.566738 16.149357
4236.978875 18.463301
4237.391012 17.062038
4237.803149 16.174910
4238.215286 16.037017
4238.627423 14.014628
4239.039560 13.177345
4239.451697 13.468001
4239.863834 14.419817
4240.275971 15.417404
4240.688108 15.251150
4241.100245 15.261776
4241.512382 15.861304
4241.924519 15.746891
4242.336656 16.095911
4242.748793 15.891936
4243.160930 15.797027
4243.573067 15.751221
4243.985204 15.752622
4244.397341 16.194789
4244.809478 16.201205
4245.221615 16.068038
4245.633752 15.927025
4246.045889 15.848450
4246.458026 14.633752
4246.870163 14.078983
4247.282300 14.065287
4247.694437 14.192568
4248.106574 15.558063
4248.518711 15.996120
4248.930848 16.019869
4249.342985 15.442815
4249.755122 15.018320
4250.167259 14.736747
4250.579396 14.153483
4250.991533 14.992520
4251.403670 15.372256
4251.815807 15.447230
4252.227944 15.017832
4252.640081 13.947768
4253.052218 13.111922
4253.464355 11.715166
4253.876492 12.849747
4254.288629 13.778614
4254.700766 15.212560
4255.112903 14.817876
4255.525040 14.587953
4255.937177 14.592226
4256.349314 14.055574
4256.761451 14.140424
4257.173588 14.636900
4257.585725 15.112380
4257.997862 15.771581
4258.409999 15.918741
4258.822136 15.937891
4259.234273 15.557568
4259.646410 15.372086
4260.058547 16.010382
4260.470684 16.159764
4260.882821 16.066142
4261.294959 15.784010
4261.707096 15.570422
4262.119233 15.203491
4262.531370 15.512391
4262.943507 16.347325
4263.355644 16.092840
4263.767781 16.491415
4264.179918 16.187092
4264.592055 15.948510
4265.004192 15.796801
4265.416329 15.477685
4265.828466 15.976489
4266.240603 16.057355
4266.652740 15.664680
4267.064877 15.015667
4267.477014 14.723589
4267.889151 15.158661
4268.301288 15.536989
4268.713425 15.674422
4269.125562 16.368562
4269.537699 16.468120
4269.949836 15.502176
4270.361973 15.204693
4270.774110 14.631453
4271.186247 14.883469
4271.598384 14.883455
4272.010521 15.332576
4272.422658 14.897229
4272.834795 13.660091
4273.246932 13.167660
4273.659069 13.703011
4274.071206 14.594978
4274.483343 15.992930
4274.895480 16.801993
4275.307617 16.410825
4275.719754 15.084805
4276.131891 14.199813
4276.544028 14.222932
4276.956165 14.551485
4277.368302 14.640048
4277.780439 15.204424
4278.192576 15.560787
4278.604713 15.561827
4279.016850 15.640748
4279.428987 15.610314
4279.841124 15.713189
4280.253261 15.930025
4280.665398 16.250336
4281.077535 16.139779
4281.489672 16.060369
4281.901809 16.118591
4282.313946 16.103982
4282.726083 16.172306
4283.138220 16.041643
4283.550357 16.009151
4283.962494 15.914228
4284.374631 16.298647
4284.786768 16.138236
4285.198905 16.238628
4285.611042 16.536818
4286.023179 16.592571
4286.435316 16.550323
4286.847454 16.002098
4287.259591 15.891377
4287.671728 15.993446
4288.083865 15.839169
4288.496002 15.764789
4288.908139 15.456830
4289.320276 15.243567
4289.732413 14.941917
4290.144550 14.962242
4290.556687 15.421140
4290.968824 15.557016
4291.380961 16.042641
4291.793098 15.793886
4292.205235 15.748087
4292.617372 16.102263
4293.029509 15.787505
4293.441646 15.985332
4293.853783 15.957459
4294.265920 16.033048
4294.678057 15.983188
4295.090194 16.355723
4295.502331 16.259483
4295.914468 16.197456
4296.326605 16.461979
4296.738742 16.437113
4297.150879 15.773222
4297.563016 15.807554
4297.975153 15.394342
4298.387290 15.590902
4298.799427 15.467894
4299.211564 16.045959
4299.623701 16.332908
4300.035838 16.548661
4300.447975 16.381714
4300.860112 16.019529
4301.272249 16.512023
4301.684386 16.213536
4302.096523 16.308629
4302.508660 16.756229
4302.920797 16.677428
4303.332934 16.694357
4303.745071 16.259108
4304.157208 16.782446
4304.569345 16.573881
4304.981482 16.524424
4305.393619 16.866970
4305.805756 16.667962
4306.217893 16.830849
4306.630030 16.973779
4307.042167 16.673339
4307.454304 16.624038
4307.866441 16.767413
4308.278578 17.119114
4308.690715 17.021679
4309.102852 17.563912
4309.514989 17.480655
4309.927126 17.320138
4310.339263 17.472689
4310.751400 17.156261
4311.163537 17.640400
4311.575674 17.721769
4311.987811 17.791925
4312.399949 17.636311
4312.812086 17.411213
4313.224223 16.958923
4313.636360 16.865301
4314.048497 17.325536
4314.460634 17.526022
4314.872771 17.239618
4315.284908 17.347862
4315.697045 17.695587
4316.109182 18.091714
4316.521319 17.845577
4316.933456 17.982798
4317.345593 18.634139
4317.757730 18.615222
4318.169867 18.010954
4318.582004 17.601590
4318.994141 18.210047
4319.406278 18.638334
4319.818415 18.530047
4320.230552 19.018282
4320.642689 19.017468
4321.054826 19.524394
4321.466963 19.563317
4321.879100 19.513528
4322.291237 19.365370
4322.703374 18.801744
4323.115511 19.026035
4323.527648 19.220551
4323.939785 19.319309
4324.351922 19.131768
4324.764059 19.178593
4325.176196 19.094147
4325.588333 18.240629
4326.000470 18.490883
4326.412607 18.292130
4326.824744 18.181537
4327.236881 18.378295
4327.649018 18.329051
4328.061155 18.737742
4328.473292 18.776962
4328.885429 19.250426
4329.297566 19.743910
4329.709703 19.962790
4330.121840 20.051792
4330.533977 19.758109
4330.946114 19.571403
4331.358251 19.205462
4331.770388 18.951260
4332.182525 18.242659
4332.594662 18.070753
4333.006799 18.890767
4333.418936 19.058231
4333.831073 18.678551
4334.243210 18.626923
4334.655347 18.284879
4335.067484 18.942940
4335.479621 18.761491
4335.891758 19.017723
4336.303895 18.552529
4336.716032 18.400820
4337.128169 19.422898
4337.540307 19.364266
4337.952444 19.984579
4338.364581 19.656684
4338.776718 19.405595
4339.188855 19.293134
4339.600992 18.322054
4340.013129 18.982825
4340.425266 19.423337
4340.837403 19.638984
4341.249540 19.278929
4341.661677 19.385079
4342.073814 19.210980
4342.485951 18.998247
4342.898088 19.518409
4343.310225 19.105374
4343.722362 19.667027
4344.134499 19.520291
4344.546636 18.838778
4344.958773 19.553080
4345.370910 19.511575
4345.783047 19.270744
4346.195184 19.408750
4346.607321 18.948289
4347.019458 18.700531
4347.431595 18.969313
4347.843732 18.746762
4348.255869 19.025604
4348.668006 19.451068
4349.080143 18.847727
4349.492280 18.693096
4349.904417 18.843178
4350.316554 19.855211
4350.728691 19.687047
4351.140828 19.017129
4351.552965 17.614706
4351.965102 17.664290
4352.377239 17.722201
4352.789376 18.075719
4353.201513 18.932534
4353.613650 19.625352
4354.025787 19.114415
4354.437924 18.681424
4354.850061 18.475023
4355.262198 18.531051
4355.674335 19.262523
4356.086472 19.196223
4356.498609 18.766726
4356.910746 18.981297
4357.322883 19.195480
4357.735020 20.199837
4358.147157 19.348901
4358.559294 19.970897
4358.971431 19.589485
4359.383568 19.238442
4359.795705 19.440478
4360.207842 19.163426
4360.619979 19.327289
4361.032116 19.709303
4361.444253 20.063826
4361.856390 19.855204
4362.268527 19.508646
4362.680664 19.497476
4363.092802 20.165300
4363.504939 20.500744
4363.917076 20.219673
4364.329213 20.266880
4364.741350 19.773219
4365.153487 19.621482
4365.565624 19.066784
4365.977761 19.714326
4366.389898 20.089378
4366.802035 19.957329
4367.214172 19.639507
4367.626309 18.707655
4368.038446 19.338502
4368.450583 19.766322
4368.862720 20.013520
4369.274857 20.102367
4369.686994 19.813996
4370.099131 19.493118
4370.511268 18.277578
4370.923405 18.633735
4371.335542 18.835884
4371.747679 19.026156
4372.159816 19.315673
4372.571953 19.226522
4372.984090 19.385327
4373.396227 19.356159
4373.808364 18.874836
4374.220501 19.012835
4374.632638 18.272697
4375.044775 18.461773
4375.456912 18.245425
4375.869049 18.497038
4376.281186 18.847854
4376.693323 18.503568
4377.105460 18.574078
4377.517597 18.418499
4377.929734 18.312002
4378.341871 18.716823
4378.754008 18.418435
4379.166145 18.503511
4379.578282 18.450779
4379.990419 18.559441
4380.402556 18.287843
4380.814693 18.097883
4381.226830 18.384040
4381.638967 18.272527
4382.051104 18.021445
4382.463241 17.806159
4382.875378 17.701572
4383.287515 17.608226
4383.699652 17.071985
4384.111789 17.511987
4384.523926 17.668796
4384.936063 17.713584
4385.348200 17.824885
4385.760337 16.867536
4386.172474 16.948693
4386.584611 17.233966
4386.996748 17.487262
4387.408885 17.384182
4387.821022 17.680611
4388.233160 17.920756
4388.645297 17.465360
4389.057434 17.574899
4389.469571 17.804199
4389.881708 17.635759
4390.293845 17.533797
4390.705982 17.199945
4391.118119 17.283054
4391.530256 17.343858
4391.942393 17.317492
4392.354530 17.255832
4392.766667 17.230563
4393.178804 17.175793
4393.590941 17.028661
4394.003078 17.087711
4394.415215 17.303520
4394.827352 16.924838
4395.239489 17.239335
4395.651626 17.372559
4396.063763 17.506051
4396.475900 17.431615
4396.888037 17.071397
4397.300174 17.014951
4397.712311 16.630546
4398.124448 16.684545
4398.536585 16.732806
4398.948722 17.019344
4399.360859 17.049637
4399.772996 17.124589
4400.185133 16.967235
4400.597270 16.272465
4401.009407 15.806860
4401.421544 15.222259
4401.833681 14.831904
4402.245818 16.187184
4402.657955 17.946655
4403.070092 17.835156
4403.482229 16.322070
4403.894366 15.145828
4404.306503 14.134156
4404.718640 11.919769
4405.130777 12.261177
4405.542914 14.098338
4405.955051 15.719492
4406.367188 16.419073
4406.779325 17.336543
4407.191462 16.767838
4407.603599 15.405003
4408.015736 14.122384
4408.427873 13.625094
4408.840010 14.259046
4409.252147 13.898234
4409.664284 13.800580
4410.076421 13.621054
4410.488558 15.372680
4410.900695 16.514513
4411.312832 17.842776
4411.724969 17.002267
4412.137106 16.407549
4412.549243 15.036473
4412.961380 13.986783
4413.373517 13.831346
4413.785655 14.142029
4414.197792 14.022509
4414.609929 14.637551
4415.022066 15.442667
4415.434203 15.489640
4415.846340 16.009950
4416.258477 15.142383
4416.670614 15.294042
4417.082751 14.608412
4417.494888 15.652824
4417.907025 16.029009
4418.319162 16.287186
4418.731299 14.963593
4419.143436 14.861482
4419.555573 14.646316
4419.967710 14.178229
4420.379847 14.333128
4420.791984 15.158045
4421.204121 15.513714
4421.616258 15.766049
4422.028395 15.878948
4422.440532 16.110151
4422.852669 15.980776
4423.264806 15.923148
4423.676943 16.143089
4424.089080 16.282602
4424.501217 16.152350
4424.913354 15.692136
4425.325491 15.784682
4425.737628 15.559634
4426.149765 15.909905
4426.561902 15.760807
4426.974039 15.701149
4427.386176 15.269445
4427.798313 15.686738
4428.210450 15.819276
4428.622587 15.938365
4429.034724 16.111064
4429.446861 15.772267
4429.858998 16.133673
4430.271135 15.931630
4430.683272 15.636440
4431.095409 15.211081
4431.507546 14.923397
4431.919683 15.261472
4432.331820 15.178249
4432.743957 15.405788
4433.156094 15.316857
4433.568231 14.948970
4433.980368 13.106920
4434.392505 12.242125
4434.804642 11.770190
4435.216779 12.270918
4435.628916 11.370256
4436.041053 12.253048
4436.453190 12.586447
4436.865327 13.334098
4437.277464 12.081100
4437.689601 13.207064
4438.101738 11.145123
4438.513875 11.481741
4438.926013 12.127642
4439.338150 12.068868
4439.750287 13.286828
4440.162424 15.386801
4440.574561 15.982658
4440.986698 16.674612
4441.398835 16.408631
4441.810972 15.915218
4442.223109 15.035369
4442.635246 13.289516
4443.047383 13.494983
4443.459520 13.437652
4443.871657 14.180535
4444.283794 15.091561
4444.695931 15.579230
4445.108068 15.703703
4445.520205 14.996404
4445.932342 14.653008
4446.344479 14.948652
4446.756616 14.579365
4447.168753 15.862748
4447.580890 15.065867
4447.993027 15.678850
4448.405164 15.305800
4448.817301 14.767026
4449.229438 14.877392
4449.641575 14.367014
4450.053712 14.428780
4450.465849 14.727954
4450.877986 14.723936
4451.290123 14.980133
4451.702260 14.784683
4452.114397 14.994211
4452.526534 15.576640
4452.938671 15.409523
4453.350808 15.204361
4453.762945 15.415982
4454.175082 15.307384
4454.587219 14.973334
4454.999356 14.340747
4455.411493 15.073408
4455.823630 14.779526
4456.235767 15.832236
4456.647904 15.260078
4457.060041 16.057865
4457.472178 14.738502
4457.884315 12.638132
4458.296452 12.295954
4458.708589 13.347136
4459.120726 13.440942
4459.532863 14.443573
4459.945000 15.396889
4460.357137 15.349179
4460.769274 14.854549
4461.181411 14.447393
4461.593548 14.936470
4462.005685 15.070147
4462.417822 15.128411
4462.829959 15.467696
4463.242096 15.059422
4463.654233 13.451249
4464.066370 12.642978
4464.478508 12.881681
4464.890645 14.451447
4465.302782 15.332597
4465.714919 16.874179
4466.127056 18.160222
4466.539193 16.220079
4466.951330 13.996326
4467.363467 10.639450
4467.775604 11.704674
4468.187741 11.778643
4468.599878 12.643792
4469.012015 13.701291
4469.424152 15.112140
4469.836289 15.622234
4470.248426 14.926410
4470.660563 15.085519
4471.072700 15.763127
4471.484837 15.862344
4471.896974 15.177400
4472.309111 14.474184
4472.721248 14.021780
4473.133385 13.540039
4473.545522 13.043902
4473.957659 15.126126
4474.369796 16.479764
4474.781933 16.866107
4475.194070 16.784561
4475.606207 16.000973
4476.018344 14.996163
4476.430481 13.363733
4476.842618 13.538476
4477.254755 14.634382
4477.666892 15.559669
4478.079029 15.349922
4478.491166 15.760849
4478.903303 15.804731
4479.315440 15.662424
4479.727577 15.469521
4480.139714 14.888853
4480.551851 13.970986
4480.963988 13.050870
4481.376125 11.600993
4481.788262 10.334369
4482.200399 11.939705
4482.612536 14.562924
4483.024673 15.152499
4483.436810 16.946903
4483.848947 17.881359
4484.261084 16.087054
4484.673221 13.318888
4485.085358 13.700648
4485.497495 14.060936
4485.909632 14.715319
4486.321769 14.822807
4486.733906 15.477218
4487.146043 15.764365
4487.558180 15.845578
4487.970317 15.803146
4488.382454 15.572141
4488.794591 15.369292
4489.206728 15.620480
4489.618866 15.860074
4490.031003 15.695029
4490.443140 15.924040
4490.855277 15.644787
4491.267414 15.454417
4491.679551 15.550331
4492.091688 15.175752
4492.503825 15.020973
4492.915962 13.693531
4493.328099 13.541864
4493.740236 13.404707
4494.152373 13.355809
4494.564510 15.389079
4494.976647 16.557574
4495.388784 16.580050
4495.800921 16.178850
4496.213058 14.847956
4496.625195 14.295840
4497.037332 14.039013
4497.449469 13.481796
4497.861606 15.328763
4498.273743 15.209716
4498.685880 15.860781
4499.098017 16.244578
4499.510154 15.413365
4499.922291 13.147145
4500.334428 11.929242
4500.746565 11.682348
4501.158702 10.601644
4501.570839 11.669126
4501.982976 14.704672
4502.395113 16.853819
4502.807250 16.626443
4503.219387 15.022586
4503.631524 15.290342
4504.043661 15.506131
4504.455798 14.645941
4504.867935 14.953576
4505.280072 15.537795
4505.692209 15.902484
4506.104346 16.235530
4506.516483 15.995597
4506.928620 16.039012
4507.340757 15.969931
4507.752894 15.869787
4508.165031 15.786508
4508.577168 15.736931
4508.989305 15.930392
4509.401442 16.028506
4509.813579 16.101082
4510.225716 16.119256
4510.637853 16.060129
4511.049990 16.450462
4511.462127 16.739746
4511.874264 16.586961
4512.286401 16.462220
4512.698538 16.572897
4513.110675 16.177336
4513.522812 16.062300
4513.934949 15.808551
4514.347086 15.964873
4514.759223 15.264959
4515.171361 15.354888
4515.583498 15.462623
4515.995635 15.188069
4516.407772 15.299100
4516.819909 16.017605
4517.232046 16.070103
4517.644183 15.153617
4518.056320 15.075700
4518.468457 15.180152
4518.880594 14.914448
4519.292731 14.846003
4519.704868 14.738665
4520.117005 15.193763
4520.529142 16.599221
4520.941279 17.309265
4521.353416 17.557284
4521.765553 16.435740
4522.177690 15.754616
4522.589827 15.673148
4523.001964 16.623769
4523.414101 17.684700
4523.826238 17.940118
4524.238375 17.124179
4524.650512 15.892941
4525.062649 14.493037
4525.474786 14.078212
4525.886923 13.623644
4526.299060 12.758920
4526.711197 13.682134
4527.123334 15.010121
4527.535471 15.608114
4527.947608 15.135704
4528.359745 14.917829
4528.771882 15.202316
4529.184019 15.575473
4529.596156 15.494041
4530.008293 15.602115
4530.420430 15.117828
4530.832567 14.835540
4531.244704 14.641124
4531.656841 14.531188
4532.068978 14.558814
4532.481115 14.521228
4532.893252 14.732220
4533.305389 14.888209
4533.717526 15.057965
4534.129663 14.889539
4534.541800 14.889256
4534.953937 14.649365
4535.366074 14.237554
4535.778211 14.140091
4536.190348 14.400469
4536.602485 14.658916
4537.014622 14.995916
4537.426759 15.047671
4537.838896 15.198800
4538.251033 15.342317
4538.663170 15.448064
4539.075307 15.654699
4539.487444 15.686717
4539.899581 15.506513
4540.311718 15.862755
4540.723856 15.460756
4541.135993 15.852214
4541.548130 16.474755
4541.960267 16.899894
4542.372404 16.668479
4542.784541 16.549566
4543.196678 16.368704
4543.608815 15.886949
4544.020952 14.657833
4544.433089 14.977098
4544.845226 15.559655
4545.257363 15.712779
4545.669500 15.496453
4546.081637 15.034591
4546.493774 15.136086
4546.905911 14.902485
4547.318048 14.632238
4547.730185 15.979764
4548.142322 17.620896
4548.554459 17.328882
4548.966596 15.617848
4549.378733 15.291184
4549.790870 15.038722
4550.203007 14.612105
4550.615144 14.491954
4551.027281 15.251539
4551.439418 15.807059
4551.851555 15.600552
4552.263692 15.311035
4552.675829 15.315506
4553.087966 15.438606
4553.500103 15.533883
4553.912240 15.801045
4554.324377 15.667128
4554.736514 15.593654
4555.148651 15.858390
4555.560788 15.609388
4555.972925 15.756173
4556.385062 16.477189
4556.797199 15.896669
4557.209336 15.754043
4557.621473 14.934369
4558.033610 15.201998
4558.445747 16.039005
4558.857884 16.327128
4559.270021 16.148678
4559.682158 16.103919
4560.094295 16.383136
4560.506432 16.223256
4560.918569 16.451396
4561.330706 16.391214
4561.742843 16.446677
4562.154980 16.429345
4562.567117 16.388024
4562.979254 16.536875
4563.391391 16.635406
4563.803528 16.173028
4564.215665 15.789373
4564.627802 16.093463
4565.039939 15.732134
4565.452076 16.096038
4565.864214 16.276922
4566.276351 16.598804
4566.688488 15.933753
4567.100625 15.415353
4567.512762 15.149669
4567.924899 15.421366
4568.337036 15.576089
4568.749173 16.267817
4569.161310 16.437183
4569.573447 16.663272
4569.985584 16.258762
4570.397721 15.869348
4570.809858 16.149874
4571.221995 15.743581
4571.634132 15.735919
4572.046269 15.792768
4572.458406 16.015603
4572.870543 15.768348
4573.282680 14.928830
4573.694817 14.796660
4574.106954 14.790491
4574.519091 14.972620
4574.931228 15.575261
4575.343365 15.566743
4575.755502 15.517032
4576.167639 15.520336
4576.579776 15.331699
4576.991913 15.917312
4577.404050 15.863745
4577.816187 15.938740
4578.228324 15.954099
4578.640461 16.145862
4579.052598 16.363250
4579.464735 16.150638
4579.876872 16.114162
4580.289009 16.010764
4580.701146 16.032235
4581.113283 15.949387
4581.525420 15.865365
4581.937557 15.791969
4582.349694 16.195114
4582.761831 15.958952
4583.173968 15.830234
4583.586105 15.945263
4583.998242 15.866320
4584.410379 16.210734
4584.822516 16.007580
4585.234653 15.975201
4585.646790 15.786479
4586.058927 15.694223
4586.471064 15.717561
4586.883201 15.604414
4587.295338 15.662495
4587.707475 15.970440
4588.119612 15.851188
4588.531749 15.926190
4588.943886 15.968509
4589.356023 15.840464
4589.768160 16.084556
4590.180297 16.007404
4590.592434 16.041523
4591.004571 16.217978
4591.416709 15.773420
4591.828846 15.938839
4592.240983 15.809372
4592.653120 15.716033
4593.065257 15.852992
4593.477394 15.694640
4593.889531 15.883284
4594.301668 16.089558
4594.713805 16.072678
4595.125942 16.239937
4595.538079 16.127674
4595.950216 16.087499
4596.362353 15.791283
4596.774490 15.710416
4597.186627 15.634629
4597.598764 15.291658
4598.010901 15.002969
4598.423038 15.232892
4598.835175 15.049100
4599.247312 15.591822
4599.659449 15.488077
4600.071586 15.406807
4600.483723 15.081890
4600.895860 15.037385
4601.307997 14.869886
4601.720134 14.985615
4602.132271 15.136292
4602.544408 15.382542
4602.956545 15.425802
4603.368682 15.450484
4603.780819 15.643748
4604.192956 16.288361
4604.605093 15.825869
4605.017230 15.749516
4605.429367 15.324624
4605.841504 15.441867
4606.253641 15.643896
4606.665778 15.104542
4607.077915 14.979680
4607.490052 15.447357
4607.902189 16.085016
4608.314326 16.001185
4608.726463 16.394667
4609.138600 16.363356
4609.550737 16.208782
4609.962874 16.322792
4610.375011 16.276589
4610.787148 16.346554
4611.199285 16.301052
4611.611422 16.119496
4612.023559 16.236371
4612.435696 16.280374
4612.847833 16.147256
4613.259970 16.141038
4613.672107 16.150355
4614.084244 15.686660
4614.496381 15.782199
4614.908518 15.622015
4615.320655 15.972732
4615.732792 15.922568
4616.144929 16.238225
4616.557067 16.282730
4616.969204 16.296397
4617.381341 16.408391
4617.793478 15.939497
4618.205615 15.866476
4618.617752 16.177867
4619.029889 15.788877
4619.442026 16.041495
4619.854163 16.107031
4620.266300 16.379775
4620.678437 16.139991
4621.090574 15.926756
4621.502711 16.178758
4621.914848 16.317896
4622.326985 16.497711
4622.739122 16.728207
4623.151259 16.341645
4623.563396 16.088143
4623.975533 15.739449
4624.387670 15.464095
4624.799807 15.865719
4625.211944 16.146817
4625.624081 16.465580
4626.036218 16.266628
4626.448355 15.623246
4626.860492 15.707763
4627.272629 15.622206
4627.684766 15.558092
4628.096903 15.979460
4628.509040 16.218261
4628.921177 16.313185
4629.333314 16.511938
4629.745451 16.432125
4630.157588 15.953943
4630.569725 15.434333
4630.981862 15.399025
4631.393999 15.341334
4631.806136 15.735367
4632.218273 16.087245
4632.630410 15.681192
4633.042547 15.641300
4633.454684 15.751688
4633.866821 15.526781
4634.278958 16.022125
4634.691095 16.421174
4635.103232 16.192935
4635.515369 15.729128
4635.927506 15.682854
4636.339643 15.279264
4636.751780 14.747239
4637.163917 15.335250
4637.576054 15.022501
4637.988191 15.157635
4638.400328 15.742137
4638.812465 16.089063
4639.224602 16.213458
4639.636739 16.171394
4640.048876 16.065300
4640.461013 15.961654
4640.873150 16.004241
4641.285287 15.922391
4641.697424 15.604301
4642.109562 15.683909
4642.521699 15.664454
4642.933836 15.648296
4643.345973 15.611764
4643.758110 15.659311
4644.170247 15.501171
4644.582384 15.436441
4644.994521 16.060893
4645.406658 15.920212
4645.818795 15.854534
4646.230932 15.507531
4646.643069 14.830610
4647.055206 14.973787
4647.467343 15.298987
4647.879480 15.496969
4648.291617 15.688549
4648.703754 15.821702
4649.115891 15.703787
4649.528028 15.157826
4649.940165 14.906942
4650.352302 15.720773
4650.764439 15.807624
4651.176576 15.779879
4651.588713 16.326456
4652.000850 16.527608
4652.412987 16.359543
4652.825124 16.352956
4653.237261 16.012639
4653.649398 15.981448
4654.061535 15.561876
4654.473672 15.286048
4654.885809 15.128446
4655.297946 15.438712
4655.710083 15.149337
4656.122220 15.401218
4656.534357 15.493941
4656.946494 15.395148
4657.358631 15.276731
4657.770768 15.585179
4658.182905 16.066029
4658.595042 15.738777
4659.007179 15.610321
4659.419316 15.767244
4659.831453 15.560935
4660.243590 15.857513
4660.655727 15.969995
4661.067864 16.028973
4661.480001 15.989689
4661.892138 15.768461
4662.304275 15.756307
4662.716412 15.629762
4663.128549 15.774439
4663.540686 15.503761
4663.952823 15.475060
4664.364960 15.643132
4664.777097 15.498936
4665.189234 15.291693
4665.601371 14.953123
4666.013508 15.133610
4666.425645 15.106763
4666.837782 15.192341
4667.249920 15.091978
4667.662057 15.065994
4668.074194 14.912014
4668.486331 15.051909
4668.898468 15.348359
4669.310605 15.357584
4669.722742 15.249672
4670.134879 15.419173
4670.547016 15.092070
4670.959153 14.593379
4671.371290 14.658788
4671.783427 14.575184
4672.195564 13.436117
4672.607701 13.710516
4673.019838 14.818986
4673.431975 15.179643
4673.844112 15.521397
4674.256249 15.842423
4674.668386 15.404621
4675.080523 14.071838
4675.492660 13.207616
4675.904797 12.803856
4676.316934 13.710219
4676.729071 13.424239
4677.141208 15.475548
4677.553345 17.061507
4677.965482 17.617203
4678.377619 14.401120
4678.789756 11.915072
4679.201893 11.184470
4679.614030 14.388443
4680.026167 17.326597
4680.438304 19.530386
4680.850441 19.955652
4681.262578 18.520702
4681.674715 16.409756
4682.086852 13.286035
4682.498989 13.717647
4682.911126 12.610274
4683.323263 12.134263
4683.735400 12.691820
4684.147537 12.358229
4684.559674 13.186959
4684.971811 15.089587
4685.383948 17.797259
4685.796085 19.266952
4686.208222 21.035846
4686.620359 19.817101
4687.032496 17.224408
4687.444633 13.565181
4687.856770 12.131716
4688.268907 12.044893
4688.681044 12.387835
4689.093181 14.227876
4689.505318 16.224656
4689.917455 16.402109
4690.329592 15.149238
4690.741729 13.507235
4691.153866 12.878165
4691.566003 12.850645
4691.978140 12.108866
4692.390277 13.903497
4692.802415 15.697286
4693.214552 16.421351
4693.626689 16.296708
4694.038826 15.582279
4694.450963 15.074250
4694.863100 14.612939
4695.275237 13.929269
4695.687374 14.219741
4696.099511 13.268448
4696.511648 13.204001
4696.923785 12.769878
4697.335922 12.270861
4697.748059 12.978514
4698.160196 14.047368
4698.572333 14.449933
4698.984470 15.200406
4699.396607 16.026151
4699.808744 15.680060
4700.220881 15.257383
4700.633018 14.670567
4701.045155 14.068180
4701.457292 13.830589
4701.869429 13.746772
4702.281566 13.855767
4702.693703 13.854889
4703.105840 13.764409
4703.517977 14.294524
4703.930114 14.174727
4704.342251 14.825948
4704.754388 14.488014
4705.166525 14.820960
4705.578662 14.989867
4705.990799 14.126996
4706.402936 14.017528
4706.815073 13.756018
4707.227210 13.379537
4707.639347 14.160182
4708.051484 14.229079
4708.463621 14.328601
4708.875758 13.830037
4709.287895 13.323996
4709.700032 12.313286
4710.112169 12.145483
4710.524306 11.183544
4710.936443 11.454427
4711.348580 11.801465
4711.760717 12.957914
4712.172854 11.745394
4712.584991 11.978861
4712.997128 10.998281
4713.409265 10.020530
4713.821402 10.392654
4714.233539 9.410907
4714.645676 8.477074
4715.057813 10.354149
4715.469950 13.122257
4715.882087 14.225499
4716.294224 14.244367
4716.706361 14.221453
4717.118498 14.170199
4717.530635 14.198058
4717.942772 13.604904
4718.354910 14.099378
4718.767047 14.551273
4719.179184 14.719854
4719.591321 14.564671
4720.003458 14.307406
4720.415595 14.047736
4720.827732 13.954998
4721.239869 14.070197
4721.652006 14.656793
4722.064143 14.732545
4722.476280 14.679742
4722.888417 14.200046
4723.300554 13.515272
4723.712691 13.498293
4724.124828 12.909136
4724.536965 13.045317
4724.949102 14.423086
4725.361239 15.307016
4725.773376 14.470802
4726.185513 14.021808
4726.597650 13.683266
4727.009787 13.483161
4727.421924 13.428045
4727.834061 13.253125
4728.246198 14.039034
4728.658335 14.222019
4729.070472 14.455847
4729.482609 14.136731
4729.894746 13.826189
4730.306883 13.862968
4730.719020 13.841080
4731.131157 13.301394
4731.543294 13.559876
4731.955431 12.953046
4732.367568 12.549434
4732.779705 11.938156
4733.191842 11.483219
4733.603979 12.194310
4734.016116 13.491714
4734.428253 14.076953
4734.840390 13.579075
4735.252527 13.685211
4735.664664 14.537180
4736.076801 13.963304
4736.488938 12.658195
4736.901075 13.449544
4737.313212 14.112522
4737.725349 14.486061
4738.137486 14.416047
4738.549623 13.445491
4738.961760 14.079061
4739.373897 13.271080
4739.786034 13.535441
4740.198171 14.791588
4740.610308 15.105023
4741.022445 14.873317
4741.434582 13.650236
4741.846719 13.705642
4742.258856 11.962399
4742.670993 11.883789
4743.083130 11.671651
4743.495268 13.816900
4743.907405 17.232239
4744.319542 16.841736
4744.731679 15.139546
4745.143816 15.395842
4745.555953 12.087827
4745.968090 13.096974
4746.380227 13.209951
4746.792364 13.936987
4747.204501 12.812288
4747.616638 14.054513
4748.028775 14.492768
4748.440912 14.363421
4748.853049 14.222542
4749.265186 14.456349
4749.677323 14.720215
4750.089460 14.583008
4750.501597 14.271072
4750.913734 13.195505
4751.325871 11.788307
4751.738008 10.630076
4752.150145 10.823389
4752.562282 11.095015
4752.974419 11.547758
4753.386556 12.593748
4753.798693 13.300736
4754.210830 11.926929
4754.622967 11.072377
4755.035104 9.843460
4755.447241 11.382488
4755.859378 11.994460
4756.271515 11.723973
4756.683652 13.056629
4757.095789 13.450421
4757.507926 14.125674
4757.920063 14.156242
4758.332200 13.884715
4758.744337 14.134142
4759.156474 14.036636
4759.568611 13.492280
4759.980748 12.945166
4760.392885 12.781876
4760.805022 11.833455
4761.217159 11.186430
4761.629296 10.930424
4762.041433 12.758905
4762.453570 14.178965
4762.865707 16.548350
4763.277844 16.941074
4763.689981 16.309683
4764.102118 14.947888
4764.514255 15.253103
4764.926392 13.275912
4765.338529 11.530122
4765.750666 11.170562
4766.162803 11.407687
4766.574940 12.125180
4766.987077 13.445356
4767.399214 13.476292
4767.811351 14.061821
4768.223488 14.004391
4768.635625 14.347553
4769.047763 14.495866
4769.459900 14.462758
4769.872037 14.292317
4770.284174 13.566844
4770.696311 13.897675
4771.108448 13.879197
4771.520585 13.608179
4771.932722 13.962525
4772.344859 13.429368
4772.756996 13.288575
4773.169133 12.819257
4773.581270 12.506621
4773.993407 11.306092
4774.405544 10.909590
4774.817681 10.452659
4775.229818 11.661712
4775.641955 13.748456
4776.054092 13.918007
4776.466229 14.913726
4776.878366 13.111766
4777.290503 12.910749
4777.702640 13.680981
4778.114777 12.469226
4778.526914 12.954787
4778.939051 13.533135
4779.351188 14.004738
4779.763325 14.401374
4780.175462 13.956894
4780.587599 14.224445
4780.999736 13.999213
4781.411873 13.780864
4781.824010 12.776895
4782.236147 12.330887
4782.648284 12.713877
4783.060421 12.756394
4783.472558 12.616704
4783.884695 14.083779
4784.296832 14.924054
4784.708969 15.479934
4785.121106 13.857436
4785.533243 12.046980
4785.945380 12.357303
4786.357517 12.236098
4786.769654 12.077916
4787.181791 12.370404
4787.593928 13.518554
4788.006065 13.706894
4788.418202 14.294623
4788.830339 14.584013
4789.242476 14.439533
4789.654613 14.446622
4790.066750 14.138231
4790.478887 14.286664
4790.891024 14.349513
4791.303161 14.221120
4791.715298 14.387212
4792.127435 13.638839
4792.539572 13.854154
4792.951709 13.917702
4793.363846 14.009173
4793.775983 14.087175
4794.188121 14.246447
4794.600258 14.074427
4795.012395 14.264196
4795.424532 14.579301
4795.836669 14.958789
4796.248806 14.836998
4796.660943 14.645375
4797.073080 14.840393
4797.485217 14.600680
4797.897354 13.978237
4798.309491 13.955939
4798.721628 13.254561
4799.133765 13.610146
4799.545902 12.940511
4799.958039 13.488255
4800.370176 14.608872
4800.782313 14.506987
4801.194450 15.021977
4801.606587 14.129593
4802.018724 13.788624
4802.430861 13.562833
4802.842998 12.849874
4803.255135 12.354777
4803.667272 13.273591
4804.079409 14.883611
4804.491546 15.725690
4804.903683 15.484992
4805.315820 15.265143
4805.727957 15.050996
4806.140094 12.919896
4806.552231 12.423547
4806.964368 12.960474
4807.376505 12.702120
4807.788642 14.012788
4808.200779 15.925822
4808.612916 15.144491
4809.025053 14.540767
4809.437190 13.406129
4809.849327 11.304274
4810.261464 11.326756
4810.673601 13.064177
4811.085738 14.682777
4811.497875 14.870120
4811.910012 14.940269
4812.322149 15.427535
4812.734286 15.697413
4813.146423 15.512547
4813.558560 15.378064
4813.970697 15.724487
4814.382834 16.119949
4814.794971 16.051208
4815.207108 15.575042
4815.619245 15.438960
4816.031382 15.985204
4816.443519 16.211753
4816.855656 16.961017
4817.267793 17.273999
4817.679930 17.462778
4818.092067 17.183511
4818.504204 17.232593
4818.916341 17.061981
4819.328478 16.817210
4819.740616 16.777303
4820.152753 16.687410
4820.564890 16.667021
4820.977027 16.592550
4821.389164 16.717412
4821.801301 17.207861
4822.213438 16.947540
4822.625575 17.271877
4823.037712 17.216209
4823.449849 16.905985
4823.861986 17.231157
4824.274123 16.965106
4824.686260 17.212835
4825.098397 17.840674
4825.510534 18.040263
4825.922671 17.516988
4826.334808 17.234779
4826.746945 17.766854
4827.159082 17.334768
4827.571219 17.053535
4827.983356 17.171280
4828.395493 17.285516
4828.807630 17.170686
4829.219767 17.723927
4829.631904 16.963931
4830.044041 18.106648
4830.456178 17.559243
4830.868315 17.784808
4831.280452 18.080042
4831.692589 18.342542
4832.104726 18.248347
4832.516863 17.900672
4832.929000 17.355099
4833.341137 16.748871
4833.753274 17.161454
4834.165411 17.614112
4834.577548 18.354766
4834.989685 19.094550
4835.401822 18.376025
4835.813959 18.959155
4836.226096 19.487155
4836.638233 18.045915
4837.050370 17.991089
4837.462507 18.555621
4837.874644 19.043198
4838.286781 19.863099
4838.698918 20.660468
4839.111055 20.349664
4839.523192 20.323327
4839.935329 20.316733
4840.347466 20.459246
4840.759603 20.206706
4841.171740 19.936601
4841.583877 20.226797
4841.996014 20.049741
4842.408151 20.017814
4842.820288 20.528150
4843.232425 20.426152
4843.644562 20.624042
4844.056699 20.580967
4844.468836 20.574699
4844.880974 20.838600
4845.293111 21.169028
4845.705248 21.424383
4846.117385 21.929235
4846.529522 21.841719
4846.941659 21.517658
4847.353796 21.296783
4847.765933 20.788959
4848.178070 21.049521
4848.590207 21.783391
4849.002344 21.832381
4849.414481 21.825674
4849.826618 22.113317
4850.238755 22.164797
4850.650892 22.125838
4851.063029 22.265662
4851.475166 22.321606
4851.887303 22.563662
4852.299440 22.950196
4852.711577 22.700309
4853.123714 22.566739
4853.535851 22.421510
4853.947988 22.498818
4854.360125 22.913325
4854.772262 22.523840
4855.184399 21.887865
4855.596536 21.873362
4856.008673 22.046082
4856.420810 22.515393
4856.832947 22.321465
4857.245084 22.103597
4857.657221 21.542850
4858.069358 21.136493
4858.481495 22.092122
4858.893632 21.962775
4859.305769 23.150322
4859.717906 22.526422
4860.130043 22.223577
4860.542180 21.715555
4860.954317 21.134286
4861.366454 21.434697
4861.778591 21.999130
4862.190728 22.258234
4862.602865 22.153853
4863.015002 21.279019
4863.427139 20.705433
4863.839276 20.190188
4864.251413 20.801283
4864.663550 20.696837
4865.075687 21.372047
4865.487824 20.900755
4865.899961 20.730780
4866.312098 21.093467
4866.724235 20.257620
4867.136372 20.456147
4867.548509 20.233405
4867.960646 19.922615
4868.372783 20.022158
4868.784920 19.337886
4869.197057 20.034489
4869.609194 20.982860
4870.021331 20.603215
4870.433469 20.430680
4870.845606 20.894706
4871.257743 21.058689
4871.669880 20.569818
4872.082017 18.607398
4872.494154 18.850684
4872.906291 18.449796
4873.318428 18.658722
4873.730565 19.515834
4874.142702 21.520346
4874.554839 21.326785
4874.966976 20.958184
4875.379113 20.703232
4875.791250 19.676499
4876.203387 20.657426
4876.615524 19.485018
4877.027661 19.140463
4877.439798 19.623795
4877.851935 20.584327
4878.264072 21.044880
4878.676209 20.041881
4879.088346 19.613304
4879.500483 19.925501
4879.912620 20.453169
4880.324757 20.388425
4880.736894 21.354764
4881.149031 21.615800
4881.561168 21.882870
4881.973305 19.993932
4882.385442 18.834201
4882.797579 18.223898
4883.209716 17.744181
4883.621853 18.145224
4884.033990 18.681919
4884.446127 21.056447
4884.858264 22.117052
4885.270401 19.448635
4885.682538 18.061620
4886.094675 18.903770
4886.506812 17.711907
4886.918949 17.439921
4887.331086 17.822578
4887.743223 18.880707
4888.155360 20.605550
4888.567497 20.708312
4888.979634 20.717133
4889.391771 19.992623
4889.803908 20.162577
4890.216045 20.203714
4890.628182 20.152517
4891.040319 19.646928
4891.452456 20.039264
4891.864593 19.923400
4892.276730 19.291563
4892.688867 19.058344
4893.101004 18.846319
4893.513141 18.740360
4893.925278 18.495524
4894.337415 18.618957
4894.749552 18.199994
4895.161689 18.237219
4895.573826 18.928176
4895.985964 18.387230
4896.398101 18.843928
4896.810238 18.129930
4897.222375 18.321198
4897.634512 18.570392
4898.046649 18.636105
4898.458786 18.464616
4898.870923 18.534327
4899.283060 19.165485
4899.695197 19.492800
4900.107334 19.421526
4900.519471 19.164445
4900.931608 19.387343
4901.343745 18.950213
4901.755882 18.320901
4902.168019 18.780889
4902.580156 18.577134
4902.992293 18.767709
4903.404430 18.776786
4903.816567 18.781476
4904.228704 18.744795
4904.640841 18.428757
4905.052978 18.073172
4905.465115 18.178233
4905.877252 18.421053
4906.289389 18.440260
4906.701526 18.738980
4907.113663 18.469611
4907.525800 18.217524
4907.937937 17.947391
4908.350074 17.945049
4908.762211 17.774133
4909.174348 17.761470
4909.586485 17.508846
4909.998622 17.612662
4910.410759 17.945403
4910.822896 17.989419
4911.235033 17.853606
4911.647170 17.551872
4912.059307 18.007310
4912.471444 17.728270
4912.883581 17.826455
4913.295718 18.013253
4913.707855 17.704345
4914.119992 17.811776
4914.532129 17.362400
4914.944266 17.314280
4915.356403 17.199676
4915.768540 17.707755
4916.180677 17.720312
4916.592814 17.419617
4917.004951 16.608672
4917.417088 16.591347
4917.829225 16.022231
4918.241362 15.456483
4918.653499 15.156899
4919.065636 15.135386
4919.477773 15.204049
4919.889910 14.765773
4920.302047 17.258542
4920.714184 17.222109
4921.126322 16.315201
4921.538459 16.519380
4921.950596 15.045592
4922.362733 14.455330
4922.774870 14.288213
4923.187007 13.520380
4923.599144 14.554732
4924.011281 16.912451
4924.423418 17.033295
4924.835555 17.259985
4925.247692 17.283889
4925.659829 17.877213
4926.071966 17.893230
4926.484103 16.550153
4926.896240 16.161596
4927.308377 15.594850
4927.720514 15.656630
4928.132651 16.232183
4928.544788 17.017470
4928.956925 17.006031
4929.369062 17.260282
4929.781199 16.250329
4930.193336 16.295074
4930.605473 16.284979
4931.017610 16.651889
4931.429747 16.900779
4931.841884 16.619079
4932.254021 16.521036
4932.666158 16.213833
4933.078295 15.917255
4933.490432 15.708739
4933.902569 15.903970
4934.314706 16.414369
4934.726843 16.908744
4935.138980 16.831132
4935.551117 17.214603
4935.963254 17.746996
4936.375391 17.544309
4936.787528 16.488968
4937.199665 16.627483
4937.611802 16.713634
4938.023939 16.635060
4938.436076 17.043694
4938.848213 17.285339
4939.260350 17.287405
4939.672487 17.867493
4940.084624 17.890011
4940.496761 17.328571
4940.908898 16.829384
4941.321035 16.780982
4941.733172 17.252203
4942.145309 17.339423
4942.557446 17.210804
4942.969583 17.212346
4943.381720 17.430979
4943.793857 17.584669
4944.205994 17.607780
4944.618131 17.931813
4945.030268 18.220679
4945.442405 18.104278
4945.854542 18.336345
4946.266679 18.181516
4946.678817 17.704126
4947.090954 17.691604
4947.503091 17.424322
4947.915228 17.284788
4948.327365 17.422985
4948.739502 17.978624
4949.151639 18.589634
4949.563776 19.155517
4949.975913 18.651924
4950.388050 18.704641
4950.800187 18.183652
4951.212324 18.182266
4951.624461 17.291459
4952.036598 18.074248
4952.448735 18.543552
4952.860872 19.160313
4953.273009 19.719044
4953.685146 19.772844
4954.097283 19.618051
4954.509420 19.097500
4954.921557 18.843801
4955.333694 18.950949
4955.745831 19.603485
4956.157968 19.910122
4956.570105 20.132086
4956.982242 20.161239
4957.394379 20.254203
4957.806516 20.094925
4958.218653 19.872798
4958.630790 18.983427
4959.042927 17.888851
4959.455064 18.079950
4959.867201 17.652617
4960.279338 17.712714
4960.691475 18.904647
4961.103612 18.778158
4961.515749 16.598782
4961.927886 14.755636
4962.340023 14.143112
4962.752160 14.896068
4963.164297 13.252842
4963.576434 14.045536
4963.988571 15.768284
4964.400708 16.168833
4964.812845 15.892170
4965.224982 16.823753
4965.637119 16.112677
4966.049256 15.675320
4966.461393 15.747415
4966.873530 15.291276
4967.285667 14.889581
4967.697804 15.006909
4968.109941 14.856954
4968.522078 14.497359
4968.934215 14.129678
4969.346352 14.787180
4969.758489 14.574130
4970.170626 13.965221
4970.582763 13.016567
4970.994900 12.815366
4971.407037 13.184370
4971.819175 13.853524
4972.231312 14.459808
4972.643449 15.246587
4973.055586 16.340166
4973.467723 15.696282
4973.879860 14.948730
4974.291997 14.672109
4974.704134 14.438614
4975.116271 14.339269
4975.528408 14.387657
4975.940545 14.369689
4976.352682 15.446232
4976.764819 15.700045
4977.176956 15.649669
4977.589093 15.365995
4978.001230 15.594128
4978.413367 15.844765
4978.825504 15.491756
4979.237641 15.593477
4979.649778 14.581628
4980.061915 14.053968
4980.474052 12.870729
4980.886189 12.514933
4981.298326 12.592362
4981.710463 14.835123
4982.122600 14.763524
4982.534737 18.169949
4982.946874 17.596094
4983.359011 18.170812
4983.771148 17.028640
4984.183285 17.654803
4984.595422 15.357520
4985.007559 15.333708
4985.419696 15.979927
4985.831833 17.645239
4986.243970 18.426825
4986.656107 18.475122
4987.068244 18.712261
4987.480381 19.015721
4987.892518 19.048893
4988.304655 19.202901
4988.716792 19.242779
4989.128929 19.449547
4989.541066 19.761151
4989.953203 19.873774
4990.365340 19.989170
4990.777477 20.342597
4991.189614 20.585629
4991.601751 20.498721
4992.013888 20.471201
4992.426025 20.489524
4992.838162 21.477723
4993.250299 20.996025
4993.662436 21.146694
4994.074573 21.050490
4994.486710 21.524937
4994.898847 21.390582
4995.310984 21.311045
4995.723121 21.330280
4996.135258 21.567129
4996.547395 21.315282
4996.959532 20.564101
4997.371670 21.183643
4997.783807 24.382437
4998.195944 27.483796
4998.608081 28.948600
4999.020218 29.151195
4999.432355 26.769947
4999.844492 25.918855
5000.256629 26.967009
5000.668766 26.876040
5001.080903 22.686295
5001.493040 22.632771
5001.905177 22.617540
5002.317314 23.287260
5002.729451 25.823847
5003.141588 28.197915
5003.553725 27.021078
5003.965862 27.886418
5004.377999 27.451948
5004.790136 27.124427
5005.202273 26.557533
5005.614410 25.551046
5006.026547 27.770109
5006.438684 29.524444
5006.850821 31.075081
5007.262958 30.002535
5007.675095 29.015354
5008.087232 28.667863
5008.499369 27.671726
5008.911506 25.401007
5009.323643 24.343797
5009.735780 22.685864
5010.147917 22.402862
5010.560054 21.063090
5010.972191 20.386783
5011.384328 19.416652
5011.796465 19.915251
5012.208602 19.034475
5012.620739 17.717921
5013.032876 17.860780
5013.445013 15.883879
5013.857150 15.790936
5014.269287 16.035397
5014.681424 16.239010
5015.093561 15.836205
5015.505698 15.346173
5015.917835 14.849908
5016.329972 14.715878
5016.742109 14.701446
5017.154246 14.844751
5017.566383 14.600199
5017.978520 14.602547
5018.390657 14.383561
5018.802794 13.604309
5019.214931 14.118797
5019.627068 13.398213
5020.039205 13.474347
5020.451342 14.173482
5020.863479 14.104069
5021.275616 14.148071
5021.687753 14.781280
5022.099890 14.754469
5022.512028 14.423800
5022.924165 14.394498
5023.336302 13.854847
5023.748439 13.431094
5024.160576 13.290725
5024.572713 13.478981
5024.984850 13.268958
5025.396987 13.490462
5025.809124 13.846917
5026.221261 14.529484
5026.633398 14.146154
5027.045535 13.873410
5027.457672 13.931879
5027.869809 13.614213
5028.281946 13.461167
5028.694083 13.379968
5029.106220 11.238674
5029.518357 10.623858
5029.930494 11.734040
5030.342631 9.815403
5030.754768 10.969510
5031.166905 13.144591
5031.579042 16.318016
5031.991179 15.377151
5032.403316 16.508854
5032.815453 14.746093
5033.227590 13.306155
5033.639727 11.733417
5034.051864 10.284481
5034.464001 6.731100
5034.876138 9.234954
5035.288275 11.861385
5035.700412 13.211882
5036.112549 12.997310
5036.524686 13.150519
5036.936823 12.583094
5037.348960 12.276457
5037.761097 13.384248
5038.173234 12.556169
5038.585371 11.426087
5038.997508 11.306955
5039.409645 12.829338
5039.821782 13.571131
5040.233919 11.990173
5040.646056 12.742684
5041.058193 12.371699
5041.470330 13.653837
5041.882467 13.671544
5042.294604 14.129140
5042.706741 13.654707
5043.118878 13.793930
5043.531015 13.527687
5043.943152 13.294050
5044.355289 13.089248
5044.767426 13.143976
5045.179563 12.965816
5045.591700 12.564913
5046.003837 12.190327
5046.415974 13.292501
5046.828111 14.655194
5047.240248 15.547020
5047.652385 15.298393
5048.064523 14.387021
5048.476660 13.594922
5048.888797 14.150568
5049.300934 13.604352
5049.713071 13.188501
5050.125208 13.143360
5050.537345 13.458578
5050.949482 13.956448
5051.361619 13.947945
5051.773756 14.335590
5052.185893 13.272714
5052.598030 13.526018
5053.010167 13.162107
5053.422304 13.088145
5053.834441 13.143601
5054.246578 13.248612
5054.658715 13.416465
5055.070852 14.218255
5055.482989 15.478760
5055.895126 14.480515
5056.307263 13.696453
5056.719400 12.295232
5057.131537 11.281735
5057.543674 10.952369
5057.955811 10.284651
5058.367948 10.867986
5058.780085 11.201053
5059.192222 12.400244
5059.604359 13.917044
5060.016496 14.632825
5060.428633 14.065181
5060.840770 13.009952
5061.252907 12.444282
5061.665044 11.499674
5062.077181 11.211721
5062.489318 11.423335
5062.901455 12.288816
5063.313592 12.960029
5063.725729 12.334792
5064.137866 12.717323
5064.550003 13.312812
5064.962140 11.864745
5065.374277 13.037167
5065.786414 14.084550
5066.198551 15.761924
5066.610688 18.091877
5067.022825 18.084909
5067.434962 16.017980
5067.847099 10.673590
5068.259236 9.208659
5068.671373 7.623357
5069.083510 5.383298
5069.495647 7.135886
5069.907784 9.141148
5070.319921 12.019305
5070.732058 12.523868
5071.144195 12.948993
5071.556332 12.864681
5071.968469 12.869399
5072.380606 13.379841
5072.792743 12.908110
5073.204881 13.018923
5073.617018 13.412913
5074.029155 13.134729
5074.441292 11.883740
5074.853429 11.728090
5075.265566 11.404984
5075.677703 10.980192
5076.089840 11.638197
5076.501977 12.480368
5076.914114 15.294806
5077.326251 15.837634
5077.738388 14.736167
5078.150525 13.213884
5078.562662 12.032280
5078.974799 11.250594
5079.386936 10.487535
5079.799073 8.905799
5080.211210 10.694806
5080.623347 12.292622
5081.035484 13.183210
5081.447621 13.491728
5081.859758 12.801656
5082.271895 12.329274
5082.684032 12.256960
5083.096169 12.176235
5083.508306 12.103285
5083.920443 12.420972
5084.332580 12.085853
5084.744717 11.615771
5085.156854 10.715654
5085.568991 9.850739
5085.981128 11.668751
5086.393265 13.729016
5086.805402 15.567557
5087.217539 17.389028
5087.629676 16.618074
5088.041813 15.276455
5088.453950 10.391586
5088.866087 4.436392
5089.278224 3.324215
5089.690361 5.281385
5090.102498 4.259371
5090.514635 5.117310
5090.926772 9.188023
5091.338909 11.904857
5091.751046 12.797369
5092.163183 13.324456
5092.575320 12.607776
5092.987457 12.574011
5093.399594 12.483197
5093.811731 11.892767
5094.223868 12.476427
5094.636005 12.532053
5095.048142 12.787733
5095.460279 12.350504
5095.872416 12.245479
5096.284553 11.957023
5096.696690 11.815982
5097.108827 11.534657
5097.520964 11.344923
5097.933101 10.970217
5098.345238 11.686401
5098.757376 11.874409
5099.169513 11.237195
5099.581650 11.884737
5099.993787 11.000000
5100.405924 10.880026
5100.818061 11.034756
5101.230198 11.811808
5101.642335 14.932268
5102.054472 16.418811
5102.466609 14.131899
5102.878746 12.485553
5103.290883 11.741807
5103.703020 10.912611
5104.115157 10.234586
5104.527294 9.494525
5104.939431 11.030809
5105.351568 12.992684
5105.763705 13.893310
5106.175842 12.545338
5106.587979 11.887546
5107.000116 12.301790
5107.412253 12.589751
5107.824390 12.229561
5108.236527 12.651192
5108.648664 12.431817
5109.060801 12.197868
5109.472938 12.640644
5109.885075 11.750155
5110.297212 12.700754
5110.709349 12.779584
5111.121486 13.123807
5111.533623 13.306721
5111.945760 7.886303
5112.357897 4.606820
5112.770034 1.895072
5113.182171 0.806403
5113.594308 3.863555
5114.006445 5.157344
5114.418582 7.267469
5114.830719 8.548496
5115.242856 10.656195
5115.654993 11.680975
5116.067130 13.638776
5116.479267 13.123573
5116.891404 12.179489
5117.303541 11.138685
5117.715678 10.902997
5118.127815 10.693413
5118.539952 9.515982
5118.952089 10.806758
5119.364226 11.612340
5119.776363 13.032208
5120.188500 14.308305
5120.600637 18.182754
5121.012774 19.978417
5121.424911 13.966211
5121.837048 10.780752
5122.249185 11.225487
5122.661322 7.963675
5123.073459 11.543981
5123.485596 12.143205
5123.897733 12.739472
5124.309871 12.482823
5124.722008 13.018597
5125.134145 12.495436
5125.546282 12.401418
5125.958419 12.874168
5126.370556 14.306119
5126.782693 15.212815
5127.194830 13.863534
5127.606967 12.053849
5128.019104 10.653832
5128.431241 11.098644
5128.843378 8.988824
5129.255515 9.248523
5129.667652 10.988837
5130.079789 11.469495
5130.491926 11.999695
5130.904063 11.838365
5131.316200 9.510577
5131.728337 8.193676
5132.140474 3.672937
5132.552611 1.014679
5132.964748 2.078283
5133.376885 7.012050
5133.789022 9.307261
5134.201159 10.685320
5134.613296 11.750431
5135.025433 13.571959
5135.437570 12.739083
5135.849707 11.214175
5136.261844 11.368035
5136.673981 12.735822
5137.086118 11.751683
5137.498255 11.838577
5137.910392 12.206888
5138.322529 12.314446
5138.734666 14.873820
5139.146803 13.958656
5139.558940 13.050962
5139.971077 12.429157
5140.383214 12.162186
5140.795351 13.689711
5141.207488 15.229835
5141.619625 13.700280
5142.031762 16.055559
5142.443899 13.583978
5142.856036 12.063194
5143.268173 10.403414
5143.680310 10.978643
5144.092447 10.500962
5144.504584 12.239968
5144.916721 12.680819
5145.328858 13.586942
5145.740995 13.742825
5146.153132 13.251477
5146.565269 13.520457
5146.977406 13.376877
5147.389543 12.978754
5147.801680 12.197451
5148.213817 11.828525
5148.625954 12.191006
5149.038091 12.023260
5149.450229 13.052186
5149.862366 14.254688
5150.274503 13.437178
5150.686640 14.157466
5151.098777 13.050135
5151.510914 13.983656
5151.923051 13.897746
5152.335188 13.231280
5152.747325 12.617992
5153.159462 13.711910
5153.571599 13.104253
5153.983736 13.373997
5154.395873 13.386859
5154.808010 14.311743
5155.220147 15.137324
5155.632284 13.700924
5156.044421 12.324421
5156.456558 12.993872
5156.868695 14.428844
5157.280832 14.257730
5157.692969 14.095869
5158.105106 14.394527
5158.517243 13.175952
5158.929380 13.437914
5159.341517 14.038567
5159.753654 14.255891
5160.165791 13.701214
5160.577928 13.935912
5160.990065 14.206682
5161.402202 12.608151
5161.814339 12.617928
5162.226476 11.892618
5162.638613 12.697896
5163.050750 13.064092
5163.462887 13.481527
5163.875024 13.089970
5164.287161 12.824902
5164.699298 12.727135
5165.111435 12.989932
5165.523572 11.935319
5165.935709 14.093797
5166.347846 13.455253
5166.759983 12.331503
5167.172120 10.292305
5167.584257 12.632982
5167.996394 14.706887
5168.408531 12.851834
5168.820668 15.366066
5169.232805 21.185221
5169.644942 12.692371
5170.057079 7.140485
5170.469216 -8.194016
5170.881353 -4.697711
5171.293490 -0.607968
5171.705627 5.602129
5172.117764 7.395988
5172.529901 7.331704
5172.942038 15.083736
5173.354175 16.187219
5173.766312 18.980562
5174.178449 18.598908
5174.590586 16.400935
5175.002724 11.319951
5175.414861 8.908148
5175.826998 9.050816
5176.239135 10.704243
5176.651272 8.645393
5177.063409 11.852018
5177.475546 14.159729
5177.887683 14.957290
5178.299820 14.569630
5178.711957 13.245910
5179.124094 13.242075
5179.536231 12.386364
5179.948368 12.631631
5180.360505 11.497580
5180.772642 12.779605
5181.184779 14.716847
5181.596916 17.064358
5182.009053 16.903382
5182.421190 14.999332
5182.833327 13.761763
5183.245464 12.023713
5183.657601 10.622379
5184.069738 11.186437
5184.481875 10.888714
5184.894012 12.430041
5185.306149 12.353751
5185.718286 13.761126
5186.130423 14.520938
5186.542560 13.470435
5186.954697 13.564021
5187.366834 11.683197
